id,status,confidence,name_sim,distance_m,old_name,google_name,name_updated,old_address,new_address,coords_fixed,reason
1218,no_match,0.2,0.500,557,קפה אופרה,Opera Cafe,no,"קנאים 27, קניון ערד, Israel",,no,dist=557m name=0.50 no-match
1219,verified,0.88,1.000,91,הלב הרחב,הלב הרחב,yes,"חיל ההנדסה 6, אילת, Israel","Heil HaHandasa St 6, Eilat, Israel",yes,dist=91m name=1.00 near+name
1220,flagged,0.7,1.000,422,MOOD,מסעדת מוד באילת | mood restaurant eilat,no,"הים 5, אילת, Israel",,no,dist=422m name=1.00 needs-review
1221,flagged,0.7,1.000,820,קפרזה,קפרזה,no,"דרך הדרום 20, קריית גת, Israel",,no,dist=820m name=1.00 needs-review
1222,verified,0.88,1.000,112,איטליקה,איטליקה אילת,yes,"קאמפן 8, אילת, Israel","Kampen St 6, Eilat, Israel",yes,dist=112m name=1.00 near+name
1223,verified,0.88,1.000,109,בום בר,עגלת קפה בום בר - מושב מבקיעים,yes,"מבקיעים, Israel","שדרת עצי הזית, Mavki'im, Israel",yes,dist=109m name=1.00 near+name
1224,flagged,0.7,0.250,153,השיפודיה של שופן,Shufan,no,"נורדאו מקס 5, באר שבע, Israel",,no,dist=153m name=0.25 needs-review
1225,flagged,0.7,1.000,624,טעם העמק,טעם העמק,no,"יפה נוף 5, אשקלון, Israel",,no,dist=624m name=1.00 needs-review
1226,flagged,0.6,0.273,73,קפה גרג מתחם ביג אילת,Greg Coffee,no,"הסתת 20, ביג אילת, Israel",,no,dist=73m name=0.27 proximity-name-mismatch
1227,verified,0.88,0.833,104,ניסו הדייג,Nisso HaDayag,no,"בת גלים 3, אשקלון, Israel","מתחם המרינה, בת גלים 1, אשקלון, Israel",yes,dist=104m name=0.83 near+name
1228,no_match,0.2,0.600,1853,לורנס,Lawrence,no,"אילת, Israel",,no,dist=1853m name=0.60 no-match
1229,flagged,0.7,1.000,618,אושי אושי,אושי אושי דימונה,no,"דימונה, Israel",,no,dist=618m name=1.00 needs-review
1230,verified,0.95,0.583,28,בית החצ'אפורי באר שבע,בית החצ'פורי,no,"החלוץ 53, באר שבע, Israel","He-Khaluts St 53, Be'er Sheva, 8421431, Israel",yes,dist=28m name=0.58 close-proximity
1231,flagged,0.7,1.000,269,"ג'אספר 08 JASPER, ישרוטל אגמים",ג'אספר 08 - Jasper 08,no,"קאמפן 7, אילת, Israel",,no,dist=269m name=1.00 needs-review
1232,flagged,0.7,0.750,530,באביס',BABBI'S,no,"הבנאים 3, אשדוד, Israel",,no,dist=530m name=0.75 needs-review
1234,no_match,0.2,0.182,343,ביגה במרכז פריז,Biga Bakery,no,"בעלי המלאכה 203, נתיבות, Israel",,no,dist=343m name=0.18 no-match
1235,flagged,0.7,0.286,88,ללוש בראסרי באר שבע,Cafe La Lush,no,"חיטה 1, באר שבע, Israel",,no,dist=88m name=0.29 needs-review
1236,verified,0.88,1.000,184,ריבר אשקלון,ריבר אשקלון - River,yes,"רחבעם זאבי 4, אשקלון, Israel","Rehavam Ze'evi St 4, Ashkelon, Israel",yes,dist=184m name=1.00 near+name
1237,verified,0.88,0.667,102,HAVAS,מסעדת חבס,no,"יוסף טרומפלדור 73, באר שבע, Israel","Trumpeldor Joseph St 73, Be'er Sheva, Israel",yes,dist=102m name=0.67 near+name
1238,no_match,0.2,1.000,1872,בית הפול והשווארמה נווה זאב,"בית הפול והשווארמה - נווה זאב באר שבע | ב""ש | חומוס | פלאפל | סביח | שניצל | שווארמה | משלוחים",no,"שד' יוהנה ז'בוטינסקי 11, באר שבע, Israel",,no,dist=1872m name=1.00 no-match
1239,no_match,0.2,0.667,1286,פוטטוס פיצה,Potatoes Pizza,no,"קניון מלכת שבא, אילת, Israel",,no,dist=1286m name=0.67 no-match
1240,no_match,0.2,1.000,2571,שלומי שיפודין,שלומי שיפודין,no,"באר שבע, Israel",,no,dist=2571m name=1.00 no-match
1241,flagged,0.6,0.040,13,קיצ'ן ביי גרג אייסמול אילת,Cafe Cafe,no,"קאמפן 8, אילת, Israel",,no,dist=13m name=0.04 proximity-name-mismatch
1242,no_match,0.2,1.000,1461,ויצמן,מסעדת ויצמן אשדוד,no,"הבנאים 9, נמל אשדוד, Israel",,no,dist=1461m name=1.00 no-match
1243,flagged,0.4,0.400,277,קריולו,Criollo,no,"קק""ל 26, באר שבע, Israel",,no,dist=277m name=0.40 business=CLOSED_PERMANENTLY (non-operational)
1244,verified,0.95,0.429,63,פינצ'יטו,Pinchito Eilat,no,"הסתת 7, אילת, Israel","Ha-Satat St 7, Eilat, 88000, Israel",yes,dist=63m name=0.43 close-proximity
1245,no_match,0.2,0.125,1052,בורגראנץ',רשת 8 Eight,no,"נתיבות, Israel",,no,dist=1052m name=0.13 no-match
1246,no_match,0.2,1.000,1759,פיצה שמש נווה זאב,פיצה שמש נווה זאב,no,"שד' יוהנה ז'בוטינסקי 24, באר שבע, Israel",,no,dist=1759m name=1.00 no-match
1247,verified,0.95,0.909,48,מאפיית אורן,מאפיות אורן Cafe,yes,"מרכז אורן 50, באר שבע, Israel","Yitzhack I. Rager Blvd 185, Be'er Sheva, Israel",yes,dist=48m name=0.91 close-proximity
1248,verified,0.88,1.000,138,בראנצ'וס,בראנצ'וס אשדוד,yes,"ז'בוטינסקי 43, סטאר סנטר, אשדוד, Israel","מתחם סטאר סנטר, ז'בוטינסקי 43, אשדוד, Israel",yes,dist=138m name=1.00 near+name
1249,no_match,0.2,1.000,4611,נאפיס,נאפיס - אשדוד ביג פאשן,no,"הבנאים 2, נמל אשדוד, Israel",,no,dist=4611m name=1.00 no-match
1250,flagged,0.7,1.000,574,פיתה בסטה אשדוד,פיתה בסטה - סניף אשדוד,no,"הבנאים 1, נמל אשדוד, Israel",,no,dist=574m name=1.00 needs-review
1251,no_match,0.2,1.000,2840,סטקיית עמרם ליברטי באר שבע,סטקיית עמרם,no,"באר שבע, Israel",,no,dist=2840m name=1.00 no-match
1252,flagged,0.7,1.000,475,רשת עגול שדרות,רשת עגול סניף שדרות,no,"ככר הנשיא 10, שדרות, Israel",,no,dist=475m name=1.00 needs-review
1253,no_match,0.2,0.125,35728,פאב שדרות,רסק,no,"ככר הנשיא 4, שדרות, Israel",,no,dist=35728m name=0.13 no-match
1254,flagged,0.4,1.000,4680,ביגה,ביגה אשקלון,no,"שד' חיים בר לב, אשקלון, Israel",,no,dist=4680m name=1.00 business=CLOSED_PERMANENTLY (non-operational)
1255,no_match,0.2,1.000,1423,עידן הפיצה,עידן הפיצה אשדוד,no,"שד' הפרחים 20, אשדוד, Israel",,no,dist=1423m name=1.00 no-match
1256,flagged,0.7,0.238,120,על הפלאנצה,אלי אלמוזנינו בוטיק שיער - EA Eli Almoznino,no,"העצמאות 56, אשדוד, Israel",,no,dist=120m name=0.24 needs-review
1257,no_match,0.2,0.500,607,באבי שווארמה,שווארמה ראש העיר,no,"צה""ל 2, אשקלון, Israel",,no,dist=607m name=0.50 no-match
1258,no_match,0.2,0.200,4574,פיצה פפלינו,Farino Pizza,no,"שדרות תל חי 63, אשדוד, Israel",,no,dist=4574m name=0.20 no-match
1259,verified,0.95,1.000,32,פיצה קרמלין Kremlin,פיצה קרמלין,yes,"תש""ח 9, אשדוד, Israel","Tashah St 9, Ashdod, Israel",yes,dist=32m name=1.00 close-proximity
1260,no_match,0.2,0.100,1015,מאפיות אנג'ל,Angel Bakery Factory Store,no,"אברהם רוזנמן 6, נתיבות, Israel",,no,dist=1015m name=0.10 no-match
1261,flagged,0.7,1.000,630,פיצה פלוס פיצה,פיצה פלוס פיצה,no,"שד' גת 46, קריית גת, Israel",,no,dist=630m name=1.00 needs-review
1262,no_match,0.2,0.429,1544,הקייטרינג של אורטל,קייטרינג שף חלבי באשקלון,no,"שיבת ציון, אשקלון, Israel",,no,dist=1544m name=0.43 no-match
1263,no_match,0.2,0.200,3091,סושי צליל טעים,Tzalil Taim Sushi,no,"קטינקא ברוך 2, באר שבע, Israel",,no,dist=3091m name=0.20 no-match
1264,verified,0.95,0.615,47,שווארמה סבן,מרכז השווארמה דימונה,no,"פרץ סנטר, פרץ סנטר דימונה, Israel","Peretz Center Mall, Dimona, Israel",yes,dist=47m name=0.62 close-proximity
1265,flagged,0.4,1.000,32,‎מאיליס פאשן קייקס Maili's Fashion Cakes,Maili's - Fashion Cakes,no,"הנמל 9, אשקלון, Israel",,no,dist=32m name=1.00 business=CLOSED_PERMANENTLY (non-operational)
1266,flagged,0.7,0.000,146,קונופיצה,קניון RED,no,"קאמן 12, מרכז מסחרי רד, אילת, Israel",,no,dist=146m name=0.00 needs-review
1267,no_match,0.2,0.167,2585,פיצה הממלכה,mishlohim pizza,no,"המלאכה 5, דימונה, Israel",,no,dist=2585m name=0.17 no-match
1268,no_match,0.2,0.100,339,שיפקה,Maccabi Health Services - Negev Medical Center,no,"התקווה 4, קניון קרית הממשלה, באר שבע, Israel",,no,dist=339m name=0.10 no-match
1269,verified,0.88,1.000,124,שניצליה,"שניצליה, באר שבע",yes,"דרך מצדה 17, באר שבע, Israel","Derech Metsada 17, Beersheba, Israel",yes,dist=124m name=1.00 near+name
1270,verified,0.88,0.500,148,פיצה מרציאנו,Pizza Marciano,no,"וינגייט 32, באר שבע, Israel","Wingate St 15, Be'er Sheva, Israel",yes,dist=148m name=0.50 near+name
1271,verified,0.88,1.000,137,קונדיטורית ללוש,קונדיטוריית ללוש,yes,"בארי, Israel","Be'eri, 8513500, Israel",yes,dist=137m name=1.00 near+name
1272,flagged,0.7,1.000,261,הפינה התאילנדית,Thai Corner הפינה התאילנדית,no,"גן בנימין 8, אילת, Israel",,no,dist=261m name=1.00 needs-review
1273,no_match,0.2,0.429,897,למון גראס,Omer's,no,"הנגר 3, אילת, Israel",,no,dist=897m name=0.43 no-match
1274,flagged,0.4,1.000,208,פיצה דון פדרו,פיצה דון פדרו אשדוד pizza don pedro,no,"שבט לוי 14, אשדוד, Israel",,no,dist=208m name=1.00 business=CLOSED_PERMANENTLY (non-operational)
1275,no_match,0.2,0.125,283,פיצה המשולש,פיצה סוגיס - pizza sugis,no,"בורנשטיין 801, ירוחם, Israel",,no,dist=283m name=0.13 no-match
1276,no_match,0.2,0.500,942,פיצה אשקלון,Pizza Stori Ashkelon,no,"אלי כהן 21, אשקלון, Israel",,no,dist=942m name=0.50 no-match
1277,flagged,0.7,1.000,483,המקסיקני,המקסיקני,no,"דרך הדרום 9, קריית גת, Israel",,no,dist=483m name=1.00 needs-review
1278,no_match,0.2,0.077,1026,Fresh & tasty burgers,מאפיית בוטיק השלום,no,"אלי כהן 40, אשקלון, Israel",,no,dist=1026m name=0.08 no-match
1279,no_match,0.2,0.667,2445,בורגרס בר,Burger Bar,no,"קק""ל 44, באר שבע, Israel",,no,dist=2445m name=0.67 no-match
1280,verified,0.95,0.714,69,המיטבח הטוניסאי של אליזבט,המטבח הטוניסאי,no,"קק""ל 29, באר שבע, Israel","Kakal St 29, Be'er Sheva, Israel",yes,dist=69m name=0.71 close-proximity
1281,no_match,0.2,0.000,356,בונבון בעיר,City Center Mall,no,"שד' העצמאות 49, קריית גת, Israel",,no,dist=356m name=0.00 no-match
1282,flagged,0.7,1.000,603,פיצה דליה,לה פיאצ'ה (פיצה דליה),no,"דימונה, Israel",,no,dist=603m name=1.00 needs-review
1283,flagged,0.4,1.000,14,המטעמים של סילביה,המטעמים של סילביה,no,"ברית ערים 25, שדרות, Israel",,no,dist=14m name=1.00 business=CLOSED_PERMANENTLY (non-operational)
1285,flagged,0.7,1.000,600,אזור גריל בר,אזור גריל-בר,no,"הרצל 102, באר שבע, Israel",,no,dist=600m name=1.00 needs-review
1286,no_match,0.2,0.500,408,בורקס בבא,הטורקי אילת | אוכל מהיר באילת | בורקס באילת | פסטה באילת | פיצה באילת,no,"דרך יותם 6, אילת, Israel",,no,dist=408m name=0.50 no-match
1287,no_match,0.2,0.222,710,רייצ'ל,KSP Eilat - Tourist Center,no,"דרך יותם 2, אילת, Israel",,no,dist=710m name=0.22 no-match
1288,verified,0.95,0.455,45,אנטריקוט אקספרס,Antrikot,no,"קאמפן 8, אילת, Israel","קניון אייס מול, Kampen 8, Eilat, Israel",yes,dist=45m name=0.45 close-proximity
1289,flagged,0.4,1.000,558,טראפל'ס,טראפל'ס,no,"דרך השלום 907, דימונה, Israel",,no,dist=558m name=1.00 business=CLOSED_PERMANENTLY (non-operational)
1290,no_match,0.2,0.333,3974,קפה עלית-אספרסו בר,Elite Coffee Station in Ashkelon,no,"פאואר סנטר סילבר, אשקלון, Israel",,no,dist=3974m name=0.33 no-match
1291,no_match,0.2,0.750,1800,מקדונלד'ס,McDonald's,no,"שד' בן גוריון 21, קניון גירון, אשקלון, Israel",,no,dist=1800m name=0.75 no-match
1292,flagged,0.7,0.250,239,קאריבו,Sheba Mall,no,"אנטיב 8, קניון מלכת שבא, אילת, Israel",,no,dist=239m name=0.25 needs-review
1293,no_match,0.2,0.154,972,Coffeat,Black Gold Coffee Boutique Ashdod,no,"אדר 4, אשדוד, Israel",,no,dist=972m name=0.15 no-match
1294,verified,0.88,1.000,164,המאפה של רונה,המאפה של רונה בע''מ,yes,"הרצל 32, אשקלון, Israel","Herzl St 32, Ashkelon, Israel",yes,dist=164m name=1.00 near+name
1295,verified,0.88,1.000,210,ריבס הכשרה,ריבס הכשרה,yes,"אורט 1, נמל אשדוד, Israel","Ort St 1, Ashdod, Israel",yes,dist=210m name=1.00 near+name
1296,no_match,0.2,0.167,287,המזנון של מושון,Rami Levy,no,"המתכנן 1, אשקלון, Israel",,no,dist=287m name=0.17 no-match
1297,flagged,0.6,0.167,35,ג'אדי,מוסך א.ישראל,no,"הנגר 1, אילת, Israel",,no,dist=35m name=0.17 proximity-name-mismatch
1298,no_match,0.2,0.300,2418,בול סנדוויץ' בר,sandwich bar,no,"שד' משה סנה, אשדוד, Israel",,no,dist=2418m name=0.30 no-match
1299,no_match,0.2,0.333,2574,פרלה אשדוד,PERLA,no,"שד' משה סנה, אשדוד, Israel",,no,dist=2574m name=0.33 no-match
1300,flagged,0.4,1.000,254,פיצה לוצה,פיצה לוצה,no,"נווה, Israel",,no,dist=254m name=1.00 business=CLOSED_PERMANENTLY (non-operational)
1301,no_match,0.2,0.143,1358,הסוד,דואר ישראל,no,"שדרות תמר 1, להבים, Israel",,no,dist=1358m name=0.14 no-match
1302,verified,0.95,1.000,57,גן עדן,מסעדת גן עדן,yes,"קהילת מילנו 55, שדרות, Israel","Kehilat Milano St, Sderot, Israel",yes,dist=57m name=1.00 close-proximity
1303,flagged,0.4,1.000,135,גרין פלאפל,גרין פלאפל,no,"נחל לכיש 21, אשדוד, Israel",,no,dist=135m name=1.00 business=CLOSED_PERMANENTLY (non-operational)
1304,verified,0.88,0.500,116,פיצה פרגו,Pizza Fargo,no,"אנפה 1, אילת, Israel","מרכז מור, Anafa 1, Eilat, Israel",yes,dist=116m name=0.50 near+name
1306,flagged,0.4,1.000,1864,דיינר 24,דיינר 24 - Diner 24,no,"דימונה, Israel",,no,dist=1864m name=1.00 business=CLOSED_PERMANENTLY (non-operational)
1307,verified,0.95,1.000,61,בית הפול והשווארמה דימונה,בית הפול והשווארמה - דימונה תחנה מרכזית | חומוס | פלאפל | סביח | שניצל | שווארמה | משלוחים,yes,"שד' הרצל, דימונה, Israel","Sderot Golda Me'ir, Dimona, Israel",yes,dist=61m name=1.00 close-proximity
1308,no_match,0.2,0.455,291,הסושיה,אושי אושי באר שבע,no,"שד' יצחק רגר 2, קניון הנגב, Israel",,no,dist=291m name=0.45 no-match
1309,flagged,0.7,1.000,1119,בורגרים,"בורגרים קרית גת, כשר בשר חלק",no,"שד' משה 25, קריית גת, Israel",,no,dist=1119m name=1.00 needs-review
1310,verified,0.95,1.000,48,פיצה האט,Pizza Hut,no,"אלי כהן 21, אשקלון, Israel","Eli Cohen St 21, Ashkelon, Israel",yes,dist=48m name=1.00 close-proximity
1311,flagged,0.7,1.000,316,חן הלחם,חן הלחם. אשדוד,no,"העבודה 18, נמל אשדוד, Israel",,no,dist=316m name=1.00 needs-review
1312,verified,0.95,1.000,4,פלאפל הגשר,פלאפל הגשר,yes,"שד' יעלים 32, באר שבע, Israel","Sderot Ye'elim 3, Beersheba, 8456316, Israel",yes,dist=4m name=1.00 close-proximity
1313,flagged,0.7,0.250,188,פיצה סופיה,Sofia Pizza,no,"אמציה, Israel",,no,dist=188m name=0.25 needs-review
1314,no_match,0.2,1.000,1289,ג'ט לק שדרות,ג'ט לק שדרות Jetlek,no,"דרך מנחם בגין 7, שדרות, Israel",,no,dist=1289m name=1.00 no-match
1315,no_match,0.2,0.176,1332,בית האוכל המוכן,מאמא אירועי בוטיק,no,"שד' ישראל פולק 51, קריית גת, Israel",,no,dist=1332m name=0.18 no-match
1316,flagged,0.4,1.000,328,פיצריית המושבה,פיצריית המושבה,no,"עוצם, Israel",,no,dist=328m name=1.00 business=CLOSED_PERMANENTLY (non-operational)
1317,flagged,0.7,1.000,751,כיכר הטעמים,כיכר הטעמים,no,"וינגייט 2, באר שבע, Israel",,no,dist=751m name=1.00 needs-review
1319,flagged,0.7,1.000,283,cofix,COFIX,no,"ככר פז 62, קריית גת, Israel",,no,dist=283m name=1.00 needs-review
1320,verified,0.95,1.000,66,המגש החם,המגש החם,yes,"יהושע ייבין 2, באר שבע, Israel","Yehoshua Yevin St 2, Be'er Sheva, Israel",yes,dist=66m name=1.00 close-proximity
1321,verified,0.88,0.600,165,הבורקס של פארוק,בורקס בבאלך,no,"אשקלון, Israel","Ha-Gvura St 1, Ashkelon, Israel",yes,dist=165m name=0.60 near+name
1322,no_match,0.2,0.143,1549,מנגה בר,Soroka Medical Center,no,"שד' יצחק רגר 85, מרכז רפואי אוניברסיטאי סורוקה, באר שבע, Israel",,no,dist=1549m name=0.14 no-match
1323,flagged,0.7,1.000,862,ארומה,ארומה Aroma,no,"שד' יצחק רגר, אוניברסיטת בן-גוריון בנגב, באר שבע, Israel",,no,dist=862m name=1.00 needs-review
1324,flagged,0.7,1.000,322,סומבררו,סומבררו,no,"בורנשטיין 801, ירוחם, Israel",,no,dist=322m name=1.00 needs-review
1325,no_match,0.2,0.500,1431,קייטרינג נאני,קייטרינג חלבי בבאר שבע - פריקאצ'ה,no,"אטד 73, באר שבע, Israel",,no,dist=1431m name=0.50 no-match
1326,verified,0.95,0.833,21,בורגרים,Burgerim,no,"בית אשל 21, באר שבע, Israel","Beit Eshel St 21, Be'er Sheva, Israel",yes,dist=21m name=0.83 close-proximity
1327,verified,0.95,0.429,50,המקסיקני,מקסיקני באשדוד,no,"הגדוד העברי 5, אשדוד, Israel","Ha-Gdud ha-Ivri St, Ashdod, Israel",yes,dist=50m name=0.43 close-proximity
1328,flagged,0.4,1.000,116,שיפודית השף קרית גת,שיפודית השף קרית גת,no,"היסמין 97, קריית גת, Israel",,no,dist=116m name=1.00 business=CLOSED_PERMANENTLY (non-operational)
1329,verified,0.88,0.500,181,אחלה אילת,Achla - Platinum Grill,no,"קאמן 1, אילת, Israel","קאמן 1 אילת IL 88000, Kamen 1, Eilat, Israel",yes,dist=181m name=0.50 near+name
1330,no_match,0.2,0.364,1522,קייטרינג ברמה אחרת,איווה קייטרינג - מכירת אוכל לשבתות וחגים,no,"הרב הרצוג 5, אשדוד, Israel",,no,dist=1522m name=0.36 no-match
1331,verified,0.88,1.000,156,פיצה דהרי,דהרי,yes,"רשב""י 15, אשדוד, Israel","Rashbi St 14, Ashdod, Israel",yes,dist=156m name=1.00 near+name
1332,flagged,0.7,1.000,877,ישראלי קריספי,ישראלי קריספי,no,"יוסף סמלו 1, נתיבות, Israel",,no,dist=877m name=1.00 needs-review
1333,no_match,0.2,0.200,971,PIERO BAR,Ha-Nasi 1 Pub,no,"הנשיא 3, אשקלון, Israel",,no,dist=971m name=0.20 no-match
1334,no_match,0.2,0.200,1807,meroll סושי ביתי,Loti-Roll,no,"פטיו 1167, אילת, Israel",,no,dist=1807m name=0.20 no-match
1335,no_match,0.2,1.000,1307,החצ'פורי,בית החצ'פורי,no,"מונטיפיורי 1, באר שבע, Israel",,no,dist=1307m name=1.00 no-match
1336,no_match,0.2,0.500,1134,דוקטור פלאפל,פלאפל בראשית,no,"גשר עד הלום 3, אשדוד, Israel",,no,dist=1134m name=0.50 no-match
1337,flagged,0.6,0.077,7,קפה קפה,Coffee Coffee,no,"בעלי המלאכה 203, צים סנטר נתיבות, Israel",,no,dist=7m name=0.08 proximity-name-mismatch
1338,flagged,0.4,1.000,17,פיצה טו גו,פיצה טו-גו,no,"אלי כהן 21, אשקלון, Israel",,no,dist=17m name=1.00 business=CLOSED_PERMANENTLY (non-operational)
1339,no_match,0.2,0.583,1395,מורן בוארון,שניצל בוארון,no,"אלי כהן 10, אשקלון, Israel",,no,dist=1395m name=0.58 no-match
1340,verified,0.88,0.667,179,פפה לאון רמות,פפה לאון באר שבע,no,"אוסקר שינדלר 21, באר שבע, Israel","Oskar Schindler St 21, Be'er Sheva, Israel",yes,dist=179m name=0.67 near+name
1341,flagged,0.6,0.154,25,הבריקס,רינגלבלום 13 בר מסעדה כשר באר שבע,no,"רינגלבלום 16, באר שבע, Israel",,no,dist=25m name=0.15 proximity-name-mismatch
1342,verified,0.95,0.667,20,אפטר פיצה בר,After Pizza Bar,no,"שלושת בני עין חרוד 85, באר שבע, Israel","Shloshet Bnei Ein Kharod St 76, Be'er Sheva, 84205, Israel",yes,dist=20m name=0.67 close-proximity
1343,flagged,0.4,1.000,2000,גלידה מרג'לטו,גלידה מרג'לטו Gelateria Margelato,no,"שד' יוהנה ז'בוטינסקי 13, באר שבע, Israel",,no,dist=2000m name=1.00 business=CLOSED_PERMANENTLY (non-operational)
1344,verified,0.95,0.333,42,מסעדת אבו,Abu Choo House,no,"בן יהודה 13, פרץ סנטר שדרות, Israel","Ben Yehuda St 13, Sderot, 80100, Israel",yes,dist=42m name=0.33 close-proximity
1345,flagged,0.7,0.417,182,קבב אמונה באר שבע,Kabab Emuna,no,"קק""ל 58, באר שבע, Israel",,no,dist=182m name=0.42 needs-review
1346,no_match,0.2,0.522,1221,קייטרינג אהרון,פרנקו קייטרינג ואירועים,no,"מגידו 5, אשקלון, Israel",,no,dist=1221m name=0.52 no-match
1347,flagged,0.7,1.000,477,YAKITORI,יאקיטורי סושי - Yakitori Sushi,no,"שד' מנחם בגין 28, שדרות, Israel",,no,dist=477m name=1.00 needs-review
1348,no_match,0.2,0.000,513,קפה לביא,Mall 7 shopping Center,no,"הע""ל 30, מול 7 MALL, באר שבע, Israel",,no,dist=513m name=0.00 no-match
1349,no_match,0.2,0.556,2048,Georgio restaurant italien,ג'ורג'יו קפה- מסעדה איטלקית,no,"אשקלון, Israel",,no,dist=2048m name=0.56 no-match
1350,flagged,0.4,0.500,453,ג'ויה סושי בר,ג'ויה קרית גת,no,"דרך הדרום 9, קריית גת, Israel",,no,dist=453m name=0.50 business=CLOSED_PERMANENTLY (non-operational)
1352,no_match,0.2,,,cofix,,no,"שד' יוהנה ז'בוטינסקי 9, באר שבע, Israel",,no,no-candidate
1353,no_match,0.2,0.111,296,pizza 2 face,Paco ve Nany | פקו ונני - Local Pizzeria,no,"נחל צייה 7, מרכז מסחרי מצפה רמון, Israel",,no,dist=296m name=0.11 no-match
1354,flagged,0.4,1.000,95,קנזס בורגר&סלט בהרכבה באר שבע,קנזס בורגר בר,no,"יצחק אבינו 5, באר שבע, Israel",,no,dist=95m name=1.00 business=CLOSED_PERMANENTLY (non-operational)
1355,flagged,0.6,0.176,61,שניצליין,ג'מס באר שבע JEM'S BEER FACTORY,no,"האנרגיה 77, באר שבע, Israel",,no,dist=61m name=0.18 proximity-name-mismatch
1356,no_match,0.2,1.000,1463,מאפה נאמן,מאפה נאמן אשדוד,no,"שד' מנחם בגין 1, מרכז צימר אשדוד, Israel",,no,dist=1463m name=1.00 no-match
1357,no_match,0.2,0.500,3009,פלאפל סופר,פלאפל בוארון נתיבות,no,"שד' ירושלים 134, נתיבות, Israel",,no,dist=3009m name=0.50 no-match
1358,no_match,0.2,0.750,1680,פיצה איטלינו,Pizza Italiano,no,"שד' דרום אפריקה 63, אשקלון, Israel",,no,dist=1680m name=0.75 no-match
1359,no_match,0.2,0.500,1584,פיצה פאנצ',Pizza Punch,no,"דרך השלום 52, באר שבע, Israel",,no,dist=1584m name=0.50 no-match
1360,verified,0.95,1.000,75,ברכת המזון,ברכת המזון,yes,"עין החתול 3, הקניון האדום, אילת, Israel","Ein he-Khatul St 3, Eilat, 88000, Israel",yes,dist=75m name=1.00 close-proximity
1361,flagged,0.7,1.000,435,פיצה במקום,פיצה במקום ערד,no,"חן 29, ערד, Israel",,no,dist=435m name=1.00 needs-review
1362,flagged,0.4,1.000,324,טוסט ביף,טוסט ביף,no,"דרך בן גוריון 1043, דימונה, Israel",,no,dist=324m name=1.00 business=CLOSED_PERMANENTLY (non-operational)
1363,flagged,0.7,0.364,135,שניצלוס,שניצל פקטורי רוגוזין אשדוד,no,"רוגוזין 11, אשדוד, Israel",,no,dist=135m name=0.36 needs-review
1364,no_match,0.2,1.000,3730,הריף,הריף,no,"שד' משה דיין 1, אשדוד, Israel",,no,dist=3730m name=1.00 no-match
1365,no_match,0.2,0.167,2108,אצה,Mall 7 shopping Center,no,"הע""ל 30, מול 7 MALL, באר שבע, Israel",,no,dist=2108m name=0.17 no-match
1366,flagged,0.4,1.000,1710,בונה פיצה,בונה פיצה,no,"מדרחוב הנביאים 1, אשדוד, Israel",,no,dist=1710m name=1.00 business=CLOSED_PERMANENTLY (non-operational)
1367,no_match,0.2,0.333,315,המקסיקני,The Mexican,no,"רותם 17, מרכז מסחרי עומר, Israel",,no,dist=315m name=0.33 no-match
1368,flagged,0.7,1.000,291,אושי אושי באר שבע,אושי אושי באר שבע,no,"שד' יצחק רגר 2, באר שבע, Israel",,no,dist=291m name=1.00 needs-review
1370,verified,0.95,0.333,15,אקספרס החבית,HaHavit,no,"נחל ציחור 10, מצפה רמון, Israel","Nakhal Tsikhor St 10, Mitzpe Ramon, Israel",yes,dist=15m name=0.33 close-proximity
1371,no_match,0.2,0.100,518,בורגרס בר,מיסטר B10 דימונה,no,"דימונה, Israel",,no,dist=518m name=0.10 no-match
1372,verified,0.88,0.889,92,שירי'ס בורגר,Shiri's Burger,no,"קק""ל 79, באר שבע, Israel","Kakal St 79, Be'er Sheva, Israel",yes,dist=92m name=0.89 near+name
1374,flagged,0.7,0.429,131,שוקולה,Rav Kat Eilat,no,"גן בנימין 12, אילת, Israel",,no,dist=131m name=0.43 needs-review
1375,flagged,0.7,0.143,204,נפגשים בסיבוב,יאקיטורי סושי - Yakitori Sushi,no,"בן יהודה 9, שדרות, Israel",,no,dist=204m name=0.14 needs-review
1376,no_match,0.2,0.444,388,פלאפל'ס,פלאפל דימונה,no,"מ""ד המעפילים 11, דימונה, Israel",,no,dist=388m name=0.44 no-match
1377,no_match,0.2,0.333,462,פיצה פלוס,פיצה פאי - באר שבע,no,"דוד המלך 14, באר שבע, Israel",,no,dist=462m name=0.33 no-match
1378,flagged,0.4,0.875,405,המבורגיניס,Hamboorginis,no,"שד' התמרים 56, אילת, Israel",,no,dist=405m name=0.88 business=CLOSED_PERMANENTLY (non-operational)
1379,flagged,0.7,1.000,398,אצל איתן,אצל איתן,no,"שדרות, Israel",,no,dist=398m name=1.00 needs-review
1380,verified,0.88,0.625,145,חומוס אליהו,Hummus Eliyahu,no,"שד' צורן, קריית גת, Israel","פינת, שדרות צורן, קרית גת, Israel",yes,dist=145m name=0.63 near+name
1381,flagged,0.7,0.667,848,קייטרינג טאשי גאורגיה,קייטרינג בשרי כשר טאשי גרוזיני בטעם הבית,no,"אלי כהן 19, אשקלון, Israel",,no,dist=848m name=0.67 needs-review
1382,flagged,0.4,0.556,30323,בר בארי אנטריקוט בר,BarBari Entrecote Bar,no,"שד' ירושלים 2, באר שבע, Israel",,no,dist=30323m name=0.56 business=CLOSED_PERMANENTLY (non-operational)
1383,flagged,0.4,1.000,13874,פיצה מטר,פיצה מטר אשקלון,no,"אקסודוס 6, אשקלון, Israel",,no,dist=13874m name=1.00 business=CLOSED_PERMANENTLY (non-operational)
1384,flagged,0.7,1.000,447,מנהטן טוסט נקניק,מנהטן - טוסט נקניק,no,"שד' לכיש 16, קריית גת, Israel",,no,dist=447m name=1.00 needs-review
1385,no_match,0.2,0.500,1732,סאן סושי ונודלס,San Sushi Ashdod,no,"שד' מנחם בגין, אשדוד, Israel",,no,dist=1732m name=0.50 no-match
1386,flagged,0.6,0.000,5,בית מאפה הגשר,Bridge bakery,no,"שד' יעלים 32, באר שבע, Israel",,no,dist=5m name=0.00 proximity-name-mismatch
1387,no_match,0.2,0.429,28392,"הסנדק (רמב""ם), באר שבע",Sombrero Be'er sheva,no,"שד' ירושלים 2, באר שבע, Israel",,no,dist=28392m name=0.43 no-match
1388,verified,0.95,0.800,4,טירמיסו,Tiramisu,no,"שדרות הים התיכון 1, אשדוד, Israel","HaYam HaTichon Blvd 1, Ashdod, Israel",yes,dist=4m name=0.80 close-proximity
1390,flagged,0.6,0.000,60,cofix,קופיקס סיטי אשדוד,no,"העצמאות 93, אשדוד, Israel",,no,dist=60m name=0.00 proximity-name-mismatch
1391,no_match,0.2,0.200,2076,פלאפל שווארמה הכרם,HaKerem Falafel,no,"הע""ל 30, מול 7 MALL, באר שבע, Israel",,no,dist=2076m name=0.20 no-match
1392,flagged,0.7,0.750,547,מקדונלד'ס,McDonald's,no,"בית קמה, Israel",,no,dist=547m name=0.75 needs-review
1393,no_match,0.2,0.241,17446,בי טי המבורגרים,בורגר סטיישן אשקלון BURGER STATION ASHKELON,no,"שד' בן גוריון 21, קניון גירון, אשקלון, Israel",,no,dist=17446m name=0.24 no-match
1394,no_match,0.2,0.222,638,פלאפל באר שבע,סביב השעון,no,"המלך שאול 109, באר שבע, Israel",,no,dist=638m name=0.22 no-match
1395,no_match,0.2,0.500,486,הסנדביץ של השף שגב,הבאגט של שגב,no,"קריית גת, Israel",,no,dist=486m name=0.50 no-match
1396,no_match,0.2,0.143,1167,שמונה,Mizrahi Bank,no,"שד' ירושלים 12, אשדוד, Israel",,no,dist=1167m name=0.14 no-match
1397,no_match,0.2,0.143,1064,קופי נקסט,Sea Mall,no,"אבן עזרא 14, קניון לב אשדוד, Israel",,no,dist=1064m name=0.14 no-match
1398,no_match,0.2,0.000,882,סגה סושי,Manga,no,"שד' התמרים 12, קניון מול הים, אילת, Israel",,no,dist=882m name=0.00 no-match
1399,flagged,0.7,0.250,82,לונה,קניון אמות באר שבע,no,"חיל הנדסה 1, מרכז בי 7 באר שבע, Israel",,no,dist=82m name=0.25 needs-review
1400,no_match,0.2,1.000,15800,ארומה,Aroma Espresso Bar ארומה אספרסו בר,no,"שד' בן גוריון 21, קניון גירון, אשקלון, Israel",,no,dist=15800m name=1.00 no-match
1401,verified,0.88,1.000,247,פלאפל הישועה,פלאפל הישועה,yes,"שד' לכיש 6, קריית גת, Israel","Mish'ol Paz 101, Kiryat Gat, Israel",yes,dist=247m name=1.00 near+name
1402,flagged,0.7,0.214,101,ביג בראשית שווארמה,Shawarma Bereshit,no,"הבנים 3, אשדוד, Israel",,no,dist=101m name=0.21 needs-review
1403,flagged,0.4,1.000,342,Pizz stop עומר,Pizz Stop,no,"רותם 17, מרכז מסחרי עומר, Israel",,no,dist=342m name=1.00 business=CLOSED_PERMANENTLY (non-operational)
1404,flagged,0.4,1.000,113,Kings pizza,Kings Pizza,no,"חיים לנדאו 4, באר שבע, Israel",,no,dist=113m name=1.00 business=CLOSED_PERMANENTLY (non-operational)
1405,flagged,0.7,0.778,550,לחם ברויטמן,Lechem Broitman Bakery,no,"האלמוגים 17, אילת, Israel",,no,dist=550m name=0.78 needs-review
1407,no_match,0.2,0.429,3261,בזיליקום,Basilika - Italian Restaurant,no,"צה""ל 6, אשקלון, Israel",,no,dist=3261m name=0.43 no-match
1408,verified,0.88,1.000,91,אללתה מטבח אתיופי אותנטי,אללתה - מטבח אתיופי אותנטי,yes,"הרצל 33, אשקלון, Israel","Herzl St 33, Ashkelon, 7860132, Israel",yes,dist=91m name=1.00 near+name
1409,verified,0.88,1.000,92,קפה גרג,קפה גרג,yes,"בעלי המלאכה 5, צים סנטר נתיבות, Israel","Ba'alei ha-Melakha St 5, Netivot, Israel",yes,dist=92m name=1.00 near+name
1410,flagged,0.7,0.250,217,ברכת השובע,שווארמה ראש העיר,no,"העבודה 31, אשקלון, Israel",,no,dist=217m name=0.25 needs-review
1411,flagged,0.7,1.000,755,טובלה בעיר,טובל'ה בעיר,no,"שדרות, Israel",,no,dist=755m name=1.00 needs-review
1412,verified,0.88,0.500,113,פיצה גוטה,Gute Pizza,no,"ביאליק 26, באר שבע, Israel","מרכז חן, חיים נחמן ביאליק 26, באר שבע, Israel",yes,dist=113m name=0.50 near+name
1414,flagged,0.4,1.000,401,טוניס אורגינל,מסעדת טוניס אורגינל,no,"יוסף סמלו 78, נתיבות, Israel",,no,dist=401m name=1.00 business=CLOSED_PERMANENTLY (non-operational)
1415,no_match,0.2,0.556,1890,שניצל יוסף,Schnitzel Yosef,no,"בעלי מלאכה 11, נמל אשדוד, Israel",,no,dist=1890m name=0.56 no-match
1416,flagged,0.4,0.273,4680,הביגה,ביגה אשקלון,no,"אשקלון, Israel",,no,dist=4680m name=0.27 business=CLOSED_PERMANENTLY (non-operational)
1417,flagged,0.7,1.000,415,פיצה ביאנקה,ביאנקה - Bianca,no,"אלי כהן 34, אשקלון, Israel",,no,dist=415m name=1.00 needs-review
1418,verified,0.95,1.000,50,יהלי שירותי הסעדה,יהלי שירותי הסעדה,yes,"שאר ישוב 1, שדרות, Israel","She'ar Yashuv St 1, Sderot, Israel",yes,dist=50m name=1.00 close-proximity
1419,flagged,0.7,0.333,220,פיצה מון אמי,mishlohim pizza,no,"חרוב 26, דימונה, Israel",,no,dist=220m name=0.33 needs-review
1420,flagged,0.7,0.250,93,אלברטו,פבלה pavella,no,"מרטין בובר 1, אשדוד, Israel",,no,dist=93m name=0.25 needs-review
1421,no_match,0.2,0.238,536,r.m קייטרינג לאירועים,מאמא אירועי בוטיק,no,"קריית גת, Israel",,no,dist=536m name=0.24 no-match
1422,verified,0.88,1.000,139,פיצה של אפרים,הפיצה של אפרים,yes,"הנשיא 97, אשקלון, Israel","Ha-Nasi St 97, Ashkelon, Israel",yes,dist=139m name=1.00 near+name
1424,no_match,0.2,0.091,1810,רוסו פומדורו,Big Beer Sheva,no,"דרך אליהו נאוי 18, ביג באר שבע, Israel",,no,dist=1810m name=0.09 no-match
1425,flagged,0.6,0.200,20,אלפרדו,Razin Center,no,"אילות 31, אילת, Israel",,no,dist=20m name=0.20 proximity-name-mismatch
1426,no_match,0.2,1.000,19265,שיפודי האווז,שיפודי האווז,no,"פאואר סנטר סילבר, אשקלון, Israel",,no,dist=19265m name=1.00 no-match
1429,flagged,0.4,1.000,695,המרוקאית הקטנה,המרוקאית הקטנה,no,"שד' יגאל אלון 10, דימונה, Israel",,no,dist=695m name=1.00 business=CLOSED_PERMANENTLY (non-operational)
1430,verified,0.88,1.000,144,פיצה האט,פיצה האט - שדרות,yes,"דרך מנחם בגין, שדרות, Israel","מרכז מול 7, שדרות, Israel",yes,dist=144m name=1.00 near+name
1431,flagged,0.7,0.200,187,האיטלקיה הקטנה,The little Italian,no,"לואי פיקרד 2, באר שבע, Israel",,no,dist=187m name=0.20 needs-review
1432,flagged,0.7,1.000,1030,פיצה האיטלקיה,פיצה האיטלקיה אשקלון,no,"אלי כהן 40, אשקלון, Israel",,no,dist=1030m name=1.00 needs-review
1433,flagged,0.7,0.000,132,פיצה סופרר,פיצה כמעט חינם,no,"בן יהודה 5, שדרות, Israel",,no,dist=132m name=0.00 needs-review
1434,flagged,0.7,1.000,428,הפינה של אילן,הפינה של אילן נתיבות,no,"יוסף סמלו 201, נתיבות, Israel",,no,dist=428m name=1.00 needs-review
1435,no_match,0.2,0.000,1483,קפה קפה,קפה רות,no,"שד' התמרים, אילת, Israel",,no,dist=1483m name=0.00 no-match
1436,flagged,0.7,1.000,371,טריפוליטנה,טריפוליטנה,no,"החלוץ 120, באר שבע, Israel",,no,dist=371m name=1.00 needs-review
1437,flagged,0.7,1.000,298,פיצה מוצרלה,פיצה מוצרלה,no,"רחבעם זאבי 4, אשקלון, Israel",,no,dist=298m name=1.00 needs-review
1438,no_match,0.2,0.500,1485,New Deli ניו דלי אשדוד,ניודלי Newdeli,no,"שד' מנחם בגין 1, מרכז צימר אשדוד, Israel",,no,dist=1485m name=0.50 no-match
1439,verified,0.88,1.000,183,ג'אפן ג'אפן מצפה רמון,גאפן גאפן,yes,"שד' בן גוריון 2, מצפה רמון, Israel","מתחם אבן דרך, Sderot David Ben Gurion 2, Mitzpe Ramon, Israel",yes,dist=183m name=1.00 near+name
1440,no_match,0.2,0.455,17936,פלאפל משיח ניסים,הפלאפל של שרון,no,"שד' בן גוריון 25, אשקלון, Israel",,no,dist=17936m name=0.45 no-match
1441,no_match,0.2,0.000,453,פיצה העמק,easy pizza - איזי פיצה,no,"מורדי הגטאות 4, אשדוד, Israel",,no,dist=453m name=0.00 no-match
1442,no_match,0.2,0.571,634,אטמוספרה,Atmosphera,no,"ז'בוטינסקי 29, אשדוד, Israel",,no,dist=634m name=0.57 no-match
1443,no_match,0.2,0.200,294,א.ב שרותי מזון,מיני בית,no,"המלך שאול 28, באר שבע, Israel",,no,dist=294m name=0.20 no-match
1444,no_match,0.2,1.000,2126,קמפאי סטריט ווק,Kampai Street Wok - קמפאי סטריט ווק,no,"גור דב 13, אשדוד, Israel",,no,dist=2126m name=1.00 no-match
1445,no_match,0.2,0.250,1788,אצל קמילו,כולנו - Kulanu,no,"אשקלון, Israel",,no,dist=1788m name=0.25 no-match
1446,flagged,0.6,0.250,67,האומן 9,Haoman 9- Coffee Confectionery,no,"האומן 9, אילת, Israel",,no,dist=67m name=0.25 proximity-name-mismatch
1447,flagged,0.7,0.667,704,קפטן בורגר אילת,קפטן בורגר Captain Burger,no,"אילת, Israel",,no,dist=704m name=0.67 needs-review
1449,flagged,0.6,0.100,31,עץ הזית,Olive Tree Restaurant,no,"המנוף 9, באר שבע, Israel",,no,dist=31m name=0.10 proximity-name-mismatch
1450,no_match,0.2,0.429,311,בורגראנץ' אשקלון,Burgeranch,no,"דרך אליהו נאוי 12, ביג באר שבע, Israel",,no,dist=311m name=0.43 no-match
1451,flagged,0.7,0.667,597,מסעדת ללו,Lalo's restaurant,no,"חורב 259, אילת, Israel",,no,dist=597m name=0.67 needs-review
1452,verified,0.88,1.000,81,פושטק,פושטק,yes,"הרצל 5, אשקלון, Israel","בית פרנק, Hertsel 5, Ashkelon, Israel",yes,dist=81m name=1.00 near+name
1453,no_match,0.2,0.217,463,Black & White סנדוויץ' בר טורטייה,מקסיקו 70 - טורטיה ומקסיקני בשדרות,no,"ככר הנשיא 7, שדרות, Israel",,no,dist=463m name=0.22 no-match
1454,verified,0.88,1.000,211,ארומה,Aroma Espresso Bar ארומה אספרסו בר,yes,"ככר פז 3, קריית גת, Israel","שדרות לכיש קניון לב העיר, Kiryat Gat, 8201816, Israel",yes,dist=211m name=1.00 near+name
1455,flagged,0.4,0.667,1742,מסעדת ספרא,safra,no,"יוסף הבורסקאי 18, באר שבע, Israel",,no,dist=1742m name=0.67 business=CLOSED_PERMANENTLY (non-operational)
1456,no_match,0.2,0.500,1311,שיפודי אילת,שיפודי איצ'י - Shipudey Itchi,no,"קאמפן 8, אילת, Israel",,no,dist=1311m name=0.50 no-match
1458,verified,0.88,1.000,202,בית הסנדוויץ הטוניסאי,בית הסנדוויץ הטוניסאי,yes,"הזית 56, קריית גת, Israel","Ha-Zayit St 56, Kiryat Gat, Israel",yes,dist=202m name=1.00 near+name
1459,flagged,0.7,1.000,456,מטעמי רוימי,מטעמי רוימי,no,"ירוחם, Israel",,no,dist=456m name=1.00 needs-review
1460,flagged,0.6,0.200,49,גותה,שדרות,no,"הדגל 4, שדרות, Israel",,no,dist=49m name=0.20 proximity-name-mismatch
1461,flagged,0.4,1.000,82,תבשילי העמק,תבשילי העמק,no,"הפועלים 16, באר שבע, Israel",,no,dist=82m name=1.00 business=CLOSED_PERMANENTLY (non-operational)
1462,verified,0.88,1.000,208,המקום של ניב,המקום של ניב,yes,"ההסתדרות 40, קניון לב אשקלון, Israel","Ha-Histadrut St 40, Ashkelon, Israel",yes,dist=208m name=1.00 near+name
1463,verified,0.95,1.000,14,השיפוד והמנגל,השיפוד והמנגל אשדוד,yes,"חטיבת כרמלי 20, אשדוד, Israel","Hativat Carmeli St 3, Ashdod, Israel",yes,dist=14m name=1.00 close-proximity
1464,no_match,0.2,0.000,1657,גוונים בקפה,Shades Cafe,no,"נוה שלום 32, אשקלון, Israel",,no,dist=1657m name=0.00 no-match
1465,flagged,0.7,0.111,219,מקדונלד'ס,גבטו- קרית גת,no,"ככר פז 3, קריית גת, Israel",,no,dist=219m name=0.11 needs-review
1466,verified,0.95,1.000,28,Bar Bakery,בייקרי בר- Bakery Bar,yes,"אייר 6, אשקלון, Israel","Iyar St 6, Ashkelon, Israel",yes,dist=28m name=1.00 close-proximity
1467,flagged,0.7,1.000,344,המטבח המרוקאי אשדוד,המטבח,no,"הראשונים 3, אשדוד, Israel",,no,dist=344m name=1.00 needs-review
1468,flagged,0.6,0.000,53,קפה קפה,Cafe Greg,no,"דרך מנחם בגין, שדרות, Israel",,no,dist=53m name=0.00 proximity-name-mismatch
1469,no_match,0.2,1.000,3627,קייטרינג שף,הסכין והקרש-שף פרטי-עדי אליהו-קייטרינג- באר שבע,no,"באר שבע, Israel",,no,dist=3627m name=1.00 no-match
1470,no_match,0.2,0.700,3649,שניצל פלייס,Schnitzel Place,no,"אשדוד, Israel",,no,dist=3649m name=0.70 no-match
1471,verified,0.95,1.000,62,"מאפיית איכות חורי בע""מ","מאפיית איכות חורי בע""מ",yes,"הרצל 33, שדרות, Israel","מול בנק הפועלים, הרצל 33, שדרות, Israel",yes,dist=62m name=1.00 close-proximity
1472,no_match,0.2,0.647,2580,אולמי פרדייז,אולם בוטיק פרדייז,no,"שלזינגר 1, נמל אשדוד, Israel",,no,dist=2580m name=0.65 no-match
1473,no_match,0.2,1.000,2577,קיארה,קיארה לאונג׳ בר Kiara Lounge Bar,no,"קטינקא ברוך 2, באר שבע, Israel",,no,dist=2577m name=1.00 no-match
1474,flagged,0.4,1.000,704,מיטל,מיטל מטבח בריא,no,"ככר הנשיא 10, שדרות, Israel",,no,dist=704m name=1.00 business=CLOSED_PERMANENTLY (non-operational)
1475,no_match,0.2,0.500,696,פלאפל צנעני,פלאפל כרמי סטאר סנטר אשדוד,no,"ז'בוטינסקי 45, סטאר סנטר, אשדוד, Israel",,no,dist=696m name=0.50 no-match
1476,no_match,0.2,0.600,2768,שניצל סאן,השניצל של נדב,no,"רחבעם זאבי 4, אשקלון, Israel",,no,dist=2768m name=0.60 no-match
1477,verified,0.88,0.692,159,קריולו בוטיק,קריולו - מטבח איטלקי 🍝,no,"קק""ל 26, באר שבע, Israel","Kakal St 75, Be'er Sheva, Israel",yes,dist=159m name=0.69 near+name
1479,no_match,0.2,0.294,1234,הבורקס הטורקי האורגינל,Turkish Original Burekas,no,"הפועלים 5, דימונה, Israel",,no,dist=1234m name=0.29 no-match
1480,verified,0.95,0.800,52,רולדין,Roladin,no,"מח""ל 1, אשקלון, Israel","המח""ל 1, Ashkelon, Israel",yes,dist=52m name=0.80 close-proximity
1481,no_match,0.2,0.000,401,טוריקס,Yosef Samelo St 78,no,"יוסף סמלו 78, נתיבות, Israel",,no,dist=401m name=0.00 no-match
1482,flagged,0.4,1.000,803,צ'יף בורגר,צ'יף בורגר אילת - כשר למהדרין,no,"שד' יעלים 14, אילת, Israel",,no,dist=803m name=1.00 business=CLOSED_PERMANENTLY (non-operational)
1483,no_match,0.2,0.333,1124,מפגש השייח',בית הסביח,no,"שד' התמרים 133, אילת, Israel",,no,dist=1124m name=0.33 no-match
1485,flagged,0.4,0.182,1003,פינת הלב הרחב,Halev Ha'rahav Cornet,no,"המלך שאול 109, באר שבע, Israel",,no,dist=1003m name=0.18 business=CLOSED_PERMANENTLY (non-operational)
1486,flagged,0.7,1.000,871,אופוריה מסעדה חלבית,פיצה אופוריה,no,"שד' ירושלים 430, נתיבות, Israel",,no,dist=871m name=1.00 needs-review
1487,verified,0.88,0.600,197,שיפודים גריל ישראלי,שיפוד הזהב,no,"ככר צפניה 4, אשקלון, Israel","Sderot David Ben Gurion 25, Ashkelon, Israel",yes,dist=197m name=0.60 near+name
1488,no_match,0.2,0.333,990,Cofizz,Coffee Coffee,no,"נתיבות, Israel",,no,dist=990m name=0.33 no-match
1489,flagged,0.4,0.636,147,חזן מרכז השווארמה,Hazan shawarma Center,no,"הרצל 20, שדרות, Israel",,no,dist=147m name=0.64 business=CLOSED_PERMANENTLY (non-operational)
1490,flagged,0.7,1.000,456,רוניתא,קייטרינג רוניתא | קייטרינג בשרי וחלבי,no,"מדרשת בן גוריון, Israel",,no,dist=456m name=1.00 needs-review
1491,flagged,0.7,0.667,839,ביגה,Biga,no,"שד' דוד טוביהו 125, באר שבע, Israel",,no,dist=839m name=0.67 needs-review
1492,no_match,0.2,1.000,2766,המאפה הצרפתי,המאפה הצרפתי,no,"שד' ירושלים 29, נתיבות, Israel",,no,dist=2766m name=1.00 no-match
1493,flagged,0.7,1.000,349,צ'נה אילת,ביאנקה (מסעדה כשרה באילת - לשעבר צ'נה אילת),no,"קאמן 17, אילת, Israel",,no,dist=349m name=1.00 needs-review
1494,verified,0.95,1.000,59,השיפודיה,השיפודיה,yes,"אוסלו 6, שדרות, Israel","Oslo St 6, Sderot, Israel",yes,dist=59m name=1.00 close-proximity
1495,verified,0.95,1.000,52,ארומה,Aroma Espresso Bar ארומה אספרסו בר,yes,"פרץ סנטר 1, פרץ סנטר דימונה, Israel","קניון פרץ סנטר, דימונה, Israel",yes,dist=52m name=1.00 close-proximity
1496,flagged,0.7,1.000,821,טעמים,מסעדת טעמים,no,"המדע 35, נמל אשדוד, Israel",,no,dist=821m name=1.00 needs-review
1497,flagged,0.6,0.125,29,השניצליה,Peretz Center Mall,no,"פרץ סנטר, דימונה, Israel",,no,dist=29m name=0.13 proximity-name-mismatch
1498,no_match,0.2,0.500,348,סנדביץ בר,sandwich bar,no,"כנרת 5, אשדוד, Israel",,no,dist=348m name=0.50 no-match
1499,verified,0.88,1.000,202,סומבררו,סומבררו נתיבות,yes,"יוסף סמלו 42, נתיבות, Israel","Yosef Samelo St 42, Netivot, 8020000, Israel",yes,dist=202m name=1.00 near+name
1500,flagged,0.7,0.625,814,בורגראנץ',Burgeranch,no,"הנגרים 14, באר שבע, Israel",,no,dist=814m name=0.63 needs-review
1501,flagged,0.7,1.000,407,קאסה,קאסה - CASA - Lounge Bar & Restaurant,no,"המלאכה 26, דימונה, Israel",,no,dist=407m name=1.00 needs-review
1502,flagged,0.4,1.000,257,פיצה פצץ,פיצה פצץ קרית גת,no,"הזית 41, קריית גת, Israel",,no,dist=257m name=1.00 business=CLOSED_PERMANENTLY (non-operational)
1504,no_match,0.2,0.636,1897,הירושלמי,חומוס ירושלמי,no,"העמל 41, נמל אשדוד, Israel",,no,dist=1897m name=0.64 no-match
1505,flagged,0.4,1.000,573,שווארמת השמן,השמן,no,"ז'בוטינסקי 43, סטאר סנטר, אשדוד, Israel",,no,dist=573m name=1.00 business=CLOSED_PERMANENTLY (non-operational)
1506,no_match,0.2,0.167,1397,בורגר גריל בר,רקבב של תומר תומס אשקלון,no,"ביאליק 55, אשקלון, Israel",,no,dist=1397m name=0.17 no-match
1507,verified,0.88,1.000,116,פיצה בלה,פיצה בלה אשדוד,yes,"חיים משה שפירא 22, אשדוד, Israel","Haim Moshe Shapira St 22, Ashdod, Israel",yes,dist=116m name=1.00 near+name
1508,verified,0.88,1.000,250,פיצה חיון,פיצה חיון,yes,"בעלי המלאכה 17, צים סנטר נתיבות, Israel","Ba'alei ha-Melakha St 17, Netivot, Israel",yes,dist=250m name=1.00 near+name
1509,flagged,0.4,1.000,457,טאץ' בורגר,טאצ׳ בורגר,no,"יוסף סמלו 9, נתיבות, Israel",,no,dist=457m name=1.00 business=CLOSED_PERMANENTLY (non-operational)
1510,flagged,0.4,1.000,1790,פיצה פרגו,פרגו פיצה בבאר שבע,no,"אפרים 112, באר שבע, Israel",,no,dist=1790m name=1.00 business=CLOSED_TEMPORARILY (non-operational)
1511,no_match,0.2,0.286,713,יקוטה,גאטוס בחאן,no,"הרצל 5, אשקלון, Israel",,no,dist=713m name=0.29 no-match
1513,flagged,0.6,0.118,3,e talya,בית מרקחת תל חי (מאושר קנאביס),no,"שדרות תל חי 63, אשדוד, Israel",,no,dist=3m name=0.12 proximity-name-mismatch
1514,verified,0.95,1.000,33,פיצה המרכזית,פיצה המרכזית,yes,"יצחק בן צבי 4, קניון הנגב, Israel","תחנה מרכזית, Beersheba, Israel",yes,dist=33m name=1.00 close-proximity
1515,flagged,0.7,0.800,358,ביג אפל פיצה,Big Apple Pizza,no,"שד' התמרים 45, אילת, Israel",,no,dist=358m name=0.80 needs-review
1516,flagged,0.6,0.118,48,פינה קוזינה,קובה בר באר שבע KUBA,no,"התקווה 11, באר שבע, Israel",,no,dist=48m name=0.12 proximity-name-mismatch
1517,verified,0.95,0.500,68,אננייה מטבח אתיופי אותנטי,אנניה,no,"שפינוזה 7, אשקלון, Israel","Shpinoza St 7, Ashkelon, Israel",yes,dist=68m name=0.50 close-proximity
1518,no_match,0.2,1.000,90361,סול דאנס בר,Sol Dance Academy - סול דאנס אקדמי,no,"יוסף סמלו 303, נתיבות, Israel",,no,dist=90361m name=1.00 no-match
1519,flagged,0.4,0.600,274,השניצליה ערד,Hashnitzeliya,no,"שמיר 11, צים סנטר ערד, Israel",,no,dist=274m name=0.60 business=CLOSED_PERMANENTLY (non-operational)
1520,no_match,0.2,1.000,1862,קפה הילה,קפה הילה,no,"אשדוד, Israel",,no,dist=1862m name=1.00 no-match
1521,flagged,0.7,1.000,338,פיצה פומודורי,פיצה פומודורי,no,"כנרת 5, אשדוד, Israel",,no,dist=338m name=1.00 needs-review
1522,verified,0.88,0.667,154,שווארמה הפינה אקספרס נתיבות,הפינה של אילן נתיבות,no,"רבי עקיבא, נתיבות, Israel","Yosef Samelo St 201, Netivot, Israel",yes,dist=154m name=0.67 near+name
1523,flagged,0.4,1.000,165,סין צ'אן אשקלון,סין צ'אן אשקלון,no,"רחבעם זאבי 4, אשקלון, Israel",,no,dist=165m name=1.00 business=CLOSED_PERMANENTLY (non-operational)
1524,no_match,0.2,0.286,1272,דרך האוכל,"ד""ר שניצל - שדרות",no,"שדרות, Israel",,no,dist=1272m name=0.29 no-match
1525,flagged,0.7,1.000,988,דודא לפיצה,דודא לפיצה,no,"אלי כהן 42, אשקלון, Israel",,no,dist=988m name=1.00 needs-review
1526,verified,0.88,1.000,86,פיצה סמילנו,פיצה סמילנו,yes,"יהודה הלוי 36, אשקלון, Israel","Yehuda Halevi St 36, Ashkelon, Israel",yes,dist=86m name=1.00 near+name
1527,verified,0.88,1.000,123,טופ בורגר י,טופ בורגר,yes,"צה""ל 23, אשקלון, Israel","Tsahal St 23, Ashkelon, Israel",yes,dist=123m name=1.00 near+name
1528,no_match,0.2,0.182,1483,קונדיטורית הטעם,Dudu Outmezgine,no,"העמל 17, נמל אשדוד, Israel",,no,dist=1483m name=0.18 no-match
1529,verified,0.88,1.000,124,קונדיטוריית דובדבן,קונדיטוריית דובדבן,yes,"שד' הרצל 110, דימונה, Israel","Sderot Herzl 30, Dimona, Israel",yes,dist=124m name=1.00 near+name
1530,no_match,0.2,0.263,1519,לה שיפוד,שיפודאלי- חווית בשר יוקרתית,no,"מ""ד המעפילים 4, דימונה, Israel",,no,dist=1519m name=0.26 no-match
1531,verified,0.95,1.000,71,בית מאפה אללוף,בית מאפה אללוף חיים,yes,"בורנשטיין 96, ירוחם, Israel","Tsvi Bornstein St 96, Yeruham, Israel",yes,dist=71m name=1.00 close-proximity
1532,verified,0.95,1.000,59,פיצה פלא,פיצה פלא,yes,"אבן עזרא 23, אשדוד, Israel","Moshe Ibn Ezra St 23, Ashdod, 7762226, Israel",yes,dist=59m name=1.00 close-proximity
1533,no_match,0.2,1.000,1736,בי בי בי,BBB,no,"דרך הדרום 3, קריית גת, Israel",,no,dist=1736m name=1.00 no-match
1534,flagged,0.4,0.000,2868,cofix,קופיקס,no,"שד' ירושלים 17, נתיבות, Israel",,no,dist=2868m name=0.00 business=CLOSED_PERMANENTLY (non-operational)
1536,no_match,0.2,0.600,90235,LUIGI קפה סיגל,Coffee Sigal,no,"ביאליק 5, באר שבע, Israel",,no,dist=90235m name=0.60 no-match
1537,verified,0.88,1.000,250,מאפיית ארץ הצבי,מאפיית ארץ הצבי,yes,"בעלי המלאכה 17, צים סנטר נתיבות, Israel","Ba'alei ha-Melakha St 17, Netivot, Israel",yes,dist=250m name=1.00 near+name
1538,flagged,0.4,0.333,640,קפה קפה,קפה הנשיא,no,"הנשיא 82, אשקלון, Israel",,no,dist=640m name=0.33 business=CLOSED_PERMANENTLY (non-operational)
1539,no_match,0.2,0.000,84976,בנדורה,Eli Cohen St 1,no,"אלי כהן 1, צומת שוקת, Israel",,no,dist=84976m name=0.00 no-match
1540,verified,0.88,0.500,103,פיצה עגבניה,Pizza Agvania,no,"חיל הנדסה 1, מרכז בי 7 באר שבע, Israel","מתחם ביג, חיל ההנדסה 1, באר שבע, Israel",yes,dist=103m name=0.50 near+name
1541,no_match,0.2,0.200,653,אלדו,Azrieli Mall Hayam,no,"דרך פעמי השלום 17, אילת, Israel",,no,dist=653m name=0.20 no-match
1542,flagged,0.6,0.000,29,cofix,Peretz Center Mall,no,"פרץ סנטר דימונה, Israel",,no,dist=29m name=0.00 proximity-name-mismatch
1543,verified,0.88,1.000,96,בית מאפה חושן ברכת הכוהנים,בית מאפה חושן,yes,"דוד ניב 26, באר שבע, Israel","David Niv St 26, Be'er Sheva, Israel",yes,dist=96m name=1.00 near+name
1544,no_match,0.2,0.500,1033,טולום ביץ',Tulum Beach / חוף טולום (מסעדה בשרית כשר),no,"דרך פעמי השלום 10, אילת, Israel",,no,dist=1033m name=0.50 no-match
1545,no_match,0.2,0.500,803,פיצה ברכת השם,ברכת הים חנות דגים אשדוד,no,"בלפור 22, אשדוד, Israel",,no,dist=803m name=0.50 no-match
1546,no_match,0.2,0.000,255,מיקספורט,David Remez St 19,no,"רמז דוד 19, אשקלון, Israel",,no,dist=255m name=0.00 no-match
1547,verified,0.95,0.583,71,בוטיק הפיצה,"בוטיק הפיתה סניף רובע י""ג",no,"המלך דוד 20, אשדוד, Israel","David HaMelech St 20, Ashdod, Israel",yes,dist=71m name=0.58 close-proximity
1549,no_match,0.2,0.455,1529,שווארמה האחים,פלאפל ושווארמה הירוק השלום 48,no,"דרך השלום 48, באר שבע, Israel",,no,dist=1529m name=0.45 no-match
1550,no_match,0.2,0.538,679,אלוף הפלאפל והפול,הפלאפל של שרון,no,"הרצל 12, אשקלון, Israel",,no,dist=679m name=0.54 no-match
1551,flagged,0.4,1.000,1817,איזאקאיה,איזאקאיה,no,"הרצל 29, באר שבע, Israel",,no,dist=1817m name=1.00 business=CLOSED_PERMANENTLY (non-operational)
1552,verified,0.88,1.000,79,ניחוחות הטעם,קייטרינג ניחוחות הטעם,yes,"תלמי ביל""ו, Israel","Talmei Bilu, Israel",yes,dist=79m name=1.00 near+name
1553,flagged,0.7,1.000,528,שווראמה כחלון,שווארמה כחלון,no,"יוסף סמלו, נתיבות, Israel",,no,dist=528m name=1.00 needs-review
1554,flagged,0.7,0.444,147,התימני השווארמה והפלאפל,The Yemeni Shawarma and Tortilla,no,"גרשון שופמן 17, באר שבע, Israel",,no,dist=147m name=0.44 needs-review
1555,verified,0.95,1.000,24,בית העגל,מסעדת בית העגל בוואן פלזה ב״ש,yes,"שד' יצחק רגר 2, קניון הנגב, Israel","Yitshak Nafha St 25, Be'er Sheva, Israel",yes,dist=24m name=1.00 close-proximity
1556,flagged,0.7,0.000,146,פוקצ'ה,Fucaccia,no,"אנפה 1, אילת, Israel",,no,dist=146m name=0.00 needs-review
1557,no_match,0.2,1.000,1215,רוקפור,מסעדת רוקפור דימונה,no,"הפועלים 5, דימונה, Israel",,no,dist=1215m name=1.00 no-match
1558,flagged,0.7,0.800,1018,בליקר בייקרי,Bleecker Bakery,no,"שד' דוד טוביהו 125, באר שבע, Israel",,no,dist=1018m name=0.80 needs-review
1559,verified,0.88,1.000,128,פלאפל מיטל,פלאפל אסולין מיטל- סניף הרכבת,yes,"יצחק בן צבי 1, תחנה מרכזית באר שבע, Israel","Yitshak Ben Zvi St 1, Be'er Sheva, Israel",yes,dist=128m name=1.00 near+name
1560,flagged,0.7,1.000,770,בליקר בייקרי,בליקר בייקרי קריית גת,no,"דרך הדרום 20, קריית גת, Israel",,no,dist=770m name=1.00 needs-review
1562,verified,0.95,0.667,30,לוטי רול,Loti-Roll,no,"בני ישראל 6, אילת, Israel","Bnei Yisra'el St 6, Eilat, Israel",yes,dist=30m name=0.67 close-proximity
1563,flagged,0.7,1.000,645,פרנקו,פרנקו אשקלון - מסעדה חלבית,no,"הרצל 30, אשקלון, Israel",,no,dist=645m name=1.00 needs-review
1564,verified,0.88,0.571,181,פיצה בורו פארק,Pizza Borough Park,no,"שלמה בן יוסף 27, אשדוד, Israel","Shlomo Ben Yosef St 27, Ashdod, Israel",yes,dist=181m name=0.57 near+name
1565,flagged,0.7,0.636,759,שניצל דהן,שניצל בוארון,no,"הרצל 12, אשקלון, Israel",,no,dist=759m name=0.64 needs-review
1566,flagged,0.7,0.667,922,הולנד צ'יפס,Holland Chips,no,"רוגוזין 72, אשדוד, Israel",,no,dist=922m name=0.67 needs-review
1567,no_match,0.2,0.000,255,הפלנצ'ה,בגחלים,no,"שד' העצמאות 42, קריית גת, Israel",,no,dist=255m name=0.00 no-match
1568,flagged,0.6,0.231,25,אבא'לה,רינגלבלום 13 בר מסעדה כשר באר שבע,no,"רינגלבלום 10, באר שבע, Israel",,no,dist=25m name=0.23 proximity-name-mismatch
1569,flagged,0.4,1.000,997,אליזבת איטלקיה אמיתית,אליזבת איטלקיה אמיתית אשקלון,no,"התענך 2, אשקלון, Israel",,no,dist=997m name=1.00 business=CLOSED_TEMPORARILY (non-operational)
1570,flagged,0.7,1.000,672,אגדה מזרחית,מסעדת בשרים אגדה מזרחית,no,"שד' יגאל אלון 23, דימונה, Israel",,no,dist=672m name=1.00 needs-review
1571,flagged,0.7,1.000,338,הפינה החמה באר שבע,הפינה החמה,no,"קק""ל 2, באר שבע, Israel",,no,dist=338m name=1.00 needs-review
1572,flagged,0.7,0.333,219,מאק בורגר,גבטו- קרית גת,no,"שד' לכיש 33, קריית גת, Israel",,no,dist=219m name=0.33 needs-review
1573,no_match,0.2,0.500,1979,ארומה,Aroma,no,"הסתת 20, ביג אילת, Israel",,no,dist=1979m name=0.50 no-match
1574,no_match,0.2,0.429,27459,קפה עלית-אספרסו בר,Cafe Elite Stand,no,"סיני, נתיבות, Israel",,no,dist=27459m name=0.43 no-match
1575,no_match,0.2,0.333,676,פנינת המזרח,Peretz Center Mall,no,"המלאכה 33, דימונה, Israel",,no,dist=676m name=0.33 no-match
1576,flagged,0.7,1.000,1197,מאפיית גיל,מאפית גיל,no,"המחוגה 30, אשקלון, Israel",,no,dist=1197m name=1.00 needs-review
1577,no_match,0.2,0.167,976,סטייק וואן,Butchery,no,"יוסף הבורסקאי 18, באר שבע, Israel",,no,dist=976m name=0.17 no-match
1578,flagged,0.7,0.091,242,שיפודי הבוסתן,Ranch House,no,"דרך פעמי השלום 23, טיילת רויאל ביץ', אילת, Israel",,no,dist=242m name=0.09 needs-review
1579,no_match,0.2,0.200,339,חומוס full,הפלאפל של שרון,no,"הרצל 86, אשקלון, Israel",,no,dist=339m name=0.20 no-match
1580,no_match,0.2,0.400,785,פלאפל כיד המלך,פלאפל מכל הלב נתיבות,no,"הרמב""ם 1, מרכז מסחרי נתיבות, Israel",,no,dist=785m name=0.40 no-match
1581,verified,0.88,1.000,140,הדרומית,הדרומית - מסעדת בשרים כשרה,yes,"אלקיים ניסים 4, באר שבע, Israel","מתחם ישפרו סנטר, Tsvi Taub 1, Beersheba, 8488584, Israel",yes,dist=140m name=1.00 near+name
1582,verified,0.95,1.000,63,שווארמה אשקלון,שווארמה אשקלון,yes,"הגבורה 5, אשקלון, Israel","Ha-Gvura St 7, Ashkelon, Israel",yes,dist=63m name=1.00 close-proximity
1583,verified,0.88,1.000,171,המזנון של ישראל,המזנון של ישראל אילת,yes,"התבונה 14, אילת, Israel","HaTvuna St 14, Eilat, Israel",yes,dist=171m name=1.00 near+name
1584,no_match,0.2,1.000,187120,מקדונלד'ס,מקדונלד'ס - ביג אילת (כשר),no,"הסתת 20, ביג אילת, Israel",,no,dist=187120m name=1.00 no-match
1585,flagged,0.4,1.000,1394,אלוף השווארמה,אלוף השווארמה,no,"אשדוד, Israel",,no,dist=1394m name=1.00 business=CLOSED_PERMANENTLY (non-operational)
1586,flagged,0.6,0.158,62,המטבח של איציק,בלנקו פטיסרי - אורטל בן סימון,no,"הבנאי 1, אילת, Israel",,no,dist=62m name=0.16 proximity-name-mismatch
1587,verified,0.88,1.000,87,גאטוס,גאטוס מסעדה איטלקית,yes,"בת גלים 1, אשקלון, Israel","Bat Galim St, Ashkelon, Israel",yes,dist=87m name=1.00 near+name
1588,flagged,0.4,0.000,221805,cofix,קופיקס שדרות,no,"ככר הנשיא 10, שדרות, Israel",,no,dist=221805m name=0.00 business=CLOSED_PERMANENTLY (non-operational)
1589,flagged,0.4,1.000,1736,אצה,אצה,no,"דרך הדרום 3, קריית גת, Israel",,no,dist=1736m name=1.00 business=CLOSED_PERMANENTLY (non-operational)
1590,flagged,0.7,1.000,461,סינטה,סינטה,no,"האורגים 9, טופ סנטר אשדוד, Israel",,no,dist=461m name=1.00 needs-review
1591,verified,0.95,0.750,70,מקדונלד'ס,McDonald's,no,"שד' יגאל אלון 31, דימונה, Israel","פרץ סנטר - אזור תעשיה דרומי, Dimona, Israel",yes,dist=70m name=0.75 close-proximity
1592,verified,0.95,1.000,30,מלך השווארמה,מלך השווארמה,yes,"צה""ל 3, אשקלון, Israel","Tsahal St 3, Ashkelon, Israel",yes,dist=30m name=1.00 close-proximity
1593,no_match,0.2,0.167,462,פיצלה,פיצה מונטיפיורי באר שבע,no,"דרך המשחררים 29, באר שבע, Israel",,no,dist=462m name=0.17 no-match
1594,no_match,0.2,0.154,1030,אליקו קייטרינג גורמה,Sderot HaPrahim 9,no,"שד' הפרחים 9, אשדוד, Israel",,no,dist=1030m name=0.15 no-match
1595,flagged,0.7,1.000,523,פלאפל רץ,פלאפל רץ,no,"העבודה 14, אשקלון, Israel",,no,dist=523m name=1.00 needs-review
1597,flagged,0.4,1.000,422,פיצה האט,פיצה האט - אשדוד - סטאר סנטר,no,"ז'בוטינסקי 45, סטאר סנטר, אשדוד, Israel",,no,dist=422m name=1.00 business=CLOSED_PERMANENTLY (non-operational)
1598,no_match,0.2,0.400,621,בוצ'רוס,פינת אור ועושר,no,"קריית גת, Israel",,no,dist=621m name=0.40 no-match
1599,flagged,0.4,1.000,35,מעורב ירוחמי ירוחם,מעורב ירוחמי,no,"ההדסים 95, ירוחם, Israel",,no,dist=35m name=1.00 business=CLOSED_PERMANENTLY (non-operational)
1600,verified,0.88,0.625,83,ממוס אוכל תוניסאי,Mamos Tunisian restaurant,no,"הנגרים 12, באר שבע, Israel","HaNagarim St 12, Be'er Sheva, Israel",yes,dist=83m name=0.63 near+name
1601,verified,0.88,1.000,157,המבורגסה,המבורגסה,yes,"הבנאים 1, נמל אשדוד, Israel","HaOrgim St 12, Ashdod, Israel",yes,dist=157m name=1.00 near+name
1602,no_match,0.2,,,קייטרינג ציון,,no,"מש' קיפוד 3, באר שבע, Israel",,no,no-candidate
1603,flagged,0.7,1.000,901,פיצה שומי גרנד קניון ב''ש,שומי,no,"שד' דוד טוביהו 125, באר שבע, Israel",,no,dist=901m name=1.00 needs-review
1604,flagged,0.4,0.222,9929,אלדין בשדרה,Aladdin Avenue,no,"מרטין בובר 1, אשדוד, Israel",,no,dist=9929m name=0.22 business=CLOSED_TEMPORARILY (non-operational)
1605,flagged,0.4,1.000,119,שווארמה פאשה אשקלון,שווארמה פאשה אשקלון,no,"ברל כצנלסון 13, אשקלון, Israel",,no,dist=119m name=1.00 business=CLOSED_PERMANENTLY (non-operational)
1606,no_match,0.2,0.571,354,לה בריוש,La Brioche,no,"רוגוזין 27, אשדוד, Israel",,no,dist=354m name=0.57 no-match
1608,no_match,0.2,0.500,2270,שיפודי פינוקיו,שיפוד הפלא,no,"אדר 4, אשדוד, Israel",,no,dist=2270m name=0.50 no-match
1609,no_match,0.2,0.111,619,לבריאות,Sderot Lachish 1,no,"שד' לכיש 1, קריית גת, Israel",,no,dist=619m name=0.11 no-match
1610,no_match,0.2,0.273,267,איסטנבילו,Lev Ashdod Mall/Yehuda Halevi,no,"יהודה הלוי, קניון לב אשדוד, Israel",,no,dist=267m name=0.27 no-match
1611,verified,0.95,0.375,9,קפה גרג,Greg coffee Kiryat Haim,no,"דרך פעמי השלום 19, קניון מלכת שבא, אילת, Israel","Sderot Achi Eilat 20, Haifa, Israel",yes,dist=9m name=0.38 close-proximity
1612,flagged,0.7,1.000,746,קראנצ'ו,קראנצו טורטיה אשקלון,no,"צפניה 7, אשקלון, Israel",,no,dist=746m name=1.00 needs-review
1613,verified,0.95,0.889,6,באגט בגגט,באגט באגט,yes,"הצאלה 54, דימונה, Israel","Ha-Tse'ela St 54, Dimona, Israel",yes,dist=6m name=0.89 close-proximity
1614,no_match,0.2,0.150,2054,ביסטרו 30,גוד בורגר Good Burger - נווה זאב,no,"שד' יוהנה ז'בוטינסקי 30, באר שבע, Israel",,no,dist=2054m name=0.15 no-match
1615,flagged,0.7,1.000,507,השיפודיה של בבר,השיפודיה של בבר,no,"יוסף סמלו, נתיבות, Israel",,no,dist=507m name=1.00 needs-review
1616,no_match,0.2,0.200,908,צ'וקה,Chooka,no,"שד' דוד טוביהו 125, באר שבע, Israel",,no,dist=908m name=0.20 no-match
1617,flagged,0.7,1.000,690,"""מרכז הפיתה""",מאפיית מרכז הפיתה,no,"דימונה, Israel",,no,dist=690m name=1.00 needs-review
1618,flagged,0.4,1.000,208,פיצה דון פדרו- אשדוד,פיצה דון פדרו אשדוד pizza don pedro,no,"שבט לוי 14, אשדוד, Israel",,no,dist=208m name=1.00 business=CLOSED_PERMANENTLY (non-operational)
1619,flagged,0.6,0.167,61,פסגת הטעמים,David HaMelech Street,no,"המלך דוד 70, דימונה, Israel",,no,dist=61m name=0.17 proximity-name-mismatch
1620,verified,0.88,1.000,88,בוטרא,בוטרא - שוארמה רובע י'ב אשדוד,yes,"אדר 4, אשדוד, Israel","Adar St 4, Ashdod, Israel",yes,dist=88m name=1.00 near+name
1621,flagged,0.7,1.000,379,מסעדת הפרה,הפרה,no,"מבצע נחשון 60, באר שבע, Israel",,no,dist=379m name=1.00 needs-review
1622,verified,0.95,0.308,28,בטעם של קובי,Bataam Shel Kobi Catering,no,"החרש 11, אילת, Israel","HaHarash St 11, Eilat, Israel",yes,dist=28m name=0.31 close-proximity
1623,flagged,0.7,1.000,928,מאמא פיצה,מאמא פיצה,no,"אלי כהן 46, אשקלון, Israel",,no,dist=928m name=1.00 needs-review
1624,verified,0.88,1.000,158,פיצה שמש,Pizza Shemesh,no,"שד' לכיש 33, קריית גת, Israel","Sderot Lachish 33, Kiryat Gat, Israel",yes,dist=158m name=1.00 near+name
1625,flagged,0.6,0.200,27,החומוס של טחינה,Tahini's Hummus,no,"יוסף בן מתתיהו 70, אוניברסיטת בן-גוריון בנגב, באר שבע, Israel",,no,dist=27m name=0.20 proximity-name-mismatch
1626,no_match,0.2,0.182,427,איילת מבשלת,מדרשת הדרום,no,"נטע, Israel",,no,dist=427m name=0.18 no-match
1627,no_match,0.2,0.333,397,קונופיצה,VIVINO - ויוינו נתיבות,no,"בעלי המלאכה 10, צים סנטר נתיבות, Israel",,no,dist=397m name=0.33 no-match
1629,verified,0.88,0.500,87,גאטוס על המים אשקלון,גאטוס מסעדה איטלקית,no,"בת גלים 1, אשקלון, Israel","Bat Galim St, Ashkelon, Israel",yes,dist=87m name=0.50 near+name
1630,flagged,0.7,0.111,108,המטבח של דרורי,Lotem St 4,no,"לוטם 4, עומר, Israel",,no,dist=108m name=0.11 needs-review
1631,flagged,0.6,0.125,60,טאג'ין,וולטר פארק,no,"האורגים 22, נמל אשדוד, Israel",,no,dist=60m name=0.13 proximity-name-mismatch
1632,no_match,0.2,0.000,462,מפגש הפלאפל,Falafel Avshi,no,"אנפה 1, אילת, Israel",,no,dist=462m name=0.00 no-match
1633,no_match,0.2,0.045,463,נורדאו 24,Something something Bar - סמטינג סמטינג,no,"נורדאו 24, אשדוד, Israel",,no,dist=463m name=0.05 no-match
1634,no_match,0.2,1.000,1646,פיציריקה,פיציריקה,no,"נתיבות, Israel",,no,dist=1646m name=1.00 no-match
1635,verified,0.95,0.500,61,פיצה שמש דימונה,Shemesh Pizza,no,"מ""ד המעפילים 215, דימונה, Israel","מ""ד המעפילים 215, Dimona, 8610002, Israel",yes,dist=61m name=0.50 close-proximity
1636,flagged,0.7,1.000,724,טעים לנו,טעים לנו,no,"הפלמ""ח 20, אשדוד, Israel",,no,dist=724m name=1.00 needs-review
1637,no_match,0.2,0.500,3374,הפרנה של אמא,Dar de mama המסעדה של אמא,no,"יקינטון 3, אשדוד, Israel",,no,dist=3374m name=0.50 no-match
1638,flagged,0.7,1.000,801,בוצ'רס Butchers,בוצ'רס,no,"הנשיא 4, אשקלון, Israel",,no,dist=801m name=1.00 needs-review
1639,verified,0.95,1.000,13,אושי אושי,אושי אושי אשדוד,yes,"הגדוד העברי 6, קניון סי מול, אשדוד, Israel","קניון סימול, HaGdud Haivri 6, Ashdod, Israel",yes,dist=13m name=1.00 close-proximity
1641,no_match,0.2,0.500,672,הפינה של כולם,שיפודי הפינה,no,"רמז דוד 20, אשקלון, Israel",,no,dist=672m name=0.50 no-match
1642,flagged,0.4,1.000,298,לה קצפת,לה קצפת,no,"הפלמ""ח 20, אשדוד, Israel",,no,dist=298m name=1.00 business=CLOSED_PERMANENTLY (non-operational)
1643,verified,0.95,1.000,29,פאנג'יה,פאנג'יה - Pangea,yes,"הר עודד 5, מצפה רמון, Israel","Mitzpe Ramon, Israel",yes,dist=29m name=1.00 close-proximity
1645,no_match,0.2,0.500,295,בורגרים רמות,רוויס בורגר באר שבע - Revi's burger | סניף רמות,no,"הדעת 6, באר שבע, Israel",,no,dist=295m name=0.50 no-match
1646,verified,0.95,1.000,68,פיצה כמעט חינם,פיצה כמעט חינם,yes,"יוסף סמלו 2, נתיבות, Israel","Yosef Samelo St 44, Netivot, Israel",yes,dist=68m name=1.00 close-proximity
1647,flagged,0.6,0.200,33,שמונה,שף סנוויץ' Eight העיר העתיקה,no,"קק""ל 32, באר שבע, Israel",,no,dist=33m name=0.20 proximity-name-mismatch
1648,no_match,0.2,0.233,1717,שניצל'ה,"שניצל טיים באר שבע | חלות שניצל , מגשי אירוח",no,"יוסף בן מתתיהו 76, אוניברסיטת בן-גוריון בנגב, באר שבע, Israel",,no,dist=1717m name=0.23 no-match
1649,verified,0.88,1.000,101,פיצה דל פיירו,פיצה דל פיירו Pizza Del Piero,yes,"אנפה 1, אילת, Israel","מרכז מור, Anafa 1, Eilat, Israel",yes,dist=101m name=1.00 near+name
1650,flagged,0.4,1.000,342,Pizz stop,Pizz Stop,no,"רותם 17, מרכז מסחרי עומר, Israel",,no,dist=342m name=1.00 business=CLOSED_PERMANENTLY (non-operational)
1651,no_match,0.2,1.000,2053,פיצה ברצ'רומא,פיצה ברצרומא,no,"אליעזר שמואלי 1, באר שבע, Israel",,no,dist=2053m name=1.00 no-match
1652,no_match,0.2,0.067,344,מטעמי שרה,Derech Laskov 2,no,"דרך לסקוב 2, נמל אשדוד, Israel",,no,dist=344m name=0.07 no-match
1653,verified,0.88,0.833,77,בורגרים,Burgerim,no,"אלי כהן 21, אשקלון, Israel","Eli Cohen St 21, Ashkelon, Israel",yes,dist=77m name=0.83 near+name
1654,verified,0.88,0.500,226,פיצה חתם סופר,הפיצה של אפרים,no,"חתם סופר 10, אשקלון, Israel","Ha-Nasi St 97, Ashkelon, Israel",yes,dist=226m name=0.50 near+name
1655,flagged,0.7,1.000,516,פיצה סלפי,פיצה סלפי מצפה רמון,no,"שד' בן גוריון 8, מצפה רמון, Israel",,no,dist=516m name=1.00 needs-review
1656,no_match,0.2,0.300,2118,טעם השניצל,"שניצל טיים באר שבע | חלות שניצל , מגשי אירוח",no,"יצחק בן צבי 4, קניון הנגב, Israel",,no,dist=2118m name=0.30 no-match
1657,flagged,0.7,0.200,188,פיצה שמש,Sun Pizza Eilat,no,"אילות 231, אילת, Israel",,no,dist=188m name=0.20 needs-review
1658,verified,0.88,1.000,138,ג׳אפן ג׳אפן אשקלון,ג'אפן ג'אפן אשקלון - JAPAN JAPAN,yes,"הנמל 9, אשקלון, Israel","HaNamal St 9, Ashkelon, 7879304, Israel",yes,dist=138m name=1.00 near+name
1659,flagged,0.4,1.000,119,פאשה,שווארמה פאשה אשקלון,no,"ברל כצנלסון 13, אשקלון, Israel",,no,dist=119m name=1.00 business=CLOSED_PERMANENTLY (non-operational)
1660,no_match,0.2,0.222,1440,פיצה לול,פיצה צ'יז אשקלון,no,"שיבת ציון 19, אשקלון, Israel",,no,dist=1440m name=0.22 no-match
1661,flagged,0.4,1.000,420,עוגלנד,עוגלנד / ogalend,no,"שד' התמרים, אילת, Israel",,no,dist=420m name=1.00 business=CLOSED_PERMANENTLY (non-operational)
1662,flagged,0.7,0.000,106,cofix,קופיקס בית ימין,no,"ברל כצנלסון 13, אשקלון, Israel",,no,dist=106m name=0.00 needs-review
1663,no_match,0.2,0.167,1384,קפה קפה,"קפה קפה, דימונה",no,"שד' יגאל אלון 31, דימונה, Israel",,no,dist=1384m name=0.17 no-match
1664,no_match,0.2,0.500,2050,טורטילוקו,TORTILLOCO,no,"אליעזר שמואלי 1, באר שבע, Israel",,no,dist=2050m name=0.50 no-match
1665,no_match,0.2,1.000,1823,sushi house,Sushi House Dimona,no,"פרץ סנטר 27, פרץ סנטר דימונה, Israel",,no,dist=1823m name=1.00 no-match
1666,no_match,0.2,1.000,2511,מזל,מסעדת מזל,no,"בלגרד 2, שדרות, Israel",,no,dist=2511m name=1.00 no-match
1667,verified,0.95,1.000,17,קפה צמרת,קפה צמרת,yes,"רוגוזין 11, אשדוד, Israel","Rogozin St 11, Ashdod, Israel",yes,dist=17m name=1.00 close-proximity
1668,no_match,0.2,1.000,1769,מטעמי השף,מטעמי השף אלון,no,"אשקלון, Israel",,no,dist=1769m name=1.00 no-match
1669,no_match,0.2,0.000,1416,B2,Ispro Shopping Center,no,"שד' מלכי ישראל 178, ישפרו סנטר קרית גת, Israel",,no,dist=1416m name=0.00 no-match
1670,no_match,0.2,0.500,83800,אחים טעים,Haachim,no,"גילת, Israel",,no,dist=83800m name=0.50 no-match
1671,verified,0.95,1.000,68,סומבררו,סומבררו דימונה,yes,"מ""ד המעפילים 3, דימונה, Israel","מ""ד המעפילים 24-28, Dimona, Israel",yes,dist=68m name=1.00 close-proximity
1672,no_match,0.2,1.000,1573,באדה בום,באדה בום -Bada Boom,no,"אשדוד, Israel",,no,dist=1573m name=1.00 no-match
1673,flagged,0.7,0.800,366,נמסטה,Namaste,no,"הטיילת 20, אשדוד, Israel",,no,dist=366m name=0.80 needs-review
1674,flagged,0.4,0.158,68,דדיס שווארמה בשרים על האש,Dedi's,no,"דרך הדרום 3, קריית גת, Israel",,no,dist=68m name=0.16 business=CLOSED_PERMANENTLY (non-operational)
1675,no_match,0.2,0.143,2825,קפה ג'ו,Story Garden Cafe,no,"ז'בוטינסקי 54, אשדוד, Israel",,no,dist=2825m name=0.14 no-match
1676,flagged,0.7,0.250,190,יוסק'ה,Kakal St 85,no,"קק""ל 85, באר שבע, Israel",,no,dist=190m name=0.25 needs-review
1677,flagged,0.4,1.000,696,מסעודה,מסעודה,no,"שד' יגאל אלון 53, דימונה, Israel",,no,dist=696m name=1.00 business=CLOSED_PERMANENTLY (non-operational)
1678,verified,0.88,1.000,174,מירי מעדנים,מירי מעדנים,yes,"דוד ניב 30, באר שבע, Israel","David Niv St 30, Be'er Sheva, Israel",yes,dist=174m name=1.00 near+name
1679,flagged,0.6,0.091,39,הבבון,Wingate 66 Shawarma & Felafel,no,"וינגייט 1, באר שבע, Israel",,no,dist=39m name=0.09 proximity-name-mismatch
1680,no_match,0.2,0.308,506,בוצ'רי אחוזת בשר,Butchery,no,"ההסתדרות 22, באר שבע, Israel",,no,dist=506m name=0.31 no-match
1681,verified,0.88,1.000,223,פיצה באר שבע,פיצה באר שבע,yes,"דוד ניב 16, באר שבע, Israel","David Niv St 16, Be'er Sheva, Israel",yes,dist=223m name=1.00 near+name
1682,verified,0.88,0.667,183,שווארמה האומן אילת,שווארמה האומן - פלאפל שווארמה באילת,no,"הסתת 9, אילת, Israel","Ha-Satat St 20, Eilat, 88000, Israel",yes,dist=183m name=0.67 near+name
1683,verified,0.95,1.000,39,לבונה,מסעדת לבונה,yes,"עזרא יסודי 1, אשקלון, Israel","Ezra Yesodi St 1, Ashkelon, 7863702, Israel",yes,dist=39m name=1.00 close-proximity
1684,verified,0.95,1.000,14,שניצל בוארון,שניצל בוארון,yes,"אלי כהן 37, אשקלון, Israel","Eli Cohen St 37, Ashkelon, 78721, Israel",yes,dist=14m name=1.00 close-proximity
1685,flagged,0.6,0.087,48,האקדמיה לפיצה אשקלון,Business Center Kiryat Academy,no,"אלי כהן 19, אשקלון, Israel",,no,dist=48m name=0.09 proximity-name-mismatch
1686,verified,0.95,1.000,12,מריולו,"מריולו - אוכל ביתי חם וטרי בכל יום, בשישי ולאירועים",yes,"ברל כצנלסון 13, אשקלון, Israel","Berl Katsnelson St 13, Ashkelon, Israel",yes,dist=12m name=1.00 close-proximity
1688,verified,0.95,1.000,36,"מאפיית אדום אילת בע""מ",מאפיית אדום דודו אילת בע״מ,yes,"הבנאי 5, אילת, Israel","HaBanay St 5, Eilat, 88000, Israel",yes,dist=36m name=1.00 close-proximity
1689,flagged,0.4,1.000,106,פיצה ריבועים,פיצה ריבועים,no,"ברל כצנלסון 13, אשקלון, Israel",,no,dist=106m name=1.00 business=CLOSED_PERMANENTLY (non-operational)
1690,flagged,0.7,0.143,116,פיצה פמיליה,La Pizza לה פיצה קריית גת,no,"היסמין 97, קריית גת, Israel",,no,dist=116m name=0.14 needs-review
1691,flagged,0.7,1.000,702,המקסיקני,המקסיקני,no,"דרך יותם 1, אילת, Israel",,no,dist=702m name=1.00 needs-review
1692,verified,0.88,1.000,152,פיצה לק,Pizza Lek,no,"שד' התמרים 134, אילת, Israel","Sderot HaTmarim 27, Eilat, Israel",yes,dist=152m name=1.00 near+name
1693,no_match,0.2,0.143,677,קפריס,קונדיטורית בוטיק - BeeZoo,no,"שד' דוד טוביהו 65, באר שבע, Israel",,no,dist=677m name=0.14 no-match
1694,verified,0.95,1.000,66,ג'ורנו,סנדוויץ׳ טוניסאי - ג׳ורנו,yes,"הבנאים 7, אשדוד, Israel","HaBana'im St 7, Ashdod, Israel",yes,dist=66m name=1.00 close-proximity
1695,no_match,0.2,0.143,253,אוניbarסיטה,Ha-Melakha St 1,no,"המלאכה 1, דימונה, Israel",,no,dist=253m name=0.14 no-match
1696,flagged,0.4,0.625,947,חומוס כהן,Hummus Cohen,no,"צה""ל 1, אשדוד, Israel",,no,dist=947m name=0.63 business=CLOSED_PERMANENTLY (non-operational)
1697,no_match,0.2,0.154,563,קפה קפה,בתי קפה בקריית גת,no,"דרך הדרום 3, קריית גת, Israel",,no,dist=563m name=0.15 no-match
1698,flagged,0.4,1.000,166,פיצה גבינונה רתמים,פיצה גבינונה,no,"רתמים, Israel",,no,dist=166m name=1.00 business=CLOSED_PERMANENTLY (non-operational)
1699,flagged,0.7,0.148,249,תאי ווי,Thai Corner הפינה התאילנדית,no,"גן בנימין 10, אילת, Israel",,no,dist=249m name=0.15 needs-review
1700,verified,0.95,0.818,29,א. בורגרים אשדוד,Burgerim Ashdod,no,"תש""ח 7, אשדוד, Israel","Tashah St 7, Ashdod, Israel",yes,dist=29m name=0.82 close-proximity
1701,no_match,0.2,0.333,4596,בי בי בי,BBB אשקלון,no,"אשקלון, Israel",,no,dist=4596m name=0.33 no-match
1702,verified,0.88,0.800,204,איל נאפולי,IL Napoli,no,"שבט לוי 14, אשדוד, Israel","שבט לוי 14, רובע י״ב, כיכר מג'יק 2, Ashdod, Israel",yes,dist=204m name=0.80 near+name
1705,flagged,0.7,0.200,109,המטבחון של עמוס,The kitchen of Amos,no,"ברנע 463, אילת, Israel",,no,dist=109m name=0.20 needs-review
1706,no_match,0.2,0.333,1757,kika,קיקה מסעדה אסייתית,no,"שד' מלכי ישראל 178, ישפרו סנטר קרית גת, Israel",,no,dist=1757m name=0.33 no-match
1707,flagged,0.4,1.000,334,חומוס אליהו,חומוס אליהו ירוחם,no,"ירוחם, Israel",,no,dist=334m name=1.00 business=CLOSED_PERMANENTLY (non-operational)
1708,flagged,0.7,0.250,137,בית של בשר,Bareket St 12,no,"ברקת 12, אשדוד, Israel",,no,dist=137m name=0.25 needs-review
1709,no_match,0.2,1.000,1979,עמק המטבח,המטבח,no,"באר שבע, Israel",,no,dist=1979m name=1.00 no-match
1710,no_match,0.2,0.833,31810,אורן משי,Oren Meshi Bakery,no,"יעקב כהן 3, באר שבע, Israel",,no,dist=31810m name=0.83 no-match
1711,no_match,0.2,0.111,1477,גוטאיה,Ha-Atsma'ut Street,no,"ככר העצמאות 1250, אשקלון, Israel",,no,dist=1477m name=0.11 no-match
1712,no_match,0.2,0.083,1823,יוזו סושי,Sushi House Dimona,no,"דימונה, Israel",,no,dist=1823m name=0.08 no-match
1713,no_match,0.2,0.400,283,איסטנבול,Steakhouse Istanbul,no,"רמז דוד 28, אשקלון, Israel",,no,dist=283m name=0.40 no-match
1714,flagged,0.6,0.083,41,קפה גן סיפור,Story Garden Cafe,no,"שד' משה דיין 4, אשדוד, Israel",,no,dist=41m name=0.08 proximity-name-mismatch
1715,flagged,0.7,1.000,751,מסעדת העוטף,פיצת העוטף,no,"ישע, Israel",,no,dist=751m name=1.00 needs-review
1716,flagged,0.7,1.000,259,פיצה פצץ,פיצה פצץ - בקניון אביה,no,"מבצע יואב 49, קניון אביה, באר שבע, Israel",,no,dist=259m name=1.00 needs-review
1717,no_match,0.2,0.444,566,קבב התקווה,Kebab Hope,no,"צה""ל 2, אשקלון, Israel",,no,dist=566m name=0.44 no-match
1718,no_match,0.2,0.000,390,תאבולה,Hen St 32,no,"חן 32, ערד, Israel",,no,dist=390m name=0.00 no-match
1719,verified,0.88,1.000,167,ארלין- פיצה וגלידה- אילת,ארלין,yes,"הסתת 18, ביג אילת, Israel","Ha-Satat St 18, Eilat, Israel",yes,dist=167m name=1.00 near+name
1720,flagged,0.7,1.000,701,תחנת לחם,תחנת לחם,no,"דרך הדרום 20, קריית גת, Israel",,no,dist=701m name=1.00 needs-review
1721,no_match,0.2,1.000,1691,פיצה עדן,פיצה עדן,no,"יוהנסבורג 49, אשקלון, Israel",,no,dist=1691m name=1.00 no-match
1722,flagged,0.4,1.000,44,חצ׳אפורי פלוס,חצ'פורי פלוס,no,"מונטיפיורי 3, אשקלון, Israel",,no,dist=44m name=1.00 business=CLOSED_PERMANENTLY (non-operational)
1724,verified,0.88,1.000,94,כפות תמרים,"כפות תמרים, קייטרינג ואירועים - Capot Tmarim",yes,"אילות, Israel","Eilot, 8880500, Israel",yes,dist=94m name=1.00 near+name
1725,flagged,0.7,0.316,229,בוס בורגר,בורגרס בר | BurgersBar | שדרות כשר,no,"הרצל 36, שדרות, Israel",,no,dist=229m name=0.32 needs-review
1726,flagged,0.7,0.250,215,פפה לאון,Papa Leon Shawarma,no,"מבצע עובדה 22, באר שבע, Israel",,no,dist=215m name=0.25 needs-review
1727,flagged,0.7,1.000,526,ארומה,Aroma Espresso Bar ארומה אספרסו בר,no,"בעלי המלאכה 2, גלובוס סנטר נתיבות, Israel",,no,dist=526m name=1.00 needs-review
1728,verified,0.88,0.600,113,פיצה מטר אילת,Pizza Meter,no,"חיל ההנדסה 6, אילת, Israel","Heil HaHandasa St 6, Eilat, Israel",yes,dist=113m name=0.60 near+name
1729,flagged,0.4,1.000,310,עוד ביס,עוד ביס,no,"שד' התמרים 44, אילת, Israel",,no,dist=310m name=1.00 business=CLOSED_PERMANENTLY (non-operational)
1730,verified,0.88,1.000,149,שווארמה נובי,נובי | שווארמה אשקלון,yes,"צפניה 10, אשקלון, Israel","Tsfanya St 10, Ashkelon, Israel",yes,dist=149m name=1.00 near+name
1731,no_match,0.2,,,טרייבקה בר,,no,"שדרות הים התיכון 1, אשדוד, Israel",,no,no-candidate
1732,no_match,0.2,,,מוטי זגרון סדנאות שף,,no,"השושנים 3, אשקלון, Israel",,no,no-candidate
1733,verified,0.95,1.000,49,ribs בשרים ודגים,Ribs בשרים ודגים,yes,"יפה נוף 5, אשקלון, Israel","Yefe Nof St 5, Ashkelon, Israel",yes,dist=49m name=1.00 close-proximity
1734,flagged,0.7,0.200,92,אלימי קונדיטורית שף,Alimi,no,"האורגים 1, אילת, Israel",,no,dist=92m name=0.20 needs-review
1735,no_match,0.2,0.111,710,פיקולו,KSP Eilat - Tourist Center,no,"דרך יותם 1, אילת, Israel",,no,dist=710m name=0.11 no-match
1736,flagged,0.4,0.800,350,תענוגים,Tanugim,no,"מבקיעים, Israel",,no,dist=350m name=0.80 business=CLOSED_PERMANENTLY (non-operational)
1737,no_match,0.2,0.167,271,cofix,Uga Chaga Bakery Eilat,no,"אילת, Israel",,no,dist=271m name=0.17 no-match
1738,flagged,0.4,1.000,50,XO בורגר,X.O בורגר,no,"חוגלה 25, באר שבע, Israel",,no,dist=50m name=1.00 business=CLOSED_TEMPORARILY (non-operational)
1739,no_match,0.2,0.500,27633,שיפודי נועה,שיפודי אל הנגב - שווארמה בבאר שבע | מסעדת בשרים,no,"שד' ירושלים 42, באר שבע, Israel",,no,dist=27633m name=0.50 no-match
1741,verified,0.88,1.000,106,המפרום של יודיצ'ה,המפרום של יודיצה,yes,"העבודה 31, אשקלון, Israel","Ha-Avoda St 48, Ashkelon, Israel",yes,dist=106m name=1.00 near+name
1742,no_match,0.2,0.286,383,ביג בן,BIG kiryat gat,no,"הדקל 1, קריית גת, Israel",,no,dist=383m name=0.29 no-match
1743,verified,0.95,1.000,29,אוממי,אוממי,yes,"תש""ח 7, אשדוד, Israel","Tashah St 7, Ashdod, Israel",yes,dist=29m name=1.00 close-proximity
1744,verified,0.95,0.800,48,פיצה הגשר,Gesher Pizza,no,"שד' יעלים 14, באר שבע, Israel","Sderot Ye'elim 14, Beersheba, Israel",yes,dist=48m name=0.80 close-proximity
1745,verified,0.88,1.000,194,המטבח,מסעדת המטבח,yes,"המלאכה 7, אילת, Israel","אזור התעשייה, המלאכה 7, אילת, Israel",yes,dist=194m name=1.00 near+name
1746,verified,0.95,1.000,42,קאיפוייה,קאיפוייה,yes,"הציונות 11, אשדוד, Israel","Ha-Tsiyonut St 9, Ashdod, Israel",yes,dist=42m name=1.00 close-proximity
1747,no_match,0.2,1.000,31839,פיצה גלעד,Pizza Gilad,no,"שקף, Israel",,no,dist=31839m name=1.00 no-match
1748,no_match,0.2,0.000,1477,Cofizz,Zimmer center,no,"שד' מנחם בגין 1, מרכז צימר אשדוד, Israel",,no,dist=1477m name=0.00 no-match
1749,no_match,0.2,1.000,1264,בורגראנץ',בורגראנץ' סניף אילת,no,"המוצר 1, אילת, Israel",,no,dist=1264m name=1.00 no-match
1750,flagged,0.7,1.000,677,ג'ויה סושי בר,ג׳ויה סושי בר,no,"יוסף סמלו 78, נתיבות, Israel",,no,dist=677m name=1.00 needs-review
1751,flagged,0.7,1.000,922,HOLLAND CHIPS,Holland Chips,no,"רוגוזין 74, אשדוד, Israel",,no,dist=922m name=1.00 needs-review
1752,flagged,0.4,1.000,61,המאכלים של ויטו,המאכלים של ויטו,no,"החרש 16, אשקלון, Israel",,no,dist=61m name=1.00 business=CLOSED_PERMANENTLY (non-operational)
1753,no_match,0.2,0.143,971,הסטקייה,Texas Ashdod,no,"גור דב 17, אשדוד, Israel",,no,dist=971m name=0.14 no-match
1754,verified,0.95,0.375,29,רולדין,Roladin Ashdod,no,"הגדוד העברי 6, קניון סי מול, אשדוד, Israel","Ha-Gdud ha-Ivri St, Ashdod, Israel",yes,dist=29m name=0.38 close-proximity
1756,flagged,0.7,0.667,260,פיצה פוטטוס,Potatoes Pizza,no,"אנטיב 8, קניון מלכת שבא, אילת, Israel",,no,dist=260m name=0.67 needs-review
1757,flagged,0.4,1.000,14,הסטקייה בסומסום,הסטקייה בסומסום,no,"הרב הרצוג 5, אשדוד, Israel",,no,dist=14m name=1.00 business=CLOSED_PERMANENTLY (non-operational)
1758,no_match,0.2,0.700,4143,הבגאט של אדל,הבגאט של אורי,no,"אביגד 10, באר שבע, Israel",,no,dist=4143m name=0.70 no-match
1759,verified,0.88,1.000,208,לה מרסייז,La Marseillaise-לה מרסייז,yes,"שבט לוי 14, אשדוד, Israel","Shevet Levi St 14, Ashdod, Israel",yes,dist=208m name=1.00 near+name
1760,flagged,0.4,1.000,161,טורטי בר,טורטי Bar קרית גת,no,"שד' לכיש 33, קריית גת, Israel",,no,dist=161m name=1.00 business=CLOSED_PERMANENTLY (non-operational)
1761,verified,0.88,1.000,249,המשביע,מסעדת המשביע,yes,"רשב""י 2, אשדוד, Israel","Rashbi St 3, Ashdod, Israel",yes,dist=249m name=1.00 near+name
1762,no_match,0.2,0.500,2491,סאן סושי,San Sushi Ashkelon,no,"רחבעם זאבי 4, אשקלון, Israel",,no,dist=2491m name=0.50 no-match
1764,verified,0.95,0.375,54,פסטה וזהו,Pasta and That's It,no,"ההסתדרות 10, שדרות, Israel","Ha-Histadrut St 12, Sderot, Israel",yes,dist=54m name=0.38 close-proximity
1765,verified,0.88,0.667,86,סן-שיי סושי בר,סן שיי באר שבע,no,"קק""ל 46, באר שבע, Israel","שדרת האוכל, קק""ל 46, באר שבע, Israel",yes,dist=86m name=0.67 near+name
1766,no_match,0.2,0.333,647,מסעדה מהדרין בכשרות מהודרת במלון קלאב רמון,מסעדת רמונא הכשרה - בית רמונא,no,"מצפה רמון, Israel",,no,dist=647m name=0.33 no-match
1767,no_match,0.2,0.833,1824,בורגרס בר,Burgers Bar,no,"הסתת 20, ביג אילת, Israel",,no,dist=1824m name=0.83 no-match
1769,flagged,0.7,1.000,324,רשת עגול דימונה,פיצה עגול,no,"דרך בן גוריון 1043, דימונה, Israel",,no,dist=324m name=1.00 needs-review
1770,flagged,0.4,0.923,323,השוארמה של עמוס,השווארמה של עמוס,no,"הרצל 29, אשקלון, Israel",,no,dist=323m name=0.92 business=CLOSED_PERMANENTLY (non-operational)
1771,verified,0.95,0.500,3,פיצה שמש באר שבע,Pizza Shemesh,no,"שד' יצחק רגר 185, באר שבע, Israel","מרכז אורן יצחק רגר 185, Beersheba, Israel",yes,dist=3m name=0.50 close-proximity
1772,no_match,0.2,0.500,993,שיפודים גריל ישראלי,שווארמה גריל בר אשדוד,no,"הגדוד העברי 5, אשדוד, Israel",,no,dist=993m name=0.50 no-match
1773,no_match,0.2,0.800,188964,רולדין,Roladin,no,"צומת אלי כהן, קניון הנגב, Israel",,no,dist=188964m name=0.80 no-match
1774,flagged,0.4,1.000,52,בוארון החדש אשקלון,בוארון החדש,no,"צה""ל 4, אשקלון, Israel",,no,dist=52m name=1.00 business=CLOSED_PERMANENTLY (non-operational)
1775,verified,0.88,1.000,159,פיצה גולד,פיצה גולד,yes,"יצחק בן צבי 10, באר שבע, Israel","Yitshak Ben Zvi St 1, Be'er Sheva, Israel",yes,dist=159m name=1.00 near+name
1776,no_match,0.2,0.667,202407,פיצרלה,Pitzarela,no,"ישע, Israel",,no,dist=202407m name=0.67 no-match
1777,verified,0.95,1.000,14,פלאפל שרעבי בית החומוס והפול,פלאפל שרעבי בית החומוס והפול,yes,"העבודה 6, אשקלון, Israel","Ha-Avoda St 6, Ashkelon, Israel",yes,dist=14m name=1.00 close-proximity
1778,no_match,0.2,1.000,28377,מוקפצין,מוקפצין,no,"שד' ירושלים 2, באר שבע, Israel",,no,dist=28377m name=1.00 no-match
1779,no_match,0.2,1.000,1812,קמילה,קמילה - גריל בשרים ישראלי,no,"קריית גת, Israel",,no,dist=1812m name=1.00 no-match
1780,verified,0.88,1.000,76,דראי'ס,שווארמה דראי'ס,yes,"שד' בן גוריון 4, מצפה רמון, Israel","Sderot David Ben Gurion, Mitzpe Ramon, Israel",yes,dist=76m name=1.00 near+name
1781,no_match,0.2,1.000,168295,בורגרים,"בורגרים שדרות, כשר למהדרין בד""צ בית יוסף.",no,"דרך מנחם בגין 1, שדרות, Israel",,no,dist=168295m name=1.00 no-match
1782,no_match,0.2,0.000,1085,קפה פולט,Roasters באר שבע,no,"ככר מנחם בגין 2, באר שבע, Israel",,no,dist=1085m name=0.00 no-match
1783,no_match,0.2,,,לה שף,,no,"צה""ל 23, אשקלון, Israel",,no,no-candidate
1784,no_match,0.2,0.667,2562,קפה לנדוור,Landwer Cafe,no,"שד' משה סנה, אשדוד, Israel",,no,dist=2562m name=0.67 no-match
1785,flagged,0.4,0.182,1384,טעם העמק,Taste the valley Kiryat Gat,no,"דרך הדרום, קריית גת, Israel",,no,dist=1384m name=0.18 business=CLOSED_PERMANENTLY (non-operational)
1786,no_match,0.2,0.500,1319,בית קפה מסעדה אופרה,Opera Cafe,no,"קנאים 27, קניון ערד, Israel",,no,dist=1319m name=0.50 no-match
1787,flagged,0.7,0.111,140,פיצה פצץ ירוחם,Pizza,no,"בורנשטיין 312, ירוחם, Israel",,no,dist=140m name=0.11 needs-review
1789,flagged,0.7,1.000,885,פיצה האט,Pizza Hut,no,"אילת, Israel",,no,dist=885m name=1.00 needs-review
1790,verified,0.95,1.000,19,פיצה השכונתית,הפיצה השכונתית באר שבע,yes,"עין גדי 14, באר שבע, Israel","Ein Gedi St 14, Be'er Sheva, Israel",yes,dist=19m name=1.00 close-proximity
1791,no_match,0.2,0.167,3052,פיצה בר,פיצה בר נתיבות,no,"שד' ירושלים 1, נתיבות, Israel",,no,dist=3052m name=0.17 no-match
1792,flagged,0.7,1.000,883,פיצה כמעט חינם,פיצה כמעט חינם,no,"שד' הנשיא 20, דימונה, Israel",,no,dist=883m name=1.00 needs-review
1793,flagged,0.4,1.000,86,פינה בים,פינה בים,no,"הים 4, אילת, Israel",,no,dist=86m name=1.00 business=CLOSED_PERMANENTLY (non-operational)
1794,verified,0.88,1.000,88,פיצה צ'יז Pizza Cheese,Cheese Pizza,no,"אדר 4, אשדוד, Israel","Adar St 4, Ashdod, Israel",yes,dist=88m name=1.00 near+name
1795,flagged,0.7,1.000,794,פלאפל אל הנגב,פלאפל אל הנגב - פלאפל בבאר שבע,no,"המדע 10, באר שבע, Israel",,no,dist=794m name=1.00 needs-review
1796,flagged,0.7,1.000,278,בורגראנץ',בורגראנץ' שדרות,no,"הרצל 31, שדרות, Israel",,no,dist=278m name=1.00 needs-review
1797,verified,0.88,1.000,96,"ג'קניס בע""מ",ג'קניס,yes,"אנפה 1, אילת, Israel","Anafa St 1, Eilat, Israel",yes,dist=96m name=1.00 near+name
1798,flagged,0.7,1.000,493,פלאפל בוארון נתיבות,פלאפל בוארון נתיבות,no,"יוסף סמלו 9, נתיבות, Israel",,no,dist=493m name=1.00 needs-review
1799,verified,0.88,1.000,96,באזל בר שדרות,באזל בר מסעדה שדרות,yes,"הרצל 3, שדרות, Israel","איילים, שדרות, Israel",yes,dist=96m name=1.00 near+name
1800,no_match,0.2,0.500,1323,וויל וויל טוסט נקניק,שאט טוסט,no,"בן יהודה 15, פרץ סנטר שדרות, Israel",,no,dist=1323m name=0.50 no-match
1801,flagged,0.4,1.000,88,פיג'ויה,פיג'ויה,no,"יצחק בן צבי 10, באר שבע, Israel",,no,dist=88m name=1.00 business=CLOSED_PERMANENTLY (non-operational)
1802,no_match,0.2,0.200,1287,פיצה mix,Pizza Eilat,no,"המערב 7, אילת, Israel",,no,dist=1287m name=0.20 no-match
1803,no_match,0.2,1.000,1856,פיצה סופר,פיצה סופר נתיבות,no,"שד' ירושלים 134, נתיבות, Israel",,no,dist=1856m name=1.00 no-match
1805,flagged,0.7,1.000,1168,קפה סיאל,Siel Coffee,no,"שד' שז""ר 33, באר שבע, Israel",,no,dist=1168m name=1.00 needs-review
1806,flagged,0.4,1.000,171,בלינצ'ס קפה,בלינצ'ס קפה,no,"יהודה הלוי 15, קניון לב אשדוד, Israel",,no,dist=171m name=1.00 business=CLOSED_TEMPORARILY (non-operational)
1807,flagged,0.4,1.000,604,שיפודים,שיפודים אשדוד,no,"האורגים 27, נמל אשדוד, Israel",,no,dist=604m name=1.00 business=CLOSED_PERMANENTLY (non-operational)
1808,no_match,0.2,0.500,416,שניצל קוקוריקו,שניצל פקטורי - גן העיר אשדוד,no,"העצמאות 93, אשדוד, Israel",,no,dist=416m name=0.50 no-match
1809,flagged,0.7,0.667,637,פיצה גו go,פיצה גו,no,"הרצל 97, באר שבע, Israel",,no,dist=637m name=0.67 needs-review
1810,no_match,0.2,1.000,2346,פיצה פרגו,פיצה פרגו אשדוד,no,"הגדוד העברי 1, אשדוד, Israel",,no,dist=2346m name=1.00 no-match
1811,verified,0.95,1.000,66,האחים שופן שירותי קייטרינג,קייטרינג האחים שופן,yes,"החורש 22, באר שבע, Israel","Ha-Khoresh St 22, Be'er Sheva, 8410000, Israel",yes,dist=66m name=1.00 close-proximity
1812,no_match,0.2,0.273,1795,דיאל קוקיס D.L Cookies,HEY COOKIE היי קוקי,no,"הדעת 102, באר שבע, Israel",,no,dist=1795m name=0.27 no-match
1813,flagged,0.4,1.000,113,נלסון,"Nelson נלסון קפה, מטבח ובר",no,"ברל כצנלסון 13, אשקלון, Israel",,no,dist=113m name=1.00 business=CLOSED_PERMANENTLY (non-operational)
1814,no_match,0.2,0.176,300,שווארמה איציק המחודש,Itzik Shawarma,no,"מרכז מסחרי רזין 5, אילת, Israel",,no,dist=300m name=0.18 no-match
1815,flagged,0.7,0.750,379,פיצה איטלינו,Pizza Italiano,no,"מבצע נחשון 60, באר שבע, Israel",,no,dist=379m name=0.75 needs-review
1816,verified,0.95,1.000,12,פיצה האט,Pizza Hut,no,"בעלי המלאכה 5, צים סנטר נתיבות, Israel","צים אורבן נתיבות, Ba'alei ha-Melakha St 5, Netivot, Israel",yes,dist=12m name=1.00 close-proximity
1817,no_match,0.2,1.000,1744,איציק שווארמה,איציק שווארמה ובשרים על האש,no,"שד' לכיש 177, קריית גת, Israel",,no,dist=1744m name=1.00 no-match
1818,flagged,0.7,1.000,441,ארליך,ארליך,no,"הרצל 19, אשקלון, Israel",,no,dist=441m name=1.00 needs-review
1819,no_match,0.2,0.375,1110,פלאפל נטו,פינת הפלאפל והשניצל,no,"דרך מנחם בגין 4, שדרות, Israel",,no,dist=1110m name=0.38 no-match
1821,flagged,0.4,1.000,1264,האותנטית,האותנטית,no,"דרך חברון 48, ביג באר שבע, Israel",,no,dist=1264m name=1.00 business=CLOSED_PERMANENTLY (non-operational)
1822,verified,0.95,1.000,22,שיפודי אל הנגב,שיפודי אל הנגב - שווארמה בבאר שבע | מסעדת בשרים,yes,"שד' יצחק רגר 23, באר שבע, Israel","Yitzhack I. Rager Blvd 187, Be'er Sheva, Israel",yes,dist=22m name=1.00 close-proximity
1823,flagged,0.7,1.000,294,הלגה טוסט נקניק & נקניקיות,הלגה טוסט נקניק,no,"ההסתדרות 37, באר שבע, Israel",,no,dist=294m name=1.00 needs-review
1824,no_match,0.2,0.333,772,שליס,שלומי בפיתה,no,"יוסף סמלו 8, נתיבות, Israel",,no,dist=772m name=0.33 no-match
1825,flagged,0.7,1.000,703,פיצה עגבניה,פיצה עגבניה אילת,no,"אילת, Israel",,no,dist=703m name=1.00 needs-review
1826,no_match,0.2,0.200,557,בי 10,Derech HaShalom 907/10,no,"דרך השלום 907, דימונה, Israel",,no,dist=557m name=0.20 no-match
1827,no_match,0.2,0.375,315,חומוס סוף,Hummusuf,no,"המלאכה 5, אילת, Israel",,no,dist=315m name=0.38 no-match
1828,verified,0.88,0.615,168,שווארמה פל פל אילת,Shawarma Pilpel,no,"שד' התמרים 134, אילת, Israel","Sderot HaTmarim 16-20, Eilat, Israel",yes,dist=168m name=0.62 near+name
1829,flagged,0.4,0.500,106,אשכרה בשרים,Ashkarah Grill bar,no,"המלאכה 18, אילת, Israel",,no,dist=106m name=0.50 business=CLOSED_PERMANENTLY (non-operational)
1830,no_match,0.2,1.000,1755,פיצה בריבוע,פיצה בריבוע,no,"שד' מלכי ישראל 178, ישפרו סנטר קרית גת, Israel",,no,dist=1755m name=1.00 no-match
1831,verified,0.95,1.000,23,פיצה מזל,פיצה מזל,yes,"דוד וולפסון 1, אשדוד, Israel","David Wolffsohn St 1, Ashdod, Israel",yes,dist=23m name=1.00 close-proximity
1832,no_match,0.2,1.000,2401,קפה עלית-אספרסו בר,קפה עלית אספרסו בר,no,"באר שבע, Israel",,no,dist=2401m name=1.00 no-match
1833,flagged,0.7,1.000,304,Crema express,Crema Express,no,"שד' התמרים 13, אילת, Israel",,no,dist=304m name=1.00 needs-review
1834,no_match,0.2,0.625,1324,בורקסטופ,Burekas Stop,no,"טללים, Israel",,no,dist=1324m name=0.63 no-match
1835,no_match,0.2,1.000,1346,פיצה האט,פיצה האט - קרית גת,no,"דרך הדרום 3, קריית גת, Israel",,no,dist=1346m name=1.00 no-match
1836,no_match,0.2,0.273,1466,סיצילה,לוצ'נה באר שבע,no,"באר שבע, Israel",,no,dist=1466m name=0.27 no-match
1837,verified,0.88,1.000,207,גרג קיטשן,גרג קיטשן סניף גן העיר אשדוד,yes,"הגדוד העברי 1, אשדוד, Israel","גן העיר, הגדוד העברי 1, אשדוד, 7745511, Israel",yes,dist=207m name=1.00 near+name
1838,flagged,0.6,0.273,47,השבע,Pasha Shawarma Ashdod,no,"הבנאים 4, נמל אשדוד, Israel",,no,dist=47m name=0.27 proximity-name-mismatch
1839,no_match,0.2,0.235,3667,בשרים במעשנה smokin meat,פרננדוס כרמי גת,no,"קריית גת, Israel",,no,dist=3667m name=0.24 no-match
1840,flagged,0.4,0.167,174,ניוז קופי,News coffee Eilat,no,"דרבן, אילת, Israel",,no,dist=174m name=0.17 business=CLOSED_PERMANENTLY (non-operational)
1841,verified,0.95,0.444,14,בליקר בייקרי,Bleecker Bakery Ashdod,no,"הגדוד העברי 6, קניון סי מול, אשדוד, Israel","Ha-Gdud ha-Ivri St, Ashdod, Israel",yes,dist=14m name=0.44 close-proximity
1842,no_match,0.2,1.000,4567,בורגרים תחנה מרכזית,"בורגרים באר שבע- תחנה מרכזית ב""ש, כשר בשר חלק",no,"משה קהירי 2, באר שבע, Israel",,no,dist=4567m name=1.00 no-match
1843,no_match,0.2,1.000,76073,בורגרס בר,Burgers Bar בורגרס בר,no,"ישע, Israel",,no,dist=76073m name=1.00 no-match
1844,verified,0.88,0.600,84,פסקדו,Pescado,no,"מרטין בובר 1, אשדוד, Israel","Martin Buber St 1/12, Ashdod, Israel",yes,dist=84m name=0.60 near+name
1845,no_match,0.2,0.667,2118,שניצליין באר שבע,"שניצל טיים באר שבע | חלות שניצל , מגשי אירוח",no,"יצחק בן צבי 4, קניון הנגב, Israel",,no,dist=2118m name=0.67 no-match
1846,flagged,0.4,1.000,512,פיצה דומינו,פיצה דומינו,no,"שד' בן גוריון 3, מצפה רמון, Israel",,no,dist=512m name=1.00 business=CLOSED_PERMANENTLY (non-operational)
1847,verified,0.95,1.000,55,פיצה האט,Pizza Hut,no,"פרץ סנטר דימונה, Israel","קניון פרץ, Dimona, Israel",yes,dist=55m name=1.00 close-proximity
1848,no_match,0.2,0.500,3111,המטבח של שושנה,הסוד של שושנה - ג'חנון באילת | משלוחי ג'חנון באילת | ג'חנון בשבת באילת | חמין בשבת באילת,no,"דרך אילת 15, באר שבע, Israel",,no,dist=3111m name=0.50 no-match
1849,no_match,0.2,1.000,1656,"ד""ר שניצל","ד""ר שניצל - שדרות",no,"דרך מנחם בגין 1, שדרות, Israel",,no,dist=1656m name=1.00 no-match
1850,no_match,0.2,0.214,1702,תמרינד,Beer garden - ביר גארדן אילת,no,"דרך פעמי השלום 23, טיילת רויאל ביץ', אילת, Israel",,no,dist=1702m name=0.21 no-match
1851,flagged,0.6,0.091,65,אוכל ביתי,אל סיקרטו - El secreto,no,"קק""ל 29, באר שבע, Israel",,no,dist=65m name=0.09 proximity-name-mismatch
1852,no_match,0.2,0.167,608,פוטאטוס,סבא ג'בטו (כשר),no,"שד' יוהנה ז'בוטינסקי 11, באר שבע, Israel",,no,dist=608m name=0.17 no-match
1853,verified,0.95,1.000,55,בית האוכל הבוכרי,בית האוכל הבוכרי,yes,"הכרם 17, אשקלון, Israel","Ha-Kerem St 2, Ashkelon, Israel",yes,dist=55m name=1.00 close-proximity
1854,verified,0.88,1.000,146,פיצה כמעט חינם,Pizza Kimat Hinam,no,"גן בנימין 12, אילת, Israel","גן בנימין 12 חנות מספר 3 מרכז חופית אילת, Eilat, 8801430, Israel",yes,dist=146m name=1.00 near+name
1855,verified,0.88,1.000,95,הגחלים,הגחלים,yes,"הנשיא 90, אשקלון, Israel","Ha-Gvura St 1, Ashkelon, Israel",yes,dist=95m name=1.00 near+name
1856,no_match,0.2,0.231,818,פיצה פסטה,Pasta Basta ringelblum,no,"המדע 43, באר שבע, Israel",,no,dist=818m name=0.23 no-match
1857,verified,0.88,1.000,211,הירושלמית,הירושלמית- בוא להיות מעורב,yes,"קק""ל 47, באר שבע, Israel","שדרות קק״ל 47, באר שבע, 8476801, Israel",yes,dist=211m name=1.00 near+name
1858,flagged,0.4,1.000,36,יאללה שווארמה,יאללה שווארמה,no,"אברהם אבינו 94, באר שבע, Israel",,no,dist=36m name=1.00 business=CLOSED_PERMANENTLY (non-operational)
1859,flagged,0.7,0.667,492,בורגראנץ' דימונה,בורגראנץ' סניף אילת,no,"שד' התמרים 133, אילת, Israel",,no,dist=492m name=0.67 needs-review
1860,no_match,0.2,0.125,57727,מסעדת ציפורה,Shipudei Tzipora,no,"אהבת ישראל 14, שדרות, Israel",,no,dist=57727m name=0.13 no-match
1861,no_match,0.2,,,קייטרינג גיטליה,,no,"אשדוד, Israel",,no,no-candidate
1862,flagged,0.4,1.000,446,אדיס-עלם,אדיס עלם,no,"הבנאים 5, נמל אשדוד, Israel",,no,dist=446m name=1.00 business=CLOSED_PERMANENTLY (non-operational)
1863,no_match,0.2,1.000,3158,פיצה האט,Pizza Hut,no,"שד' יצחק רגר 53, באר שבע, Israel",,no,dist=3158m name=1.00 no-match
1864,no_match,0.2,0.167,3017,ברקודה בר,Matilda Bar,no,"האורגים 6, נמל אשדוד, Israel",,no,dist=3017m name=0.17 no-match
1865,verified,0.88,0.667,161,מיסטר שי,Mr. Shay,no,"פלמ""ח 32, ערד, Israel","Palmach St 32, Arad, Israel",yes,dist=161m name=0.67 near+name
1866,flagged,0.4,1.000,41,פיצאסו,פיצאסו Pizzasso,no,"גדעון בן יואש 39, אשקלון, Israel",,no,dist=41m name=1.00 business=CLOSED_PERMANENTLY (non-operational)
1867,no_match,0.2,0.167,513,החלביה,Mall 7 shopping Center,no,"הע""ל 30, מול 7 MALL, באר שבע, Israel",,no,dist=513m name=0.17 no-match
1868,verified,0.88,1.000,248,לולה טורטיה בר,לולה טורטייה בר,yes,"צפניה 10, אשקלון, Israel","מרכז אפרידר, צפניה 10, אשקלון, Israel",yes,dist=248m name=1.00 near+name
1869,no_match,0.2,0.400,1269,גולדה,Golda Eilat,no,"אילת, Israel",,no,dist=1269m name=0.40 no-match
1870,flagged,0.7,1.000,689,הקוסקוס של רותם,הקוסקוס של רותם,no,"דרך הדרום 9, קריית גת, Israel",,no,dist=689m name=1.00 needs-review
1871,no_match,0.2,0.667,1883,מסעדת סרי,Sifriya,no,"באר שבע, Israel",,no,dist=1883m name=0.67 no-match
1872,verified,0.95,1.000,44,פיצה בוס,פיצה בוס,yes,"גיא אוני 12, אשדוד, Israel","Gei Oni St 12, Ashdod, Israel",yes,dist=44m name=1.00 close-proximity
1873,verified,0.95,1.000,66,חומוס אליהו,חומוס אליהו אשדוד,yes,"הבנאים 7, נמל אשדוד, Israel","HaBana'im St 7, Ashdod, Israel",yes,dist=66m name=1.00 close-proximity
1874,flagged,0.6,0.000,64,דוקטור פיצה,באביס פיצה - babi's,no,"משה ברזני 25, קריית גת, Israel",,no,dist=64m name=0.00 proximity-name-mismatch
1875,verified,0.95,0.500,65,הלליס שווארמה,שווארמה אשקלון,no,"הגבורה 15, אשקלון, Israel","Ha-Gvura St 7, Ashkelon, Israel",yes,dist=65m name=0.50 close-proximity
1876,verified,0.88,1.000,132,החומוס של טחינה,החומוס של טחינה,yes,"הרצל 51, שדרות, Israel","Hertsel St 51, Sderot, Israel",yes,dist=132m name=1.00 near+name
1877,flagged,0.7,1.000,970,קפה גרג,קפה גרג גרנד קניון באר שבע,no,"שד' דוד טוביהו 125, באר שבע, Israel",,no,dist=970m name=1.00 needs-review
1878,flagged,0.4,1.000,381,שיפודי רון,שיפודי רון,no,"מ""ד המעפילים 4, דימונה, Israel",,no,dist=381m name=1.00 business=CLOSED_PERMANENTLY (non-operational)
1879,no_match,0.2,0.200,2511,טוסטאדס,מורדוך אשקלון -טוסט נקניק,no,"פרידן, אשקלון, Israel",,no,dist=2511m name=0.20 no-match
1880,flagged,0.4,0.167,1391,אש ועשן,Fire and Smoke Restaurant,no,"שד' הפרחים 31, אשדוד, Israel",,no,dist=1391m name=0.17 business=CLOSED_PERMANENTLY (non-operational)
1881,flagged,0.6,0.000,32,גספאצ'ו,Yekuti'el Adam St 9,no,"יקותיאל אדם 9, אשקלון, Israel",,no,dist=32m name=0.00 proximity-name-mismatch
1882,verified,0.88,1.000,218,מיקי'ס,מיקי'ס,yes,"יהושע הצורף 34, באר שבע, Israel","Yehoshu'a ha-Tsoref St 34, Be'er Sheva, Israel",yes,dist=218m name=1.00 near+name
1883,flagged,0.7,0.600,676,החומוס של אמא,החומוס של טחינה,no,"הדקל 41, שדרות, Israel",,no,dist=676m name=0.60 needs-review
1884,no_match,0.2,0.556,686,פלאפל בוארון,Falafel Boaron,no,"הרצל 44, אשקלון, Israel",,no,dist=686m name=0.56 no-match
1885,verified,0.88,1.000,156,שיפודי הפינה,שיפודי הפינה,yes,"הרצל 9, אשקלון, Israel","Herzl St 9, Ashkelon, Israel",yes,dist=156m name=1.00 near+name
1886,flagged,0.4,1.000,350,סבא שמחה,סבא שמחה,no,"הרצל 27, שדרות, Israel",,no,dist=350m name=1.00 business=CLOSED_PERMANENTLY (non-operational)
1887,flagged,0.7,1.000,771,טורו פרימיום,טורו פרמיום,no,"דרך הדרום 22, קריית גת, Israel",,no,dist=771m name=1.00 needs-review
1888,no_match,0.2,1.000,1260,קפה לימון,בר קפה - לימון,no,"שד' הרצל 1, אשדוד, Israel",,no,dist=1260m name=1.00 no-match
1889,verified,0.88,1.000,193,הקוסקוס של ז'קלין,הקוסקוס של ז'קלין,yes,"שומרון 64, באר שבע, Israel","Shomron St 64, Be'er Sheva, Israel",yes,dist=193m name=1.00 near+name
1890,flagged,0.4,1.000,342,שניצל קוויק,שניצל קוויק,no,"הפלמ""ח 20, אשדוד, Israel",,no,dist=342m name=1.00 business=CLOSED_PERMANENTLY (non-operational)
1891,flagged,0.7,1.000,1030,פיצה כמעט חינם,פיצה כמעט חינם,no,"דרך מנחם בגין 4, שדרות, Israel",,no,dist=1030m name=1.00 needs-review
1892,verified,0.95,0.750,22,מקדונלד'ס,McDonald's,no,"בלפור 14, קניון לב אשדוד, Israel","קניון הסיטי שדרות מנחם בגין אשדוד, ים, 7763801, Israel",yes,dist=22m name=0.75 close-proximity
1893,flagged,0.4,1.000,134,המטבח של לידור,המטבח של לידור,no,"אטד 86, באר שבע, Israel",,no,dist=134m name=1.00 business=CLOSED_PERMANENTLY (non-operational)
1894,verified,0.88,0.500,106,באגט דולפין אילת,Baguette Dolphin,no,"הקניון האדום, אילת, Israel","הקניון האדום, Eilat, Israel",yes,dist=106m name=0.50 near+name
1895,no_match,0.2,0.500,436,"""מאפית בית הלחם""",בית הלחם והמאפה,no,"קריית גת, Israel",,no,dist=436m name=0.50 no-match
1896,flagged,0.4,1.000,2429,טביליסי,מסעדה טביליסי,no,"דרך מצדה 266, באר שבע, Israel",,no,dist=2429m name=1.00 business=CLOSED_PERMANENTLY (non-operational)
1897,no_match,0.2,0.300,963,מעדן,Maadaney Mania Delicates,no,"צפניה, אשקלון, Israel",,no,dist=963m name=0.30 no-match
1898,no_match,0.2,,,האנוי מסעדה סינית,,no,"הנרייטה סולד 8, באר שבע, Israel",,no,no-candidate
1899,flagged,0.7,0.250,93,פלמריי גריל בר,פבלה pavella,no,"מרטין בובר 1, אשדוד, Israel",,no,dist=93m name=0.25 needs-review
1900,no_match,0.2,1.000,16086,קאסה דל-פפה,קאסה דל פפה,no,"דרך החרושת, קריית גת, Israel",,no,dist=16086m name=1.00 no-match
1901,no_match,0.2,0.125,518,Chef burger,מיסטר B10 דימונה,no,"שד' יגאל אלון 31, דימונה, Israel",,no,dist=518m name=0.13 no-match
1902,flagged,0.7,1.000,326,טוסטל,טוסטל - טוסט בשר פרימיום,no,"בעלי המלאכה 200, נתיבות, Israel",,no,dist=326m name=1.00 needs-review
1903,verified,0.88,1.000,92,פיצה טיים,פיצה טיים - פיצה כשרה באילת | פיצריה באילת,yes,"סיני 683, אילת, Israel","Sinai St 683, Eilat, 8800000, Israel",yes,dist=92m name=1.00 near+name
1904,no_match,0.2,0.357,1716,הקבב של סבתא,רקבב תומר תומס,no,"העמל 41, נמל אשדוד, Israel",,no,dist=1716m name=0.36 no-match
1905,flagged,0.7,0.071,76,לה ורה,KSP computers and cellular,no,"אלי כהן 21, אשקלון, Israel",,no,dist=76m name=0.07 needs-review
1906,verified,0.88,1.000,98,פיצה לב הרובע,פיצה לב הרובע,yes,"רבי ינאי 7, אשדוד, Israel","Rabbi Yanai St 7, Ashdod, Israel",yes,dist=98m name=1.00 near+name
1907,no_match,0.2,0.300,626,הפיצה של יהושוע,Joshua's pizza,no,"דימונה, Israel",,no,dist=626m name=0.30 no-match
1908,no_match,0.2,0.125,304,יוברי,Yoberry / You - Dairy & Vegan restaurant,no,"הזית 41, קריית גת, Israel",,no,dist=304m name=0.13 no-match
1909,verified,0.88,1.000,243,Burger King אשדוד,Burger King,no,"אורט 1, נמל אשדוד, Israel","אורט 2 מתחם תחנת דלק מנטה אשדוד, Ashdod, 7724220, Israel",yes,dist=243m name=1.00 near+name
1911,no_match,0.2,0.136,2313,בן שימול,"סופר זול מסס ובניו בע""מ",no,"שד' ירושלים 31, נתיבות, Israel",,no,dist=2313m name=0.14 no-match
1912,no_match,0.2,0.143,401,עוגה צ'אגה,Uga Chaga Bakery Eilat,no,"אילות, אילת, Israel",,no,dist=401m name=0.14 no-match
1913,no_match,0.2,0.833,1740,שיבולים,Shibolim - Bakery & Restaurant,no,"שד' ששת הימים 310, אילת, Israel",,no,dist=1740m name=0.83 no-match
1914,verified,0.88,0.750,198,עומר'ס,Omer's,no,"שד' התמרים 83, אילת, Israel","Sderot HaTmarim 26, Eilat, Israel",yes,dist=198m name=0.75 near+name
1915,no_match,0.2,0.364,4605,השיפודיה של כהן,שלומי שיפודין,no,"דוד המלך 2, באר שבע, Israel",,no,dist=4605m name=0.36 no-match
1916,flagged,0.7,1.000,682,המרענן,המרענן -קייטרינג חלבי ומגשי אירוח אשדוד,no,"האורגים 24, נמל אשדוד, Israel",,no,dist=682m name=1.00 needs-review
1917,flagged,0.4,1.000,907,הדסה כל ההבדל בטעם,הדסה כל ההבדל בטעם,no,"העבודה 57, נמל אשדוד, Israel",,no,dist=907m name=1.00 business=CLOSED_PERMANENTLY (non-operational)
1918,flagged,0.6,0.000,68,להפרנייה,Baba Sali St 103,no,"בבא סאלי 103, דימונה, Israel",,no,dist=68m name=0.00 proximity-name-mismatch
1919,verified,0.88,1.000,136,פיצריית בית הזיווה,פיצריית בית הזיווה אשקלון,yes,"שילה 1, אשקלון, Israel","Shilo St 1, Ashkelon, Israel",yes,dist=136m name=1.00 near+name
1920,no_match,0.2,0.167,2399,הבגאט של נונו,נונה- מזללה איכותית,no,"אשקלון, Israel",,no,dist=2399m name=0.17 no-match
1921,no_match,0.2,0.143,1071,קפה עלית-אספרסו בר,Black Gold Coffee Boutique Ashdod,no,"שד' מנחם בגין, אשדוד, Israel",,no,dist=1071m name=0.14 no-match
1922,no_match,0.2,1.000,2909,קייטרינג בשמל,בשמל,no,"באר שבע, Israel",,no,dist=2909m name=1.00 no-match
1923,verified,0.88,1.000,141,קפטן קרפ,קפטן קרפ - מרינה מול,yes,"הנמל 9, אשקלון, Israel","HaNamal St 9, Ashkelon, Israel",yes,dist=141m name=1.00 near+name
1924,no_match,0.2,0.077,343,שווארמת התקווה,Tapuz shopping centre,no,"יצחק בן צבי 10, באר שבע, Israel",,no,dist=343m name=0.08 no-match
1927,no_match,0.2,0.364,508,בוטיק הברבוניה,בר-בוניה,no,"קק""ל 138, באר שבע, Israel",,no,dist=508m name=0.36 no-match
1928,no_match,0.2,1.000,1697,T-MIX,Mix Markt Ashdod,no,"העצמאות 4, אשדוד, Israel",,no,dist=1697m name=1.00 no-match
1929,flagged,0.7,1.000,510,פיצה צ'ולו,פיצה צ'ולו,no,"מבצע עובדה 22, באר שבע, Israel",,no,dist=510m name=1.00 needs-review
1930,flagged,0.7,0.000,105,אזורה,Gilat Center,no,"אליהו הנביא 2, באר שבע, Israel",,no,dist=105m name=0.00 needs-review
1931,no_match,0.2,1.000,2313,חלבילי,חלבילי,no,"יוסף בן מתתיהו 76, אוניברסיטת בן-גוריון בנגב, באר שבע, Israel",,no,dist=2313m name=1.00 no-match
1932,verified,0.88,1.000,208,פיצה שבע,פיצה שבע,yes,"שומרון 16, באר שבע, Israel","Shomron St 16, Be'er Sheva, Israel",yes,dist=208m name=1.00 near+name
1933,no_match,0.2,0.111,275,ביביס,מיני מרקט השכונתית,no,"הדעת 102, באר שבע, Israel",,no,dist=275m name=0.11 no-match
1934,flagged,0.6,0.167,20,בלחמניה,Big Eilat,no,"הסתת 20, ביג אילת, Israel",,no,dist=20m name=0.17 proximity-name-mismatch
1935,flagged,0.7,1.000,908,פיצה פצץ,פיצה פצץ אשדוד,no,"תש""ח 11, אשדוד, Israel",,no,dist=908m name=1.00 needs-review
1936,verified,0.95,1.000,39,פיצה ברכה,פיצה ברכה,yes,"דוד וולפסון 1, אשדוד, Israel","David Wolffsohn St 1, Ashdod, Israel",yes,dist=39m name=1.00 close-proximity
1937,verified,0.95,0.667,40,קקאו,Kakao,no,"הנמל 9, אשקלון, Israel","HaNamal St 9, Ashkelon, Israel",yes,dist=40m name=0.67 close-proximity
1938,no_match,0.2,1.000,4104,רומן,מוסך רומן,no,"אשדוד, Israel",,no,dist=4104m name=1.00 no-match
1939,verified,0.95,1.000,32,פיצה סמיילי,smiley Pizza,no,"חטיבת כרמלי 3, אשדוד, Israel","Hativat Carmeli St, Ashdod, Israel",yes,dist=32m name=1.00 close-proximity
1940,flagged,0.7,1.000,742,הפסאז',הפסאז' - מסעדת המבורגר,no,"ככר הנשיא 11, שדרות, Israel",,no,dist=742m name=1.00 needs-review
1941,flagged,0.6,0.286,15,levi's,HaHavit,no,"נחל ציחור 10, מצפה רמון, Israel",,no,dist=15m name=0.29 proximity-name-mismatch
1942,no_match,0.2,0.500,271,עדן קונדיטוריה,קונדיטוריית עדן,no,"רמז דוד 13, אשקלון, Israel",,no,dist=271m name=0.50 no-match
1943,no_match,0.2,,,מונז׳ המטעמים של קטי,,no,"הגדוד העברי 13, אשקלון, Israel",,no,no-candidate
1944,no_match,0.2,0.077,794,מפגש ארבל,Arbel meeting,no,"צה""ל 13, אשקלון, Israel",,no,dist=794m name=0.08 no-match
1945,verified,0.95,0.538,11,פיצה הפרלמנט,Ha'Parlament Minimarket,no,"מקלף מרדכי 44, באר שבע, Israel","Mordekhai Makleff St 44, Be'er Sheva, Israel",yes,dist=11m name=0.54 close-proximity
1946,verified,0.88,1.000,83,Coffee Cake,Coffee Cake,yes,"קרן היסוד 4, קניון קרית הממשלה, באר שבע, Israel","Keren ha-Yesod St 4, Be'er Sheva, Israel",yes,dist=83m name=1.00 near+name
1947,verified,0.95,0.500,55,צי'קן טוסט,טוסט נקניק,no,"קק""ל 42, באר שבע, Israel","Kakal St 24, Be'er Sheva, Israel",yes,dist=55m name=0.50 close-proximity
1948,no_match,0.2,1.000,2037,פיצה כמעט חינם,Pizza Kimat Hinam,no,"שד' יוהנה ז'בוטינסקי 15, באר שבע, Israel",,no,dist=2037m name=1.00 no-match
1949,verified,0.95,1.000,44,לאב בר מיוזיק,לאב-בר מיוזיק,yes,"ברל כצנלסון 7, אשקלון, Israel","Berl Katsnelson St 7, Ashkelon, Israel",yes,dist=44m name=1.00 close-proximity
1950,verified,0.88,0.750,177,אמריקן פיצה,American Pizza,no,"שבט לוי 16, אשדוד, Israel","1 מתחם מג'יק, שבט לוי 16, אשדוד, Israel",yes,dist=177m name=0.75 near+name
1951,flagged,0.4,0.500,76,"המחמסים בע""מ אשקלון",חומוס המחמסים,no,"אלי כהן 21, אשקלון, Israel",,no,dist=76m name=0.50 business=CLOSED_PERMANENTLY (non-operational)
1952,verified,0.88,1.000,121,פיצה כמעט חינם,פיצה כמעט חינם קרית גת,yes,"הגפן 5, קניון גת סנטר, קריית גת, Israel","HaGefen St 5, Kiryat Gat, Israel",yes,dist=121m name=1.00 near+name
1953,flagged,0.4,0.800,28412,גליצה,Pizza Glitz'h,no,"שד' ירושלים 2, באר שבע, Israel",,no,dist=28412m name=0.80 business=CLOSED_PERMANENTLY (non-operational)
1954,verified,0.95,1.000,21,שניצליה,שניצליה,yes,"מדיין 14, אילת, Israel","מרכז הוכמן, מדיין 12, אילת, 88000, Israel",yes,dist=21m name=1.00 close-proximity
1955,no_match,0.2,0.188,2971,שירה בייקרי אשדוד משלוחים,Bleecker Bakery Ashdod,no,"האורגים 6, נמל אשדוד, Israel",,no,dist=2971m name=0.19 no-match
1956,no_match,0.2,0.417,1696,בנדורה,הום אנד מור Home And More,no,"כיכר אליהו גולומב 1, אשקלון, Israel",,no,dist=1696m name=0.42 no-match
1957,verified,0.88,1.000,191,האיטלקיה,האיטלקיה,yes,"שד' לכיש 37, קריית גת, Israel","Sderot Lachish 37, Kiryat Gat, Israel",yes,dist=191m name=1.00 near+name
1958,no_match,0.2,0.250,1740,ניו סאב,קניון הנגב,no,"שד' יצחק רגר 2, קניון הנגב, Israel",,no,dist=1740m name=0.25 no-match
1959,verified,0.95,0.750,24,סושי מושי,Sushi Mushi,no,"קאמפן 9, אילת, Israel","Kampen St 8, Eilat, Israel",yes,dist=24m name=0.75 close-proximity
1960,no_match,0.2,1.000,1864,הטאבון -אפייה של פעם,הטאבון,no,"דימונה, Israel",,no,dist=1864m name=1.00 no-match
1961,no_match,0.2,0.143,513,לחם בשר,Mall 7 shopping Center,no,"הע""ל 30, מול 7 MALL, באר שבע, Israel",,no,dist=513m name=0.14 no-match
1962,no_match,0.2,0.200,698,פיצה דל אמור,Pizza Roma,no,"שד' העצמאות 49, קריית גת, Israel",,no,dist=698m name=0.20 no-match
1963,verified,0.95,1.000,12,מסעדת הטריפולטאית,הטריפוליטאית,yes,"המסגר 5, אילת, Israel","HaMasger St 5, Eilat, Israel",yes,dist=12m name=1.00 close-proximity
1964,flagged,0.7,1.000,645,איטאלי,איטאלי - Eataly: מסעדה איטלקית באשקלון.,no,"הנשיא 4, אשקלון, Israel",,no,dist=645m name=1.00 needs-review
1965,no_match,0.2,,,טוסטעים ג,,no,"הנשיא 97, אשקלון, Israel",,no,no-candidate
1966,no_match,0.2,1.000,151861,קפה גרג,Cafe Greg,no,"דרך מנחם בגין 1, שדרות, Israel",,no,dist=151861m name=1.00 no-match
1967,flagged,0.4,1.000,50,בית התה,Kibbutz Lotan Tea House בית התה קיבוץ לוטן,no,"לוטן, Israel",,no,dist=50m name=1.00 business=CLOSED_TEMPORARILY (non-operational)
1968,flagged,0.7,0.750,1147,BP ביפי מפרץ חיפה,BP - ביסטרו כשר במפרץ חיפה,no,"שד' ההסתדרות 157, חיפה, Israel",,no,dist=1147m name=0.75 needs-review
1969,flagged,0.7,1.000,633,אבן הראשה,יקב אבן הראשה - Keystone Winery,no,"שטורמן 1, בית שאן, Israel",,no,dist=633m name=1.00 needs-review
1970,no_match,0.2,0.750,1422,ארסטו,Aresto,no,"קיסריה, Israel",,no,dist=1422m name=0.75 no-match
1971,no_match,0.2,0.300,347,Guesta,גסטה ראש פינה,no,"ראש פינה, Israel",,no,dist=347m name=0.30 no-match
1972,no_match,0.2,1.000,1844,סלון יווני זכרון יעקב,סלון יווני זכרון יעקב,no,"זכרון יעקב, Israel",,no,dist=1844m name=1.00 no-match
1975,flagged,0.7,1.000,516,הלנה,Helena Bar&Restaurant הלנה בר מסעדה,no,"בית שאן, Israel",,no,dist=516m name=1.00 needs-review
1976,flagged,0.7,1.000,947,שאולי בשרים,שאולי מסעדת בשרים,no,"אור חיים 1, טבריה, Israel",,no,dist=947m name=1.00 needs-review
1977,flagged,0.7,1.000,644,צ'אנג בה,צ'אנג בה - Chang Ba,no,"שד' ירושלים 1, קריית ביאליק, Israel",,no,dist=644m name=1.00 needs-review
1978,no_match,0.2,1.000,1877,בראשית,בראשית מסעדת בשרים,no,"כרמל 1, מרכז מסחרי יקנעם, Israel",,no,dist=1877m name=1.00 no-match
1979,flagged,0.7,0.111,250,אתרא,בית הבד באבטליון,no,"אבטליון, Israel",,no,dist=250m name=0.11 needs-review
1980,verified,0.88,1.000,107,רותס,Roots רותס,yes,"ויצמן 1, עכו העתיקה, Israel","Weizman St 1, Acre, 2430122, Israel",yes,dist=107m name=1.00 near+name
1981,flagged,0.7,1.000,616,שיפודי רחמים שמחה ובניו,שיפודי רחמים שמחה ובניו,no,"דרך הגליל 515, ראש פינה, Israel",,no,dist=616m name=1.00 needs-review
1982,no_match,0.2,0.167,507,ארץ כנען,Restaurant Meatbalim,no,"ראש פינה, Israel",,no,dist=507m name=0.17 no-match
1983,verified,0.95,0.556,65,ג'ויה ראש פינה,Joya Rosh Pina,no,"התפוח 1, ראש פינה, Israel","מתחם שופינה, ראש פינה, Israel",yes,dist=65m name=0.56 close-proximity
1984,flagged,0.7,1.000,1109,ביג בן,Big Ben Restaurant,no,"טבריה, Israel",,no,dist=1109m name=1.00 needs-review
1985,verified,0.88,1.000,240,האיטלקייה,האיטלקייה,yes,"ירושלים הבירה 46, בית שאן, Israel","Yerushalayim ha-Bira St 41, Beit She'an, Israel",yes,dist=240m name=1.00 near+name
1986,flagged,0.7,1.000,401,לנדוור עפולה כשר,לנדוור עפולה כשר,no,"המלאכה 21, עפולה, Israel",,no,dist=401m name=1.00 needs-review
1987,flagged,0.7,1.000,528,הטאג'ין,הטאגין,no,"המסגר 38, חצור הגלילית, Israel",,no,dist=528m name=1.00 needs-review
1988,verified,0.95,1.000,70,Verre Bar,וור בר - VERRE BAR (כשר),yes,"השמורה 2, זכרון יעקב, Israel","HaShmura St, Zikhron Ya'akov, 3094071, Israel",yes,dist=70m name=1.00 close-proximity
1991,flagged,0.7,1.000,284,"אייל שלי שרותי מזון וקייטרינג בע""מ","אייל שלי שרותי מזון וקייטרינג בע""מ",no,"המלאכה 4, עפולה, Israel",,no,dist=284m name=1.00 needs-review
1994,flagged,0.7,1.000,281,הפגודה,הפגודה - כשרה למהדרין - בכנרת - על המים - סושי - אסייתית - תאילנדית - סינית - בצפון - טבריה,no,"דרך גדוד ברק, טבריה, Israel",,no,dist=281m name=1.00 needs-review
1995,flagged,0.7,1.000,407,רד בורגר,רד בורגר טבריה,no,"מעלה קק""ל 3, טבריה, Israel",,no,dist=407m name=1.00 needs-review
1997,no_match,0.2,0.667,2216,ביגה,Biga,no,"דרך עכו 192, קניון הקריון, קריית ביאליק, Israel",,no,dist=2216m name=0.67 no-match
1999,no_match,0.2,0.333,1224,יקבי קיסריה אירועים,Caesarea Wineries,no,"קיסריה, Israel",,no,dist=1224m name=0.33 no-match
2001,flagged,0.7,0.167,105,המסעדה של אבי,Avi's Restaurant,no,"הקישון 1, טבריה, Israel",,no,dist=105m name=0.17 needs-review
2002,verified,0.95,0.333,12,סמוראיו,Samurai Sushi Bar,no,"הנשיא ויצמן 25, עפולה, Israel","Ha-Nasi Weizman St 25, Afula, Israel",yes,dist=12m name=0.33 close-proximity
2003,no_match,0.2,1.000,1246,גבו,קייטרינג גבו,no,"שד' הציונות 1, קרית אתא, Israel",,no,dist=1246m name=1.00 no-match
2007,verified,0.88,0.667,122,פיצרל'ה,Pitzarela,no,"שמעון דהאן 10, טבריה, Israel","Shim'on Dahan St 10, Tiberias, Israel",yes,dist=122m name=0.67 near+name
2008,no_match,0.2,0.222,430,אסתריקה מסעדת בוטיק קריית שמונה,Esterika,no,"הברזל, קריית שמונה, Israel",,no,dist=430m name=0.22 no-match
2009,verified,0.95,1.000,75,בשורה,besora - בשורה,yes,"החרושת 15, כרמיאל, Israel","מתחם גן העיר, החרושת 15, כרמיאל, 2161701, Israel",yes,dist=75m name=1.00 close-proximity
2010,verified,0.95,1.000,23,פטריקס קיסריה,פטריקס קיסריה,yes,"תרשיש פארק התעשייה 9, קיסריה, Israel","תרשיש 9, Caesarea, 3079820, Israel",yes,dist=23m name=1.00 close-proximity
2011,no_match,0.2,0.333,270,אצה,Atza,no,"שד' הגעתון 42, נהריה, Israel",,no,dist=270m name=0.33 no-match
2012,no_match,0.2,0.143,1452,מסעדת הצל-בנים,The Crusaders Restaurant,no,"קיסריה, Israel",,no,dist=1452m name=0.14 no-match
2014,flagged,0.7,0.333,248,אווזי חיפה כשר,Avazi,no,"החרושת 26, צומת וולקן, חיפה, Israel",,no,dist=248m name=0.33 needs-review
2015,no_match,0.2,1.000,3810,Biga שער הצפון כשר,Biga שער הצפון כשר,no,"דרך חיפה 30, קניון שער הצפון, קרית אתא, Israel",,no,dist=3810m name=1.00 no-match
2016,verified,0.88,1.000,132,מעדן ציון קייטרינג,מעדן-ציון קייטרינג ומסעדה,yes,"יהודה הלוי 22, טבריה, Israel","Yehuda Halevi St 22, Tiberias, Israel",yes,dist=132m name=1.00 near+name
2017,verified,0.95,1.000,36,נילי בית יין,Nili Wine House,no,"המייסדים 43, זכרון יעקב, Israel","Ha-Meyasdim St 43, Zikhron Ya'akov, 3091077, Israel",yes,dist=36m name=1.00 close-proximity
2018,flagged,0.7,0.600,390,סין צ'אן,Sin Chan,no,"המברג 1, טבריה, Israel",,no,dist=390m name=0.60 needs-review
2020,flagged,0.7,0.667,488,מריפוסה,Mariposa,no,"קיסריה, Israel",,no,dist=488m name=0.67 needs-review
2021,verified,0.88,0.750,179,ביגה כרמיאל כשר,כשר Biga - ביג כרמיאל,no,"מעלה כמון 2, ביג כרמיאל, Israel","ביג כרמיאל Ma'ale, Ma'ale Kamon St 2, Karmiel, Israel",yes,dist=179m name=0.75 near+name
2022,no_match,0.2,0.667,1861,לנדוור קריית ביאליק – כשר,קפה לנדוור סניף קריון,no,"דרך עכו 192, קניון הקריון, קריית ביאליק, Israel",,no,dist=1861m name=0.67 no-match
2023,verified,0.88,1.000,173,שלה,מסעדת ״ שלה״,yes,"יששכר 15, קריית מוצקין, Israel","Yisahar St 15, Kiryat Motzkin, Israel",yes,dist=173m name=1.00 near+name
2024,no_match,0.2,1.000,4053,פרש דה מרקט,Fresh The Market פרש דה מרקט ביג קריות,no,"הסולל 8, קרית אתא, Israel",,no,dist=4053m name=1.00 no-match
2025,no_match,0.2,0.833,2833,מאמא חלסה,Mama Halsa,no,"אלי הורוביץ 1, קריית שמונה, Israel",,no,dist=2833m name=0.83 no-match
2027,no_match,0.2,0.667,3355,ביגה,Biga,no,"חיפה, Israel",,no,dist=3355m name=0.67 no-match
2028,flagged,0.6,0.091,7,הקונדיטוריה של גל,Gal's Bakery,no,"שד' הנשיא 131, מרכז הכרמל, חיפה, Israel",,no,dist=7m name=0.09 proximity-name-mismatch
2029,flagged,0.7,0.250,170,מסעדת פקורינו,Pecorino מסעדה חלבית,no,"בן צבי 1, טבריה, Israel",,no,dist=170m name=0.25 needs-review
2030,verified,0.95,1.000,4,המייסדים 16,המייסדים 16,yes,"המייסדים 16, זכרון יעקב, Israel","Ha-Meyasdim St 16, Zikhron Ya'akov, Israel",yes,dist=4m name=1.00 close-proximity
2031,verified,0.88,1.000,87,אל ראנצ'ו,אל ראנצ'ו,yes,"הקישון 1, טבריה, Israel","HaKishon St 1, Tiberias, Israel",yes,dist=87m name=1.00 near+name
2032,verified,0.88,1.000,88,שאלתי אלי,Shaltieli,no,"יוחאי בן נון 6, חיפה, Israel","Yohai Ben Nun St 6, Haifa, Israel",yes,dist=88m name=1.00 near+name
2034,flagged,0.7,1.000,394,כתום,כתום,no,"חיפה, Israel",,no,dist=394m name=1.00 needs-review
2035,flagged,0.7,1.000,600,פלאפל אש תימני,פלאפל אש תימני,no,"שד' ירושלים 15, קריית ביאליק, Israel",,no,dist=600m name=1.00 needs-review
2037,no_match,0.2,0.167,4626,קייטרינג תימני נאווה,CineMall,no,"שד' ההסתדרות 55, קניון סינמול, חיפה, Israel",,no,dist=4626m name=0.17 no-match
2039,verified,0.95,1.000,55,בורקס איסטנבול,בורקס אסטנבול,yes,"הירקון 11, טבריה, Israel","הירקון 11,שוק הדגים, Tverya, Israel",yes,dist=55m name=1.00 close-proximity
2042,no_match,0.2,0.300,475,בית הפיצה המקורי,פיצה מסוארי,no,"הגליל 2, כרמיאל, Israel",,no,dist=475m name=0.30 no-match
2043,flagged,0.4,1.000,440,תל אביבה,תל אביבה קרית שמונה - מסעדה כשרה למהדרין,no,"תל חי 120, קריית שמונה, Israel",,no,dist=440m name=1.00 business=CLOSED_PERMANENTLY (non-operational)
2044,flagged,0.4,1.000,1753,מנצ'גו- Manchego,Manchego,no,"קיסריה, Israel",,no,dist=1753m name=1.00 business=CLOSED_PERMANENTLY (non-operational)
2045,verified,0.88,1.000,89,פלאפל ניר,פלאפל ניר,yes,"הגלעד 17, נהריה, Israel","HaGilad St 17, Nahariyya, Israel",yes,dist=89m name=1.00 near+name
2046,verified,0.95,1.000,3,קפה גרג,Cafe Greg,no,"שטורמן 1, בית שאן, Israel","Menachem Begin Blvd 1, Beit She'an, Israel",yes,dist=3m name=1.00 close-proximity
2047,no_match,0.2,0.200,1938,מאפיית דרך הלחם,Bakery bread-way branch Herzl,no,"מוצקין 11, טירת כרמל, Israel",,no,dist=1938m name=0.20 no-match
2048,no_match,0.2,1.000,4140,מאנצ'יז פיצה,מאנציז פיצה דישון,no,"אביבים, Israel",,no,dist=4140m name=1.00 no-match
2049,no_match,0.2,0.143,676,מזנון רות,Грузинская кухня - מסעדה גרוזינית - Mimino Delivery,no,"שד' המגינים 100, חיפה, Israel",,no,dist=676m name=0.14 no-match
2050,verified,0.88,1.000,225,מיסטר פיצה,Mister Pizza,no,"שד' הגעתון 43, נהריה, Israel","Sderot HaGa'aton 43, Nahariya, Israel",yes,dist=225m name=1.00 near+name
2051,no_match,0.2,0.250,4300,אגס הזהב,Shlomo Ben Yosef St 4,no,"שלמה בן יוסף 4, חיפה, Israel",,no,dist=4300m name=0.25 no-match
2052,verified,0.88,1.000,140,פיצריה קאפרי,Pizza Capri-פיצה קאפרי,yes,"שד' הגעתון 20, נהריה, Israel","Sderot HaGa'aton 20, Nahariya, Israel",yes,dist=140m name=1.00 near+name
2055,verified,0.88,0.667,145,שניצל קינג,שניצל 20 טעמים,no,"הנשיא ויצמן 2, עפולה, Israel","Ha-Nasi Weizman St 25, Afula, 1828918, Israel",yes,dist=145m name=0.67 near+name
2056,verified,0.88,1.000,215,פיצה האט,Pizza Hut,no,"הבנים 1, טבריה, Israel","Ha-Banim St 1, Tiberias, Israel",yes,dist=215m name=1.00 near+name
2057,verified,0.88,0.947,221,פלאפל ושווארמה עלוש,פלאפל שווארמה עלוש,yes,"הבנים 1, טבריה, Israel","Ha-Banim St 4, Tiberias, Israel",yes,dist=221m name=0.95 near+name
2059,no_match,0.2,0.125,1785,פול חומוס,Humus Eliyahu,no,"גולומב 10, טבריה, Israel",,no,dist=1785m name=0.13 no-match
2061,no_match,0.2,0.200,3435,רון שי מאפים,Ronsi Bakery Confectionery,no,"מיכאל 35, טבריה, Israel",,no,dist=3435m name=0.20 no-match
2062,no_match,0.2,0.333,2302,VITA FOOD,ויטה פוד,no,"הבנים 36, עפולה, Israel",,no,dist=2302m name=0.33 no-match
2063,verified,0.88,0.600,237,פיצה דומינו,Domino Pizza,no,"ז'בוטינסקי 61, קריית מוצקין, Israel","Jabotinski St 61, Kiryat Motzkin, 2633056, Israel",yes,dist=237m name=0.60 near+name
2065,verified,0.88,0.833,115,סטקיית סלע,Steak House Sela - Kosher,no,"בן צבי 10, טבריה, Israel","Ben Zvi St 10, Tiberias, Israel",yes,dist=115m name=0.83 near+name
2066,flagged,0.4,0.467,96,סטקיית שמשון ובניו,Shimshon And Sons Grill,no,"נייברג 4, טבריה, Israel",,no,dist=96m name=0.47 business=CLOSED_PERMANENTLY (non-operational)
2067,verified,0.88,0.600,104,קוזינה,Kuzina restaurant,no,"הבנים 24, טבריה, Israel","Ha-Banim St 24, Tiberias, Israel",yes,dist=104m name=0.60 near+name
2068,flagged,0.7,1.000,383,קונדיטוריה שני,קונדיטוריה שני,no,"שד' ויצמן 8, קריית מוצקין, Israel",,no,dist=383m name=1.00 needs-review
2069,flagged,0.6,0.143,63,בסטה,סטריט צ'אן,no,"העצמאות 33, טבריה, Israel",,no,dist=63m name=0.14 proximity-name-mismatch
2073,no_match,0.2,0.353,576,שיא הפיצה,פצהבל'ה - חצור הגלילית,no,"שלמה בן יוסף 534, חצור הגלילית, Israel",,no,dist=576m name=0.35 no-match
2075,no_match,0.2,0.500,1465,מסעדת רם עכו,Ram Restaurant,no,"דרך הארבעה 1, עכו העתיקה, Israel",,no,dist=1465m name=0.50 no-match
2076,flagged,0.6,0.111,48,הפרלמנט,Khalutzei HaTa'a'ssiya St 47,no,"חלוצי התעשייה 47, חיפה, Israel",,no,dist=48m name=0.11 proximity-name-mismatch
2078,no_match,0.2,0.727,9767,לוטם דרעי אבטליון,לוטם דרעי בייקרי & ביסטרו שף,no,"אבטליון, Israel",,no,dist=9767m name=0.73 no-match
2081,flagged,0.4,1.000,63,קפה גרג,Greg Cafe,no,"טשרניחובסקי 4, קניון 8 סנטר, קריית שמונה, Israel",,no,dist=63m name=1.00 business=CLOSED_TEMPORARILY (non-operational)
2083,flagged,0.7,0.000,140,אקספרסו בר קפה,Cafe Elit,no,"מרכזית חוף הכרמל, חיפה, Israel",,no,dist=140m name=0.00 needs-review
2084,no_match,0.2,0.250,3757,מפגש טעמים,גיא המשבעה,no,"המשור 1, טבריה, Israel",,no,dist=3757m name=0.25 no-match
2085,no_match,0.2,0.000,3690,בליקר בייקרי,Sha'ar Hatzafon Mall,no,"דרך חיפה 52, קניון שער הצפון, קרית אתא, Israel",,no,dist=3690m name=0.00 no-match
2086,verified,0.88,1.000,109,פיצריה רימיני,Pizza Rimini,no,"הנשיא ויצמן 20, עפולה, Israel","Ha-Nasi Weizman St 20, Afula, Israel",yes,dist=109m name=1.00 near+name
2087,flagged,0.7,0.067,94,פלאפל הנשיא,Ha-Nasi Falafel,no,"הנשיא ויצמן 10, עפולה, Israel",,no,dist=94m name=0.07 needs-review
2088,no_match,0.2,1.000,1205,"מסעדת המטעמים בע""מ",מסעדת המטעמים,no,"החרושת 48, כרמיאל, Israel",,no,dist=1205m name=1.00 no-match
2089,verified,0.88,0.500,155,קייטרינג נוף הרים- איזור תעשיה ישן,קיטרינג ואירועים נוף הרים,no,"שלומי, Israel","Sandy Azulai Road, Shlomi, Israel",yes,dist=155m name=0.50 near+name
2090,flagged,0.4,1.000,388,ביגלה הקריות,בייגלה הקריות,no,"אוסישקין 30, קריית מוצקין, Israel",,no,dist=388m name=1.00 business=CLOSED_PERMANENTLY (non-operational)
2091,flagged,0.7,1.000,342,בורקס סמי,סמי בורקס-Sami Borekas And Coffe Stop,no,"הגליל 17, טבריה, Israel",,no,dist=342m name=1.00 needs-review
2092,no_match,0.2,1.000,1459,פיצה שמש,Shemesh Pizza,no,"תל חי 92, קריית שמונה, Israel",,no,dist=1459m name=1.00 no-match
2094,flagged,0.6,0.286,39,מאפיית הארץ,Bakery & More,no,"העליה השניה 33, בת גלים, חיפה, Israel",,no,dist=39m name=0.29 proximity-name-mismatch
2095,no_match,0.2,,,קפה קפה,,no,"מעלה גיא אוני 1, חאן ראש פינה, Israel",,no,no-candidate
2097,no_match,0.2,0.500,717,סושי מן,Oshi Oshi,no,"פלימן משה 4, קניון חיפה, Israel",,no,dist=717m name=0.50 no-match
2098,verified,0.95,1.000,15,נשנש,Nash Nash,no,"יהושע חנקין 9, עפולה, Israel","Joshua Hankin St 9, Afula, Israel",yes,dist=15m name=1.00 close-proximity
2099,verified,0.88,1.000,195,בית הלחם,קונדיטוריה בית הלחם,yes,"שדרות גושן 7, קריית מוצקין, Israel","Moshe Goshen Ave 7, Kiryat Motzkin, 2631203, Israel",yes,dist=195m name=1.00 near+name
2100,no_match,0.2,0.143,1004,פלאפל קנדי,Herzl St 66,no,"הרצל 66, נהריה, Israel",,no,dist=1004m name=0.14 no-match
2101,flagged,0.7,1.000,1000,שולחן גלילי,Galilee Table Restaurant מסעדת שולחן גלילי,no,"אלחדיף 1, טבריה, Israel",,no,dist=1000m name=1.00 needs-review
2102,no_match,0.2,0.500,332,ארומה,Aroma,no,"העצמאות 37, קרית אתא, Israel",,no,dist=332m name=0.50 no-match
2103,flagged,0.7,0.750,692,אמריקן פיצה,American Pizza,no,"דרך ארץ 40, חריש, Israel",,no,dist=692m name=0.75 needs-review
2104,no_match,0.2,0.200,2318,רפאלו קריית ביאליק,Raffaello,no,"דרך עכו 192, קניון הקריון, קריית ביאליק, Israel",,no,dist=2318m name=0.20 no-match
2105,flagged,0.4,0.545,39,אצל שויוה,בורקס שויוה,no,"הארבעה 8, בית שאן, Israel",,no,dist=39m name=0.55 business=CLOSED_PERMANENTLY (non-operational)
2107,flagged,0.6,0.100,62,קפה קפה,בתי קפה בזכרון יעקב,no,"המייסדים 50, זכרון יעקב, Israel",,no,dist=62m name=0.10 proximity-name-mismatch
2108,flagged,0.7,0.800,902,בנחלה,Banahala Restaurant,no,"יצחק שדה 17, נהריה, Israel",,no,dist=902m name=0.80 needs-review
2109,verified,0.88,1.000,196,קינג סנדוויץ',קינג סנדוויץ׳,yes,"הנביאים 3, קרית אתא, Israel","HaNevi'im St 3, Kiryat Ata, Israel",yes,dist=196m name=1.00 near+name
2110,no_match,0.2,0.000,1383,בורק,Tel-Hai Academic College,no,"תל חי 280, קריית שמונה, Israel",,no,dist=1383m name=0.00 no-match
2111,no_match,0.2,1.000,24189,המטבח של אסתר,המטבח של אסתר,no,"כפר חושן, Israel",,no,dist=24189m name=1.00 no-match
2112,flagged,0.4,0.667,31097,קפה לנדוור,Landwer,no,"דרך בר יהודה 111, מרכז ביג חיפה, Israel",,no,dist=31097m name=0.67 business=CLOSED_PERMANENTLY (non-operational)
2113,no_match,0.2,0.200,490,סיציליאנו פיצה פסטה,פיצה דה וינצי,no,"שדרות הנשיא בן צבי 1, נהריה, Israel",,no,dist=490m name=0.20 no-match
2114,flagged,0.7,1.000,447,שווראמה ולרי הקוסם,ולרי הקוסם,no,"שד' ויצמן 44, קריית מוצקין, Israel",,no,dist=447m name=1.00 needs-review
2115,no_match,0.2,0.308,388,בשרים מאכלים ביתיים,אוסישקין קייטרינג כשר לאירועים,no,"אוסישקין 44, קריית מוצקין, Israel",,no,dist=388m name=0.31 no-match
2116,flagged,0.7,1.000,374,חומוס אבו גוש,חומוס אבו גוש,no,"שד' בן גוריון 82, קריית מוצקין, Israel",,no,dist=374m name=1.00 needs-review
2117,flagged,0.4,1.000,115,גוסטו די נונה Gusto di Nonna,Gusto di Nonna,no,"מורן, Israel",,no,dist=115m name=1.00 business=CLOSED_PERMANENTLY (non-operational)
2118,flagged,0.4,1.000,273,שיפודי הטלה,שיפודי הטלה,no,"דגניה 30, קריית חיים, חיפה, Israel",,no,dist=273m name=1.00 business=CLOSED_PERMANENTLY (non-operational)
2119,flagged,0.7,1.000,969,קשקפה,קשקפה,no,"העצמאות 83, קרית אתא, Israel",,no,dist=969m name=1.00 needs-review
2120,flagged,0.4,0.667,652,פיק סלט,Pick Salad,no,"הרצל 31, טירת כרמל, Israel",,no,dist=652m name=0.67 business=CLOSED_PERMANENTLY (non-operational)
2122,verified,0.95,1.000,26,בורגר בר,בורגר בר,yes,"הרב עוזיאל 66, שלומי, Israel","HaRav Uziel St 66, Shlomi, Israel",yes,dist=26m name=1.00 close-proximity
2123,flagged,0.7,1.000,434,בליסימו,בליסימו מוצקין,no,"שדרות גושן 55, קריית מוצקין, Israel",,no,dist=434m name=1.00 needs-review
2124,no_match,0.2,0.750,2003,מקדונלד'ס,McDonald's,no,"טשרניחובסקי 4, קניון 8 סנטר, קריית שמונה, Israel",,no,dist=2003m name=0.75 no-match
2125,flagged,0.7,1.000,738,קפה הבימה,קפה הבימה,no,"שד' קק""ל 99, כרמיאל, Israel",,no,dist=738m name=1.00 needs-review
2126,flagged,0.6,0.200,16,59 בשדרה,Sderot Ben Gurion 59,no,"שד' בן גוריון 59, המושבה הגרמנית, חיפה, Israel",,no,dist=16m name=0.20 proximity-name-mismatch
2128,flagged,0.4,1.000,29,האיטלקיה,האיטלקיה,no,"רמת יזרעאל 13, מגדל העמק, Israel",,no,dist=29m name=1.00 business=CLOSED_PERMANENTLY (non-operational)
2129,no_match,0.2,0.222,2867,קפה נונע בית קפה על גלגלים,Coffee Yankale,no,"יקנעם, Israel",,no,dist=2867m name=0.22 no-match
2130,verified,0.95,0.500,35,ניאה,Nea,no,"האלה 3, שבי ציון, Israel","HaEla St 3, Shavei Tzion, 2280600, Israel",yes,dist=35m name=0.50 close-proximity
2132,flagged,0.4,1.000,3422,חיפושית בקפה,חיפושית בקפה,no,"שד' טרומפלדור 1, חיפה, Israel",,no,dist=3422m name=1.00 business=CLOSED_PERMANENTLY (non-operational)
2133,verified,0.88,1.000,227,פיצה שמש,Pizza Shemesh,no,"משה שרת 3, עפולה, Israel","Moshe Sharet St 3, Afula, Israel",yes,dist=227m name=1.00 near+name
2134,flagged,0.6,0.143,8,בת-הרים מסעדת שף,שמחה בר יין של השף אוראל אוחיון -כשר simha wine bar,no,"הנדיב 23, זכרון יעקב, Israel",,no,dist=8m name=0.14 proximity-name-mismatch
2135,no_match,0.2,0.111,464,פיצה פורני,Forni Pizza & Ice Cream כשר למהדרין פיצה בטאבון,no,"דרך הגליל 2, חאן ראש פינה, Israel",,no,dist=464m name=0.11 no-match
2136,no_match,0.2,0.111,906,הקובה של מומו,Momo's Cuba,no,"פלימן משה 8, קניון קסטרא, חיפה, Israel",,no,dist=906m name=0.11 no-match
2137,no_match,0.2,0.364,456,חומוס בסבוסה,Hummus Eliyahu,no,"התמר 2, קניון דרכים יקנעם, Israel",,no,dist=456m name=0.36 no-match
2139,verified,0.95,1.000,57,צ'ופסטיקני,צ'ופסטיקני אוכל בעפולה,yes,"חטיבה תשע 1, עפולה, Israel","Hativa TeSha St 1, Afula, 1835501, Israel",yes,dist=57m name=1.00 close-proximity
2141,flagged,0.4,1.000,1004,הפלאפל של שרון,הפלאפל של שרון,no,"הרצל 66, נהריה, Israel",,no,dist=1004m name=1.00 business=CLOSED_PERMANENTLY (non-operational)
2144,no_match,0.2,0.111,399,נעימה,Little Kingdom,no,"ירושלים 3, עפולה, Israel",,no,dist=399m name=0.11 no-match
2145,flagged,0.7,0.143,150,פיצה לנד,Golda Bahazer,no,"מרחביה (קיבוץ), Israel",,no,dist=150m name=0.14 needs-review
2146,verified,0.95,1.000,42,פיצה פריז,פיצה פריז,yes,"אלחדיף 4, טבריה, Israel","Al Hadif St 4, Tiberias, Israel",yes,dist=42m name=1.00 close-proximity
2148,no_match,0.2,1.000,5375,בדאלק,קייטרינג בדאלק,no,"האיצטדיון 6, חיפה, Israel",,no,dist=5375m name=1.00 no-match
2150,no_match,0.2,0.500,350,בלאג'ו פאב מסעדה,חבר'ס פאב עפולה,no,"החשמל 9, עפולה, Israel",,no,dist=350m name=0.50 no-match
2151,flagged,0.4,1.000,125,צריף של בשר,צריף של בשר,no,"התפוח 1, סנטר הגליל, ראש פינה, Israel",,no,dist=125m name=1.00 business=CLOSED_PERMANENTLY (non-operational)
2152,flagged,0.4,1.000,46,Crazy Bar,Crazy Bar,no,"שד' הגעתון 21, נהריה, Israel",,no,dist=46m name=1.00 business=CLOSED_PERMANENTLY (non-operational)
2153,no_match,0.2,0.550,13601,בורגראנץ' חוף הכרמל חיפה,בורגראנץ' חוצות המפרץ,no,"דרך החרושת 2, עכו, Israel",,no,dist=13601m name=0.55 no-match
2154,verified,0.88,1.000,235,הפיצריה,הפיצריה The Pizza Place,yes,"משה שרת 6, עפולה, Israel","Moshe Sharet St 6, Afula, Israel",yes,dist=235m name=1.00 near+name
2155,no_match,0.2,0.200,2352,ריף קפה חיפה,Reef Café Restaurant,no,"שד' ההגנה 32, בת גלים, חיפה, Israel",,no,dist=2352m name=0.20 no-match
2157,flagged,0.7,0.857,1087,סמול בייטס,Small Bites,no,"דרך ארץ 59, חריש, Israel",,no,dist=1087m name=0.86 needs-review
2159,verified,0.88,1.000,88,מסעדת הפינה,מסעדת הפינה,yes,"זבולון 7, קרית אתא, Israel","Zevulun St 7, Kiryat Ata, Israel",yes,dist=88m name=1.00 near+name
2160,no_match,0.2,0.280,260,שניץ ושות',"שגית כהן משרד רו״ח/ Sagit Cohen, C.P.A, CFO",no,"הנדיב 13, זכרון יעקב, Israel",,no,dist=260m name=0.28 no-match
2161,no_match,0.2,0.600,33569,פיצה טורינו,Torino Pizza,no,"שד' הנשיא 121, חיפה, Israel",,no,dist=33569m name=0.60 no-match
2162,no_match,0.2,0.600,1347,פיצה טורינו,Pizza Torino,no,"דרך עכו 140, קניון הקריון, קריית ביאליק, Israel",,no,dist=1347m name=0.60 no-match
2164,no_match,0.2,0.100,383,חלומות שטח,Shawarma Emil,no,"שד' המגינים 137, חיפה, Israel",,no,dist=383m name=0.10 no-match
2165,flagged,0.4,1.000,113,בפיתה נהריה,בפיתה נהריה,no,"שד' הגעתון 19, נהריה, Israel",,no,dist=113m name=1.00 business=CLOSED_PERMANENTLY (non-operational)
2166,verified,0.95,0.444,12,אצל מושיקו,Restaurant Moshiko,no,"דוברין נחום 3, חיפה, Israel","Nahum Dovrin St 3, Haifa, Israel",yes,dist=12m name=0.44 close-proximity
2167,flagged,0.7,0.600,305,פיאצה פינה,גסטה ראש פינה,no,"סנטר הגליל, ראש פינה, Israel",,no,dist=305m name=0.60 needs-review
2168,no_match,0.2,0.444,349,ניקושא סושי בר,Nikosha,no,"ז'בוטינסקי 54, טירת כרמל, Israel",,no,dist=349m name=0.44 no-match
2169,verified,0.88,1.000,122,מרינו,בר מסעדה מרינו,yes,"שפרינצק 7, עפולה, Israel","Shprinzak St 7, Afula, 1830807, Israel",yes,dist=122m name=1.00 near+name
2170,no_match,0.2,0.167,761,ביס לביס,Zeev House School,no,"עפולה, Israel",,no,dist=761m name=0.17 no-match
2172,flagged,0.4,1.000,171,יאלי'ס,Yali's,no,"הבנים 4, טבריה, Israel",,no,dist=171m name=1.00 business=CLOSED_PERMANENTLY (non-operational)
2173,flagged,0.7,1.000,1145,ארטישוק,ארטישוק אוכל אמיתי מהשדה - מסעדה חלבית כשרה,no,"בית אלפא, Israel",,no,dist=1145m name=1.00 needs-review
2174,flagged,0.7,0.100,157,רולדין,Big Fashion Tiberias,no,"יהודה הלוי 1, טבריה, Israel",,no,dist=157m name=0.10 needs-review
2175,no_match,0.2,0.333,581,קפה גרג ראש פינה,Greg Cafe,no,"ראש פינה, Israel",,no,dist=581m name=0.33 no-match
2177,flagged,0.4,1.000,340,על גחלים,על גחלים,no,"יגר יוסף 3, קריית שמונה, Israel",,no,dist=340m name=1.00 business=CLOSED_PERMANENTLY (non-operational)
2178,flagged,0.6,0.125,74,קפה קפה,הילוש עגלת קפה,no,"שדי תרומות, Israel",,no,dist=74m name=0.13 proximity-name-mismatch
2180,flagged,0.7,0.333,244,דלאל,מאפיית דלל Dalal bakery,no,"הארבעה 1, בית שאן, Israel",,no,dist=244m name=0.33 needs-review
2181,flagged,0.6,0.100,11,סנדוויץ' טוב,Good Sandwich,no,"החלוץ 15, חיפה, Israel",,no,dist=11m name=0.10 proximity-name-mismatch
2182,verified,0.95,0.625,37,חומוס אליהו,Humus Eliyahu,no,"הירקון, טבריה, Israel","הירקון פינת הגליל הירקון 1 בניין, בית המזרחי, Tverya, Israel",yes,dist=37m name=0.63 close-proximity
2184,verified,0.95,1.000,7,רובן,רובן זיכרון יעקב,yes,"המייסדים 50, זכרון יעקב, Israel","Ha-Meyasdim St 50, Zikhron Ya'akov, Israel",yes,dist=7m name=1.00 close-proximity
2185,no_match,0.2,0.154,260,פיצרייה מפגש יוסף,פיצה דוד המלך,no,"המייסדים 13, מנחמיה, Israel",,no,dist=260m name=0.15 no-match
2186,verified,0.95,0.333,7,פיצה טומי חיפה,Tommy Pizza,no,"התיכון 86, חיפה, Israel","Ha-Tikhon St 86, Haifa, Israel",yes,dist=7m name=0.33 close-proximity
2187,verified,0.95,0.500,9,יאמי יאמי,Yummy Yummy,no,"דוד סלינגר 4, קריית שמונה, Israel","David Selinger St 4, Qiryat Shemona, Israel",yes,dist=9m name=0.50 close-proximity
2189,flagged,0.7,0.100,100,על המנגל עפולה,Israeli Grill Bar,no,"הנשיא ויצמן 17, עפולה, Israel",,no,dist=100m name=0.10 needs-review
2190,no_match,0.2,0.000,559,גסטה,Tagalos,no,"החרושת, כרמיאל, Israel",,no,dist=559m name=0.00 no-match
2191,flagged,0.4,1.000,27982,הסירים של KATI קאטי,הסירים של KATI,no,"קיבוץ גלויות 34, חיפה, Israel",,no,dist=27982m name=1.00 business=CLOSED_PERMANENTLY (non-operational)
2192,no_match,0.2,0.250,638,ברדיצ'ב מאכלי עדות,Bardichev Hummus,no,"שיבת ציון 34, חיפה, Israel",,no,dist=638m name=0.25 no-match
2193,verified,0.95,0.500,29,נחמן מטבח נשמה,נחמן & בתיה kitchen sandwich,no,"המייסדים 37, זכרון יעקב, Israel","Ha-Meyasdim St 37, Zikhron Ya'akov, Israel",yes,dist=29m name=0.50 close-proximity
2194,flagged,0.4,1.000,17,קייטרינג בגבעה,קייטרינג בגבעה,no,"פשוש 12, עפולה, Israel",,no,dist=17m name=1.00 business=CLOSED_TEMPORARILY (non-operational)
2195,no_match,0.2,0.200,2131,fifteen's bar,St urban wine bar,no,"ככר רבין 5, טבריה, Israel",,no,dist=2131m name=0.20 no-match
2196,flagged,0.7,0.333,86,תחנה 4,Station 4,no,"זלמן הוז 1, עפולה, Israel",,no,dist=86m name=0.33 needs-review
2198,flagged,0.7,1.000,728,יקב הזורעים,הזורעים יקב בוטיק - כשרות מהדרין,no,"הזורעים, Israel",,no,dist=728m name=1.00 needs-review
2199,no_match,0.2,1.000,3557,מינאטו,מינאטו סושי בר קיסריה,no,"קיסריה, Israel",,no,dist=3557m name=1.00 no-match
2200,verified,0.95,0.750,34,פיצה נאפולי,Pizza Napoli - Pizzeria,no,"טשרניחובסקי 4, קניון 8 סנטר, קריית שמונה, Israel","קניון 8 סנטר, Kiryat Shmona, Israel",yes,dist=34m name=0.75 close-proximity
2201,verified,0.88,1.000,127,בורקס הפינה,בורקס bar,yes,"שדרות גושן 29, קריית מוצקין, Israel","Moshe Goshen Ave 11, Kiryat Motzkin, Israel",yes,dist=127m name=1.00 near+name
2202,flagged,0.7,1.000,950,פנינת יקנעם,פנינת יקנעם,no,"התעשיה 7, יקנעם, Israel",,no,dist=950m name=1.00 needs-review
2203,flagged,0.4,1.000,285,אש בש אסאדו& גריל,אש בש אסאדו& גריל,no,"תל חי 95, קריית שמונה, Israel",,no,dist=285m name=1.00 business=CLOSED_PERMANENTLY (non-operational)
2204,flagged,0.7,1.000,975,מפגש אור,מפגש אור,no,"דרך יחיעם 8, נהריה, Israel",,no,dist=975m name=1.00 needs-review
2205,flagged,0.4,0.250,66,בית-גני,Beit Gani - Galilean restaurant,no,"אשרת, Israel",,no,dist=66m name=0.25 business=CLOSED_PERMANENTLY (non-operational)
2206,no_match,0.2,0.455,864,קפה רוטשילד,Coffee Rothschild Nahariya,no,"המעפילים 1, נהריה, Israel",,no,dist=864m name=0.45 no-match
2207,flagged,0.7,1.000,1167,פיצה בגין,Begin Pizza,no,"שד' מנחם בגין 84, קריית שמונה, Israel",,no,dist=1167m name=1.00 needs-review
2208,no_match,0.2,0.125,448,הפינה של חן,Judah's corner,no,"יהודה הלוי 2, טבריה, Israel",,no,dist=448m name=0.13 no-match
2209,verified,0.95,1.000,33,הקבב של עובד,הקבב של עובד,yes,"ארלוזורוב 6, קריית שמונה, Israel","Haim Arlozorov St 6, Qiryat Shemona, Israel",yes,dist=33m name=1.00 close-proximity
2210,no_match,0.2,0.500,687,DINER BURGER דיינר בורגר,Diner Burger - המבורגר כרמיאל - המבורגר בצפון,no,"שד' קק""ל 98, כרמיאל, Israel",,no,dist=687m name=0.50 no-match
2211,flagged,0.4,1.000,113,אסאדו דרים,אסאדו דרים,no,"הבנים 17, טבריה, Israel",,no,dist=113m name=1.00 business=CLOSED_PERMANENTLY (non-operational)
2212,no_match,0.2,0.182,301,דודו אוטמזגין,Liat Outmezgine - Carmel Center branch,no,"וודג'ווד 3, מרכז הכרמל, חיפה, Israel",,no,dist=301m name=0.18 no-match
2213,no_match,0.2,0.400,590,הפלאפל של אהרון,Falafel and Shawarma Aaron,no,"רסקו 76, קריית שמונה, Israel",,no,dist=590m name=0.40 no-match
2214,verified,0.95,1.000,53,פיצה מנאיש,פיצה מנאיש,yes,"יער אודם 22, יקנעם, Israel","Ya'ar Odem St 20, Yokne'am Illit, 20692, Israel",yes,dist=53m name=1.00 close-proximity
2215,verified,0.88,1.000,100,מרכז הלחם,מרכז הלחם,yes,"שד' הגעתון 20, נהריה, Israel","Sderot HaGa'aton, Nahariya, Israel",yes,dist=100m name=1.00 near+name
2216,verified,0.88,0.550,95,נועם אירועים,נועם כיבודים וארועים,no,"דליה 18, קריית ביאליק, Israel","Dalya St 0, Kiryat Bialik, Israel",yes,dist=95m name=0.55 near+name
2217,flagged,0.7,0.273,148,פיצריה ומאפיה-זוהר,הפיצרלה,no,"קרן קיימת לישראל 24, עפולה עילית, Israel",,no,dist=148m name=0.27 needs-review
2218,flagged,0.4,0.462,3682,סינטה בר אקספרס קרית אתא,Sinta Bar Express,no,"דרך חיפה 30, קניון שער הצפון, קרית אתא, Israel",,no,dist=3682m name=0.46 business=CLOSED_PERMANENTLY (non-operational)
2219,verified,0.95,0.400,11,אקסטרה פיצה,Extra pizza,no,"אלחדיף 5, טבריה, Israel","Al Hadif St 5, Tiberias, Israel",yes,dist=11m name=0.40 close-proximity
2220,no_match,0.2,0.000,33373,Cofizz,Suduch,no,"שד' הנשיא 133, מרכז הכרמל, חיפה, Israel",,no,dist=33373m name=0.00 no-match
2221,verified,0.95,1.000,49,צ'ירו נאפולי,צ'ירו נאפולי,yes,"שד' הגעתון 26, נהריה, Israel","Sderot HaGa'aton 26, Nahariya, Israel",yes,dist=49m name=1.00 close-proximity
2223,no_match,0.2,1.000,89856,שיפון בית מאפה,מאפיית שיפון - שער בנימין,no,"החרצית 52, יקנעם, Israel",,no,dist=89856m name=1.00 no-match
2225,flagged,0.7,0.000,150,גריל בר 8,הבן של סימו מסעדת בשרים,no,"ככר צה""ל 20, קריית שמונה, Israel",,no,dist=150m name=0.00 needs-review
2227,no_match,0.2,1.000,29775,cofix,Cofix,no,"פלימן משה 4, קניון חיפה, Israel",,no,dist=29775m name=1.00 no-match
2228,flagged,0.4,1.000,234,קונדיטוריה ענבל,קונדיטוריה ענבל,no,"חצור הגלילית, Israel",,no,dist=234m name=1.00 business=CLOSED_PERMANENTLY (non-operational)
2229,flagged,0.7,0.217,187,מזלזלת הפלאפל והשווארמה,בפיתה אוכל ורגש,no,"השיחרור 1, טירת כרמל, Israel",,no,dist=187m name=0.22 needs-review
2230,flagged,0.6,0.263,39,השניצליה,חומוס משאוושה קרית ביאליק,no,"קרן היסוד 12, קריית ביאליק, Israel",,no,dist=39m name=0.26 proximity-name-mismatch
2232,no_match,0.2,0.400,256,הפיצה של טקטוק,TickTook Pizza,no,"סחלב 1, נהריה, Israel",,no,dist=256m name=0.40 no-match
2233,verified,0.95,1.000,37,פאטיו,פאטיו,yes,"אתגר 5, טירת כרמל, Israel","Etgar St 5, Tirat Carmel, Israel",yes,dist=37m name=1.00 close-proximity
2234,verified,0.95,1.000,57,פיצה האט,Pizza Hut,no,"מעלה כמון 5, כרמיאל, Israel","קניון חוצות, מעלה כמון 5, כרמיאל, Israel",yes,dist=57m name=1.00 close-proximity
2235,no_match,0.2,1.000,32812,פיצה האט,Pizza Hut,no,"שד' הנשיא, חיפה, Israel",,no,dist=32812m name=1.00 no-match
2236,flagged,0.7,1.000,554,פיצה פסטלריה,פיצה פסטלריה,no,"קרן היסוד 64, קריית ביאליק, Israel",,no,dist=554m name=1.00 needs-review
2237,verified,0.88,1.000,75,פיצה אלברטו,דון אלברטו,yes,"הרב עוזיאל 42, שלומי, Israel","HaRav Uziel St 42, Shlomi, 22832, Israel",yes,dist=75m name=1.00 near+name
2241,no_match,0.2,0.571,754,ניו דלי,ניודלי Newdeli,no,"פלימן משה 4, קניון חיפה, Israel",,no,dist=754m name=0.57 no-match
2242,flagged,0.7,1.000,325,שיפודי שמחה ובניו,שיפודי רחמים שמחה ובניו,no,"הירדן 29, טבריה, Israel",,no,dist=325m name=1.00 needs-review
2243,verified,0.88,0.667,231,אלדו,Aldo,no,"דרך הגליל 1, ראש פינה, Israel","בוויז ״גלידת אלדו ראש פינה״ בהשגחת בדץ בית יוסף, דרך הגליל 4, ראש פינה, 1200000, Israel",yes,dist=231m name=0.67 near+name
2244,no_match,0.2,0.300,1235,המטבח המרוקאי,Ma moo meat | מה מו מיט,no,"מנחם בגין 60, חצור הגלילית, Israel",,no,dist=1235m name=0.30 no-match
2247,verified,0.88,1.000,148,פיצה אודיז טבריה,פיצה אודיז,yes,"הגליל 32, טבריה, Israel","HaGalil St 34, Tiberias, Israel",yes,dist=148m name=1.00 near+name
2248,flagged,0.7,1.000,853,מטעמי העמק,מטעמי העמק,no,"זרזיר, Israel",,no,dist=853m name=1.00 needs-review
2249,verified,0.95,1.000,26,פיצה שמש טבריה,פיצה שמש טבריה כשרות בד״ץ העדה החרדית,yes,"העצמאות 2, טבריה, Israel","HaAtsmaut St 2, Tiberias, Israel",yes,dist=26m name=1.00 close-proximity
2250,flagged,0.7,1.000,325,מאפיית דיין,"מאפיית דיין בע""מ",no,"חצור הגלילית, Israel",,no,dist=325m name=1.00 needs-review
2252,no_match,0.2,0.333,738,יאמוס בר,Hmus,no,"עכו, Israel",,no,dist=738m name=0.33 no-match
2253,flagged,0.7,0.000,81,אולמי,W Grill & Bar,no,"הנשיא ויצמן 1, עפולה, Israel",,no,dist=81m name=0.00 needs-review
2254,no_match,0.2,0.750,3762,מקדונלד'ס,McDonald's,no,"דרך חיפה 30, קניון שער הצפון, קרית אתא, Israel",,no,dist=3762m name=0.75 no-match
2256,verified,0.95,0.625,23,קובה גוטה,Kubeh Guttte,no,"ז'בוטינסקי 50, טירת כרמל, Israel","Jabotinski St 50, Tirat Carmel, Israel",yes,dist=23m name=0.63 close-proximity
2257,no_match,0.2,0.500,367,פלאפל הנשיא,פלאפל אורי-גושן 55 ק.מוצקין,no,"שדרות גושן 55, קריית מוצקין, Israel",,no,dist=367m name=0.50 no-match
2258,no_match,0.2,0.333,533,מעדני תימן,Mensa - Deli & Bakery Afula,no,"קהילת ציון 35, עפולה, Israel",,no,dist=533m name=0.33 no-match
2259,verified,0.95,1.000,25,ג'פניקה,ג׳פניקה ראש פינה כשר | JAPANIKA ROSH PINA KOSHER,yes,"דרך הגליל 1, ראש פינה, Israel","Derech HaGalil 1, Rosh Pina, Israel",yes,dist=25m name=1.00 close-proximity
2260,no_match,0.2,0.100,874,קונדיטורית אסיף,Asif Bakery,no,"החרושת 48, כרמיאל, Israel",,no,dist=874m name=0.10 no-match
2262,no_match,0.2,0.077,393,הזולה,"טק סטיישן – מרכז טכנולוגי בחריש ועמק חפר | חוגי תכנות, פיתוח משחקים ו AI לילדים ונוער",no,"זויתן 14, חריש, Israel",,no,dist=393m name=0.08 no-match
2263,no_match,0.2,0.556,4853,מאפיית המפגש,HaMifgash Bakery,no,"שד' ההסתדרות 82, חיפה, Israel",,no,dist=4853m name=0.56 no-match
2264,no_match,0.2,0.250,261,בום בורגר,Ruben- טבריה,no,"יוחנן בן זכאי 7, טבריה, Israel",,no,dist=261m name=0.25 no-match
2267,no_match,0.2,0.357,499,אבראדה-סושי בר בורגר,אדוארד סושי - Edward Sushi,no,"טירת כרמל, Israel",,no,dist=499m name=0.36 no-match
2268,verified,0.88,0.625,125,חומוס אליהו,Humus Eliyahu,no,"הפטיש 2, טירת כרמל, Israel","Keren ha-Yesod St 2, Tirat Carmel, Israel",yes,dist=125m name=0.63 near+name
2269,flagged,0.7,0.600,264,ג'פניקה,Japanika,no,"קהילת ציון 26, עפולה, Israel",,no,dist=264m name=0.60 needs-review
2271,flagged,0.7,0.800,1117,אסתריקה,Esterika,no,"קריית שמונה, Israel",,no,dist=1117m name=0.80 needs-review
2276,verified,0.88,0.800,216,Caesar`s Coffee & Bar,Caesar Spa,no,"המגדל 2, קיסריה, Israel","שכונה 8, HaMigdal, Keisarya, Israel",yes,dist=216m name=0.80 near+name
2277,verified,0.95,1.000,12,רוגלך מאפים,רוגלך,yes,"הפלמ""ח 16, כרמיאל, Israel","Ha-Palmakh St 16, Karmiel, 2199632, Israel",yes,dist=12m name=1.00 close-proximity
2278,flagged,0.7,0.889,968,"""שיפודי הכיכר""",Shipudey Hakikar,no,"שאול המלך 1, בית שאן, Israel",,no,dist=968m name=0.89 needs-review
2279,flagged,0.7,0.000,146,פיצה Fix,Pizza Hut,no,"שלום הגליל 1, קניון עכו, Israel",,no,dist=146m name=0.00 needs-review
2280,no_match,0.2,0.500,437,ארומה,Aroma,no,"טבריה, Israel",,no,dist=437m name=0.50 no-match
2282,verified,0.95,0.900,8,אצל קיזלר'ס,אצל קיזלר,yes,"השומר 28, חיפה, Israel","Ha-Shomer St 28, Haifa, 3317632, Israel",yes,dist=8m name=0.90 close-proximity
2283,flagged,0.7,1.000,346,נגיסה,Nagisa נגיסה עפולה,no,"יהושע חנקין 1, עפולה, Israel",,no,dist=346m name=1.00 needs-review
2284,flagged,0.6,0.125,26,עחומוסייה,Abulabas Hummus,no,"קהילת ציון 4, עפולה, Israel",,no,dist=26m name=0.13 proximity-name-mismatch
2286,no_match,0.2,1.000,3829,מאפה נאמן,Neeman Bakery,no,"דרך חיפה 30, קניון שער הצפון, קרית אתא, Israel",,no,dist=3829m name=1.00 no-match
2287,flagged,0.7,0.167,81,פיצה כמעט חינם,Almost Free Pizza,no,"שד' ארלוזורוב 22, עפולה, Israel",,no,dist=81m name=0.17 needs-review
2288,no_match,0.2,0.500,606,קיסר מיט בר,מסעדת קיסר ראש פינה - Caesar Meat Bar - כשר למהדרין,no,"ראש פינה, Israel",,no,dist=606m name=0.50 no-match
2289,no_match,0.2,0.250,31344,כחול לבן אירועים,Blue & White Event Catering,no,"שד' הנשיא 124, חיפה, Israel",,no,dist=31344m name=0.25 no-match
2290,flagged,0.7,1.000,808,סין צ'אן בית השיטה,סין צ'אן בית השיטה,no,"בית השיטה, Israel",,no,dist=808m name=1.00 needs-review
2291,flagged,0.7,1.000,932,בגט ניר,שאוורמה בראש פינה כשר-בגט ניר,no,"דרך הגליל, ראש פינה, Israel",,no,dist=932m name=1.00 needs-review
2293,no_match,0.2,0.250,800,חומוסאחבק,אצל סבח,no,"חלוצי התעשייה 2, חיפה, Israel",,no,dist=800m name=0.25 no-match
2294,verified,0.88,1.000,134,על גחלים,על גחלים,yes,"דרך העמק 13, מגדל העמק, Israel","Derech HaEmek 13, Migdal HaEmek, Israel",yes,dist=134m name=1.00 near+name
2297,flagged,0.6,0.111,10,אל-קפה L-CAFE,Cafe Cafe,no,"הנשיא 4, קניון נחמיה, קריית שמונה, Israel",,no,dist=10m name=0.11 proximity-name-mismatch
2298,flagged,0.7,1.000,772,אוריון,פלאפל אוריון,no,"זבולון 5, קרית אתא, Israel",,no,dist=772m name=1.00 needs-review
2299,no_match,0.2,,,פרינוק,,no,"עמיר, Israel",,no,no-candidate
2300,flagged,0.7,0.130,212,אצה,השניצליה קריית שמונה כשר למהדרין!,no,"קריית שמונה, Israel",,no,dist=212m name=0.13 needs-review
2301,no_match,0.2,0.667,2012,טנדוקה,Tanduka,no,"יקנעם, Israel",,no,dist=2012m name=0.67 no-match
2302,flagged,0.7,0.750,453,מקדונלד'ס,McDonald's,no,"השילוח 1, טבריה, Israel",,no,dist=453m name=0.75 needs-review
2303,no_match,0.2,1.000,1707,קונדיטורית טיבי,Tibi conditory & coffe קונדיטורית טיבי - בית קפה,no,"שד' הנשיא 35, חיפה, Israel",,no,dist=1707m name=1.00 no-match
2304,flagged,0.4,1.000,622,ויויאנה- VIVIANA מסעדה כשרה,Viviana,no,"רשות החולה, Israel",,no,dist=622m name=1.00 business=CLOSED_PERMANENTLY (non-operational)
2306,no_match,0.2,0.188,394,סנדוויץ' בר סמי הגדול עכו,Sammy Hagadol Sandwich Bar,no,"דרך הארבעה 22, עכו, Israel",,no,dist=394m name=0.19 no-match
2307,no_match,0.2,0.625,1975,חומוס אליהו,Hummus Eliyahu,no,"יקנעם, Israel",,no,dist=1975m name=0.63 no-match
2308,flagged,0.7,1.000,738,בית מאפה ברכת מאיר,בית מאפה ברכת מאיר,no,"הנשיא ויצמן 30, טבריה עילית, Israel",,no,dist=738m name=1.00 needs-review
2309,flagged,0.7,1.000,516,טעים בצמח,טעים בצמח,no,"קהילת ציון 4, צמח, Israel",,no,dist=516m name=1.00 needs-review
2310,no_match,0.2,0.375,3388,גרג קיטשן,Greg Cafe,no,"המברג 1, טבריה, Israel",,no,dist=3388m name=0.38 no-match
2313,no_match,0.2,0.125,784,שיפודי האגם,Simha And Sons Grill,no,"הירקון 1, טבריה, Israel",,no,dist=784m name=0.13 no-match
2314,flagged,0.4,1.000,485,קפה אלמנט,קפה אלמנט,no,"זבולון 32, קרית אתא, Israel",,no,dist=485m name=1.00 business=CLOSED_PERMANENTLY (non-operational)
2316,no_match,0.2,0.375,709,חצ'פורי מאיה,KHACHAPURI Maya,no,"חלוצי התעשייה 12, חיפה, Israel",,no,dist=709m name=0.38 no-match
2317,flagged,0.7,1.000,299,סושי בר,סושי בר נהריה,no,"הרצל 73, נהריה, Israel",,no,dist=299m name=1.00 needs-review
2318,verified,0.95,0.857,21,מפגש גיל,Mifgash Gil,no,"ירושלים הבירה 3, בית שאן, Israel","Yerushalayim ha-Bira St 3, Beit She'an, Israel",yes,dist=21m name=0.86 close-proximity
2320,verified,0.88,1.000,167,המרפסת של הרצל (סוד החלה),סוד החלה,yes,"יהודה המכבי 9, נהריה, Israel","Yehuda ha-Maccabi St 9, Nahariyya, Israel",yes,dist=167m name=1.00 near+name
2322,verified,0.88,1.000,109,פסטה פאסטה,פסטה פאסטה,yes,"גדוד 22, עכו, Israel","HaHaroshet St 2, Acre, Israel",yes,dist=109m name=1.00 near+name
2324,flagged,0.7,0.933,782,קונדיטורית אייל,קונדיטוריה אייל,no,"חלוצי התעשייה 92, חיפה, Israel",,no,dist=782m name=0.93 needs-review
2325,no_match,0.2,,,קייטרינג מלכה,,no,"בן עמי 4, קרית אתא, Israel",,no,no-candidate
2326,verified,0.88,0.625,237,בורגראנץ',Burgeranch,no,"תל חי 51, קריית שמונה, Israel","קניון, HaNasi 4, Kiryat Shmona, Israel",yes,dist=237m name=0.63 near+name
2327,verified,0.88,0.692,113,שווארמה פאפא לוסקי,Shawarma Papa Luski,no,"שד' הגעתון 19, נהריה, Israel","Sderot HaGa'aton 19, Nahariya, Israel",yes,dist=113m name=0.69 near+name
2328,no_match,0.2,1.000,1935,פיצה העמק,Pizza HaEmek,no,"תל חי 106, קריית שמונה, Israel",,no,dist=1935m name=1.00 no-match
2329,no_match,0.2,0.000,717,Black Coffee,נא קפה,no,"שקד 36, נהריה, Israel",,no,dist=717m name=0.00 no-match
2330,no_match,0.2,0.455,2247,השיפודיה,שיפודי אפשרון,no,"בן גאון דוד 33, נהריה, Israel",,no,dist=2247m name=0.45 no-match
2332,flagged,0.7,1.000,270,פיצה פדאל,פיצה פדאל,no,"הרצל 26, טירת כרמל, Israel",,no,dist=270m name=1.00 needs-review
2333,verified,0.88,0.500,107,אורטוריו,Oratorio,no,"יאיר 1, זכרון יעקב, Israel","Ya'ir St 1, Zikhron Ya'akov, Israel",yes,dist=107m name=0.50 near+name
2334,flagged,0.4,0.625,286,קפה רוטשילד,Cafe Rothschild,no,"ששת הימים 1, טירת כרמל, Israel",,no,dist=286m name=0.63 business=CLOSED_PERMANENTLY (non-operational)
2335,verified,0.88,1.000,99,חומוס שהחיינו,שהחיינו (חומוס ועוד),yes,"האריזה 3, מגדל העמק, Israel","מתחם הום-סנטר 3, HaAriza St, Migdal HaEmek, Israel",yes,dist=99m name=1.00 near+name
2336,verified,0.88,1.000,162,300 גרם,300 גרם - מסעדת בשרים כשרה,yes,"שדרות האקליפטוס 13, בוסתן הגליל, Israel","33°00'26.6""N 35°13'15.1""E, Bustan HaGalil, Israel",yes,dist=162m name=1.00 near+name
2339,no_match,0.2,0.500,580,סיצליאנו,Pizza Siciliano,no,"דרך הגליל 49, סנטר הגליל, ראש פינה, Israel",,no,dist=580m name=0.50 no-match
2340,verified,0.95,0.571,10,פלאפל נטו,Falafel Neto,no,"התמר 2, קניון דרכים יקנעם, Israel","Ha-Tamar St 1, Yokne'am Illit, Israel",yes,dist=10m name=0.57 close-proximity
2341,no_match,0.2,0.545,409,חומוס ברדיצ'ב,Hummus Bardichev,no,"וודג'ווד 1, מרכז הכרמל, חיפה, Israel",,no,dist=409m name=0.55 no-match
2343,flagged,0.4,1.000,619,ביף בעמק,ביף בעמק,no,"בית שאן, Israel",,no,dist=619m name=1.00 business=CLOSED_PERMANENTLY (non-operational)
2344,no_match,0.2,0.500,9878,פלפלת פנורמה,שווארמה פלפלת,no,"שדרות הנשיא טרומן 107, קריית חיים, חיפה, Israel",,no,dist=9878m name=0.50 no-match
2345,flagged,0.7,1.000,313,בר בכרם,בר בכרם,no,"חזון, Israel",,no,dist=313m name=1.00 needs-review
2347,flagged,0.6,0.200,74,הצומת של חיליק,Big Fashion Tiberias,no,"יהודה הלוי 1, ביג פאשן דנילוף טבריה, Israel",,no,dist=74m name=0.20 proximity-name-mismatch
2348,verified,0.95,1.000,54,מוקפץ תאילנדי,מוקפץ תאילנדי,yes,"שד' הגעתון 28, נהריה, Israel","Sderot HaGa'aton 28, Nahariya, Israel",yes,dist=54m name=1.00 close-proximity
2349,no_match,0.2,0.667,4411,סנדוויץ' בר סמי הגדול,סמי הגדול סנדויץ בר - הקריות,no,"קרית אתא, Israel",,no,dist=4411m name=0.67 no-match
2350,flagged,0.7,0.231,240,קקאו,ממתקי אלמחרום,no,"שפרעם, Israel",,no,dist=240m name=0.23 needs-review
2351,flagged,0.4,1.000,4291,סנדביץ' בר זיו,סנדביץ בר זיו,no,"שד' טרומפלדור 56, חיפה, Israel",,no,dist=4291m name=1.00 business=CLOSED_PERMANENTLY (non-operational)
2352,no_match,0.2,1.000,24985,אמריקן פיצה,אמריקן פיצה נווה שאנן,no,"שד' הפלי""ם 2, חיפה, Israel",,no,dist=24985m name=1.00 no-match
2353,flagged,0.7,0.600,270,קפה בורדו,Bordo,no,"שד' הגעתון 42, נהריה, Israel",,no,dist=270m name=0.60 needs-review
2354,verified,0.88,0.667,208,Cofizz,Cofix,no,"שד' ארלוזורוב 4, עפולה, Israel","Ha-Nasi Weizman St 2, Afula, Israel",yes,dist=208m name=0.67 near+name
2355,no_match,0.2,1.000,2200,מטעים,Mataim,no,"זכרון יעקב, Israel",,no,dist=2200m name=1.00 no-match
2356,flagged,0.4,1.000,113,מאמא בפיתה נהריה,בפיתה נהריה,no,"שד' הגעתון 52, נהריה, Israel",,no,dist=113m name=1.00 business=CLOSED_PERMANENTLY (non-operational)
2357,no_match,0.2,0.000,253,אחעלמלא,מיקה,no,"השיש 48, חיפה, Israel",,no,dist=253m name=0.00 no-match
2358,verified,0.88,0.667,235,הפיצרייה,הפיצריה The Pizza Place,no,"משה שרת 6, עפולה, Israel","Moshe Sharet St 6, Afula, Israel",yes,dist=235m name=0.67 near+name
2359,verified,0.95,0.500,22,דודא לפיצה,Duda LaPizza,no,"הרצל 46, חיפה, Israel","Herzl St 46, Haifa, Israel",yes,dist=22m name=0.50 close-proximity
2360,verified,0.88,0.600,243,מפגש הפלאפל אחי,פלאפל אחי,no,"העליה השניה 20, בת גלים, חיפה, Israel","HaAliya HaShniya St 20, Haifa, Israel",yes,dist=243m name=0.60 near+name
2361,no_match,0.2,1.000,56623,פיצה פצץ,פיצה פצץ,no,"מעלה גלבוע, Israel",,no,dist=56623m name=1.00 no-match
2362,flagged,0.7,0.200,85,כוסברה,Coriander Sandwich Bar,no,"היוצרים 10, נהריה, Israel",,no,dist=85m name=0.20 needs-review
2363,flagged,0.4,1.000,3705,חומוס ואהבת,חומוס ואהבת,no,"ברקאי, Israel",,no,dist=3705m name=1.00 business=CLOSED_PERMANENTLY (non-operational)
2365,verified,0.95,0.667,13,פיצה פנורמה,Panorama Pizza,no,"שער הלבנון 6, חיפה, Israel","Sha'ar ha-Levanon St 6, Haifa, Israel",yes,dist=13m name=0.67 close-proximity
2366,flagged,0.4,1.000,247,מוש מוש טורטיה,מוש מוש טורטיה,no,"שד' הגעתון 43, נהריה, Israel",,no,dist=247m name=1.00 business=CLOSED_PERMANENTLY (non-operational)
2369,flagged,0.4,0.417,106057,המזרחית של צל תמר,Tzel Tamar,no,"צמח, Israel",,no,dist=106057m name=0.42 business=CLOSED_PERMANENTLY (non-operational)
2370,verified,0.88,1.000,160,להבות בעמק גריל בר,להבות בעמק מגדל העמק,yes,"שלום עליכם 1, מגדל העמק, Israel","Shalom Aleichem St 1, Migdal HaEmek, Israel",yes,dist=160m name=1.00 near+name
2371,verified,0.88,0.600,164,ג'פניקה,Japanika,no,"דרך בר יהודה 111, צ'ק פוסט, חיפה, Israel","Israel bar Yehuda Road 111, Haifa, Israel",yes,dist=164m name=0.60 near+name
2373,no_match,0.2,0.375,579,קפה ראש פינה,בית של קפה,no,"ראש פינה, Israel",,no,dist=579m name=0.38 no-match
2374,flagged,0.6,0.000,11,טורו,Nehemiah mall,no,"הנשיא 4, קניון נחמיה, קריית שמונה, Israel",,no,dist=11m name=0.00 proximity-name-mismatch
2375,flagged,0.4,1.000,97,פיצה בראנצ',פיצה בראנצ',no,"היוצרים 7, כרמיאל, Israel",,no,dist=97m name=1.00 business=CLOSED_PERMANENTLY (non-operational)
2376,flagged,0.4,0.444,223,חצ'פורי זיוה,KHACHAPURI-Ziva,no,"משה שרת 3, עפולה, Israel",,no,dist=223m name=0.44 business=CLOSED_PERMANENTLY (non-operational)
2377,no_match,0.2,0.130,3510,לחם גריל,המשבעה - כשר למהדרין - שווארמה גריל ישראלי,no,"המשור 3, טבריה, Israel",,no,dist=3510m name=0.13 no-match
2380,verified,0.95,1.000,12,חומוס אליהו,חומוס אליהו - קריית שמונה,yes,"תל חי 61, קריית שמונה, Israel","Tel Hai St 61, Qiryat Shemona, Israel",yes,dist=12m name=1.00 close-proximity
2381,flagged,0.6,0.118,8,כרמלה אורחים נוספים הגיעו,Yigal Alon St 29,no,"יגאל אלון 29, חיפה, Israel",,no,dist=8m name=0.12 proximity-name-mismatch
2382,verified,0.95,0.333,25,הפינה של אריק,Shawarma Arik,no,"החלוץ 32, חיפה, Israel","HeHaluts St 32, Haifa, Israel",yes,dist=25m name=0.33 close-proximity
2383,flagged,0.7,1.000,689,חומוס אליהו,חומוס אליהו גשר הזיו (למהדרין),no,"גשר הזיו, Israel",,no,dist=689m name=1.00 needs-review
2384,verified,0.88,0.600,142,פיצה מרסלו,Pizza Marcelo,no,"ההגנה 1, קריית מוצקין, Israel","Ha-Hagana St 1, Kiryat Motzkin, Israel",yes,dist=142m name=0.60 near+name
2386,flagged,0.7,1.000,441,מזליקה,פלאפל מזליקה-כשר למהדרין,no,"יהושפט 28, עכו העתיקה, Israel",,no,dist=441m name=1.00 needs-review
2387,no_match,0.2,0.500,1589,קייטרינג אורייתא,אורייתא אירועים,no,"שאול המלך 39, בית שאן, Israel",,no,dist=1589m name=0.50 no-match
2388,flagged,0.4,1.000,57,שניצלוס,"שניצלוס, בית שאן",no,"אהבת ישראל 11, בית שאן, Israel",,no,dist=57m name=1.00 business=CLOSED_PERMANENTLY (non-operational)
2389,verified,0.88,1.000,231,אהבתי,אהבתי - אולם אירועים וקייטרינג,yes,"השיש 49, חיפה, Israel","HaShayish St 49, Haifa, Israel",yes,dist=231m name=1.00 near+name
2390,no_match,0.2,1.000,1552,פיצה לצ'ה,לצ'ה - מטבח איטלקי ( פיצריה ובית קפה),no,"ניר יפה, Israel",,no,dist=1552m name=1.00 no-match
2391,no_match,0.2,0.429,646,אגריפס-שיפודים על האש,שיפודי דבאח,no,"אשדות יעקב מאוחד, Israel",,no,dist=646m name=0.43 no-match
2393,no_match,0.2,0.600,3988,מאי שניצלים,שניצליית האחים,no,"התעשיה 2, קרית אתא, Israel",,no,dist=3988m name=0.60 no-match
2394,no_match,0.2,1.000,1541,פיצה מור,פיצה מור,no,"הרצל 4, טירת כרמל, Israel",,no,dist=1541m name=1.00 no-match
2395,flagged,0.4,1.000,153,קליל- טעים טרי בריא,קליל טעים טרי בריא,no,"בעלי מלאכה 26, חיפה, Israel",,no,dist=153m name=1.00 business=CLOSED_PERMANENTLY (non-operational)
2396,verified,0.95,0.300,24,לב העיר,בורג נהריה,no,"לוחמי הגטאות 8, נהריה, Israel","IL 2244742, Lohamei HaGeta'ot 35, Nahariya, Israel",yes,dist=24m name=0.30 close-proximity
2397,verified,0.95,1.000,23,פיצה עגבניה,פיצה עגבניה,yes,"חורב 15, מרכז חורב, חיפה, Israel","Khorev St 15, Haifa, Israel",yes,dist=23m name=1.00 close-proximity
2399,verified,0.88,1.000,126,פיצה הום,פיצה הום,yes,"יהודה הלוי 1, ביג פאשן דנילוף טבריה, Israel","Yehuda Halevi St 1, Tiberias, Israel",yes,dist=126m name=1.00 near+name
2400,flagged,0.7,1.000,549,פיצה אס,פיצה אס,no,"אחד העם 1, עכו, Israel",,no,dist=549m name=1.00 needs-review
2401,no_match,0.2,0.300,5429,קפה גרג,Greg cafe (Check Post Branch),no,"דרך בר יהודה 111, מרכז ביג חיפה, Israel",,no,dist=5429m name=0.30 no-match
2404,flagged,0.4,0.176,4291,"צ'יצ'ו בר אוכל מרוקאי,נווה שאנן",Chicho Moroccan Food Bar,no,"שד' טרומפלדור 56, חיפה, Israel",,no,dist=4291m name=0.18 business=CLOSED_PERMANENTLY (non-operational)
2406,flagged,0.4,1.000,675,פפרדלה,פפרדלה,no,"שטורמן 14, בית שאן, Israel",,no,dist=675m name=1.00 business=CLOSED_PERMANENTLY (non-operational)
2408,verified,0.88,1.000,77,בארכה גריל בר,בארכה גריל בר נהריה,yes,"אירית 2, נהריה, Israel","Irit St 2, Nahariyya, Israel",yes,dist=77m name=1.00 near+name
2409,flagged,0.7,1.000,352,cofix,cofix,no,"הגליל 3, טבריה, Israel",,no,dist=352m name=1.00 needs-review
2410,verified,0.88,0.600,84,מאמה מיה,Mama Mia,no,"הבנים 1, טבריה, Israel","מדרחוב הבנים 1, טבריה, Israel",yes,dist=84m name=0.60 near+name
2411,no_match,0.2,1.000,1797,פיצה בעמק,גלידה בעמק / פיצה העמק,no,"רמת גבריאל 11, מגדל העמק, Israel",,no,dist=1797m name=1.00 no-match
2412,no_match,0.2,0.250,104382,המנגל של מוטי,חלל חיצון גרילים,no,"כפר חושן, Israel",,no,dist=104382m name=0.25 no-match
2413,verified,0.95,1.000,64,אצה,אצה סושי בר בית שאן,yes,"העמל 7, בית שאן, Israel","Ha-Amal St 7, Beit She'an, Israel",yes,dist=64m name=1.00 close-proximity
2414,no_match,0.2,0.250,414,במיוס,תיא פון,no,"אח""י אילת 19, קריית חיים, חיפה, Israel",,no,dist=414m name=0.25 no-match
2415,verified,0.95,1.000,11,קייטרינג מטעמי הבית,קייטרינג מטעמי הבית,yes,"השיש 4, מגדל העמק, Israel","Ha-Shayish St 4, Migdal HaEmek, Israel",yes,dist=11m name=1.00 close-proximity
2416,verified,0.88,0.667,232,יעקב קבב,Jacob kebab,no,"העליה השניה 20, בת גלים, חיפה, Israel","HaAliya HaShniya St 20, Haifa, Israel",yes,dist=232m name=0.67 near+name
2417,no_match,0.2,0.286,713,תנסושי,סטריט צ'אן,no,"אלחדיף 3, טבריה, Israel",,no,dist=713m name=0.29 no-match
2418,no_match,0.2,,,אסתר ויהונתן,,no,"דרך הארבעה 20, עכו, Israel",,no,no-candidate
2420,flagged,0.4,0.143,202,אחים לוסקי,Luski brothers steakhouse,no,"דרך העצמאות 31, נמל חיפה, Israel",,no,dist=202m name=0.14 business=CLOSED_PERMANENTLY (non-operational)
2421,flagged,0.7,0.100,185,ווק טאון,Wok N Roll,no,"שד' הפלי""ם 19, חיפה, Israel",,no,dist=185m name=0.10 needs-review
2422,flagged,0.6,0.273,30,פלאפל המושבה,Falafel Zichron,no,"הנדיב 18, זכרון יעקב, Israel",,no,dist=30m name=0.27 proximity-name-mismatch
2424,no_match,0.2,0.125,401,ASIATICO,Moshe Goshen Ave 29,no,"שדרות גושן 29, קריית מוצקין, Israel",,no,dist=401m name=0.13 no-match
2425,no_match,0.2,1.000,2415,לחם ארז,Lehem-Erez,no,"דרך שמחה גולן 54, גרנד קניון חיפה, Israel",,no,dist=2415m name=1.00 no-match
2426,verified,0.95,0.500,70,קפה גרג,Greg coffee Nahariya Mall,no,"אירית 2, נהריה, Israel","Irit 2, כניסה הדרמית, Nahariya, Israel",yes,dist=70m name=0.50 close-proximity
2427,flagged,0.7,1.000,721,בורקס בכר העגלה,בורקס בכר,no,"פלימן משה 4, קניון חיפה, Israel",,no,dist=721m name=1.00 needs-review
2428,no_match,0.2,1.000,3297,פיצה באבי,פיצה באבי,no,"יפרח 22, יבנאל, Israel",,no,dist=3297m name=1.00 no-match
2430,flagged,0.7,1.000,345,שני,שני קרית אתא,no,"העצמאות 37, קרית אתא, Israel",,no,dist=345m name=1.00 needs-review
2431,flagged,0.4,1.000,174,פלאפל ברזילי,פלאפל ברזילי,no,"טורקיז 3, חריש, Israel",,no,dist=174m name=1.00 business=CLOSED_PERMANENTLY (non-operational)
2432,no_match,0.2,1.000,3047,אביב- בעיר,אביב בעיר,no,"ז'בוטינסקי זאב 17, נהריה, Israel",,no,dist=3047m name=1.00 no-match
2435,verified,0.88,1.000,225,פיצה מייקר,פיצה מייקר,yes,"סוקולוב 40, קרית אתא, Israel","Sokolov St 40, Kiryat Ata, Israel",yes,dist=225m name=1.00 near+name
2436,flagged,0.4,1.000,23,פיצה פדאל חיפה קרית אליעזר,פיצה פדאל קרית אליעזר,no,"ככר מאירהוף 3, חיפה, Israel",,no,dist=23m name=1.00 business=CLOSED_PERMANENTLY (non-operational)
2437,verified,0.95,1.000,11,דונסון,פיצה דונסון,yes,"חוחית 16, זכרון יעקב, Israel","Hohit St 16, Zikhron Ya'akov, Israel",yes,dist=11m name=1.00 close-proximity
2438,no_match,0.2,0.000,108413,פיצה פורת,Pizza (for the) People,no,"קהילת ציון 4, שפר, Israel",,no,dist=108413m name=0.00 no-match
2439,no_match,0.2,0.375,778,מקסימו אירועים,Maximo Events,no,"התמר 3, יקנעם, Israel",,no,dist=778m name=0.38 no-match
2443,flagged,0.6,0.000,7,פיצה לזינו,Tommy Pizza,no,"התיכון 86, חיפה, Israel",,no,dist=7m name=0.00 proximity-name-mismatch
2444,flagged,0.7,0.000,206,קפה סופלה,Café Café,no,"דרך העמק 7, קניון לב העמק, מגדל העמק, Israel",,no,dist=206m name=0.00 needs-review
2445,no_match,0.2,0.500,1004,פיצה טו גו,Pizza To Go,no,"הרצל 66, נהריה, Israel",,no,dist=1004m name=0.50 no-match
2446,verified,0.88,0.714,141,"""משבעה""",גיא המשבעה,no,"הגליל 34, טבריה, Israel","HaGalil St 34, Tiberias, Israel",yes,dist=141m name=0.71 near+name
2447,flagged,0.7,1.000,976,ארומה,ארומה-Aroma,no,"יהושע חנקין 48, עפולה, Israel",,no,dist=976m name=1.00 needs-review
2448,flagged,0.7,1.000,351,פיצה דה לה קאזה,דה לה קאזה,no,"ניצנים 39, מגדל העמק, Israel",,no,dist=351m name=1.00 needs-review
2449,flagged,0.7,0.714,565,פלאפל בללי,Falafel Balali,no,"שלומי, Israel",,no,dist=565m name=0.71 needs-review
2451,verified,0.95,0.800,16,ברוניתא,Baronita,no,"הנדיב 27, זכרון יעקב, Israel","Ha-Nadiv St 27, Zikhron Ya'akov, Israel",yes,dist=16m name=0.80 close-proximity
2452,verified,0.88,1.000,169,בורגרים,בורגרים נהריה- כשר בדץ בית יוסף,yes,"ויצמן 63, נהריה, Israel","Weizman St 63, Nahariyya, Israel",yes,dist=169m name=1.00 near+name
2454,flagged,0.7,0.636,315,מאפיית ברכת משה,Birkat-Moshe Bakery,no,"העצמאות 35, קרית אתא, Israel",,no,dist=315m name=0.64 needs-review
2456,no_match,0.2,0.273,724,ארומה,Aroma German Colony Haifa,no,"חיפה, Israel",,no,dist=724m name=0.27 no-match
2458,flagged,0.7,0.000,143,אמריקן פיצה,Extra pizza,no,"יהודה הלוי, טבריה, Israel",,no,dist=143m name=0.00 needs-review
2459,flagged,0.7,0.250,149,סושי בר,HIYO,no,"אח""י אילת 55, קריית חיים, חיפה, Israel",,no,dist=149m name=0.25 needs-review
2460,verified,0.88,0.750,97,חומוס אליהו כרמיאל,חומוסיות בכרמיאל,no,"היוצרים 7, כרמיאל, Israel","Ha-Yotsrim St 7, Karmiel, Israel",yes,dist=97m name=0.75 near+name
2463,no_match,0.2,1.000,1352,חומוס גלעד,חומוס גלעד,no,"ויצמן 24, קריית ביאליק, Israel",,no,dist=1352m name=1.00 no-match
2465,flagged,0.7,0.750,490,פיצה איטליאנו,Pizza Italiano,no,"השמש 1, קיסריה, Israel",,no,dist=490m name=0.75 needs-review
2466,verified,0.88,1.000,122,קפה בשדה,קפה בשדה בית קפה כשר ארוחות בוקר וסלי פיקניק,yes,"שדה אליהו, Israel","קפה בשדה, Sde Eliyahu, 1081000, Israel",yes,dist=122m name=1.00 near+name
2468,verified,0.95,1.000,30,שמוליק'ס גריל בר,שמוליק'ס,yes,"התמר 4, יקנעם, Israel","Ha-Tamar St 4, Yokne'am Illit, Israel",yes,dist=30m name=1.00 close-proximity
2469,flagged,0.7,1.000,273,סטקיית אלפסי,סטקיית אלפסי,no,"הגליל 16, טבריה, Israel",,no,dist=273m name=1.00 needs-review
2470,verified,0.88,0.600,108,ברברי,Burgerim,no,"העצמאות 82, קרית אתא, Israel","HaNevi'im St 1, Kiryat Ata, Israel",yes,dist=108m name=0.60 near+name
2471,no_match,0.2,1.000,1958,הבן של סימו,הבן של סימו מסעדת בשרים,no,"תל חי 111, קריית שמונה, Israel",,no,dist=1958m name=1.00 no-match
2472,flagged,0.4,1.000,86,דוס לוקוס,דוס לוקוס -Dos Locos - גריל מקסיקני,no,"יהודה הלוי 1, ביג פאשן דנילוף טבריה, Israel",,no,dist=86m name=1.00 business=CLOSED_PERMANENTLY (non-operational)
2474,verified,0.88,1.000,143,אורי נתחים קייטרינג בוטיק,אורי נתחים קייטרינג בוטיק,yes,"בן צבי 16, בית שאן, Israel","Ben Tsvi St 16, Beit She'an, Israel",yes,dist=143m name=1.00 near+name
2476,no_match,0.2,0.500,575,דורון אירועים,הלן דורון אנגלית כרמיאל,no,"כרמיאל, Israel",,no,dist=575m name=0.50 no-match
2477,no_match,0.2,0.333,297,מאמא פיצה קרית אתא,Mama Pizza,no,"העצמאות 71, קרית אתא, Israel",,no,dist=297m name=0.33 no-match
2478,flagged,0.7,1.000,663,מירו בשרים,מירו גריל בשרים,no,"העצמאות 27, קרית אתא, Israel",,no,dist=663m name=1.00 needs-review
2479,verified,0.88,0.500,167,פיתה רחוב,דוקטור פיתה,no,"חריש, Israel","Erets Rd 57, Harish, Israel",yes,dist=167m name=0.50 near+name
2480,flagged,0.6,0.261,25,קולינאריק,קולינריק - Kulinarik - מעדניית בוטיק - אוכל מוכן,no,"חורב 15, מרכז חורב, חיפה, Israel",,no,dist=25m name=0.26 proximity-name-mismatch
2481,flagged,0.7,1.000,1086,שווארמת פרימי,שווארמת פרימי,no,"בן עמי 16, עכו העתיקה, Israel",,no,dist=1086m name=1.00 needs-review
2482,verified,0.95,0.389,32,פיצה מיכאל אנג'לו אחוזת ברק (עפולה),פיצה מיכאלאנג'לו,no,"שושנים 6, אחוזת ברק, Israel","Shoshanim St 6, Ahuzat Barak, Israel",yes,dist=32m name=0.39 close-proximity
2483,flagged,0.7,1.000,565,הבגט של אביקו,הבגט של אביקו,no,"הרב עוזיאל 66, שלומי, Israel",,no,dist=565m name=1.00 needs-review
2484,no_match,0.2,0.667,1586,פיצה ארנה,Pizza Arena,no,"נייברג 14, טבריה, Israel",,no,dist=1586m name=0.67 no-match
2485,flagged,0.7,0.143,176,גיליס,"Gillis - Beit Midrash meat, Golan Heights",no,"נוב, Israel",,no,dist=176m name=0.14 needs-review
2487,verified,0.88,1.000,191,פיצה בכיכר,פיצה בכיכר,yes,"ככר העצמאות 9, עפולה, Israel","Kikar HaAtsmaut, Afula, Israel",yes,dist=191m name=1.00 near+name
2489,no_match,0.2,0.500,15359,בית מאפה הטאבון,מאפיית אלטאבון,no,"אביטל, Israel",,no,dist=15359m name=0.50 no-match
2490,flagged,0.4,1.000,323,קונדיטוריה שני,קונדיטוריה שני,no,"מעלה כמון 2, ביג כרמיאל, Israel",,no,dist=323m name=1.00 business=CLOSED_PERMANENTLY (non-operational)
2493,verified,0.95,1.000,5,פיצה טרמינל,פיצה טרמינל,yes,"אילנות 1, כרמל מערבי, חיפה, Israel","Ilanot St 1, Haifa, Israel",yes,dist=5m name=1.00 close-proximity
2494,verified,0.88,1.000,140,סחבק,פיצה סחבק,yes,"שד' הגעתון 20, נהריה, Israel","Sderot HaGa'aton 20, Nahariya, Israel",yes,dist=140m name=1.00 near+name
2496,flagged,0.7,0.000,104,cofix,טבק אור,no,"השקדים 4, קריית ביאליק, Israel",,no,dist=104m name=0.00 needs-review
2497,no_match,0.2,1.000,3270,wok street,Wok Street,no,"שד' הנשיא 129, מרכז הכרמל, חיפה, Israel",,no,dist=3270m name=1.00 no-match
2499,flagged,0.4,1.000,153,שיפודיית BALMAS,שיפודיית BALMAS,no,"ז'בוטינסקי 62, טירת כרמל, Israel",,no,dist=153m name=1.00 business=CLOSED_PERMANENTLY (non-operational)
2500,flagged,0.7,0.769,696,קונדיטוריה שני,קונדיטוריית שני עכו,no,"דרך החרושת 2, עכו, Israel",,no,dist=696m name=0.77 needs-review
2502,flagged,0.4,1.000,33902,צ'יינה ביי,הסינית הכשרה - צ'יינה ביי,no,"שד' הנשיא 101, חיפה, Israel",,no,dist=33902m name=1.00 business=CLOSED_PERMANENTLY (non-operational)
2503,verified,0.95,1.000,18,אצל אמנוני,אצל אמנוני,yes,"החרושת 11, כרמיאל, Israel","Ha-Kharoshet St 11, Karmiel, Israel",yes,dist=18m name=1.00 close-proximity
2505,no_match,0.2,0.000,265,בזיליקום,Ha-Histadrut St 6,no,"ההסתדרות 6, חצור הגלילית, Israel",,no,dist=265m name=0.00 no-match
2506,no_match,0.2,1.000,1685,קפה גרג חריש,קפה גרג סניף חריש,no,"חריש, Israel",,no,dist=1685m name=1.00 no-match
2507,verified,0.95,0.429,16,רולדין,Roladin Matam,no,"נחום חת 5, טירת כרמל, Israel","Nahum Het St 5, Haifa, 3508504, Israel",yes,dist=16m name=0.43 close-proximity
2508,verified,0.95,1.000,10,השניצליה,השניצליה - ראש פינה,yes,"דרך הגליל 1, ראש פינה, Israel","Derech HaGalil, Rosh Pina, Israel",yes,dist=10m name=1.00 close-proximity
2510,flagged,0.4,1.000,159,VIDA,Vida,no,"יהודה הלוי 1, טבריה, Israel",,no,dist=159m name=1.00 business=CLOSED_PERMANENTLY (non-operational)
2511,no_match,0.2,0.250,5899,פיתה אקספרס,Haitstadyon St 4,no,"האיצטדיון 4, חיפה, Israel",,no,dist=5899m name=0.25 no-match
2512,no_match,0.2,0.143,340,free סנדביץ',צרפתי כריכים וסלטים,no,"קריית שמונה, Israel",,no,dist=340m name=0.14 no-match
2513,no_match,0.2,0.273,4225,קונדיטוריה שני,Shany Bakery,no,"שד' טרומפלדור 29, חיפה, Israel",,no,dist=4225m name=0.27 no-match
2514,no_match,0.2,1.000,2213,טאטאמי,Tatami - טאטאמי - כשר,no,"קדושי יאסי 1, חיפה, Israel",,no,dist=2213m name=1.00 no-match
2515,verified,0.95,0.833,22,סנדוויץ' מאמא,סנדביץ מאמא,no,"הפלמ""ח 25, כרמיאל, Israel","Ha-Palmakh St 25, Karmiel, Israel",yes,dist=22m name=0.83 close-proximity
2516,verified,0.95,0.800,18,פיצה אמאזונס,Amazonas,no,"גדליהו 6, חיפה, Israel","Gdalyahu St 6, Haifa, Israel",yes,dist=18m name=0.80 close-proximity
2517,verified,0.88,0.667,141,ג'אפן ג'אפן,Japan Japan,no,"יהודה הלוי 1, ביג פאשן דנילוף טבריה, Israel","Yehuda Halevi St 1, Tiberias, Israel",yes,dist=141m name=0.67 near+name
2520,no_match,0.2,0.333,3385,סטיישן סנדביץ' קלאב-STATION SANDWICH CLUB,סנדוויץ' סטיישן חיפה,no,"דרך שמחה גולן 54, גרנד קניון חיפה, Israel",,no,dist=3385m name=0.33 no-match
2522,no_match,0.2,0.167,626,אפונענע,Derekh Khativat Golani 66,no,"חטיבת גולני 66, חיפה, Israel",,no,dist=626m name=0.17 no-match
2523,no_match,0.2,0.667,3255,סנדוויץ' בר סמי הגדול,סמי הגדול סנדויץ בר - הקריות,no,"השקדים 2, קריית ביאליק, Israel",,no,dist=3255m name=0.67 no-match
2524,verified,0.95,1.000,19,זסטי,זסטי כרמיאל,yes,"שד' קק""ל 92, כרמיאל, Israel","Sderot Kakal 92, Karmiel, 2195102, Israel",yes,dist=19m name=1.00 close-proximity
2525,no_match,0.2,0.500,141735,סאן סושי ונודלס,San Sushi Ashdod,no,"שדרות הנשיא בן צבי 1, נהריה, Israel",,no,dist=141735m name=0.50 no-match
2526,flagged,0.7,0.214,228,cofix,10fix nahariya,no,"שד' הגעתון 20, נהריה, Israel",,no,dist=228m name=0.21 needs-review
2527,verified,0.88,0.500,106,טו פיצה,Tu Pizza,no,"גוט לוין 2, חיפה, Israel","Moshe Got Levin St 48, Haifa, 3292240, Israel",yes,dist=106m name=0.50 near+name
2528,flagged,0.7,0.000,136,cofix,Friendly,no,"שד' יצחק רבין 18, מתחם ג'י בעמק, עפולה, Israel",,no,dist=136m name=0.00 needs-review
2529,flagged,0.7,0.250,184,נשנש,Sha'ul HaMelech St 26,no,"שאול המלך 26, בית שאן, Israel",,no,dist=184m name=0.25 needs-review
2531,verified,0.95,1.000,25,מאור השמן,מאור השמן קייטרינג ובישולים - קייטרינג בקריית שמונה,yes,"מרכז צבי, קניון נחמיה, קריית שמונה, Israel","David Selinger St 4, Qiryat Shemona, 1103218, Israel",yes,dist=25m name=1.00 close-proximity
2532,flagged,0.4,0.455,11,החומוסיה של יוסקו,Humus Yosko,no,"הנדיב 23, זכרון יעקב, Israel",,no,dist=11m name=0.45 business=CLOSED_TEMPORARILY (non-operational)
2533,flagged,0.4,0.667,485,גיגס אנטריקוטי בר,Giggs Entrecote Bar,no,"תל חי 77, קריית שמונה, Israel",,no,dist=485m name=0.67 business=CLOSED_TEMPORARILY (non-operational)
2534,flagged,0.4,1.000,126,קונדיטורית וולפסון,קונדיטורית וולפסון,no,"הרצל 67, נהריה, Israel",,no,dist=126m name=1.00 business=CLOSED_PERMANENTLY (non-operational)
2535,no_match,0.2,0.250,3208,אדן אספרסו בר,Wine Bar by Andre Suidan,no,"אנדרי סחרוב 9, חיפה, Israel",,no,dist=3208m name=0.25 no-match
2536,no_match,0.2,0.200,8955,מועדון ארוחת הבוקר מרטינלה,The Breakfast Club,no,"הגפן 21, לימן, Israel",,no,dist=8955m name=0.20 no-match
2537,no_match,0.2,0.500,510,הוט HOT פיצה,Hot pizza - Gan Ner,no,"גן נר, Israel",,no,dist=510m name=0.50 no-match
2538,flagged,0.4,1.000,26,על האש קווקזי,Бакинский Шашлычок על האש קווקזי,no,"ארלוזורוב 4, חיפה, Israel",,no,dist=26m name=1.00 business=CLOSED_PERMANENTLY (non-operational)
2539,no_match,0.2,1.000,1389,פיצה בוניטה,פיצה בוניטה,no,"הרצל 40, טירת כרמל, Israel",,no,dist=1389m name=1.00 no-match
2541,no_match,0.2,0.333,616,שיפודM,שיפודי רחמים שמחה ובניו,no,"דרך הגליל, ראש פינה, Israel",,no,dist=616m name=0.33 no-match
2542,no_match,0.2,0.250,3001,אושפזין קייטרינג ואוכל מוכן לשבת,אושפיזין,no,"דרך ארץ 47, חריש, Israel",,no,dist=3001m name=0.25 no-match
2544,no_match,0.2,1.000,36205,המקום של שימי,המקום של שימי,no,"מועצה אזורית הגליל התחתון, Israel",,no,dist=36205m name=1.00 no-match
2545,verified,0.88,1.000,118,שניצל 20 טעמים,שניצל 20 טעמים,yes,"מעלה כמון 5, כרמיאל, Israel","Ma'ale Kamon St 5, Karmiel, Israel",yes,dist=118m name=1.00 near+name
2547,verified,0.88,0.667,123,"יש פה פיצה, נהריה",יש פה פיצה,no,"שד' הגעתון 35, נהריה, Israel","Sderot HaGa'aton 35, Nahariya, Israel",yes,dist=123m name=0.67 near+name
2548,flagged,0.7,0.250,136,פלאפל גולני,Golani Falafel,no,"הנשיא ויצמן 6, עפולה, Israel",,no,dist=136m name=0.25 needs-review
2549,verified,0.95,0.583,24,הסביח המקורי,הסביח עפולה,no,"השוק 24, עפולה, Israel","HaShuk St 1-9, Afula, Israel",yes,dist=24m name=0.58 close-proximity
2551,no_match,0.2,0.091,659,קפה קפה,JONA’S coffee | קפה ג׳ונאס,no,"ז'בוטינסקי 62, טירת כרמל, Israel",,no,dist=659m name=0.09 no-match
2553,flagged,0.4,1.000,90,פיצריש,café פיצריש,no,"דרך ארץ 31, חריש, Israel",,no,dist=90m name=1.00 business=CLOSED_TEMPORARILY (non-operational)
2556,flagged,0.4,0.231,188,בית הפנקייק המקורי חיפה,Pancake House,no,"אח""י אילת 60, קריית חיים, חיפה, Israel",,no,dist=188m name=0.23 business=CLOSED_PERMANENTLY (non-operational)
2557,no_match,0.2,0.375,2380,גרג קיטשן,Greg - Cafe,no,"שד' יצחק רבין 18, מתחם ג'י בעמק, עפולה, Israel",,no,dist=2380m name=0.38 no-match
2559,no_match,0.2,,,יוספטל 18 גריל בשרים,,no,"שד' גיורא יוספטל 18, קרית אתא, Israel",,no,no-candidate
2560,verified,0.88,0.500,116,פיצה עידו,Pizza Ido,no,"ירושלים 27, עפולה, Israel","Yerushalayim St 27, Afula, 1825127, Israel",yes,dist=116m name=0.50 near+name
2561,verified,0.95,1.000,49,נפו,שווארמה נפו,yes,"התמר 2, קניון דרכים יקנעם, Israel","Ha-Tamar St 2, Yokne'am Illit, Israel",yes,dist=49m name=1.00 close-proximity
2562,flagged,0.6,0.200,34,"מאפית אגמי (נהמא) בע""מ",Agami Bakery,no,"התמר 2, קניון דרכים יקנעם, Israel",,no,dist=34m name=0.20 proximity-name-mismatch
2564,verified,0.88,0.636,100,מאפיית ברכת משה,Birkat Moshe Bakery,no,"הנשיא ויצמן 17, עפולה, Israel","Ha-Nasi Weizman St 17, Afula, Israel",yes,dist=100m name=0.64 near+name
2565,verified,0.88,1.000,97,סנדוויץ בר אור,סנדוויץ בר אור,yes,"שפירא משה 26, עכו, Israel","Chaim Moshe Shapira St 26, Acre, Israel",yes,dist=97m name=1.00 near+name
2567,no_match,0.2,1.000,1620,פיצה האט,Pizza Hut,no,"קריית שמונה, Israel",,no,dist=1620m name=1.00 no-match
2568,no_match,0.2,0.500,14425,קפה נועה,קפה נטע,no,"קניון חוצות אלונים, Israel",,no,dist=14425m name=0.50 no-match
2569,no_match,0.2,0.125,384,מיכל איפרגן,Sha'ul HaMelech St 74,no,"שאול המלך 74, בית שאן, Israel",,no,dist=384m name=0.13 no-match
2570,flagged,0.4,1.000,1827,רוניוס בכיכר,רוניוס בכיכר,no,"יקנעם, Israel",,no,dist=1827m name=1.00 business=CLOSED_PERMANENTLY (non-operational)
2571,verified,0.95,1.000,8,פאפא פיצה,פאפא פיצה,yes,"שד' קק""ל 92, כרמיאל, Israel","Sderot Kakal 92, Karmiel, Israel",yes,dist=8m name=1.00 close-proximity
2572,verified,0.95,1.000,24,פיקולו לה קאסה Piccolo la Casa,פיקולו לה קאסה Piccolo La Casa,yes,"אנפה 7, שלומי, Israel","Anafa St 7, Shlomi, Israel",yes,dist=24m name=1.00 close-proximity
2573,no_match,0.2,0.238,811,קייטרינג בוטיק יוקרתי,אביב בעיר,no,"בן גאון דוד 32, נהריה, Israel",,no,dist=811m name=0.24 no-match
2574,flagged,0.7,1.000,1030,השניצל המערבי,השניצל המערבי,no,"ההסתדרות 20, חצור הגלילית, Israel",,no,dist=1030m name=1.00 needs-review
2575,verified,0.88,1.000,239,בורגרים,"בורגרים טבריה, כשר בד""צ בית יוסף",yes,"יהודה הלוי 4, טבריה, Israel","Yehuda Halevi St 4, Tiberias, Israel",yes,dist=239m name=1.00 near+name
2577,flagged,0.4,0.571,49,סנדוויץ' טוסט בר,סנדוויץ בר טירת כרמל,no,"הפטיש 2, טירת כרמל, Israel",,no,dist=49m name=0.57 business=CLOSED_PERMANENTLY (non-operational)
2578,no_match,0.2,0.176,317,לאב בורגר,"בורגרים טבריה, כשר בד""צ בית יוסף",no,"פיק""א 20, טבריה, Israel",,no,dist=317m name=0.18 no-match
2580,verified,0.88,1.000,112,ארקפה,ארקפה קיסריה Arcaffe Caesarea,yes,"הרקיע 1, קיסריה, Israel","ונוס קיסריה, Ha-Rakia St 1, Caesarea, 3070216, Israel",yes,dist=112m name=1.00 near+name
2581,no_match,0.2,0.429,1344,קפה גרג,Cafe Greg Kiryat Ata,no,"דרך חיפה 30, קניון שער הצפון, קרית אתא, Israel",,no,dist=1344m name=0.43 no-match
2582,flagged,0.6,0.111,56,קופי האוס,קניון 8 סנטר,no,"טשרניחובסקי 4, קניון 8 סנטר, קריית שמונה, Israel",,no,dist=56m name=0.11 proximity-name-mismatch
2583,flagged,0.4,1.000,283,צ'יפס טוסט נקניק,צ'יפס טוסט נקניק,no,"העצמאות 33, קרית אתא, Israel",,no,dist=283m name=1.00 business=CLOSED_PERMANENTLY (non-operational)
2584,verified,0.95,1.000,36,טעמים גם על האש,טעמים גם על האש,yes,"אתגר 2, טירת כרמל, Israel","Etgar St 2, Tirat Carmel, Israel",yes,dist=36m name=1.00 close-proximity
2585,no_match,0.2,0.111,369,המטבח של מרסל,Erez St 102,no,"ארז 102, קציר, Israel",,no,dist=369m name=0.11 no-match
2586,flagged,0.7,0.636,736,שניצל אלי וזהו,שניצליית האחים,no,"העצמאות 55, קרית אתא, Israel",,no,dist=736m name=0.64 needs-review
2587,no_match,0.2,0.556,447,קייטרינג תענוג,קייטרינג מנחת השבת,no,"מקור ברוך 7, קרית אתא, Israel",,no,dist=447m name=0.56 no-match
2588,flagged,0.7,0.167,170,עתיקה שותים אוכלים,Atika,no,"העמקים 1, קריית ביאליק, Israel",,no,dist=170m name=0.17 needs-review
2589,flagged,0.4,1.000,134,סחבק בא בטוסט נהריה,סחבק' נהריה,no,"שד' הגעתון 35, נהריה, Israel",,no,dist=134m name=1.00 business=CLOSED_PERMANENTLY (non-operational)
2590,no_match,0.2,0.111,2012,השיפודיה של ישי,Tanduka,no,"יקנעם, Israel",,no,dist=2012m name=0.11 no-match
2592,no_match,0.2,0.500,257,המאסטרו פיצרייה,המאסטרו פיצה במגדל העמק,no,"דרך העמק 16, מגדל העמק, Israel",,no,dist=257m name=0.50 no-match
2593,flagged,0.7,0.167,190,הקובה של אפי,Koreana,no,"שער פלמר 2, נמל חיפה, Israel",,no,dist=190m name=0.17 needs-review
2594,flagged,0.7,0.286,158,הפינה של אילן,Ha-Nasi Falafel,no,"הנשיא ויצמן 12, עפולה, Israel",,no,dist=158m name=0.29 needs-review
2595,no_match,0.2,0.000,750,חלומי,G- MOBILE,no,"זבולון 32, קרית אתא, Israel",,no,dist=750m name=0.00 no-match
2596,verified,0.88,0.556,91,מירון בית מאפה חיפה,"מירון מאפה זהב בע""מ",no,"דרך הים 2, מרכז הכרמל, חיפה, Israel","HaYam Rd 2, Haifa, Israel",yes,dist=91m name=0.56 near+name
2597,flagged,0.7,1.000,446,בונז'ור בן עמי,בונז'ור בן עמי,no,"ירושלים הבירה 34, בית שאן, Israel",,no,dist=446m name=1.00 needs-review
2598,flagged,0.7,1.000,351,גולד בורגר,גולד בורגר,no,"דרך הארבעה 35, עכו העתיקה, Israel",,no,dist=351m name=1.00 needs-review
2600,no_match,0.2,0.250,811,פלח הרימון,Rami Levy,no,"חלוצי התעשייה 73, חיפה, Israel",,no,dist=811m name=0.25 no-match
2601,flagged,0.7,1.000,267,בורגרים טירת הכרמל,"בורגרים טירת הכרמל, כשר למהדרין",no,"ששת הימים 1, טירת כרמל, Israel",,no,dist=267m name=1.00 needs-review
2603,no_match,0.2,0.500,1209,אבי רוזמרי,Rosmari,no,"קרן היסוד 8, קריית ביאליק, Israel",,no,dist=1209m name=0.50 no-match
2604,no_match,0.2,0.125,583,חומוסמוס,Abu Marun,no,"אנדרי סחרוב 9, חיפה, Israel",,no,dist=583m name=0.13 no-match
2606,no_match,0.2,0.118,657,בי מרקט גריל,פונדק האש חנות נוחות,no,"עין העמק, Israel",,no,dist=657m name=0.12 no-match
2607,no_match,0.2,1.000,1664,שיסו,שיסו קיסריה,no,"שד' רוטשילד 1, קיסריה, Israel",,no,dist=1664m name=1.00 no-match
2608,no_match,0.2,0.231,566,פיצה גלילית כפרית,פיצה העמק חצור הגלילית,no,"יצחק שמיר 50, חצור הגלילית, Israel",,no,dist=566m name=0.23 no-match
2610,flagged,0.4,0.875,140,בחצר של אלה,החצר של אלה,no,"שדי תרומות, Israel",,no,dist=140m name=0.88 business=CLOSED_PERMANENTLY (non-operational)
2611,no_match,0.2,0.167,1570,נאפוליון,Tel Akko,no,"אריה דושינסקי 1, עכו, Israel",,no,dist=1570m name=0.17 no-match
2612,no_match,0.2,1.000,27123,העוגה,העוגה קונדיטוריה,no,"הרצל 14, חיפה, Israel",,no,dist=27123m name=1.00 no-match
2613,no_match,0.2,0.375,3976,דקל אללוף,Ha-Dekel Street,no,"קדרון 14, עפולה, Israel",,no,dist=3976m name=0.38 no-match
2614,verified,0.95,0.750,54,קייטרינג אזולאי,Catering Azoulay,no,"קריית שמונה, Israel","Tel Khai St., קרית שמונה, Israel",yes,dist=54m name=0.75 close-proximity
2616,flagged,0.7,0.333,134,קפה קפה,קפה קפה נהריה,no,"שד' הגעתון 35, נהריה, Israel",,no,dist=134m name=0.33 needs-review
2618,verified,0.95,1.000,23,דה וינצ'י,פיצה דה וינצי,yes,"הגולן 2, נהריה, Israel","HaGolan St 2, Nahariyya, Israel",yes,dist=23m name=1.00 close-proximity
2620,verified,0.88,1.000,81,נפגש אצל אילן,פלאפל שווארמה בטבריה || נפגש אצל אילן,yes,"הירדן 12, טבריה, Israel","Ha-Yarden St, Tiberias, Israel",yes,dist=81m name=1.00 near+name
2622,verified,0.95,1.000,4,פיצה האט,Pizza Hut,no,"הנדיב 26, זכרון יעקב, Israel","Ha-Nadiv St 26, Zikhron Ya'akov, Israel",yes,dist=4m name=1.00 close-proximity
2624,flagged,0.6,0.111,60,מרכוס ובניו,HeHaluts St 49,no,"החלוץ 49, חיפה, Israel",,no,dist=60m name=0.11 proximity-name-mismatch
2625,no_match,0.2,1.000,5019,מנדרין,קפה מנדרין,no,"שד' ההסתדרות 55, קניון סינמול, חיפה, Israel",,no,dist=5019m name=1.00 no-match
2626,flagged,0.6,0.143,51,מקום ירוק,Nahariya North Mall,no,"אירית 2, נהריה, Israel",,no,dist=51m name=0.14 proximity-name-mismatch
2627,no_match,0.2,0.182,572,Chef Elad Levi שף אלעד לוי,Rami Levy,no,"עפולה, Israel",,no,dist=572m name=0.18 no-match
2628,no_match,0.2,0.500,3543,סנדוויץ הכיכר,קינג סנדוויץ׳,no,"הסולל 1, ביג קריות, Israel",,no,dist=3543m name=0.50 no-match
2629,verified,0.88,1.000,111,שרונה-קונדיטוריה,שרונה קונדיטוריה ובית קפה,yes,"ספיר 1, כפר חושן, Israel","Sapir St 1, Kfar Hoshen, Israel",yes,dist=111m name=1.00 near+name
2631,flagged,0.6,0.286,55,קפה עלית-אספרסו בר,Cafe Elit,no,"שד' אבא חושי 199, חיפה, Israel",,no,dist=55m name=0.29 proximity-name-mismatch
2632,flagged,0.4,0.889,441,שיבולת הדר,Shibolet Hadar Bakery,no,"החלוץ 65, חיפה, Israel",,no,dist=441m name=0.89 business=CLOSED_PERMANENTLY (non-operational)
2633,no_match,0.2,0.143,344,הפתיליה של סבתא,"אייל שלי שרותי מזון וקייטרינג בע""מ",no,"הפרסה 5, עפולה, Israel",,no,dist=344m name=0.14 no-match
2634,flagged,0.7,1.000,743,"אוכלים ב""רון""",אוכלים ברון,no,"רחוב, Israel",,no,dist=743m name=1.00 needs-review
2635,no_match,0.2,0.111,803,ג'אפן ג'אפן,I-way,no,"שד' ההסתדרות 271, קריית חיים, חיפה, Israel",,no,dist=803m name=0.11 no-match
2637,flagged,0.6,0.167,19,מוטה טורטיה רול בר,Mota Bar,no,"יהושע חנקין 9, עפולה, Israel",,no,dist=19m name=0.17 proximity-name-mismatch
2638,no_match,0.2,0.933,16464,הרופטופ של עכותיקה,מסעדת רופטופ עכותיקה,no,"רח' 10 31, עכו, Israel",,no,dist=16464m name=0.93 no-match
2639,verified,0.95,1.000,20,חומוס פלאפל נ נח,חומוס פלאפל נ נח,yes,"הגליל 100, חיפה, Israel","HaGalil St 100, Haifa, Israel",yes,dist=20m name=1.00 close-proximity
2640,verified,0.95,1.000,30,קפה מהדרין,קפה מהדרין,yes,"המייסדים 56, זכרון יעקב, Israel","Ha-Meyasdim St 56, Zikhron Ya'akov, Israel",yes,dist=30m name=1.00 close-proximity
2641,no_match,0.2,0.097,677,הסביח,מרכז הדיו והסלולר - דיו למדפסת וטונרים,no,"זבולון 9, קרית אתא, Israel",,no,dist=677m name=0.10 no-match
2643,no_match,0.2,1.000,6809,מאפיית המוציא לחם מן הארץ,מאפיית המוציא לחם מן הארץ,no,"שער פלמר 1, נמל חיפה, Israel",,no,dist=6809m name=1.00 no-match
2644,flagged,0.4,0.727,785,הסושיה עכו,הסושייה עזריאלי עכו,no,"דרך החרושת 2, עכו, Israel",,no,dist=785m name=0.73 business=CLOSED_PERMANENTLY (non-operational)
2645,flagged,0.7,1.000,332,שווארמה פינטו,שווארמה פינטו,no,"העצמאות 17, עכו העתיקה, Israel",,no,dist=332m name=1.00 needs-review
2647,flagged,0.7,0.250,93,התבשילים של סיגל,Sigal's Homemade Takeaway Meals and Diner,no,"שד' הגעתון 32, נהריה, Israel",,no,dist=93m name=0.25 needs-review
2648,flagged,0.7,0.000,80,בורגראנץ',Ha-Amal St 7,no,"העמל 7, בית שאן, Israel",,no,dist=80m name=0.00 needs-review
2649,flagged,0.7,0.200,235,שווארמה ג'יבלי,Jibli,no,"דרך יפו 134, חיפה, Israel",,no,dist=235m name=0.20 needs-review
2651,flagged,0.7,1.000,507,מיטבלים,Restaurant Meatbalim,no,"ראש פינה, Israel",,no,dist=507m name=1.00 needs-review
2653,flagged,0.7,1.000,833,מסעדת רם,מסעדת רם,no,"דקר 5, קריית מוצקין, Israel",,no,dist=833m name=1.00 needs-review
2654,flagged,0.7,0.111,206,קפה קפה,Café Café,no,"שד' שאול עמור 77, פרץ סנטר מגדל העמק, Israel",,no,dist=206m name=0.11 needs-review
2655,no_match,0.2,1.000,1773,קייטרינג ספיר,ספיר קייטרינג,no,"כרמיאל, Israel",,no,dist=1773m name=1.00 no-match
2656,no_match,0.2,0.500,499,מאפיית אור,מאפיית פת הגליל,no,"אזור תעשייה דרומי, קריית שמונה, Israel",,no,dist=499m name=0.50 no-match
2657,no_match,0.2,0.143,1119,אנטריקוטה בר,Baguetton,no,"הרצל 66, נהריה, Israel",,no,dist=1119m name=0.14 no-match
2658,flagged,0.4,0.500,8,קרייזי צ'יקן,Crazy Chicken,no,"הנדיב 25, זכרון יעקב, Israel",,no,dist=8m name=0.50 business=CLOSED_PERMANENTLY (non-operational)
2660,verified,0.88,1.000,160,Ten burgers,Ten Burgers,yes,"הרצל 45, בית שאן, Israel","Herzl St 45, Beit She'an, Israel",yes,dist=160m name=1.00 near+name
2661,no_match,0.2,,,פלאפל אחלה,,no,"האיצטדיון 4, חיפה, Israel",,no,no-candidate
2662,no_match,0.2,0.667,2057,פיצה באבו,Pizza Babu,no,"יהודה הלוי 19, עכו, Israel",,no,dist=2057m name=0.67 no-match
2663,verified,0.88,1.000,231,אדיס פיצה- Eddis Pizza,פיצה אדיס - Eddi's Pizza,yes,"גבעת אבני, Israel","מתחם מסחרי חדש, Giv'at Avni, 1522700, Israel",yes,dist=231m name=1.00 near+name
2664,flagged,0.4,1.000,904,פיצה פאפא,Papa pizza,no,"שאול המלך 39, בית שאן, Israel",,no,dist=904m name=1.00 business=CLOSED_PERMANENTLY (non-operational)
2665,flagged,0.7,0.600,858,פיצה דומינו,Pizza Domino,no,"בן עמי 44, עכו העתיקה, Israel",,no,dist=858m name=0.60 needs-review
2666,flagged,0.4,1.000,1003,פיצה אתא,Pizza Ata,no,"שד' הציונות 29, קרית אתא, Israel",,no,dist=1003m name=1.00 business=CLOSED_PERMANENTLY (non-operational)
2670,verified,0.95,1.000,13,cofix,cofix - כרמיאל,yes,"מורד הגיא 100, קניון לב כרמיאל, Israel","Morad ha-Gai St 98-100, Karmiel, Israel",yes,dist=13m name=1.00 close-proximity
2671,no_match,0.2,0.385,807,חומוס אליהו בית השיטה,Hummus Eliyahu,no,"בית השיטה, Israel",,no,dist=807m name=0.38 no-match
2672,no_match,0.2,0.231,1491,פורט לוקאל ביסטרו,Port Cafe,no,"קיסריה, Israel",,no,dist=1491m name=0.23 no-match
2673,flagged,0.4,1.000,30,פלאפל איצקו,פלאפל איצקו,no,"אודם 6, חריש, Israel",,no,dist=30m name=1.00 business=CLOSED_PERMANENTLY (non-operational)
2674,verified,0.95,1.000,56,פיצה פדאל,פיצה פדאל יקנעם,yes,"התמר 4, יקנעם, Israel","Ha-Tamar St 4, Yokne'am Illit, Israel",yes,dist=56m name=1.00 close-proximity
2675,verified,0.95,1.000,61,פיצה האט,Pizza Hut,no,"העמל 7, בית שאן, Israel","מרכז צים בית שאן, Beit She'an, Israel",yes,dist=61m name=1.00 close-proximity
2676,flagged,0.4,0.750,9301,השניצליה,Ha-Shnitzelia,no,"מאיר הזורע 1, מרכזית חוף הכרמל, חיפה, Israel",,no,dist=9301m name=0.75 business=CLOSED_PERMANENTLY (non-operational)
2677,flagged,0.4,1.000,744,קפה בחורש,קפה בחורש,no,"החשמונאים 79, קריית מוצקין, Israel",,no,dist=744m name=1.00 business=CLOSED_PERMANENTLY (non-operational)
2678,flagged,0.7,0.750,1143,פיצה אמיגוס,Amigos Pizza,no,"הרצל 39, טירת כרמל, Israel",,no,dist=1143m name=0.75 needs-review
2679,no_match,0.2,0.250,1224,"יקבי קיסריה בע""מ",Caesarea Wineries,no,"קיסריה, Israel",,no,dist=1224m name=0.25 no-match
2680,verified,0.88,1.000,183,גיוונים,פיצה וחומוס + סלטים בריאים - מטבח גיוונים בנחשולים,yes,"נחשולים, Israel","קיבוץ נחשולים - ד.נ. חוף הכרמל - מיקוד 3081500, Nahsholim, 3081500, Israel",yes,dist=183m name=1.00 near+name
2683,verified,0.88,1.000,130,התרנגול,התרנגול שניצל בעכו,yes,"יהודה הלוי 19, עכו, Israel","Yehuda Halevi St 19, Acre, Israel",yes,dist=130m name=1.00 near+name
2685,no_match,0.2,0.200,686,מלך השניצל,ה-שניצל טבריה,no,"אלחדיף 5, טבריה, Israel",,no,dist=686m name=0.20 no-match
2687,verified,0.95,1.000,70,באגט ניר,באגט ניר טבריה,yes,"אלחדיף 3, טבריה, Israel","Al Hadif St 5, Tiberias, Israel",yes,dist=70m name=1.00 close-proximity
2689,no_match,0.2,1.000,4160,פיצה האט,Pizza Hut,no,"קרית אתא, Israel",,no,dist=4160m name=1.00 no-match
2691,no_match,0.2,1.000,4251,קפה בוביס,קפה בוביס,no,"שלמה בן יוסף 6, חיפה, Israel",,no,dist=4251m name=1.00 no-match
2692,no_match,0.2,1.000,2497,ברוקלין 17,Brooklyn 17 - Pizza Bar ברוקלין 17 - פיצה בר,no,"חיפה, Israel",,no,dist=2497m name=1.00 no-match
2694,no_match,0.2,0.500,651,בויה נקניק מגולגל בטוסט,נקניקיות בויה,no,"אהבת ישראל 9, בית שאן, Israel",,no,dist=651m name=0.50 no-match
2695,flagged,0.7,1.000,401,מלך ההמבורגר,מלך ההמבורגר קרית מוצקין,no,"שדרות גושן 29, קריית מוצקין, Israel",,no,dist=401m name=1.00 needs-review
2696,flagged,0.7,0.077,169,סוזנוס מאכלים ביתיים,Masuda Restaurant,no,"עפולה, Israel",,no,dist=169m name=0.08 needs-review
2697,verified,0.88,1.000,98,אלברטו,אלברטו בשרים על גחלים חצור הגלילית,yes,"בן גוריון 11, חצור הגלילית, Israel","Ben Gurion St, Hatzor HaGlilit, Israel",yes,dist=98m name=1.00 near+name
2699,flagged,0.4,1.000,33,פן אחר,מסעדת פן אחר,no,"המייסדים 56, זכרון יעקב, Israel",,no,dist=33m name=1.00 business=CLOSED_TEMPORARILY (non-operational)
2700,no_match,0.2,1.000,97722,מלכה כהן,מלכה כהן,no,"גשר, Israel",,no,dist=97722m name=1.00 no-match
2701,flagged,0.6,0.167,58,השניצליה חריש,The Burgers,no,"אודם 6, חריש, Israel",,no,dist=58m name=0.17 proximity-name-mismatch
2702,flagged,0.7,1.000,449,מפגש מאור,מפגש מאור,no,"ירושלים הבירה 31, בית שאן, Israel",,no,dist=449m name=1.00 needs-review
2703,flagged,0.7,0.750,760,רובן,Ruben,no,"אח""י אילת 10, קריית חיים, חיפה, Israel",,no,dist=760m name=0.75 needs-review
2704,no_match,0.2,0.000,88232,Pizza Minuto,פיצה ביס של יובל,no,"יובל, Israel",,no,dist=88232m name=0.00 no-match
2705,verified,0.95,1.000,69,המשבעה,המשבעה - כשר למהדרין - שווארמה גריל ישראלי,yes,"העמקים 100, טבריה, Israel","335 St, Tiberias, Israel",yes,dist=69m name=1.00 close-proximity
2707,flagged,0.4,1.000,52,הפלאפל של פינטו,הפלאפל של פינטו,no,"הפטיש 1, טירת כרמל, Israel",,no,dist=52m name=1.00 business=CLOSED_PERMANENTLY (non-operational)
2709,verified,0.95,1.000,26,מלך הפיצה,מלך הפיצה כרמיאל,yes,"הפלמ""ח 12, כרמיאל, Israel","Mivtsa Ben Ami St 27, Karmiel, Israel",yes,dist=26m name=1.00 close-proximity
2710,no_match,0.2,0.111,835,מפגש הטיילת,Nahariya's Promenade,no,"המעפילים 1, נהריה, Israel",,no,dist=835m name=0.11 no-match
2712,flagged,0.7,1.000,1193,החצ'פורי של סילבי,החצ'פורי של סילבי,no,"דרך השיירה 21, נהריה, Israel",,no,dist=1193m name=1.00 needs-review
2713,flagged,0.4,1.000,1124,שיפודי הקריה,שיפודי הקריה,no,"תל חי 3, קריית שמונה, Israel",,no,dist=1124m name=1.00 business=CLOSED_TEMPORARILY (non-operational)
2714,verified,0.95,1.000,10,פלאפל ירושלמי,פלאפל חיפה ירושלמי כשר למהדרין/ Yerushalmi Falafel haifa,yes,"הרצל 62, חיפה, Israel","Herzl St 62, Haifa, Israel",yes,dist=10m name=1.00 close-proximity
2715,flagged,0.7,0.667,976,שורשים,שורש Source,no,"התנופה 7, טירת כרמל, Israel",,no,dist=976m name=0.67 needs-review
2717,no_match,0.2,0.429,1420,פיצושיה,פיצה רצה,no,"המשור 1, טבריה, Israel",,no,dist=1420m name=0.43 no-match
2718,no_match,0.2,0.143,416,שיפודי אודי,Haifa skewers,no,"שד' ההסתדרות 247, חיפה, Israel",,no,dist=416m name=0.14 no-match
2719,flagged,0.6,0.250,6,סוד הפיצה,תיקון רשתות יתושים חיפה - תיקון רשתות,no,"חניתה 40, חיפה, Israel",,no,dist=6m name=0.25 proximity-name-mismatch
2720,no_match,0.2,0.167,4266,חומוס זיו של דני חיפה,Dani's hummus ZIV,no,"שד' טרומפלדור 54, חיפה, Israel",,no,dist=4266m name=0.17 no-match
2721,flagged,0.7,0.000,208,קוקיליז,Jona,no,"יוחנן בן זכאי 13, טבריה, Israel",,no,dist=208m name=0.00 needs-review
2722,no_match,0.2,0.286,890,הסושיה,Sushi City Haifa,no,"העליה השניה 8, מרכז קניות סגול חיפה, Israel",,no,dist=890m name=0.29 no-match
2723,no_match,0.2,1.000,19193,באליביס,באליביס,no,"שביל האירוסים 9, עכו, Israel",,no,dist=19193m name=1.00 no-match
2724,flagged,0.6,0.111,52,קפה קפה,cafe cafe,no,"יהודה הלוי 1, ביג פאשן דנילוף טבריה, Israel",,no,dist=52m name=0.11 proximity-name-mismatch
2725,verified,0.88,1.000,112,בורגרים,"בורגרים קיסריה, כשר בשר חלק",yes,"הרקיע 1, קיסריה, Israel","Ha-Rakia St 1, Caesarea, Israel",yes,dist=112m name=1.00 near+name
2726,no_match,0.2,0.231,347,גיג'ס אנטריקוט בר,גסטה ראש פינה,no,"דרך הגליל 3, ראש פינה, Israel",,no,dist=347m name=0.23 no-match
2730,no_match,0.2,0.462,871,שנייצל,שניצל 20 טעמים חריש,no,"דרך ארץ 41, חריש, Israel",,no,dist=871m name=0.46 no-match
2731,no_match,0.2,0.429,1330,סטקיית העיר,City Steakhouse,no,"הרצל 33, טירת כרמל, Israel",,no,dist=1330m name=0.43 no-match
2732,flagged,0.4,1.000,42,אחוזת סימיטה,אחוזת סימיטה,no,"המלאכה 6, קניון דרכים יקנעם, Israel",,no,dist=42m name=1.00 business=CLOSED_PERMANENTLY (non-operational)
2733,flagged,0.4,0.263,11,דולסה,קונדיטוריית דולצ'ה - מרכז הכרמל,no,"דרך הים 6, מרכז הכרמל, חיפה, Israel",,no,dist=11m name=0.26 business=CLOSED_PERMANENTLY (non-operational)
2735,verified,0.95,1.000,9,האוכל של מאמא,האוכל של מאמא,yes,"שד' ההסתדרות 8, חיפה, Israel","HaHistadrut Ave 8, Haifa, Israel",yes,dist=9m name=1.00 close-proximity
2736,flagged,0.4,1.000,327,שיפודי רון,שיפודי רון,no,"חושן 14, קריית שמונה, Israel",,no,dist=327m name=1.00 business=CLOSED_PERMANENTLY (non-operational)
2737,verified,0.88,1.000,118,פלאפל בנימין,פלאפל בנימין,yes,"ככר צה""ל, קריית שמונה, Israel","ככר צה""ל מיקוד: 11033 , מרכז מסחרי, Kiryat Shmona, Israel",yes,dist=118m name=1.00 near+name
2738,flagged,0.7,0.300,107,רוזליה,בזיליה בית שאן,no,"שטורמן 1, בית שאן, Israel",,no,dist=107m name=0.30 needs-review
2739,flagged,0.7,1.000,827,מלוואח בר MB,מלאווח בר MB,no,"העצמאות 76, קרית אתא, Israel",,no,dist=827m name=1.00 needs-review
2741,verified,0.95,1.000,54,באגט שלומי,באגט שלומי,yes,"הבנים 11, טבריה, Israel","Ha-Banim St 11, Tiberias, Israel",yes,dist=54m name=1.00 close-proximity
2743,flagged,0.7,0.143,136,סגהדורו,Friendly,no,"שד' יצחק רבין 18, מתחם ג'י בעמק, עפולה, Israel",,no,dist=136m name=0.14 needs-review
2744,flagged,0.7,1.000,922,שיפודי גבעתיים,שיפודי גבעתיים,no,"שד' ההגנה 38, בת גלים, חיפה, Israel",,no,dist=922m name=1.00 needs-review
2745,verified,0.95,0.571,12,דנגורי בורגר בר חריש,Danguri Burger Bar,no,"דרך ארץ 49, חריש, Israel","Erets Rd 49, Harish, Israel",yes,dist=12m name=0.57 close-proximity
2748,no_match,0.2,1.000,9570,אָלַגֹו דּוּלְסֶה אודל קפה מסעדה כשר למהדרין,אלגו דולסה,no,"עוזי חיטמן 3, עכו, Israel",,no,dist=9570m name=1.00 no-match
2749,flagged,0.7,1.000,560,פיצה רון,פיצה רון כשר למהדרין,no,"שלומי, Israel",,no,dist=560m name=1.00 needs-review
2750,no_match,0.2,1.000,1502,קיסר ים,"קיסר ים אירועים וכנסים בע""מ",no,"קיסריה, Israel",,no,dist=1502m name=1.00 no-match
2751,flagged,0.7,0.333,240,אילו'ש,האיטלקייה,no,"ירושלים הבירה 23, בית שאן, Israel",,no,dist=240m name=0.33 needs-review
2752,verified,0.88,0.625,109,חומוס אליהו,Humus Eliyahu,no,"סנטר הגליל, ראש פינה, Israel","קניון, סנטר הגליל, Rosh Pina, Israel",yes,dist=109m name=0.63 near+name
2753,flagged,0.7,0.800,963,ROLADIN,רולדין,no,"ויצמן 66, נהריה, Israel",,no,dist=963m name=0.80 needs-review
2757,no_match,0.2,0.250,929,פיצריה,Pizza Torino Kiryat Haim,no,"אח""י אילת 9, קריית חיים, חיפה, Israel",,no,dist=929m name=0.25 no-match
2759,flagged,0.4,0.857,144,נישנוש,Nishnush,no,"מרחביה (קיבוץ), Israel",,no,dist=144m name=0.86 business=CLOSED_PERMANENTLY (non-operational)
2760,no_match,0.2,0.333,808,סושיטה אסייאתי איכותי עד הבית,סין צ'אן בית השיטה,no,"בית השיטה, Israel",,no,dist=808m name=0.33 no-match
2761,flagged,0.7,0.143,216,Kobi's בר וגריל,Milkhemet Sheshet ha-Yamim St 1,no,"ששת הימים 1, טירת כרמל, Israel",,no,dist=216m name=0.14 needs-review
2762,flagged,0.4,0.429,190,יוסי של חומוס,Joseph of humus,no,"אפיקים, Israel",,no,dist=190m name=0.43 business=CLOSED_PERMANENTLY (non-operational)
2763,flagged,0.4,1.000,376,מאיר'S פתיליות,מאיר'S פתיליות,no,"שד' הפלי""ם 7, חיפה, Israel",,no,dist=376m name=1.00 business=CLOSED_PERMANENTLY (non-operational)
2764,flagged,0.7,1.000,464,קפה ריטואל,ריטואל - ביסטרו & קפה,no,"פארק תעשיות בר-לב, Israel",,no,dist=464m name=1.00 needs-review
2767,no_match,0.2,0.222,606,המטבח של נורה,Nora's kitchen,no,"דאלית אל-כרמל, Israel",,no,dist=606m name=0.22 no-match
2769,no_match,0.2,,,טרומפטה,,no,"קרן היסוד 6, קריית ביאליק, Israel",,no,no-candidate
2772,flagged,0.4,0.571,411,קראנץ' ביף,Kranch Beef,no,"נתנזון 18, חיפה, Israel",,no,dist=411m name=0.57 business=CLOSED_PERMANENTLY (non-operational)
2774,no_match,0.2,0.000,1850,ביגה,מול זכרון,no,"זכרון יעקב, Israel",,no,dist=1850m name=0.00 no-match
2775,verified,0.88,0.833,242,בורגרים,Burgerim,no,"אלמוג 20, חיפה, Israel","Shunit St 12, Haifa, Israel",yes,dist=242m name=0.83 near+name
2777,verified,0.95,1.000,49,קפה גרג,Greg - Cafe,no,"השוק 13, עפולה, Israel","HaShuk St 15, Afula, Israel",yes,dist=49m name=1.00 close-proximity
2778,no_match,0.2,0.429,1556,רובּין פוּד,Ruben - רובן,no,"סירקין 24, חיפה, Israel",,no,dist=1556m name=0.43 no-match
2779,verified,0.88,0.600,190,פיצה ספיישל,Pizza Special🍕,no,"גדיש יוסף 25, עכו, Israel","Avnei ha-Khoshen St 11, Acre, Israel",yes,dist=190m name=0.60 near+name
2781,no_match,0.2,1.000,1462,גריל הגליל,Galilee Grills - שיפודי הגליל - مشاوي الجليل,no,"שלום הגליל 1, קניון עכו, Israel",,no,dist=1462m name=1.00 no-match
2782,verified,0.88,0.625,178,סוויט סטור,Sweet store,no,"הבנים 16, טבריה, Israel","HaGalil St 60, Tiberias, Israel",yes,dist=178m name=0.63 near+name
2783,no_match,0.2,0.167,19726,קפה קפה,קפה קפה עכו,no,"דרך החרושת 2, עכו, Israel",,no,dist=19726m name=0.17 no-match
2785,no_match,0.2,0.143,778,סנוויצ'ה,צרפתי כריכים וסלטים,no,"מרכז צבי 1, קריית שמונה, Israel",,no,dist=778m name=0.14 no-match
2786,flagged,0.7,1.000,687,ראמוס טורטיה בר,ראמוס טורטיה בר,no,"שד' קק""ל 99, כרמיאל, Israel",,no,dist=687m name=1.00 needs-review
2787,no_match,0.2,0.333,3455,חיים באגט. חברתי,באגט ניר ביג דנילוף,no,"המברג 1, טבריה, Israel",,no,dist=3455m name=0.33 no-match
2788,no_match,0.2,0.250,937,השניצליה טירת הכרמל,The Schnitzel,no,"הרצל 82, טירת כרמל, Israel",,no,dist=937m name=0.25 no-match
2789,verified,0.88,1.000,147,פיצה ברכת יוסף,ברכת יוסף,yes,"בן צבי 28, טבריה, Israel","Ben Zvi St 28, Tiberias, Israel",yes,dist=147m name=1.00 near+name
2790,verified,0.95,0.750,37,פיצה פלוס,Pizza Plus,no,"משה חיים שפירא 12, חיפה, Israel","Moshe Khayim Shapira St 12, קרית שמואל, 2634617, Israel",yes,dist=37m name=0.75 close-proximity
2791,no_match,0.2,0.300,33337,פלאפל הנשיא,Falafel President,no,"שד' הנשיא 135, מרכז הכרמל, חיפה, Israel",,no,dist=33337m name=0.30 no-match
2792,flagged,0.7,1.000,1141,מסעדת איסקנדר,מסעדת איסקנדר כשרה למהדרין,no,"גדות, Israel",,no,dist=1141m name=1.00 needs-review
2793,verified,0.95,1.000,44,בורגרים,"בורגרים כרמיאל, כשר בשר חלק",yes,"מורד הגיא 100, קניון לב כרמיאל, Israel","קניון לב כרמיאל, Morad HaGai 100, Karmiel, Israel",yes,dist=44m name=1.00 close-proximity
2794,flagged,0.7,1.000,283,פלאפל ברטו,פלאפל ברטו,no,"דרך העמק 25, מגדל העמק, Israel",,no,dist=283m name=1.00 needs-review
2796,no_match,0.2,0.125,27513,פאפוס שקשוקה בפיתה,Fattoush,no,"הרצל 42, חיפה, Israel",,no,dist=27513m name=0.13 no-match
2798,verified,0.88,0.500,108,קפה עלית-אספרסו בר,קפה עלית - תחנת רכבת קרית מוצקין,no,"אח""י אילת, קריית מוצקין, Israel","Kiryat Motzkin, Israel",yes,dist=108m name=0.50 near+name
2799,verified,0.95,1.000,18,מרכז הפיצה- איטליה הקטנה,מרכז הפיצה,yes,"הנשיא 4, קניון נחמיה, קריית שמונה, Israel","HaNasi St 4, Qiryat Shemona, Israel",yes,dist=18m name=1.00 close-proximity
2800,no_match,0.2,0.182,613,חומוס אבו לובס,Abulabas Hummus,no,"קהילת ציון 9, עפולה, Israel",,no,dist=613m name=0.18 no-match
2801,flagged,0.7,0.750,267,אמיגוס,AMIGOS,no,"יובל יניב 1, קריית שמונה, Israel",,no,dist=267m name=0.75 needs-review
2802,flagged,0.7,0.240,92,פלאפל ושווארמה דומינו לוסקי נהריה,Domino Luski,no,"שד' הגעתון 19, נהריה, Israel",,no,dist=92m name=0.24 needs-review
2803,verified,0.88,1.000,182,קפה טוב,קפה טוב,yes,"בת חן 63, חיפה, Israel","Bat Khen St 7, Haifa, Israel",yes,dist=182m name=1.00 near+name
2806,no_match,0.2,1.000,3518,מפגש הצפון,מפגש הצפון,no,"שפירא משה 26, עכו, Israel",,no,dist=3518m name=1.00 no-match
2808,verified,0.95,1.000,30,קאזה ברונה,Casa Barone Restaurant | מסעדת קאזה ברונה,yes,"צה""ל 4, זכרון יעקב, Israel","Zahal 4, Zikhron Ya'akov, 30900, Israel",yes,dist=30m name=1.00 close-proximity
2810,flagged,0.4,1.000,1297,מאפיית שילת,שילת,no,"ז'בוטינסקי 62, טירת כרמל, Israel",,no,dist=1297m name=1.00 business=CLOSED_PERMANENTLY (non-operational)
2813,flagged,0.7,1.000,1009,בורגרים,"בורגרים עפולה, כשר למהדרין בשר בד""צ",no,"שד' מנחם בגין 8, עפולה, Israel",,no,dist=1009m name=1.00 needs-review
2815,verified,0.95,0.333,14,אומה,Uma Bar,no,"הנדיב 29, זכרון יעקב, Israel","Ha-Nadiv St 29, Zikhron Ya'akov, Israel",yes,dist=14m name=0.33 close-proximity
2817,flagged,0.4,1.000,110806,חכמת הבייגלה,חכמת הבייגלה,no,"צמח, Israel",,no,dist=110806m name=1.00 business=CLOSED_PERMANENTLY (non-operational)
2818,flagged,0.7,1.000,1080,פיצה בואנה,פיצה בואנה,no,"הרצל 1, נהריה, Israel",,no,dist=1080m name=1.00 needs-review
2819,flagged,0.4,0.667,70,סאנשיין קופי,בית קפה סאנשיין חריש,no,"דרך ארץ 58, חריש, Israel",,no,dist=70m name=0.67 business=CLOSED_PERMANENTLY (non-operational)
2820,verified,0.88,0.625,193,חומוס אליהו,Hummus Eliyahu,no,"העצמאות 28, קרית אתא, Israel","Ha-Atsma'ut St 28, Kiryat Ata, Israel",yes,dist=193m name=0.63 near+name
2821,no_match,0.2,0.500,818,ליביה קפה,קפה ליבא - Cafe Liba,no,"המגדל 2, קיסריה, Israel",,no,dist=818m name=0.50 no-match
2823,no_match,0.2,0.000,353,cofix,G6 Mall,no,"התמר 6, יקנעם, Israel",,no,dist=353m name=0.00 no-match
2824,flagged,0.7,0.667,717,אושי אושי,Oshi Oshi,no,"פלימן משה 4, קניון חיפה, Israel",,no,dist=717m name=0.67 needs-review
2825,no_match,0.2,0.333,396,אהרון פריקסה,הסביח עפולה,no,"עפולה, Israel",,no,dist=396m name=0.33 no-match
2826,verified,0.88,1.000,188,בית המאפה של מוטי,בית המאפה של מוטי,yes,"בן עמי 53, עכו, Israel","Ben Ami St 55, Acre, Israel",yes,dist=188m name=1.00 near+name
2828,verified,0.88,0.500,188,פיצה פרפקטו,Perfecto Pizza,no,"קפלן 17, עפולה עילית, Israel","Kaplan St 17, Afula, Israel",yes,dist=188m name=0.50 near+name
2830,no_match,0.2,0.000,564,יאמי שווארמה,Jacob kebab,no,"דרך יפו 196, בת גלים, חיפה, Israel",,no,dist=564m name=0.00 no-match
2831,no_match,0.2,,,בון ביס,,no,"שד' ארלוזורוב 24, עפולה, Israel",,no,no-candidate
2833,no_match,0.2,0.091,1859,ליאורה סנדוויץ בר,Tel Hai St 106,no,"תל חי 106, קריית שמונה, Israel",,no,dist=1859m name=0.09 no-match
2834,flagged,0.7,0.125,88,חומוס דוד,Dolev St 3,no,"דולב 3, מגדל תפן, Israel",,no,dist=88m name=0.13 needs-review
2836,verified,0.95,0.375,37,פיצה פלוס קריות,Pizza Plus,no,"משה חיים שפירא 12, חיפה, Israel","Moshe Khayim Shapira St 12, קרית שמואל, 2634617, Israel",yes,dist=37m name=0.38 close-proximity
2837,no_match,0.2,1.000,1273,בית האוכל של מושיקו,מסעדת בית האוכל של מושיקו,no,"קריית שמונה, Israel",,no,dist=1273m name=1.00 no-match
2838,no_match,0.2,0.300,5270,נפוליאון סושי בר,Napo Roll & Bowl,no,"שכ' קרית הטכניון, חיפה, Israel",,no,dist=5270m name=0.30 no-match
2839,flagged,0.4,0.500,600,השף גדסי,שף גדסי - לאנשים שאוהבים בשר,no,"רשות החולה, Israel",,no,dist=600m name=0.50 business=CLOSED_PERMANENTLY (non-operational)
2840,flagged,0.7,1.000,520,ג'אפן ג'אפן,ג'אפן ג'אפן יקנעם - JAPAN JAPAN,no,"שד' יצחק רבין 9, ביג יקנעם, Israel",,no,dist=520m name=1.00 needs-review
2841,flagged,0.4,0.400,394,דונטלה פיצת שף,Donatella,no,"נתנזון 14, חיפה, Israel",,no,dist=394m name=0.40 business=CLOSED_PERMANENTLY (non-operational)
2843,flagged,0.4,1.000,157,קיי בורגר,קיי בורגר אקספרס - K burger express סניף להבות הבשן,no,"להבות הבשן, Israel",,no,dist=157m name=1.00 business=CLOSED_PERMANENTLY (non-operational)
2844,flagged,0.7,0.125,159,אורית פינגלה,moonlight,no,"קלע אלון, Israel",,no,dist=159m name=0.13 needs-review
2845,verified,0.95,1.000,22,חצ'פורי ליאון,חצ'פורי לאון,yes,"זבולון 2, קרית אתא, Israel","Zevulun St 9, Kiryat Ata, Israel",yes,dist=22m name=1.00 close-proximity
2846,no_match,0.2,1.000,21726,פיצה האט,Pizza Hut,no,"ההגנה 16, עכו העתיקה, Israel",,no,dist=21726m name=1.00 no-match
2847,flagged,0.4,1.000,1923,מלכת הטאבון,מלכת הטאבון,no,"יקנעם, Israel",,no,dist=1923m name=1.00 business=CLOSED_PERMANENTLY (non-operational)
2848,no_match,0.2,0.182,1300,חומוס הרשלה,Ha-Ta'asiya St 2,no,"התעשיה 2, קרית אתא, Israel",,no,dist=1300m name=0.18 no-match
2849,flagged,0.7,1.000,644,איביזה בר,איביזה בר,no,"התעשיה 26, קרית אתא, Israel",,no,dist=644m name=1.00 needs-review
2850,no_match,0.2,0.231,586,המקום של סולימני,אחים ממן - מסעדת בשרים כשרה למהדרין בקרית שמונה,no,"דוד סלינגר 7, קריית שמונה, Israel",,no,dist=586m name=0.23 no-match
2851,flagged,0.4,1.000,244,המשביע,מסעדת המשביע - מסעדה חלבית כשרה בעכו העתיקה,no,"ויצמן 1, עכו העתיקה, Israel",,no,dist=244m name=1.00 business=CLOSED_PERMANENTLY (non-operational)
2853,no_match,0.2,0.222,291,גריל בר הלל,אצל שמוליק,no,"המלאכה 1, יקנעם, Israel",,no,dist=291m name=0.22 no-match
2854,no_match,0.2,0.500,1272,מסעדת TOWER מסעדת בשרים,מסעדת טאוור - TOWER,no,"חיפה, Israel",,no,dist=1272m name=0.50 no-match
2855,flagged,0.7,1.000,914,טעימוס,טעימוס,no,"אברהם בן שושן 60, עכו, Israel",,no,dist=914m name=1.00 needs-review
2856,verified,0.95,0.500,21,קראון פלאזה,מיראבל פלאזה חיפה - Mirabelle Plaza Haifa,no,"יפה נוף 111, חיפה, Israel","Yefe Nof St 111, Haifa, Israel",yes,dist=21m name=0.50 close-proximity
2857,flagged,0.7,0.630,815,שווארמה נטו קריית מוצקין,שווארמה העגל - חלק מחפוד קרית מוצקין,no,"שד' ויצמן 11, קריית מוצקין, Israel",,no,dist=815m name=0.63 needs-review
2858,no_match,0.2,0.500,788,שושו,HaShuk 34,no,"חטיבה תשע 34, עפולה, Israel",,no,dist=788m name=0.50 no-match
2859,flagged,0.6,0.100,1,קטנה ומטריפה,Shawarma Ktana VeTe'ima,no,"גת 4, חיפה, Israel",,no,dist=1m name=0.10 proximity-name-mismatch
2860,flagged,0.7,0.214,140,סטקית האחים לוסקי,Luski Brothers Steakhouse,no,"שד' הגעתון 20, נהריה, Israel",,no,dist=140m name=0.21 needs-review
2862,flagged,0.7,1.000,830,בא לי פיצה,בא לי פיצה,no,"דרך יחיעם 5, נהריה, Israel",,no,dist=830m name=1.00 needs-review
2863,flagged,0.7,0.000,218,המאמות,מטי חיפה,no,"חיפה, Israel",,no,dist=218m name=0.00 needs-review
2864,no_match,0.2,0.214,345,cofix,10fix קרית אתא,no,"העצמאות 51, קרית אתא, Israel",,no,dist=345m name=0.21 no-match
2866,flagged,0.7,0.222,113,שיפודי הפינה,Shawarma Papa Luski,no,"דרך השיירה 21, נהריה, Israel",,no,dist=113m name=0.22 needs-review
2867,verified,0.95,0.400,52,אסתרנה,צים אורבן בית שאן,no,"העמל 7, בית שאן, Israel","Ha-Amal St 100, Beit She'an, Israel",yes,dist=52m name=0.40 close-proximity
2870,flagged,0.7,1.000,738,בורקס בבא,בורקס בבא,no,"שד' קק""ל 99, כרמיאל, Israel",,no,dist=738m name=1.00 needs-review
2871,no_match,0.2,1.000,3388,קפה גרג,Greg Cafe,no,"המברג 1, טבריה, Israel",,no,dist=3388m name=1.00 no-match
2872,flagged,0.7,0.200,92,עילית,קונדיטורית דגון,no,"העמקים 22, טבריה, Israel",,no,dist=92m name=0.20 needs-review
2873,verified,0.88,0.600,167,האחוזה,Ha'Ahuza Grill-Bar,no,"החשמל 1, עפולה, Israel","HaHashmal St 1, Afula, Israel",yes,dist=167m name=0.60 near+name
2874,flagged,0.7,0.667,266,מריאנה בוטיק עוגות,מריאנה עוגות מעוצבות,no,"דולב 14, קיסריה, Israel",,no,dist=266m name=0.67 needs-review
2875,verified,0.95,1.000,57,פיצה האט,Pizza Hut,no,"חטיבה תשע 1, עפולה, Israel","Hativa TeSha St 1, Afula, Israel",yes,dist=57m name=1.00 close-proximity
2876,flagged,0.6,0.077,31,פלאפל ארמון,Armon Falafel,no,"הנביאים 13, חיפה, Israel",,no,dist=31m name=0.08 proximity-name-mismatch
2877,flagged,0.7,1.000,704,בורקס בר AM:FM,עיוני - בורקס ישראלי,no,"ירושלים 17, עפולה, Israel",,no,dist=704m name=1.00 needs-review
2878,flagged,0.7,0.158,245,לחם ארז,ארזים - מסעדה לבנונית - נהריה,no,"בן גאון דוד 33, נהריה, Israel",,no,dist=245m name=0.16 needs-review
2879,verified,0.88,1.000,177,סלופי בר,סלופי בר,yes,"שד' שאול עמור 77, פרץ סנטר מגדל העמק, Israel","Sha'ul Amor Ave 77, Migdal HaEmek, Israel",yes,dist=177m name=1.00 near+name
2881,flagged,0.7,0.783,382,שווארמה יפה שמסתובבת,שווארמה ברמה-היפה שמסתובבת,no,"ההגנה 35, כרמיאל, Israel",,no,dist=382m name=0.78 needs-review
2882,verified,0.95,0.571,37,השניצל של אבי,השניצליה בגושן,no,"שדרות גושן 2, קריית מוצקין, Israel","Moshe Goshen Ave 2, Kiryat Motzkin, Israel",yes,dist=37m name=0.57 close-proximity
2883,verified,0.95,0.400,50,פיצה האט,Pizza Hut Yokneam,no,"התמר 2, קניון דרכים יקנעם, Israel","Ha-Tamar St 2, Yokne'am Illit, Israel",yes,dist=50m name=0.40 close-proximity
2885,no_match,0.2,1.000,1297,הפסקת אוכל,הפסקת אוכל,no,"קריית שמונה, Israel",,no,dist=1297m name=1.00 no-match
2886,flagged,0.4,1.000,282,הקבב העירקי,הקבב העירקי- דודי,no,"השיחרור 16, טירת כרמל, Israel",,no,dist=282m name=1.00 business=CLOSED_PERMANENTLY (non-operational)
2887,flagged,0.4,0.125,579,"הקצב והשף, מסעדה וקצבייה",The Butcher and The Chef,no,"קהילת ציון 14, עפולה, Israel",,no,dist=579m name=0.13 business=CLOSED_PERMANENTLY (non-operational)
2889,flagged,0.4,1.000,1053,caffe nuna קפה נונה,Nuna,no,"חיפה, Israel",,no,dist=1053m name=1.00 business=CLOSED_PERMANENTLY (non-operational)
2891,verified,0.88,1.000,115,ויקטוריה,ויקטוריה,yes,"הפלמ""ח 3, טבריה, Israel","מלון אירופה 1917, הפלמ""ח 3, טבריה, Israel",yes,dist=115m name=1.00 near+name
2892,no_match,0.2,0.154,1112,המקסיקנית | כשר למהדרין,The Mexican,no,"אח""י אילת 59, קריית חיים, חיפה, Israel",,no,dist=1112m name=0.15 no-match
2893,flagged,0.4,1.000,165,סבא חביב טבריה,מסעדת סבא חביב,no,"ברץ 1, טבריה עילית, Israel",,no,dist=165m name=1.00 business=CLOSED_TEMPORARILY (non-operational)
2894,flagged,0.7,0.000,150,טסטי,Jaffa Road 141,no,"דרך יפו 141, חיפה, Israel",,no,dist=150m name=0.00 needs-review
2895,flagged,0.4,1.000,69,מקסיקניס,מקסיקניס ראש פינה,no,"מעלה גיא אוני 1, חאן ראש פינה, Israel",,no,dist=69m name=1.00 business=CLOSED_PERMANENTLY (non-operational)
2896,flagged,0.4,1.000,38,טלביס,טלביס עפולה,no,"השוק 39, עפולה, Israel",,no,dist=38m name=1.00 business=CLOSED_PERMANENTLY (non-operational)
2897,no_match,0.2,0.091,5253,קפה קפה טכניון חיפה,Cafe Cafe,no,"שכ' קרית הטכניון, חיפה, Israel",,no,dist=5253m name=0.09 no-match
2899,no_match,0.2,0.200,24429,כשר וטעים,Shaltieli,no,"הרצל 40, חיפה, Israel",,no,dist=24429m name=0.20 no-match
2900,no_match,0.2,0.286,1114,אצה,Atza Kiryat Haim,no,"אח""י אילת 8, קריית חיים, חיפה, Israel",,no,dist=1114m name=0.29 no-match
2902,flagged,0.7,1.000,753,רולדין,רולדין ראש פינה,no,"דרך הגליל, ראש פינה, Israel",,no,dist=753m name=1.00 needs-review
2904,no_match,0.2,0.143,526,רוויתא,קפה בנחל - עגלת קפה,no,"הלל 28, מדרך עוז, Israel",,no,dist=526m name=0.14 no-match
2906,no_match,0.2,0.500,6084,באפלו-קייטרינג אסאדו,באפלו מסעדת בשרים,no,"גינוסר, Israel",,no,dist=6084m name=0.50 no-match
2907,flagged,0.6,0.125,47,אלוף הפיצה,Extra pizza,no,"אלחדיף 9, טבריה, Israel",,no,dist=47m name=0.13 proximity-name-mismatch
2908,verified,0.88,0.667,163,הפלנצ'ה בגולן,פנינה בגולן,no,"חד נס, Israel","46 Khofim St, Had Nes 1295000",yes,dist=163m name=0.67 near+name
2909,verified,0.95,1.000,28,בסט בורגר,בסט בורגר,yes,"ארלוזורוב 3, קריית שמונה, Israel","Haim Arlozorov St 3, Qiryat Shemona, 1101202, Israel",yes,dist=28m name=1.00 close-proximity
2910,no_match,0.2,0.364,1284,הפיצה של אמא,פיצה פיאצה מגדל העמק,no,"נוף העמק 11, קניון לב העמק, מגדל העמק, Israel",,no,dist=1284m name=0.36 no-match
2911,no_match,0.2,0.000,455,פסטה פיצה,Pizza Ido,no,"ירושלים 17, עפולה, Israel",,no,dist=455m name=0.00 no-match
2912,flagged,0.4,1.000,1470,דודא,דודא,no,"דרך צרפת 63, חיפה, Israel",,no,dist=1470m name=1.00 business=CLOSED_PERMANENTLY (non-operational)
2913,no_match,0.2,0.000,315,שיבולת,Birkat-Moshe Bakery,no,"העצמאות 8, קרית אתא, Israel",,no,dist=315m name=0.00 no-match
2914,flagged,0.6,0.286,1,חומוס יעקב,Yaakov Hummus,no,"ירושלים 5, עפולה, Israel",,no,dist=1m name=0.29 proximity-name-mismatch
2915,flagged,0.4,1.000,27,פיצגטי,פיצגטי,no,"העצמאות 65, טירת כרמל, Israel",,no,dist=27m name=1.00 business=CLOSED_PERMANENTLY (non-operational)
2916,no_match,0.2,0.176,3666,רנה,"שדרות אליעזר קפלן, טבריה",no,"שד' קפלן אליעזר, טבריה, Israel",,no,dist=3666m name=0.18 no-match
2918,no_match,0.2,0.176,596,שף יניב סגל,סוול - SWELL בר מסעדה כשר וחנות גלישה,no,"נהריה, Israel",,no,dist=596m name=0.18 no-match
2919,verified,0.88,0.750,109,מקדונלד'ס,McDonald's,no,"שדרות הנשיא בן צבי 1, נהריה, Israel","שדרות בן צבי 1, Nahariya, 2222214, Israel",yes,dist=109m name=0.75 near+name
2920,flagged,0.4,1.000,217,ממלכת הדניס,ממלכת הדניס,no,"בן עמי 1, קרית אתא, Israel",,no,dist=217m name=1.00 business=CLOSED_PERMANENTLY (non-operational)
2922,flagged,0.4,1.000,26,מסעדת באר מרים,באר מרים מסעדת דגים בשרים,no,"טיילת יגאל אלון 1, טבריה, Israel",,no,dist=26m name=1.00 business=CLOSED_PERMANENTLY (non-operational)
2923,flagged,0.7,0.400,85,פיצה אקסטרה,Extra pizza,no,"אלחדיף 37, טבריה, Israel",,no,dist=85m name=0.40 needs-review
2924,no_match,0.2,0.333,1589,בשרים וטעמים,מסעדת איש מצליח,no,"משה בורונשטיין 57, עכו, Israel",,no,dist=1589m name=0.33 no-match
2925,no_match,0.2,0.067,1929,באגט הצפון,Shlomi baguette,no,"תל חי 22, קריית שמונה, Israel",,no,dist=1929m name=0.07 no-match
2927,no_match,0.2,1.000,2281,שווארמה חנן,"שווארמה חנן, בית שאן",no,"הגלבוע 6, בית שאן, Israel",,no,dist=2281m name=1.00 no-match
2928,flagged,0.7,0.125,155,פיצה בן ציון,פיצה סטורי נהריה,no,"הרצל 91, נהריה, Israel",,no,dist=155m name=0.13 needs-review
2929,verified,0.88,1.000,178,"קפה גלריה קמ""ה",קפה קמה,yes,"הרדוף, Israel","הרדוף 10, הרדוף, 1793000, Israel",yes,dist=178m name=1.00 near+name
2930,flagged,0.7,0.357,245,מאפיית המפגש קריית חיים,HaMifgash Bakery,no,"אח""י אילת 32, קריית חיים, חיפה, Israel",,no,dist=245m name=0.36 needs-review
2931,verified,0.95,0.600,5,מסעודה,Masuda Restaurant,no,"ברנר 3, עפולה, Israel","Brenner St 3, Afula, Israel",yes,dist=5m name=0.60 close-proximity
2933,no_match,0.2,0.833,4736,בורגרים,Burgerim,no,"שד ירושלים 1, קריית מוצקין, Israel",,no,dist=4736m name=0.83 no-match
2934,verified,0.88,1.000,123,טוסטביף,טוסטביף בית שאן,yes,"אהבת ישראל 36, בית שאן, Israel","Ahavat Israel St 36, Beit She'an, Israel",yes,dist=123m name=1.00 near+name
2935,flagged,0.7,0.000,76,טבסקו,HaAshlag St 3,no,"האשלג 3, חיפה, Israel",,no,dist=76m name=0.00 needs-review
2936,verified,0.95,1.000,23,שווארמלה,שווארמלה,yes,"חניתה 40, חיפה, Israel","Khanita St 40, Haifa, 3244022, Israel",yes,dist=23m name=1.00 close-proximity
2937,no_match,0.2,0.500,388,אוסישקין- Art food,אוסישקין קייטרינג כשר לאירועים,no,"אוסישקין 30, קריית מוצקין, Israel",,no,dist=388m name=0.50 no-match
2938,verified,0.88,1.000,91,פיצה בריבוע,פיצה בריבוע,yes,"הפלמ""ח 10, כרמיאל, Israel","Ha-Palmakh St 10, Karmiel, Israel",yes,dist=91m name=1.00 near+name
2939,no_match,0.2,0.133,628,הווק הסיני,ג'אפן ג'אפן יקנעם - JAPAN JAPAN,no,"יקנעם, Israel",,no,dist=628m name=0.13 no-match
2941,no_match,0.2,0.250,617,פרשפוינט,Azrieli Mall Haifa,no,"פלימן משה 4, קניון חיפה, Israel",,no,dist=617m name=0.25 no-match
2942,flagged,0.7,1.000,881,קייטרינג מעדני מלך,קייטרינג מעדני מלך,no,"דרך יחיעם 7, נהריה, Israel",,no,dist=881m name=1.00 needs-review
2943,no_match,0.2,0.000,4626,ציקן גריל,CineMall,no,"שד' ההסתדרות 55, קניון סינמול, חיפה, Israel",,no,dist=4626m name=0.00 no-match
2944,flagged,0.4,1.000,3362,"לחם דגן בע""מ","לחם דגן בע""מ",no,"מעלה כמון 29, כרמיאל, Israel",,no,dist=3362m name=1.00 business=CLOSED_PERMANENTLY (non-operational)
2945,no_match,0.2,0.545,1587,חומוס אלבי,חומוס אליהו בית שאן,no,"שאול המלך 59, בית שאן, Israel",,no,dist=1587m name=0.55 no-match
2946,verified,0.95,1.000,54,אסתריקה,אסתריקה,yes,"העמקים 13, טבריה, Israel","Ha-Amakim St 13, Tiberias, Israel",yes,dist=54m name=1.00 close-proximity
2947,verified,0.88,1.000,173,אייל שלי,אייל שלי אקספרס,yes,"המלאכה 11, עפולה, Israel","Ha-Melakha St 11, Afula, Israel",yes,dist=173m name=1.00 near+name
2948,verified,0.95,0.700,52,דודו אוטמזגין,Dudu Outmezgine,no,"הפלמ""ח 25, כרמיאל, Israel","Ha-Palmakh St 27, Karmiel, Israel",yes,dist=52m name=0.70 close-proximity
2949,flagged,0.7,0.250,231,feel eat,sweetal גבעת אבני,no,"גבעת אבני, Israel",,no,dist=231m name=0.25 needs-review
2950,flagged,0.4,1.000,438,פיצה לשובע נהריה,פיצה לשובע,no,"ההגנה 20, נהריה, Israel",,no,dist=438m name=1.00 business=CLOSED_PERMANENTLY (non-operational)
2951,no_match,0.2,0.333,570,ביגה חיפה,Biga,no,"אח""י אילת 15, קריית חיים, חיפה, Israel",,no,dist=570m name=0.33 no-match
2952,flagged,0.4,0.444,1901,סביח'ס,סביח הצפון,no,"ארלוזורוב 5, קריית שמונה, Israel",,no,dist=1901m name=0.44 business=CLOSED_PERMANENTLY (non-operational)
2953,verified,0.95,1.000,13,cofix,Cofix,yes,"בן עמי 16, עכו העתיקה, Israel","Ben Ami St 16, Acre, Israel",yes,dist=13m name=1.00 close-proximity
2954,no_match,0.2,0.091,768,חיימיקו,Community Center Arthur Fox,no,"קריית שמונה, Israel",,no,dist=768m name=0.09 no-match
2955,no_match,0.2,0.143,307,קוג'י סושי,Koji,no,"החלוצים 32, ראש פינה, Israel",,no,dist=307m name=0.14 no-match
2957,flagged,0.4,1.000,913,בית הקצב,בית הקצב חריש,no,"דרך ארץ 47, חריש, Israel",,no,dist=913m name=1.00 business=CLOSED_PERMANENTLY (non-operational)
2958,flagged,0.4,1.000,2928,קפה נמרוד,קפה נמרוד,no,"שד ירושלים 1, קריית מוצקין, Israel",,no,dist=2928m name=1.00 business=CLOSED_PERMANENTLY (non-operational)
2959,flagged,0.7,0.125,91,ערמונים,Sderot HaGa'aton 33,no,"שד' הגעתון 33, נהריה, Israel",,no,dist=91m name=0.13 needs-review
2960,no_match,0.2,0.100,1583,קרניבור- אירועי גריל אסאדו,הטאגין,no,"חצור הגלילית, Israel",,no,dist=1583m name=0.10 no-match
2963,flagged,0.7,0.269,119,הבישולים של אמא,אחים ממן - מסעדת בשרים כשרה למהדרין בקרית שמונה,no,"קריית שמונה, Israel",,no,dist=119m name=0.27 needs-review
2966,flagged,0.7,0.750,266,דקס,Decks Restaurant,no,"דרך גדוד ברק, טבריה, Israel",,no,dist=266m name=0.75 needs-review
2968,verified,0.95,1.000,12,אצל בני,אצל בני,yes,"החלוץ 23, חיפה, Israel","HeHaluts St 23, Haifa, Israel",yes,dist=12m name=1.00 close-proximity
2969,no_match,0.2,1.000,5389,מסעדת רם,מסעדת רם,no,"האיצטדיון 6, חיפה, Israel",,no,dist=5389m name=1.00 no-match
2970,no_match,0.2,0.111,831,מסעדת כוכב המזרח,Zozo Restaurant,no,"חלוצי התעשייה 100, חיפה, Israel",,no,dist=831m name=0.11 no-match
2971,verified,0.88,1.000,136,שניצליאם,שניצליאם,yes,"שמעון דהאן 10, טבריה, Israel","Shim'on Dahan St 16, Tiberias, Israel",yes,dist=136m name=1.00 near+name
2973,no_match,0.2,,,עזיזה'ס-סנדביץ של סבתא,,no,"טרומפלדור 37, עכו העתיקה, Israel",,no,no-candidate
2974,flagged,0.7,1.000,1066,הגלריה בכפר,הגלריה בכפר,no,"שריד, Israel",,no,dist=1066m name=1.00 needs-review
2975,flagged,0.4,1.000,24,דאישו ראש פינה,דאישו ראש פינה - כשר - daisho,no,"התפוח 1, סנטר הגליל, ראש פינה, Israel",,no,dist=24m name=1.00 business=CLOSED_PERMANENTLY (non-operational)
2977,no_match,0.2,0.190,670,המחבת,חמת גדר המרחצאות המודרניים,no,"חמת גדר, Israel",,no,dist=670m name=0.19 no-match
2980,no_match,0.2,0.091,304,הגדא בר אוכל,Alexander Local Diner,no,"שד' הגעתון 21, נהריה, Israel",,no,dist=304m name=0.09 no-match
2981,flagged,0.4,1.000,95,Furman's,Furman's,no,"יהודה איתין 5, חיפה, Israel",,no,dist=95m name=1.00 business=CLOSED_PERMANENTLY (non-operational)
2983,no_match,0.2,0.412,419,מפגש השווארמה,פלאפל שווארמה בר ששת,no,"אהבת ישראל 3, בית שאן, Israel",,no,dist=419m name=0.41 no-match
2984,verified,0.95,0.500,12,סביחוש,Samurai Sushi Bar,no,"הנשיא ויצמן 25, עפולה, Israel","Ha-Nasi Weizman St 25, Afula, Israel",yes,dist=12m name=0.50 close-proximity
2985,flagged,0.7,0.000,134,קפה פלפלת,קפה קפה נהריה,no,"נהריה, Israel",,no,dist=134m name=0.00 needs-review
2988,flagged,0.4,0.500,1235,צ'ק אין בורגר,Check-In Burgers,no,"דרך הבנים 1, קניון הגליל העליון, חצור הגלילית, Israel",,no,dist=1235m name=0.50 business=CLOSED_PERMANENTLY (non-operational)
2989,verified,0.88,1.000,206,חומוסון,חומוסון,yes,"דרך יחיעם 4, נהריה, Israel","Derech Yehi'am 17, Nahariya, Israel",yes,dist=206m name=1.00 near+name
2990,flagged,0.7,0.000,107,בית השניצל,Acre Mall,no,"שלום הגליל 1, קניון עכו, Israel",,no,dist=107m name=0.00 needs-review
2992,verified,0.88,0.667,194,שניצליין,שניצל 20 טעמים,no,"התמר 3, יקנעם, Israel","קניון ג'י, צמוד למאפיית אגמי, HaTamar 2, Yokne'am Illit, Israel",yes,dist=194m name=0.67 near+name
2993,no_match,0.2,0.160,291,רוביS,"SMT אלקטרוניקה, גיימינג ומעבדת סלולר",no,"שד' בן גוריון 84, קריית מוצקין, Israel",,no,dist=291m name=0.16 no-match
2994,verified,0.95,1.000,68,קפה אייזיק,Cafe Izik קפה אייזיק,yes,"הרב ויינריב 23, טירת כרמל, Israel","Ha-Rav Veinrob St 23, Tirat Carmel, Israel",yes,dist=68m name=1.00 close-proximity
2995,verified,0.95,0.500,6,"פיצה רשב""י",Pizza Rashbi Karmiel,no,"שד' קק""ל 98, כרמיאל, Israel","Sderot Kakal 98, Karmiel, Israel",yes,dist=6m name=0.50 close-proximity
2998,verified,0.88,1.000,154,פיצה האט,Pizza Hut,no,"ויצמן 63, נהריה, Israel","Weizman St 63, Nahariyya, Israel",yes,dist=154m name=1.00 near+name
2999,verified,0.95,1.000,56,רולדין,רולדין,yes,"מעלה כמון 5, כרמיאל, Israel","קניון חוצות, מעלה כמון 5, כרמיאל, Israel",yes,dist=56m name=1.00 close-proximity
3000,verified,0.95,0.333,11,קייטרינג מאכלי השף,המטבח של גלית קייטרינג כשר למהדרין,no,"התיכון 19, חיפה, Israel","Ha-Tikhon St 19, Haifa, Israel",yes,dist=11m name=0.33 close-proximity
3001,no_match,0.2,1.000,5207,פיצה בעמק,גלידה בעמק / פיצה העמק,no,"גבעת אלה, Israel",,no,dist=5207m name=1.00 no-match
3003,flagged,0.4,1.000,40,בונז'ור spoons,SpoonS,no,"הנשיא ויצמן 13, עפולה, Israel",,no,dist=40m name=1.00 business=CLOSED_PERMANENTLY (non-operational)
3005,flagged,0.4,1.000,39,פלאפל מישל,פלאפל מישל,no,"אח""י אילת 21, קריית חיים, חיפה, Israel",,no,dist=39m name=1.00 business=CLOSED_TEMPORARILY (non-operational)
3006,no_match,0.2,0.192,1664,מיני בורגר,"בורגרים טירת הכרמל, כשר למהדרין",no,"הרצל 33, טירת כרמל, Israel",,no,dist=1664m name=0.19 no-match
3007,flagged,0.7,1.000,1187,בורגרים,"בורגרים קרית שמונה, כשר למהדרין בשר חלק",no,"קריית שמונה, Israel",,no,dist=1187m name=1.00 needs-review
3008,flagged,0.4,0.200,25,קויאה,Koya Burger bar,no,"שוהם פארק התעשייה 13, קיסריה, Israel",,no,dist=25m name=0.20 business=CLOSED_PERMANENTLY (non-operational)
3009,flagged,0.4,1.000,438,עידן הפלאפל,עידן הפלאפל,no,"ההגנה 20, נהריה, Israel",,no,dist=438m name=1.00 business=CLOSED_PERMANENTLY (non-operational)
3010,no_match,0.2,0.429,721,הפועלים,Bank Hapoalim,no,"להב 42, כרמיאל, Israel",,no,dist=721m name=0.43 no-match
3011,flagged,0.7,1.000,876,המקום,המקום,no,"שאול המלך 27, בית שאן, Israel",,no,dist=876m name=1.00 needs-review
3012,flagged,0.4,1.000,76,דרך האוכל,דרך האוכל,no,"חניתה 16, חיפה, Israel",,no,dist=76m name=1.00 business=CLOSED_PERMANENTLY (non-operational)
3013,verified,0.88,1.000,127,שירת הים,שירת הים,yes,"שלומי, Israel","האסיף, Shlomi, Israel",yes,dist=127m name=1.00 near+name
3014,no_match,0.2,0.167,626,איטאיט,Derekh Khativat Golani 66,no,"חטיבת גולני 66, חיפה, Israel",,no,dist=626m name=0.17 no-match
3015,verified,0.95,1.000,3,השניצליה,השניצליה של רונית,yes,"שד' קק""ל 99, כרמיאל, Israel","Sderot Kakal 94, Karmiel, Israel",yes,dist=3m name=1.00 close-proximity
3016,flagged,0.4,0.357,1370,בית מאפה צרפתי,המאפה הצרפתי עפולה,no,"שדרות רובע יזרעאל, עפולה, Israel",,no,dist=1370m name=0.36 business=CLOSED_PERMANENTLY (non-operational)
3017,flagged,0.7,0.182,85,קפה עלית-אספרסו בר,קפה קפה עכו,no,"רמז דוד, עכו, Israel",,no,dist=85m name=0.18 needs-review
3020,verified,0.88,1.000,107,באפלו מסעדת בשרים,באפלו מסעדת בשרים,yes,"אלחדיף, טבריה, Israel","פינת מיכאל, אלחדיף, טבריה, 1410001, Israel",yes,dist=107m name=1.00 near+name
3021,no_match,0.2,0.125,346,המוציא לחם,Shilat bakery,no,"הרצל 82, נהריה, Israel",,no,dist=346m name=0.13 no-match
3022,no_match,0.2,0.267,256,על המחבת,משלבת - כהן שמואל,no,"המלאכה 1, יקנעם, Israel",,no,dist=256m name=0.27 no-match
3023,verified,0.95,0.375,21,קפה גרג יקנעם עילית,Greg Cafe,no,"התמר 2, קניון דרכים יקנעם, Israel","Ha-Tamar St 2, Yokne'am Illit, Israel",yes,dist=21m name=0.38 close-proximity
3024,no_match,0.2,0.250,609,מסעדת אמא,Mother Restaurant,no,"רחבעם גנדי זאבי 5, בית שאן, Israel",,no,dist=609m name=0.25 no-match
3025,flagged,0.4,1.000,691,שיפודי התקווה ראש פינה,שיפודי התקווה ראש פינה - כשר מהדרין,no,"ראש פינה, Israel",,no,dist=691m name=1.00 business=CLOSED_PERMANENTLY (non-operational)
3026,no_match,0.2,0.250,781,קייטרינג ימנה,נחמן & בתיה kitchen sandwich,no,"הכובשים 55, זכרון יעקב, Israel",,no,dist=781m name=0.25 no-match
3027,verified,0.88,1.000,128,המעיינות (שיפודי בבילה),שיפודי בבילה,yes,"כנסת ישראל 1, בית שאן, Israel","Knesset Yisra'el St 1, Beit She'an, Israel",yes,dist=128m name=1.00 near+name
3028,flagged,0.7,0.000,195,פיצה טיים,PIZZA DONA,no,"ירושלים 710, טבריה עילית, Israel",,no,dist=195m name=0.00 needs-review
3029,flagged,0.7,1.000,547,מקסיקניז,Mexicaneez- מקסיקניז קריות,no,"אח""י אילת 15, קריית חיים, חיפה, Israel",,no,dist=547m name=1.00 needs-review
3030,no_match,0.2,0.667,2083,בריא בר,Rebar,no,"התמר 2, קניון דרכים יקנעם, Israel",,no,dist=2083m name=0.67 no-match
3031,no_match,0.2,1.000,5584,ויינר איטליאנו,ויינר איטליאנו - Vainer Italiano,no,"האיצטדיון 25, חיפה, Israel",,no,dist=5584m name=1.00 no-match
3032,no_match,0.2,1.000,2275,פותח את ידך קייטרינג,פותח את ידך קייטרינג,no,"דרך העמק 2, יקנעם, Israel",,no,dist=2275m name=1.00 no-match
3033,verified,0.88,0.667,247,פלאפל עמר,Falafel Amar,no,"ההסתדרות 5, קריית שמונה, Israel","Kikar Hahistadrut 5, Kiryat Shmona, Israel",yes,dist=247m name=0.67 near+name
3034,flagged,0.4,1.000,589,רסקו 67,רסקו 67,no,"דוד סלינגר 9, קריית שמונה, Israel",,no,dist=589m name=1.00 business=CLOSED_PERMANENTLY (non-operational)
3035,no_match,0.2,0.111,3518,בגט נועם,Moshe Boronstein St 26,no,"שפירא משה 26, עכו, Israel",,no,dist=3518m name=0.11 no-match
3038,flagged,0.6,0.250,51,פסטה פאסטה,Nahariya North Mall,no,"אירית 2, נהריה, Israel",,no,dist=51m name=0.25 proximity-name-mismatch
3039,flagged,0.7,1.000,498,מפגש השף,מפגש השף,no,"שאול המלך 70, בית שאן, Israel",,no,dist=498m name=1.00 needs-review
3041,verified,0.95,1.000,15,צנעני,מסעדת צנעני,yes,"ז'בוטינסקי 92, בני ברק, Israel","Jabotinsky St 92, Bnei Brak, Israel",yes,dist=15m name=1.00 close-proximity
3043,flagged,0.4,1.000,163,G27,G27,no,"גולני 27, רמת חן, רמת גן, Israel",,no,dist=163m name=1.00 business=CLOSED_TEMPORARILY (non-operational)
3044,no_match,0.2,1.000,4340,לוצ'נה,לוצ׳נה,no,"שד' המלאכות 1, מודיעין והסביבה, Israel",,no,dist=4340m name=1.00 no-match
3045,no_match,0.2,1.000,9696,אייר קפה,Air Coffee אייר קפה,no,"משה בקר 13, ראשון לציון, Israel",,no,dist=9696m name=1.00 no-match
3047,verified,0.95,1.000,40,שיפודי התקווה,שיפודי התקווה ראשון לציון,yes,"רוז'נסקי 11, ראשון לציון, Israel","Rozhanski St 11, Rishon LeZion, 7574516, Israel",yes,dist=40m name=1.00 close-proximity
3048,flagged,0.7,1.000,435,Who,WHO - בר רופטופ כשר על הים בחוף ראשון לציון,no,"הטיילת 1, טיילת ראשון לציון, Israel",,no,dist=435m name=1.00 needs-review
3050,verified,0.95,0.600,16,ניני האצי,Nini Hachi,no,"בן יהודה 228, תל אביב, Israel","Ben Yehuda St 228, Tel Aviv-Yafo, Israel",yes,dist=16m name=0.60 close-proximity
3051,flagged,0.6,0.125,6,איציק הגדול,Big Itzik,no,"דוד רזיאל 3, יפו, תל אביב, Israel",,no,dist=6m name=0.13 proximity-name-mismatch
3052,verified,0.95,1.000,30,הולה,קפה הולה,yes,"העליה השניה 1, פתח תקווה, Israel","Ha-Aliya ha-Shinya St 1, Petah Tikva, 4936144, Israel",yes,dist=30m name=1.00 close-proximity
3054,flagged,0.7,0.400,113,ניני צ'ו,Nini Choo,no,"הסיבים 18, פתח תקווה, Israel",,no,dist=113m name=0.40 needs-review
3055,flagged,0.7,0.667,872,ביגה איילון,Biga Ayalon Mall,no,"דרך אבא הלל סילבר 301, רמת גן, Israel",,no,dist=872m name=0.67 needs-review
3056,verified,0.95,1.000,19,קומראן,קומראן Qumran TLV,yes,"הארבעה 21, תל אביב, Israel","Platinum Tower, HaArba'a 21, קומה 2, Tel Aviv-Jaffa, Israel",yes,dist=19m name=1.00 close-proximity
3057,no_match,0.2,1.000,9826,פינת השלושה,פינת השלושה | מסעדת בשרים בתל אביב| מאכלים בוכריים| כשר,no,"דרך בן צבי 84, תל אביב, Israel",,no,dist=9826m name=1.00 no-match
3060,verified,0.88,1.000,249,סיזל,סיזל SIZZLE פתח תקווה,yes,"שחם 30, פתח תקווה, Israel","Shacham St 30, Petah Tikva, 4951726, Israel",yes,dist=249m name=1.00 near+name
3061,verified,0.95,0.444,32,"רשל בנמל ת""א",Rashal,no,"יקותיאלי יוסף 3, נמל תל-אביב, Israel","רחוב יוסף יקותיאלי St 3, Tel Aviv-Yafo, Israel",yes,dist=32m name=0.44 close-proximity
3062,verified,0.95,1.000,15,הלובי,"הלובי- מסעדה, קייטרינג, ואירועים.",yes,"לח""י 31, בני ברק, Israel","Lekhi St 31, Bnei Brak, Israel",yes,dist=15m name=1.00 close-proximity
3063,no_match,0.2,0.300,2395,מנואל הכשרה,Manuel,no,"גיסין אבשלום 7, פתח תקווה, Israel",,no,dist=2395m name=0.30 no-match
3064,flagged,0.7,1.000,954,אגאדיר,אגאדיר בורגר בסר בני ברק - כשר,no,"מצדה (כנרת) 7, בני ברק, Israel",,no,dist=954m name=1.00 needs-review
3065,verified,0.95,1.000,4,"""ושבעת וברכת""",מסעדת ושבעת וברכת,yes,"אצ""ל 47, שכונת התקווה, תל אביב, Israel","Etsel St 47, Tel Aviv-Yafo, Israel",yes,dist=4m name=1.00 close-proximity
3067,verified,0.95,0.667,30,הלאלי,ALALI,no,"ולטר מוזס 10, תל אביב, Israel","Walter Moses St 10, Tel Aviv-Yafo, Israel",yes,dist=30m name=0.67 close-proximity
3068,no_match,0.2,1.000,10965,בלה,bella osteria בלה אוסטריה,no,"איינשטיין 10, צפון תל אביב, Israel",,no,dist=10965m name=1.00 no-match
3069,flagged,0.7,1.000,291,בובוג׳ון מסעדת בשרים,בובו ג׳ון מסעדת בשרים כשרה - BoBoJon בובוג׳ון,no,"דרך בן צבי 106, תל אביב, Israel",,no,dist=291m name=1.00 needs-review
3070,no_match,0.2,1.000,10192,מיה,מסעדת מיה Mia rest,no,"איינשטיין 10, צפון תל אביב, Israel",,no,dist=10192m name=1.00 no-match
3071,verified,0.88,0.750,192,רובן,Ruben,no,"שחם 36, פתח תקווה, Israel","Shacham St 36, Petah Tikva, 4951729, Israel",yes,dist=192m name=0.75 near+name
3073,no_match,0.2,0.444,308,אושי אושי עזריאלי,Oshi Oshi,no,"גולדה מאיר 7, קניון חולון, Israel",,no,dist=308m name=0.44 no-match
3076,verified,0.95,1.000,36,סלון יווני,סלון יווני על האגם - ראשון לציון,yes,"המאה ועשרים 4, ראשון לציון, Israel","HaMea VeEsrim St 4, Rishon LeZion, 87010, Israel",yes,dist=36m name=1.00 close-proximity
3079,verified,0.88,0.600,136,ג'מס ביר פקטורי,Jem's Beer Factory,no,"החרט 1, ישפרו סנטר מודיעין, Israel","ישפרו סנטר, HaHarat 1, Modi'in Makabim-Re'ut, Israel",yes,dist=136m name=0.60 near+name
3080,no_match,0.2,1.000,3075,פיצה קראפט,Craft Bistro קראפט פיצה ביסטרו מודיעין,no,"שד' מנחם בגין 1, מודיעין והסביבה, Israel",,no,dist=3075m name=1.00 no-match
3081,no_match,0.2,0.250,1189,פיצה קראפט,Craft Pizza Bistro,no,"תל אביב, Israel",,no,dist=1189m name=0.25 no-match
3082,no_match,0.2,1.000,2200,רובן,רובן מודיעין,no,"דם המכבים 47, מודיעין והסביבה, Israel",,no,dist=2200m name=1.00 no-match
3083,verified,0.95,1.000,32,לוצ'נה ראשון לציון,לוצ׳נה ראשון לציון,yes,"לח""י 2, ראשון לציון, Israel","הלח״י 2, ראשון לציון, 7570686, Israel",yes,dist=32m name=1.00 close-proximity
3085,verified,0.95,1.000,34,פטריקס PATRICKS פתח תקווה,פטריקס פתח תקווה | Patrick's Rooftop | כשר | משלוחים,yes,"תוצרת הארץ 4, פתח תקווה, Israel","Totseret ha-Arets St 4, Petah Tikva, Israel",yes,dist=34m name=1.00 close-proximity
3086,verified,0.95,1.000,14,סורנטו Sorento,Sorento,no,"ברשבסקי 8, ראשון לציון, Israel","Barshavski St 8, Rishon LeZion, Israel",yes,dist=14m name=1.00 close-proximity
3087,no_match,0.2,0.273,1886,בנדורה,Afek industrial park,no,"עמל 1, פארק תעשיות אפק, ראש העין, Israel",,no,dist=1886m name=0.27 no-match
3088,flagged,0.7,0.308,248,רג'ינה בתחנה,Regina Restaurant - Kosher Restaurant in Tel Aviv (Mehadrin Kosher),no,"המרד 3, תל אביב, Israel",,no,dist=248m name=0.31 needs-review
3089,verified,0.95,0.400,9,אוסליבן,O'Sullivan,no,"שד' המלאכות 121, מודיעין והסביבה, Israel","ישפרו סנטר, שדרות המלאכות 121, מודיעין מכבים רעות, Israel",yes,dist=9m name=0.40 close-proximity
3090,verified,0.95,1.000,28,לורנץ ומינץ,לורנץ ומינץ Lorenz and Mintz,yes,"שלוש 42, נווה צדק, תל אביב, Israel","מכון שכטר schechter center, Aharon Chelouche St 42, Tel Aviv-Yafo, 6684521, Israel",yes,dist=28m name=1.00 close-proximity
3091,verified,0.95,1.000,10,נוצ'י,נוצ׳י סושי בר,yes,"ה באייר 10, כיכר המדינה תל אביב, Israel","Hei be-Iyar St 10, Tel Aviv-Yafo, Israel",yes,dist=10m name=1.00 close-proximity
3092,verified,0.95,0.625,10,נייט שיפט,Night Shift,no,"ויטל חיים 9, פלורנטין, תל אביב, Israel","Chayim Vital St 9, Tel Aviv-Yafo, Israel",yes,dist=10m name=0.63 close-proximity
3093,flagged,0.7,1.000,872,מסעדת יוסף,יוסף רמת החייל,no,"הברזל 32, רמת החייל, תל אביב, Israel",,no,dist=872m name=1.00 needs-review
3094,no_match,0.2,0.556,2566,קונה kona,קונה סושי,no,"צאלון 21, מודיעין והסביבה, Israel",,no,dist=2566m name=0.56 no-match
3095,no_match,0.2,,,לה ברצ'ה,,no,"תוצרת הארץ 3, פתח תקווה, Israel",,no,no-candidate
3096,no_match,0.2,0.600,16681,בוקריה,Bokeria,no,"דרך יצחק רבין 17, יכין סנטר פתח תקווה, Israel",,no,dist=16681m name=0.60 no-match
3098,flagged,0.4,1.000,365,תימנה,מסעדת תימנה,no,"המרץ 13, ראש העין, Israel",,no,dist=365m name=1.00 business=CLOSED_PERMANENTLY (non-operational)
3099,no_match,0.2,0.364,1233,אושי אושי חולון,Oshi Oshi,no,"סוקולוב 49, חולון, Israel",,no,dist=1233m name=0.36 no-match
3100,verified,0.95,0.333,9,לה לזניה,La Lasagna,no,"דיזנגוף 177, תל אביב, Israel","Dizengoff St 177, Tel Aviv-Yafo, Israel",yes,dist=9m name=0.33 close-proximity
3101,verified,0.95,0.800,18,"ד""ר שקשוקה",Dr Shakshuka,no,"בית אשל 3, יפו, תל אביב, Israel","Beit Eshel St 3, Tel Aviv-Yafo, 6802503, Israel",yes,dist=18m name=0.80 close-proximity
3102,verified,0.95,0.444,16,רולה טורטיה בר,Rolla Tortilla Bar,no,"כצנלסון 46, גבעתיים, Israel","Katzenelson St 46, Giv'atayim, 5320903, Israel",yes,dist=16m name=0.44 close-proximity
3104,flagged,0.7,0.750,513,נגיסה סושי בר,Nagisasushi,no,"דרך בן גוריון 13, רמת גן, Israel",,no,dist=513m name=0.75 needs-review
3105,verified,0.95,0.667,30,אושי אושי,Oshi Oshi,no,"האנגר 21, נמל תל-אביב, Israel","Nemal Tel Aviv St 20-22, Tel Aviv-Yafo, Israel",yes,dist=30m name=0.67 close-proximity
3106,no_match,0.2,1.000,1683,ביגה,ביגה ראשונים,no,"שד' נים 2, קניון עזריאלי ראשונים, ראשון לציון, Israel",,no,dist=1683m name=1.00 no-match
3107,verified,0.88,0.778,218,רודיס בורגר בר,Rudies Burger Bar,no,"זלמן שניאור 16, ראשון לציון, Israel","Sderot Zalman Shne'ur 16, Rishon LeZion, 11111, Israel",yes,dist=218m name=0.78 near+name
3108,verified,0.95,1.000,13,גרל'ה,גרל׳ה שווארמה,yes,"שמוטקין 1, ראשון לציון, Israel","Binyamin Shmotkin St 1, Rishon LeZion, Israel",yes,dist=13m name=1.00 close-proximity
3110,verified,0.95,0.667,9,נאו סושי בר,Neo Sushi Bar,no,"כצנלסון 55, גבעתיים, Israel","Katzenelson St 55, Giv'atayim, Israel",yes,dist=9m name=0.67 close-proximity
3111,verified,0.95,1.000,11,השיפוד והמנגל,השיפוד והמנגל,yes,"בן ציון גליס 4, פתח תקווה, Israel","Ben Tsiyon Galis St 4, Petah Tikva, Israel",yes,dist=11m name=1.00 close-proximity
3113,no_match,0.2,0.357,8934,לחם בשר נמל תל אביב,Lechem Basar,no,"האנגר 14, נמל תל-אביב, Israel",,no,dist=8934m name=0.36 no-match
3114,verified,0.95,1.000,28,לה מיאל,מסעדה צרפתית תל אביב - מסעדת לה מיאל | Le Miel TLV,yes,"יד חרוצים 14, תל אביב, Israel","Yad Harutsim St 14, Tel Aviv-Yafo, 6770007, Israel",yes,dist=28m name=1.00 close-proximity
3115,no_match,0.2,0.100,4006,מפגש ובשר,מיט אנד מיט Meet&Meat,no,"השדרה המרכזית 15, מודיעין והסביבה, Israel",,no,dist=4006m name=0.10 no-match
3116,flagged,0.7,0.750,426,פדריק,Fedrik,no,"הקדר 2, מודיעין והסביבה, Israel",,no,dist=426m name=0.75 needs-review
3117,flagged,0.7,0.381,152,הגלריה לאירועים בנמל,יורדי הסירה - אולם אירועים על הים בתל אביב,no,"יורדי הסירה 1, נמל תל-אביב, Israel",,no,dist=152m name=0.38 needs-review
3118,no_match,0.2,0.222,1267,ספורה בר תל אביב,Sefora,no,"דרך מנחם בגין 132, תל אביב, Israel",,no,dist=1267m name=0.22 no-match
3119,verified,0.95,1.000,30,טורקיש גריל,טורקיש גריל אור יהודה,yes,"העבודה 2, אור יהודה, Israel","Ha-Avoda St 2, Or Yehuda, 6026621, Israel",yes,dist=30m name=1.00 close-proximity
3120,flagged,0.6,0.077,46,חומוס בנגל,Bengal Hummus,no,"המכונאי 2, מודיעין והסביבה, Israel",,no,dist=46m name=0.08 proximity-name-mismatch
3121,verified,0.88,1.000,239,ג'אפן ג'אפן,ג'אפן ג'אפן גבעת שמואל | JAPAN JAPAN GIVAT SHMUEL,yes,"מנחם בגין 30, קניון עופר הגבעה, גבעת שמואל, Israel","Mota Gur St 14, Giv'at Shmuel, 5442214, Israel",yes,dist=239m name=1.00 near+name
3122,flagged,0.4,1.000,5,פיאצה גרנדה,Piazza Grande - פיאצה גרנדה מסעדה איטלקית כשרה,no,"אלוף קלמן מגן 5, רחוב הארבעה, תל אביב, Israel",,no,dist=5m name=1.00 business=CLOSED_PERMANENTLY (non-operational)
3123,no_match,0.2,0.167,1238,SHIRAZ,Emily,no,"יניב לינקר 12, ראשון לציון, Israel",,no,dist=1238m name=0.17 no-match
3124,flagged,0.4,0.364,17,בוסתן אבו גוש,Abu Ghosh,no,"דיזנגוף 85, תל אביב, Israel",,no,dist=17m name=0.36 business=CLOSED_PERMANENTLY (non-operational)
3125,no_match,0.2,0.357,1179,גולדות,גולדה חולון פנחס - כשר,no,"שד' דב הוז 5, חולון, Israel",,no,dist=1179m name=0.36 no-match
3126,flagged,0.6,0.111,41,די בראסרי,קפה 99 | Café 99,no,"הירקון 99, תל אביב, Israel",,no,dist=41m name=0.11 proximity-name-mismatch
3127,verified,0.95,1.000,20,סאי סושי,סאי סושי בר | כשר,yes,"תובל 9, מתחם הבורסה, רמת גן, Israel","Tuval St 9, Ramat Gan, 5252224, Israel",yes,dist=20m name=1.00 close-proximity
3128,flagged,0.7,1.000,309,הפינה של סער,הפינה של סער,no,"צבי ישי 10, יהוד, Israel",,no,dist=309m name=1.00 needs-review
3129,no_match,0.2,0.111,719,"ד.ברנדט בע""מ",SCHMEARZ BAGEL SHOP,no,"ירמיהו 52, תל אביב, Israel",,no,dist=719m name=0.11 no-match
3130,verified,0.95,1.000,20,מאנצ'י טוסט,מאנצ'י טוסט,yes,"אבא אחימאיר 15, רמלה, Israel","Abba Ahimeir St 15, Ramla, 7228408, Israel",yes,dist=20m name=1.00 close-proximity
3131,no_match,0.2,0.000,977,קפה פסטורלי,Lyon Cafe,no,"יוני נתניהו 5, אור יהודה, Israel",,no,dist=977m name=0.00 no-match
3133,verified,0.95,1.000,40,מיט סטריט,MEAT STREET,no,"הדקל 30, מרכז מסחרי שהם, שוהם, Israel","Dekel St 30, Shoham, 6082280, Israel",yes,dist=40m name=1.00 close-proximity
3134,flagged,0.7,0.800,669,פיתה היט,Pita Hit,no,"מבצע קדש 55, פרדס כץ, בני ברק, Israel",,no,dist=669m name=0.80 needs-review
3135,flagged,0.6,0.077,19,קאיסקי,Dynamica BIG Fashion Bat Yam,no,"יוספטל 92, קניון בת ים, Israel",,no,dist=19m name=0.08 proximity-name-mismatch
3136,verified,0.95,0.571,33,ניו דלי,ניודלי Newdeli,no,"ז'בוטינסקי 72, הקניון הגדול, פתח תקווה, Israel","הקניון הגדול, ז'בוטינסקי 72, Petah Tikva, 4968101, Israel",yes,dist=33m name=0.57 close-proximity
3137,no_match,0.2,,,Cofizz,,no,"ז'בוטינסקי 127, בני ברק, Israel",,no,no-candidate
3138,verified,0.95,1.000,13,פיצה אנד טורטיה,פיצה אנד טורטיה,yes,"אלנבי 79, תל אביב, Israel","Allenby St 79, Tel Aviv-Yafo, Israel",yes,dist=13m name=1.00 close-proximity
3139,no_match,0.2,0.167,488,פיצה סלוצ'ו,Mother's Kitchen,no,"יחזקאל קזז 11, אור יהודה, Israel",,no,dist=488m name=0.17 no-match
3140,flagged,0.4,0.500,26,לחם ארז ראש העין,Lehem Erez,no,"משה דיין 2, ראש העין, Israel",,no,dist=26m name=0.50 business=CLOSED_PERMANENTLY (non-operational)
3141,no_match,0.2,0.333,1752,פטיפור אנד מור,רשת מור - כלבו פתח תקווה,no,"שלומציון המלכה 2, פתח תקווה, Israel",,no,dist=1752m name=0.33 no-match
3142,no_match,0.2,0.300,5063,בלו סקיי,Blue Sky Car Rental,no,"אליעזר פרי 10, תל אביב, Israel",,no,dist=5063m name=0.30 no-match
3143,no_match,0.2,0.250,1120,ארקפה,Arcaffè,no,"מצדה (כנרת) 5, פרדס כץ, בני ברק, Israel",,no,dist=1120m name=0.25 no-match
3144,flagged,0.7,1.000,423,הפלאפל של הרצל,הפלאפל של הרצל,no,"צאלון 21, מודיעין והסביבה, Israel",,no,dist=423m name=1.00 needs-review
3145,no_match,0.2,0.000,275,צאבטה,HaNevi'im St 49,no,"הנביאים 49, פתח תקווה, Israel",,no,dist=275m name=0.00 no-match
3146,verified,0.95,0.800,12,"פאנץ' ליין-המלצרים המזמרים בע""מ",פאנץ' ליין תל אביב - המלצרים המזמרים - PunchLine TLV,no,"הארבעה 14, תל אביב, Israel","HaArba'a St 14, Tel Aviv-Yafo, 6473914, Israel",yes,dist=12m name=0.80 close-proximity
3147,flagged,0.7,1.000,940,מונייר,מונייר קייטרינג חלבי ומגשי אירוח,no,"ההגנה 25, ראשון לציון, Israel",,no,dist=940m name=1.00 needs-review
3148,verified,0.95,1.000,69,גולן גורמה,גולן גורמה - קונדיטוריה,yes,"אצ""ל 33, ראשון לציון, Israel","Etsel St 33, Rishon LeZion, Israel",yes,dist=69m name=1.00 close-proximity
3150,verified,0.95,1.000,38,"קיוטו נאי ראשל""צ",קיוטו נאי,yes,"ילדי טהרן 7, ראשון לציון, Israel","Yaldei Teheran St 7, Rishon LeZion, 7565843, Israel",yes,dist=38m name=1.00 close-proximity
3151,no_match,0.2,0.000,3668,קקאו,קניון הזהב,no,"סחרוב דוד 21, קניון הזהב, ראשון לציון, Israel",,no,dist=3668m name=0.00 no-match
3152,no_match,0.2,0.500,811,הבגט של אמא,Amos Hot Baguette,no,"בלפור 135, בת ים, Israel",,no,dist=811m name=0.50 no-match
3153,no_match,0.2,0.250,512,ווינבורגר,רובן בת ים,no,"ז'בוטינסקי 8, בת ים, Israel",,no,dist=512m name=0.25 no-match
3154,flagged,0.6,0.143,9,מיטל,Lokal Burger,no,"אחד העם 30, תל אביב, Israel",,no,dist=9m name=0.14 proximity-name-mismatch
3155,verified,0.95,0.667,29,חומוס הר הברכה,Hummus har-bracha,no,"ברקת 9, פתח תקווה, Israel","Bareket St 9, Petah Tikva, Israel",yes,dist=29m name=0.67 close-proximity
3156,flagged,0.4,1.000,6,פרג'י,פרג'י,no,"פנחס בן יאיר 8, יפו, תל אביב, Israel",,no,dist=6m name=1.00 business=CLOSED_PERMANENTLY (non-operational)
3157,verified,0.95,1.000,37,פלאפלנד,פלאפלנד,yes,"ביאליק 77, רמת גן, Israel","Bialik St 76, Ramat Gan, Israel",yes,dist=37m name=1.00 close-proximity
3158,flagged,0.4,0.750,7,פונדק השובבים,Pundak Hashovavim,no,"נחלת בנימין 68, תל אביב, Israel",,no,dist=7m name=0.75 business=CLOSED_PERMANENTLY (non-operational)
3159,verified,0.88,1.000,165,בליקר בייקרי,Bleeker Bakery,no,"סחרוב דוד 21, קניון הזהב, ראשון לציון, Israel","David Saharov St 19, Rishon LeZion, Israel",yes,dist=165m name=1.00 near+name
3160,no_match,0.2,0.167,1316,מאנצ' בורגר,fomo momo burger - ראשון לציון,no,"העצמאות 21, ראשון לציון, Israel",,no,dist=1316m name=0.17 no-match
3161,verified,0.95,0.429,44,קנסאי סושי,Kansai,no,"רפאל איתן 3, פתח תקווה, Israel","Refa'el Eitan St 3, Petah Tikva, Israel",yes,dist=44m name=0.43 close-proximity
3162,flagged,0.7,1.000,969,cofix,cofix,no,"רבי עקיבא 149, בני ברק, Israel",,no,dist=969m name=1.00 needs-review
3163,flagged,0.4,1.000,121,מיט אוכל ישראלי,מיט אוכל ישראלי,no,"תפוצות ישראל 4, גבעתיים, Israel",,no,dist=121m name=1.00 business=CLOSED_PERMANENTLY (non-operational)
3164,no_match,0.2,0.000,673,cofix,Marlaz Centre,no,"עמק דותן 66, מודיעין והסביבה, Israel",,no,dist=673m name=0.00 no-match
3165,no_match,0.2,0.214,1377,אלוף החומוס והפול,חומוס פול צנטרו,no,"סוקולוב נחום 1, חולון, Israel",,no,dist=1377m name=0.21 no-match
3166,no_match,0.2,1.000,6219,סחבק,סחבק,no,"בני אפרים 280, נאות אפקה, תל אביב, Israel",,no,dist=6219m name=1.00 no-match
3167,verified,0.95,1.000,12,שמש,מסעדת שמש,yes,"התקוה 13, שכונת התקווה, תל אביב, Israel","HaTikva St 13, Tel Aviv-Yafo, Israel",yes,dist=12m name=1.00 close-proximity
3168,verified,0.95,1.000,5,גשן,Goshen,no,"נחלת בנימין 30, תל אביב, Israel","Nahalat Binyamin St 30, Tel Aviv-Yafo, Israel",yes,dist=5m name=1.00 close-proximity
3169,no_match,0.2,0.857,2093,לה גופרה,לגופרה,no,"החשמונאים 96, תל אביב, Israel",,no,dist=2093m name=0.86 no-match
3170,no_match,0.2,1.000,1336,פיצה מישלנו,פיצה משלנו,no,"החמישה 1, פתח תקווה, Israel",,no,dist=1336m name=1.00 no-match
3171,no_match,0.2,0.375,951,חומוס,Hummus Givatayim,no,"כצנלסון 65, גבעתיים, Israel",,no,dist=951m name=0.38 no-match
3172,no_match,0.2,0.000,836,המסעדה,אצל נאג'י,no,"חיים אשר 2, רמלה, Israel",,no,dist=836m name=0.00 no-match
3173,flagged,0.6,0.167,8,פיצה בכיכר,פיצה ארבע עונות,no,"ארבע עונות 16, לוד, Israel",,no,dist=8m name=0.17 proximity-name-mismatch
3174,no_match,0.2,1.000,5448,פיצה שמש רמלה,פיצה שמש רמלה מבצע יונתן 8,no,"מבצע יונתן 8, רמלה, Israel",,no,dist=5448m name=1.00 no-match
3175,flagged,0.7,1.000,388,קפה רומי,קפה רומי,no,"צאלון 21, מודיעין והסביבה, Israel",,no,dist=388m name=1.00 needs-review
3176,flagged,0.4,0.500,8,פול ווליום,Full volume,no,"דיזנגוף 114, תל אביב, Israel",,no,dist=8m name=0.50 business=CLOSED_PERMANENTLY (non-operational)
3177,verified,0.95,1.000,37,אושי אושי מודיעין-מכבים-רעות,אושי אושי מודיעין מכבים רעות,yes,"שד' עומרים, מודיעין והסביבה, Israel","מרכז מסחרי לב, שדרות עומרים, מודיעין מכבים רעות, Israel",yes,dist=37m name=1.00 close-proximity
3178,flagged,0.6,0.111,38,די,Dan Tel Aviv Hotel,no,"הירקון 99, תל אביב, Israel",,no,dist=38m name=0.11 proximity-name-mismatch
3179,flagged,0.7,0.667,1153,פוקי בר,Poke Bar,no,"מזל אליעזר 13, ראשון לציון, Israel",,no,dist=1153m name=0.67 needs-review
3180,verified,0.95,0.800,41,רולדין,Roladin,no,"פנחס אילון 13, חולון, Israel","MY MALL, Pinkhas Eilon St 13, Holon, Israel",yes,dist=41m name=0.80 close-proximity
3181,no_match,0.2,0.222,41581,צ'ארליז,"Charlie's - Bar, Food, Garden",no,"הרב יוסף צוברי 6, תל אביב, Israel",,no,dist=41581m name=0.22 no-match
3182,no_match,0.2,0.000,1227,"ד""ר ג'וס",קניון סביונים,no,"דרך משה דיין 3, קניון סביונים, יהוד, Israel",,no,dist=1227m name=0.00 no-match
3183,verified,0.95,0.444,35,פלאפל הכוהנים,מפגש הפלאפל התימני,no,"ויצמן 43, גבעתיים, Israel","Weizman St 28, Giv'atayim, 5339014, Israel",yes,dist=35m name=0.44 close-proximity
3184,verified,0.95,1.000,2,בית מאפה ברכת שמיים,פיצה ברכת שמיים,yes,"לנדאו חיים 16, חולון, Israel","Haim Landau St 16, Holon, Israel",yes,dist=2m name=1.00 close-proximity
3185,verified,0.95,0.364,74,רוטיסרי צ'יקן קלאב שרונה תל אביב,Rotisserie Chicken Club,no,"אלוף קלמן מגן 3, מתחם שרונה, תל אביב, Israel","Aluf Kalman Magen St 3, Tel Aviv-Yafo, 6107075, Israel",yes,dist=74m name=0.36 close-proximity
3186,no_match,0.2,,,המושבה,,no,"בר כוכבא 41, פתח תקווה, Israel",,no,no-candidate
3187,flagged,0.4,0.750,804,מקדונלד'ס,McDonald's,no,"רוטשילד 19, ראשון לציון, Israel",,no,dist=804m name=0.75 business=CLOSED_PERMANENTLY (non-operational)
3188,no_match,0.2,1.000,2624,שומשום בר בריאות,בר שומשום,no,"דרך אבא הלל סילבר 2, מתחם הבורסה, רמת גן, Israel",,no,dist=2624m name=1.00 no-match
3189,verified,0.95,0.600,56,קפה לוגאנו,Café Lugano,no,"החוגה 2, רמת אפעל, Israel","Hahuga St 2, Ramat Gan, 5290370, Israel",yes,dist=56m name=0.60 close-proximity
3190,flagged,0.7,1.000,252,דני בתי מאפה,דני בתי מאפה Danni's Bakery,no,"הזיתים 96, גבעת שמואל, Israel",,no,dist=252m name=1.00 needs-review
3191,flagged,0.6,0.143,3,פלאפל הדר,Shabazi St 24,no,"שבזי 24, יהוד, Israel",,no,dist=3m name=0.14 proximity-name-mismatch
3192,flagged,0.7,0.818,653,קייטרינג מקרוניז,Catering Mkroniz,no,"המלאכה 4, אור יהודה, Israel",,no,dist=653m name=0.82 needs-review
3193,no_match,0.2,1.000,3338,חומוס יוסף,חומוס יוסף,no,"הסיבים 6, פתח תקווה, Israel",,no,dist=3338m name=1.00 no-match
3194,flagged,0.7,1.000,1119,ג'אפו,ג'אפו בסר בני ברק- Japo,no,"מצדה (כנרת) 9, פרדס כץ, בני ברק, Israel",,no,dist=1119m name=1.00 needs-review
3195,no_match,0.2,0.400,1551,רחל המבשלת-אוכל טבעוני,Rakhel Street,no,"כהנמן 104, בני ברק, Israel",,no,dist=1551m name=0.40 no-match
3196,no_match,0.2,0.167,5088,מתמנגלים ונהנים,Grill Town,no,"ראשון לציון, Israel",,no,dist=5088m name=0.17 no-match
3197,no_match,0.2,0.071,1094,Vegani gourmet,מצדה 6,no,"מצדה (כנרת) 6, פרדס כץ, בני ברק, Israel",,no,dist=1094m name=0.07 no-match
3198,verified,0.95,0.700,5,מיסטיק פיצה דופלוס,Mystic Pizza Douplus,no,"כצנלסון 9, גבעתיים, Israel","Katzenelson St 9, Giv'atayim, Israel",yes,dist=5m name=0.70 close-proximity
3199,no_match,0.2,1.000,1243,פיצה סטורי רמלה,פיצה סטורי רמלה,no,"שד' הרצל 45, רמלה, Israel",,no,dist=1243m name=1.00 no-match
3201,verified,0.95,0.667,6,מאפו,Mapu St 9,no,"מאפו 9, תל אביב, Israel","Mapu St 9, Tel Aviv-Yafo, Israel",yes,dist=6m name=0.67 close-proximity
3202,verified,0.95,0.500,13,פיצה P2,Pizza P2 גבעתיים,no,"כצנלסון 45, גבעתיים, Israel","Katzenelson St 45, Giv'atayim, Israel",yes,dist=13m name=0.50 close-proximity
3203,no_match,0.2,0.056,389,מסעדת בבאי,פסטה ויה קרית אונו,no,"דרך יעקב דורי 7, קריית אונו, Israel",,no,dist=389m name=0.06 no-match
3204,verified,0.95,0.667,27,דומינו'ס פיצה,Domino's Pizza,no,"העצמאות 65, פתח תקווה, Israel","קניון גנים, HaAtsmaut 65, Petah Tikva, Israel",yes,dist=27m name=0.67 close-proximity
3205,flagged,0.7,1.000,700,בא לי קובה,בא לי קובה,no,"שד' קוגל חיים 29, חולון, Israel",,no,dist=700m name=1.00 needs-review
3206,flagged,0.6,0.176,14,בונז'ור מלך השווארמה,Shawarma king,no,"הרצל 64, לוד, Israel",,no,dist=14m name=0.18 proximity-name-mismatch
3207,flagged,0.4,0.500,16,איצקו ורפאל,Itzko and Rafael,no,"דיזנגוף 269, תל אביב, Israel",,no,dist=16m name=0.50 business=CLOSED_PERMANENTLY (non-operational)
3208,no_match,0.2,0.182,2778,BAR,עיצוב הכסא והבר,no,"ש""י עגנון 5, ראשון לציון, Israel",,no,dist=2778m name=0.18 no-match
3209,flagged,0.6,0.200,40,פיצה פצץ,Pizza Pazzaz,no,"עוזיאל 34, בת ים, Israel",,no,dist=40m name=0.20 proximity-name-mismatch
3210,no_match,0.2,1.000,9348,קיורטוש,קיורטוש,no,"הכרמל 11, שוק הכרמל, תל אביב, Israel",,no,dist=9348m name=1.00 no-match
3211,verified,0.95,0.900,21,אחים חירק,מסעדת האחים חירק,yes,"שטמפפר 39, פתח תקווה, Israel","Yehoshua Shtampfer St 39, Petah Tikva, Israel",yes,dist=21m name=0.90 close-proximity
3212,flagged,0.4,1.000,239,בוריטו,בוריטו,no,"חיים עוזר 7, פתח תקווה, Israel",,no,dist=239m name=1.00 business=CLOSED_PERMANENTLY (non-operational)
3213,no_match,0.2,0.280,690,גלריה דוד חן,הגלריה של חן וינקלר Chen winkler art gallery,no,"נועם 3, יפו, תל אביב, Israel",,no,dist=690m name=0.28 no-match
3214,flagged,0.7,1.000,1158,בורה בורה,בורה בורה בת ים,no,"דרך בן גוריון 96, טיילת בת ים, Israel",,no,dist=1158m name=1.00 needs-review
3215,verified,0.95,1.000,2,בית הפרגית פתח תקווה,בית הפרגית,yes,"בר כוכבא 35, פתח תקווה, Israel","Bar Kochva St 35, Petah Tikva, Israel",yes,dist=2m name=1.00 close-proximity
3216,no_match,0.2,0.429,390,שניצלים,שניצל בחלה תל אביב,no,"טשרניחובסקי 2, תל אביב, Israel",,no,dist=390m name=0.43 no-match
3217,no_match,0.2,0.125,5937,כתר המזרח,Shuk Tzafon,no,"ראול וולנברג 20, רמת החייל, תל אביב, Israel",,no,dist=5937m name=0.13 no-match
3218,flagged,0.6,0.167,7,מיץ מרק,Juice Soup,no,"כצנלסון 49, גבעתיים, Israel",,no,dist=7m name=0.17 proximity-name-mismatch
3219,no_match,0.2,0.160,325,צ'אנג מאי נודלס,Go Asian Canteen קנטינה אסייתית בורסה רמת גן,no,"תובל 16, מתחם הבורסה, רמת גן, Israel",,no,dist=325m name=0.16 no-match
3220,verified,0.88,0.500,75,בורגראנץ',Burger Ranch,no,"רוטשילד 35, קניון G רוטשילד, ראשון לציון, Israel","Rothschild St 45, Rishon LeZion, Israel",yes,dist=75m name=0.50 near+name
3221,flagged,0.4,1.000,37,לה פיצליה,לה פיצליה,no,"הרב חיים דוד הלוי 5, ראשון לציון, Israel",,no,dist=37m name=1.00 business=CLOSED_PERMANENTLY (non-operational)
3222,flagged,0.6,0.000,12,קפה גרג,Bialik Mall,no,"ביאליק 76, קניון ביאליק, רמת גן, Israel",,no,dist=12m name=0.00 proximity-name-mismatch
3223,flagged,0.7,0.929,403,שווארמה ויקטור,שוארמה ויקטור,no,"שנקר אריה 5, פתח תקווה, Israel",,no,dist=403m name=0.93 needs-review
3224,flagged,0.4,1.000,799,שיפודי שמש,שיפודי שמש,no,"שד' הרצל 66, רמלה, Israel",,no,dist=799m name=1.00 business=CLOSED_PERMANENTLY (non-operational)
3225,verified,0.88,1.000,145,האופה מבגדד,האופה מבגדד,yes,"רוטשילד 45, בת ים, Israel","Rothschild St 40, Bat Yam, 59876, Israel",yes,dist=145m name=1.00 near+name
3226,flagged,0.7,1.000,694,"מאפיית שיבולת השרון בע""מ",מאפיית שיבולת השרון,no,"העמל 3, בת ים, Israel",,no,dist=694m name=1.00 needs-review
3227,verified,0.95,0.800,15,רולדין,Roladin,no,"העצמאות 65, פתח תקווה, Israel","HaAtsmaut St 65, Petah Tikva, Israel",yes,dist=15m name=0.80 close-proximity
3228,flagged,0.4,1.000,15,אכלולה,אכלולה,no,"עוזיאל 55, רמת גן, Israel",,no,dist=15m name=1.00 business=CLOSED_PERMANENTLY (non-operational)
3229,no_match,0.2,0.429,6717,בשר 34,Meat 34,no,"שד' ישראל גורי 34, תל אביב, Israel",,no,dist=6717m name=0.43 no-match
3230,flagged,0.4,1.000,501,פיצה עגבניה,עגבנייה,no,"דוד רזיאל 1, קניון רמלה, Israel",,no,dist=501m name=1.00 business=CLOSED_PERMANENTLY (non-operational)
3231,verified,0.88,0.571,195,פלאפל שווארמה נדב,"Falafel, shawarma Nadav",no,"חיים עוזר 38, פתח תקווה, Israel","Khayim Ozer St 38, Petah Tikva, Israel",yes,dist=195m name=0.57 near+name
3232,verified,0.95,0.750,12,מקדונלד'ס,McDonald's,no,"נחלת יצחק 20, תל אביב, Israel","Nakhalat Yitskhak St 20, Tel Aviv-Yafo, 6744818, Israel",yes,dist=12m name=0.75 close-proximity
3233,no_match,0.2,,,סאסא ווארמה,,no,"הערבה 1, גבעת שמואל, Israel",,no,no-candidate
3234,flagged,0.4,0.875,25,לבל אפ גיימינג בר,Level Up Gaming Bar,no,"יד חרוצים 14, תל אביב, Israel",,no,dist=25m name=0.88 business=CLOSED_PERMANENTLY (non-operational)
3235,verified,0.95,0.700,0,טורק לחמג'ון,Turk Lahmajoun,no,"נחלת בנימין 77, תל אביב, Israel","Nahalat Binyamin St 77, Tel Aviv-Yafo, Israel",yes,dist=0m name=0.70 close-proximity
3236,verified,0.88,1.000,75,אווז 6,אווז 6,yes,"המלאכה 6, אזור תעשייה צפוני, לוד, Israel","HaMelacha St 6, Lod, Israel",yes,dist=75m name=1.00 near+name
3237,verified,0.95,1.000,54,פיצה כמעט חינם,פיצה כמעט חינם בני ברק,yes,"ז'בוטינסקי 12, פרדס כץ, בני ברק, Israel","Jabotinsky St 12, Bnei Brak, Israel",yes,dist=54m name=1.00 close-proximity
3238,no_match,0.2,0.000,1239,טוסי,2C,no,"דרך מנחם בגין 132, קניון עזריאלי, תל אביב, Israel",,no,dist=1239m name=0.00 no-match
3239,flagged,0.4,0.455,144,בהדונס חומוס,Bahadunas,no,"הרוקמים 26, חולון, Israel",,no,dist=144m name=0.45 business=CLOSED_PERMANENTLY (non-operational)
3240,flagged,0.4,1.000,9,קפה גרג,Cafe Greg,no,"רוטשילד 45, קניון G רוטשילד, ראשון לציון, Israel",,no,dist=9m name=1.00 business=CLOSED_PERMANENTLY (non-operational)
3241,no_match,0.2,0.800,3644,פנקינה,Pankina,no,"גורדון 39, דיזנגוף, תל אביב, Israel",,no,dist=3644m name=0.80 no-match
3242,verified,0.88,1.000,126,cofix,cofix,yes,"חיים עוזר 12, פתח תקווה, Israel","Khayim Ozer St 12, Petah Tikva, Israel",yes,dist=126m name=1.00 near+name
3243,no_match,0.2,0.050,403,שווארמת השף,Afek industrial park,no,"המלאכה 4, פארק תעשיות אפק, ראש העין, Israel",,no,dist=403m name=0.05 no-match
3244,verified,0.95,1.000,47,חומוס אליהו,חומוס אליהו שוהם,yes,"שד' עמק איילון 32, שוהם, Israel","Sderot Emek Ayalon 32, Shoham, Israel",yes,dist=47m name=1.00 close-proximity
