id,name,google_name,status,cloudinary_url,cloudinary_public_id,width,height,bytes,format,elapsed_ms,google_photo_name,google_photo_attribution,error
430,בנדורה,Bandura Ashdod,ok,https://res.cloudinary.com/dn7vbd6nn/image/upload/v1783344641/restaurants/google/restaurant_430_google_800.jpg,restaurants/google/restaurant_430_google_800,800,533,124067,jpg,4191,places/ChIJkf9mGsC8AhURgi7VH4Yt-1g/photos/AaVGc3lSPS3f36sE-4Dg6qdCJu4R3Z5s4wCCoMv23cqruWuoym5cHf6Fb1dYFK8xNQVMhbY56gkETIP3a6_jZEWnQ_e_glpTBlPTWr8_eBWpZOsybRWOv-EAcDuWTRxAjIkK1dBlCuUdaMEIA2itPK0tWX74hmH2ZLwVjR5aKLjRGcsNtRAorxnI7C-5aWeLAPK3t7DvUEDSNG807R0jj26P_TxPo3FY-pnl-Az5ED-bcg302HGwTRFWUKUlS5lkiV3mR2e5gH-z8JrS3FUv5o3Z7Mw4pl5jbFesFpOrM_nnn9Z6_2c13AY4mpSm81fKj69J5IRyggb-Bz-g6MvKNnC4u5zwC5uJbhAoaL5_7guRSYeTYHiqTtJWnD_lam2O_dgYbfnoExxriD4ctecllwFZWu7A3_7l-w2f9_YprDhV0is,אשדוד בתפריט,
554,קמפניה,Campania,ok,https://res.cloudinary.com/dn7vbd6nn/image/upload/v1783344644/restaurants/google/restaurant_554_google_800.jpg,restaurants/google/restaurant_554_google_800,800,600,109579,jpg,2111,places/ChIJo3YvTFC0AhURZcrzw6dDg30/photos/AaVGc3l7S5iJhCLaQfNikL2MeXZ2LoixydZ2k51FKxk_WCniRJr2TkqKFDl5lyc-fQoIoC1wuxo2_n_fit9QVmGf8VVuj0ZidmvzNt2FTbSGGFGt25-SIyJIKJoVYE2_IRx81v_72xIz19N5kpkJ6yuOQ0IG2yxyGp-ZgfN92Z4-ip_1tAwpgLQZdBAnESxkyf-z7-3jE7dP9H0Kv6UxiN9PjoBGjS5wUrg1jukCBtGXG-wTG6IkBhhncw27tSiZPe8aJHOLOQtgUokhAj1i6xfxn9KuTgAYicF2Zf-Rhl0zBpnl1lOifwhiuXLpE6TAJDsZw5SARKEUElJyRcmiWvscHKudqI1nzpka4y-kgGAl8_CxAzCwQCEoTY5IJHsgh17jjo7pWqekWdJK0GjT11rKCNKlPbxa6s-slpmF9x5cMrc,קמפניה,
571,פיקולינו,Piccolino,ok,https://res.cloudinary.com/dn7vbd6nn/image/upload/v1783344646/restaurants/google/restaurant_571_google_800.jpg,restaurants/google/restaurant_571_google_800,800,600,133140,jpg,2046,places/ChIJKQ2uz9YpAxURJIVY19exSrU/photos/AaVGc3lRER4bTKRSp9ml3WZ-0zTYU0RN0mw48T2b9wCM8PADKUqQ1zS3JexOuXSc-crew08jXUFMsNaWPc1AB-H6SpAgOfzJ6AHsumVJBVKw2KPh_yIIqjABBuZBBpUgtcUil_xFDcRIaYFdvYM9mAxmfIOjXKHidGQG5VjyaHrAUn6Bb38et3jlkzMXuYd51AwbI31LTDiBurAoe4lNHA-MnkT0IIBxY4zuTXGC1ZmQj_DyWFHOHVPx1PRQcGXfK_2SUM4orfp36GqsWREeNHGQ_KI6CMX8cwxcLI3YsIJXo2kONmDgeAhLpUwuC3HzuNO8KwsREEXJmfDYql2TVJ6l7ta-k_NK6O-qaOuPwYL44KlFUW7FXX7bi3NAT5cwZmVp6Egab5bwOK3xXgLrbSSCGzRuqXyzC6dWQWB5dU727omHqrns,Anat ענת Foghel. פוגל,
572,גרג קיטשן רמות,גרג קיטשן רמות,ok,https://res.cloudinary.com/dn7vbd6nn/image/upload/v1783344648/restaurants/google/restaurant_572_google_800.jpg,restaurants/google/restaurant_572_google_800,800,534,176040,jpg,1941,places/ChIJF-mQ8kvXAhUR5tKcclrLNyk/photos/AaVGc3mSWMvxyaKf-UXwu8DF-S1woQptktfqhbCB_K-DNI6PU-u4wXKknEe3--ZfbClGkAqKfsOc79hRcxRVGmwfl6MI26s5JsWQY7GRHD0PRUta6ceLLWtqPBKS3lnZBn1t_FKomPlmGlbzgt7F5Bxqe9Uqfg2UgX7x9OQLfj4iN477EY30kMS9QRZV-0M_jGbBxTGTcAjD61D_QFTJ1Nj8bL4YxagqfCMtaSb7Y7ViCtqA9JfoVF-DzyuNikbpa11rehFfxizB0jiPx4i7o_0IVJ2UVHQWt6N_urg1PCcetnoS9hJ0SN4tU5p0DiWd0RrB_9NlM265cdJvq5qsZ_rIc7H7QmTMhjuFlgqpYXo3cBDkZ8EFm0ezr2BP1yxwj-sORL9qIqahP7rwhagGW7CZ-DmT_j6CyVfRc7XXwMwnbAMFbW0,גרג קיטשן רמות,
574,אנטריקוט,Entrecote,ok,https://res.cloudinary.com/dn7vbd6nn/image/upload/v1783344649/restaurants/google/restaurant_574_google_800.jpg,restaurants/google/restaurant_574_google_800,800,534,123152,jpg,2302,places/ChIJpSjhfx7WAhURcmoT40Lr1nk/photos/AaVGc3l_Kicj4kz_X3Hss4mGDPt4QG7159ML1Eb7Yz7oIG_jRLQcSv9x3C6TY23BaQaqHmC1KKbDtPGSwyCzhtCoAnlWye1BVkCcNQKzejzZlGEmin5o5VEMwavNtBX4Mt7nC6xOfuP8wTKtGToLpR3UoYera00811jQSiO0d1J152XamvGmS4-jt87Ca_FcAi56S53wke3xPZg-gslyZJi8wzkedkfAznWotmPYhJ7NzH2nIHn6eOlxX1l4DorMlOPCa8ubixuHSPgasPANDRgukHKpQ-Kr1qMjR0gz1Cu5gEYt2Zz4ZQrefXr5HxTGV1PUNgBJ-R9YqpJuqQ6KJXx9XaYCj6Wppej3HlWsJj2VcxfNXSLP3IgHR2JknaIwfy4cc0K31C72SlK5nb_MRZQ6s9OmcsqRgIT4tJ_Bnrbj9lKT719G,Yossi Schwartz,
585,מהדרין על האש,סנדביץ בר מהדרין,ok,https://res.cloudinary.com/dn7vbd6nn/image/upload/v1783344652/restaurants/google/restaurant_585_google_800.jpg,restaurants/google/restaurant_585_google_800,800,1067,202995,jpg,2298,places/ChIJDZHZjqxqHRURRqn80kmQ2LQ/photos/AaVGc3kJrok0xAR9Np5wFJAXOSZpoStDX-TMJabvxRMj4gcqupAx3MaAiQVTv_Iigwgb6_ppkTbo8xXvsOVHohCg8lPaHDsvj42RoM6RXVPMAy1xZW92umn6IrF49RhsIhKqCMbLRQZB1UuK84HBEMBZ4m4OZB5ruQcWNqg3hOMP2RllzfE9I2S9yp2ypJOlIHT8AYVeDi5gPVAoZI6e4RvS7EisgnmRQsv1gV9LUM2SrG3mqUOU3bcgDhfWMtr6pFa1WCeOsrC4GRK5E9636NBfNCZWBNjBKRRkwyiUC1XdCvA5CIOwPQY1gq3klCCpHqyfJpoEF5ibOc6NLnVlrinXjlY4ynMiSoREMgdQMDJDujuLc5PBC6T1OocctvDxm9qyNHRUwlKEupDUXpZevIr2OZZEssga9YYYp-atMQEIuhFeaRNrV68jU18iUwbPoQ,סנדביץ בר מהדרין,
590,קפה לנדוור,Landwer Café לנדוור,ok,https://res.cloudinary.com/dn7vbd6nn/image/upload/v1783344654/restaurants/google/restaurant_590_google_800.jpg,restaurants/google/restaurant_590_google_800,800,384,122357,jpg,1841,places/ChIJWbNe6_M_HRURHTVzb0PsuH8/photos/AaVGc3lNkcQPUq00SQToBrGilhoqcygmQtLZ_lvE3ibR0liasNOuOvHZ-twl-Fuj_KhNHtdjKbR9q1fVjNMv0dfy3sbVkpgmqOyPl_Jtgd3MyE0m5oYaquVN6kpBvRU56Dj-3Vu864tNREEgspp0ZsfWWZ-iA-OK2911UGjwHIev81NxJNebfkCl6PibzWjqsOCdJKp4WRQcAEYRp-Y29-mtizpgqRDb7fBScBjegV5KOfZLhQiil2p4pu7ncOSyUKEmeU3HTl4Y0GxzN2liSYpwSMo9EE2FQFBQcV4Fmy_RLVL6yIg118C6Cc7u8nS4_GF0g-ej_fWgjqPiEe1oH7zVbEXWm6itPsmeCl5uepcm9ronyTwopaAWWkOxAOOKpbITDwXp0d8NrasYhzlKf1O2LJbhEWUOHE0RuDx5DaYdHEaQXDD_,Sagi Sh,
592,פיצה סלסה,Pizza Salsa,ok,https://res.cloudinary.com/dn7vbd6nn/image/upload/v1783344658/restaurants/google/restaurant_592_google_800.png,restaurants/google/restaurant_592_google_800,800,450,475532,png,3799,places/ChIJ86wRVqhqHRURyLTsLMFEukY/photos/AaVGc3l_cJxN9Zvzmia0VanP5cgKrZmXmnRHcnDbXIYoLQ017z6H1yh8YS_v3YQpD5ylNWFx1uBgNnjnGrSyVdxLH4geR-7imToxozpYVJl1IbRdAtZ1-RDrSud3XB2M75rRiChFExmDiP12EfL88MSDWNV7EIgijtXCRKro6AKj0gbleTneT1NHilReAKG1l845dR4VgHjvFSknfcQbnP4CaNKOBz3jTqNh5SyIB4xziOa-ipWwrGKlpAAQedq_fWYlCFmAwEGnZ_ohg_rGeX3Hv1troM8kHfr8LHzVea7KSJpJmX0fiafikitHVlmIOhDpKNd79ARz1oHCld3qOZgiLW9Hjc8YbU9lR4SMMKXv_kfWr_TgATJhKlhsMalGrDGx1YtD38DuRR9vmgrblWNtycKhh7TPERhxE-SJ5LXSU2kuyj0,Pizza Salsa פיצה סלסה,
594,מסעדת אייסטורי,Ice Story,ok,https://res.cloudinary.com/dn7vbd6nn/image/upload/v1783344660/restaurants/google/restaurant_594_google_800.jpg,restaurants/google/restaurant_594_google_800,800,1067,170059,jpg,2339,places/ChIJTYCwxCPWAhURJfAXsdCAmeg/photos/AaVGc3nzK1V9-oKDijmLL1Ish-hzgXIIDTf4KCX9Ek_WTmvlFhOnWfjpTArYvoVrbYo5Ke4mlLe2aKJMgWov0_hLcEwH6auiYuKCvj6Man8JNuH3siLK34k-ggnoj-zC9hEysCY_RrNvfDUb60dqUJrvQSngh6f12ikQk22EJgj0CetVvYoppS6tz0qAgeERBTRc_5M-pNL_RBV12v6jEgsFvU9USQNhaAZBL3MikfvkaCpWk7OTBwHrNCv5grvf50AmY-APxKXgZE1q0MYlw6ahaqgeGQAjCVB1uZJO3AXSyGKoCmcTAWxt5ElSu-CNEP7v0EPH1nVngK10rD4hbCwX1YThWMfz-7X2RspmCwJk40bBbMSA97eY88yzI7eSrfitkdBTMovxsptFQuQymVWvQnmiT4tRSWpv4FJsTHno1ZYFxKlb,Ice Story,
1204,עלמא,עלמא,ok,https://res.cloudinary.com/dn7vbd6nn/image/upload/v1783344662/restaurants/google/restaurant_1204_google_800.jpg,restaurants/google/restaurant_1204_google_800,800,533,169396,jpg,1838,places/ChIJSUoqfmWiAhUR_Lq4ibu2OTk/photos/AaVGc3l3Jjz4bja8g9j4AAsatBdh9xtZ7nu4jbv9dHxLtaHA5Hh9r0eAIP7b_ZLiyWBQrIQTCJG35zUWNYKsu9ndunJIzEibkvw-yrwIBqdRTtlNI79vVlFp0co12hQsbrxTHstzO-PC5VVyvLqgGcRdevEEP82w2MryFya89YOyeYVwbB4bmRmTa14h14SNfXIMS_idSG-BwP5nCIrR-vYQryfVef23s9NFYpHbGwRRvKoqE0oha4i5LOXYeCxnPFtexhzmMBmfBhtY_4YmYbkYbAfHM4lckw3TKAW2IRNEhmWkmSponXBJTlklMX22FXCsA3oT8hMS3OAkGgbeTgdvCvc1rNqa5a0lR7tnSr_ibD55TdPWH31VBgUnQpP5ZDFgyfYJDB0OGf7JctTWYZaFXcg4BVU2TWq-b9QE3YE_V1hvxZyV,עלמא,
1205,מלודי,Melody,ok,https://res.cloudinary.com/dn7vbd6nn/image/upload/v1783344664/restaurants/google/restaurant_1205_google_800.jpg,restaurants/google/restaurant_1205_google_800,800,1067,209144,jpg,2180,places/ChIJs4_81GJxABURxX_hIOp99po/photos/AaVGc3lqd0gBEu5HRoZQ03ITdvvipk6vZW5a_aOFS_Aqry0IYAjXOzY7hdXXz_XLISef2PM3UJUce8vxH-gaPJIfLLzaU9EUPytSlYZlDIyjgNfZOb3ZMxWL8_wV0gDlXLoqbilmURNgyJTGfogWAc3fPTOaT2Ws8-SKeetLtwKe_On5tvDZz7kZu384X0iMtbTegCWD7Vh4oRSBG2B_q19-8IBpywS_yicyPwkAvwMng2XHqdBmGwysnfZI_-82tYDw6GMHp0mHrwUPeJgdCD3WxOt7iRFbEDkGrOjKulmrLdX_lWRQscOcXnKEiNxNKJkHOIjM4a6R3-5e24e0K43h8pi__rKrfbHinpHCicDhkIR4W_OeOBu-L2v3Oq3pqZ-aW18UO6WJgdRidceHOZ7Juo_1kxCZYfQBFnSuvxAntWMyL9B9,מלודי - מסעדה איטלקית כשרה באילת,
1210,שיפודי ציפורה,Zipporah skewers Badatz kosher,ok,https://res.cloudinary.com/dn7vbd6nn/image/upload/v1783344666/restaurants/google/restaurant_1210_google_800.jpg,restaurants/google/restaurant_1210_google_800,800,450,115376,jpg,1808,places/ChIJU97_uuRxABURJi90kq6EbkM/photos/AaVGc3nHBzW6xCVfmloOyoZbniYF0PiXu3Kb8an3dn1MMelzs6JdsKeg1WnEwykRMoRWrNhsVlPHXHVkRm0T2k_FLLrPVMmeTGFc7wUjayr3rSh6zLtOUK1jGCnGpL779QpMsNKNZmb3f2rgfN6JUMASlGdZf01NZ1D06pihcui0Oywx8EDcftBmg9Jd4TQNuXijNESZcAI_01HMijunQdYRHZSczno6ZpnNdymVkBdMe0Ebv6v9RGAtr-17ozWRPzW43QZzOquxuDG0PmjxatAbEErQJKKO5TjeiRAPNDs8022hh3J0eSkLIgqoOVaXtl8eUO9IDw41tYUKmkuC8A7YwqLcOHdXzUUEe4FHAuuaCKHDUVicBSLGfRNko-MSEdSSAdw3Gy1AHDNg6HUlYzJtgQWXOT1A8B6gjkYiObvqERIVZCWS,Meir R,
1252,רשת עגול שדרות,רשת עגול סניף שדרות,ok,https://res.cloudinary.com/dn7vbd6nn/image/upload/v1783344667/restaurants/google/restaurant_1252_google_800.jpg,restaurants/google/restaurant_1252_google_800,800,534,63487,jpg,1430,places/ChIJCaHPTJaBAhURwoAFokkqTjY/photos/AaVGc3lAPy2XERLLQmIZngw449QAROQ2kK_T-B3_x1qPhXWNlnpR5MRdI5XP9ajbJiDW9kOre_H1dFQblB4cKq_oQlhCsAW0KyhW-ebPqIHt1fWdPayxm_LxGkRglxDQ49EcKtqxcOxbU-WY0vcT5GWQIK9Tuh7UybcZyDlpAW8y-gt3RlpRKX4NCWkdhsZ742LYNS3erH9B7PQaSZ2WFZ_CWwcLShvqyJ4q0Uo_IaHPFGcjD7IEMiFJ31ry8oP2I6PTlt2g3lwg53zVrF9R3f2u5O776Q_t63CyRor_sEgOWuBVzUc2JVL3pZsqYa7Ea-szL42YHSmpL5QqbEwL2zQjFN30flX7d1En8Vjf_HLlLvVkvdz_chdfA2s4FpcoVSOzIP6LLBUP5cCcVBQjiGgb6Rh3oWq3o6MFrP1z9ndkZ1PDrU5p,רשת עגול סניף שדרות,
1254,ביגה,ביגה אשקלון,ok,https://res.cloudinary.com/dn7vbd6nn/image/upload/v1783344669/restaurants/google/restaurant_1254_google_800.jpg,restaurants/google/restaurant_1254_google_800,800,450,101047,jpg,2035,places/ChIJIwYrnrycAhUR0BBQ4ZB6fOs/photos/AaVGc3lOwdQ0UaIrWb2Q4z_COV5laB_zyhqVpuoHob4hCBCacBKZ2r-FN-j2FC8pgSVRHRpdua90rrbsJEdIwJLsdhVXC9_Ac1FCH7pRW8dtrRVbgIT7pm4Fi_JwBpzW7lCms_NTGyvrM4stuYDAF6R72LPHQlMxJTw7w7cBmzHAxeagYPBIWcWMxenT4TVodDxge9F4QiJmXlUgw5GhWqS-DhXuz4AA0BvOP8loIWAdVLWO4vh4vGeMmy6OYtphpyQBvPhOKKFwfzJYwjed0giCC3NTY-15TOfdnMf8YYrvo0qZiEniFpKEqIfj-5nJXJRQreaoNfCb8Y_FewMq8NfKWAcvb0MfiOP1g6n--pQcZSGYklpBUqJrZw1_evmCs3-1WyhOir4K1A6CFquzHbfuvXoYeW3bmMHo6EOI2F-nDlGg-Dsr,Shaul Atiya,
1265,‎מאיליס פאשן קייקס Maili's Fashion Cakes,Maili's - Fashion Cakes,ok,https://res.cloudinary.com/dn7vbd6nn/image/upload/v1783344671/restaurants/google/restaurant_1265_google_800.jpg,restaurants/google/restaurant_1265_google_800,800,886,180175,jpg,1849,places/ChIJg8whSnKdAhURKGRrK0Ojjfk/photos/AaVGc3ny3FWlP6J-m_IbW4TukaykKn8OBZAWkLlfIYrR9xeqJ8DWfi6YTyt0jF37NYxSs26q2jHvto6BQ-jwHcPgaT3q_am57xvuOYDKBJmbEFbPR5p9ssh-fPAXQ9HmaDhbqbnHO6YLv3mrxjxcZu9zJSMducT2R7OaDLV2rm7arhwGz7yNWii_I7lH23vdl1WP0nsyA7TiL8j9e298MAuqm3Uu9UdhZPgFfa6ncFo-_t5dGew8SEY1CewT9L8uwJ9E9EfdLdvccKACMYodhoBQY5iE2jrrEouDrJ98CR1kSMLfDar5Uxjkq--Qe4IXIoYt7H0BKRbsroUPjLjgfPDP-c7ZLH_TStArgtUigdlA9U1mfsxP3qVrZMECx078pd6YObQpVyHCkKHSE4YJBl4cw1Tq_TXRdzEyKscMnt7S2WE,Maili's מאיליס בר מסעדה,
1283,המטעמים של סילביה,המטעמים של סילביה,ok,https://res.cloudinary.com/dn7vbd6nn/image/upload/v1783344673/restaurants/google/restaurant_1283_google_800.jpg,restaurants/google/restaurant_1283_google_800,800,450,168040,jpg,2045,places/ChIJ45N9O6qGAhURLTNTngDEJ98/photos/AaVGc3nhpb9X7DPsYotvocSzb2DNrVpYFmMuo5IBGLV7We4FHhO02rMYkFvzsftoc2AgfSvwxo-3M77IWJOiTyKDzzqeEYp_OMtpaPxTj45V1cLwJOcWYS_zCosoMbM4Zf8fziOjYDjchz8FJLOz8K_VW-f99bzIxZ6kTahcr8P7IInOxU5qmNFJu60lJg7L3m05fR6IKjjDKE1zu3ImFIuwskha0d3hPy8Fi8UlVOi_y3mBCW4RPCKH0mTDFdNGvB1w2SHkZSkwgiQjBkJ9q49ZV4IAt-rC4rEObmyYEFCmM4aMywBZxdhTxv6iGa4qhr2DBi6NgQ6NoBQ3KJzNuLaLiC-afVsZsL91xwFmaktFeOEzlCHX2hWyw0PlJmCFcl4JsdZSWEojdk6F_-n3kXpO7ByOU7t_8rlzQvruj9bZBvH4RGPv,עוז דלתות מעוצבות ירושלים,
1290,קפה עלית-אספרסו בר,Aroma Espresso Bar ארומה אספרסו בר,ok,https://res.cloudinary.com/dn7vbd6nn/image/upload/v1783344676/restaurants/google/restaurant_1290_google_800.jpg,restaurants/google/restaurant_1290_google_800,706,434,300320,jpg,2455,places/ChIJ-_MkzbS7HRURG-Bi-_sXUCI/photos/AaVGc3nD0tVo5IGPFpiDCxn8aCRTLI5MgnZ6h4poD7a_ac6TS5G005NB7YZ0w869f0y02sRHB5gGjvFT6DU4oiAVD5ZRMm6QcLgIGIOoTIW4dS6EFwsI9XoVDVyEIt2FNajddQdQGN5cJ8mC-tXsM120BcHeO4Q4rR6TYV98mdYCP1wVX5RrBBCcPZ971zJL7nm91a6F1lK6UOUEetPI1hfvW1WZ9qT4lwlOmXAf5ao3A9aYlnSUbpPkAPPT835_V2Gwle-W2C6nDzNetAaxiox27_W4ySgNLASJ7Kv1iuBWAYFMtGi_7dc9t1axDgomApCaQMEVbVrAsokc5dzDEDkQr4UsEqt2X9zVeEbas1rdRrWURbfQD8DfF-wVB1roU3T56gGUyrrY-mECqgsZqcuS56QKKe0zTB73k-Spwcd8UENTsw,Aroma Espresso Bar ארומה אספרסו בר,
1300,פיצה לוצה,פיצה לוצה,ok,https://res.cloudinary.com/dn7vbd6nn/image/upload/v1783344678/restaurants/google/restaurant_1300_google_800.jpg,restaurants/google/restaurant_1300_google_800,800,534,170900,jpg,2034,places/ChIJHzmSRJ3t_RQRZhhgegsEsiQ/photos/AaVGc3n3WElvAMuyDRcHYxZB8dc_nnCNJ-0TFI6reGLrYPiYCRaM8G9UIj5mwnBdXOOngZYHe0HWCdY7PiMdN4dldK0zRV1nbA0qdpI8gZcLKfgIKGtaSh1UCzmP1BeFhnOy_ccrUAAg1TiNtJrIx0DHXjb32OVM1NM4lJMkiaoCBeM3ZC9bCiQJXicOWYMfSrr9v2s3XHrEvl23UTH4v4OtAaa2Pbve4pS_5rJNPHVhac5kPsTlbOk07tkTI0pfQlmz18egKHTJyt3SgYOCepbECe29tTTI1B03ZKkKowQxOX4eERSPHArZRmaSggXm3EBuW-UMkmzEcZXaPZ-Ak0X-_TA_B77bA1fpbn9rRPJtm_MoB-FntRF13i5XTIo0KKpN4yljLLPmaUi21wd4L9hoLLaRno-ca7qbOIpJk69GyQU_6Q,פיצה לוצה,
1303,גרין פלאפל,גרין פלאפל,ok,https://res.cloudinary.com/dn7vbd6nn/image/upload/v1783344680/restaurants/google/restaurant_1303_google_800.jpg,restaurants/google/restaurant_1303_google_800,465,312,31491,jpg,1751,places/ChIJJ--feVCiAhURu4lYTWM2Ts8/photos/AaVGc3lWbB-pUwpHWKWx45E2mBu67AwhUSLr51pdx-QENtoVNO6tkZSyQRGnUAVDOz2j8sUwocLRhJJOt3m4r4u1FrehtCC5IHl-iPm-f8RsOPWTL1903dtWomhYyNSMWCbti23il29DjyMWhgH5mtAJ9PQBfsNhpBn4bGioJPx3QdG226fiBbLxxN8JjYIgppg4ZDnxYaz9XIUb9zDKJU5Qvgd_O4Vc67BGtxTl32_IH6er5DAnmRMDpwHBHlvH5P0bmu_NHF3wl2AGHGs5D-E7Ue2ZG18v1wiqy76OOKSv0j0jiZYkEq0v_cMIj1CGIRPLmMlAlKn07C-A5ssnspKUIgm4LNYV6LM_FCg-3pMYHIiWnycoCE46EYvUSebT042fl0x4XrUTrGF2zMO-NDkrt5z4xthO7llmxyPjX4c8LkCtmw,דניאל אוזן,
1306,דיינר 24,דיינר 24 - Diner 24,ok,https://res.cloudinary.com/dn7vbd6nn/image/upload/v1783344682/restaurants/google/restaurant_1306_google_800.jpg,restaurants/google/restaurant_1306_google_800,800,600,131050,jpg,2462,places/ChIJ0TvBYhNGAhURAa3zQLrl83A/photos/AaVGc3nlXcCXRGfeZ87nze3ZT-WFxtOQ62LIa3RsT6xQw3BNofeeHHeLyW-7VIUgT7nMRxhN222HECbf9uVA5KJLEtZAW7hpkd3GVO7yx2sbTJFKbCeJlKE-iQxZ-t-mwe7utD8gGCEKGQ8oJg_CKz_UjgUIjf0iPpTxoIWhHJUBidKScpN0kjzMcisZ-A2rt-PI2WiuX5KEFK3XuiDEorYdqiQFqUDKL9LCY0hj6WKm5DOr9mN4sFbj7ksjyu6t6Dm5SLQR9XVnc-xlLQMyavQZIDwneXppJdVmK8ihvhhOBOPaa04WsALxAjF8f_jvo2qgk5HXo1HgAECu45XsJfzmtZcpXZl3-ptB5rKtMSpV6k2HakKzIWM0tmSCuGgFFK1YF3hte2j4FSpE_JcK7uW6DGNEASPXqRux3TYiKxxit7Jwtv5v,Alon Costo,
1313,פיצה סופיה,Sofia Pizza,ok,https://res.cloudinary.com/dn7vbd6nn/image/upload/v1783344684/restaurants/google/restaurant_1313_google_800.jpg,restaurants/google/restaurant_1313_google_800,800,533,82199,jpg,1561,places/ChIJK8EDuaPtAhURTqs6e86KUBs/photos/AaVGc3nGSv6Dkf7_8fucV0-oUBzpGgFf6NXWjP_KC4jemo7sa1G0y1bs285wyF_Ou9hm-IqL41uVXg3ETkMGadf4fXIFkiRfj_plHx5o3xRMh3RZKMr3W60_CbKg-joF0jA_p2OqRVF3H6jXEYURLfsMp8illoOnWFvsrmMzRnmAZUyHLiIZwpTXbvA2sfITnqVBpoHESXkCe1GNLt5pEo7AAbyUCMTb7fCcaFPqpAF2QhxJDR0EUlvLVNME2gd7hFljlwY2i9GvQGKrzllzOw5Vlna5iZ-hH7BU7BcqN0Xb-FIYHVTH0KBDoqu3BudXELwNBTseDdoUS4ByOjRjukB6rohHJ3Y24Mc419C6IA2mlW06UiozwVziFibqNuc1H8fmjm1xf_WOXIISf4PHXf4UGmkM2KzJkLPGXW01oMHf72-Hyw,Sofia Pizza,
1324,סומבררו,סומבררו,ok,https://res.cloudinary.com/dn7vbd6nn/image/upload/v1783344685/restaurants/google/restaurant_1324_google_800.jpg,restaurants/google/restaurant_1324_google_800,800,534,174364,jpg,1801,places/ChIJ5_ueySE_AhURoOZIBsES4dc/photos/AaVGc3mONcIhSEiy9kuEUSFKDVmiIfXyeV4n9m0xICKbWe9NPTy9WigkYKyAzpX2aw6HBu53vZ-zBYDeJcT4uTrDd5IWgOaRaPGdJm0KvPXP83pUhog0RaDYZZdhL4pSwhZZnFi7gkq6pNLs1gZOTNuxlCYSfXrJhP_w_HphznFvz9HhjSp0GiD7fh5eWQfYohrVCeY2ix4UTo8DMI2ahkZfvEAPU-E2HShUBR0CYN2BJDoAguXhj2X_cmrYTgryxSclB8BVtxYhJstiKOH53jFT7xaNicwoIkj9SLrEHrZxfnWctb2SVnITQAg865QUD8G-0jHqlCshuyYChEjpopR3AGu7xEiM8msZ-RiT_BrQyhhCMNuvmaeeI339m7fIxo8JP4WA61nk6071V5l86At6EAM2NBErZn1Z5iH2F00YaGc,Yaniv Berman,
1337,קפה קפה,Coffee Coffee,ok,https://res.cloudinary.com/dn7vbd6nn/image/upload/v1783344687/restaurants/google/restaurant_1337_google_800.jpg,restaurants/google/restaurant_1337_google_800,800,600,147236,jpg,1737,places/ChIJmd5vb9h9AhURsWlb5XkAfx0/photos/AaVGc3l6SI9mjy16APTmhIKQs7vxVKLqWySy2gsR6oO8i26nGRK0Cd1hLD-pI_kfn1LQWdzTiNIsWtCSywGBhfzwznHv_khokyBUhEuG0A8du_OzLU7AXmXalO7rHiPxVcZWny1YQTbOoQjxrFtDN8s4c5tGOWZ6NEKwUQGr_O8B2YVmf7L1Djc78IKnlAdzpLDEF4E2rxwRIGM-aV_inc0aCOYl8VVGDVmiYj79VTdNI5DMN6CNW_c_pz13uJLGOl6fa9DhGPwRNrpXhl7qmY8yE0MUqGTp3XURLobmK5XGfCcDZXMLVMB7wuwMm3SHvaI9MS9-PgTdq7mmpUWHb8BEUCYSR87GOLtx3oMz_ot6zvLrcMjLnwyBT2mfRqeGOan_RM_55bshYxXQVEzXwuIBYZiohOPHVS9tC60PdgL0_bdgzg,קפה קפה נתיבות,
1343,גלידה מרג'לטו,גלידה מרג'לטו Gelateria Margelato,ok,https://res.cloudinary.com/dn7vbd6nn/image/upload/v1783344689/restaurants/google/restaurant_1343_google_800.jpg,restaurants/google/restaurant_1343_google_800,800,1069,202434,jpg,2044,places/ChIJV-5b-v1lAhURdQOQOsraopQ/photos/AaVGc3kf9gmoGkKhE3eqCDM5DPlDJ4Q9s6OgUXTBpJyRRem7hIH7sfpe0HslIc-2q51dGz_updwa5o6sbGAaK-PY8eolc0q2EIBc0IOQNrUGshj8NSvh-D5LfVttTe7AXOYlwHXdXeUPN2SlljUwOLT6fYrGA2nUZEttNv_t3cwFXegCRXHdmVqbLon2ORlj1AG5EDkA_VknVzIGOAOLhGUHn6pKRL_mjhNxMpXH_AzHhoOy4qXdW1ZjwAIRE_5Tl8duG4yGh8UTPH5UGM1P0pIawAIlMIF4QHdDIUso6r-PhueC0c6n8AmVa9V18qBo8qfQTe4OdAWmgi8f0ECL-IHY6P0wBvl_Sje18eIEzljji97E_fOfnNqiZSa8F5v7Is-I5aopBNjP7cMj39zreIkf-Su3OXJpI6o4J5ZS5ZNc6teJrg,אילנה גבע,
1354,קנזס בורגר&סלט בהרכבה באר שבע,קנזס בורגר בר,ok,https://res.cloudinary.com/dn7vbd6nn/image/upload/v1783344691/restaurants/google/restaurant_1354_google_800.jpg,restaurants/google/restaurant_1354_google_800,800,534,162777,jpg,2148,places/ChIJ4TlMEOFnAhURLEx6jJ4nGxo/photos/AaVGc3lHWwxsnlaCk1I8ShvYuRMl72tKeTFjPNRWf4xb3crSMF21K-rXCpGfqLKd1CcfUfooDEpTBUx3qTpiow4ENVyIsW6ZE1F7QeNk-gRXFo8putfDTmdRROLRdrxWmT_f7GVI_V_OlsU-BhnJ7TXjgfQe_0kiZGiftHqTWDNYM31bWPweW-TeE9Xvwn_PMNRJGhP_AzbEl8gv65Ma6OE6x8FU5ty-F_RdwfmSqiIjVulrjJ7S9QofRns9fAnCJ3JzdOUjzbXG7Pr9EJjYC47wyM-iVUdfyx7fbWnssZ7LnZQqcodI9VGlQMVXhimC5Rd3-T-VYd6_FDGsNfIw5GlIYFG_kGIUMJtaIDQcurEFSMGYy5jQLnIZF4e0BMfkDVE98tFcKHQbqJ7DUCXFap3wqDvK8KEfOajG0emypyJLTi0Wzw,Thalia Talia,
1358,פיצה איטלינו,Pizza Italiano,ok,https://res.cloudinary.com/dn7vbd6nn/image/upload/v1783344693/restaurants/google/restaurant_1358_google_800.jpg,restaurants/google/restaurant_1358_google_800,800,600,160963,jpg,1741,places/ChIJ7ahgxT6cAhURWPqeqzBFdxc/photos/AaVGc3mQA7B9hHIv5W7RDDTW1rJmsyyKCr6OEx-cH4vakxd6AS-zH8AYi7Pe0vDY8nRUQRthd3XPwr6uJXjtbm1HJmJ7gUk8Gkw-ETED6PH72p7f66e_kHLikJLdrWP330cXAbUgQAmkGfa7w-RFKyCy_Q02g422q1P74pjejgpbZ3LqojOVzYmi9J6x1HlzHEfhvm8C4WwaWUFV0wXkt6IEzXQCr9E4wcbqhWIOTJVLzYCwOwZAFKoIBr8fcV-B3z8Gm933vjQQkQu8kNRiYgQj2eOVMPCZEG1gSZVXmXtQ7tvieauxr14xnJSl-jQWgiF6TyVtrNAA4HoscUT5shMGfsEpDILylQFkQrj8E998LBp7oSoXcT_CT9hX-ThrvCJGLqPCZ9HHZBJhkyfm5H0weOTWWFfR_rjs7zykDnkMWGV-pL6A,Buffycomics,
1362,טוסט ביף,טוסט ביף,ok,https://res.cloudinary.com/dn7vbd6nn/image/upload/v1783344695/restaurants/google/restaurant_1362_google_800.jpg,restaurants/google/restaurant_1362_google_800,800,1422,170283,jpg,1840,places/ChIJows1pOVHAhUR-I4he17bAzs/photos/AaVGc3kRX1Xf0RTN5VbjGQeTgv-ZN2gYRDcNdO88-iTMq3oQOJP05sn2kk37c_cBNkNL5IgkvVdsAGyLUlMeUnw6CVs0eGWbIKSCBV6gBhlL0aPGRFSm7avlM2yosRSbcRQfWv7oUxQGokiMU9omr8n6GUfUL_ksE7Tw0Uher50kCz3vUb-sf0kxKA53yOV5gNY_3mKHD2eY1KjLxgcyvF022Z5L-BpcvU9EVkQUVANoYi2vAsVojaeCbRewaQN9qffU6sft0-JlQ4cGgEGODqSpd1Cbn3QCAakILxGJSd5iTR2mldq8cMayaSIvl06R9hHSm1vXT7LEmFUXemV3PWkG3dgBgRdaAiocL5Ktu7F8bGLqQEfVcRi84HShRnWJu71y09WAeQN8PhfCvSIOUyXnWg9-E_Kvdukma21sBHWYyFlCHQ,yuval ivgi,
1364,הריף,הריף,ok,https://res.cloudinary.com/dn7vbd6nn/image/upload/v1783344697/restaurants/google/restaurant_1364_google_800.jpg,restaurants/google/restaurant_1364_google_800,800,1067,266524,jpg,2096,places/ChIJz44b4n-jAhURziZdzlIqdjc/photos/AaVGc3nI23XB1MYpaKIVA2WhsyL8eUQPEQrnDb1seWQqcOnEf7rfTwn92_qBEf6f27IVOkRsaYL5D4fZdzre65BAtomIrcWl7C76uiDMVs9hRhoyQRSrwTd6UNK0_iHT2z5ra6P0dLMR2RYKRyBa_j-0v_iWxlI28rPrLTgbZRBnwNgJarg4Sq8IAiJo4hspBozdeQgMV1_JeaWP-kqbMvuCBudwA4ER1lhfT7rLFmFdkYCMU4DhnYNV54gMHdP-bSI0dYmcZJ-5TgFJUFzZDC4Ttp1EI5GRVx5WJFdW7Y-0cJU3D1YkvYs3Rb1qhCu_jJf-f1DbUZn2hIUP6BR-4U2m3zMWyV2_0KfLf5omaJ39nUBQh-pGVxWurdHIVejBJ7ohJQ8GpIWEOg2jhBEGlPnsTiMB5uQhP8kGCV5N1qnVsOIy_O4W,הריף,
1366,בונה פיצה,בונה פיצה,ok,https://res.cloudinary.com/dn7vbd6nn/image/upload/v1783344699/restaurants/google/restaurant_1366_google_800.jpg,restaurants/google/restaurant_1366_google_800,800,600,171763,jpg,1994,places/ChIJ4ThIVPCiAhURjxl6v-io0ps/photos/AaVGc3logXsR2kvsEkTIkPTfBxcjjmD4-M11din7GbgM_0oz4lkd49ElN-2uaMlPk_WY5XBHzdmIBMChvPH01G0R0uyq2xqZhs_rynzafL1qxq85wjcFVP7pIPTJupEsC7SJs3ms6f1weGG7r4OVppDRCZwZebRejjY2zXrjYlVr50CVtGBymC-N2tlGnSQxJauqF5Op4n_9YsFTtuvtB08Ni2MULrM-SjE0KrsX26gilNcGSDN4g73Y0RwMh2v07jdxzNsa1M6ucrmbvdMb7ZLE5fUk1ck_wyhCuxw6ldDy0GQ_KCK28v8Y72nP5g5erfe_-Gn_C80tor3JTIhmBUMfKdb-NgfEtfgCCsMiHjyCIubCcj9LPIWwbgjdhyCSsn_11mJCTSMqGX6e-FWygDOzXPyHyZXDSumQV7yW9PO9lmcG_Q,Maor Maman,
1378,המבורגיניס,Hamboorginis,ok,https://res.cloudinary.com/dn7vbd6nn/image/upload/v1783344701/restaurants/google/restaurant_1378_google_800.jpg,restaurants/google/restaurant_1378_google_800,800,600,134098,jpg,2045,places/ChIJz4wAYf9xABURvR19gSWL_tk/photos/AaVGc3m8-oFQufbwquK41rRfbLxkbAuODrmL1bG-KhPmvyH4WwYxKRtU-iF8fMff7TA3-V63dscbGOCJO6o0R02403B19J3I9w5PQWAb9KS5520UJfYQ243EmDvZidTLCufw_IYg3dwA6e7XSIU5u3X5KSxutrhEyYA346MEicYHHCggJvKWjXLjF9TioWzMLaM4G658TtPmq7ie7NEsFFp4vxKxQN2jUUAzEE7q3DcorNlrQRWv7idrwl0uKqmGu7YCVRzETS5G6vQu6f4LHkXnGA2jFngiHu-nCNnh4XE54Kl9jYi5xWeYB7itCa_bNK4fUJxEhEL1b_HLyNMtZPtozcG7kV0j2wzotXFgetPtDID0MsPRQFBtDO6Eta4hyE1DRYJFiZmL808b3i7RheBNVJDcBR7ioi_P3amYqpUJY8bsgw,Eran Fixer,
1382,בר בארי אנטריקוט בר,בוטיק אנטריקוט,ok,https://res.cloudinary.com/dn7vbd6nn/image/upload/v1783344706/restaurants/google/restaurant_1382_google_800.png,restaurants/google/restaurant_1382_google_800,800,800,1145628,png,4911,places/ChIJlYs9_0tmAhURTXPTpD1lSgA/photos/AaVGc3lOP6ulC-5nCdVd89qQ9jYqTDDH5OhUqAdixlsZ5nXHMN4rTDi0IVCwR21wObtc58HKWCYf0reiNZ1YzbFOYEWkYi3nycbJ0MVcHoZm1N_ypOgQxqOIDwTJKhvSx0YkAyTbUo_y4x0kb1IJKRAa-4b1O37adVUJ9Rlieumc1x0HwzGQ-fkWzxVSPO6m5y_luhc7H222xMRFrVnSYjVcRXiv6J_7AO07YT9XHFlV1cEtG3rNylKlMq2eoUwpy3pSVTBQdkGrvZr3C0dEZsV4zIhQLPc6CDFnIHL7MxQFH5abvKoEh2StcBPuOozU4VdaxZ-J_HfcZRNMWmWPCFFPsDXUVomiAhmQ_9ffWBSbyJLs8D8rdL3M226O7hRti6mNHxJ2uRGhyRQ2ucvi__57Nzgbl5ZnAG7ctZXHMEJSE1E,בוטיק אנטריקוט,
1387,"הסנדק (רמב""ם), באר שבע",Sombrero Be'er sheva,ok,https://res.cloudinary.com/dn7vbd6nn/image/upload/v1783344709/restaurants/google/restaurant_1387_google_800.jpg,restaurants/google/restaurant_1387_google_800,800,1067,172395,jpg,3376,places/ChIJa5yDgw5mAhURFVR66mRC94s/photos/AaVGc3lQ4IYVW3ggkwPpLgQIw5SoDqVIX3Fdoms1PxA_ykHk7Ar1JjNIgXbhDQokssdnzBfSqUpzilsirUrAlmNjEDDI7Q_Qhql9tHRHJtQ7-R_9-ngKuRwS8lEW0KD-T3b8j20er8qOxUkVh8pb4xQZUaeVvr4uE3Id0VtQyGEsLhtwlRmip6dMDskLxpq7FkFxwkNwlWh0PuZ7jFy2lgiIkgSY0BNneBaDaclyf5CRml-iSWiksjy1QJTOHuOSOKEuAhRAPGtIId5MJFw9-DguSWLzXkYBTEaciSf8d-o9jc5kU-beeBT1-rNjO1lEJoRjdNv3L0Z4gj_ZXAWAgF33SMD-3MmIzigQkWV02WOeKfa2-XjaR9zdVeX4_uKsxU9pNi-I9csqT5No7vzq1ctJezI23t2SZMgmv-RK-BO4IIOO3jR-,הסנדק באר שבע,
1395,הסנדביץ של השף שגב,הבאגט של שגב,ok,https://res.cloudinary.com/dn7vbd6nn/image/upload/v1783344712/restaurants/google/restaurant_1395_google_800.jpg,restaurants/google/restaurant_1395_google_800,800,600,188421,jpg,2401,places/ChIJWSSWDhmRAhUR6dxi4a9yufw/photos/AaVGc3ksc6JDKJu7sF1huzF_NAooCSIj8whFEBtWm3W_ViCWIFt_yloKPkjMMj3KLSbhcrAjeOSaNfvccgDTt-jBQkj13z5-U0f2NgvA_5k1soVPJBTy6l1wNTh2sDNH8B5EUlIcLyOrxHj767Igj99hbZO8QAJAi_ayQ32KzdkKkUWEtENPKRXLELzx5OuVbxttxedvAdg7gTyi_1NxIfbxSOxCXQ2Hv3Yb91G5NbuIPMlrLcBECsBRtaQXFZtNeQHOWnLEIxEz2s7hWT4d7_YJJtn7TuoP01pfkMwurnuOKboa3EiWK39pOOZoKQ--IgfnhVmGYMWeq23E-_2ilEVKwrCUMb3stbq7Q4wlLw0hdrm4FpFxFksAkCoTGX-RAIzbyuaXdFpL6FCXFVWLgjsJs01wesKsV3zZseHjZQWmVwAPxiRU,ארז בן יהודה,
1404,Kings pizza,Kings Pizza,ok,https://res.cloudinary.com/dn7vbd6nn/image/upload/v1783344714/restaurants/google/restaurant_1404_google_800.jpg,restaurants/google/restaurant_1404_google_800,800,800,172285,jpg,2197,places/ChIJQ0h9IuhlAhURnsItqrafoM8/photos/AaVGc3kaIaiRIQJhIAtGakq9LzaUvFM5dJOKloHg3Ug45KH05T-4w1Q_WfSAAc44suKnDrZAISrGNhqRb4hWTE0xcZ6SlPpIuWdbQBaY_lTTFPtNFkRMFNG4s16mhIiaoAcm9B9mI4Slfy5MB45CwnrXpjo9ulbnDtA6bsSanGe2xNYmBzMfShZtSbRmfSOA8zurtCGdlUGwz7ltPstsiiUuyjJCzXARVrbjn5pAluDl0TbYGHssgEvKxSUCEGyVc1FDL2X71Bp6TTw76qhWM4rZAmXU70cOatg2NOnWKO66rvDsexV2L4htdV-lYRd8uT3yCnCWwnikv9wGyKwPjS0srdnNH_exfts4u77oUjaSVPe6Ts18-PJCq1q9Np5THhcZybNOPXud2haQyOu3ai-6XNss7DaQZFZM0jOiGizZT5grjD5C,DAVE (DaveHaMevaker),
1414,טוניס אורגינל,מסעדת טוניס אורגינל,ok,https://res.cloudinary.com/dn7vbd6nn/image/upload/v1783344716/restaurants/google/restaurant_1414_google_800.jpg,restaurants/google/restaurant_1414_google_800,800,450,86872,jpg,2044,places/ChIJxWyUD9l9AhURzz0Iwp9PLf0/photos/AaVGc3nmQcTZtEKSbMF4zTiFyE-EbtmMFWO1FtFvchaMPUzWsxHDfe1NyH7eAMzk1lQtLMl5aVfxf_7GHpAFLOgBp-YuNqA-VhBaLXAbdlRBD8NzNVOudBykz2u7cdSty6MOrFinMya3x8GANIMSTI9EatxT1CnStard1mYcnGhXcXodFIzMnrFkIR0BlyfxIZC1fiMxfJedFwr-TCX1DOBl66p0SHImHTDElLSK4Z_efS9yDoFn3hHtfASpbzTtqCWBlDJpFiQVsdC5NIfn2CkKqDsBluz3FOAIaezl6WKKYL1qqO961ALwbcftzJbn3eXYUq9WGvSaCNSFRWsYqEjTHrGaXw2dMN2QqiCd0U64Gtm6FZSghdnwDuh0eRRNh68JiJYwpAA-UXjeUtL-qYsiH6Zp-AbCiJLqrEHRKifl4iqH6Q,הרובוט The Robot Show,
1444,קמפאי סטריט ווק,Kampai Street Wok - קמפאי סטריט ווק,ok,https://res.cloudinary.com/dn7vbd6nn/image/upload/v1783344718/restaurants/google/restaurant_1444_google_800.jpg,restaurants/google/restaurant_1444_google_800,800,600,182822,jpg,1871,places/ChIJZSuPvsKiAhURclagi57IZW4/photos/AaVGc3ntok-Vd0SbGNy7dEaKRnhs95Mw6UXlrTfiqk-HqVPJY2E4HXfC6BIHO9FFq6pkt9_JQkCDmRHRII5w-jHrzl-1uhdVb7RDREnk03C1PBaXXQJjGuPYv6v4DTvE_dZvgukClA4a_BSIWbdUW6kckUr8ZGv9hTtLfA_EznknT6Ggs1s2-fVvagl0atVRCEbpwz2IqOUK4LMC49s0YPz-WmmapGPa6Vc2EGNvs9jz6uMXh8j-7oHYLYA5tIPFuVnaN8xQvmbTy4iC2VkDWp6VDLX6etiPJHvjWAM9eAQsBCwnnabko2CEuIVS7W05wp4OpjGyXTjtXyN4dT2JPS0cw685cudGZ4b_wDepGjHLypafF7PBpHwaDLmgmYhYW5S_nXpo8adqqmFQygrWKbmbCqO9nYa46IXDyTCSgLIAq5dtFywt,ישראל ש,
1461,תבשילי העמק,תבשילי העמק,ok,https://res.cloudinary.com/dn7vbd6nn/image/upload/v1783344720/restaurants/google/restaurant_1461_google_800.jpg,restaurants/google/restaurant_1461_google_800,800,1067,192310,jpg,2424,places/ChIJbSLYJylmAhUR0-gyHjgaidc/photos/AaVGc3nIikcvnt_C6H1cecKSf6BUXB6DcZdBD6RWkWE77RVrDmTX7FWvcndokTME5sKosm8aUCS1IZzVAP5qQW-nb3PbcA5PEnDnipappcWFswy2UFWuApvWY0Gy6OA_rdghPvwXxUjhT_28iESp56Tex1jjzFCBLKEfKIck-YpceWOIZBc6LT-sJiBeBKKzLnSqcBoN9ql2n63xOnZ71f9xWHryWDnQcdX032qGiGl0fyd1wkVYgy7NCaDZ-VT-Ca8u2lcbRNQFXmG4xR6HUTbgAdprrFZv5yGNaMltkZNEfmJ6ajoVkZ1s1_jZzSNSJIW94o5_2Hldi2BtaWp93l41T1voFfTzMfYVjDrkD2TVop8aFj1adf-9TY2RiaeF2wx_hlz90rL-Sb_BgRzmP5pOUQklEC93RHoAdHVTiJvLb3g6m7Px,Shuki Vigodney,
1474,מיטל,מיטל מטבח בריא,ok,https://res.cloudinary.com/dn7vbd6nn/image/upload/v1783344722/restaurants/google/restaurant_1474_google_800.jpg,restaurants/google/restaurant_1474_google_800,800,360,100061,jpg,1942,places/ChIJv0iMp1aBAhURhRHVRpbFPvk/photos/AaVGc3nvAV09qhcJADLeh-FKV5GuNR_4hu6iXVcqjzw0jIgQ9xsazK62MZH9mnxMYNbUt4o1XJvvhWu-eoMirmAWfK1FKMtxI2pe7sIOZNVK_2DQHolMMvsI-ilq4g9am0E4-Zjt5dh9hG8cSF8rcE-XhHI3PtyxkBvjcx_7Q37y-2nJypjBVskYlgEfrYvHwxrrRH0p-Z3kFAjuED_NRk6EngRoZf7urDHivkM_DaLdjGAoKgio8RmoxuTJZFTU3jgAQfJOVQ0nMmwUyKc8Vtrx5h-GrNKKy2VtthFHi_r4-7yLuGHNnG24cyTXz7dzUGeMJKemx_f-RHJw8mwyL2E-36IkREe60UvSw2raC6NIxuQCqFynb6iVh5Pt3KDxusAgn94XosauiRrdT3ribE6srXr_OO81XDJb6LLdjwe-I7NP5ond,שי סבח,
1475,פלאפל צנעני,פלאפל כרמי סטאר סנטר אשדוד,ok,https://res.cloudinary.com/dn7vbd6nn/image/upload/v1783344724/restaurants/google/restaurant_1475_google_800.jpg,restaurants/google/restaurant_1475_google_800,800,857,161036,jpg,2043,places/ChIJuVR62RKjAhURGIq5AAAptMw/photos/AaVGc3mUQb2BUqIUtxQHkRrTFFD779xi1iCX8faV_tBEOU-9UhMfnqGy3tiiR19hcQgfnZUiXzZH_bOEm0hFJa8_5JdXCZb-ILSy2YbaYT9KG4tFCXBjZCXGQPQPH2AvSnOSc63SoZsxeayDyOoS9NbnTJfFg01GM28Mhwu2J2HJjsAvqnSVJOjgvlAS6SQvn70JoA_gOi7x2F0qzFy92RHrvhGCNlp5SOWe_b6XdbeSEJxhd2RKV9itpnG3XocdrtbbEg2GA4peDR6BdilhJOX_pxEetaQbRjfbBz8N6q998hPpNV3mQ7nsL5mOChZhvpu6nmEd--3PaSfUD9NNVCsXWcXKTDpp0QqWQ7K8tiVpt1MTf_nmsaP-BNml79RUQjGGufjOdOP1lHeNB64L0t0qQ4sLbwfhz82NAacNthKUBy3tG5YWCMuMf6IgQuJO-Z4t,פלאפל כרמי סטאר סנטר אשדוד,
1482,צ'יף בורגר,צ'יף בורגר אילת - כשר למהדרין,ok,https://res.cloudinary.com/dn7vbd6nn/image/upload/v1783344726/restaurants/google/restaurant_1482_google_800.jpg,restaurants/google/restaurant_1482_google_800,800,532,181963,jpg,2231,places/ChIJV9Jkau5vABURWPd4y7BVE1w/photos/AaVGc3noaZmIve3a7ucYQpg4yrsst82edEMoL7zpYRx1ODgcI35ToBiEbhjwQm1hAuvwkC8rQynYkxA_sdqoChg0qyuTPdWgOZnR_DpJtbmtXv5tFyK9_P2xQCwZNQIMHJy1DQpBMGS_XqP6Gk5_qgSPJnAAPQFAPPdRno-sOTVBBibKWYtSwapW4W0n0_G_mZJhOr58-fm6JZn4Gmwc5Y3jbxowDtMXIhMb0CnmUXIqXljV6rr1kmQc-GSE8JsknHpgVf9gX0j_cUnj7fAtYk1eFO-WM6RzV0UmyjiFHpAqV5So3tSIqxSiNJrtpKYnCis_03pqTpL3rcM9EkfZg-HEcJZ6LLloO_7MwKbwsxO5s0XnzMq2itVvKWCtbibUjMNvaWNvx4xEQT_k2-IWdyDh1YS9dZvzJNCPN76Y5qb-wlEHvzs,צ'יף בורגר אילת - כשר למהדרין,
1505,שווארמת השמן,השמן,ok,https://res.cloudinary.com/dn7vbd6nn/image/upload/v1783344728/restaurants/google/restaurant_1505_google_800.jpg,restaurants/google/restaurant_1505_google_800,800,450,85897,jpg,1859,places/ChIJHUmGuhKjAhURPj0HgUygR08/photos/AaVGc3kabf45IqzjGZVgilg3aFvHyhnMN421adZeR2k8-sonoOtk4rICjcwACSJEq8bLClkoNo-SnIE9bed-bHUxiEv2ba_-FxMEZ5pgKtFwk_C15wOINqpw9QxR8FGs0RzpdssMfIWmTiMf_B4j2kNRPwUWNYSNIRjx7BxgUiNNTaglNy8ErCjoTFMWra992Zxe4XNhsK10T6SLJvTq52c3s_KxcgOd1nuqxibGtK0t9qFqhBRRAZpbuY4MFE1AQxIzw0e9flSoSz9BU9sWQlKbAguBdLyL2huSiN8o8bs9no0uJd8RpMrLfAbSo9YZaTgEJbdY5xJi5gtVfXAMzlYuWxHdt7LXUZzXK2gOQDmo1c4kAdfpChoLTVPEiuHwJTqapoRzLnwiXe3k9OgihK5WwomRjXwvPRVUXp5x6aD7NElhAE7w,Harel Glikser,
1509,טאץ' בורגר,טאצ׳ בורגר,ok,https://res.cloudinary.com/dn7vbd6nn/image/upload/v1783344730/restaurants/google/restaurant_1509_google_800.jpg,restaurants/google/restaurant_1509_google_800,800,450,105597,jpg,2381,places/ChIJY-aebN99AhURlgl8MBUcHbw/photos/AaVGc3lL5vXQcQao93Fx7m1kvpdZslE-nkJwEiBxDULWTc18fkgq27rHk0SLOEKsUVg-ms2TZ0rCQ0zu6imIvDojZNqX8GhrRU6oeaJyP-gCYQFx_Wev9MCblagv8ff0QH50IE6sxMY8Gu-PXbTwHp3LSzFAYJ9dpA5deuh2MxrB9mICkEgdEWP-4pl9hnddfAQSs9qMPUUY59UMyQRANjY97joN0sMJ9SxAselyuQwEmxtRg44tqKqTJ3TmQgLHg7E80CI-4mnk5ZuEetkMTTprrNzKfSayHryRRuD8nZGeNul0UHg9MUTZdq0Anurjcc9yI9RtiUUjuXDCPaGDK077V8WbUOl4tnsXD2E7Gl_8G4kgMB-YhN3Pxzs7t9QnySYKTUsOxGyTcL40JWzkz6g-UKIn9uLpdRS3wNk4RIs5R6eMCL8,טאצ׳ בורגר,
1510,פיצה פרגו,פרגו פיצה בבאר שבע,ok,https://res.cloudinary.com/dn7vbd6nn/image/upload/v1783344733/restaurants/google/restaurant_1510_google_800.jpg,restaurants/google/restaurant_1510_google_800,800,422,120632,jpg,1765,places/ChIJgzfRrY1vAhURDClNDpQgaDw/photos/AaVGc3lpWveT5yxmSkPt0xxSNhTnCAaC_nMINzapa1mGuDpDHl8g_oG1EUEFxy0w2ztkB7-54FeobanodChbTrpJfDThCNC_s8iZz47uMyJbb6LnxihXfG7_lBNtNN66t3OFGhdAhL47d6i0nqvmUjCwYsgsbxrsf2hzPYSNWTdIL4pFmSoexS8dl1UkPxXhn2hZaHdKwjUeEUz1V2fpzBcFb_QzF1pkLE4I8R2NAC2wH0lmB9JLXTMk30rBsRJkkBEIaG6tYf8P7v7xaLw3fA7tv1hPdqZ3zVGds93wSEL7YyGALWmPGaD-woU1tYACidWwZLkczPc3SbNOQtXnnHPpu9LdpcJAdmvDfVZ-heTDEPdXWYJbf6YQm7LlWE423LkX_IuVqNHbjf8GGA3nQijxD_FK7yESQiFhtoaRgJEGnWmJuQ,סהר עשור,
1523,סין צ'אן אשקלון,סין צ'אן אשקלון,ok,https://res.cloudinary.com/dn7vbd6nn/image/upload/v1783344734/restaurants/google/restaurant_1523_google_800.jpg,restaurants/google/restaurant_1523_google_800,800,512,117283,jpg,1523,places/ChIJGVxPKnWfAhURSdPiLjXLMmE/photos/AaVGc3lqHs5ZgaogdTE932kAs6FsSVYo1U0VjpH2diFJodfQt8Wq81l2H7gAwCo_eehhKV2mU_20w96XrukLrXB58oGgATAv3ilH64uXGYc91ixrjfH1s7UEIiDXW0gO6dL700-5n3I0WAPXGvVK_kHNMVNxDczRUqfUvvyXUd5FrEvUJVo0I3OBXOa8FK6nJbUj5bwPTMuP_oYambDNCzUriGr-T2agwvv8Lk7WfZP8jDizBqf8nbuvLJgYL0SNzrAz9jHAzOiYTnmXmaaz4VWDEaD-VqpGZv4nzp_nyhhl-FeVFOo5FkwWcMU4M_Ltt2QCYBQ3Stt9KUVkK2Z4XhjzBgdKb1TrmHlWYbMs7NHcGDzdDrSnc2coEj50VTb_9Yf8i5tLcG0NUd0pg9IqZe1l4jNpRFXlfcAdos6GH_nylaE,dudu e,
1525,דודא לפיצה,דודא לפיצה,ok,https://res.cloudinary.com/dn7vbd6nn/image/upload/v1783344736/restaurants/google/restaurant_1525_google_800.jpg,restaurants/google/restaurant_1525_google_800,800,450,123444,jpg,2174,places/ChIJBeZQ1GucAhURw1w2R9CWlQM/photos/AaVGc3m141V81Hh946GkONZGSDwUAoBxYHVPa64stZFn43ncnR1U4sem_rSTRnT8qB3Ra780U24AI6DQ39yuobenrWADdC5EluOJre1FGX8_HBodh14t3DQ74ySFg_gpeqih9BYHzwoZ_-MmsUBs4jTiSzR8TxnA4M_mo2kGB6b0uxwI2hzvWnUG5nI_70P0oeMqLwoMExp5K--AvwqYdTgu0Vo4UtJH9eGjWPutQqXTkD5gcIpXUIkC4l44hyQ90FPKsW14NUUg0VY4iLAcvQN9KDbxTVCrbUkdYs1_K0G4Po0a_U0fMxcVQK1eziYlwwbmmm_GuOiPp3sGhKKND4hk-Qk6oulI21vudYdaYQKjEzWCtcQcHLHK7FHFBK3FEU1ZfCLPVTlxORjnpkV32Z_qM50dbESuSBA__mlwsS6NaoANqw,Dahlia,
1549,שווארמה האחים,פלאפל ושווארמה הירוק השלום 48,ok,https://res.cloudinary.com/dn7vbd6nn/image/upload/v1783344738/restaurants/google/restaurant_1549_google_800.jpg,restaurants/google/restaurant_1549_google_800,800,1067,164857,jpg,1764,places/ChIJ3Up4elRnAhURgv8lNtiLGv0/photos/AaVGc3nrZkFH1WEP57D3amDfQubK09lmVc-idSNImGeie0LtV0un5_cvZBelFJxXxT94mUkzQZPu6_JyDIyxFzuWm_kh4dc4Qy-eDacwJPmNhjCbpnyUxEVVTvLkU4hz0hll7RkhwsnIlzeRKImRXO0pLoifHkxkRXXrf9chyoQYndfyH9OJdfyPDkd0GNTM--QhqlyLjF23jCQsLU7E27lK5nJ0Sw_pPOy66SndZuDUzmXVGqM2tMt2xvTpokTyGwKCRm-nYFcpYqZWogApcHvvLh98zpAte-TvJlIYTNi-nW0gvkhGh0-NuefcXxi_YCMfRnb8EWxDP8KvVRLBySPjE5osqudr9PXtwrVyEn8qRNsdDJ4RB6MMuYTYQUOKFbQlWwWBAxwHVx-jTouLSej2QMAILoEKLMR4qEJBc0E_aIxL3w,פלאפל ושווארמה הירוק השלום 48,
1563,פרנקו,פרנקו אשקלון - מסעדה חלבית,ok,https://res.cloudinary.com/dn7vbd6nn/image/upload/v1783344740/restaurants/google/restaurant_1563_google_800.jpg,restaurants/google/restaurant_1563_google_800,800,600,122533,jpg,1633,places/ChIJAzgGLXCcAhURiXwfHvkDiKA/photos/AaVGc3lE405gnYuQQoQVlV01alr4exO5oENTn9yqS1YuW1mUsdE_kHkbNTH0x-pGTNY7X846HkARsxQk2fXL_4eVc4tilhRzFBIvvvd10CNKVrSbpne11eN5rNw9Kv6ZIgp3V0xHpYKOXOGcMm4mtctF5XHsozsHgfCkkRH-CRM4FiEbF081dmRTlxEjNuo1hnvMKyzlcA4uIuwCLZUF_zfuXGlZ7oFDeiNxdmc_VmkKA47cznz-3EXf7oWQ7ilu39LFW597MszBv4p_OEPs2-a-sILbNIbjL-1jQHK94rOfcj6KNC1tdTa_RAZNKkhJPpcksPQFrP7AVnGcYBys8K8N79LspFeNI4ZW6VgybL9kXZbQ0dERq9TOKyx9HkXtHPzPnVbpXnS-oHMpS2VaRYgB5YVayspXF2SIdTG5xiLs6pIyC46L,פרנקו אשקלון - מסעדה חלבית,
1569,אליזבת איטלקיה אמיתית,אליזבת איטלקיה אמיתית אשקלון,ok,https://res.cloudinary.com/dn7vbd6nn/image/upload/v1783344741/restaurants/google/restaurant_1569_google_800.jpg,restaurants/google/restaurant_1569_google_800,800,1067,133206,jpg,2656,places/ChIJwVqK9LudAhURB2wSHF5-Xzc/photos/AaVGc3nadUDAD39Bx8MM7W7ZcqDnVZjbpIpBWMHR5xBhIpC0EkNJ8HWeDeCCBVNLI17lvd45mnr5KQJDsnTo2e3QlEP96MuQZ7VvcxJDTuhN0iXiKZKPsdxbALcLqVFozUa9vKalOAKaqTIkXZZr95wen3r9eM9TlnQ4pcQa5z7wurHq57Q4Egk0VmvzAZOX0srTRssa58bft8lwp8nPt_Jl9Pojdt5fWjIGr9b7AC6vDp6G9DGjsu3C5z-ZmxuyIfTQJcGtjduEEb43z4duMfoxrzt593QEHduC2ItK2pGudRNei7XBWd7X-B4wLSd3WokeKeiKHJtRf0SxsaCcZTGgGS4e3TJpJru_Ch2pzL-siKWwbRT4tz35UyqeUv4hSNNHUlldNiTxjExT0uEE4QaUmBil-W2aNoPOUrgaEQzgyZ6ZXPkF,אליזבת איטלקיה אמיתית אשקלון,
1570,אגדה מזרחית,מסעדת בשרים אגדה מזרחית,ok,https://res.cloudinary.com/dn7vbd6nn/image/upload/v1783344744/restaurants/google/restaurant_1570_google_800.jpg,restaurants/google/restaurant_1570_google_800,800,450,115592,jpg,1638,places/ChIJuaqnLAFGAhURaIXjm_MCamU/photos/AaVGc3n6vzIMLY5zD_2u7w1_cxeOee9ZJCDnmqwtxvthv_gHO1CwUR5Q7y5Sks8SnnSuHERsdcnQWY5LHahVi35ZjdcFTbbkHTLSaNOh3V4HfiX3h3D75aLrLGnWGaKQmOuAtBA4oP_yWyd_-sgagi_vnp4ofC0AuYVYoMpdxDEfXsbjzl3ppf1vUhtAFwtHGzBXGenMt7b3iWJz84VxXFOuUge9653DAC8ZHVyNwRsgOdIvWSLR_lxGzYtSc6uSQzbD6UHmuTvtEhvWLOgEOLgiSjzoe1utSwGl5Dg3DfTK8cJMm-wOF-rJqmSZVH0uAQ7DN365MunJ0Y8WGPQ0Fsf8HNjI4U4RBRce0WQl_lFtmSuQdNcVTkVuUjvIvDhBBSTltWzmWWOjSUXmVdsJbBL1se8AHvV8nQxzO2Q0pOtM5kE_3w,עוז אפטקר,
1573,ארומה,Aroma,ok,https://res.cloudinary.com/dn7vbd6nn/image/upload/v1783344746/restaurants/google/restaurant_1573_google_800.jpg,restaurants/google/restaurant_1573_google_800,706,434,283641,jpg,2351,places/ChIJL9NO6wRuABURwub60euAJbo/photos/AaVGc3nmY3M6h_Us8BgIoIesDoDcLqeU92evxpB-x5lmWm_a-Z9ypixmBehvQH-tbRyxsBG3v2hPCpPCZmrL-lEuHaIUggaMt3mUzC2AwwinTgbzjn77WkcVZAuTht-anb4-S2TBJTq8FiPdItZEuEAT66zaT4C-UoR4zTQ7aSQDWQGLcGwzSxLv47dpq5Lm7FwYfCPFJVohia_XypPpLw2d0-Gw0qRHOgOm4BNjAQ9LF0klRr4fZmXw-0mSIfy8B37JrQ_bbYXX3xN7ZqYtN3OqgMFUKDnUG61-XN9xyEtEwKdY_9blbDM4R7aNH0TwMD7ZNl2Uyc6vG48d5YCbCI0Ihmc3T5i5UiedGu0jRfpPnNFYkDecWfdkpQ8Rjgfv3EWG_lAqGtDQOIgAWgmZ6nQOPGzYqqj9EzM9PsR4uCagY8LuqxM,Aroma,
1584,מקדונלד'ס,מקדונלד'ס - ביג אילת (כשר),ok,https://res.cloudinary.com/dn7vbd6nn/image/upload/v1783344748/restaurants/google/restaurant_1584_google_800.jpg,restaurants/google/restaurant_1584_google_800,800,600,154956,jpg,1889,places/ChIJwxRimG9vABURWgWZ_DxoMz0/photos/AaVGc3mQbkOa3hafe7X6yfkQ8Xh4FkYO9cLA4NqGKThE6SRhjoNxGJJ2GskZg3GwPuL1wXRE0PqaIQNxfh9As5_NyDGY-V6Q66Pywdm3CS4yKeXNJ1vKNYspWVVwI4fUGvgn5Z7SbKxNrbmeWuib45YA14EjuHidUsyn7jYTg1oImnMVoQrv27tNIMTR0a6fLU71YyiBWxWwd5WBSQGeNkZwUeHJfN46Ho1roPJSH-cgHAb8IlzsyixYUnR5tjNi1nfhlcn-AFJyCBLbcap2rMDAUN0SxR93TvDzB2zfxub7G2CipdSJjGdSvDFZYpYOrYDfGWN2fGzON8PlsozKmsf3Zy3J01369wxnv637lUUw3bXQcDuzRpaO8Tzvmy7Ype1tPWhZ1NejbITS-G3IMh8VtNMyImPI7trTg1ojsiqpIZCyXiE,Hung Boss 1218,
1585,אלוף השווארמה,אלוף השווארמה,ok,https://res.cloudinary.com/dn7vbd6nn/image/upload/v1783344750/restaurants/google/restaurant_1585_google_800.jpg,restaurants/google/restaurant_1585_google_800,800,1778,167597,jpg,1994,places/ChIJ7RkXE_miAhURNA2OiGJMClc/photos/AaVGc3nh0BxYD9I5cD1XU5EF09jEExsdzk8_BpFZedGeTe7jT0-iUfLstP_oH5_QO1LMahb06jxep_Dz36zdlwL0gt5Co9QbthorTm6xXeC3FUZuUX1sIm6ud2--Owe-twORNVy4kHU9I7-9XDFLV7EgTLcerYK1hyJ5IzD1eGMEClFlTODfts7-pwgFly2akLza84OppbEc_2feTjdyXHI1fk-9ZA1G3tC4w4soRGOYx0ePxDhTxMWRjhW9oQWICZWcnn421vEFPLvpJOP5IE-2S8WHW-eYM1BcJFjJP5DRZO5C-jUNiJFpS52wqxTr1bpzH-hAg6AJBgzxuPGwYwN4kg3ziCNwX9YyjOHzRVu2VAZVO8Yni43UUF58vTNOlLiTeKdczt7VIt1ajshrGyRcrGaXix3BySx-U_4H2CIsJOIqSA,Irina Roskina,
1589,אצה,אצה,ok,https://res.cloudinary.com/dn7vbd6nn/image/upload/v1783344752/restaurants/google/restaurant_1589_google_800.jpg,restaurants/google/restaurant_1589_google_800,800,533,90217,jpg,1583,places/ChIJd9HYNn2RAhURqKXz1uR9UeI/photos/AaVGc3mz7ZPDomuh-c90cGk9BRWHS8lt2RWjpbWyQUIBc_6pXWA3sCE0y6kyZy9y0xgfmnaVtKtj5p0LPxVoBMLP5YpCMP_evhKsSNYdx78jcuEl8Q5-ikdeRzS2gFhjI6xGuHyH_A6WOHtB7eG1QzqYKGDZPZXUoCKh5oRhRA0Dytg-UZEk3o1huIUGCwQOG35OVUIRDfmIv3kvWhOacC0BTzmZoAmoKh5-zM6ADMdi972lszSosDNw2-LcTh0jP4dSiWBDdwUJFouzGmM_mAaBq6xr2GBX0vvYKR58SRxpwpGW5ALJ8tWfB18efx0GGaSvoz3xPGYzeIMM6lS2cSH-YKfYL5RvJwflH0SEzo4TjgJddkbyDQX76CtC1Mxyohm7mjkiyGxN5r8r4duUmjiKJGdXYoCH6jFddm0AYtJYmer-qQ,Bar Mirov,
1597,פיצה האט,פיצה האט - אשדוד - סטאר סנטר,ok,https://res.cloudinary.com/dn7vbd6nn/image/upload/v1783344754/restaurants/google/restaurant_1597_google_800.jpg,restaurants/google/restaurant_1597_google_800,800,600,180424,jpg,1689,places/ChIJWymWwgyjAhUR8vOA17ozQgE/photos/AaVGc3njBehp_ZKDE5fXOCQ_pV9TCyJwHM6BefaACN3ojINBeg4tDItaL1OmVsBDtIelHcjMA1IwyoEr_fm6VRyeL-zCeXW4BDoZJlZ2BzRe004yRmWlBScvlsAmBNmdFAU2aP4M2rWPPAOPPrj8_LsNPfTNa5QsDpBOZvlx_EzQNroR6sz8XDjUSV1pEJDw_oq-rkwV3aZGtHNcfdjZX5bFcKj7YfbRQBI78s3JvW9qIV11rk2bQFekUlRzVEjmL_h6zapf1SggCX3hYifEGQSgxPtKFjVfWgHDrd12cpLaANMxThBXQp5zt0R_m3DAhFy0yTUtsQ9G6ykMA5BtEsb6C7zuadjHYvsOnf4X246yIxI956D0BJv2w65LuEa8mH37NlfH_8w_QUWgxk3lnUcv2Y5C9P8xO8J6VeiVkvCfoPXPZQ,פיצה האט - אשדוד - סטאר סנטר,
1599,מעורב ירוחמי ירוחם,מעורב ירוחמי,ok,https://res.cloudinary.com/dn7vbd6nn/image/upload/v1783344756/restaurants/google/restaurant_1599_google_800.jpg,restaurants/google/restaurant_1599_google_800,800,1065,321837,jpg,2363,places/ChIJPSvmQxw_AhURn15PmFpzFI8/photos/AaVGc3nkYz_aqgLn52LHc5DIOh-tqffno7OE3okBqJGHs1AgR62BcPhR-i1EhUDX0pEgxInodCE46hVqRD8C-nrP2Ifg17rrSZcmjmrPQVjaemFtUvC_bWajdbP9OL88kbfmVggmIh8Yiu5zUC6gCbEpBqTy_8NghcUgVfmc_wjWPVtcVVx70c4t6OZjYMJmhvvfUuTk-z13B7JiA4gSnOgHSCDTQL5IWAFYO65cyNQDWDUdwiJiXGDreeKH82sUI1JJe5wcbglHkHDXfiDl3gl1oa8nnJSlTWejNISUVQZmPrUFeLWfQ1GIJ-OltTLD6FUAxbUNR39EdmvuS3xSoN-G-IJwnr4Qo840wl8LHkJX7LI3RsvQ-UlMWWASiAlL9wumzPgUNzWOARd6iK4bBo0kY-OAdKlryno0NNN6uR4Fzc9xqcg,miha voloh,
1633,נורדאו 24,נורדאו24,ok,https://res.cloudinary.com/dn7vbd6nn/image/upload/v1783344758/restaurants/google/restaurant_1633_google_800.jpg,restaurants/google/restaurant_1633_google_800,800,389,44365,jpg,1622,places/ChIJ_0QDlqCjAhURFoUvB1xAoOY/photos/AaVGc3lgK40Y9ReoRHOsxRE1ae5PEGZfPZgPCsRf0ow8uAyB_5KfS1GJ3ePADVk-wSZG1rfYZ9odQNY5eBq4vZVf9fZywuOx2prAZrDZZdjeLB0SnOV19eBAl69ZVWyEDgfhAygI2lsfWddz-sekATRkgQ3JNl4Rk3vZ_49KD8yLRZ5vFN6x1jf9gRHGVKlaCJsjfE9IBL-23HoIuEHXjXScnnC6oL9v_78uLiTXSkZUMnu5awJ61u9d4JonS-u5ILZiPG8YKeyNv3Kgu1Yf77Hom6TgyDimh1TCMb29M5So9DrTXsEVyvxxSVzxX3GwlanneNlMSq1lwDUo-p4Nn4FGf4HUTFZq2qenyd7rPRdJ4FkIvgY-O5gf--F9SNLPLe5TJ3wr2QHmW4n0PiINHryZ0lXRNanI5jeMwys9Qly6XNTdefIo,Alexander Ariav,
1638,בוצ'רס Butchers,בוצ'רס,ok,https://res.cloudinary.com/dn7vbd6nn/image/upload/v1783344759/restaurants/google/restaurant_1638_google_800.jpg,restaurants/google/restaurant_1638_google_800,800,533,98118,jpg,1545,places/ChIJdRZtDCGdAhURdCFxgFJUaT8/photos/AaVGc3maG-HPOLoXQ0OMxq5rtn_KnoaUSfSr7hHR62JeNGeIRC3vGSYGEqxEXkW3KQFga9Gjk2IwT8tinVYydnScOgUY0Zz401oB_sjA1StNolW0njPVHE9Lcy2La7n_HJnRgmmtK-n4pY44v7EqPYBCkEF74h-FOeF2r5A4Fcwmiqso8K0EDDkG4XOLiQ8sw5O3Dw2cEOn7FMpfMjz-t02j7EuT9SI2QCnwnKQs2j9CNkhc42ezTSNKDWbzgXE8LbSm541md9aKIF031lJrhHpo1areQSTycFL9OegEcKQIhevqJPXNKj-hF1zha1rx-mM8UaDO0rHkwIADXxjfpRFrl2F8391l4-IAzm_9MzNwUexTVQ3xbwZqmflaYx3LewTTm3_zANaNvezA1CSV02LeG2SXPU8FwMHjFBxBrZYyOewjmqLR,בוצ'רס,
1642,לה קצפת,לה קצפת,ok,https://res.cloudinary.com/dn7vbd6nn/image/upload/v1783344761/restaurants/google/restaurant_1642_google_800.jpg,restaurants/google/restaurant_1642_google_800,800,600,178753,jpg,1827,places/ChIJLZw3zRejAhURh-zrGpx80SM/photos/AaVGc3nNrTc7wN-UqECG9_F0_MMHLDKtSqqSV8cXZ_z7JdQg44EBS4IrAqGF5_Bj_UF4zZjud3f2qUDE1YUJ9ilsq6Il_h3-4nXdo6psiXOfd82Q0vNrsy6LV6IHMv1_ZUGTsdc_D9isQPvzhVmPPwIz7pK05cFpY7hneTRgp0uag-4FhHBVurfBEfUNvCId3QQNM4HyYwTJIIN98PGXfMDylYeNj21ICh1QrvHWiP5-K2UU3dIzbpjAjajQZ3oRWkr7T1ltUB7b2OtfNfU941UBDgXVQsg_QCO5Ihr--sfZDglbBE5ttOmwsdeCZDN2b0Uo1GzKA3gPVO0ZpJBFpuE05XcsGWpV3nMo6hA6QRmSSblA0rZI62HBHPtlP8v6QrDU0xGcOkSlRd2uW_nENBS8WwObCdVBnXreyO0nESeLkQ3rEeqn,מענדי פישר,
1677,מסעודה,מסעודה,ok,https://res.cloudinary.com/dn7vbd6nn/image/upload/v1783344763/restaurants/google/restaurant_1677_google_800.jpg,restaurants/google/restaurant_1677_google_800,800,450,100348,jpg,2432,places/ChIJqUlohXJHAhURPvi7Fk2pxLc/photos/AaVGc3nlAYc6MhMZmnN3y68WybWDJ_q9hF-vDTdy9MUOmMuQy_5qA68RqemF6Lvu3ILEWYZIUgNrloUGV3lhduLngVujCQN2o_FsLX_E_FJeVnGrlea3dQBB6hKKzYIfm1l_1L5LJYic67xb03BN6RDqZs3nAxlsEBt601-P45J1g7LGrHEVYhFws07e8DxX4eGMA4yzxOUSxh0h-K7tjvpD6Oc2Bbsl1S9123s-KUonCG3gL4-XWnwRbvRSHAaUwgCVRQHeaOWpguXSZrQj92Vt60PbCBhpmfEv6mHQIL9qayozybTQ1O9IOOVYB7nozXCe_Gyd6zFk_r_Tt2dEKL0n9ScS470bAofNQKPX4auCf1PyOR4T4uLqvXWt33PCctxhUGbkRUhmntIQWGnl9HqSd9hxISh-VPFRG8lGoC23GDIQ3g,Yael Zamir,
1679,הבבון,מסעדת הבבון,ok,https://res.cloudinary.com/dn7vbd6nn/image/upload/v1783344765/restaurants/google/restaurant_1679_google_800.jpg,restaurants/google/restaurant_1679_google_800,800,450,84271,jpg,1509,places/ChIJt55aLFFmAhURXhL7DDsvj3o/photos/AaVGc3nA8JJ3OEAfM-WEx4ILVC3VvETJkeUHQxMqEnQ9bruFaM2kdp_j6S830Dk76lJx1Clm77mLXhKbaK0qmp3AZGqh2rPauQu3qVGZ2IK6jgFGN4clmvIfkgVOenF7BUcGNl30Degs6KFKvgEmSH80Bygv7C-8QdBeja6EG7NS5vZJQLjnqTRu7XBsgffpyVWRcqXgwaodKmBjAYe_AvtM9BhiNe9z3xsbV4Ob6KAFtmN2zkRZYbg6MEiFWsBFUoFcZGhHzskgi2s6sMyrsxmcUBrzw6b2oRy5QdwWH1UGFjyKxsXoAGv2l-Bl_ejI7aGhL9zBufdW7vRmlghduWRhXCL-0o7IPLQJEig-WCtnxHwHcqXKhsq6DiO8E5eeLcbuvSpGO8ZjGhcXJAL0AWfCFsWeKlgsdhRK3L2fJ2klMIcRBw,Ilya Volkov,
1689,פיצה ריבועים,פיצה ריבועים,ok,https://res.cloudinary.com/dn7vbd6nn/image/upload/v1783344767/restaurants/google/restaurant_1689_google_800.jpg,restaurants/google/restaurant_1689_google_800,800,467,108914,jpg,1784,places/ChIJDVEFc3CcAhURIxRN4JEAoLo/photos/AaVGc3k1-iphkAL8I4TnvogMdZcURi8bMUJJwC1KCW3YHHecU5BkZ1xXn_9UfEsr3XFGGat4Hed_-sxann7uw22x-xESUWo5IAMRH5LwIKb6kyYO4ea6kPso6p1s_6fgcxrvXF3MeZkiSxt8hSvAyRQbEy1jvpthsUlhRrOu9ZNTSVkv0BGXomWbN0t7RUxXMScEwwn-u1rByXXEIkeAy9gQM43dVk7iMKjuECifTZ9QDzl0D7WDGyMHTJ3WZlSa9wbMnkrD7mZeRvpB0EaUvD_XTFqIXBCQmN2e6HJVahuuG4oGoI4uYx2KIt54snSnoXm9oiiO_ShKHfg78Gb6WRKP5_Prxu6rc4DO2MjxT2eaqNcvqHlPE3Vc9zGhKLY3eX0P6E4x0kMvYUJLXjtDYGDdziT9LmgF5RJQ0dUDW0plRbwgSQ,פיצה ריבועים,
1698,פיצה גבינונה רתמים,פיצה גבינונה,ok,https://res.cloudinary.com/dn7vbd6nn/image/upload/v1783344769/restaurants/google/restaurant_1698_google_800.jpg,restaurants/google/restaurant_1698_google_800,640,360,114291,jpg,1941,places/ChIJi_P0SUsTAhUR7n9uzqTbbms/photos/AaVGc3nvWcWqzSwjQr4gPH4OMBtUmYVEn7S0vTu8QfRZGRC_s7Ltc69rpTHvk6H-3_shQ3qcBa4zJL6Aq_KpJKc_wWdf-4rGywdmr9dEVvKpG_8wxD57x35NJG9o1sZM2oUxLyW630suzqA72bcaeOUnDzn_BSSSK0j3xvjrpxVW0BqqW_trL5_5T6fNikOgNZC7rE9XCwEzkyrOpim6-z3HzfEWpmEgnnDPta3bAW9kPbKppvcMZ2lKDuyl8nTq4eGXxLxYr1Q26aaCLvAPMRrblYWG818qmL8O7-MyMFAfJICiTr0h--3PlH1-NKUiqjL39Cj7vDYX6clwxNkIeaiMd45BhwPlVvKcyEMVJ0GFipyKp4LGyZLF9HJXNL-K-lwpLyEQ8lMQ0IlRrGohzQw0JriR8ROtWNz949vjGxABD_9O7w,פיצה גבינונה,
1722,חצ׳אפורי פלוס,חצ'פורי פלוס,ok,https://res.cloudinary.com/dn7vbd6nn/image/upload/v1783344773/restaurants/google/restaurant_1722_google_800.png,restaurants/google/restaurant_1722_google_800,800,622,905912,png,4809,places/ChIJRZxr1bWdAhURvtJA_5lDuDk/photos/AaVGc3nAAcPUZqT5_cXyfHQF3h5t1Uy0HNjjd1-VBKk9SD6OWzT60yikbVNfz9xohCmm2Uf4upzTkA4Wtkh7RalgYTg8bgnXVMHHvi1zbR5fMMTIzsWU8Uv7KZrjdfVXwxWs3cRHboIbXR6IJBABj1YJMDVWFVdCR2cuSOXu42zbk71YIgDXMeJpqj25J7NtXjmCd6pVvLlPLwg48ueRRKJ-mMswiMsWtiftiXWoqoqcDypYfK8YmXag5vcvp7aBMxpyFBQVcTNPs0evdViGVukuj16qFLy4BYTkwkBUaKJY9ZJ6M45dObO--aFOZc6pYHSEIbzhbtG2FR3Ahrb0zPsNOOjmsI4GKRLTfG1XqtdVHO55BYKkGbAsBj8uNLHc28QLbPyLG0j5ksi571NsswHpwusP2Gxj-l_5tjU_dISKt0YYLQ,zilpa sapir,
1727,ארומה,Aroma Espresso Bar ארומה אספרסו בר,ok,https://res.cloudinary.com/dn7vbd6nn/image/upload/v1783344776/restaurants/google/restaurant_1727_google_800.jpg,restaurants/google/restaurant_1727_google_800,706,434,294140,jpg,2448,places/ChIJEcE_Cth9AhURmMVnhTHQwzc/photos/AaVGc3npxxjQFbI9EHGmjYQDHf0dbMCDR2zlKOD3t66HSxmN8hMUXbijstxOvJ1u5Z00S0DVmFw_yrOdbumgTubafZpshzIcPMbvkjaonYG5LR879D0yjIXz2gmwpEb80suz6wOISngcUgkmljrM4cHmDyM9Y5J5UhVvo_OGRynfhyQbyEC7TCxRqIJTnJXzN2qDu_yLBUrjj5VyApKmoroAhBN7-ua_VOd5EOFA9WM8mQfesvjzj8YEeznkGeB6uChcrACiFoxVImf0EG8zLaFSB0EePh-HDuzLguKRSDqJPha4hnpOhQm6x1LusnzHCbebI5l1c3MWQB8l1E-m1xLQ0SwM2afBfH_jATUmKzt-vJk5QH-DxRIR0ig_bZO3rkCi40TYIwdcikD57gxETHOokLci03TK74iOxHjMUHXKcoIg8CKV,Aroma Espresso Bar ארומה אספרסו בר,
1729,עוד ביס,עוד ביס,ok,https://res.cloudinary.com/dn7vbd6nn/image/upload/v1783344778/restaurants/google/restaurant_1729_google_800.jpg,restaurants/google/restaurant_1729_google_800,800,166,66015,jpg,1782,places/ChIJd3TLP9lxABURQX9K-nnwAKs/photos/AaVGc3nOCiJo0E8l31upvxk7MxymWL9UW2Obx8kiGxmsDGE_d15MPtrA5Q5ZrTyPPAHN_HvFgo9F2ed5t3jJlDQ_Zk_Gt6-ma0OjhQJd7-we9_iFPIpFhsEkmobd2D3cJ4pWCQypHyrLECroVQYv73EdngxuBufvasQCyo3Uo3NFrwPOZYUXZTkknxOS9d7z6hEJJ9LJy9fMgtBI8E5DFI0Tf-PWjf1BD_9bbkBcLJ4wKb-BQsgFZ8rP0f7NNaJHK_2aZUxT3Q-Hfztkh6N61OdHbcal5c7aHZyE4xuli4tWqoVi5E9w-Za6FUxhGy7aRT4xJKF8i_vaoyhYILVkYbwiabUspwm4C9WRLz0P1fUchyR5meb3zsdrw5ZPE-II9fpzq-Tc0eRNuG20RF4JzXWMyWOaL7fg6i0uUrM9y8_plnaxvA,עוד ביס,
1736,תענוגים,Tanugim,ok,https://res.cloudinary.com/dn7vbd6nn/image/upload/v1783344779/restaurants/google/restaurant_1736_google_800.jpg,restaurants/google/restaurant_1736_google_800,800,450,93693,jpg,1889,places/ChIJK6t2precAhUR2XrgPW0tNIk/photos/AaVGc3lagI5HDK0eUFUfB3l9W3iJe27c2i7k-SysYeuulNSMcgrZ1BK99GLs0C--O2DYHPfr9WrB0YwyPfGi7cAZRZ8krVdqFqNWVstvJT3r4Mpcsr29ne4OIszhJW5zhSnEyQoTJVf1JkdAOUMgVFm9AqXX2-rjbHSBT7LWvBJbfllapRBnK0nK_aIFO-mGOKx7s5ERqrcbaAJ7-yqicQDYVgTkFgNHA69EMgv1ydQESrxWtt4sLw8nmoSvG4thJBv4dc-n74CggxrnOZGV9EaoDw6NqWOAtrmJmA9ijhhcF6PRJxPeWiZRTraV3XWxyLYnMn4fKN6Xfb25jslPnp-Id9C3PEHiMl8J0gqko5u6vASDkb5K1JVb-strxBxUW96BH2KM1WniRHzeWRhmw1oTfw87BoE1INeMVfogBkE,Ron Lederer,
1738,XO בורגר,X.O בורגר,ok,https://res.cloudinary.com/dn7vbd6nn/image/upload/v1783344781/restaurants/google/restaurant_1738_google_800.jpg,restaurants/google/restaurant_1738_google_800,800,800,149408,jpg,2002,places/ChIJ41CZJw1mAhUR1G0tXvhsSqg/photos/AaVGc3k6u7vOyr00BW77Jt1t2_Z8jDM9v2Bu0UfhtwIAM1I-BWAX1rzoWrIsqXqqC398Wn9BdJD5GVS6Sbl3OE5c2ewJ5OXC3vUcO4wBZ5wsyf3mEPooRI_apSS-4uOEa9S0C52KOuZJf6-Ym33oU7I-6EXAWDpPYrHQ_sQA5gAOpuPT7f6aGIQqS7LXKpG6XNoh-gsAvnVlxnQnvI_k1JngMN3GpAdMYsu-xxqzPksKF7ta9dkOzDA4sjneZJXGsUOwlWgMC8HIrWVuvK1sr8W5x0TEQSdJaL44WX12yn8KQDyCr9fZwcs6OMG7cka8SFuqgbgpwh6tWrVpWE4DCl-KaNUZDDxK2-YXLOMS_LZE8UOOeZGsi_pXi2Om1PMTbFr-Cuea4m238bEN-qrmDRSocfp_svcSGUEj_USD3C37zUtwNuQQ,samuelr748 Robin,
1754,רולדין,Roladin Ashdod,ok,https://res.cloudinary.com/dn7vbd6nn/image/upload/v1783344783/restaurants/google/restaurant_1754_google_800.jpg,restaurants/google/restaurant_1754_google_800,800,450,133833,jpg,1767,places/ChIJE2qXylWiAhUR1mhty3JsJ-Y/photos/AaVGc3nD4xwzD72yIDQe-o-2ULBzA_Un95vcw3g1xFY7AvG61L0NB1P-ja425PcC-oIwLljUhBVgUWG3-b6Nwz4OnR0HB7pRsvGZpJsUT0EJpZ2JP9bFxlarxdYIdT7-tSeGGhTXDqGB_SSIVTDAtzmFNEZKSTLrAxdP5AfYNkQnvIhBaGZjK6Nj32jQJbUrbQARZzUJsjTVewe6pd5jzg1J59FSYqc9HPy_zvqvaYh3P6UeryyLIUu3DtYKnGWRFhoFwVgDUpo1z-gkDDttX5vnn45PJTmhcQ8TqXH4xe5-s2R_bPA2ANa80PNRQ45SAaeMl_vSWfbpjrBYPd6rJTEtqVNXg4REfx_LURogzY5cSc3rqL4SbWCI5PFXl6hnv3UCtYv7K38s1XY_t0eEL1itff3OTuh0sVQ31K95dvnjtK4,פנינה שיר,
1757,הסטקייה בסומסום,הסטקייה בסומסום,ok,https://res.cloudinary.com/dn7vbd6nn/image/upload/v1783344785/restaurants/google/restaurant_1757_google_800.jpg,restaurants/google/restaurant_1757_google_800,800,1067,135181,jpg,1745,places/ChIJ6Vy2kwCjAhURKJHgeB8w2vU/photos/AaVGc3nUHCZ65JpBK9QMMCkJybe6uCpoHWaXB0UORUpgV0L6VM8qD2eEsCESVhNhW97UPmiy3q_37f6lvTI_Jehw8qOcGt_dz2zORO-CTSMzOOE-phLx6EtL6HmFeE6WAsII8EZKNsa6QFA8IRuy7iXHJ4yW4JkkgCHNZVP411NiFIHWbaUry558GbLblgOJU4YhtyFgrq-XzORIyIakl81hdhXSz-SjEVjz09wM9YnTJcrlxn46iO0FV2VHxsqKckK_5cCbvvCUdeL0kxreSRoml7r7Q_0fKocxW601jtHo31XP7h0XIn2sTARUjwkJwygyuZPUgez_2I8CFOQJIGE8--g-VvZPc1uLv3D8RyoQch6ztiP2cYmEBs963nvrR6zAVhDkkHdUguaJY2FcX9yC90o-uHA1qvC_DIVe0Z28KE7q2Hss,david buch,
1760,טורטי בר,טורטי Bar קרית גת,ok,https://res.cloudinary.com/dn7vbd6nn/image/upload/v1783344787/restaurants/google/restaurant_1760_google_800.jpg,restaurants/google/restaurant_1760_google_800,800,1422,203405,jpg,3067,places/ChIJeYj5yG6cAhUR1s9yTzSQ-gE/photos/AaVGc3mG7StRYaJXTwnMnu43kbLHrVsg3zqI-2jncQMI1AVyT0ckJFLMiMfNLg6jd1dx-SIrXWI43UoLhLUlxF9dMvU8S_MPGQwdo80u2RF6_Q93FkhVyemc1YLuKbYj3erQuTgF__C7nwXGOzokptIzgvrafSV4Ghuc8mQyB-F6Wnk2ON6g8geo1xsv_x_C6LmL0iYo4yJE-YwDJ1USFiRMz5ZpCR7wSQfZSK41zObiZcdjkG7SJh885A2vsynxi3XsO1hCG4hFAixf-Mtr9KNj_dCEQAsLtrzacmvGy1kHUPSRRVZvgnn9FKBa9ROs5XaxaBUkmY3uiWaww2Lf71GmhNal0y_R7fJKYLTlRGIXGePTAzH9_jrJBWVlDEeFhLzzPbKjwQ5ZyZb2-_TB2FcNjOoEM7pMIbzI3BreK48o_cg,משה אברהם שונם הלוי,
1762,סאן סושי,San Sushi Ashkelon,ok,https://res.cloudinary.com/dn7vbd6nn/image/upload/v1783344790/restaurants/google/restaurant_1762_google_800.jpg,restaurants/google/restaurant_1762_google_800,800,389,106507,jpg,1737,places/ChIJPcefK6CeAhURPTvozHmQpFc/photos/AaVGc3kVvIhax7kIcj1l39CW1I9bdL8GJt1YRY4m9gY8Ba4Tw9pvXUkuesUHyhIIXqqTk2s9dqu1K6tmtVH9wDulpFg2QjmwboXBj9lqqkV5OWY5OuTWRl8evsqRbdgAF7wPk9zUP36826QSzpUEyKETDak4Cz4Is6WrOXcLqkR5wmNAgV2qxxFRGaBKe3LiBS6kfIYJ-OkrAyUeQzk6T432vYmhCAk5OvfSUNbm46wGRhBZaLOOB_bUCjWEWispes5M7PH7g5S2IbM5lWFLRRta2dQ613no1OlEX5j2g0PsKsYg77SgDEAj71aC4BlwlS_9p0nhzNV0HwgOAlkLeczhlrFhN62YWJZsPhzrkTpXEHGodSZj1hRsUtBPGwxemh60YjUKOpiF5qvl5fr9Usn4irAK-bmnM7-izrF_u3Q,Эмилия Psheneva,
1770,השוארמה של עמוס,השווארמה של עמוס,ok,https://res.cloudinary.com/dn7vbd6nn/image/upload/v1783344793/restaurants/google/restaurant_1770_google_800.jpg,restaurants/google/restaurant_1770_google_800,800,450,107102,jpg,2609,places/ChIJ5Yv7z3GcAhUReIsi5zJ-57Q/photos/AaVGc3lMnUwFqBZnG-OEw_GeMqqgOeAJDC8o6Ow9KkhxKtbcwTw11oRsCvEGIuz30zi_qDhfMgDFhEXbIz1TPcIlx5EOBLplq5syDvVrgzNzK3XgS5JkmYFUblgUy_3DC8RAn-8nejJCyAOp9n59aZ9p31vluvWvYbI2zz55mk1yHrJ7hXaiufcDOQHOh23x3W96osgKm30ELTqFIdEIdPrgrCrtDCpYsPcAz9FvhYLaE2xAnYYXxwTSjj0Cirz3Aggj7YLohUNrGVM1-VDfrjUUGSGHHWCWYVhhJOpRDTAFG8HHMXrpOnGCWuOdlmT9xQ9IGLGLxHEUiOOYhfoi-SK_efu6qclNHAUCNid6aE2hpnzdvBYmh9cIfybP4sIvf_yCzW0T6uBDwRQx8mUXjl_4v3F6Vg1Qg9siu8p5lkUMcZqSRA,Eitan Afuta,
1789,פיצה האט,Pizza Hut,ok,https://res.cloudinary.com/dn7vbd6nn/image/upload/v1783344794/restaurants/google/restaurant_1789_google_800.jpg,restaurants/google/restaurant_1789_google_800,800,600,199390,jpg,2811,places/ChIJq6paN_dxABUR2oh904diGUE/photos/AaVGc3mgLrKs-qnwit2yFJbgJ6c4qrETq-T8O-yPZ0B7w5t7bzenbUnJw5u2bfyhDtA0SEGkfyPqciibPuyLUEHP68_iCwZeBmsF43cL5Ns0qe-7mu7GRFPpFDBBgVFjPv-8oQZwSPVCLHya-uaHF3MHKeCzdJZmOhgoHw8scatw6CcjgP_U9tU-u25Q8HqYxjZqqFs7PI9M7K5a8fG9tU0h8NQDyCqnDco7xgbQBL4deibEKLP_wjGArNFfXZ4u1Q-pkfAc54Oo63WwW672vPSZoemMsiaJVU7Ke_aPTECXlXqKUQyMzltJH6yZDzbd6Y_iwu9Mre-aGzjQ5KQo86TVtwqENTlKYV843IJAyJ251fQeBmPhNBGbbKKEHHiVu-4eFfcTZ_47KtHoGEIU0MYn0IKn5G09ZLxVzcSjX6gz9Q1P20Di,Einan Chassid,
1791,פיצה בר,פיצה בר נתיבות,ok,https://res.cloudinary.com/dn7vbd6nn/image/upload/v1783344797/restaurants/google/restaurant_1791_google_800.jpg,restaurants/google/restaurant_1791_google_800,800,800,154487,jpg,1941,places/ChIJOR4gRd59AhUReIA95g-LZNw/photos/AaVGc3m4b_IkanpvyX-tziyyaUVaYn9x8Uxd6cXb6GRRrLPtbPoBjSLLnGSMSGAXSlIlXvjaEVU2x4ajPtsmnGGadxcP5owqPHPruHxMMlWDubiYXreKjFzvTSaqFu5qlwTcOP67EPXiXnhH-Jn4a5azDQHpb_e2yYqrv__clB4eW4FRuRaLJ0Cwm_DeJxIST1uUVC7CW4xokKoDV998onQGKZMrinC4QuSbqpsSaX05le_cfHKUw_MiXX-3frkH7fl5EbEZxlszkWE4kcBTne7KcjMj00CaI8ojTIVT2fpu3_LE3CUDNd5CKZP8DeL20kMpSQpdkFM09C8NilkrpmFOrUdbqob-T44bFcdnJh2d5mTfc_gPLhRT-_W8Obua7QJOTgCA-suIZjA1AQ3_CQ4Hav8P30fz3mY42ZqZLKN4g7y4cg,פיצה בר נתיבות,
1793,פינה בים,פינה בים,ok,https://res.cloudinary.com/dn7vbd6nn/image/upload/v1783344799/restaurants/google/restaurant_1793_google_800.jpg,restaurants/google/restaurant_1793_google_800,800,1067,192261,jpg,2144,places/ChIJ2Xg59eVxABURvei85gjxjUg/photos/AaVGc3lxwBcKRnJY6un2p6OBRib18fMpeLobVzegxQq-h_95GN-FSwtTnjUAg4crAsttswugROHvr-nHZc8sXu_Sfd-Zhzm8SeE5MXUDapwBKlWGSUilTAIvY8Ywqk7FfHa2TB0mQsWcYlsc7Z9rAjxQhkHDaPXyMdqg6Mgff_xXursbN5stybVmEiCv8gfFyf0-9afC2TXNkPto_aHWOXTMDsS8uWvUCnJphvRu_wsQDQygAKwjT-TidK0g9-mQy4GhzMXVcuV1hzBziqPGIzacRet_XAqPynBfxLpM8mkQQifUQkWU6lgVe-02c7TvVwb6z-ZsmM4TE_0KayY-xB7Xq4UWwxzLNgCaCmLQ7-rPv6TJXw5W2xdoMk3hADHCPKJ6r78IC2DrspC9aP2RTp3vouzkEfhUw4FhOzBpi3TuS_r6jg,gabi Hadad,
1801,פיג'ויה,פיג'ויה,ok,https://res.cloudinary.com/dn7vbd6nn/image/upload/v1783344801/restaurants/google/restaurant_1801_google_800.jpg,restaurants/google/restaurant_1801_google_800,800,450,133645,jpg,1973,places/ChIJxV255lhnAhUR3e6_hc9GvLs/photos/AaVGc3mtewRYOhXzQhPm_d-sC6Nn5UPSrGWGSOEx9yjnEX1a2lzwJKtrD2gGqz0LEJz97Ku9LE0vxrX8iXCH--_lt877EBhNHbhZJGfnz8ZgeH8iwMJwK0gbVVSLwgrIJZeLcrxvxn2Godkr-qA8uJzxvH5kr_B5oRphCKRgfnchlS4XqqaOHamyoS5_S0IgYATdItRDkv_9azgdj8figKpHfIeD0-HFMq8oY5LlyZIQQl5Med1pYIR7iYcOxb7yn6CF0I-4YXS82y3uhN4huA6N5e5cWu2QArX8JwdFhJ8CRFF_GyRrcx-GkTIy30g6lTjGoRVrW5QKQpTlE8lx_vFlBM4ZUbncVB5-SJpppTHR9251ptbQBasT8OuJVSyEfOqEvvxFA_a3AtAwZ0BC3PZx7sQFQHyRWSCNqPPenZGG_gjIjz-m,Shneur Wisnefsky,
1806,בלינצ'ס קפה,בלינצ'ס קפה,ok,https://res.cloudinary.com/dn7vbd6nn/image/upload/v1783344803/restaurants/google/restaurant_1806_google_800.jpg,restaurants/google/restaurant_1806_google_800,800,600,116595,jpg,1912,places/ChIJ-5im6QOjAhURsJtyGeRjLFM/photos/AaVGc3mV1PUXcL2PCz3JwP6gMrFsfyGBTlhw8G6kMCMOT8uryrbnF5Wq00ZKI2g-IFyBIC82UwI6POf43RrVmyBoMUvEkATkKorqXCr8GGk9WHeOpXug1_KRCgmw2ZWEnCnQqFIU-sayKwW_TVcDhEwFaUTVia798Ifd0NMlec2vQrK7uFsUpXdPuHKDCXr1kKBL6uowgkIyNskKLRR29Gl1r_3iWDZMDqkdC5MpmQwJ2i8zQwLMzHeh0hWM0Nzax-OHxwYGaHOI7Xl46zA-yzIRnMhsz-5CRZwE_LA3J6kVYnISVxuei9YMrUHCdcV7h5GE1qzGyZYlHarghV7bHhJRa17R6cVTuxLq85l3JORIegRs5qyXz6thkU4He1H0Senhad7ElPSn4YMOFZvJzFx-ywQrApZmLSO3Vfgm70dmKSm7_rYP,חנוך ד.,
1807,שיפודים,שיפודים אשדוד,ok,https://res.cloudinary.com/dn7vbd6nn/image/upload/v1783344805/restaurants/google/restaurant_1807_google_800.jpg,restaurants/google/restaurant_1807_google_800,800,534,109349,jpg,1810,places/ChIJg4zIVmyjAhURddFvAoKMioE/photos/AaVGc3k0KnflkXhg4KYQqvzndVosUZXu8v3caBOn_GeqHLnjGb1LxS96Q7c8x9Q8NZFz9kYaFLMpawwE6RqwlA0uMMob5FUYpqKCkSDQa33_4DNM2u_HGRg0rS6UXZk0GAGzG6-tvnedoNCrjrV6gRtQh_4WDYdiC-Cxn_IPsAswfF0lkNstBNMzwvMVlqzoUdsJaYrzf2TRAoOAIHdcqT3IHAlBvVzr2rbiCPnxoNFrWPUwwAlHNfDSsL6G_s9rfkiM9xEK6zi74yPHjcciCdD_f_pmKDIOzJZH_9V5PMZpSeewcpqWIhZZuVOreJ97WVSP1d50U0dN0UFnbBhtdIKcZ1Dx2boUN9mPJUNVg8jLrHrm-BYsCv6YSY5HIHd2YyT07P9ales2yzKLCZhFuu0fOpi5qvg7QCl6QdXSZ9ttydvfLA,שיפודים אשדוד,
1813,נלסון,"Nelson נלסון קפה, מטבח ובר",ok,https://res.cloudinary.com/dn7vbd6nn/image/upload/v1783344807/restaurants/google/restaurant_1813_google_800.jpg,restaurants/google/restaurant_1813_google_800,800,800,189663,jpg,2380,places/ChIJSSx9cnCcAhUR5OBzgr8muUk/photos/AaVGc3kO19CZnZiyBApuo8lFAxOaguR1qQO9cx32YSg9SrON4QuhXrX51Wj3STGfcBttnm636IJ9QhGirG0aIKiXOU2nMDFTGt51Kc2fE0ZNpo4NtXsTAtd9z4X35lUz4BEs61YD5A6BuNDS-PofbcMwIq3r0seVCN8lmGJTk3JwwgfBII30muTaMYZ4hrv1VEujEhcSfPcS5MeOljBLCJzHQfLU00fBvjgajKy_71DLNkcUNdEvwuB40GYrTBffQ5DS9fm3WyeS6t-z9OuB_Sk0GheEGfcRclz8VgqK7yUd7EFU1M6z12Js18KDwJPF0ePLrALLVQkvIx4P9-nF-jULEjdrLftfsAaWtznOjWfPSG-tP9sedQWPI0HoG5prWrb_RtUlIGY6blJ8IOVDP7fD8Vf_VRfxoJ_PsnlIus8,"Nelson נלסון קפה, מטבח ובר",
1838,השבע,השבע שווארמה,ok,https://res.cloudinary.com/dn7vbd6nn/image/upload/v1783344809/restaurants/google/restaurant_1838_google_800.jpg,restaurants/google/restaurant_1838_google_800,800,532,133173,jpg,1940,places/ChIJfQxsjWujAhURZzLWBPYEHvw/photos/AaVGc3kCVjGae5sicOHl5T-iTkXB674o3FPbFRafTUDsh9kWmuR5-vgXu8DHuZYN42GSA2X0MfSXC3kPfvffGMcxFAiwtXnnuE23pLT24lGtNd0QfQyvrkxOzW3DKjNuMYjQ0xlC0dWuoj_AKHCsZB7Z22VPR29RBHihZs8U4qkkz0kl1UR86Doa4XzUjT_3VTYFxAEX6NsxbXV3kRdslSPc7YBbBzaLeLUPO7Umsw1ZoobzSkGXF4faru17TZJ0sOm74_YxSBgP5SO14qsyCDuED8HFoBMmL3Nf6F8yDKCgGLJBNgcIAzuArtxgShg0GsimuGHqFW4NKtiXo8vGfCa3fkPQ9_nMHlGnMVK70D62ybdVk_nCqfaBzZ-r2rfpqbmRjTBF26vsb-F8A-kXgN5CH-W-W57fQGluk3T5ThtOFxFjcFl1,אשדוד בתפריט,
1846,פיצה דומינו,פיצה דומינו,ok,https://res.cloudinary.com/dn7vbd6nn/image/upload/v1783344812/restaurants/google/restaurant_1846_google_800.jpg,restaurants/google/restaurant_1846_google_800,800,600,154027,jpg,2200,places/ChIJZ_Mh4k7yARUR2c5B6bpTf88/photos/AaVGc3nMmCaNXbrLabIPGPr4JQzmfICyNs3oFBwU4L3Gjt2D7YlQyu8bRzJ8cXTXZ_7Ona9gm7u0XOfqTI7ON4Io6nbF_sqmCnSvwgkIc282YhQAMIW9j1dk5I9K91HSA5C5RRWURId3uaF4XEZswIo2ZWmrNIYr66NTsUM0bGn8P6nsd8sRLjbsDzojlmr6AcJ9RBGJKvsv-4Y6zbwr1AkAVASI0c1rKlgyqnswJ8XYBCfn8Ir2ZuxCgT3cOl1WmrTPOsIpqUmr-SOMmIbiFme5XOPovVI4luLONrBO9fJAoDTX3zmOJKqFhEJEztam9UPrRR96oRHfXpy3N3GyNIm1T8z-tdO20BHG30yKlP5Y0D1MpNGv99GS2rfiXr_YJjrJyhideMhzom0TABwYGkb2UUiXbR5CVtZiUJGFw3DaSAqr6Ws,זיו לוי,
1858,יאללה שווארמה,יאללה שווארמה,ok,https://res.cloudinary.com/dn7vbd6nn/image/upload/v1783344813/restaurants/google/restaurant_1858_google_800.jpg,restaurants/google/restaurant_1858_google_800,800,360,92412,jpg,1772,places/ChIJS5FMp2FmAhURsbC04B9Wfes/photos/AaVGc3k_nV_u80Avc0O_ZkIFJ_d7rl8B4thiTAOW-1akhFdCPCQ65z1-eDrThmYOi511iNSl9ebYXtJg2dAti46ee3Cch8B1UUXFUI4IXb80w9gamm2dLSv9BaTjwaKZ-uWCciDOD-Bn7LRgU8R8LKbzveK-gB3kyLnFA_Zk1LyXig08eIlEaEsB0qG6hiUMHq4jIiMIf6PnFKOyrqm9TNh3XXCPeBpndcoFXJjMHLzvPjO50-YIp1WSeM4onlFugSFVbqzxhSFFzziMam6G52O-CnPPGINOfoMCPDmnVF7zpgjCKFhHtDzX34ywRiJJHioT3kmHFdKtxYVRB8xsB1I1b6Am_dH59R1rbhReUKhhIsPDxLAat08GiwkCglHdR9ozMnK9I32_wgI2goTC30V5hozPDEQFQR5INzTsZQZmv80Wxlw,I. L.,
1862,אדיס-עלם,אדיס עלם,ok,https://res.cloudinary.com/dn7vbd6nn/image/upload/v1783344815/restaurants/google/restaurant_1862_google_800.jpg,restaurants/google/restaurant_1862_google_800,800,533,120942,jpg,1855,places/ChIJ0-oh8WujAhURbzyXC8ybZXU/photos/AaVGc3kU8NoNUJjMSbnxyLfOa0kVclpRD_H5Wlt_wgAqmBdtdYaov9wZr4C6ypbx4WyTHQJ-YLWYmo1jnGjdd1NYFHl9842A3bQSRk39alEEtyxm-_QZ8YSobTALqnKjcM_9iwYm4DHZAPGR2LS5Y2c_aRwf5X3WfzCefpOps_qm2ASqWrQDcsSR15PM70BgbugPPQtwHzUiHcdoH-DdZk7YCLuj2K8pmy3IPNIcWUVbmQ6hpudNVE7Bek7f3iJFfSeWga6sC9pJoF1tbnJSHq8qITJj9yxmNAOWQkujLQiqsRXbVxFBqg2NVG7Iq0RzsoMDy5TXJx6bSqMrQQkGdIYlpK_KYSGW8PuoH_ff2UrKe5RrGYildnijHOvgoXf-Sqm8tc00YwmVddleaT4M98z2VJJTpxIlM2fsXGAy_fgrQ36ABA,Ay,
1866,פיצאסו,פיצאסו Pizzasso,ok,https://res.cloudinary.com/dn7vbd6nn/image/upload/v1783344817/restaurants/google/restaurant_1866_google_800.jpg,restaurants/google/restaurant_1866_google_800,800,557,162592,jpg,2044,places/ChIJbY-RxyOcAhURc8ABfTeweK0/photos/AaVGc3mSXt_kOEEMyjoIte8m_7DXQ5_3qOHpUYUf3ZikvAh7wekjyjSE_XACtIFaIOOzPWBfIzEVOJtRSN0MFzsDXTeZ8zMsNMF9yhr6IIBd7HyQvfbdQgK8OyUVvVoSEalVSNlvPRsGey4eII8APh2LOYMSPXQfECAxwB_RfdybP847-n6XQAVqjUIDLuzecPMz7CTRonX4ulrOp9HYEUP1Th3n4G6f7apsUy4apwQVyBGIIisMruVGCv06-Z4Igp_Q7wwPVjxt2qo1ME314jsP9hgGdAAzv277rWYI4guFzTSPmQU3OP0qWbfUm7ep7TihI_dr_Y_Rx8RhBy1NOUywRUNtftw6Ei6PeSTL6kqOY0SsiMjLyCafVBObk180-FH__D-XAVX8eoWlJFyUI8Pgl4CFINb7lKfC1GrGLXypn0Z7ew,dor einy,
1878,שיפודי רון,שיפודי רון,ok,https://res.cloudinary.com/dn7vbd6nn/image/upload/v1783344819/restaurants/google/restaurant_1878_google_800.jpg,restaurants/google/restaurant_1878_google_800,800,534,74399,jpg,1737,places/ChIJj3bwdgNGAhURfKPacRs4yjQ/photos/AaVGc3loCDNqyqfY9vemNQpc_S2qF-v9rpug2URnF3e7Ljc2VHioyY9KCCyRExLcE-pFZZlwmQuqevIRmVrEdDpRSMou3AT_CID_R08YRfwCQg41cpyP_3zutA_VUH4ChLm3rGqxDXpekp_8H0bTujJ5UHCDzdt1RrJxnhVRlX1OVV9AWyxgAZX8oXZFG6vBW7LgwQhou3AKyVNqHpFpXNSd6k5qp2dKHOGTSqMcaMmhE3bh6_fHWB9Nas3Tgl0xXP5dy1a4Tpq6tet6dWjgUyWVYmpaWJHMUgXbzGt9yGqRKi7OGg-UUHyzme0J1ywZpY0hpxFPKImYmsSTqdW1nDp88zh5O8a--zLQwLGzQQN2xz9v6Cf0VSBTdt2sRP1QjyeQ_HczOtWWEuiFMOG7s1J2EZc39iw-BKmRX8nX2Q2I8FLI4P20,שיפודי רון,
1886,סבא שמחה,סבא שמחה,ok,https://res.cloudinary.com/dn7vbd6nn/image/upload/v1783344821/restaurants/google/restaurant_1886_google_800.jpg,restaurants/google/restaurant_1886_google_800,800,450,115638,jpg,1632,places/ChIJiS1hS06BAhUR2ozwb3oAgFI/photos/AaVGc3kOcpuMABL6x4GFu3cu-CvDBVJkjbEx9qrQa5-YE6M1DvPJXDm4mjoJzdW_4E5D8J1jFjr0PIcGuPqqT2TwVSutZYk0Nfn0_60k_Ulm-0futnTU97kk6UBRgixae0p_F5WiJI41mxE5N8_j2ikuw4XCCitGSlr9SE6o3-QKKJayo59DOoQPM3Hi5X3oONqJAnO_YdBrHPJQOpc3nco2AqH3vM8B1tmIZ_ZPoo7CrNvOwHdRaxDGFjkCwLMLeZ_47hxjftP_rRFYo9xbMEpp6YjeguDvVuGBhoqB_tRsswxgjyIoe16UUHknSD2AgAvSVx7tYS54KLJpW4ItJ9jT5iy3CnPlHfXZ7GC9A7_ej9iweE5YAQHU3x9XUqlpUKPSa5nxdcoynmXm-bemMSN27VcnnJLtOpNa0xLHwb68VLwmZrUv,קובי אלון,
1895,"""מאפית בית הלחם""",בית הלחם והמאפה,ok,https://res.cloudinary.com/dn7vbd6nn/image/upload/v1783344822/restaurants/google/restaurant_1895_google_800.jpg,restaurants/google/restaurant_1895_google_800,800,600,134281,jpg,1943,places/ChIJ-VJ5BtiTAhURKfC3ejguMKY/photos/AaVGc3mrKqwQPSRSNOFRr-yw97cKIkwiNGpFWFEy8orTX2Nh24VZd_oyl1D9DzLG9os5hWJ1uGfP54ApYKmSQpaGxVZbqjCcMoBvHdVxxa10mAQA3R6P-sKIARqczClqehdiV1-c5O63_xNYy6aUuGRhlbBjFeJja5thJi6MkmBc9eQSVq79VLa4llzT1AGmnCteX95MlocNB9sW3j4z4rOnEA2hh9aWiUyk0mhxq937iFzPdXhKIPAuLo6BpYSGvuQvJrTeUS9ym3emeMnaJQWgeuXdeuuFLi8hDjzXBQetL5y4PzjiLOw9vqmJtAUky0xR2K5vRqEPHBYyGjHCHZyvMB9x1xOVXxkC9DZ66M5XoxxPvab_gFCXv3CyZCZd2Ia-ZxDdLeSGRlP6dJOa0eg704xg69f7bSSZ1oRSi1csh2ulEQ,מרגו דהן,
1896,טביליסי,מסעדה טביליסי,ok,https://res.cloudinary.com/dn7vbd6nn/image/upload/v1783344824/restaurants/google/restaurant_1896_google_800.jpg,restaurants/google/restaurant_1896_google_800,800,600,109748,jpg,1644,places/ChIJK76RwURmAhURxcqfGYvKqQo/photos/AaVGc3mRzInoa6bEgmWp6V3HqXGaTqpECPoSgrpsmgp6BR9_VFMQ7fh2MqY8G-Ix0unz0BuSvtFwtVQgsUfVG-rdtuFEbL0VY9MfvEJQRtEWee4w2meGceP-R_d2Tzqf0_4EvPrToGAxFXK1sj5Q7GzuVpnSnG2uIZl8CGK3yFqbsTkyTdd9K-u8dJ7WUVwwsiTpCW76tgN4lRzV7S0-Rq-ItWo4nEP2A33Rzi3D_c2iEsl0aYjZdB7D4AifeweAO4iI8MRMN-XsLAFaY_qVx3-FMpwWKW0DCCJdKb6x27VwFoZcTX_TnBMjZtyJz0i9Zk86-AWJu5UXN2XTc2J9x7_aVh6MpSrHqTBbeOkPS3lZF5Iu5MZtn3XUGm2icQiWFryKA6R885_6nlMqv3TOKpDTBJ3l6AlUy28aSaFebImfPf-Tevw,David Gommershtadt,
1928,T-MIX,Mix Markt Ashdod,ok,https://res.cloudinary.com/dn7vbd6nn/image/upload/v1783344826/restaurants/google/restaurant_1928_google_800.jpg,restaurants/google/restaurant_1928_google_800,800,1067,286470,jpg,2135,places/ChIJT74a4b2jAhURPhmauJ_of2Y/photos/AaVGc3kPkHFKjt5ZIJ7Be8J7cXhvJhSElXKOWwT2n22sq2NF4QwWcrlE04_gxKSW3Px30vB9HYc3Fwx9dKlJdAk4Q_lipDFMIQyq2za38wCh1fuUhyAMMcZDotuatCa13m6fOAI6mRtI4s9kNu9hVVhizEq8hvqbJKTUh2Q9orgBBmCWZvfptbSt0MEqWSIR0xB1up7lpJFylxl5q9NH3PBAyxvDNdhkvjhR9_uM-Tusvm_tiG1Cvx88_0D_oS7Z_Ijs7DelAo5lhsh13GpYDY_LsEg3-BaNPmFNr0WEBtHTAEE1PoecbygHtvzp_NFgzemQxD3Y69aMuIux1ATIm9YGoQOoI3nNWs-QVeFk50EXwgLaa7MWhqEzxFvYYOrKJgJEfHDqnJZRXroNkTPacRsbgnGDgJgmSpNwqKiE16rtdrY,Viktoria Azari-Gindin,
1935,פיצה פצץ,פיצה פצץ אשדוד,ok,https://res.cloudinary.com/dn7vbd6nn/image/upload/v1783344829/restaurants/google/restaurant_1935_google_800.jpg,restaurants/google/restaurant_1935_google_800,800,1067,276193,jpg,2659,places/ChIJ7-RHdRGjAhURZs4INti1S18/photos/AaVGc3kVjEx-LU9efTz8b4feKlg9j7OchGFIP8xjBCMwqHGWDrRiJcSykm8z6EWfbN-K9inv3Sakl-1HSiR5nbxC2KAZdFtWu_m_lGl0hMWbHpLkeAO8QzF7_qu5rFZOPUx-M8t40bhL-0rN1GSYD4An2z9D3JRto-EzqYUBBAuPjnISV0mCcvW0KjAANPy2m-YQRp2y7TYBGmmoTNT3-hVy4RHAvR51TdQQR2jkDjWmCda1W9Bf24gGHZXOhriA_sOcg6Xl81EtnLJEy-QuthE3zF9Z9gWgerQ_LXhO-wn82ACX_phb4vvPOEU1tYwN1xRJYCOtpNF5ZoUwrORjvdB0JREPf3Z_2VpqAWRluX0zs10qDn-Wc1RWNOqJYaAlh7MmGZoaHczQFzINlSkfrtTFNoGzeZoMMySxa0FOzP3_k6ygfjj-GtsdCAgwyhq2_85H,פיצה פצץ אשדוד,
1942,עדן קונדיטוריה,קונדיטוריית עדן,ok,https://res.cloudinary.com/dn7vbd6nn/image/upload/v1783344832/restaurants/google/restaurant_1942_google_800.png,restaurants/google/restaurant_1942_google_800,800,1731,493854,png,3476,places/ChIJ6wVJBsidAhURqe0QwNETF30/photos/AaVGc3ni3_QrRfZNGmjpsEwZfT2qZZUKYQ9-03yvmsPL69GBhoRrupO7AxLTyJ4U1TxSNW36FEoMOyzzmW5npPv08HsBW33GtZdS4R4SY2qKqTVBno9lqr7D9dklGXKEE3nVo70cKVv0_Q7BfrXhTbGf7KZnOV73mp5IzZGBzh5_z4yGM3-S-n7YXL_q_xjzhsn11-mtYjsgKefoXMvQvO6i1doOQI0ctRNVU5xY9IZYcupMlPVImxTgYuHa4Y4EYSz8rXiKDUyQecGarZplyrZWJFgcwocbX-W476Erd5z1TgyfcxflGzm9lBTsqweme7WjOLJco3657zAAZeFM1MHgRtFC-4G2I5zMibMu7fsnWt-UIpfaXUYa-2Yasro3ET4IoKbrInXanivYOCgHoKyEByLaG2i_2_gktR1h4RLUqO9RiQ,קונדיטוריית עדן,
1967,בית התה,Kibbutz Lotan Tea House בית התה קיבוץ לוטן,ok,https://res.cloudinary.com/dn7vbd6nn/image/upload/v1783344834/restaurants/google/restaurant_1967_google_800.jpg,restaurants/google/restaurant_1967_google_800,800,600,183574,jpg,1742,places/ChIJGc_3Nx9TABURZn8ELeDrQ00/photos/AaVGc3lIeBYx5_jnXM2hgbKi27iLBP1-ozjKPDB0S22SgNtEl4ztlRiP9B7CSCAM7uhGiskWTIUDeT6iM1VWcJ0m3zaMoeN0FZkJ5hxI4xmXBC6WYGfG_Sq1INu-7Wsb6_mQVGvt6zjxED71qOgUBd8dLEXkuoBk2k9Dsu54mo2u07coQEJv0a9lPuuIG07iWKKhOySUgrzaYP-qNoD2vZWf3pSfQH0xtDcu0E-Jur_qaNkS0K-6DKl5aqkMhm3BrsV-CGtuX1SGmSefk6b6eo_dgTvSn1TbVP30XLe28aUll6ztK-dR1oo-Jq6PM5D4FsERzykbwoLgk3s_QjRjV0Ix5Hrc_oyU7dOhaNWBZa5dRl21COaPUiuoGC00HWN8ptaVNS5QYO_N9pHwfQQGBe_kVaBaji4nnKFsQWBKPhDzDEEFhk0,אקו בר קיבוץ לוטן Eco Bar Kibbutz Lotan,
1984,ביג בן,Big Ben Restaurant,ok,https://res.cloudinary.com/dn7vbd6nn/image/upload/v1783344836/restaurants/google/restaurant_1984_google_800.jpg,restaurants/google/restaurant_1984_google_800,800,600,194244,jpg,1731,places/ChIJNy0zsEk-HBUR8W8ynEfF2yc/photos/AaVGc3lyOMJUrK6yV6tfThn3NHWqlPqGeyqtjYO648YI0lfo-MWmoEze97dJ6aBeWkeMvipmB_GN_7T3ujho5KHZz8kEaNKlvt25DFZ-ooiZkRHQ2LuKalBniV8aOjQz7cWGvi7t8syRz8uoO9-ih9Sm8JaVerbowW-goEQ7lm9zv_6s3Lbivab2s6h3W9_2oyluykF6mrwRyKp8IS41MhLuSriAerrGqiwup-bR0ekT3N75_tuX3CXlV2UwH4tdobTOzWeHOrowC0tYrJH0ff-T9AiYCDj54DP89ANfHoHA8Klm0mCx4Tm72k4YqJH9WbSTIv08iJjcyRfsS2UQZ_qDHUx72a3NGUE_1zDtDbP4avi2PI14rBbz0upsGQDPsXQq6RSuD5Ii-tJa1jOkZah2PNhUajTdHXIdHHgCAqMe-hs,Alexandr Orlov,
1986,לנדוור עפולה כשר,לנדוור עפולה כשר,ok,https://res.cloudinary.com/dn7vbd6nn/image/upload/v1783344838/restaurants/google/restaurant_1986_google_800.jpg,restaurants/google/restaurant_1986_google_800,800,533,155495,jpg,1941,places/ChIJjafZRkdTHBURpZpFC7Gp3CI/photos/AaVGc3lZzhCLjNbaOrwumVN--JouceNOpF-g-jIqkX2kQfO-QIlV4mf9CdTtjleQeBAUrtfnaFEHDpQiIIU_VAa6zdkEolwpxx-SduO15S2F6R-WXKoGoaP51SQkEUp9ktcEu1yLBDLP9bIRE24ZzoR-57zsFz0nkJ_w-VQb88GLFW4B_0c70xV9QB_4TsAt55IpdId_QLej1IJK-Nuj7oH6bCQ8YFgjGas1Y1XwP4w_rybD86Jy4MQYu0c63BkYY0epPHXr7g8aQSgCX02kx3COmKxfteACzQMDlH5vmZFwzdoAPbdaRxoOxpIXlRnMzQ1IKPBwx1g2hToZMe_5qxcLOohZVkyT6K3FthzYv59DL95wYaum3X5CitHFQGN1_CaBjtnVWCPJ-EGMdnpdFJI_j-NrT85fpoJU3wjfa1IX_ZOli5AAq4E39newJe9eFq_z,לנדוור עפולה כשר,
1987,הטאג'ין,הטאגין,ok,https://res.cloudinary.com/dn7vbd6nn/image/upload/v1783344839/restaurants/google/restaurant_1987_google_800.jpg,restaurants/google/restaurant_1987_google_800,800,533,108301,jpg,1735,places/ChIJe_gIieghHBURs6dsz7GuRh4/photos/AaVGc3lzU9oQf7cBXcwGqjpWzK95t6hr_Wl3dlePnE2yQV5wCjR0oJnUD65EUtjPFxnAflVzuxkpUZw8lQi4pluM4NGMLYU5G0vvJBggZ7B9bvcxhprVbUe9FridHY5gLEJR7ft0Qa0Sg-W51TgPXFI-0XMNJ1mIH8ruhs0j94MGTeCW9pLJIFSJhFkWzpIxHAxJ0HVcrV4Cfo-jNgrL0zABKqRmoyC4lkZXwnEuilC6gMolEfHdEcqbr3RtJAX0bWhjdsAetz_AaCNXTXm67KDWuNgAEa6RTFSJgT6T4XOQcUJLBAFrBmvqrZcwAVNzlULkw19s4Iu60M8l-Z3ycQ1AYmvl2lQ9iYT2Qa0fO8EBu9Qel78PTcp5At4J9jR8fkmr6P3fompZ-mjfl4SrH9E5Ph_UPSkaMLoZ4zOkNGPR8pFBNNgX,הטאגין,
2034,כתום,כתום,ok,https://res.cloudinary.com/dn7vbd6nn/image/upload/v1783344841/restaurants/google/restaurant_2034_google_800.jpg,restaurants/google/restaurant_2034_google_800,800,594,121049,jpg,1557,places/ChIJj1dKhW2wHRURJtWZWUS1oY8/photos/AaVGc3l1Az0YSJUnVfAvTfIf49R9FQWfvF2Yhe7Ji2Ti9J-uaoYQ8hJDUJkRDsgfN1NTN2pzZaj135DY1jp_3g_7wa5zKSyoM95dczOzyz7NEQMWUxcgkTdZ3INx22A0MqN7pumtNs5ZtwGZA86vXKORWFu2RxEAKJIroSWctrBa8WRaPcGar2e_YWXHi8l-D7fdJWqJmBExO1OSmgiGqDJtU_gyd-Hp_EwtZYk6Y0mSGm2oLiCV76JEKJh2SrG1AqSD6cpoC-utnV5Rvlfs3naUJAr9_qDmSF8asOTSmEyv8TIMlBAQ6dYrkMAlAvo_yJYaMpAVXXNsgEuDVLrvVlsaGAmpAOlDbGX6CNZ5deXA3AHlM6Yy_-VTQOM2WTNGVL_ISNDq3SFjZgzg5h6a4KvrHgqGoXxsQlBkIU2MYCwbKDVDVugH,uziel babu penker,
2043,תל אביבה,תל אביבה קרית שמונה - מסעדה כשרה למהדרין,ok,https://res.cloudinary.com/dn7vbd6nn/image/upload/v1783344843/restaurants/google/restaurant_2043_google_800.jpg,restaurants/google/restaurant_2043_google_800,800,534,143579,jpg,1816,places/ChIJ9_PVM6uiHhURhjlF9vMk8Fc/photos/AaVGc3nlfwNB471ePD_jbmiFlz0bvzV6_F9e5BXG-D32wo2xDxW3HVNYhrXAC56_MhFlooPuKTNvsbG0yBR7-cmGwyY4Z-zpBrGF-sZ1axzIy1Mm8QOpc86UeF_suClDRfASp34hV_W6_Tna3IGdu286lNu9Z3TMwRH2HkBuePn1F-me2IUsHnRjUAh7EYrLSxOS55cmkd-0ixWme_Ip8t4UnlSmA1h1pZQKRI1X4oY07lrUv99Tx14u8MRYXuZd0SefPzm2SZlzX46xkiXZlN-LE18Pz7epm_jF_ZwMuz7Aicl9T9dDsTSXwJPJIA4YS39TwDIsemRjOtODTrm5GEYcoVSAqpyowvyLyfKMzZWmn4EJjlEhj9uG1AXpwhMoxUdcn0vtnqTfuP4niUM8lz3dp3jRBEI_GJ1iNAtnrhVIBXc,תל אביבה קרית שמונה - מסעדה כשרה למהדרין,
2047,מאפיית דרך הלחם,Bakery bread-way branch Herzl,ok,https://res.cloudinary.com/dn7vbd6nn/image/upload/v1783344845/restaurants/google/restaurant_2047_google_800.jpg,restaurants/google/restaurant_2047_google_800,800,600,215038,jpg,1852,places/ChIJNZMLirWkHRURMGpi6mD8S-c/photos/AaVGc3mtIOctdK3a5Q6m4hsOU9-dliF7h_hOtCscBYZCorb09lRzufVWaog6K1jCfIjj0PESl2KzkrAjA0L-71J0-quqBlXJjIgzY7iKIlTPT3YdSV2WfCkvA_B0JroLaGag6xAdP3OiTBPbssFUvcw-lZA2nJFju5hbREvNx7hatCUBqg4zU27A8J_W4EqwUmsyUvSo9yQw8p-Pe84DLpo76eF8YYcNAsto8wrO4bb8l3FMSCr2-6cUw3il_vgrXFmCfiy_BdjNus2ZnarjA8A_8s_0k85D9Gf8FQaalJKv4XmG64RnuDKc4dGdAxCw_cgTEXs34jXD_cxAB_t1DiTwQAwATwzP9YvvtCXdUiYgML9EMASRLKdIxlCXXEig6oemaFfAyL5mdt60naYQLvDdjN1c6OiAATFti2zuCKdkTQcjeA,Deeb Daoud,
2090,ביגלה הקריות,בייגלה הקריות,ok,https://res.cloudinary.com/dn7vbd6nn/image/upload/v1783344847/restaurants/google/restaurant_2090_google_800.jpg,restaurants/google/restaurant_2090_google_800,800,450,113236,jpg,2134,places/ChIJ47tP-SG3HRUR54ILdkwM8xw/photos/AaVGc3nqXlau7RhvrC3DdNtf9IcwwzyIAO5S2_XtBTWdAN69OUysslNSizluq7p18gc5bzMk56IcBJzzCBzjN0A26IRbwBzlmuMNa8yevyK2_6gpD1lO918KAxy1OVjDpqpLJlizcDlzqZv0g4JH7qF7nrSSjbMY9JJXFdgClCjRqQfKL-41kVlL7_f8IxH4ZBTl5m_CjugBrOlgBGUW_ZnuKGP_M7dxZxAHZUwrBC03Az3gBiJj8qr7J5artT8ecQ1pcbqSjwweN34DV5fQi4TJmbgKcvGRjn6mbor9lx-EWkZ5f9w6dbWmNS22wIBmHVK88jSjZO_RXLPjkxheGvjBgyga9zN5kitE85RkYZ1DXC_EMrNLZ46ROblABQps-QhradvaLbJkKLsxCMbNZ3OyuqrwmlStYIDDIrGWgalTHEK3YL19,Keren Etkin,
2117,גוסטו די נונה Gusto di Nonna,Gusto di Nonna,ok,https://res.cloudinary.com/dn7vbd6nn/image/upload/v1783344849/restaurants/google/restaurant_2117_google_800.jpg,restaurants/google/restaurant_2117_google_800,800,450,87669,jpg,1633,places/ChIJnUCyGFQ7HBURXSsfNi_254k/photos/AaVGc3lfdbQsMgkR24lJqcbPGfWeCdSak606lAv6vRXM-3lPBNr4AB-VKiUWqMVOYW4ZB2bMA7IrrqGBdcPGSeOulDG9Fhto7B__ZWXulPWVeTMX0fg1NL945jDxb9anqlQQvGI5kc7IgGtNuscnMtyEiVHW5bW4YQ6r2Nhs4pxb2uQHcA9a_cYgqnRLtoe2HxTeZvFURV9R-gbOi4VFE_Zz3oz1G0W2DgGoDReqWU3ShvNfpVCXyfb9BedgASw6rg0fYgVc5Fxajj4N278nvZq_YO9KPnbOFOmH6WkTt2_ouvKJU2Ar7xc_UqcARZ5na_RoNpufxkzBo65iUVanoQUhW1IYD4JI8Xx7MeoU0_i2QVcmdsdjxQrSYee6HQN05U2tcWW_IN1gv9VqEAlMaejuwIam3WBDa555FkFQ5TxVdHl8J9_O,Tal Scheuer,
2128,האיטלקיה,האיטלקיה,ok,https://res.cloudinary.com/dn7vbd6nn/image/upload/v1783344851/restaurants/google/restaurant_2128_google_800.jpg,restaurants/google/restaurant_2128_google_800,800,1067,126288,jpg,2041,places/ChIJf4h07JtSHBURZBRZAoykoMM/photos/AaVGc3lx1R63BDaKLsMObjxDVV9z8QSOVRiPK6Qb-SegOe-Q6WWg9Hz1Eya1-zoE7DOjcPFjLSBnzpl5p7FfWY01bkr7sBjNRY13WvwVMe9SavtzXgq2B154WIPPA5jKI_OgrdjGZEcxM-ZciraaUWm9cpBztIbWsMV478ihuQ6XLAkJq4N02yH9epmSDBeGJ1FpGsVSEriAw0qwV8BERZJGK0pVs9odrU_FkblKPW84-79e41jJn4QXXDbTizZTs9bmHhulSK3iMDMiH1rMSR1ceS0j3kJPFzzfse8mvQ-fin3HuV6AC571h-xV-exUQQ913zXh_enDQdkn5wvNrwKItL11heBm0Dq9ZFDPUVFqzBrSKJrXqg8zbi8zD48RH6gf8ncSdbHd7S2a1N25NPNEvH_5CsLGPc4VP2-z9JpVPU3kYA,יוסי אזולאי,
2132,חיפושית בקפה,חיפושית בקפה,ok,https://res.cloudinary.com/dn7vbd6nn/image/upload/v1783344853/restaurants/google/restaurant_2132_google_800.jpg,restaurants/google/restaurant_2132_google_800,800,600,170413,jpg,1900,places/ChIJC7b6u4u6HRURMovMghSqk3E/photos/AaVGc3mWtpxMqeuiJHSTi-qNCOKRbXq2hVDZKSvYRcEjjtm5ngaoOXrpjzmFZpomJSJm2SOjnGzyvYQlaAF0FXHjEw8m_JeRaPr-zxhsVE849Xbl1Qd7lmOi3tuNcMX4xSpBlh25up_fg6xs6GKkp9nLmSkSkltM3_4iysZ0NbKJvhDw9N-0F1XtWRVLsbDw-hyz9P-fRUtWyMqjmtk0cNYD5Fnw_b4SzH-P4HG1DOukljW8OO3D0zHA4j3sru7iwezqVJ1Rs5yOyu2S96Ukauq5OwmQdMvW48A9D-sZdAnqsmpAfMgat-2u1CtPobr0_Y6rGWQKfhvw0QaIf3A0o7QWmG0FChW6E-6wWi_VZk0XW06Mq9MZrf1DMDdNdKwubKlk7AcToSGrvfoUuIbZvpFvXsdOBGe9W097rfzTq-ZCPWj55fQ,Фёдор Таран,
2152,Crazy Bar,Crazy Bar,ok,https://res.cloudinary.com/dn7vbd6nn/image/upload/v1783344855/restaurants/google/restaurant_2152_google_800.jpg,restaurants/google/restaurant_2152_google_800,800,450,106146,jpg,1809,places/ChIJD2CC7ujPHRUR3ueDvA89yjo/photos/AaVGc3lT9A-qdIB0kqeSVFnIXaoU3wyfFXaoPt2CAXFWVgyYZq8G85hWd1y4nxfDR4dUH0veTHSUZCRwlD52NZQaVEK_SUX3_R-YBnwJCSOzIWi89qnif0Q01yUSLa3cnmC_g_G7Uc326dMQgQEIvcQHbk_wElNfy18rPFdSu-uXuK3dveRjfTWIY7Tb8nyXEktembU6Ua2MespVjOJ_-ucxS1QRz7j3maRd9FsSHG6h00-YZSUqefq2cFMOkCOjbtkYiRgncZa_TNMeSOWE5FJC-ap7KWsMF5mJfDrvC0I3b2yQhFCQz9GyvH_36-P3nS5UyFMjNQsxq_FUXNbPqmeB6--J89RS8tU6SE0KJR_C4m37bfxV_bQimHAip-p0DDpgLkz8c_0TYUrpaOxdNBvjd9I1ViBpcIymarbGSjzm6UPtxWyD,naphtali layliev,
2165,בפיתה נהריה,בפיתה נהריה,ok,https://res.cloudinary.com/dn7vbd6nn/image/upload/v1783344856/restaurants/google/restaurant_2165_google_800.jpg,restaurants/google/restaurant_2165_google_800,800,534,142848,jpg,2112,places/ChIJV_HmcTXPHRURqeK61rZFYEk/photos/AaVGc3mR4Zp4VrsGMu9PQHH3Tvmjl8RaB3mBBw4ch9cN2QJccjxfNtfJTRzwM5eR999uS0tRcvRf8E5OQSxMy01o7TpK6gZ37nPmZF5E03Lnnqny06xSneAIT5IJVl6TtLPzDjTdWYnZNlBJHcDhsKU9dftKLawqSOUB3Jy6HBh6K65L_z8kKY0_7c2UghnO4tGNNbWceyeNLP0Yu4QrjAM8xsp6psF0ZDoVLxcfmelN40ZsMAfCh6A4fYxLitxjWxt5YnDAtR94T5kQqeOislhBGLbFd8DDdRfqhoE5EhEhDeceDVhxpNHvBuf5lBw_cUipzjyFaEoRNVv9NXrwQFscWTcNtbbPJShIt7sWL7mYKwWi6aq1u-GkL98xPMzf--8RBAkK8ux-qgQHGgq_3K19xaoLgRyaSfhXiWvDnn61CuDz2YMW,בפיתה נהריה,
2172,יאלי'ס,Yali's,ok,https://res.cloudinary.com/dn7vbd6nn/image/upload/v1783344858/restaurants/google/restaurant_2172_google_800.jpg,restaurants/google/restaurant_2172_google_800,800,600,111226,jpg,1735,places/ChIJtbHwC0k-HBURq9-XI-PHMvc/photos/AaVGc3njXihRTPELI2FC_zniHNfZtOy7DOk-_3SzVenWwKNRawJl0X_nc7U1oeQok2gly9Wr6mFItd0tasi0cvMzO9SQKqppJNtEslztk69CIxoFOTqOVrZWfiTiS18GaWHZ01-w2WIB8X6SkKJk8UwVaaBiHvHLuyPVtmGUn7T3Y4fqlZfGYHbaxJcfkejLd9A2cbkdTxCshTTKqktLZL5JBXCRdA279qnqxqyalZaPtVtESUQ-m3zv2RPpgKkPmnp0QaGjSAK8OryedQv7w6TYnOyooyx7f_G0Ls9APxBLor5r5foeUiYzSupd_1lfQ58FTV6IevBG1D2F-DDibjJvavjEJck_VYcr0fBCJUMJpgETydT1cS6Lw7D1EQjGzAVV2dUIDUvu8f1zAmIuSzqyZkVAcwhtb8MTIoGNunXJzmTRlzXG,Pang CC,
2191,הסירים של KATI קאטי,הסירים של KATI,ok,https://res.cloudinary.com/dn7vbd6nn/image/upload/v1783344861/restaurants/google/restaurant_2191_google_800.jpg,restaurants/google/restaurant_2191_google_800,800,1067,320702,jpg,3784,places/ChIJZ_bLi0W6HRURghN6LF-ISKw/photos/AaVGc3mejpnfgJguZTYFz8WoXo8RAoNYy2WviLG3OC_FHkiU8-eQVNDkgGw7McAWg1JaKVu0o_fKTWJr1n3IrtcS90YMLKN9b3Hk8UrzXpLeAOE2k-KwviWzwk1utP8ROuyWsupTOIzQ0R7m2EKkFlMBwkuhp-vNnxY_JBKRcpSi0znpX4ci3cc2XnbrQ5RQJfLdeEORlYudR_4ncVOnXUKWUSd_dDdddnVBh9uMb25U5TqiImbSIOfXnBR8bHL34f3NWp_7X5-ZWml06aAAIlEHhwPeTWzEnl1Bhzfn6DSagTfK1_ldYxjYrQl0NbUjvzkT4HYvEOMlzeSHBpI4ZEkekvWyd4jy0x4hWASBq3ZZjA8-G5GmPvt9ekkGZIE3dN7CiOYb8PM-2nUsww5adCoojAgpHC1pliG3aWo1dlbcItA85A,uri baehr,
2205,בית-גני,Beit Gani - Galilean restaurant,ok,https://res.cloudinary.com/dn7vbd6nn/image/upload/v1783344864/restaurants/google/restaurant_2205_google_800.jpg,restaurants/google/restaurant_2205_google_800,800,600,134109,jpg,1837,places/ChIJnTBoNUTMHRUR7D9gky5zlM0/photos/AaVGc3lUiPNVvq0_hNpHBoaXxGq_wamfpUzgqqI_OAjo2gZnXiQL5ipbKxNWk20dLALkcL7vyEkXym8l0dYEkzqyP2lnZPBn6yEdoPJLbyLh_R5laHtZpky_6tovP2H0RW6FV6iioi-moZlZR_Zf2XMjdVw_yH6a6l5x8aW_9KRX4VjxZGUU43DCk8WltS-NpZH4QAkqMW5PbqNP1wI8SJ-N_UUCYbY_qilS_FlWKHhoikEAEyOK6sZ9BnbGwc5y-0NwA5x6UU-H70V1bSVOSEc86OUG7bGxFU9X_1gDA-O_ACe6Wbny6BqEEL9wXGfDt9Va1JvnZUDZI_qShYhOn5fkO6LWkfGSLbKsRZPmyS2YdivVN5G5Lp0Jxlt9VPIEhwDwXYsCEDcdEc9E3tZYAtaT_TEl9VC6Fe47cYQuUkn2Uj-GCA,Eyal Miller,
2211,אסאדו דרים,אסאדו דרים,ok,https://res.cloudinary.com/dn7vbd6nn/image/upload/v1783344866/restaurants/google/restaurant_2211_google_800.jpg,restaurants/google/restaurant_2211_google_800,800,600,168112,jpg,1940,places/ChIJBVh1cGU_HBUR_qDLoJzlZ-0/photos/AaVGc3lkEqcIg0IezPFYWFF1omI_QN5DA0USvGMmgajR6DSzn_wH-60Mjd_diyMGmV-OkmyZXv0qpyJFdMQltqWM0z8CtScF-wvLYEkhFBXRkzoy8mRw4UUsQd8D86dY68hVv04lWcjZQqSBkGEstGdNwolg0Qxoon608s39lD7xkxkoL9GQKS4yblSc4Y8DNgjV8g4wgqdJJazZIJnl_lZOSFFpbGa97dnvfKvZY7_cg_fzWJtx0aqhQUkZpQsBztaHgZwQ_oDZ3V8ylCN8ZqX3wbWFSjOZ4tZsrWwGjRyoX1B-xBOFTGL2dU6QmjlsUAc3ZvwD8c2r4K8ne6Stgp1SjfswIIv2ezZ1DvGUIJyV5MQQTdGxqjgr26UsIQWErmwccbduVc_fE-doVkgZmJI-XnqkLaNowcJf4bXA65MLg2aZAbUy,יוסף חיים חיון,
2227,cofix,Cofix,ok,https://res.cloudinary.com/dn7vbd6nn/image/upload/v1783344868/restaurants/google/restaurant_2227_google_800.jpg,restaurants/google/restaurant_2227_google_800,800,450,86699,jpg,2102,places/ChIJ19Brt2m7HRURx5ul5YUZr2g/photos/AaVGc3kFyPjveRv5-0SuNj5eYA96h1KQfOBsMGfAqDhXSvA1JZU72e4Ic-KleK5IBgpp7P9cCXkMnQDacdM81f_o8Ly0z4qeE1KiXE9e3orJkhgPfAOraG-wUv_WebDRmMXHSgi-FJ0i6v5EgI2g0gBud0_pdw1Utgp1PsiIlpLl1ZrFNUGWlQQIgZfIbsjKkLgKp-D0IlGXebMNsdcVlddxg05oQ-rgHrBMjZkXdXCBq9UdyLKbjGLOCGIf4JsNZro6FFyz64qcph1tYUi4J6NTmLnbHexza-WT4Nmwz7lyDewz6dPozW250lnaCakNLgk-4pf_ILlzYhap6PvM4nJ4HBmiJPNbvtk75FFl3HrFqFIaDbGMHkknEw0Pd9A99_IR0KSTSxTKZWHjcQXJE2v3_jfpfCfJ_hGJboRehlwHAVOscg,סער יוסף,
2280,ארומה,Aroma,ok,https://res.cloudinary.com/dn7vbd6nn/image/upload/v1783344870/restaurants/google/restaurant_2280_google_800.jpg,restaurants/google/restaurant_2280_google_800,706,434,317744,jpg,1988,places/ChIJu0NHL04-HBURRkhSHQKBboU/photos/AaVGc3kssn9UZkvgdDN1zM_JYuK1Z1UH_aYvBP7PaB_weN67drcvd7DRo8JFxQI5OKjKCTCK2DTBTKXcEoIU6fvtEwmOHNByY6TBfXws7hAonbh_BWEengCeasdt_fMtR2yoP23Vqtvh-a_8JGqFmmb4Jh8x75PolR2DX2nxxlv-SN4cRe_TEnFSfqhtdX2IOJzPGDV4XRJ0bAZdnHAn9HfnAD2BD_kIg5OhhpqSceGsqf4D6XMc6oSHogdiDINM8ES3e_y6PkwAi0TJUoU60v-85N2Dd62M7i93GCiHMSQENOld0mX0wuaf_g53Olxf9oev2g-QtCgvvi3ZJK3QP1rq0bCiRz-Hn43a6FVe0WWIkpaFf63YB5F1RTuqkvlRiQpl-rCrKo2OBx39mcdxeFI0gTd7sUBAEFPSM8kmf31jEKA,Aroma,
2286,מאפה נאמן,Neeman Bakery,ok,https://res.cloudinary.com/dn7vbd6nn/image/upload/v1783344872/restaurants/google/restaurant_2286_google_800.jpg,restaurants/google/restaurant_2286_google_800,800,600,138033,jpg,1781,places/ChIJ36B5B9SwHRURd-NXtCVktVQ/photos/AaVGc3n2Z4BNiIaPJQTlVIH0XB_3cTfrp0IDf0dEaYNv-A9bOs7jv3eBA4phlCWQ-SxjBJQNqfoEzztSV405RzegMLOYBvmJ_p27PRz-u6zg9zoFpPVlTMq76ITT5m9J_3YiJHJS7NLIOzoGgcLk2Tm-voaED6YoSFr96X_8tDiWquUMIDtGBGBwoXoK6oesjR2ZQj0_dgYlu4t4sCtm0RxIflF6i9tRsV0WqRJ_tWaZStG-5IaERHBul5PWR-nvRkGXXvRcNTfsVcHAEdoXwlfsb8Lbd7x7h0qkjWC9_cY9oF4xEp2OliRnk50OD1H_YdFM0ckocQ-BxN7B-BIYCFRdJcY6CwABKk7cqKqSPkSw0KV_Y6DFTZA7vJNXXxZmlfZsjMdRtLJY6eWsyvY4yAuYgl-IKH-z8xXTCO8A_5All0Ow0QI,Andrey Kiseliov,
2290,סין צ'אן בית השיטה,סין צ'אן בית השיטה,ok,https://res.cloudinary.com/dn7vbd6nn/image/upload/v1783344873/restaurants/google/restaurant_2290_google_800.jpg,restaurants/google/restaurant_2290_google_800,800,600,147022,jpg,1606,places/ChIJt2nCZ0hbHBURLDYq09qoabo/photos/AaVGc3mHrvPMy6DRQ-VM37IJkA9cAi2tmY3VS3zNjTIQBiIPDln-IDOPprcxt6T5H_zKMBw8Rt5u0u0dRSNaSTyp8K2D1staD0H5DTdMVi7TJeIZspTcWzRG-GWCwlnolx9tpbdCqMqgql-J8TeJtY_QaUx-nd01N6qHxexe5w2h39apaMamjlT-9Hwhop74s2kkTDgb3RgnW9EiyklVjl_MhSUNWzVXkPNHXvnSk6qn-0Yof1XgM_N_Z8I35lZ958N4wbAWyNrBvlgcbiydzwS4eUCmL-GMAit0JNUcqBjVzQVHrLXhvCzyz1ORB8Hb0p9lbYGFgIX2VxyjSDnqWvLYU_2vc1ym1y3L5YQXVMkRcuDONmW_9iTzcfIsRwuyNDoXAiviZe61hAjYo85oR7g34EFxSopuw-Jxj-k2nfjMBVE,Kobi Levi,
2301,טנדוקה,Tanduka,ok,https://res.cloudinary.com/dn7vbd6nn/image/upload/v1783344875/restaurants/google/restaurant_2301_google_800.jpg,restaurants/google/restaurant_2301_google_800,800,600,146301,jpg,1705,places/ChIJW6X5p7yuHRUR2PVS296UH5k/photos/AaVGc3msV7aI4kZzYBFxfbkS0t8IS0J9C3epXAk75ZJiYTr-I2lBtkGtRh53W2CWUWF9OfdR18oLHtvZujrUwR2WMwY38IeuEVpZz0HuV_GGecZhb1Lt5cg5E4WnXEFgu-wWgP1huZWRvdOc_Uz6QfemJYYrx2DGxGtmFT-GPIN9ikdCMdRmOxXFGE9pHVfLcXbmUcwkCm9tkKHOydAfa-6BvRUFwYGlWXgpBwxj783eLEnFXAGzdfcyS08S-UxPJE_lGecreXPb8C0ol85bvqOsBJOGTao74wWVmCEPVWd9jHA9Ousc2-IIdh8_MdVb9MHwB1G-AxGt-v2jOcXkSkfS6UEWBKfSpd1vld_ToBEl5aCJ49lgBAcqnQsvWCf93BNWa4IFw0wwUdipXkkQdBJkAJY2JZQd9fIsyPBJqOzhCt_ClA,Lior “LBD” Ben David,
2314,קפה אלמנט,קפה אלמנט,ok,https://res.cloudinary.com/dn7vbd6nn/image/upload/v1783344877/restaurants/google/restaurant_2314_google_800.jpg,restaurants/google/restaurant_2314_google_800,800,450,101578,jpg,1798,places/ChIJLTt9Ucu2HRUR5UXccATXLzY/photos/AaVGc3nPFC5Pq5c2TO4KEK1RTbN8bfYhovUW5Irq93ttvbFklWAI-Gs3Fk-m1sogOTqWFOxyiWNufOvLI5b5SM-yKaQiLpLkndMv8ID9iY0QrJo95LZ74GIGPD723odiMi656qlSsbPcgnyUz_JfPX5P5d1EXElIqQovo0HaO8RSG06guqANX7thaJIXFGVlI9cO9tiaTHyCrZ2yZAcewCOgoltaDDUF3P1KE9OiDJNss-vXCgdDpZDcxBtMxUR8zzvOCmkwt13dkRh-TxXEFa_8spPLG6-bVoRdbPXrPHkYAZtuly0le7xeeFDumhmd9_SuoT9Hpf7hpCwuJVvPM10SZSUt12dUcFuzCSeHEud625dqIYboHCRin1dAz9S6WkdHa8ihI-J-4WcCyQoEgt3s8y_GLFZ2Synzxnd78FBKnvGWAoms,רותם ר,
2343,ביף בעמק,ביף בעמק,ok,https://res.cloudinary.com/dn7vbd6nn/image/upload/v1783344879/restaurants/google/restaurant_2343_google_800.jpg,restaurants/google/restaurant_2343_google_800,800,1067,187622,jpg,1992,places/ChIJAyIravhfHBURw-17kna3DAA/photos/AaVGc3m8CgowJKMo-iCKYjOeHyC0BHdrrhET4EI-d2MhJn9AA9y9dz9t-Q5zaZQWc4Fn53KN6t53vBwIXj2iZoe7LMLj1W05NhyNNpsogPYdls1Kfa-tWbpDfQNO_2otuFe2K1usmoYsCgxTAx4TLNg6FsWalDEwacpetbBhuNgRQWj3zKC4jIxKzakORMzuRKhy_csmjhu0GA0QyfjXIgBHCt3jhMyYUS5q20nqj-hMWWZr7E6XZNlsBkG5wFx02DjZ-fMyGrRE7X02F3Que7ibDOe-DsUtlKw-9B8GzcpdI2B1R36THy5fGtI4DYCbnnj2sYyB6XdX9RaWgw054P1nCv1MGZvIB3aLJi9PWBsSgwMzTvqHdm1thel5Xp77M62DF1SgIxfIrhzle2YC3pLCWUB8BFOVCs3PPb-JDtryigc0CnO0,Niv Shimoni,
2344,פלפלת פנורמה,שווארמה פלפלת,ok,https://res.cloudinary.com/dn7vbd6nn/image/upload/v1783344880/restaurants/google/restaurant_2344_google_800.jpg,restaurants/google/restaurant_2344_google_800,800,600,131799,jpg,1632,places/ChIJ79BtUke7HRURy59d5FowFfs/photos/AaVGc3klYwYHAR3jvtg1id9LU8GBOfPtRlzbEgv7xCfXQLEzDSmrEp7xJahVS9JHFai-RLiKYLPGLYyDDN6G9YJBFOEU98R7JaXxR6uW619XzjQjOUTG6Pi1n7SXLRcusWCa8wHB11HFUyuSU74YurNOtOzM8KNnkX8i00O5Lho2Jx1XNeg75jQDbGN3hKa0uE9ghBrOZaGhfWNI-T2MsZsvBiLBIQsbLJgUF-SBI-XjV6G5bIb6VVat1tzibKRZ_u3R74aZDN4XqfhE80puMF3WipA9BquaFFOfgZCJK95hZEmITKVo8QwwThXUdXjW4cFNIwQPuEUhp4skW1UMTAVyzfGr5-3DEj6EKzswdrKlY30MfRvBMtuN_-WNGN6GxD9ytaxZKBe-XPd0Sw68UUgOj2kGn3U4WiQeS0zGA9CSKDsKXvA,Eugene Bolotin,
2351,סנדביץ' בר זיו,סנדביץ בר זיו,ok,https://res.cloudinary.com/dn7vbd6nn/image/upload/v1783344882/restaurants/google/restaurant_2351_google_800.jpg,restaurants/google/restaurant_2351_google_800,800,600,129417,jpg,1840,places/ChIJxwM2u2i7HRURrWYyNO_gckE/photos/AaVGc3mSPybXJfzNuy1vNHS2yF09iECFV8WC_lQ0OVa_zmeq9n0WzuSNnz0MsT-YgqCMRSrteHCfgcl4SEZay2rxLCtk4Ba50j-UUjr3NPDr3vZ83nsgwBlvJnseExGHmB6GJxniYgtHpVoMy6TPVsh25jVE2b8-YGJd9jnAu2aGszn7-FW1DVmhvb4IiZJtyTtU9_Ha-at-2OvFL0SLey-_36G8lUHe-C-QHe3I6jjh7s47S-5wmysUTU1KI4WoOP6YGwLnP7ZSid-aiQXGFZQ2KWFKEV6GQWTqPryFtdeEr2gO6W9vDxEI5IwQJqWVHpDWXWOBiyHOvURsmzdpv9IA6OGb9sEXrEYYvpN6qJ7a4aAbXynBCbqayRHfuc9iDmm_0xWelBpP1gJFEHqcnxlJKPmAxmgsW-UmDKvESqlHeOoHWQ,Shachar P,
2366,מוש מוש טורטיה,מוש מוש טורטיה,ok,https://res.cloudinary.com/dn7vbd6nn/image/upload/v1783344884/restaurants/google/restaurant_2366_google_800.jpg,restaurants/google/restaurant_2366_google_800,800,600,103461,jpg,1631,places/ChIJTWsWcvjPHRURGE6eu5IPOaA/photos/AaVGc3nEo9xhwxwQJHZMn0F3GwC3zVI8NDrCx_Ko-MKh6DMotZ9DM7-fwqqCqjZQlSJ6Cq5kCn_-S25KrRUNB2tedlsZ4mqesu9wNhmfBijCp2kqSKXYXFk2X1TRmMxedn9eRwVzhtk2clMagA0wFCbKF5WL9t50zWfYigtk__8lmtleVN2IxrxmCKcvCjncd2nxV8FVp51C_u4RWwjQonS0zeuvxkL9xoGc9s0bsQkLyebZp3yx2KcGTZYslP3nXp3wc9AY8x2nBpHc-He10OR9R5Su879OzBQz18bwwNzWo80w4j2cEHhRdKL91krH_TPzDrmwXN7TliEgsI6MbponSRNKhMHXYWvMbwqoMA821CNrRl39i5WttzkDVdJOfszcgpCuHIrlul9LYScGmnTQ12W6Uw1znSbRcdTeeMvTaXai7w,ofer amar,
2390,פיצה לצ'ה,לצ'ה - מטבח איטלקי ( פיצריה ובית קפה),ok,https://res.cloudinary.com/dn7vbd6nn/image/upload/v1783344886/restaurants/google/restaurant_2390_google_800.jpg,restaurants/google/restaurant_2390_google_800,800,600,151559,jpg,1633,places/ChIJ8Yve0AVVHBURF9qTrxFKSH4/photos/AaVGc3mIOKbyKytx-fRJklIKnWg0CdP_OHW_DQjaL-rHlPYbl7eSTWGeYOuRG0-zxapbNBKa3Zxyj5VmtRpF6RnOb17LkTMPaL52lze6RpaWKLaI7aje8y1I7Jb8Q7qUxCThBvpBX8sLi9RnzCuDKKDOG4Y_DFl3jsdeqRlfxoERn9QNKlcdFjy_ptdXm6lZbo1rSEIbf_fwqyRAie9OAg2cYIQG1rUa2BvvK929bo-Qzcy-_v59FTooft50gUeWcFPA9lKJ2_WDNZ8DAc2SEymXRZ91xGIwyk-iuXk88Jsw1jPPB6yyE-cZFmFfBEuXbPNzcuTC7bUUmOrjpptBCitha28cHZuIQmXG1cTHk10ANyw3DkBMle6M978HoJGLAsas0NrfCHzc_CMPZ2IhSx0H8s8zu-yRe0AMM86kpIYdbDeftFix,mashuit,
2395,קליל- טעים טרי בריא,קליל טעים טרי בריא,ok,https://res.cloudinary.com/dn7vbd6nn/image/upload/v1783344887/restaurants/google/restaurant_2395_google_800.jpg,restaurants/google/restaurant_2395_google_800,800,450,69444,jpg,1634,places/ChIJAbBegta7HRURGOyyVVGV2Bg/photos/AaVGc3k3qCQuTtfR0WtpgZxjgIbkZrCTM7e29PqX4-YS6P0JIc1tkIwfj700lxFtafJR4PIl8ep_GV2OHuut9S_KL8VCByiDD5JQF7JOvZxjj4p_B9yWZk3-Lih9TUPYB_pjDjIguiCMcNR4nNThpD4gCkkbb8Eb-EAPt0BbQjjw2L0TVkkjMXIcNzP0491-eA39xcuA3eFlOawAWVE2TbwOp8QP7q9_DywJ3OEPmYkxL8U_ah81akI0UcCi1bvSbFO4nT5nALHYsTF_bBzSMLC78ukhSiptRhes3_dAddDkK1PcBcuDHeS8RruZ1SMYMVz6HY_TU0GKd253rfyh7_-sa_jRJihjJ1oPdAiMBT4OmUOTtdVrzCXERkWdEHQ7xygTjI_TAhc9JLsAUUvswzly73X9HSGf8mzS6l9m8ciLxhbGSw,קליל טעים טרי בריא,
2430,שני,שני קרית אתא,ok,https://res.cloudinary.com/dn7vbd6nn/image/upload/v1783344889/restaurants/google/restaurant_2430_google_800.jpg,restaurants/google/restaurant_2430_google_800,800,450,106148,jpg,2043,places/ChIJo8AStsq2HRURG6z8cwnJnr8/photos/AaVGc3l5E0mxoooW63jsQjVD9pDO77OIvJV7ViWBMLmT7o67D7Mp4DC4oJiISD077cSPbkv8bqyQVjPx6QrZQGUf4AOqnt5xYce44qCrnrKdln7QRpyZlxYi4YNeqM9P-aHgob6tXXHPiO1xa_P-boWYK8D2kXEBK-1ypjQRmSFj5BB2ZmRi8bACIu-FwKrvlB5oiVen39XEfT_J2uqOsPlgFEEUNCeuHhpwC0wKwYFpA9FFOxni_4dlA1r8KS6p-YarBE4ryfz5kvUBbh9rjSfuFN94e9i-lgDRwAUHMGNFuparWM-9V_wWstgmMm2df31DVlRRT2ke58PqSAqKD_0Km9lkNaWE5B3qiKtiJb43ABpc2Xs3f2WiWvtYU5lyYP8g-rs1eSq0Sl35u3_feULhR5QYFmZP0gkhcK-E5FjvyX_tELU,Daniel Kachura,
2431,פלאפל ברזילי,פלאפל ברזילי,ok,https://res.cloudinary.com/dn7vbd6nn/image/upload/v1783344891/restaurants/google/restaurant_2431_google_800.jpg,restaurants/google/restaurant_2431_google_800,800,600,147654,jpg,1944,places/ChIJ2RSR_3gFHRUR2RhSWQHCOlQ/photos/AaVGc3nKu3J8KbiFlhXc0LMhlgfSjWmO6UXVdoKLKPteXEpRyeiCr3O83egMtMzwgD8PLHEPL6dCOAURQszsiUw0r7V8aQeVQCeS85QUJITjHMvLzLN9ulUYywMsS3NVg51CjAqFwSYnzS15vjKpwITH3sO14YqA3ikUnRkSVAqAY2k-5wxDZccVmI3tdbKSrpzYzHAfB9BDPqaAKVej41iyprtwkOvxpU5n7vfxNSf-5ghCF1pPJjJOTSncc4eVh85VFbmp-HmJOiAYukvqUO0Ots2db0Je5ySFyv-DY3d4suuNOmGNPVVb5W46unFSD0FX16LkFyF5--orMh-JZbEpaZ6lBc5pf2BtxYFQZ8cO9gjzOEgvb_JGc4UedoJxaIO7Qgu0oAJ2c0CcxJ7-oLVttBA-8KhIiY4W31cgP00Mw-J_ZMua,Lena Mimouni,
2447,ארומה,ארומה-Aroma,ok,https://res.cloudinary.com/dn7vbd6nn/image/upload/v1783344893/restaurants/google/restaurant_2447_google_800.jpg,restaurants/google/restaurant_2447_google_800,706,434,255790,jpg,2039,places/ChIJUwEgE8JTHBUR5bNiGV4yyIw/photos/AaVGc3lkmSlx0NQJ_lLdYfmWRnBww6-w2fa1U8jQhbsRrI08c6QbN4yCVV2Dd0E_F_sT0yRrs1mb3r9lt2GFvXNTBayID8a_EgDJqCQMoGQdsZzPeczYQVq3AkHpZXuQtqg1mqDGkWHUjYbCfF7YcunJZZ8Nrk9Og0-p4juSphLZGXEhgV1By6rbadoR-fHpyw8JFK_y-H1QpfI-GNVcrHxUwSnW1xxiaxy26q9030R_J1t4uDBQ8YODa-Q5MQR2_sp-TvlHbXMysLjs9JJEyUO2d6QVSHmEiAJnGWBJsuH4PHPIweVCIbxlAML-HiNricRfsBuTy_Jw7xsPbvENKIfmPhpcBWwEb0VqWRel9LLFDfzkbe3BCPHJHQ85tWFG0W1ZIIPUJMgVb_IcVOBF9wpgCD1Kr2-ick7EC5zqgmn5liB3fg,ארומה-Aroma,
2463,חומוס גלעד,חומוס גלעד,ok,https://res.cloudinary.com/dn7vbd6nn/image/upload/v1783344895/restaurants/google/restaurant_2463_google_800.jpg,restaurants/google/restaurant_2463_google_800,800,1043,277967,jpg,2584,places/ChIJvx99aSe3HRURaFqBxzoLVJU/photos/AaVGc3krU2FsvBjXtF8F3nsFM-WEtiv9mENTLV58bGk2eQCvSFtAmJA9SX7yiCd9axNDpn2k99GfMC3FJiqVdiyYT_XYpTcBT60NMWHTHzdQgdimbtqm6gOoTNqGAArb4zyZdpR6ZfpXcwG9kKr1gl_LCwCyyTMJck-sioD6k8XplkAC2USqIHe01F_otfpJPzvybdNqhxJiCBsDu9QjZgSZ8dc-SzcZa_x5xUEkWfdW8JLG2zuQLnzgdoDSQ04ytiIjdMaViiQEmiSrRM88e3iM4vV0NWMXVl6KCSqb-_FS-Cz_hEDECs2I-GgjQgaOgh8U7j8LvY2NTg4ZKKpe2bDPuYJzP_rY2vw53PkTTfHsKNIPfh66liD91FEQgh6QU4V59JjsD9FH7WE46kH9mwKwUzpPwjVyz_C86UaSy6RUusNtS3_Q,חומוס גלעד-חומוס בקריות,
2472,דוס לוקוס,דוס לוקוס -Dos Locos - גריל מקסיקני,ok,https://res.cloudinary.com/dn7vbd6nn/image/upload/v1783344898/restaurants/google/restaurant_2472_google_800.jpg,restaurants/google/restaurant_2472_google_800,800,600,116597,jpg,1687,places/ChIJOQ6YjgY_HBURRQlI_VnvCPY/photos/AaVGc3nKEWalMRJGDapU72CxrK9Ea--jTNQJy1PZoJRt8vO-BQ63Rx_RXifepLcmKSZVs3N7DEwBSRIPlsj7Eq-BXps3lzf0eANAWR4zbqEnQ4IeGRbbNgBLMNjFOcD7LzSDWrbC-6uhv7FFJC9Z-J3Glqs063SokMSe8MhUhucH_ktPcmT9aTWPnCdBB3Znf1VcvcbORiUfC9jYLtteuX9t92d_Adwmstap1sL3f3P4Ajay2IpDxetCvnYatrPf875Pok60LRg1K5X73WlzTO9_1zh-OCcnPrqZqBIQAhoEnfqId2be66xCsP49dZlYuPk7dNHrX3KXpl381qI87A7-zedon5Syz4K3PE9iLS74cY9xP9n-OQgZCw3jd0PE7ylqwFDKcEPJMNOArnhBAwOgUbCFgj5YXr8vbeQkPl3WzSkNOw,matar hagav,
2476,דורון אירועים,הלן דורון אנגלית כרמיאל,ok,https://res.cloudinary.com/dn7vbd6nn/image/upload/v1783344899/restaurants/google/restaurant_2476_google_800.jpg,restaurants/google/restaurant_2476_google_800,800,533,120263,jpg,1655,places/ChIJG-JiIeUzHBURyEQjGgso0Bs/photos/AaVGc3nGA9igOIWDbWsMsSp0S9H7erDYJEhCiTddlYF4_28_tVpjmpUD25S_QIxxPNfoanvvwP_RIRhTfEsCLdOtY7OKQ2XN5u7Ocb2q8WtkfcJP2pekgplgjNcQ6R4K7fgalBdvOculxAug-07K5-NHpTaAOp2O01A5fH_rOvGCv8nWpgWuKBcJslqac0BadNWuW6EN1c9-T2jz05rT5xpeVt5w1pZNjLYZbJQUy8iTie5feUbnPgoPW4TO834ZqJR-NJ1hHs5MEV1VJBQXIB4sdsIGd3X4umFbaCaTA4_iJIN4BtkXUKQqCRqeGO6AJT7f3_iRsqi04X-kTiWPHQvjBfeWxxcrdG7n6E5oA89pQOuNExQtLvskd7oeeR9tipWeF_NLt_kAs4s0oaJca-Bd1GNVAYPMmQDWnHGOvfyDpjncmNY2,הלן דורון אנגלית כרמיאל,
2483,הבגט של אביקו,הבגט של אביקו,ok,https://res.cloudinary.com/dn7vbd6nn/image/upload/v1783344901/restaurants/google/restaurant_2483_google_800.jpg,restaurants/google/restaurant_2483_google_800,800,400,91211,jpg,1325,places/ChIJ99Qx8YnTHRURZ1xVIoXnZRA/photos/AaVGc3nZ9DlzakurIAzVX-W9CvX_ZjMzLwjDcMRVy9rVJPRDunek1J0yYwJoSjhvyp_JZxgYrQcdIENwgVQ-96iieVEkIU4rsbTQTs-_rsJzVHQEnf3oxS6wFYJUmzc36QoB4YKQyX9Tbj2g2fzS4PoAS-jLKVUG4vLy9oB0COUvC_b2Fl4ZZ8CqRM0ru7tt-q-QltZ9OHh13L3aL2Z2af78uA_jdgFXqjNs6cmrpqB-wQYUM8Pz0dUfqh6sk2GT4FAFiv7f2749EpPiii01Mtu5r3910ZNcnk8FAxp3YNvBh9iid8DggWCZoUSqGBNi4KP9FBjtWF6o0sCzIl91kOKqgpZZrYribWYLudRztA8bZV1MjXR9HLPzZhLta1VMU-9zIq_L19ZiLqN0AHyANo4o8zO5EUoKDIDfAZFl35xtU27o4wg,Nadav Strumtza,
2490,קונדיטוריה שני,קונדיטוריה שני,ok,https://res.cloudinary.com/dn7vbd6nn/image/upload/v1783344902/restaurants/google/restaurant_2490_google_800.jpg,restaurants/google/restaurant_2490_google_800,800,600,153031,jpg,1738,places/ChIJV_rIIUUxHBUR4i35iFW8j4I/photos/AaVGc3kAiABstVh32vPm9_UnDG0g0bK4RtxlSu3sbrjusRnq5hPfKiL5v_JKHvXHhp7OiC7f5m7Yo0ipe6b44pFKpkxa6UjJaif3y3KWvUZ4jLWQpRNu4fOuW35gmwwkrEPf9prWOczUegB5GMBm_N-kpx3MCaceVQ8kPh34Qj4N3ZrMxFZiNOpwG7N5rzUsbneVyeBmMr3Dw4lKLhiyRSX_6W08ESUpS3rF53WFQEzPcm-uj1qfzOoSVOGkSqSNt9WTIQL5GfFyV93dQX0xqwmIjADQc1DRHqe_XidRNGB8_C7L9y-u19FmTEhQh19tTs1dqcORDSmJu8HI98Ry4jzj2teHQWHySfngYT45HuZX7Zh6wx5YCfKmC5jyyCsiNqXs-5kM1oAXWbHwu_dJHzpEw_G08VGNtz7pyB3AZZwkgC2KGb7e,קונדיטוריה שני,
2502,צ'יינה ביי,הסינית הכשרה - צ'יינה ביי,ok,https://res.cloudinary.com/dn7vbd6nn/image/upload/v1783344904/restaurants/google/restaurant_2502_google_800.jpg,restaurants/google/restaurant_2502_google_800,800,600,166558,jpg,2041,places/ChIJ3XN2j1YOHRURHxWZtz_g7uM/photos/AaVGc3n-ctGyH7mbpkJhwSsl0tBiOHRTY_ygGE75yfqzeEvavmkQNPEELjqAJnqb-pNaTyj_C2oFBJHhXuGkX2GMdSZw8jloT_iv6nPe212b5__4wdgFwSLtjMiFuJupGnch4O6r2tWp_zNe_WdhMBqsYpxDmgQBPIyx7EY3fYFfI5IYQUjaiYVS-V6TtW1v-Rnm5Vnhzl8CqlYG41HB1kwsU2wLMl9RoAHov-QqS7PxX8Obz7-btkVAvmauRtN8coELwXgPd-nnWgg8fN57Dbl4WWVU9nNujf_0MOjWKMrIeZNA0jo-L_LVui0A3pbyoGtxcJD10KpyvtEJV7W9geaFNPvU_JdkwrYz0K2B5dhBkeOZeszcyKlVQLnd2VbG4Db5t8ig4MkN4PFFbU6foBrL5loredU-dmHf8nSjbwu14k9rXodm,Mark Mostow,
2506,קפה גרג חריש,קפה גרג סניף חריש,ok,https://res.cloudinary.com/dn7vbd6nn/image/upload/v1783344906/restaurants/google/restaurant_2506_google_800.jpg,restaurants/google/restaurant_2506_google_800,800,600,208006,jpg,1940,places/ChIJnzLMNUkPHRUR2Wpbx0_Ot1c/photos/AaVGc3k--7q_-jrn67osItRpJa8xD3yAoHsU2vdmdtiSui6N4Tb1j4itKnpLeYF1R7r6ftwV1Uk4wWh4pqNi1JmnS5mJaIuVmdKtKO0kemzFN62UGcB-wvFTGyz0h7m-fl3Mu_CLeFir0h64Qi-70SbHplE2xuNq4noJYWqPqOBt1ugT6bphptdpwZRKMo_xsdWMr9YaNi72Mv388o7bxQvm3DXsVScwof7Ha03Y4UNScZkex0XWtlxh6xUoD7Lin5v9ii17J2r4tvMGAYPjgPZaxRil__Dc1P1j4Y364EnPD2LyJNSZibjxkMCQlqfDsLT_vfNqvnSdmZ7Um5JtI69P-YawEEDJ94GehqJmbAUbVBTQAXQ80GWPwOXtchHskLjYESF6bf_tjCotKJROEAjGyGhSX4yBeLZQJyqD8GY6Zzm8Euc,David Barkan,
2534,קונדיטורית וולפסון,קונדיטורית וולפסון,ok,https://res.cloudinary.com/dn7vbd6nn/image/upload/v1783344908/restaurants/google/restaurant_2534_google_800.jpg,restaurants/google/restaurant_2534_google_800,800,448,111472,jpg,1634,places/ChIJP1wdeFnOHRURgynXeYrxsxk/photos/AaVGc3kD8Ht_raY3xewaiIGq2boglmMNAKZNtgvi1GtET58UDlbcOs8Wfe25FsEliBLdPoIikp2eE-p7C8J6ensQpAelIXbpLzMmA5MpuFj7gGEXw4U4ja2ZzPI67bhKFaGsDEq8C7UZ7VQWOY8ONsnHr7DYOBuqXuAZFBs9_qL5PMMoG-ZEgi7TeYqqPzG2sGsd4wW9xQpILhZrgsAA57EHKeubaPT2hpTtFmcnqnlgcujTH0PgR6Az8ITOFwoqyVnr4ulUE80sIP7NCOx6zaTxp_0fnYeII5CwSFQoW9dXZcBIS8eQNpKgWxsMwmQNsq3NSh34p_ALQsSwbegswSL9ujmxYVnv0ujHAP3Co8A6vHh2fEP9Kn_xwQhbugPbjlZmFsOYcDizTzvlk65oCGwZeEEveu-VSEU2vqRMqHKMM15yTCs,קונדיטורית וולפסון,
2538,על האש קווקזי,Бакинский Шашлычок על האש קווקזי,ok,https://res.cloudinary.com/dn7vbd6nn/image/upload/v1783344910/restaurants/google/restaurant_2538_google_800.jpg,restaurants/google/restaurant_2538_google_800,800,1067,186632,jpg,1939,places/ChIJcbCMLWu7HRURkKLgK40BGdY/photos/AaVGc3n3GVBOzq1x5XW_n5JVjI878Fk9X3e0VCZD6NJ7ZtwmwYSmNWEXtvSKewv5LdXNm1itoSDaGUdG2zltb-0faPfxXQImhxf8iDeKOww1GyGZGw581qXPduJVRsW9gmWnz8elVjxKU1r4aTzt0BYw9_1wBlu2rZ2lNi42sLTpnjnFa9-NWBGxWzv_YnTfIsx3FTJ4ChdOfH7o-W6jNBxu1wpW8GRbjDr6Culj1NLK-uHN1Fz8KMhBntho8vaH5JFwkvjnoGQaU_QJkNsQMP2AVOY0sql7ds4YXJ-Aa6YMklJ6g-bDFZrozcP0Hpb_21x5k19-ciKngxPzpA2MP0pL4MiV9UE_Mp_qzh9HLUtSVbh3q_7yxTyCtKRSvNm2zV8_svjOBX6dxzw6NnzSiDgNDmOmNUe2tKybhz_uplAQrmW9vhur,Igor Loginov,
2544,המקום של שימי,המקום של שימי,ok,https://res.cloudinary.com/dn7vbd6nn/image/upload/v1783344912/restaurants/google/restaurant_2544_google_800.jpg,restaurants/google/restaurant_2544_google_800,800,600,126839,jpg,1748,places/ChIJ5QGffGo5HBURyZ22BIVlfdE/photos/AaVGc3lqUOxPUX2XphoEOG_HebrBPT9qgfTBQKMKf4Pmkvt8Ebvz8-P17ikq0jIe--7yu5LCi6R5WSI0tl8MzNKaik-JKqxjUnjI_OTTWUKQ3ive8XkAQDPgB0u3LmK2Mi1YmlXpoVRdGSrOaUGRuum1E4VaTWNAUyLTHhIqOTW_IHcSAgEmDNCNSCLQu_hQd0IWP11PJhEUrqwB16yF5lM_5ShlyGY2vLisevbVl2CejHhKDPZZq4dvgM5o3oPBAI-oDGgUg-NHTu5PNkBKLkIdGT-VYcsxGY_KWZoeEsFyviWaLkIdw29Y0Eut2O4rwbWuj_g51uObWo74hX4PGSqHfm2HMYsHlZPurzXvzQ6xLGOJY-owkracRADkr8H0NHWzHII9IG6b2qA-tZpCdCqSuk33yXitlRRAQgCGZmP5QSjxgyo7,Shber,
2553,פיצריש,café פיצריש,ok,https://res.cloudinary.com/dn7vbd6nn/image/upload/v1783344914/restaurants/google/restaurant_2553_google_800.jpg,restaurants/google/restaurant_2553_google_800,800,450,101374,jpg,1836,places/ChIJqbklqn8FHRUROyy80rj6hpc/photos/AaVGc3nveUyh9qyX-2lnE_53-IM8HVZEd6DHYR-jGeZ1OoCWlD6EM6hpJZTubL2B1k9oug2A0PDi_aMnxtJ517ZRIbBxrTr4EU4hVAToLszF-yiWsjfUpmCTnkhOlrhe97HzSFqroD8hwCi2Fw0EleGwm_pfpz9XW3ZRai8096b5XIxsRTWF9ZKjKF-aobUaidYYM_Hk4gP9EOJ1J-adcNTC8NEAdFwDg0gCcS8n_vS4WhxF7WkE0PZNqnaWO5RouKlVJ0t4wLgxgT7NK0qEgOz-M9LOrf0BWxGr5GrSVByoImBHQtW3wU0oli3-wfKsdfwfoZtY1x9gitqzzZiT4x7JyC6ESRE4xYyiL2PU8zv87WYpK9Sm1fLDfYX2OtviCy2qTZJeLHzMSC5ACQFuWWIXdxzXdquTFvpOC1JuSa1j02M,Eran Dren,
2567,פיצה האט,Pizza Hut,ok,https://res.cloudinary.com/dn7vbd6nn/image/upload/v1783344916/restaurants/google/restaurant_2567_google_800.jpg,restaurants/google/restaurant_2567_google_800,800,600,139740,jpg,2030,places/ChIJxYxZOle9HhURkjXe2-2bXyc/photos/AaVGc3mis5zj_bBeG7lA18e2YTPryKr9JnHvIzs00BX8S1j7orN2VooSuSJKzy9OLqa0Qj8P6ON7SRpiRaE1hFUUyvPFof65jWXWDoY6-Ky2XZP0vUK3uKUF_e2veHRt4LQj5qGmd_OHY0nfTTdNMuVfEQttZHGVLwQm30KBZ3kwpuZU-Gyknwc1wUg027JkIz5BLp2tPpikajOM0kr1zr3NqUkgjd66-2RLnlpuogq_kv_L35b2V9y63KfKgBPXfccug863NDW2Vc6kqUB1ctvoil379RHBdZn6o3hjAJA-GQfJF_Y6VxebxbZoFwm7-8vjEDImUpazpg4DkWw0icqv2Sg2VlG7cdOehQxGBq5J9uzFpQ9frvQp3dv_ObficqZCLX9TXmOw4OWfdBBCQqSDs9aPg82pGWUwyPhYP9DKZx_dW-NkqEAocAMnqR6b3w,פיצה האט - קרית שמונה,
2581,קפה גרג,Greg Cafe,ok,https://res.cloudinary.com/dn7vbd6nn/image/upload/v1783344918/restaurants/google/restaurant_2581_google_800.jpg,restaurants/google/restaurant_2581_google_800,800,600,141521,jpg,2419,places/ChIJlYPgCdSwHRURSv1kWagk98c/photos/AaVGc3kK1ByR9ceRoa2AKox3PBgCeQL6MolmF2hij8RKY5DL-1uRFhD7KrshiSpR_coASL7UTUecipbIYB8lW2180oTLlBa8mBaIyr2xAhDbfRjHSziCiZzXROZ4c4bK-KwkFAILW0Ua2TI53GYHd3kXKsUQuGXN7hQJz_cRkH_RgrLTwcT1gwtbANFykjxWprq2x4Pfhf9I59rGEKQqg32IkgJnkDXqOXMupW-IP43sMOvnmq2bqGd6wnvqCQArSuAUQ_tWjIAjAahPQDmEcowfLTC15dzekyTdfjiVPlmyqERT_d3QBB5TDrpTQPXaDBSW0mUVhENVg84FPYlvGfWYwXVsi3PulkGX0nMadkDirXIvusvAMjmtxWr0pbI_UsI_J-ofl8tM6cTNVZ3Qq-TDuQfqPJICemf8fUxRxWj13-_CBg,A B,
2583,צ'יפס טוסט נקניק,צ'יפס טוסט נקניק,ok,https://res.cloudinary.com/dn7vbd6nn/image/upload/v1783344920/restaurants/google/restaurant_2583_google_800.jpg,restaurants/google/restaurant_2583_google_800,800,1067,117907,jpg,2177,places/ChIJ09t1TDWxHRUR39qz3aIQeIc/photos/AaVGc3l3fF0TuqvEzetbbjMrBnUq9tolVWRAa9CvvS2XEyhb6sPFiVKpSEGzWrv4yVXL3uqAogiEyj_p-Ef1zh8K6iZpWTF1VIhN46c1nYQzHfq-bLMfT2PhQT17TG3qoYwEwfH-lZqn1ddqiMYjIdJbsJauZpfWinOANT7vB4-wEw3kPZf1FBkyMZG19urbJQPtTLeQpwQuw6SbtWZOpju4fFE6o045AtLEE10CYdG3d0W_s1HSGTOvtdrpeJaFCeo5j0WNXJmIGe3MgMCmHB7EY553hCzPG_t8hcWvhJeIngR10jB9_pkjyoTs8lO44SKKo6LZs4z9BogqifqgMAzG1-x-3gixOR-wEfxDUHreayhcIgrg4y3UgIbApwhkzIIrHpHjR1SLuhMbWufA1KSL922Bxyx2xj2MBFkNL9s8bg925ATU,The princessfox,
2589,סחבק בא בטוסט נהריה,סחבק' נהריה,ok,https://res.cloudinary.com/dn7vbd6nn/image/upload/v1783344923/restaurants/google/restaurant_2589_google_800.jpg,restaurants/google/restaurant_2589_google_800,800,1646,208534,jpg,2553,places/ChIJxZwxG0_PHRURGaCeMr3FG_o/photos/AaVGc3kF2f03pihZLA89SbVgREdoUy1i2hTz_pjUcOBNEKrMY4g_eGTSVpP_jsWGS-SzFn_gaEtsrxZyZKZioYwW3nVDdPTOJv-SWGeTQx_uWLxANPPLrBnqNOrUl5PhnifQqYN1mi_nhW4Mv1sE9g4WOz30AGJPDSbp10Lu_LPFiRDHVs4-PE8jy36LjTVBrBpc8PXS-Uob1F-sfttjgeL8BkRlGPourqRd3ojcJnWWNI8E1RQwXBhMPlXst9fBTzMv_1FMKAml3Cqpw9TJE-ArUx7fTF9KpfHZ457c5OJ1s2FQa5fPbM-WZZwA0SYvLBaL1Q0uDsSVmk4uhMfx74deuK__I7Qr9CBR8eOQoYLFuIo4YOf3clv-BSXMwT9V-S0xhnb3t1IeeZ42fkBdJli1kr87dOzfZ56TwE-Qt_4Vqg4,סחבק' נהריה,
2601,בורגרים טירת הכרמל,"בורגרים טירת הכרמל, כשר למהדרין",ok,https://res.cloudinary.com/dn7vbd6nn/image/upload/v1783344925/restaurants/google/restaurant_2601_google_800.jpg,restaurants/google/restaurant_2601_google_800,800,1067,285259,jpg,2252,places/ChIJLYB_48mkHRURJ-ho1bofq4A/photos/AaVGc3mWqNneb8M9G8NheWeETyw_Sd8WzqHMVjWgIx6a1MCQ1kPB_uwqYrsdpu5yUQUhlMccr2MtJvjMiZhm_1T3jzSCldwcA9AwnkKLIqJlHEGWcdwIPS_1d7B43uVX9y3lPtI0CIPeG58XpTbWUfiYAOovgMbRbVRLNdN4F3oF3oq_STyLX1bdJ_5QiQ-ovbcyQk6_7cfb8zzPrse6sf3jRec7r8VTYC7PETAHv-3MiQSvRuc-h3KB-M24KZ_HX-nZZQQKcNH686tZgbDVlEIcW31iDHaHk6hs5Su4p21J82SlSK8yd_QjiQ6gT3uMIF6y0E8Ha4BPUm8k9Vihz_eX7ixFHxJLLWRJEZ5IitdbTNsOTjHAZX2HkxxzWBHYOpeoS9S-XVa61Xkwa2P4pS9BSI0X1gtG2PRBsrkMnpwnmcc,מוביי סטאר,
2664,פיצה פאפא,Papa pizza,ok,https://res.cloudinary.com/dn7vbd6nn/image/upload/v1783344927/restaurants/google/restaurant_2664_google_800.jpg,restaurants/google/restaurant_2664_google_800,800,600,146745,jpg,1939,places/ChIJW_uv0LheHBURkATj5lo6_LM/photos/AaVGc3kSKWbXoOIgr3in5RFBxcvpt0BI8JcBhPqmfJvJ9pT88RfkgBvR5Jrmth9y1wwGXlwLtvX4qn5pUacPHWgmxOjKjA9ZVG8HpJ_SBvYNbeoKAVSEEKHwsDhdJc9uMkg2P8PNSaPz0rG-q1pJSLTo-KZZPByTg9TeswV1kQieEA55fbElEpRdBjJL9LgWQ59EXrHFIrgR__48oR-Ymve4wQ8X0fFk1nMQxur2WCgGKDOlK6ghGQPjLAYrfeWpLbuDGg4rpwljfAzWu-7pPoXRwCwt8Okwo2sekI8vx-xx995al9XBt6oVaWA3qj9O7O-gaRky5ZFRZvg-b1nlXwM7mp9gIh1jFZYYYLLgQKxh98V-YtkG7npTHOucVTE4g5J8fzTstg1ABD99fnXjwG8rck0k-_AJOC6MpD7dNv8a6so,Toby Shaalo,
2666,פיצה אתא,Pizza Ata,ok,https://res.cloudinary.com/dn7vbd6nn/image/upload/v1783344929/restaurants/google/restaurant_2666_google_800.jpg,restaurants/google/restaurant_2666_google_800,800,600,137696,jpg,1941,places/ChIJEwYnQbS2HRURv0mKjsZKBoc/photos/AaVGc3lMUz9u32FiTFYt6whcf4oSAUb6LsWMvlT3pLSRoVGUVaGGvtLsx0lpCm5UUcJdNgn7VAqpv3znl9e8mg7NsKh1pj3Q7RFsuzPfCCayNscAUGkxWigW2WQzmFiqKtiFrg9NxNZ93nZIdg6U4Pkc9sPHXspOc6jQStiBdNw2jeggHcOo9PqmONTdwT4b5a2cHwUDOBzGgNOsVGof4VJdsxuYh0_QYTne8ZC8xAJFUduUnOPUhGV5pcJWvQkE8MT9wmUQsvLWqrzbJ3_4KPGRHF49vQyIhokbUbYWpSIZXh5GNu222OWXdzcIO6A2aDxEENIg0z79br1MBgBdBR6QIR0QR-OAYyOUydO83RPoVlVD9iYJ7fYVxQLhiJX9eTCle_L03eivr9oBo-rWQr0KPd9559tAOZgL5bfiGETICwHJBQ,The princessfox,
2671,חומוס אליהו בית השיטה,Hummus Eliyahu,ok,https://res.cloudinary.com/dn7vbd6nn/image/upload/v1783344930/restaurants/google/restaurant_2671_google_800.jpg,restaurants/google/restaurant_2671_google_800,800,600,113259,jpg,1426,places/ChIJr1TxsixaHBURGFUg2-2eI8I/photos/AaVGc3lix8VB71WI-Em4GTjfiriYZJ3HD3hlSPwU1oalADASeZpOY0tvM9VBinYQIwFPXWohvHmMVvrQOSEVlb9tB8lumSfPWGrNvsDO2J2gVNVj1khHRtE5y6qDFZraVz1yBeNsL16CMxCfSCr_ie3lOix0-wEj6EyLC1_AFJ6Jb3K83CO7uQy62TMKMmwWE9PNWxZS0AK0aGG3KNEeNtUT-v6WNHgcXDuPqbCfnJBHadypWOvI6rMZQ3oTgst13Uh75y3gyaTYj8yjdWIlOWKo4R5j00i1ka9-UWZZQJWsluBX64l54xhAoxOkiAiUsKqax2E0vSb7LA1oAH5Q8-HphpKx9mC7f6tceB1DKaJRaRHmuJ7OzT2pFVm1pAqgQvLZ3MXbzQzViyRG0-AXVQRpLOcOqIrUmeOHozV1tT_d4vcekw,Yoav Lavi,
2677,קפה בחורש,קפה בחורש,ok,https://res.cloudinary.com/dn7vbd6nn/image/upload/v1783344932/restaurants/google/restaurant_2677_google_800.jpg,restaurants/google/restaurant_2677_google_800,800,1067,261479,jpg,2145,places/ChIJB97fvwG3HRURMbQMX7PB0Gs/photos/AaVGc3kQe3djKas3JEus2h39-4fovXl87ASb42l_g4WvyizTMW06boaaVMT1xTEXyphlH7AYauVzOheXUcRMiEu5JoIVw7cvZA5SkGD2RJXnAxvRj79oxMMPFjSZqVUwu63e7dQK-7JxXorCrArtiCFrT9le91DPOdKe6q-uhDXcqhnC5SpiX92L0zcYRXIFH0oe5HrXJzQbYQ1SyP4ZbJVirqtnLHhYQpXqma5o5-ILs_TWXw0wGHCL4myMsQrAJtSf_979gg_yWWkAjseIY132QcHkwanACggQvU4RKMEKw7HwIm9ALRSBpKLyu4HP9o0AXFlpjqh-xsR26M2XotPATJIUM1pSAAu0k9MxSnm0fQTJuLsxyreoo9PfNg4lnPCv7Wq8L4LJZfFhdY2uixsebzwSyhwnUyqyhPIyB11GvqQnyw,נתן ומירי פרידמן,
2689,פיצה האט,Pizza Hut,ok,https://res.cloudinary.com/dn7vbd6nn/image/upload/v1783344935/restaurants/google/restaurant_2689_google_800.jpg,restaurants/google/restaurant_2689_google_800,800,600,108648,jpg,2240,places/ChIJ-44fntKwHRUR_d3NkzWHHX4/photos/AaVGc3nzw4xaDHIcFD9y4O2GPalg96YROkKzuOkTrlz4pyPNuqqESqJVlsNkNXbMkH4mI__b3qbdSgy_w9V9FbxrGA8MB11kGftt0kwq4mH7EzqKQ-Tu81v69kWJd-P-4WA3FC361EaVtqiF_QPlamZxrbG3vLD-7XlaIM6i9IJzObxI4cOiQRRF8r8iIBxqaHMxQH9LQ16hgMJ4fWjltsjA5GbbBnk1UZXR-tDuhW1SgjZBYoJ1xdJGZqx4o8HjpulXA1b5o3OmNWHAIhCWknCq6ieIE2Bgg-UWADTWwzyuzdgvfRa3VW2osRhUfnpSopns1lpxShfHHT9yUxXuFZgPjI5-_HMnZ1gaK8AqiY1kpi-DoivnF9YHLapSM7Hke5JQIj2wwzzqzblG6Hj1GaqyhZSfn6UaQDAuaJK7jceQcnE,Андрей Соколов,
2699,פן אחר,מסעדת פן אחר,ok,https://res.cloudinary.com/dn7vbd6nn/image/upload/v1783344937/restaurants/google/restaurant_2699_google_800.jpg,restaurants/google/restaurant_2699_google_800,800,600,130599,jpg,1742,places/ChIJQb0k838JHRUR4OGYAlm2pjg/photos/AaVGc3mOb0Ti_AUq86HJeEf9gklNnMHcNBZVt90Jp93QFsmqfcma6erXTrSrtGp8fsE3i4yXQA3KBWbltSlnL98DTGIFnO8GUWO_Ox7boNU62QdiSl8aMeibgNayP8766a4nrFB6EkkHwHg0eE2jAaVEeTKtZlpzva_bXMe31n9Yc-p-QBr9d4UMN6PF8pvPYyYmrTg0Jo-DZyulVVqYcQBjNDynR3zGwnqJSBma-U4Bh5OpaPl4VRFA4TyJ1MU-tOh8OJwMvoBirJ6U3T4sc304hdcM5SvBoI5eIEKQmXq5Ola581QMHm58sxkCov6-QDAA3_zQYDB3W6fD7-C76qnAjvq2d6D_wolDEjidO-HcR4Qzmj0AsZLKjGFcnxVItQ0Cghde4rbpF-0zLkkRKPE00bLzYsy-LF0VAY437js2ZWyQAA,Tut Neyar Shaked neumann,
2718,שיפודי אודי,Haifa skewers,ok,https://res.cloudinary.com/dn7vbd6nn/image/upload/v1783344938/restaurants/google/restaurant_2718_google_800.jpg,restaurants/google/restaurant_2718_google_800,800,448,116364,jpg,1700,places/ChIJ27Csns6wHRURfXYvPkmqcgM/photos/AaVGc3m1Uj10azJQwK11pZs74wN75OXo06DCgN_A18bhqdH6LI-qhAMZDRLhAN6ev68SVY_qkrfNPcJKcMP_rcztEDk6sW5KueCCTkfp2P1ynE6s6L9sCi5PYsmTW5mkKZhVWKiid5sQjX7bvnZoj5WHmyOKsdXttHdWELa5vlyIA0e783jIDY6yXesCcStB2KmGDMfZJftICiFAf_P4JiytpO8MTrlUWdtYDSMos2NZzpf8x_E2UOVusX-c2byFOiRzZ4oJmCdHnNQ5aKpvGWlk-NjByPMeFN9QsNWloZ76kyl92NiHMZS31RKSBim7aFOk6-wuyCw5Co_XUEYed7wKBLoJWul3DAhn1N9yJEubaqgCFQIigJ8XHx1TNCVyB5SoktAOK6YSAe6FCk0AZRcKyiMWrAJ_21wRxFRccstb1Uo143s,שיפודי ליאור חיפה,
2783,קפה קפה,קפה קפה עכו,ok,https://res.cloudinary.com/dn7vbd6nn/image/upload/v1783344940/restaurants/google/restaurant_2783_google_800.jpg,restaurants/google/restaurant_2783_google_800,800,1067,166866,jpg,1868,places/ChIJeUcQa73JHRURbsBlzCl0xeA/photos/AaVGc3lcRlhU4Qao467NWvjDOLNnKsE9LZuBpPHYjVlMp0o7PGRX97pLbW6784GwL1PVaYRDwqv5qPzS4sqM1PWwG7s0NKOEVzsoaF2AZwze9sMnGqLr6Izw3WgYFnaaT2ZkDyOMcdopqA2jTkeoW-uIYWgJEir-ZmYltTOGew8_GoCMJJ7PxFJ9odF6OA8n0sNE_ivwYIw_dVlh9SkiXnRd10A1tW46HLWteBJ1-2OY3IQc79nYsn7bfIlbltApGEvKg7H4627kk2y7kIYCID1rBhHIf_hYpcv0UKGJzux7N2qY5ulYZsiIgYKFMwOgtuCjVkwewas0xlZPNA5Mtxn8XWX2IpK6kE0OY1bcrfK9pBXcGqIEfNyFPDjZAOpPY2RL3T3K0oLoDXXBR3naEN0L3h3EOQn7lfi6wf3jTtGzzcg,איזבל שטיימן סוקולסקי,
2802,פלאפל ושווארמה דומינו לוסקי נהריה,Domino Luski,ok,https://res.cloudinary.com/dn7vbd6nn/image/upload/v1783344942/restaurants/google/restaurant_2802_google_800.jpg,restaurants/google/restaurant_2802_google_800,800,600,120003,jpg,1581,places/ChIJE3XIWwbPHRUR3TXme2pf-is/photos/AaVGc3kR8eSYdc4Dau9LBy3w_2fX7Bj6Vc7I9c7i0rs9jy70aTgnAX2RryWP3MRD3O7v6GmF8jW7ZDxhr_RSLt0TSs6z9TsVbeQt9pkzZia7ze3nmSPAl56iFbANVzlowG6mZwfnY0BzWasGJlmzFKbDT0CfKEQi0iHU-7TL4ImJFt1gi21b8pqPxOxsdT01R0Vp_hwjFvkGDIFDHKBpTgZqYy-ewEPDPWo3hsfM8J_TRvQ-38jPQfcj3pjDsmrNtPtkvZypr4kkR1uzpxSeobH8vJlAvsp3f54FKsLB8pSo18Ve4-9yniYeZKcyd5eMgrrDNJp_y36zoGM_3fJUElMluyvKg4UPiITdhiPzeF6qHgPRmu1rYTq-5PKQtMN5vEzaZ9CrnmGT7dPYVfagBQgrBJLpEVdK6XUVgXuuuuHFBofd3u8,שווארמה דומינו לוסקי,
2813,בורגרים,"בורגרים עפולה, כשר למהדרין בשר בד""צ",ok,https://res.cloudinary.com/dn7vbd6nn/image/upload/v1783344943/restaurants/google/restaurant_2813_google_800.jpg,restaurants/google/restaurant_2813_google_800,800,600,149769,jpg,1886,places/ChIJZ0D5It1THBURVadAAg35oEE/photos/AaVGc3kHcDT39OanvnNJMXcbGjgu5BwfhlB9qggrvFUubOX4-Wt4YeNGKkh77OsL-hbMctkY2SBWBxg8LFzLgFPDjuCHVA1j9HyqkwfF5oNNMbdWWOyXOAmmv0oTG_CiQlh2VBgrjs7Dlpje2xntxqV0Qg_Rs7zUKYCIl6JQpLk6-TEi0DinnRwVggr77IMlqZTdD-vLm5p4PaeVT9BJ9fnx9AGZcz7cd8VVJqeOCQ3lFsKZvMJeVA0HVw9eO00y6y-xljRXDOaQEa7sTFw9tcA86UglIjKrbN4oPJJygfESiUrqg03s4SFMdIFB87qJbbNXyKu5glqrUpyAXyLlQrWoeQBabC5S6BCSaeGjctNYsTa7zJ89YBzVxmXU4OSlE93ZEuku_q3RrXWDtWrA7oljiafVaVA4zTK3NdqGK2V8X5qKyA,Smeh Zedan,
2843,קיי בורגר,קיי בורגר אקספרס - K burger express סניף להבות הבשן,ok,https://res.cloudinary.com/dn7vbd6nn/image/upload/v1783344945/restaurants/google/restaurant_2843_google_800.jpg,restaurants/google/restaurant_2843_google_800,800,532,133664,jpg,1903,places/ChIJcdh2GwKjHhURm1NEFEjg-UU/photos/AaVGc3ln5eUhA0RQaBNJYWBqHemGEOHIrU8hIkc4LEc8G7YPcDZm9_CeNke3YZdyl38YfUUsD1j37T_yn_AXwzAgR8oquzOtAplhRf7qGgjGzLlYkTBYQ_72cb9am3UxXi6Q9JXnoDdzDTUzg4JdjyzsolTPzgKqKhSf3kLJb8QupbXLJ6G2nlmHi1JYhIhhlVPKDZM39VEyEtMIDMA7bx2WBK-89JyH8Pgn-Q2Z4hdC3yASDP56gbKEaix6P2piSf7YLO8rPKc8hgg-Zqot1s4A5c3vIArP4pkSovM_C-muCpYU9ct54BOrroImvVPxndlKjZ_cBGYdLiKmhI6Fvup9MLdYQlKvGrtfmcrpICDn9-Vc0Hl4r2YPQf5L6M4oIOxLUqlfbjN_U8u4OBFS7NQA6Y66i4S9_VR4k6jGFNdyEW4wC9PT,קיי בורגר אקספרס - K burger express סניף להבות הבשן,
2851,המשביע,מסעדת המשביע - מסעדה חלבית כשרה בעכו העתיקה,ok,https://res.cloudinary.com/dn7vbd6nn/image/upload/v1783344947/restaurants/google/restaurant_2851_google_800.jpg,restaurants/google/restaurant_2851_google_800,800,534,163448,jpg,1994,places/ChIJ3aWlYivJHRURxUgeqpqkZDI/photos/AaVGc3m1vvDwjDGeY9N1PqTSJyeFWMP-eQSWIHTkjfRg03yvPaSMPN7bgrfwdnLNkufF9mr1AN9Kea0BUySnTs-SQe8q5VKboWB6LeCph0yn_1d_A-0yyEhIsnLZ-VynxTEpxdmGt8CO7316UPwYF0ULP7zH88Wt070znSlFDD3PTf2CgPBRCO9LSAnmXKEYc4yblbZqnff-tNhnR6ZNoDYI_ZD2pWjQKocdx4RgWcc27e8tk8NxbLzMpqzw_LpM_K9GdSHzdrZ_lnHVsf2i-OY141gz97m7htMqs37IaxAByYfGiDILydbPmLxBnKmR787lGIoryKywke84tMkWGaI6HBvcha1KcJmUt2wxFpa7JiUSoHYQXs7RzJPi0HwuOTaUyg0A_ss8ouwe-u0HJJbm7E6xLQFsi7ItW7LsDd-x2Os,מסעדת המשביע - מסעדה חלבית כשרה בעכו העתיקה,
2854,מסעדת TOWER מסעדת בשרים,מסעדת טאוור - TOWER,ok,https://res.cloudinary.com/dn7vbd6nn/image/upload/v1783344949/restaurants/google/restaurant_2854_google_800.jpg,restaurants/google/restaurant_2854_google_800,800,1067,203989,jpg,1817,places/ChIJpW0DP8C7HRUR5oBiU4zPWpg/photos/AaVGc3ngbcVRipvOAxAWVoTIpzuFA9CwClYRO1HtIwisPcjBiCtqzJxcvx0XcBykDkKUPoY4Rv6a0oYQ0yHmKX9ERuyWjK29s5XUCRImHURRX9GP2hTOzIN-9M58Wb_pkUTSiLWjZy7F0QSuaPQ32CNWWGih_vUzI7ZG-9MfN6EWDcAzDVDmD6wD7QmPH_ooYuWEaIk6aWg0g6_BFDz7fZDfmd6FZT_DHMAk8IwFLUBDTGxIPtHZaAGOkOeHrcSLrIB0VICFIP8yrhLLv7Hj9n1afiu0SFcnxh6_Y-SYSPLFDveE1rJp-YUREozvJpI6I-T0jiR-sqrFdzlPwMmXHKfCvTipi9evLBh39ZUUKnP67vNQ9hpHODjotYxtJDg6uplFmbr_td0KoK6-sDX67san06uiKpYsJx6lpFVTVByCpBO4QLc,kotliarov,
2883,פיצה האט,Pizza Hut Yokneam,ok,https://res.cloudinary.com/dn7vbd6nn/image/upload/v1783344951/restaurants/google/restaurant_2883_google_800.jpg,restaurants/google/restaurant_2883_google_800,800,600,154935,jpg,1632,places/ChIJMccYVceuHRURzpyZcSocYbU/photos/AaVGc3l1L2QgV9kyWPGzykQwhinufedpTkH6TtqfngMx8XOAJ7zAxOvFjVLUvRbcNEfDRLrDxpnmmhfGirOn7TuoxeXZ7VO8kn31t1aNFxNEIvRf8083-C1CeF-umUDBIZ2kN_inoY1QyuBro4jSzQAAN5huqgv1VGC32ZXVtMWwWvtCGuFSkU09khqABIb_95Hh3P0qJagf311uifOdkxxDnff35BpdAHBqoXvPz2B8erxDCytN7sMzG2zwQ020lYSXsB-Zv8hl3r8G1V_ztn4w7ZPf5Oj22lQFvk828lakfzeXWRQJSqUBdfC_t3fHWdy_NONWcDNXdMESbzm0NouZblv5rwfbtPztimW6QLTJ-ZUtJqIf1u9r_Vjs2D5A-eVPbhvRAyL8QQLbxkK1RDEnsG4h1QuISjcczJSG3qf_Twg47ZIwTe7D9C54Rx57esq5,פיצה האט - יקנעם,
2895,מקסיקניס,מקסיקניס ראש פינה,ok,https://res.cloudinary.com/dn7vbd6nn/image/upload/v1783344953/restaurants/google/restaurant_2895_google_800.jpg,restaurants/google/restaurant_2895_google_800,800,360,123185,jpg,1536,places/ChIJ____EBkiHBURg1hDy8LOo0Y/photos/AaVGc3mKspabCeaRE2Nr-RJSIMFeqAqGXrgNgfwqxlCa1WuqGYkePNyMS8tO6CJrMnAJA-D3_0OMus_tgaLNds2VSek2bLj2qjvQOt1TJcb6voFP4oe1JfZAy8vCKWCldYwdghR-04SGpCkUf7OQmAIZpaj72jpmY0tua0OhdVJuQARH0MtOpyEEfz6U-Hy4yiqPYjjhY7_jYZB-kAfXBCw6QWtdvlqkl-sddpu-Ru8QTl6egJq2Zqx6twpJnxpliyvI8OolbirxsOUTbzWAGT_QMV1o9ImU319dUsUD1wGZRuKNPkteUcZFfhukMWAbakuILWWg2utXR9dlbE2a1Ox1bisn6hDi3DxQ_a_S6u5WP13vDtAPsc7mK4qKMCLp2L-GYNe7K0wFhFT-QbreM6PD44bruZLMHoL9Tg4c8YFCEKlx6W8,יניב מקדוסי,
2897,קפה קפה טכניון חיפה,Cafe Cafe,ok,https://res.cloudinary.com/dn7vbd6nn/image/upload/v1783344954/restaurants/google/restaurant_2897_google_800.jpg,restaurants/google/restaurant_2897_google_800,600,400,90776,jpg,1529,places/ChIJNbnwb5G6HRURIW-Q-__oiuY/photos/AaVGc3kZozupDRGWDnrn5uLzjABX3k8-Czn3rTBRTORG4TWo4iHdJSfuVUe4b932m7ArRLUDIQowjrez862hWEv-wawYLL2NIz5Y9mL896y8R417-Pz3MR1mAvXtMdPiOxEuS656cqYQUk7bReBQ5GzeKtRdIO2a0ylChPEh5vSN4JyFH1eJYBLHmB8LhA0pQuwFjrDhM32wsiCW0Y6JMvu24QSVSBhAL5Z3FfQH_MpqT0TfuF2r3Q7pkGAUxUza1EZmLVTCkITHORUpHcANFKlJ1mzpPpVcr5zhTwqdTQnDpUtw607C8D-DuxueAe9ssO86cERIpABwuYchcUg8jZ2ntbBSrROHODVageepqAaOnpmPHeEGLJNJXUS_fSy0IgWGdXPyi6dP6Kh97uafYzkB4aPXp--yY-18s5_GsfaxCTRUiQ,Cafe Cafe,
2912,דודא,דודא,ok,https://res.cloudinary.com/dn7vbd6nn/image/upload/v1783344956/restaurants/google/restaurant_2912_google_800.jpg,restaurants/google/restaurant_2912_google_800,800,450,142180,jpg,1747,places/ChIJzxi4ppG7HRURLA8tNcDv8k8/photos/AaVGc3kLoGpRmgbE2gJfJyPyzxCirDY3fy3NIfH7h7MwQDiPTSJ8fndFa1gDB095ArlsyPGXcrN95SjWD3wJhFRkbp77U9nK70SZwgeCGQc8hkyGbpja9Wx5jd2a_Q6-_28AfBIBYyKYH7yPApv0ofwbsBjvjvnX9CHvfOG7tCFULrpAeYuyf4oGGxAehth8a-9q5Uo5ss75ZvCyfPgu96VT3sLnRSDZ8fewJxFRU0MbxDKPSdVU2AN-1wadKgz2kpKrbe9FXcha22nw661WK7xAP9WDYHwW2HjXj3WnDY673lL1ll9KyEf-Ape-zpXnSpm4effRXARXNHvkESbVToGKIAik8DMEBh0b8ZY8Dto0IvDTfKaqsl5f9N-tDk530yx-0TKPaiVX_ekjmO1WYiDL1-ZtyJXfbz_ftOh_eRt7ulsL1LiK,OferKantor,
2915,פיצגטי,פיצגטי,ok,https://res.cloudinary.com/dn7vbd6nn/image/upload/v1783344958/restaurants/google/restaurant_2915_google_800.jpg,restaurants/google/restaurant_2915_google_800,800,600,161808,jpg,1824,places/ChIJx1kkhm-lHRURuhzBtcsgf4w/photos/AaVGc3mEHMGmXnBAX-9ODiLInTtvzVaIySg48myOkKwvxzmyjuJL4ZkK68KtQFqEvHuYNAdBIFuGAL8mC7Hod5i8zoKljOKeBG6jvXPMnVYpgdiaMK6pj8tdA9oMkkyY9Tv0cP5bmqafvdNjwY-HOwIqpzocQrAdq5adlUqrBFFAsiLC6EdxsDIyIk30vSxU0NsdE0gdbUX79hbsmwllwzEhB-xRtObyhxaaYPVIHNTLZdnLzWKwaP0SIvxiVexgHiza1jslGTCHDeu-qncGvg55V86DxgrTiFKWO7hQSyntjpVp424Iwp7-2RJu9ViGLFrD_ctFFNKD6ttQm5R7Xd8MFaHTuLaiRBN2d82u4MlCyLnJQorU1qMjvN9oOakiT5XDhb4FI9GDpbuA-CzlsUzLY-L5KgbUXd9ci4HwUybYauQTUQ,צח מירו,
2920,ממלכת הדניס,ממלכת הדניס,ok,https://res.cloudinary.com/dn7vbd6nn/image/upload/v1783344960/restaurants/google/restaurant_2920_google_800.jpg,restaurants/google/restaurant_2920_google_800,800,600,96049,jpg,2044,places/ChIJq5ZUOae2HRURHmOzzai0YNY/photos/AaVGc3n2LRWZV2K8f1pPIdYB3OPmwAWspgEW41talo9zd7IxOgFxVaflXhtAa5E29d6_rtD64o3BCz4k2L3_xQ7pYgyj5luut_7E1feh4jxxKuA1zrC3gA-rQoraUInR-fLXAlEyQ_mMSrcmEJnr3IlJkOLRZNDUKWtL-lLNbwdrobUrQIB1KdhwOJ1QN-85LyPpzwI8XwgTQ6mtD2Q-rLoWSpv5u9mZTI0r4IRJ_zVezN9KDjlA2hc81KTneWlOUvp5O-jM9rqHKBHLq7Z-EYXZG72eKdXR5XZsfyWDSJpL52tRn30JP51EKZMICUP0WE_-eqak5RtQiLXUmXuiFxLXjXXspH0F6rB0IJGSkqFWTgOm9QMAdeV_DCZlPuP7hG16c1fdrxVelSv7e6zAXUzrLJAyUN13ljBkIlaoKrFTUec,שלום בר זוהר,
2922,מסעדת באר מרים,באר מרים מסעדת דגים בשרים,ok,https://res.cloudinary.com/dn7vbd6nn/image/upload/v1783344962/restaurants/google/restaurant_2922_google_800.jpg,restaurants/google/restaurant_2922_google_800,800,600,158530,jpg,2038,places/ChIJg5hgPYw_HBURQkEacis6LNM/photos/AaVGc3mKCvnaeb4vYg09jA-oBpqum4gMhs7SlJN4Ve8JLsFwW4F6O71wWeJsbELgfdylHN0ioybtVrwUXVyBNMFbbYr41D4a3ogpgsaRHdHL2GPmmaRzqsfamRUSd_Olh5Ofyln5z_NRsSLwe2BlNioJp2iC1DGjynog3jyp89DJWKFPl9EcPlaDaJBzII_dmZ32v5N9SZHvXq7_a3Yon2FYGxGxf9tMCA9tywtVOm7eX0Tq34r8DcWCE8JGZY-i6rOKgYY9xMWry4KKsst80zlRNTNoC0sdLsL5vBWJMJWFUhDHjTbq_tl08nXXsJQqGmrV8RHpTWEJdW3OZe9_yb8FdFonFs0vtvzCk9eZ21_2m8qBV1QmwuosG_1NqqRCQu_bGLrGC3xMdXCzBjwFZPwFw6-_F3LkSmaLjQDy0nBNs2g,יהודית ש.,
2945,חומוס אלבי,חומוס אליהו בית שאן,ok,https://res.cloudinary.com/dn7vbd6nn/image/upload/v1783344963/restaurants/google/restaurant_2945_google_800.jpg,restaurants/google/restaurant_2945_google_800,800,600,150375,jpg,1533,places/ChIJa5ZRkfFfHBURtoPFRdd88X8/photos/AaVGc3mNB07CClwEZJks4fUzEDw-9YnIXJ-J7g7ddum0uUurpfId7AnUUlNuxredZyGH7vm3XMU0nr7ypuL839Z0D7FTYW_w309nzFOsM6wwSay6bSseQgBDFQ78YfGgHQkCgKtM-upudlZM3yIr6uUa8wmWVaavOdhrUQGjwtAueBpu2tfke3wnuVjmmTRFhBFsv6SbIptcBsaoDMkj4bLjw7Qz0R2tPoeprDLGh2bQvD38xNjYcWaNkj8Ns_nFVuljuyE4ZkJO-fdw-OCjtduuCn--vKywEiIJxAw2F6gcsZc6ba8Kse2OONCzJqA1p-j36_iXVXOIS9IDSmSCsUyfnu6mL9RVep_jDHT5Jmgckm87zlGeVcKJ_qOZROVH3zxOKKHulIcPHZr-OopVOZcSpv8YIUIHt06Ak-kjJSF4Fca-uT5yefKvAoi3jV37X5cD,חומוס אליהו בית שאן,
2950,פיצה לשובע נהריה,פיצה לשובע,ok,https://res.cloudinary.com/dn7vbd6nn/image/upload/v1783344965/restaurants/google/restaurant_2950_google_800.jpg,restaurants/google/restaurant_2950_google_800,800,800,149275,jpg,1842,places/ChIJpb4h_0bOHRURWp6Ec024Acs/photos/AaVGc3nlVN5uAE6jRgHtJqMGJZDpMQxlf-7e4WLixrrmCsISqwtx3_HPjxo8PC21iw63D0o2RIY4cZ_FdU5hfewAVfmddsJdNkcgbWU7dYRDSV_PKISWvuZ-_4FjOuYxPLEMPD85JjJPYfr2tYFKl1HFbLCS8s-k2oA2T6T9vfmp9uYw3WuzynT0UEDW5WmMum84LOPMyjir2EGNSjeqx2i_kfUVVJ0l_90jmLJV56H_n4COg4AvEYXpGsYEkRCCidGjfUocsCM6daN3tBlff3xslz4QmFxkbLC0aHTSUtmFqt8fYzi1y33_kFPGP6DlZzAWxbJkrWyVmbNfTMbOFX4nX4oa7iXF6y4bvmeoyH3TCaeHMyEPh1WusUjXHFIZOFjRJeizt18-wu08oeSia66C8w_OtaoZ8oJD86iJteHBhAPerQH5,Anna Pismeny,
2957,בית הקצב,בית הקצב חריש,ok,https://res.cloudinary.com/dn7vbd6nn/image/upload/v1783344967/restaurants/google/restaurant_2957_google_800.jpg,restaurants/google/restaurant_2957_google_800,800,788,119568,jpg,1625,places/ChIJAx2zwxAFHRURtXUx_aZdggk/photos/AaVGc3l3OykpRy68btfoc_beHkILPPTSIgYnQCHxVikQGnRVvzgo7xfDefV1aY4ZZzP5-WRdBMXgRtA387wrR6QjmZ_T2TzG1gAdYWfhv_AKzKPYz5cr_xYAgXDpF1LFEAz6j7yuoY4yPVT29J3CX8w91S9fz-Xvc84Yvo9sukhp3cv-MgMdvsNJ8uqYG-SgseIQ7l15hF2SP-iq5YdRfDivkYSJkrMLnP7n9P8lYtGlrwhuuGID1PF-uxDV41Smvn6e2eu0A4h5XPHm1eWXWhufbImvZLIGxS6nS9ekjqIiG8IinEWgn3BYh_-igiu-p8hioTK7enAoM4mjOqLC-uxdBopdSgNipJDqtg5f3T9hzGZ-DUdRhpo0FvcPHzTgT3KhKAMo-PrUjZC-4wjR39uwNBhkX9CX_Njy3b7bqHIHJo2pXKXZjaLaqdxFHsZ6Wg,בית הקצב חריש,
2981,Furman's,Furman's,ok,https://res.cloudinary.com/dn7vbd6nn/image/upload/v1783344969/restaurants/google/restaurant_2981_google_800.jpg,restaurants/google/restaurant_2981_google_800,800,600,138691,jpg,1990,places/ChIJM35mErKwHRURL0s8pI_vGeA/photos/AaVGc3lKjroVavBN7EoC4i-2OwnHToxu5ZPsfm7zZ8TPb1Ix-qiffjiWTkzAJnJFnOPbyNNgyn8GFHx1oKtaEU6Iy3FTGYFyULdXRR106uPDBA-b7vuVKsdNnIYxxd5GYqM3qR8P0zhBUdGDCaoW0lMlHJ2ncgy3OFpCzqu7KvMmPgLez2MmEIZe1OxWVmxZeHQX4Et4QjGpQlG4vowx8fhWfwWDdIamAG0_KH-84YAXdHcU3fjwBxNHKibCZEx_0yyqWa83wZDRXCeup2sPUrkAvjxpD0f1OxZHYRTT2Ci8y9ApD_lZb-9CA4GWPvsy8cLoXo5jHoaWlToMCxqg6YanREjgsbjzgQCCsfMWpyuhn7wp59bwtVR7WV-0EcEhY3UG272XFFyA2Vqx2mOB4bZX7IHXIvZn8UowPrO0YBl8qj03dA,Mor Cherhi,
2983,מפגש השווארמה,המאיר לארץ שווארמה,ok,https://res.cloudinary.com/dn7vbd6nn/image/upload/v1783344971/restaurants/google/restaurant_2983_google_800.jpg,restaurants/google/restaurant_2983_google_800,800,1067,239718,jpg,2197,places/ChIJP7WUGehfHBUR1sPOk5cZ-9o/photos/AaVGc3kOG7aaNqe9soCywyIOXjTAFJZdAI-rVp8sFIMIqJ6ByCeZ-Lao05WR7no8zkvZJ9_h3-5xkQVcw-g1VkRxWw6K-BVEXWMVi5zPaU6VgWOaqRSZE-J8024HphJqDBuLhwO36y76lrWQMgT3zZmY7Aoj2vSPzZ-WVAMGQzWSwgUtl-SClq54QYw62ogDITupJa0lqg0PdP4fRDOox1CxjU_im0lsWf4F53d62k-L6NxRInVz-8Z-rDsGJGknPI7_UkocJyv1wXK4lfqjhTzQaZlpiALCyn9Tj4VDVbVNldlWZaSo50eKzEWBMg-LzCCEbGPX7YKAm-DaV1T9VwmD0kh6dS0Lef8neRow0VCGJmhe_YPPJZQ-Xekrf3gqLKgWIj-HP9xecVJaq5QIbMxYvhv0uZ2xiaWvYoqQV_GyBP4vww,Alon Ovadiya,
3003,בונז'ור spoons,SpoonS,ok,https://res.cloudinary.com/dn7vbd6nn/image/upload/v1783344973/restaurants/google/restaurant_3003_google_800.jpg,restaurants/google/restaurant_3003_google_800,800,800,96867,jpg,1835,places/ChIJBTzzgsNTHBURh_arfnoDMeo/photos/AaVGc3nCUo-30rnWVu8H_vw5L6PVwFrT6GVF5MY2bnClGzlaEfLFKmuCHJQUP0vOzMgnK5sSuPOb65R8yjtO696_mRwSXuMWWBdCS7KrwmzvWn8KisdyvAVpvBJ72JCpICSpHMHzclPzwOPMyYibmZdzjV7LHNtGwSKs2qPT8cppRy4nk1WXZFeFd1v81o95lLnk5jMoSiKc5c2_9HU9cdA-iha5_04HkPPMSaoA-i5Z8pBzmH3BtqqKz0UPhsu6AOLS5pLNZVVHoSaO6H8Sc0saDSzOEmAt6OSiX83Lun758KG87RHU3MNweT6HmcRh1tSbSHlsIWBI0FfgVbyqxwJFJGSnGFJ02MM1INbEpXCZE-66PHgVu1xH0gC3Fm2fvw3Of6UDOO08Fi4cshRF0hKXH_9xNYPI5sqcxTUWE08f3wVTpHcW,Eyal Ben Yoav,
3007,בורגרים,"בורגרים קרית שמונה, כשר למהדרין בשר חלק",ok,https://res.cloudinary.com/dn7vbd6nn/image/upload/v1783344974/restaurants/google/restaurant_3007_google_800.jpg,restaurants/google/restaurant_3007_google_800,800,600,144448,jpg,1648,places/ChIJuUdvcbKiHhURj1bRxHHBLso/photos/AaVGc3lCRzLU7p4T15E2CBl3Y7YkZbraCLhQBdwvaJKkVo9waiMM_VIln221Yrphvfizj-G1QL0piMuyHHZAuip2eufPdlrDv1ZjO_Fh6LJL6MaSpDn0HGWlp21OEsc95ws29KeiSugJWlIXj_3vDL_FcglmgCpWhA26B_GEWLDehuvijMHdGJEF62D4nb-InwicGHLANzFVQCLseKMt2J5VmpedkBR7WLSKmvj3kLkKKN3MpT0khXHC_iguHe5wzQLu7egxroAsctduG99_p7IXZfcJFMWsn5aFcjW1khnOQ3FBzKxiaYoovB6eQJxJE0s7HIIIl-UahmgD_47oUvLIxp0xwYwJGeQWO0nokp0VunepL5GwmMAATH4dtyTkvscSUc8n3gUtfftml_vxN0_x_eNgVSgope1cCKMVNVIuKUHYMjiN,יונה מליאנקר,
3012,דרך האוכל,דרך האוכל,ok,https://res.cloudinary.com/dn7vbd6nn/image/upload/v1783344976/restaurants/google/restaurant_3012_google_800.jpg,restaurants/google/restaurant_3012_google_800,800,450,138298,jpg,1517,places/ChIJnb4LpVi6HRURlcgY16VKEgU/photos/AaVGc3lkgmJJZ3SSncao8c7sv4QNrtS0HOAFjKZC9HJq_-ky_7vO32tmC0hqajD5rXPFpCgN_Vtg3TldPJVQy_PVpxeAwwxnIWAGhknU0lQlGrxGfpJQOB58E5gQ5qnM4OobcWcffAq_yJYjHYnGfYEA4GKr9p5ZBFXOqDId61eQ5c2uhKVNj1bS-nmvT8wErkPvpU4duKXSteisMnOlcXrKV8Oc9mf2OVNc25x0DK3dNHRFUxvfYGuqGQ2uP-gvKfclLiSXhghbLkYRbyj8tlUBBpG9zEb3nwsxjvRYWeATjrisTp4P_F2f0und-5_-NDpWo1pFaogJfS74eBSwSunFrN65NFve8m101CG3MZqDWi7vpVEGH4kdzIDoN4fmEkSgdy2HcEKkYiadBERrhm0NvXLyDv7AaNAOujiN27CTJF_tKg,שרון אבו,
3023,קפה גרג יקנעם עילית,Greg Cafe,ok,https://res.cloudinary.com/dn7vbd6nn/image/upload/v1783344978/restaurants/google/restaurant_3023_google_800.jpg,restaurants/google/restaurant_3023_google_800,800,389,97506,jpg,1684,places/ChIJ7R7iVr-uHRURpAsGj00wU5g/photos/AaVGc3l8s2esJ--_WTLu-S3kixuHM1H-jfouRthShQ5H4ymkJKVmEBBabIdLaOy_JWqf2AsXezvUXhQPOiIwc2evXG0iRC8zWV_i7H2rIP6to74ftfLKEMypML1F8Dj7VFfsMI8veeTKuzb3cSo_YWJPt5sAhn80OJJFLjp2RVugrYDpkq9ThQL7YUSqZ3ylxrxAQsQ1jVLHvC9InkL9UXIeUOYju1uiLmeL4A05tec43Iq9djSaG6bnIUBGXph7Ur2RSKLk6007HjSLYiFxGiJ1uU4WkCcB3P0fTTSpmoeElgNshumDyUQbv44YHe2GhiAiiuJik8A0jXXyCiAa6EcDx-twTotGrHpPBl4j2F5JBKq3w6RKyo3HSNv5Iem6hWO8nADuI5gT4Anq3byIyftsisHv11IdlDge-T-zpQHG51tp8wJz,דניאל יהודה - Daniel Yehuda,
3034,רסקו 67,רסקו 67,ok,https://res.cloudinary.com/dn7vbd6nn/image/upload/v1783344980/restaurants/google/restaurant_3034_google_800.jpg,restaurants/google/restaurant_3034_google_800,800,1067,168912,jpg,1991,places/ChIJ43VhEle9HhURp-NramKl6JU/photos/AaVGc3mLTQGgEpxaOX1d6Qxnykykt3OdsbecE32dIBRiWESZOd_626ictjZ8CiI3NWmklM1t65FesQ17gBs9Dl8yRYITwi5FkGpaRaVODfZVNcY63nf4pTdtM9fGcI4uTHYuw7GmVc0NJvKx-SXGBEkaCB8bNhDdIbtHYYbS5RhMpg_C-uBqa4UazzGoj6_xFLG3G672O2mDjW4YLEZwfTOPiL_lh55ymzoHIisBHajx4HWJQ9alM-WsNsiVz5I953VuQgV0KwwAiIiU5qnWvKNkZR-9EOsQFy-ma7c95WuKwZ6J-_riJ-6RFd5Z8Jn-f2JeqZ6PeK5uW6ofwZ97aMAbt-cYWBXDPJhzcN_Yvf4_WvzCBBMWmHAsNaq0w8SmD27LPi4lUym-w0BLOm7HeYFF9KvlAcbJ5cQv1BBu5WMW1TlUjg,Maxx Berkowitz,
3043,G27,G27,ok,https://res.cloudinary.com/dn7vbd6nn/image/upload/v1783344981/restaurants/google/restaurant_3043_google_800.jpg,restaurants/google/restaurant_3043_google_800,800,600,135054,jpg,1748,places/ChIJafEDTuBLHRURiNBnLrj6NBA/photos/AaVGc3m5iBC9wZGi8Gh8By82B8PfXLCTNWOVlbRjXz45rtLVriwl9J8If_BLY1CgMkODi1MjQof4OKyydD1B1V2ScO8mvAr3NBpTwU-DDOgBFRrCyjDIq1VDWd-PdvpkTp8qPKddMx6MX44jnnQZBQBgBvZ2G7lL4Lk3mt6es6_m1FhQ5vRwPif8A4fOAmAaZBu2Tr-YL_-egnqujbYeokzdqhVN5y2JNriDL8_jWDnOFJPecBoV6RtFd4d7m4Aj73Tsm9TYXWkiTtFnN7d96_0ijSgRSAmB0Qxnxco2MkoM46BlwdIdfZ4Fc4vO3QH-_Wq2Q36KNvu-o4kcF_Ls8OtAFdoQNaFsql_zMJjLhhyjxlDOQNNokcb9TKyeQfLNQOMHghxyqjkGSqaXVBvKvK9j8sFg0jtFglNR48r3ON4QGyLdcnwK,Gilad Karasin,
3098,תימנה,מסעדת תימנה,ok,https://res.cloudinary.com/dn7vbd6nn/image/upload/v1783344983/restaurants/google/restaurant_3098_google_800.jpg,restaurants/google/restaurant_3098_google_800,800,600,84518,jpg,1618,places/ChIJMSANrSg3HRURq3q1XMun9NU/photos/AaVGc3n6Fp8C27EmzmmGzgzUdm_NRx8llyDfd7vgFx4YPkTa-33sX0PAaTA5wHPpce6-NgrzLvF6LFnTkYiEB816WHTyk66FTDcKu15-o9rZXE5E4bQFOwh6FfMcBtj2EjKUqeOGFwyLwoGXRllkvxeYdUsRFN95t-yLtoqy3bejVSoquZze1P2SrXKTIUFnCAwGgqoNIvBM4wyI_Vpml0tKBXCvRchJrONdSr8pWxHapOm0_2Z1nuHAEXi_mR87omhwIjiuiCEoSWbYZkitBh3UllLh3ZZEFXPWeXd-AqmMXJ63rE6iZrFaqZjZ7MHO7KIO9x9NAjrZsUG5lCRRi5bXUPRgZwTxQq-CK5XL1pxEcE37ea6yXheqyOH9J7HUUqcwd743jSN4ht10SeSFfR43mqZ4cih-bgjq9DKXI6Xkf6o,Yael Shirin,
3122,פיאצה גרנדה,Piazza Grande - פיאצה גרנדה מסעדה איטלקית כשרה,ok,https://res.cloudinary.com/dn7vbd6nn/image/upload/v1783344985/restaurants/google/restaurant_3122_google_800.jpg,restaurants/google/restaurant_3122_google_800,800,600,189625,jpg,2040,places/ChIJpdiyreVLHRURKwjE5PRCMNo/photos/AaVGc3n9wbQpOvZowWsRCqxKBhPdJFZxhWG4r2ZqWaPovXS1dRJWzgcKu4DSDz2BVOqWjPxKkshiGxr84P_2bgR_YKY7MJn8pirh77ZKMin8GHi-C0b0RhHvkHqxOacWYcwQNCqlBNxMKRildaHG10iNdfNZslpeb4On8rkZkNX8Ip15BQZXhKWTJbGpXxNg6Q_0CFfsRbOsz-h73hLWePPQbc3Qj6aYOg5ZRq70jaJDbTdlJkp2xqMJjAe0-lILz9ne1CsBN5tGoqeriBmk-ntcEnUuo0vmDR12iTHatLqBYUlehwwamjk5joInRa0xCyDhgGKrNO8t8cNyVAcSMHmdO_GYcehc_EufcSS1YgSpM9E2C4NaqGLfMbJ7gjhDGcb-gExAcJiPTIjl1zbRfvWzZp9Tt96BXrPirc2NDq8rxZQPrtJs,Ayelet Naftali,
3140,לחם ארז ראש העין,Lehem Erez,ok,https://res.cloudinary.com/dn7vbd6nn/image/upload/v1783344987/restaurants/google/restaurant_3140_google_800.jpg,restaurants/google/restaurant_3140_google_800,800,600,126361,jpg,1842,places/ChIJZRyUptgwHRURUUKI9qIXT7M/photos/AaVGc3kOWroR2AqLq8AT5zvPldgvMlN3Jbi3JUzEacZmEYU9XLaTCFbVHmSBMRIIB4CXNUpa9lBSHLTANXdoPyzbswTL0IMZkZodF68ScSyPlDxks-f6ruITXzBjRF11ltnjsiJH5mkzBkn9rodW_2sVT8atAiGhGOnhLA4wUF13M3DCmn84sx-R7LKUhecb6_Gynjr3QEDGq_2QukcerYY57aegIynC_ADqa6SJbuE2ApJrVD44g1J5hiukphK_00pj8WzB8fV_kElGmVicgtgPavBRGntddJ4BBtEqCSDOA5SZaq2JCyyLTgIMluoLm5koNyayg8oXVb9UunsWmQvL90cFV2QHC88up70hJmZBHlOL1gIesDNkmdM4AXhWQGr7Ay9_LJypeXeGOgy9UWz9y28BYykV0sSHE6bqVMhYfFPRCls,Tzadok Zehorai,
3156,פרג'י,פרג'י,ok,https://res.cloudinary.com/dn7vbd6nn/image/upload/v1783344989/restaurants/google/restaurant_3156_google_800.jpg,restaurants/google/restaurant_3156_google_800,800,450,134803,jpg,2513,places/ChIJwbiAr75MHRUR3pGKyNGtEz4/photos/AaVGc3kK980WdUJ1uDcNvQIE1iJMgUZe1SC5npb8FB9Glf4RUnlvltlLeYWaffSxh5kBgSls4SRM5wvsrtGGaMFRHcJXOV-5Oi6gz8bghCKv3CzVE2-H-Zasegbn-9GY4SsJaRiBphJgmMjsEkbfgqpr5K6hYtXIHkXMWQCCMDMdd9Bu4jDqkRi2dUvWLoC4R5EtVY_13PS2tm2z8IH1uEeuZ3MCmytWVbSYRt_BCzRSBVjSQNbYUzq8OwWfGpy8Ro1T99UgUDZc_Ykz4HKzNGcrer3-HemeE2nkptI4QzpI0pwGp9MrAMRUFH93egdCBofj51ejE-3pZEJxaraqQfrYu6Ai0Wj1TzWO8GsBiSUAc46nmq7JwWUy18Z17mMHJcHUVKqoSsPIeKpolk_a_OtAbcYimCubib3_yEFRvDkq7TAFig,Fgbggg מסעדה,
3158,פונדק השובבים,Pundak Hashovavim,ok,https://res.cloudinary.com/dn7vbd6nn/image/upload/v1783344991/restaurants/google/restaurant_3158_google_800.jpg,restaurants/google/restaurant_3158_google_800,800,696,152232,jpg,1876,places/ChIJa6WWoJ1MHRURnEKKywCeKVA/photos/AaVGc3ktxoZAZOFsb88IwEpOKq0TQdH0lgY9zTtG1qnKW0Aso0B4L2OLK4rlut24y7PcTV78Xhpz4qFNtA74HaL_VroWwB5MMqgJNRnv9u-UIvqst353e9E7wQCEuwQKWkgszNm7JIlG-04ZrPa6CEYNSmmZW2D4i3uHJfla68rGTBqLgNGaHcDlzu9J6GG_94X-r57qEEahxsX5H7oPAgU2WOv3YDjtJPWaPetNbRiDKE-XhrZkbvk_BRLBEUp7SmRBYu72Hpz-031xn79CPDrEgf5CtUy1BTViUCrgdZZ0Pc0EfLPGGu7wba0vIy7YdLXC6ZltSd6e7aJlaWh2FsEFg9AJv5CV4m_m1EG7_CBJWbySSqvS6OgZCpQPYtu6QGVXk0UUZH3gBIo3guvMMsQom73H-51_oXIxyzAeFooNwqhoUw,Dotan Harpaz,
3187,מקדונלד'ס,McDonald's,ok,https://res.cloudinary.com/dn7vbd6nn/image/upload/v1783344994/restaurants/google/restaurant_3187_google_800.jpg,restaurants/google/restaurant_3187_google_800,800,602,164787,jpg,2759,places/ChIJl3sggUe0AhURMS-CvFm_qsQ/photos/AaVGc3lSIkeotlYPVWSNi0AseR_jaH7s5LD7eJINsiZBICQl-jd0FaFs99SNjx0Z0ziyj_DAaSfZ7M12wP-Fr9S11FMdGYR4lsNpgfmqTjdnR9OFDDTGsaFSD1s_so5IqNWIENzm530wu8VPG4yxwUlCxz_7rDAZbu8rr9EtKSEJpFX3-p8aE1G5foimQ_HnkERHSG5QFNNKiep7lqYw9_fF6pzwqDKQpNY8k870W_I0wJQGINd6oF8WnAnQVffDt2LWNV6eNCHQIhXtzG53ww3WY9rZb06HC-u_IZQAMrKoUyUShM3wKWC7cSQSc7kewZof5Lq7_RjDyJ-NE1uTmzaqo-DA7zMUy8qjJAfHPB0I1DuAGGcqN6qaH_b5fORqR09YRnqClAXiG9VJLtczBIfqrGU3cmie_L3k6R78RNySCzV9fw,Yura Shogol,
3188,שומשום בר בריאות,בר שומשום,ok,https://res.cloudinary.com/dn7vbd6nn/image/upload/v1783344996/restaurants/google/restaurant_3188_google_800.jpg,restaurants/google/restaurant_3188_google_800,800,450,95913,jpg,1802,places/ChIJP6XgYsdLHRURYv2zY9zCEcE/photos/AaVGc3nsWnxAOgTluVXqcUfRG2EG-5-kwj469bBgQdJ1tnOygoHCur3EORD9PxJAWVayNsJWdajEMNrWvtr5-AdRuVaRFtkHeQLmsukBZs2mU3NBTeYjTdJ-ltzxBRMyNgDB9ZYlTgS89wWtDaWxQzDHXOsTs4UcdnX-bNcBGVRsfraM4U8GviDlNYRexMXmi0_CpHsMU9A_MAoHzq5Burw4v7O49bxOGLKMQMl4kBEeBEAriNcOdrOTn9CDeiqJRkI-n7TJfz8Zas0vgxHyY-kWef9Uhsymyb7nOTmuudhif9fPEPxTKhSzCKFVixFba3ZPJWLq1ToVl2_J7nF3w0OxP_evN6ZKSiTpgpGMQybYOY54-7M3R8-UHWPstj8gaaV4aPVxGk7_dgIc5cPDMGtkD5aGjzl3JKJwJuL4mrs9NrSJbw,David,
3199,פיצה סטורי רמלה,פיצה סטורי רמלה,ok,https://res.cloudinary.com/dn7vbd6nn/image/upload/v1783344998/restaurants/google/restaurant_3199_google_800.jpg,restaurants/google/restaurant_3199_google_800,800,640,166517,jpg,2498,places/ChIJPX1HudW1AhURht8WcjdTVhY/photos/AaVGc3ne11WuYW0Gb2oGKCJYRHeC0m03CQcb5J6JkW66IleRVrkST08hV3q8aNhQU_9aTFbqF9-gyNX_OnBEkD7oVhPsaGonkvtEh5ZLaZt4_rR_axIqZju5-cNsfvXpnYmQxLPFnaiyn1XVdx95kye8Al5RWYQhQu2Tkei8CUjAFPkO7W5LVf-EaHhs_bMj_onri046Bikjl-SgxSA6uyf4Z7ntD6uKU9dk3C_lVOZgrQZdRTlmWYPDGZ2bSp6ojEDWH61kwVNDLTGXJyvYv7UD2U7z0TdRhmU45cIUkaaMg4ZKVxQ5AQHTPIM8Ip-NxkJJB_y5daZJljjNWeqEH3fUBgP8-FvMv-Fj5D8KdNTXFjhOfMzX4k5vozYHFC1IJjihhDl-MYGiexDcBGxjdpWbGEDqGxtuYsmbG4TOFa2AnfjUqA,פיצה סטורי רמלה,
3212,בוריטו,בוריטו,ok,https://res.cloudinary.com/dn7vbd6nn/image/upload/v1783345001/restaurants/google/restaurant_3212_google_800.jpg,restaurants/google/restaurant_3212_google_800,800,600,149802,jpg,2802,places/ChIJS-qzE202HRURD5wgnfq8sNc/photos/AaVGc3lQ6FmwnbPx_snUc-JZTtFFq0o_idOA7apcym_kDIXN4m2SS4L2CoaBIJC8g090bEJBWb58yy63NerKn5_R-tSBvndG0rVzQpZOgjMa4gqfkaT0BqvgVrxxVifaMwwoItmSfxDlYbQQN_mf7lHbcIVhnR2yUhwnBVdp6gwcv_wb-j0CwK4zePe3X80ACia8Bk4nzXPewWjWCCI77hb6d6a7oukpbs9wZZVu13LQeLvwg_ltNuYyDFtOLN9WGVLgY6gTIfOUCYRW_1O0vC09XAhAQPwybrK2tOzhJFDfC6r1FkEYz13trkr1DKRg0EjEub_VNpOdsJazEZvc-N-dUACPRALzOLh9XOWtcEZezHZmvA0M54CAb1eSKcoGw-xTEydVxSh04kJCf2eMgd57NiQCwivaJnQWW2PXgvZCKIXDEg,יצחק אלטבב,
3221,לה פיצליה,לה פיצליה,ok,https://res.cloudinary.com/dn7vbd6nn/image/upload/v1783345003/restaurants/google/restaurant_3221_google_800.jpg,restaurants/google/restaurant_3221_google_800,800,532,128000,jpg,1990,places/ChIJXd2J_ta1AhURA6JZATH3FYs/photos/AaVGc3lJa29rT-KArO-zCAWid9w16SsrTkucfYedvKFLS7xKf93iV70yFb5ml70AzHj6xLL5sUJwxxh-u_GSjecYyonuLao9xvSSOMpmjwJdOkMdiEztzA08mQhdEbBQ3COI5AOflhvWYWY-oBMxSLfhT1wF3L0H_csNuA51zvS08bz7mLKoZ_HfRrrVdDch6dgql7cbWlI9dnDb9pM3XzVYXGGcmUXkkd66JbPAg2DaCjt_FXIRI2mh3666uQm1K7yTv8a3VcoPdUCat9lLXcTV_95uJmBfSOWNCTsrKF2jSqWV8-zB99UUU5yNWsyY2PGAgQ6mE1OGiC446lYQ5d0cNtlv1zkHI6li6wc6b139pcoyLhnP-uvqG8CCuQKpE8ZmFlgNmvU88bflk2KNnKyu8Gz1tD7vx0wkqAA2HIg-rf-SRw,לה פיצליה,
3226,"מאפיית שיבולת השרון בע""מ",מאפיית שיבולת השרון,ok,https://res.cloudinary.com/dn7vbd6nn/image/upload/v1783345005/restaurants/google/restaurant_3226_google_800.jpg,restaurants/google/restaurant_3226_google_800,800,600,173246,jpg,2417,places/ChIJs7mOEfWzAhURWdE5x-v6jxM/photos/AaVGc3l2s-4SYR59sb7EpV6jUZyMlCxMgSDcoLividlEyawPJQrk4HXucIgeQ0LoxvOH1m4kzgc1Ofq1xBEwRvpli6h9nhggWEaKjdRil1n9Qq62mmzNejv3bQ-rfW5i_ot8TOywrO6bEqmIsm9HcJIxOOZjJDM7bzlPqokFhRWO5iu5z7zJBMgG6k6Zus9BtyPI44c4xOd52d31h3JhFoLlAbW9d7G3J5iko0XkRwjCntB0BMO1cpRE9Mctnrxeeo7fgjG1MX-k9PdzDsknbNjCForIgFRGHkW6v64NexBL6gquEf99V-vjeS9lpmHf-_GsygZFg7LMWKP73Z6mq-uaXpElRdmeWfllBN6LTvd9tvupWfV4yfd2fQCl1tL0j6F8mGScKB2IrMwHiUk3nMskuA93vWjB9xmQkKdCNmHfkzJyqPI,מאפיית שיבולת השרון,
3228,אכלולה,אכלולה,ok,https://res.cloudinary.com/dn7vbd6nn/image/upload/v1783345007/restaurants/google/restaurant_3228_google_800.jpg,restaurants/google/restaurant_3228_google_800,800,1422,132212,jpg,2044,places/ChIJgawz3UtKHRUR7-PEEaCcnc0/photos/AaVGc3nTl8izqT22KstfTeaEgIiIhLwvaIoUFw3X6GFTZtm1gswnpM5J0YCJ75pW8t_kSp8IPMj5ORdn4UXhBY1XyrUT2dWypxXtVlPlw3CEdhkNmo22HSOicI8U7RvQKDIOnlbYCs8U8BFYXHVbow59r8ZJfUeOzB8qoly0BIP7AdmOCSNWmlF-BZcM-NK_a6mrvCKLGJicCeoCIwRzraOgMEl9OGU-6XXhC7_q4lS40D2kipPCei-9wX59T4-W28j4-AEr1gvVOuRhcFVDHJ4i7_DC3gP3XClKfyqfiSGz6tN3OUQdO7szHyZlSGsE9YJ8Mu6SBG0KHrCFbG0DPOSl0U9XeMjI1uyM_05Wz9gsC5QSd6lFTx5Zf0NTDM-eD_HvaBR2upMbvBn8xmERfVkU2QHHRZNiB6k2VuA1AGyHO4HWmiWQ,doron fokshner,
3230,פיצה עגבניה,עגבנייה,ok,https://res.cloudinary.com/dn7vbd6nn/image/upload/v1783345009/restaurants/google/restaurant_3230_google_800.jpg,restaurants/google/restaurant_3230_google_800,800,1067,167917,jpg,1765,places/ChIJHdtLe_DLAhURoApXk2OR_Vg/photos/AaVGc3ltdZZ5C0iZuUVy0Eji6IERmzxDl9BGh0qqh84CV-byINdoLJminfD8DLpmR3R-QYZ58dW2fgdcB93B_7U8G73bZ1v024-6w-FX5uwcvYlk7A-xVvq_g8rjxXsW6dfj5mSgcudm94Cl7Q97wXawr01LGnYXllIbjdC2q2ILwc9TB2_8emq5Lp6TW1JHzOfJHfLnPBm6TmdWu_eFKw2uMmGnFk6KMfzAIODtkncLv4qs8XyUZsVZx-XnFAE_QlCYn4gf4qrm22d6gVmVkQYfntqhM91pWa0IBzkUT9gnDzfkilN4FFWCnI4P4NIirtCZM4lMRedpPHPaJhra8UnvwuIPvho5ZwRMVQR1FCFReFIQEz7oM-dtyzzQfUaeP_Dx7Xl23Vum_cYt18lYJa4HSfZU-_81pC_Ws-alXmPXIwo,עגבנייה,
3234,לבל אפ גיימינג בר,Level Up Gaming Bar,ok,https://res.cloudinary.com/dn7vbd6nn/image/upload/v1783345011/restaurants/google/restaurant_3234_google_800.jpg,restaurants/google/restaurant_3234_google_800,800,533,103421,jpg,1530,places/ChIJ3UKLMPZLHRURGKbhiAIUdLA/photos/AaVGc3nl6hpBBx-6cD95nYalLeDwBTxRC9rlK19wcmq8K0zh7DRuDIj6kugCJcl4hsl4fl-aJfkRA_7zTY40CylJalJwRzeD31SVBYsUwGvXwdCEDFwNgbOcyTTyitWOg_uOKz46IOCrucTwzE1oG-N4_8SHhxVUTLzUMnsdIyhRzoCmOK9h69mY1oR7tzTCbtXUDdusflOxIiYMbxQsBGFmLhfAa_zpmnQ3yRZVyIBB8DWkCEl5AbMPv-CqIxOGaupXhyIW-_Dz7MSBwT7QJi8tNgnQNNCesEE2yu9O2NsCxS8UDuDtyOPc3s6_-VEYWvOS_YXYLiS4NISoF1po0JRlCAEJn6kWqWGGbhGlNwePR1g5GBX8Xl029xQmeFqONQmosMn2IjQhZXyruy8ZUG2JYR5sdeVSBD2IIACfcEOry5KEkA,Level Up Gaming Bar,
3239,בהדונס חומוס,Bahadunas,ok,https://res.cloudinary.com/dn7vbd6nn/image/upload/v1783345013/restaurants/google/restaurant_3239_google_800.jpg,restaurants/google/restaurant_3239_google_800,800,600,167227,jpg,2041,places/ChIJxfUCpsG0AhURDTz2_LIM1Vo/photos/AaVGc3l1_5QFqFvuijsnpnhkLlAbJmST9G6FytxqXTHwfNNCVlckzvOJjFUxn7LjCjF87-rWtPK0LHuxNb_Yya1w7EdoWiufMbZufY3g3FdWtE7ULTTZoFV0usS5VqI-4uE-j_7jnFOpqifGlg314p69icgH0yyv-8yEmlpL-e1e0lbmR7cWeoQvzNHERbjBMmKPrwCwpPdIfFCoxkpklqOst_4Okx9PyyrAIKMo6Y8qFSTmaVG7P2_XMMXrznUGpn3KyrIKgZLkZzoHEJYq1VOi8uzHt7Jm_0Dbu-8SfvZVlQWlkSoOkvBtAxL0X1RWNsh2fNzg1bch0rlLG2AsK8vHpYRBibtsiwM_6Ijx8o3g-sgkDPn7BD8dW_rG_7Q5h5EzU4xTcKB1p3ZsVvd5qjYFFeMncWuLPcHqU8wYs06QxeVtrw,Badaboom,
3246,סאנדי בראנץ',Sunday Brunch,ok,https://res.cloudinary.com/dn7vbd6nn/image/upload/v1783345015/restaurants/google/restaurant_3246_google_800.jpg,restaurants/google/restaurant_3246_google_800,800,490,105688,jpg,1785,places/ChIJwwEyZp1MHRUR2YeJ8H6FeUo/photos/AaVGc3m1tbkP0Wy-rEn2Y98_aWY_D5VRgQdlKpibvC2ejkLXOeXNBG6NdAQMYxZmATZdOUaIs7S_oMYfrPybKbgCx4L6yNLVjiAVVhsqEIla_Xdk41tl0aDZCon-aGgmCEgTwnncWK68KGtbnGnZm8PqsVOh_C-zyKLvjIKHyq1NQd6-GSnRY_q2Z91iJ5h6JfHmcCdezKncBBRV_AHz_eMa6Da1r4_m_nrSmCAkABC-gZr7Sp_Ugz3OqU1v8JBLBXTVPMk31N4cdeejTxFbaOveprvSbPSC8HA-2robxV1kcqkUC5mO8-KsrjfImRHVYAcAJ7cwd4EXM1MrMy-IqoPA0-_mbWvUMk-rnZpU6kzshrARrMoS9AVTQ4T7F1I0fzuHCvSh2rbOZ7XYUBVENdFVcyox7Wle_6Ufo3chEHiwgfESmyCI,סאנדיי בראנץ' סלטים,
3279,פורטו מיט,Porto Meat,ok,https://res.cloudinary.com/dn7vbd6nn/image/upload/v1783345017/restaurants/google/restaurant_3279_google_800.jpg,restaurants/google/restaurant_3279_google_800,800,1067,220961,jpg,1888,places/ChIJb6zDI7m1AhURxjOgfWt6SuY/photos/AaVGc3nbkXaoyTcdL1CdTFqT8gC4N6aLzpddAWaydNzRu3RW-dZfpv34_m_GAWBucY5ySfyXJxVMAe6LcBGvZBJxupeOvNgnRRxPHoPNRN14Ha47zyWe0rqSyylwIUToEkV-MqneoJ819thMEVWzwTkitHcoS80JblWf5bhv1cYjvFWFBlimWUMIkzj_2U2K9vLsOr4B2BSIdj9P1LVSnKiUqOAaKI-d5Ofw9RtloL-UCJ9tf-gTXCSoZPpQARSa2b8I8afy-2KppF3MRJfpM8AJywZjzsstBy1D0VcFhmLsH79HcwaHNSDJIXBEIaQgxUkiKdLSYtkeISxdg3CPCS56iloxEOhPYk6jHzSnR2ij3eCTt3_r1HZ1xvh3-M94Oa40tn8Hy3tXFZBEj6dL5OtKsJaHO9D_7TXyX8_wA1LHBXhwuyo,Orel Shema,
3289,חומוסיקה,חומוסיקה,ok,https://res.cloudinary.com/dn7vbd6nn/image/upload/v1783345019/restaurants/google/restaurant_3289_google_800.jpg,restaurants/google/restaurant_3289_google_800,800,600,185081,jpg,2144,places/ChIJ2Xihr9Y2HRURIMqNWzZticg/photos/AaVGc3m98RLGDGfLuEx557dVvM4vlM4mFPRZxBQCVAXFrGhrUrWjT1vY1xk4yZ8BKVVXrKJWF1UosX4RX3IW9IrQRYnLdWyvvZWFsWkrhpCDBSPzVhFREHCsu5qiIK28YWi4kaqFYv4rANGOQTFv2bOTQn0ReOuyKtFoLIwZ147GNJdMWZbaU9uZaaa7v9gUgm7RJqMTIA6BBvdZHmbkrwgIlza1DgnW9K-YeKDqqHAeImIW5zj0h3-uCulL_cdJP4G8B1YYLgc0Z81C6g95oreycSaau8o2E82WkQLkXGuyFMvabIlLFxKL6gyOnwfintgffm-QMkiBnv5Lokxa_OVnfj4SQAnirQswtPExb_2vFOIisIxzONWsCW90JJ_OYyXTfr6m4aqF03BaVAwWp0JDCIG1SXluz6OqJiMHcn0AyYXJkg,Hashamen,
3290,אבי קבב,אבי קבב,ok,https://res.cloudinary.com/dn7vbd6nn/image/upload/v1783345021/restaurants/google/restaurant_3290_google_800.jpg,restaurants/google/restaurant_3290_google_800,800,450,142607,jpg,1734,places/ChIJ1QvL68u1AhUR6868p1d0gkQ/photos/AaVGc3n63FpYUA1ela5i_erXG1F_fYJwFMVaPUoW62R-bUYoUWQ60YmKiEqgS7_wKXezcARirn-W9F7HwMF90srVHduFkLJITim1QXjGHRgQCD8PIIVQHpgSxlNx6SZu0m5kdIylnsmucp4HsBSTPtODoIPgcXzi6JTVbhukBJ1Pc8YLtSMi4XKNt-uhkb21PHZDH2L8_oh_8TKo7gM4s8jACrZhtQEb2krgDKQk4P2JQGTHohqfuKWXmNF1Cm9OEuInJq5npYCN-5zTN2H1C4XWLo0lacA8y8hhy42OXe1b6LXJpBjndByXDqaOQRMfSPZ0F_p0RNdKpOghmM9anBEC6cz1OAOX0oP8aJ9Kq6QHMZ2avjci8qJ2DIae1k_qpwMBWq6LmXdZbVeorZV7sxn9KMY2zc9c1WkIAw0uDsPc538VEQKJ,Shuli Haim,
3298,ספיד בר,ספיד בר,ok,https://res.cloudinary.com/dn7vbd6nn/image/upload/v1783345022/restaurants/google/restaurant_3298_google_800.jpg,restaurants/google/restaurant_3298_google_800,800,600,155409,jpg,2044,places/ChIJedakbGlLHRURa8ZdV9h6fcg/photos/AaVGc3llyNdy4uvMT49eJaqKMMMhmSGjlyM586YzO6NzeMBf2drRvhJVNgq_-YkZ317W8ZZP6ULJzpx3cExDxwPrm8W6mAwNGdhZIKNz8taa6WpnonOAPVUY4T24RtaX6_DSVC6CztomVKURGaZnbFbVfkDaZ1EDQ32s-TT2Ixz11fnB81KTNRp-1S6vwImM8c04iWrLTIMv6cJzcsgSlAqwb3EHFAaz3aYx5gY-zUHFde-0VPFv0JToBGTV4Qpz9nvxk8EQXT3g1-DsMsSetKZoOUPePtf1izz18D6knZuR_4pmU4mCgcd7zZiWmiaOXmaPDs-YrNJe_xYfdiZ_EWlxaHW5WK8I0uLqw97vdWbDYNXE_u1wyYzjzkxw-rJm4hPx7sWkJlSgFWmN6EXPVz2eqJ8ooSRH3hexBCKH3LprWVIQjg,Nadi Baharav,
3299,קפה עמנואל,קפה עמנואל,ok,https://res.cloudinary.com/dn7vbd6nn/image/upload/v1783345024/restaurants/google/restaurant_3299_google_800.jpg,restaurants/google/restaurant_3299_google_800,800,600,149425,jpg,1935,places/ChIJm9dKTMpLHRURMRIEDYEl2VY/photos/AaVGc3kOpP662x2mGV1J5mXiPyqFpK8Sw4nZxM_t9AT65-rh8EP1b5ruBH5gYRG0YPt4cYtGES5j1ZnaQgHRK8L9Hi5wyT8hccu3NUY27KqIEcV4_bA770glSlxP8GVemb7sxhrjudA0gRZ6XnHyn-WTL_5p7YMBpuH0npFr6crvTxTSVmQGZ5R9kc38JXz8iyIYNT3wA4fFht3B06VgV2_cQsdxD63VEWCLlbeqPzE660yWRvP6bB2WlQUYaAWlDkwLsHRL97pzuZ_Ha-fRqT7WYUSItJZogjHL2qAfWYN9DmJbh6H6zWCkwAAtWlsi2ffhSJ_Xpa3Swk9m32AjBLQoVA-KERUpvw9dJXDNbHBkdL_0fdWkRAlg71ONW599efQP-ZAT0aNDIquTNqpZrs5ToM6LAvrY_ppt0VCvKbbNHvoCI1na,רפאל רדאי,
3300,עלים ירוקים,עלים ירוקים,ok,https://res.cloudinary.com/dn7vbd6nn/image/upload/v1783345026/restaurants/google/restaurant_3300_google_800.jpg,restaurants/google/restaurant_3300_google_800,800,600,138855,jpg,1836,places/ChIJwXkfUr9LHRURgJetjgrCn9U/photos/AaVGc3ln5OT86vnoeS37Xb7yK1ArcPjGN2WtJzpJd-Qk4NxGhtYUb2cX-QKgsA7urLoRSWKNXOYTJL185kj0xF-d0gQ4Rqo1-TDJFpy2GP8xpmpRW0q9xg80VRVRQaclFHBo4W95hIPhPJ8xQd7uH9jLQbnSgNkPf0Znzp_66Oa8RUwSNviXSkd4P09s_TiuunKMg_hQFkDWWsFL7zbW2P2WI0yFOet2KbUWRl7h7TL2qy-stP1zJZg-pPiQIfwrZck2x_LiGuT61c4HwS6k-Mij1Bcnd8L4-Bpi8GnwDF4cC-oDaO-OetjzR4h7bPphheO-CbTSiHAYiz7ard42DtI3EWNEkOU-gqYlvHtZBDiZuHfEW762aEO6CR8-0ySCVCtA5yjFWNoVV_LoqC3eUcCg8NsCNdv_tZHTM7o6GL6x9sZB3i18,Georgy Goliev,
3302,הדרים קייטרינג,"קייטרינג חלבי ""ארץ גושן"" - מחבתות אירוח",ok,https://res.cloudinary.com/dn7vbd6nn/image/upload/v1783345028/restaurants/google/restaurant_3302_google_800.jpg,restaurants/google/restaurant_3302_google_800,800,800,290866,jpg,1989,places/ChIJwfNJC0lKHRURefrUASecsJo/photos/AaVGc3n33FEzofZ4zH4M_eUCbZefFZUug5fcSowAokjExKoQGjCjyI9jIxciP0i7Qe1fdzNsUwcc0uMO2ydcjsN3XV6KQJ5Y3kRY7PFeHm-bM-Uh-L1Hu5hY092KdzA66oeIwwqzy4OvBasZwrDZKPBVOrmrOoZJhPFWbX6SUBopGs5zIcm0wQlVIx_o1YyZF_Cvnck7DscIYkFMiGaGDPznmZz2V-YNrQHlTIkeTbxZC_laZc1XUwgGxMalE-gATmY2UengUlRfmUJEFFgzmvUQ0r_3DE1RV_2FVDndPucimHZcwNP0la4ubqDhDR1p9hY1fra_MR96m_XDNNAE14ZaAWOw0YSuz5WX7X2eeZ9coimxrVAklA5ZRDJ0ipIojQdwwritrtv4N89d-wCLg-uoOeNTeIjySmHEPPFwAZx3JiOzI2k,"קייטרינג חלבי ""ארץ גושן"" - מחבתות אירוח",
3304,שווארמה סטריט,שווארמה STREET פתח תקווה,ok,https://res.cloudinary.com/dn7vbd6nn/image/upload/v1783345031/restaurants/google/restaurant_3304_google_800.jpg,restaurants/google/restaurant_3304_google_800,800,950,273317,jpg,2194,places/ChIJQ6Guay43HRURFl60_pM9lX8/photos/AaVGc3mPfWR0LdblMaRKf_4sWVgQ-8h8kk2er9lssNIt-UTF_i1yfkxDuxBrriq59CuQu6zmHU0APtvGBqWqoby_zGJ5I6aJ8ASIbOwpf89MAsMXyL2dw9e1nL_ExtRyqM_r1hE_UlUa5yGohAfTvDHbGSePx643ovQMp5rkBXhsQv5lQzUrzfaYpU7dgZm879WXCoruLJjeyW_Yl6TZhlWCxfnMNjn55bshYqrfWBcyhedRCY6DGQen1pDX4cRDIL4_si5PTLOxzWqa9eI7RAYcIKYrD_g1orLPM4UCFdOwzB55l9M6bkxmkicLc14Wpa8H4gYGr90oSmrYw5yAnuvV9Dx_USAqNPqqLPC5cQQSaK75h3vjYRfA15vMKrfwJEXRGo3ztTKvW4adNwWjosb6VZOO8MW4P8encK59atoZXbg,Igal Ha,
3306,קניאל בשרים,קניאל בשרים,ok,https://res.cloudinary.com/dn7vbd6nn/image/upload/v1783345032/restaurants/google/restaurant_3306_google_800.jpg,restaurants/google/restaurant_3306_google_800,800,600,101385,jpg,1425,places/ChIJvxpJLlZLHRUR5h0ZErMBKMw/photos/AaVGc3kR3WjXjZ6moOxfWPTeQtsY6PZaVcOAWTRHCXndVWHAhjKbzQ8sW8u6PupD56072nwzvl2tSuvKFxwd2h3jOPUtQhkK329aI54s5CHKP1A21z_BwCGSLd9CV3igV3Q63CnodPjUiS4tkE-gS-6WrRxi3ZW3LTt_eU2Rkl_5kM4yG7rI3HQU4e7XJBAd7qTnOP49KXpOz2W3j-du802R0vN0u3nC7a1Vd40LCfV4KusbRn4_IMsMzL5_ceQQRbFzb5FZfGVh_qZpKbEVm2w23GV8HHOD4frGqiYxUCNuX3BS2dz5nG-hAP8vyWTZ0PR0ZQDro1YpnxtjrZcyXZ7-mFKUX8s8xgq2-0N0w0jrQREi5ev3CI8NHVVQnYnktqnvHrBI_uYzteKTev35aOAjFR5hoCsBrikORb80sse9C4EHzg,Ilan Omer,
3312,פיצה רמת חן,פיצה רמת חן,ok,https://res.cloudinary.com/dn7vbd6nn/image/upload/v1783345034/restaurants/google/restaurant_3312_google_800.jpg,restaurants/google/restaurant_3312_google_800,800,600,130702,jpg,1940,places/ChIJ_RQEeANLHRURbRrMo7vJqoY/photos/AaVGc3lH8y9HAP3s0C5L4Z5bGyjPKFh0CbH5HCXMkaYsUzOU6HidvB5oU3YPwZDs9kypUMaAwtm3bDzL480sskoSh7qIbNzANz3yUYXqww51CWEpPzmBpBvRCzs-O3DbkORp_9GQSgMykNPpZ1U5ifY-uU_zUzgV33VPPaLchpxnSQKIjVkrX1YrK-zZ4Uv4HcG5S2b-QDUlQK5rWE1FtHqoz9cV1ZcawaNG0wkK2qpzQqTq6Q6mc4OJZcWZM1fwXN1CXZG7gX0NvLy-4LSB03TSFxbDIFklNwsyYpVpd77AodkdBOWg-yCSz0DjmihE5ccirU4rNn1VwoGj9XQVI22lvhWui6Q_2ernruZJb0EzN99JZZsFeBe6IJ6FVg-sno7448sSSpxylxewCIAeSij0GKaojPHOXO4MpABESZmnYMw,Erez R. Mizrachi,
3332,פיתה בסטה,פיתה בסטה - סניף רמת גן,ok,https://res.cloudinary.com/dn7vbd6nn/image/upload/v1783345036/restaurants/google/restaurant_3332_google_800.jpg,restaurants/google/restaurant_3332_google_800,800,600,190436,jpg,1735,places/ChIJQ-YkCH5LHRURrWQYatd2yyQ/photos/AaVGc3nZqb7hjHVCpdD7_NHWzvUKyg4iLjGvh1Tstxqvy6JsawGF53NT0LSM1zSj_IK1C_8HZjtGQQFo7zgXIvs7y9aPdvxM_8kkvhsACmJJeEowWOk6eWdqASegOvwLdGs3X8nwpGfPRN-XPKvDOfMGKLraLFVJIQ9nTta6rMkWX_M5dDruKNQcTtWJv9SD2T5Ao1lCFoRRSa9SnMrK5pCwzL44k1vnAZnBsjmjJaS4-oHil8NVj8Z_ZFnX6N2HL-R-loT-IhhemsuWzTjH_2swb63pNOl5FIHoiBuUF1wgZVUN8kwFT2NgZGwRyHbQtBU0FGfeMQxN1TK67jeVn1O-k64a50mzgbR7AkuYK8l4gxuTBkqvRLFLqY51uc5G4l4SmdMUJGxfQHZEeKqggxz_ZWRz3VML90rMmiAQ4VPi4zq8NA,נעים עאמר,
3335,Cofizz,cofizz,ok,https://res.cloudinary.com/dn7vbd6nn/image/upload/v1783345037/restaurants/google/restaurant_3335_google_800.jpg,restaurants/google/restaurant_3335_google_800,325,325,32254,jpg,1630,places/ChIJD7yLcm02HRURbPCSYhMfg1w/photos/AaVGc3lFToqCQ4cjw7T023BdpLDMuPgCKOwmGJLcE1D-ZADNmfDRMN1cFBLRwkub2CxAmY4oetwg6NsddJI4mKhSjmUC7GV2ULuw4VEMnqxEsvW4qQ4irHhDOZzM9MABav-ov1Jiqe-U8c73xMPlhqPbll92m9_j-HI6VHm913RY1say-hbbjsGdpKU0-yJl4BfiinpYcLIi_hLkjNdXiF835cD9WQl00-v2ebSAM_aaWPEGpLGbXKBYsIRT4xme0t7_oz6mM8XjSah1s2rHHyK6hwd7cO-7xm_L6Y6sEErebQCgM5TnepdnWwECuQk2aJqIfTDaXpd8qpez9UdmBSn8P8Kj3j0AIvmA1MoWrFo3y-psh_iJTv56bdj8Wj5RjGEygLircmts9qzdDP8HXZmjidegOgaq1Q4jScCxRHKRnBQ,cofizz,
3345,קינג ג'ורג,קינג גורג איוונט - רופטופ לאירועי בוטיק,ok,https://res.cloudinary.com/dn7vbd6nn/image/upload/v1783345041/restaurants/google/restaurant_3345_google_800.png,restaurants/google/restaurant_3345_google_800,800,800,710348,png,4068,places/ChIJyz1GS5pJHRURz8JbjZ7IPZo/photos/AaVGc3ndLKl2YOdY2bj_6ExgkSjN_6dR0jJzjyOfs-0bd_fAnDAMuScf6xmFC2KIzk3C0ljcRmM8O0OccuwOLrkiSEsbtW-QrLScrtuE9PTHUtsktu3WUVn-tLJYSzWmLBNESqlteBQySfpBQOZVlHQ43oKJ3zVfI2gVDuEhK7U8x8VaCNNyYeolu8X42rFPFfHi3_6zKB7th4r5nbys46GnElOMhqUGYpmMAJHLwLwbDdPi-BGs-yvl7rfMa2nZc5S5gxYXNRV6AnhD6waH9GUpoKt5ozlV18rzvEpGjixcFwoVKQ73qMdspfNZ4I_epP8QSq6cq6FYKqI2kH-f6zkoo6hSXCAWHm9aHR8vaNuIZD9xuOrr97_RXF5C7BXLcLyaRBW4i20fo0dIxQbpLiyVlaKgRp88r6jm951ZCej5262lyOEla3gX_QbSMxG1hX0Q,קינג גורג איוונט - רופטופ לאירועי בוטיק,
3359,"מעדנה מוזיאון בע""מ","מעדנה בע""מ",ok,https://res.cloudinary.com/dn7vbd6nn/image/upload/v1783345043/restaurants/google/restaurant_3359_google_800.jpg,restaurants/google/restaurant_3359_google_800,800,450,60045,jpg,1955,places/ChIJiz9FAptLHRURq-WrTadCjrg/photos/AaVGc3l7MqUuzpqD2wqHYF8pwD8RGQRe5SeYdTuFwHyNOOx5-GysU_ihz0YKvuic3tW65zN5SCO86ex1b4po96mi48sS-t1OySw_hwcfZdOQVzePLrEVnxMgY_UALSuHgwElQMFqSCEsdTakZ8_9epiIt78uA0YmN7_nfSar0oe0fC2urGlejqCNEAnHdt0CHVBFM28lfjJY2m8Y-wNhOnrGjpgjYWncB6m5xOv8Unlk2Mg0WEi24i9XgB1imZplgvVnQd-mtZRDNIjqV86ldZKpp4w4PK_Jrr-aD888a7D9zfTpbs3iWanc7msGlWtBrRe7iofKwusASp6bFhp4hwXAEfwqmmNnm05ZDuJbUxpDMu5xYdFvt9yKFIf-l7XCoXfGquczsT4AGrUiS-MeMNnrqfZD8S9tCxv6_5WsgJohnGO2bA,C_On,
3361,סביח אגסי,סביחה,ok,https://res.cloudinary.com/dn7vbd6nn/image/upload/v1783345045/restaurants/google/restaurant_3361_google_800.jpg,restaurants/google/restaurant_3361_google_800,800,600,170280,jpg,2054,places/ChIJj2q4G8lLHRUR7GBH5JGmh3E/photos/AaVGc3mAc131psyPGXt-UC-8knCmX3yuxNkFhNEATnfQUUqGv3qG8moPX-3_w9yRU3FaB1c56UT4JhcOhbyMh5reZZY8rC_sZCehEdVI_IurgDxXAnIP9jv_9tdYlQ8himHkyukZqG4t_Xcr5UlR8PwM4MjkPTHFaTCm2DIoBRRWkjxZH3u2E-RQLW1VE3CXxOQlS3z6yFJe3qN4lYKW5FXYWBo8jmn4JGU4RYGJwfTlFXV1oloHw5fimWMkibYaIzTDh26vllaBAM1vY8HB4gUtYG75tP7iTYo7ocXU4D9oAykhUzLSZKqT88bTcXVHacdlpMkNu150i7amDvy2gyNqF7y0VHuJ5s-XhGaM1qzfCSINpym-r1jGhhVRZ0bcIatcZQ4o-wIua_gnKrVgwwTfc6SELcX9QDNbxK6WOAgQJVi03A,סביחה,
3368,וופל בר,Waffle Bar,ok,https://res.cloudinary.com/dn7vbd6nn/image/upload/v1783345047/restaurants/google/restaurant_3368_google_800.jpg,restaurants/google/restaurant_3368_google_800,800,450,114491,jpg,1739,places/ChIJu9JE497NAhURmme4SGnijhM/photos/AaVGc3kWYnHlUFN9zDCb1H2tD19Nq4MT4Y5WAw2C9zit9Dl4oT4uHqlb3xtTl9orzCWIDc-UEgoipnVyHfsN8NDvEmhK1S_soFSr6n8EWAc5N5BKHagYyjCjsoEDedE913E4rRdjU2_BoBzdrU_IvXrwmH24QafP2jgDyenuIlFNH4B-XRfWdP7ukGJ7fg0fxso0zRhpWjzJpx2AhOYwUXVg3Rn9yQrpnagDlPM5WBgiI8Z4wc131k0b_wfGxoA3wnqVxMRakZTboW-_FNWRqvFB7QWlcQC3ht_vkAPD5Ogx2D_yZfwSjUV6A__vh978JQ5ATn1iS31NVor3Tz7j3sl0PsFOfSOOLvUJPzW8vVB5nsPg9ycMSfIYFxH4u-Ye4GwD9RnDkrmwe1tJR_QdOYz46t5k2lzp7d7AtTDAsHkpREA,Yehia Sh,
3387,עופל'ה גריל,עופל'ה גריל חולון,ok,https://res.cloudinary.com/dn7vbd6nn/image/upload/v1783345051/restaurants/google/restaurant_3387_google_800.png,restaurants/google/restaurant_3387_google_800,720,405,496263,png,3347,places/ChIJ03kaoX6zAhURU7lw1YlDeyo/photos/AaVGc3l_s__eASi7Nnr5gVIEpM_ao2RSeEUTKzPbl3age32LosmEr3CPpM4F-x8RTiSYx2JOCqXGa8LXrVq9kWacHBLZ1V33XwpL2d51nxnZTkmRRMbiVUs3COCocKauFGNGSTnf9pibdeLypLmXEG1ZAZvRjOBgDG8XjFsntBxqg19G9OG4TegnyKJlkce_JAeCmgDzeko1pqJSDDROf5QzpYMK39tyHXinO-jbd5Z0ONegg6bfs83uXxh628j4cY9GaW7Q5tqcgTpxeoXyJWcaGOEK7wZN8lCifCmnq9OZoPGL38qy1CX_3xo0AMoB2E7oqTYof6bGUr2Rh1kep7UH8YVCo_-yicFU3WBPLlWYyKnWEkjRXSLS-kvdQA4TV0WVq9U4xw2GmWk0vDpULvrUYrjRGow1fOw81goDMB_MqPQ-A7w,עופל'ה גריל חולון,
3403,בורגרים רמת אביב,Burgerim,ok,https://res.cloudinary.com/dn7vbd6nn/image/upload/v1783345053/restaurants/google/restaurant_3403_google_800.jpg,restaurants/google/restaurant_3403_google_800,800,1067,245685,jpg,2042,places/ChIJ1zSC2-xJHRURQaG_NArMrKg/photos/AaVGc3kN7kAahcE9jblkFOJoxe3gsfsv4oH4bgg2htVuGGIpw7Mtz9eRGbHUHaZI6rnGi5zLerO2j2aY7OjNz-4bhJxgvztKlKJnJZT8Pp55_VxI9xVk4pG-Md8ouVgg5Up1Pzwj9HjbacjyJAnza3FQh0RL9cqaf82JKGPH7KRwpBYZ3_f-OvfoI7ePjt9Sa3SbmdK4F_xkR22FqsQQ3_af20nEQItG6i8zndckYxaM4FGfEcyGd45BtwIfoZF6SYagTx5YNo1bWAMy9UD2YXhetCe0ASUWsVmkYCn7zhtcGK7MB0CiYgXpvMqD8XXgMvzOebtYQs_1nnS4tO8Bf4m7NPgywBrIHDF-UTcwMNKqePZbhjCmZDZQ0Jj6Mjv9Pd6HoA6zZj0sgX4qJ0Vxnr-l8pk-B767K2qH-74Mj1wDlSOu_ELSGykuctIlTTL-oIOl,בורגרים רמת אביב אוניברסיטת תל אביב,
3412,חמים וטעים,חמים וטעים | חנות המפעל | אוכל מוכן | מסעדה,ok,https://res.cloudinary.com/dn7vbd6nn/image/upload/v1783345054/restaurants/google/restaurant_3412_google_800.jpg,restaurants/google/restaurant_3412_google_800,800,450,105370,jpg,1528,places/ChIJC0p7z8W0AhUR5aOv0ienmz8/photos/AaVGc3mbs3DbhfnpqmFyWSHLpCsh0dcwLxcavW4Klm68Ghe7IN2e7cfTnWhujMCg32ZhnkleK6WlvKYq6HnnoOVUK9OT510Z8kQ-MuibuMFZgI02THv4oOqAUv79akU_AN8rTSryj2ioWix0d1Jg2WeCUQIFLRsUPGtEHZ-s0G7588DYBEF_wVfrfYgom8bzYhwbuwD9tXMWDyVt8qs4fRz0uz8rDqRBV8f80Y7GDD-NspINZaXeEpfxXNhitG9g4iglms_4g_JlG3EGQlWLtC1qXKWgWHEgfuO0WFrPdCQ2vQgeGguGLO-grSUaRk77pYkPWvRMUuALSdTodiHruONJlfdAWHuI5nCpHBETe-xTj_hvvrryiHt4X7xyV6rHWCv5zv220yEl3R8U1YjNcJDC8_lbmKnT8B0B_Iv_7gPQ-Jx1xtea,lev pickles,
3414,וורקה,וורקה,ok,https://res.cloudinary.com/dn7vbd6nn/image/upload/v1783345056/restaurants/google/restaurant_3414_google_800.jpg,restaurants/google/restaurant_3414_google_800,800,600,151420,jpg,2041,places/ChIJiY1deGHLAhURZSv2RcYkNdg/photos/AaVGc3lS5Lrd-be8ipsP2BTcR0kzHGa00LP5Fp8R1Zu-oYV26TmZDuc8JPTJyLKvE9n607gDb4RDfuyeexwNSFzJfVYMcmbBubnO_RlaN7Lqnc09qSa9YyRZ6ahxcdvlOm7nyCAX20Wkatu1BWCjDxCmmlzr4Yod0Szqo-CX1_KJy08D0tgkQdgwTY4sEK878L_yECwRMmbm1_B-JYdl4nzXeAKr7bTH2TsQKM2IPmOPRM52qiZoeL-lKU2C-zGy2BG_PMrpwcWwbgDK8V8Bm5KQWdW0Wu-ZexrexLOGzrnswq5FkFw6Z96VNABqEIpbvZ4EeSTEIJs43sphQb_PWZPp35lzbkU2v8i9ntqxEKZ-zjkUqNr93yupj-jNGhlzmD032UvzlsNKo2_5zhuo2DG8nv2-a3sxcDoZJnPFPtnoP2TRThM,לאה איל,
3439,גריל בר לנוער,גריל בר לנוער,ok,https://res.cloudinary.com/dn7vbd6nn/image/upload/v1783345058/restaurants/google/restaurant_3439_google_800.jpg,restaurants/google/restaurant_3439_google_800,800,598,135578,jpg,1940,places/ChIJMWXKgGtKHRURVvJbKilgQ_I/photos/AaVGc3mbwqmPyIDQ4LfrTcJTHkLBuoadQQfYTrWOnlKl6Zu59tREpBHV7ByLjV0G_o5FpAl9VAbpEJGS3gnVDH0_nFjpGWZmYRAAEL1VfK_ss6teH7cmo4TUgfeXc527P6aIFkaItdOtzSLiVstLFbw-zb7B6f60i6qcWrPN0Q3FQdc6L4Xn6XS-q9DjZfDRy7Sv-lRrKkM_Mne0DKe2M_mVANIv9Ph1SGVfjA2tVEYV_XlgCWWLk8BuGUpyM9F_yY-aaAMXYoO6UOf2-zcQPV0hPq6v4kVltN6FggKTHqoLkPNeerBhnF_aRzzC0qm-F7-QF-CUvzUZEEb3tBQLnrk_RMAFvy2S0FAo2_FsdvDTByPa_6dtwFzKRz3lkP9dV9ZGE9qqe1OqLr2QlcWo7AucNPH7fVl4aJDFQbAVZPNDfKuO-0ox,Moshe Nuri,
3458,מג'יק בורגר,Magic Burger,ok,https://res.cloudinary.com/dn7vbd6nn/image/upload/v1783345060/restaurants/google/restaurant_3458_google_800.jpg,restaurants/google/restaurant_3458_google_800,800,1067,226805,jpg,1935,places/ChIJ2en6l4VLHRURpegqozrBRq0/photos/AaVGc3lTBXd4jJiyrFywBjmEyXk0skbXIm3aVBK5w54MvdE2GwLocsjdljeHKU-Q0EQlFFD1Z5XpVh4zs-fzZmMx3-ippVW-9lmO7SMu2HTQBaYpfK30BgTMmx5ycPRbPqhPwMH9w6mwaOJeqhqdkxT1UODYvL0Rk-LZ4KymhIV8CZXvDoHBozouv9xfCYyZZubG-cyLGJpFfx_7kkkhdreU0uVUKLaLa4SLSQiVxUSCblY41gG0cMSfCcgPEHqqmGBnSX6Z4dTR92B2H8vKgdnqJ-Rc875-U_qTHNy21Tj0m-yHX5J4lvka9gWyih1-3NuXXzHC4YzEXD7PIMKRj8gXiT02igc7WzxE1v2aalDk_dRgLPgbt6SkLHQQ7ysaLV4lxB6xSLpjNDbYUmckDmpM1Vqp3p4vzGPVbh5C0cLbVs_J1V9I,Brad Hofman,
3461,חומוס פאוזי,פאוזי פול חומוס,ok,https://res.cloudinary.com/dn7vbd6nn/image/upload/v1783345062/restaurants/google/restaurant_3461_google_800.jpg,restaurants/google/restaurant_3461_google_800,800,600,137024,jpg,1842,places/ChIJHciW4JhMHRURH8m3GQ3cNTo/photos/AaVGc3n3QgzxSTAB4wSOHM-4oaZUAg5od3TYKNKaWm4LXWcoqLxj0b28NefnMpX3uSfpbVzP10Qm_eGz5g7jG70ja4j9fiGgUCCrjCdmuZv1jpWwCt9cBaL5zJ9mFoPup1cZfkD-6AjZ4s05yxaUci1QBscAwr4YfB5XDSXrfORHpxHtkUaGBsLMV-lUp7eRi87P-zG3oQD3lp39wmeV3wi1k1-Fby2tVV2HfB3-9eGVRgPtVmdvPkdqSFMMYIL5akQtp7Qev-usRcwgzxr4AlTse00PJel6qN0tSlSwT_lqUkJDAen1tglajue6wWdMUvAVCIWdudg1kLHrG12Rn4R4kRYXLHl6o8yBm-2Yw9jEglcWOns0cem2iEPYw1deiQzXPrs6PRm6BA8IJx6mxvy-Dmhb41sdTV4W20jCxjDj_uwWV-v9,Shooky Galili,
3462,מסעדת אוזבקיסטן,Oasis Uzbekistan,ok,https://res.cloudinary.com/dn7vbd6nn/image/upload/v1783345064/restaurants/google/restaurant_3462_google_800.jpg,restaurants/google/restaurant_3462_google_800,800,1422,322450,jpg,2344,places/ChIJt4PeAac3HRURLLLvzj9eF3k/photos/AaVGc3l7dpahZkK5iJm9Bfk59Kbc-dczFPNz8pvPOnhsgmR4MD7wcLUaUJFxOY4zCwlTfjuxHAPuKrS80eSl8A5VdRdRcvQ-eseubk01vLGBB1o459VS_NZ6IdAxwLnKcD2KTwJNAd0OA8qWzl3wzuGAoRqiaKsXV-cB3mZjwF0fGI3DL74oubeBlvx1M2oTCLCTHiE0j4E5CEe_vbzwad5pwO_tIYulPtIOit0RbH5Ets6wiCK-kY5XVllMvBGBNpLqWAxzjjcaDGG-c316UGbAEzVcBsz98k2mv-uuKBf33jJmVkPQyBswsGdEqFYS2kiGMHM92IMsb0Cr09dyqzfbWvxZlOEGroIhpH3UnCbn6LsqZ_t5zjM8G1Q9TcM3iZM56IdPP1XBrKoMzP8HbJeEua8JCWVB_nHEBZgSLcV_lYQ,יבגני זכרין,
3465,רגע,Rega,ok,https://res.cloudinary.com/dn7vbd6nn/image/upload/v1783345066/restaurants/google/restaurant_3465_google_800.jpg,restaurants/google/restaurant_3465_google_800,800,450,113752,jpg,1836,places/ChIJDzuAi35LHRURy-fsWUAwmf0/photos/AaVGc3mUoeot3RgIbsYPikEWpuvNp_1V-nbkb1YeAP0gy3kLrssh7_DILRZDbNAZqwwWJHnY50H3wHF_kcZ9QEUcmQeFHuH6WMAcU3wr6O1Ckb87epBii2S9L-A5Z5A9MaPRybH4Yt57szLcQjigS0-3RLEIhFHw-GHrOZ-czK1044FVqV1UMhbEJViWG-DPsUPXJhKcyBA8tUdpELuPAUSHunTEphQUe-msbwYmrfuMt8W4oFQrV1gP57_jY849bPnS1WdkQZQIn4CPsIQkCyi5byf7Dt7n_jt5rDtYP6ja5OavTTF_bGIDfZV3V1_HDBXE3VsMDA69CKNtA63U2W4mKDXHQejg3YC7clVOt4oBKQyIGFmf0p0JePyyMc9cRKSHtTynk9uvVhmBxS2q9IW8C90jkuXwpRmL-lApr8r7wT3SPX8t,Yael Hollander,
3478,רגע לפיצה בני ברק,רגע לפיצה,ok,https://res.cloudinary.com/dn7vbd6nn/image/upload/v1783345068/restaurants/google/restaurant_3478_google_800.jpg,restaurants/google/restaurant_3478_google_800,800,450,127048,jpg,1935,places/ChIJ2bjDoSdKHRURy1LaLizNcZI/photos/AaVGc3l8F46Yno0kBgsAELJiEjUP92MTfEZqXGLO_bJte7Ktc5Y0Y3gaFGFNRobbcHMLN4OwDZcipz6FXOBGTrNt5oVBPT9tRQP1MPnQiZ1QP_3vnPJohvFlHtFTyhR5NwB9NFl60kWe9dxpuAi_5nHfUXvEhc-F_dc0Ltmdy455_NtTOOkI831CzMypw-aHQuzXAUDR0H9gjMlhZ5VdwBHkhH_0KmYYWFbLeNwXYJBqwVsUiB1TarWQeYlnYGA-wXwedKKSiTbZaQ5BY_hyRuAGFl3y98YPeREhQz-2kCQ2E6DRe0mfmCy0z5jG3ubd6lcPRcLn8ebpL2_fOdn-RdEv-HY3AchCDyKDAlo0dKBWaaXuEA5e5SYI9K1jhDM4m3TgrGyN0Nt0KM0GMJYWNE0h43iIyH1BC7p65MyYklAitCFrcQ,רגע לפיצה,
3499,EggZit,EggZit,ok,https://res.cloudinary.com/dn7vbd6nn/image/upload/v1783345070/restaurants/google/restaurant_3499_google_800.jpg,restaurants/google/restaurant_3499_google_800,800,534,118021,jpg,1840,places/ChIJeUze26e0AhURNH-MLl2ivK0/photos/AaVGc3mMwEeSPsfRd_KDRsTFnyA4WNdrM89a66D6XUtInujHyn8HCuLZiTXpSReg2bUGdJiUgDL5e14WXCPR92y197CL4HZlpllQtncObpm1eEYEWQuWNJYz5yhJnqSGo1iZ0BufbdEjUK25WUxuTNjokTMA29DPS0QDmxPF_YcZTUwyj3UKDCExuYgrflInLP_NBAqfftXLRu9sfrGFO-RzTNKByBE-sT8_5nGAznddsBMoF4A_6_VikOXCyRNl7ii4-5ZZFdFv78IP0U9eFcuq7q6uvujNTDI5VK-sXpfLHQjtqh_GhnjDf3XkVeUstwrUDqMIAOLB8r5CeugJdss_tkEKu3bwEQbQkYPt3QqFbqfShau00UppDDnuaxlc_tdq9ZeUM-SyvwvcmnF14HH15RPLZgKB6mrX3pOXx2tElyM5eXfx,EggZit,
3509,חומוס הנביאים,חומוס הנביאים,ok,https://res.cloudinary.com/dn7vbd6nn/image/upload/v1783345072/restaurants/google/restaurant_3509_google_800.jpg,restaurants/google/restaurant_3509_google_800,800,600,110086,jpg,2193,places/ChIJy4lZiHg2HRURv76EXfYiKsc/photos/AaVGc3mLmUCOdOW0XL6L43SEmOAArNw3xHI4XDvY5XjwGdi6rCwFzHpxz27llPNrPIR9vB4h1P1D0HFzksz21KLnsH9JBCrQJesWzrJD9z5w4-tGdAguB7YqiKaUiKT4wfJp9eX5f1JaKk-SSKlECKZvrwpKwApJqzPphqTg4SZ0iUWDd2NuegVkV3yVPN2gfkuXUNGBt5WxqkUNrL01dj2T16aDR737Odp7ksPtjtnZ6Gadd3In6ieOItJys6CK0_2R7g6Jgp-aD1Jysb2v80v5M4iTt1EOblRn3oxqMWnsRct_4gHute2LWPIuIjqOs9qD0bF1lpSHjFEfBkrrAosPjiVUSYivoL_8pljHbTMcj-GAaUt70mClmOT8bq1t55x8VG1m1-_7zzDO_FTpH2mpY5XKrkKO27YRLxxzX-Xvx9E,רפאל רדאי,
3513,המקום של רבנו,המקום של רבנו,ok,https://res.cloudinary.com/dn7vbd6nn/image/upload/v1783345074/restaurants/google/restaurant_3513_google_800.jpg,restaurants/google/restaurant_3513_google_800,800,449,102502,jpg,1783,places/ChIJiaRHhZ1MHRURUbfk4NuBvN8/photos/AaVGc3kFEhsUWp97kaHeA9oaOhsrOPhL1NMj1cjFBNpCGPHZhfZ983w6MtXduZf1InXxj65cFVkQYUL_BtYzZSaGKEKCvNvokY_MDtHtOLZ8P4BhWQbR91nsFRgupMo8c2Gnwj_GivAzo_68HvhFt8itofHrdUajafcJ-Nb-JJ0Gx1qu5w2UFUYGzV8asPT3gLGIsyXJgvjNOepJVIvoeHXVgAQfQYXPrhor7t-e0Eb0eSl6DExL3cBHQsnYBO_ObkcfbYVUO6H_zQX78OR7TM2lKq0ji1A-IzERgNU9KgeNS2FkUXaJZ644cwXPnJqKC1eb-yMnXam98l-QmgIuCB5-CqVkGt4dj1ImoCEx5zj0xDnRlc5wskY8CzmDqbcM30TsmGCdeetqNltI6_h4zFIsIFsS1bTiRXybRiibUGy8L9JxGcVp,המקום של רבנו,
3523,פיתה בסטה ראשון לציון,"פיתה בסטה(ראשל""צ)",ok,https://res.cloudinary.com/dn7vbd6nn/image/upload/v1783345076/restaurants/google/restaurant_3523_google_800.jpg,restaurants/google/restaurant_3523_google_800,800,1067,300825,jpg,2449,places/ChIJ2_MMX--1AhURMU5dCh9zx5c/photos/AaVGc3l2eg6Wae8ppqxXh1Yg6TR2gSda1x0wiRIhI7lCD81gE2nDK23s_QqT8-xHwAXTvpQPhIKjhtYR6jlxV0iAq-3gPt9lxhFnnblPQX5dKOJVu7Tt8NeLEwCAZs3Gaw_n2teb721aTFMuhiElpPsMXgqZKou5muOMHKIScbf1tY5aSNtqAbDpa9Wg0DRFYVPkJRhxSDy7l5Dg8gPfdeETO8HfQvi4Eo39Wbkrqqa_XVceBN0vrhJ-YYxhwY3bknEzcC8ZwawhmArMhIbUo0Bh4w3Mb3oczDVx07ut2atcXms1yqkTvWKfbCMg-YWMa3CRVIHrajUt3Rr1yjk9Lob_qACvgh3s_BH6kxJN1zbPT84bJRtFcYo9SglDwegS_S4lg3O7j8nSs2QjRmJdBa68D5HcwpqqZ2BpzP3hLcQTEouODbhQ,Badaboom,
3531,לאנץ 25,לאנץ 25,ok,https://res.cloudinary.com/dn7vbd6nn/image/upload/v1783345078/restaurants/google/restaurant_3531_google_800.jpg,restaurants/google/restaurant_3531_google_800,800,450,116254,jpg,1736,places/ChIJcV8GRJxMHRUR5RbZrbl9_MM/photos/AaVGc3kCXaz3H-P0OjulBEp0OqpX2gHe6m--hG2HjZjwfy4edzOg2PsbNepU4q-eclxVRUtVBn2zfT_K5MnLPQr2d6Bdh5FV0Sc8CmtsKjn-PkwY-WkE4vu8XCEYqzTJZZLO8tJC0aAdTXNi70RTWmufd21pN6AHoOL4xHVmq5bHAdxcAq59kKSgUCBpjbNvEkcMD6N937OXFLPxBFoqQH0Xi7yKUDfxz7GPa1aIk_xnE3LDbhUkdAYuOuGsuKiK-EbmrS1vq3GpuvOzpVF_lpx513haQ_LEqP5Uywo4EYtJ-ilOnMk2irtCB4t_11tkU7u5esXpwuVmFC3qd3_jI2RdWFzjIiMCvfnMb2_AlApOMFabK2qAR7_TK2t_TzIJjNafX9AAXhT0_VIWsnCO0iLxWbYg9xxLpMqVF7wsZ4sJffw,Itzik Grin,
3534,קפה גרג,Cafe Greg- Azrieli Ramla Mall,ok,https://res.cloudinary.com/dn7vbd6nn/image/upload/v1783345080/restaurants/google/restaurant_3534_google_800.jpg,restaurants/google/restaurant_3534_google_800,800,600,160228,jpg,1733,places/ChIJW_4xIADKAhURSRz3aXGncOM/photos/AaVGc3mUZwTLL2tzlWqebRY0brnQytIrtrnU0UVhGl_98qnCIMT7beeU0b8fBhi9U7_QhvacRBjztbdv_11EnMaXuNC7kF0H-qXkf8usxBfglSXHEYxVlmfoX9VxHEx7agQJZKeS5fxWm4Q9qAd0hTDosRYpkYjeE89y7mRsXo8JdoOMbXi-0TaBSfYD7Zm-37Ue_ErbNHHjFpBj0xAb-aafrfZztRw5CfnnW6zaBBdaHLal4w2AjTxgcygqSiScXlhbssvejVWnekUbF7gqdJfdY-yXIXLImr4t6TBW5G1xrspdrRJxDZt-yO3xFMkUhg8XJDhUZRiUyBEQmBlTxtTOdcZay7a2Eb1hLpjwXJdGyTJI09qQtqcTziD-AuEPh1fCh8gex0nFwjGXk3N6UD0zry1XtD8nh-ljWv0RArPpnicS1K8,דניאל יהודה - Daniel Yehuda,
3540,בורגרים,Burgerim,ok,https://res.cloudinary.com/dn7vbd6nn/image/upload/v1783345082/restaurants/google/restaurant_3540_google_800.jpg,restaurants/google/restaurant_3540_google_800,800,600,152504,jpg,1711,places/ChIJg7QDogU1HRURXhuz0UYs7lw/photos/AaVGc3lYDaZ31VoyXUIU_fA8uBJZ2UU9evEcmlxjDqlL8b0AJ5mha409NYWCnIHv50zboUB1kKGJagixTErZQHRgmVNSEni0MytNnr7kJtre_a-qqkJWghy4xwKurIc8ezJFndD7xy7OJPUl4QFamvipGYQdNTRuVqJekJ6gstRRB1Xp7ixZMNU5_f_fjA0spuy8Wy6BDbPOF5uZ2zqF_cEfDReUiUwyzia6TDRpxaFZZc961oohhaixGZhAro8B3fVwslveZYDlSRFdecqGSyBVfpgz28xXwreOdM2esGx0KlzqeLSXkJT_FRfN7bkKK2n2e8ojPIGWtwBQYXa1bXqxhpHAsO6_N5jXieQia1YwgONAt7v8MXtSkYb6JByg2eFlX-1r3VMtG0qStBoZ-gbpoey1adqH0Mlvbd6aOOPUZw9ckA,Gal Oz,
3541,רק חומוס,רק חומוס,ok,https://res.cloudinary.com/dn7vbd6nn/image/upload/v1783345083/restaurants/google/restaurant_3541_google_800.jpg,restaurants/google/restaurant_3541_google_800,800,389,58307,jpg,1550,places/ChIJeR4HXyJLHRURNNMDi-V28Oo/photos/AaVGc3lBsk7SJ9z1y96emabQ2O9AAH03MpMHWb8QGtAgERVlH5nV1ymbLLehnbgTT5VaQzW6CHw2KHXDyA7FKB8ORZF5qKilcV_4-fTKRk-RP5cO9yBU11DTRt5GrRQ4E1LTs-OsBuUDCKaUHxmGU2sRvAlTkNF82qfKd4nmqdUmUhzUe9EPqzj4Z7wiTR8qLKfNff9i3aYUA2eRf5MvayDy38_tEuL_gbsBfjAWgSMo51LF-xfV8LCGsv2mxJGchqD1h04Obg8JGLx0pyo5gTQhdEqVyKA1jNyzIMCdHaZr2US40hlTtmke1MXX46hFtlFVlGvWYiks276dbr7CqI-_rLQCYLXIuE-vK7feZF1xpr2IUASF1syihqCQ86ncO3R6LQmNt2AgzPZVOAFC6gMGFfrq-vGUEO-A0kcnAlUvLjQz0w,DMITRY K,
3548,מיתוס סטריט פוד,Meatos Street Food,ok,https://res.cloudinary.com/dn7vbd6nn/image/upload/v1783345085/restaurants/google/restaurant_3548_google_800.jpg,restaurants/google/restaurant_3548_google_800,800,600,221233,jpg,2144,places/ChIJIzGG2epJHRURGgRIGUwNFpw/photos/AaVGc3kfb6OpKZQf7hLRQmxv1nNl3UO33Df45pYYIV68gr-Lmt3HuTjEnuTIKlUVJmIK-Fw_f9Qgs9zF9SezMufORzNVKEe7mNdab1AQbf2HheCUacxDePLXJF8ZmIuoX62TYzz3pZRIzq5z8FNT5xuJDnDc5J73kO8UTjhz11tZLj1JwG2Ou0t63NaVntR6wToLQs0dQdRhFERrrBm0OGpoaiSr368Y2f394Sh7yzkMAzJsAfigc7AU6yjMzchtXeY0tMTyYizcaDtAUfFLGGhycbMPw-ZQUKgQptEHGZ8q41SOpmREDeguYkzbkgAknzyqxtRhkfA6SrHMMfMvQ8kkIFgnVlUd2OfADW_3LtnnoFaQrzT1_6E6ydyE8d31QeknoJH0ia4lYl2klkjQgeelBI6hOLderXJGttvpRTMr4eP_Yg,nir f,
3554,מסעדת פון,שווארמה פון,ok,https://res.cloudinary.com/dn7vbd6nn/image/upload/v1783345087/restaurants/google/restaurant_3554_google_800.jpg,restaurants/google/restaurant_3554_google_800,800,600,139882,jpg,1837,places/ChIJl1R_9T1KHRURCN8hiRSGjpc/photos/AaVGc3k-WCISX6a7nBQ9Y5F9RZmjssTof4RcS7Ugp427zg_NTyv5GciSvFUwhW7Q0OOCHavJSlNdhGJ2JDeagOPfsO_PNN5o4nuEE5hKeNUlX_9viYShyDJhnO8OmFVVEbPJNWRm6YgpMjpNb0TQGIo8WkxHRqixBuhX8OI9sUX3kMr-yV_N63xU684kwAbkjg4rczVF1iGF1-HpAENb6W_rD7iYTIMW4WWFwty-hY34ShSyd3wusKE1XTQNM2KJl6nfzx96w483k6lWRPiSBBnMo_JfroaRtM4JL_LC6G-m1qC4uzPFyb90oD-pRdeHWWKRwtV9SpK3H-4c-5zp55E8-S3pukABB2GdsH-pJ9yi1QO027AdvUCnuJvjMOuXxBQj2eX-OUB5g1aQ3F_5Hrsu934ZENx-7oa1Lsd7fD5XyUY,lee p,
3556,החשמונאים 7,חשמונאים 7,ok,https://res.cloudinary.com/dn7vbd6nn/image/upload/v1783345089/restaurants/google/restaurant_3556_google_800.jpg,restaurants/google/restaurant_3556_google_800,800,1067,197100,jpg,1936,places/ChIJmeIFr9hLHRURmv6tKzRBFDw/photos/AaVGc3k2sh_jgAxhhG66Pe0thDhIKhe1-QxlUCs8IgWy1dhSPwHhAqwhtzMA6beeKh6VV4_VQewDJ7abMSKBJmrin9eU3iM8cAO0j1o4Ovzfqs1SBDBSUrxSk2E9fS0iPbsGXrojD5B8EZ8Y3cfGGeWntkhjprsWBLJcie7OcHVVWIxNmgtXVw-KquCFm7_g8Anrruwh1Sx3g9_Yj-Geh-jD7FYMjCYuAo8HtJBubK3DSYiVVRcRhNigsa-aaLbsJrlKAmL1flzDQmezcsplJ_vIjECfTVgMKK-SSX_YwTUa3INexFcNszpR-YPo1uCgJoFCunt5hugXB6wnoKS1UAmTpe3iJzdk4KKDGE1fyIf_u4Au2-nevB5VJvutMi8n3pkSaflgZiH5WWIOEdtHfocnDpE-B7DIqsAXNsq1Ymavqim2vA,מאיר קקון,
3557,מנו ומאיר גריל בר,מנו ומאיר גריל בשרים כשר,ok,https://res.cloudinary.com/dn7vbd6nn/image/upload/v1783345091/restaurants/google/restaurant_3557_google_800.jpg,restaurants/google/restaurant_3557_google_800,800,600,130673,jpg,1866,places/ChIJURyzwIVLHRURRkps2y4R14Q/photos/AaVGc3k6G30usmvU-PqpTBxFNMR7H6ku-UFt6ZmbkkwSLwhrh-CgkDrirNlvNWzGOB35x850-dYKbGXX0a01gLJpSpLhQvm4JG4FCKkq9-IZqB3yEfmPiaGMzl3hpZ6s__r_jpbMdsdl3C8zqoHO2jpCulNV5Ads3iwArGn6b_gund5T9sWORRVWtmu6hhj0SJyDQHMjO16vr9lQzbQlJTQ4a1mhEQS7A9uLoffLsRHXFskUPoZaycMPhEBep0bBMat6NKTZADSqvu3xpfjXQs0Wk6EAJ3w9LeEG74k_stX39zkGBIMR3ya6KYxW6ZE7JkrkL-7yxO-w1rw55vf5mRDqwlZjiZEyRbykobdhiz3BCZ_g30KoX6dap921pQVivUL0J5SH4zxpluQb5BewVbmkaAq7hsAYWaFZk2u-sHdatXs,מנו ומאיר גריל בשרים כשר,
3566,רולדין,Roladin,ok,https://res.cloudinary.com/dn7vbd6nn/image/upload/v1783345093/restaurants/google/restaurant_3566_google_800.jpg,restaurants/google/restaurant_3566_google_800,800,600,155322,jpg,2010,places/ChIJu2QWhuAwHRURnrU98UdAV-U/photos/AaVGc3kvjxwGmnY5wMxExwC0JljUyBKMTH2kGmQhgBEx8pH7uwwot5qpWc9B3sdr8D60G5_1KYUHWmeFRrSv0y09XC1PxrIU7USkUHGT24QrsC8sfk723EYUw-v9PrFWk9QWOnvijJE4Fk_p3IdujittkoqXl88IEdrbxL___PbTgBi5w1agXjpHJU_6lG12VUWcSoZlRo6O2VIsRtRC9loeSLnVe27fVo1iLX0f4pjbGXJofYHwV7epgjQzEZIe5FIeb36i0I5J1L4oL28l1om_Q7oZIyuIT7OluQq2vv1JIj-9TFWUUhcifbFp57NZ7R7TE-XZesUuTiMxvSYkFxNx2cOe9DH7LA4jmgKqJYzE-RvHHdQ6TBDL0TvZNjjHEQiYUr9bj_fqKQwbxfvcVhm0piZTNpl0S3kOgaaziMBroDthHcUK,זיו קמחי,
3583,פיצה סיציליאנה ראשון לציון,פיצה סיציליאנה ראשון לציון,ok,https://res.cloudinary.com/dn7vbd6nn/image/upload/v1783345095/restaurants/google/restaurant_3583_google_800.jpg,restaurants/google/restaurant_3583_google_800,800,450,93731,jpg,1782,places/ChIJITXFQhS0AhURM2rDQ3pTcv0/photos/AaVGc3l8kCpvXtDkyXISIbt2iaBXl8h7bl8AfWG58tMsnJ30zV8uPX6G7DrKR5GRA1PPeadw09rMER16iaWZJE1sN6i3elhWt72PryQW6NNZ9ZY51fyV9nv_nyevK1vtjjstVIZjxRcQxhuJBZ4JrpVfeFuQtl2B7jHfMM5co2VFclQQVbaWcLEfOIZ7qZP1h9lHzJh0sS4Pz6lAvhGpVhMd3Th6JgTdMJ132bDvL6v_P7oMTUV5qJV59ws5rXtkPbZzS5V7RGagAAofZBNrhMOb57SYgoRVGndIvsj1HGvZozA-BJu4sn44db1LOTojqNL6duMhH8IN54XGDV5jjV6bEFbWo2MNsFdjNysj-JnSReb2w8AO5qkmfaPxWy5og6CdXRCbl2fBXBiCOt0yf_7ebQDTj5eCZXrVheyl3byYhybT2g,Kobi Tyrkel,
3590,חומוס כספי,כספי,ok,https://res.cloudinary.com/dn7vbd6nn/image/upload/v1783345097/restaurants/google/restaurant_3590_google_800.jpg,restaurants/google/restaurant_3590_google_800,800,400,122691,jpg,1888,places/ChIJfwoMyshLHRURlBvfewj1RJE/photos/AaVGc3nt4OXx1gv9rvIgNUxi20s4Yr9hpr5u-XRhegfpDh-Y0tKfPetYYUbBkNlD1pxB3SbWMrfXigP6xWCx5btxhCWT8Rpaz9sdDRCJ8dIA6GAJ3Q4szw162-Of1kX14dre_l-5ER-hJw-RkQ4XOe4yWiM-ZpywesVGRjBaXBb8D1IHCO3-47TRGbU21gYfgtUw-iJv48SaZ1dlknmJjBuzbBMAeHTjD-6HjhEYTD1av7hJPIepUK0mu2otOnwSedtWMfqwNbQHmtJeG9DDjUTA3wccA7SlXvWE1YGlU9SnfqWxrgHiY5BzS4Dtbrtz7BY2XWfWUg2qIybAoWvL9K-0I5al0BFzphzNR9LhaVREIBB9MZObgE-X9-BDeZ0Q-EerSGU57YRYaQKEqgFUSYpLEp8jx9zCFKovl_8jbjHYvW9kn0-k,Gaby Bernstein,
3599,קפה הלוי,קפה הלוי,ok,https://res.cloudinary.com/dn7vbd6nn/image/upload/v1783345099/restaurants/google/restaurant_3599_google_800.jpg,restaurants/google/restaurant_3599_google_800,800,1067,176984,jpg,2244,places/ChIJge2iUJxMHRURn6pKiEJrU-U/photos/AaVGc3mKlJnpRU6Ba09TNgnpsd-MZkM8-OOVAaabPnNyPUia7zZ1m7rvs2Dz0SI72QhGE1iWrf_dupeEIJVCEmqcm6BNvYX7kfN9AsBHweS84Z3xLRNZHO3hChDNMQ3xw_blisMDghQteEWqVc7f5-2iIDSdZFw0D8_4wEu5bhhcKQkZ_HoLSJUJG9TCDFae60hHoZqPW65zQFFW5Sl0L-YCm5cEUi7m4-OhDWkB4KIyUK3v-zKvK-4vehlXNdtUhgzEBrSe_d8caDQidxbr4sH54VaqjdLVZDKOD_d8nik1luZynmg7lFoLxnVhHkDbmjCLW1OkUF7kaEkxhfHWd7WV84KvAPxghA0pIDjaslod7Fa-aUdi9x8yWjRv0kuX88SUkj4nQB7wdCdx7OIIB1yMkhGgnztaHE7WnVT5P0N_nLRZfyQ,maor dahan,
3603,רוני ודני,דני בתי מאפה חלום ראשל״צ,ok,https://res.cloudinary.com/dn7vbd6nn/image/upload/v1783345101/restaurants/google/restaurant_3603_google_800.jpg,restaurants/google/restaurant_3603_google_800,800,378,95781,jpg,1937,places/ChIJC2tyziy0AhUR_dEGtwScLx8/photos/AaVGc3kQfhuaQDJ2AVfj4u5ugTQOZV2KJVynYEKgC3rvC2O6b13rA6BqCgSkNQdGQ78OR_sjvI_9ZBHvp6I-WZh5YzbvjWWLRG84XBZy74oDTQbUEek3eMGl3ftgcICE4XPAnQimE6XB0g1RN8q055_Nt_AIrCw_GDYEtfw9sy2h3EgBuKVOsyeWEPPDe53F6CiWG__wUXnwTw5AumHqhN-KWSQ3h6pCy0zKpyTJKiC80UV9eOx0PmqHkGdiNb-yG9yP4u18KH-7-jT1oPvemAgwpopimmr576I_OfYkfvWx97sSIQ5oDJ1HoZXa2Cy8JVuHpVJUEjBeitRJvPvAkswLC6xnYe_9iIcU3JmPlS7V6RXHG9P3EH0Y7E0SRUIpoadfdDBQbt9LbHiwPxil5R5C_8GcxW8mYvq_yOoeuEafEEGS_aiY,Natan Rot,
3610,טאנדיר,מסעדת טאנדיר tandir,ok,https://res.cloudinary.com/dn7vbd6nn/image/upload/v1783345103/restaurants/google/restaurant_3610_google_800.jpg,restaurants/google/restaurant_3610_google_800,800,600,131684,jpg,2039,places/ChIJhTh3-hqzAhUR2cdlzsIz8KU/photos/AaVGc3lbp_U8KVd-hU7YAlWe08cuAmWjw-tjJu4iYMtjKYj5VpuqKg4oramNvvklyJlpfyLyYr0GdKA3otBy-jNuzmR_loMJnETx71llanGzwW0eagSiLS0MFk1xDQ8YfrnGVPLQ7qM0HUk36d-cipO-WkMqM1V8doOjetJPBQmh1Ux4wBTRunrU2U-4CD-Dsq-v9y0ZuF_nTPTfFQH1sSztlFp8OMjt70UQtkXO3F7Y64GMMB4Jg2tH49unMOL82UTfV24T1lzyYmUrxGRjiPXqyXPYgmjpcWx7QLWiuRtxM7WgXDwBwCeHOyutS04RfBCoIZIMi0sP-RxwoniF2j4PmCZuOs0B5gYZ6b4Y9TwAkHxDN0J2x2tAUslsxUpDRjf6daerHAT3SMjtps7UL9zbHFUqOQncofwSlIB0XTjmEd07lg,Arsen Sulayev,
3616,ברגר קינג,Burger King,ok,https://res.cloudinary.com/dn7vbd6nn/image/upload/v1783345105/restaurants/google/restaurant_3616_google_800.jpg,restaurants/google/restaurant_3616_google_800,800,600,108874,jpg,2042,places/ChIJG6OyYYBLHRURUe98EhuWmAU/photos/AaVGc3nBhUNVUyi9U8DxHL9Ey5uZiEI0ytPb-sBrDT_SPO_4oRSMqmNolL9DcHTx_AdycK4xa8bI3C_OelNoKAPA9AFsZYWMdDqMF2KarA9r6NbU8X9XU6-hLQv8qb3FEZR0kH5Zjh5_lFFNzq1YWy4h_YjSyqUmFUqo6cCi2K2VoCncHfG3Jo-JFIwPYW14sojCz6KNPFVwiqZDUbPfLBdEVGASPJjNrNngY1vt0HPa1Fwi2pgAwqs9zN_SNYKvJF1cNVYkJnUGNFFFEsqdkNnt3CD-ekgKp-1LAHwm-fNjdyuSNXXETlD8isXHTriYx52KcBBcTj3vld85qaDug57JwPFqefjjlQo-MC1rOJcjYkP3VLFlHvUGsNr5Rl5kLIaFH8AnOsV4Bd3dD_tfUSpNdLoo_PgvFdVyPfKFPH-W3gIAoA,Nathan LEVY,
3618,קינג דיוויד בורגר,King David Burger,ok,https://res.cloudinary.com/dn7vbd6nn/image/upload/v1783345107/restaurants/google/restaurant_3618_google_800.jpg,restaurants/google/restaurant_3618_google_800,800,532,142413,jpg,2141,places/ChIJk1ZY5z60AhURWfRnRdIv8Lg/photos/AaVGc3kDp5P7cPMPx5m-zGuIYSgpMacfSGFlB1RYv8rj00OFRbvnIdAnQZ7tpwSEI-RFdEgHKqh0xzP01Nl4rKml-p3BGCuForBOOcK5tSBXA1Fsmj58noeRZ0Nowdkwr1ruKSsA4rwdo6NcgHhAVYKy_mHIpB0_VbKewaFGU2JhnKgW0in-JPLAjDQGY_KuT2h67EK8gjwPslr542SW2R-eiAxt3mL00ER0GQUs08HQCRkHGUrkcTpZcZBRXjmqeEy4OXmchVUM1tE2p5d911-VaGyqezcTkFFMCdJAUkdkfY26fx_tSg_Veqmf8tGd4oGes4fIrtGC9yDTvpYqt5gY4KIH65OLYDXVSgAP3yhWvtCkyGM3jBDnxkW8KZLLEDdGXMAPwsGEAtYuWlwo1uQi5ClU5Zvr3ReQQhey-AVo6yocvg,קינג דיוויד בורגר ראשון לציון,
3621,שיפודי המלכה בת ים,שיפודי המלכה - Shipudei Hamalka,ok,https://res.cloudinary.com/dn7vbd6nn/image/upload/v1783345109/restaurants/google/restaurant_3621_google_800.jpg,restaurants/google/restaurant_3621_google_800,800,1423,172085,jpg,2142,places/ChIJ9whQy2azAhURhvRW9tiO8l8/photos/AaVGc3nqDsT0D3jkzTIbVt19TdWo_RCCPaYVpUWzr07KJQ1TEnJoCh1NFLaQw5fTqTyE6BRuEMBamHVZ88lqsUaXXV3o_C_z0oCwkFgAZ0W5cKDXd1T9ObV7emqtXAVBrhlY6Kqb654HPKLHxgaClpDHn1nFmrbFqgO2Fg6lxtpgN8KDtdFUKK7aL4o41MoraBzlSZDPBdypEI3c9hdGSHvPzUyZLJwjSXm-WwrSVwEu1AGQF0NwRbPP5WlzAZWIC3b6p0G7pjqRhx6ThLlQwlhm-wq6A3hq5aEn1rI8oCRlyjgADLzrPiBWu8dUFITXe5FChPSCeO3sC5zAa0_YSR0LlUrmxLcIqhA1shg7j0xXGAJgMmF07fQsBva9hx0W_ogntMxU_ROrbQj982L1iWwGqrE3LyQ72-355_wG7FFF9ejFH0s,שיפודי המלכה - Shipudei Hamalka,
3623,פינת הבלקן,פינת הבלקן,ok,https://res.cloudinary.com/dn7vbd6nn/image/upload/v1783345111/restaurants/google/restaurant_3623_google_800.jpg,restaurants/google/restaurant_3623_google_800,800,600,178438,jpg,2313,places/ChIJOQCexbtMHRUREI09WE0IiNU/photos/AaVGc3mYvr5DDggUzD_1ZDwb1NaqHP9rrCowYWivN9UW5hCR7wTgQZlK6B2A8NRtpmTOJwsTHadhNeKqvhhZV1HfgO264BY8kHXvbJiVZdBEOZLx45RNEdX1ffSjH-OjVEOLCfOhdUhPQO4jgpHpFVkFI-rzO901Ax_mBaKKyYShlnOr-YvTbXh9HOyvPoAeGVGwQkxZn0S-RgZJEMDlzrVVWJYvrviwgnojXUz3urvVumpK1O30phrd8lk5W0xUZb7s7iyO9C7QEVzINzft00FeDEHtLvyNOLib6qF1_5bCphFf-aE2VXIWeUZQ0xxlSz7ENl-3DEfSdRRWPtkO9EI26GpmF9ecbZ52rjUtKvBBfUfyt2FEgH5Ip2zydmEY75Ujyk2tUFeQ8NCB8Bh8dpn-k3SHw9WfqmcyMHww56HtDRpjIw,נעמי פלח,
3628,מפגש הכיכר,מפגש הכיכר,ok,https://res.cloudinary.com/dn7vbd6nn/image/upload/v1783345113/restaurants/google/restaurant_3628_google_800.jpg,restaurants/google/restaurant_3628_google_800,800,497,90273,jpg,1772,places/ChIJf9-8kVmzAhUROnz1Zp-No6k/photos/AaVGc3kbkqlOLet4TUDCc3iXMiylwc8_iQfz_sgC4Y1u6kxdfj3imONXyUUqlTzcX_IV6o1LS4STX0Msy1RnZWUsg1y9Jh1tX5XpP_GP8pckzM2jC-cNQcMiHKzWovjr-q86YtPhuy2z2cyTJyDDEQ63kdDAoJFN1zXpbE4VQHPgbRaJD4dnLAjnKoJKfePusjZS5Lu7DeRDFcNb3eaxx2TyhcpeHXLCTw2dtZgd2N-m-PiMXt6Sm9Y2XAFUvSsrHVL9a8J187Xyt5vud1jGXvI7VYF6KRUnuZmgFVkhAgIM1mMDz_OYqayXMzhM5NajBg9p0JIYBBLI-nA8UMnRGcM705oS2slaejnjlbyRAQOGlhT3VITNOm59_YF9sKwyQxefeurzRvzQiuQIlmvRNVmxzvXTRV2aHmQ-5x0WcC81bgq7GQ,oleg rudoy,
3632,השווארמה של שהרבני,השווארמה של שהרבני תל אביב,ok,https://res.cloudinary.com/dn7vbd6nn/image/upload/v1783345115/restaurants/google/restaurant_3632_google_800.jpg,restaurants/google/restaurant_3632_google_800,800,450,105123,jpg,1530,places/ChIJ2yc-e3tLHRURaU2dPBdGsUU/photos/AaVGc3mvQ4dNKKeBScFb7CQEay0tE5TWGaS4AUiSHRidocUOIjfPqHnBsvIWZaeNnBkoLc3rmwMdGTwL4gjT37ux0ZQoUPlayMT6vOBF5t3E_wo0UiQBg6xnX5q9LAKGxVgws5-zMu5sxY9Vl_6_0rCflzB67Fy_oPdTt47TZN-D5HPvzKuxi-UZcY5vgWrTvaufocRFwopiTKegM-HksOkQoC3mQ-nvmaq8oRpPc6HZL8qe30q9B4Z5n-q4iq_WbqyqRg6EdC4h0zt8U9MzP4pt9fFdxe4Kj2NWtk7J5_fMn5D4tAPjVAayVWHpkWNXNihfHXvkYD7009SuytiuMgO_Zpgbi-RMVVWrM8pJzpwT1KDMFPU9bM7no4h2e3ZCnQsi75E2OfsixesEjSqz5uZ1bMSbFFVdBvsXaAn38OdBObBvMBAT,Yonatan24,
3639,הפינה של מוטי- בדץ בית יוסף,"הפינה של מוטי - בד""ץ בית יוסף",ok,https://res.cloudinary.com/dn7vbd6nn/image/upload/v1783345117/restaurants/google/restaurant_3639_google_800.jpg,restaurants/google/restaurant_3639_google_800,800,1067,300681,jpg,2275,places/ChIJybF7vx-1AhURa1F2tYug0IU/photos/AaVGc3mgutxfBKkO2yPzdRTdFekaJ5-40oeyH174OYWGCKnjOyrbCjpPYJOa9yfVzk23jovzCWL55z6hfLWOepgWOBAg_nBliYzqVdObSBAYn73SZeI0RN8Bjj75PCcBOxRmGsTvp4_wUqmM9rHBLTb2kmEvO2RlS_S13XxACNxnOVObKkPT-HX_i38MMuYEd4nPsyESKorBZeiKu-Ql6YmFJT_zH8RLVIfMa-ZyygAFT0bGc_mmjTzgmhn8GrU5g9djYkuV3JPqUMMfXvcdvWOgadoMeVLl3TkYtTLq20tyNZO_jyUkVBhrfyzuGc4fAwCwqpM_jMnCGjX5kU-ROvliZYIrKcMtO28EzRoBBVSeYS4BozHLl2z-PEzIu0UT22mYQn9X95Gpon5vpd7toy5bdcxi7GXx9_d5GWEXlBRgXKsQYX9q,נלעכלל נלכלט,
3655,פלאפל רצון,פלאפל רצון,ok,https://res.cloudinary.com/dn7vbd6nn/image/upload/v1783345119/restaurants/google/restaurant_3655_google_800.jpg,restaurants/google/restaurant_3655_google_800,800,1062,215653,jpg,2017,places/ChIJGduAVi1KHRURKgYpCZGrNVQ/photos/AaVGc3lyjOIbq-p3uhIaO3yNvLdd50HMY-xxINWHacAJNtHOtVeQT4Bj5T4P9jHUDO5Hvxhy7XP8PMtM8Gyr_s6DCcE2CKAoqJeBFggjSzYE3BtCfI2_0LaJcO0O6zoPA3uBo6LLPhNUofqX4nWzO12yI50Y8YssBlHTzQHfqmgkgTLRF4kZN5V7bI6CWFQ5z9DXxx_rBFYkBKQCF7ji838v9PG6-fSfejPpWhHy7A3p2ufRco6xbqdRGaf6OvAuAR_W_7BjePNlkI0E-E9fhiRQ4oVFyyyglK5HRbPxGUJAtSgLbOtl1ijBcNE4XNYTCoDO5MqzwWQQI5Sxyp_ZQWbiQk4UPYqRETr7rOx_deYTqVEgOF1neSnDPY4vHeTbsP2T9Q-8SRPW3al4eQ_trgcgYJ4KcRvF6I9KQZZQh0fNA0QfSsiD,Ariel Caner,
3672,בלקן,Balkan - בלקן מטבח בלקני עכשווי,ok,https://res.cloudinary.com/dn7vbd6nn/image/upload/v1783345121/restaurants/google/restaurant_3672_google_800.jpg,restaurants/google/restaurant_3672_google_800,800,369,107522,jpg,2143,places/ChIJt_VmyfFLHRUR84UzVqHYhNg/photos/AaVGc3kFy2GC-MDxCp-lN7as5XMOzxUZ5l-SdxBRcHGVhk2OLcmdF8-4A-KQkNZWxCGUyoxNN6I__AJb4anbpDbZMKbkzUb4xlQBfBE3BxP0iYweJv8ceggpAumQobWtnGWV6Zke9qCrzmB6EP0Wb0L0jp-uU6P7z1d6vswv2zXt4M006tea9W-LAnIt22qjHpAU_JZcg96Uhuw3m2BaEF566MU--Lw_sYlYjAMhM6KeULMgfbLgBQv5KHvq447VBoW35dIQl-CeEnynO_ShcSGi2GE5oh9qH9UWIPvBsYyfW5TIUBSQtRs_pOjTP049IOA8RNmuzcvrdkw9T9hOrD3tz_3kgK-Q95dKTXERZxC6VX4M9zQqp6lYFNh-TsrtFZmvlxni2_oXTjrUb0AyoVE7XS8BBmPhgWFBj7eEy-YB9PDdsg,Yaakov Hameiri,
3677,הגריל הלוהט,הגריל הלוהט,ok,https://res.cloudinary.com/dn7vbd6nn/image/upload/v1783345124/restaurants/google/restaurant_3677_google_800.jpg,restaurants/google/restaurant_3677_google_800,800,1422,318947,jpg,2447,places/ChIJDYxBFppLHRUR-9IUINbJ37I/photos/AaVGc3ndQKWomMJ3Ml5NcKowRFa_6CIEBMSkhr_2TFvMw6N_wT0HzjVPia-wlHMERNaNY9J8XlvI95ZPqPitYIZfCJoJ9YPqvMBzTlnxYoIXE_jfQveJNmh69yTaqqHMyEepKSJTi1J5WHStHYgAPkE9lwJnzPTZjobBhcvJhjgkF39fxErd6pHmrhm6a19EUIfo5pSQC0FArmhWx9AXW3y-Wa3RFc1jhikBJlM4RVBcjApes_P9iWKFaTbfobAyvEJm5tV_Rbqe_WzVnIcvkTBWfaM9ubS44eAVZj3pjwaFnjNT3VoGGJA_0_bkhrsVSSTobp8SQS950FAHn9WF-w8j1Ae5d9tSF6Woc8525Jhm9XFcGSM97GdeQL7XA8cJpoA-F1lzUb1HVILKxf8zSk8LZtYWXT0Sot95rz8-yMm4sb3_Oh7V,יהודה זדה,
3694,שווארמה רימון,מסעדת רימון,ok,https://res.cloudinary.com/dn7vbd6nn/image/upload/v1783345126/restaurants/google/restaurant_3694_google_800.jpg,restaurants/google/restaurant_3694_google_800,800,450,105312,jpg,1935,places/ChIJiX6kD5dKHRURDONrYX-wdWk/photos/AaVGc3k2ozUzlGO8LJFhR6Fl7pENBXpBQ1IwurdZOGWIIkS1IILNf_kWibYxTxjWp9bd_7jix9lARi00xQlSQQicNRmcXuSPLxuVkL59AZj9DKRhISa-ATV1iXsmUSu5CKT5MYQYDhvEckbyv2HfWWWLA86MJ37FdN5WvL0PjEV4XWeP7Ykuz0Y6Wl0DSrbyJvnNY4bAzFEo_a3Hpackg6qq80TdGf1H4HZJI-cZ-2VqSh9RqZM8Nejo7Un6CsG8KSSXLR4paP7FluZdeJESTH53k88ItuGyOq-1e9Ji_LN8gNZIdWekYjvFpzsZk_yo2u78PaPK6jyddeTXVvyy4wPWYoHvT23RQCz1OYgx1BHikssMErh4IuOJrSm4jVLEW259JF1D1aNPcTzOYChTmV0ciOVB4QQ4FZyet_G995I8RKQ,Elad Cohen,
3697,פיתה רחוב גבעתיים,פיתה רחוב גבעתיים,ok,https://res.cloudinary.com/dn7vbd6nn/image/upload/v1783345128/restaurants/google/restaurant_3697_google_800.jpg,restaurants/google/restaurant_3697_google_800,500,500,240343,jpg,2252,places/ChIJz9Q53IxLHRURgEWb9jf_5lw/photos/AaVGc3nsjHjeMlznhyv0VozDXcaIwxDGwv7PLPZmhG9DXcNhlOf-PKUu6YRv-kNxj6b561SogxX7FHdMG0GpZoFl6dgyHUcHhDSeNjEUfS4FGXDdLE7YoutENzAFpUNT-5oi-AI2GKiNUXgeqrqYfxCfwr05924LChJ008zvkxlyq6SywYLi6PgxiHIalep1DseChavfSmIOblR_Nh4dSgY7G1_qtiNvnEHuZV1evJJhVc8ZCUFCbdFS13huiYmAU85x-RlbTJhG_SXDjGBMmZOAVXdsyq7K-V6A6HYnMjaCj441UxJTrMfOikMeNsMe-Jv8-R86q-8dpb2NKL_Y_YD453JAy9FqRZALYQJJaokZALeovuFOBdyqERtSE-1MDovsMhN1NjD6ykD9jg6h7LyFPhCTU0DNHaWcawWvGF9jQ-aZ_tWF,פיתה רחוב גבעתיים,
3703,פיצה טוניס,פיצה טוני׳ס,ok,https://res.cloudinary.com/dn7vbd6nn/image/upload/v1783345131/restaurants/google/restaurant_3703_google_800.png,restaurants/google/restaurant_3703_google_800,800,451,580320,png,3300,places/ChIJSx7S1XA2HRURXvsyRxNPR-Y/photos/AaVGc3lOkRBfBSLiYllkCtmRfJ8PLnWRseslv7yRgEa8BsGSpNPLBk5bsYFSekPvLUs2kT52tVltK2cwuSGtRbzrgWJd2vDYawhRRAStKwKMXgR71fuiUZgDW0pCxNw-B796L6ULzm04kPE3dAQKVHTE28G1QshQ64M2XPtl0oIhK9JSazUQ7-QwVrzjxmTpFqfxRa9Nrr91Es2OTEtZVfbSvvsN0__qO3o8RHGzWXXiqousTRbNP9dRnJh54Ov19yvLhCG_KCG2gu1b5FDtPO3Pisz0QhxkEhvX7Qdmj8ppGS35Ng0duwTdkJttpanvS1wIFaI2sWuPMkjjujge15zwHP9epEeltQvGl-4gEhFxNxQHArLUlQLc6Oi2gu9xKj4AXoWFkXiSdwH3Sab2i-S2KlHweC49x1pjf36orzamqkQ,פיצה טוני׳ס,
3705,קפטן בורגר,קפטן בורגר תל אביב יגאל אלון,ok,https://res.cloudinary.com/dn7vbd6nn/image/upload/v1783345133/restaurants/google/restaurant_3705_google_800.jpg,restaurants/google/restaurant_3705_google_800,800,800,158710,jpg,2013,places/ChIJwcVmcBRLHRURVpckHZVmhCo/photos/AaVGc3k6kmtBqyHxTwswj-2m1Jt56hDHphInhabn6MeQrjWLYQIb89FOA5szD4o4-tQCUCmi6URkJqBmk1prfuDRU7-E2PzjYaloqI4YZfnUoOUVl2o3oXHmT3MtinNUKV5Xv96sobVQkyd5NX093wE7xZe0A76MVgSa92m7dUOxAHp3DgZu16eLeqxEZ3mofhNmaHXFOyLAMUl23WzPXCo5tKj44MGYRMMG-hIYs_7cOo5WpcuU-mtI0LiT76xyS_tWEOAM2-DgoklF5oDZQdYbpW13Gkx-g11vyYS-3AvYjthwp6DLqV1kI0WZPsvgWM74goaCZIAwILxgQio5QPLwfPzMc7Q7YKx3KlCf79Ow3_8k9KAChzihGWLJiH3yrREf7EF19afQ-40CbiZDjEU33udg59YtSWj6xFpMuIe_Xwu_5qem,אופיר .א.,
3710,מיסטר בין,מיסטר בין,ok,https://res.cloudinary.com/dn7vbd6nn/image/upload/v1783345135/restaurants/google/restaurant_3710_google_800.jpg,restaurants/google/restaurant_3710_google_800,800,450,93040,jpg,2049,places/ChIJqbcHwZNJHRURuebpZfH4BfE/photos/AaVGc3lIFoKfSIuAveX83aesYRKGWKFuwQzAFaEKti_8p7Ey5OggLILNKBloctuG06UvaYLFr1RJ-H6b45Pq-MzMh0lS7XSRBuHB_jhTkrYPnetifiQR1W61GSFFlh2LNJ6QrdYh6IvYQAlCZ2dD63YjKR4ikg2YZ5RrbxcAM09sKwmqdVPhVXXWdoYTjhyLoEuaUpyfKwvh2muFX7EvHmev51ZqAPR2JuuD7JHMlX4Arzsj9u0YZ8X0aNM4eggO8WNXitlOTUQL1zPcZLU_CPY2XNfg0hou6vWaHlLa5H3f4MAGDNNYyZrfdX6xgsUulG2_9_m1SEeHOam600h4Ua7H6ZFhRK9QrCtuftDe7AEh-kTCDTxQvVPEKozzn8DtGNiKms5-_9DnRtfBTVLDIvNWwVU6DXsnsNHutZbBUeNX77cpTw,Dror Geva,
3714,ספונטיני,ספונטיני,ok,https://res.cloudinary.com/dn7vbd6nn/image/upload/v1783345137/restaurants/google/restaurant_3714_google_800.jpg,restaurants/google/restaurant_3714_google_800,800,534,104090,jpg,1999,places/ChIJe5tdf4dNHRURFNJ-9DATGs8/photos/AaVGc3nduHVO8b41robATTxxOwRdTVrivsVsOST0DH1SAsBcxbfEUsueoWLOb2FnLrYRyAJFT_cxKLdO7v_o53r7aWF5YGkmd5U2DRGt2wNbhhoXXqxOoKMlQx3-2kFWAHGGa5Px4RcHyVQ0p-Sx8ykQMW79GJFO0yRu_AyaVi2NZxA1chh_Xwx15w1lvO8n3-_6mIsu-IIGKrbSWUgiTB7jTR3Iwg8GKJ3NhkNAS_VY7G-vJjCiCpAVYIgoXNFrHM2Th39tNrWtSuUaIz6ODE8A7GlBrH8jPZR5tgnLN6gC3-z3egg0h7JlgnFwDFiqEZF2uVsQaqPrdPvZb4hGTbk2NfppX3SWn6cXM61DSSTKHgFepsPdgJg3hBoPrw2Uk_RALf4TISssjjPXAfxfJhHjyv4aSALTBxvYzNLlxzi6xbJU6A,Attia Julien,
3716,פלומבה,פלומבה Palomba,ok,https://res.cloudinary.com/dn7vbd6nn/image/upload/v1783345139/restaurants/google/restaurant_3716_google_800.jpg,restaurants/google/restaurant_3716_google_800,800,379,102184,jpg,1560,places/ChIJZT6lXMpLHRURDncIHAZauYo/photos/AaVGc3kxNwuNymGtC5q00xj4cNmbkiYrIwIs7h1venYJhpjHNqhKOb5exbS4-vlsE-BWYrNdJIZXXuvZ3TzaTI0ScPcz8c1T-af3OD-7KKqLwaAsV3-DAmMsY7weTl4BPfDIhwz44Qcb5nJWpprgcSOT7-A0B1s0KRnrku92-la3n8Au8FlXzzxj2JRWwQsdJTPZGTauCo7oQI123JpQB8MwszfzxG1GQS2ELN_WB4ABrPcVFxamg5UuIaEtzCYiLKrngZc5Gw8JXpOn73rjXrwiuNZ_j0iiwGzNfh-UlMWq99x_SaUR7AFbB64ndiiyxKL9iMs2fbEvPKn90-jGpRXIIRvPB938a8gN9yhv3YrCHBWEYVBHozD1HinQitBXSP7Dx9aPO1fyVtyt5OkfioL2UcP6amE35qb-HAKbBoApNjMz_g,פלומבה,
3717,מאמות,מאמות,ok,https://res.cloudinary.com/dn7vbd6nn/image/upload/v1783345141/restaurants/google/restaurant_3717_google_800.jpg,restaurants/google/restaurant_3717_google_800,800,484,88916,jpg,1937,places/ChIJ_____4JMHRUR22CfxpzGJAo/photos/AaVGc3n9nrhKnmybFa1bFgLFbqPfZ-xtY0Pp5b3ilMbPm8QBHr8NYdpeOrDZE3fq9hP6T3Z1g2JzzMjclX8v0CP3IWk2Ut6pTIs50gV688bs9eWrFi3WuIgiyMICh6zXhLx7Hg4SvH4zqEDB5P7FmxZq7EOXi_Z-j5sYmgxB_XCBHPkYk4_6bXMZCutWRbi79xpSeW22FGwRRJjlAH_c_QDt92Q8_ZKBybY2gkrFu8TkcS-mSElwqaQBWNTUld2vWMj3qM9Y5BF8sfTmJCOPN7tzlOXqK6HxupTosqQZbej32i_dtemVDF0grQx9js14HfDRNCStREM7_mYne8haWMcbEE4gRLvNuodMbVKw_yuUefAw_gYU_Hz6-spNOrF8sIJpD_cBeg72v2UX_ddqjpA0DC-UBVeCifH2Azp9y3DjbpiLRAM,Yakir Avidar,
3723,cofix,cofix,ok,https://res.cloudinary.com/dn7vbd6nn/image/upload/v1783345143/restaurants/google/restaurant_3723_google_800.jpg,restaurants/google/restaurant_3723_google_800,800,450,137644,jpg,2277,places/ChIJV5y3Qog1HRURCHPwlZ3ndLI/photos/AaVGc3nPjcD7yPCWUSLT567Bs7KmlBGMDmurawRmPJpLK9Ms8cccGL8YvGKnFdPKaUYTtKRxyBGc_JRb05WGMNffq-yzidNZAahB5m8JWDXU8VTn_-iLnYAN85eJVa__XXaVb-MH5tAA3KsvWaFVuikmmqDQIg8pAQmayXXcK2UrJ03VPPLDozI-15hXp0oc6gyRXeJvF8JKtg90pFt44mlBZlFqZPvRDjxt0QByr7qGLQvjchpq9btvN1v_PpTmeWzMX-1hTJqA09789QIbzoQnwUYhrHPUP150Q-UVJN9vsLShf1BQb-KQ8Kkc_EknNvlpQcAVvYG20z0TPzg2K7A-idJpzft2My4JbYsjTQE7u4jbrfx9Al4oSEFLkElAYt27SeUAq9Zrl7Z5PjWG2MsTtYdN_O_81o25Z5DSLKW8aBMIyoFt,Anat Aderet,
3727,השווארמה זוילי,שוארמה זוילי פיני,ok,https://res.cloudinary.com/dn7vbd6nn/image/upload/v1783345145/restaurants/google/restaurant_3727_google_800.jpg,restaurants/google/restaurant_3727_google_800,800,360,112340,jpg,1599,places/ChIJPRvcL0XKAhURiZM1ZaT8jdc/photos/AaVGc3mHZ_NyPRSGj0yEczsHADBPNFgoZf96yriERC6J1UmXcuC1VDag8lQo5m_BONwOeGs_hGi1NXmlKkjDY75N0sO79Y02WP4YHDAOVlkTQR5fAyAigSSjbtMOqt7INkM9NJjQzaEyyayaLqGwc4dsGs0zCilCYz4G4LHAT868Gubx9Zx0qMQ7yJWlbF4RN8cTaC8p8ETav9QFTAV2CyBiSeQYlxrFSbUHvDyBrlwkdt6s1mIesgvyqZAo6wjxXx4hVoItRg_zO4M47jpjCJxaC4TBRcyvUS6D7iTBn1GkX4QlEYUTenAWxwaBI8eSmPBe-aqYiHCZFrhPH6nOGH-P2e78ljC5pXBtxUCyFEgWa5DyCgV9cE2eZ_-aLXjBwV6PkmdF8Nr4T73GruL1v8ty32a-T10YySobHePW9e2aA_I,יונתן כהן,
3735,תאתא,Tata,ok,https://res.cloudinary.com/dn7vbd6nn/image/upload/v1783345147/restaurants/google/restaurant_3735_google_800.jpg,restaurants/google/restaurant_3735_google_800,800,490,142401,jpg,1935,places/ChIJj2y_RpxMHRURdaplIX4D7MI/photos/AaVGc3lgI8_3TkwGhfb-11IzuHyY9gzkkqO4uBeJo3SRJ9MqH9Y2Eomp3mX0movq32gB9jvyPcC26aU4gWrNMm8bhsJUP9m82CGtxGkt7vQePj0s-12tjOwbmJC1Vl6LPV0GeZ5c7qcugrDG3mquukF6hpVnLkrp0bJbBiYqSd6DIFaRhjogbjUYyA2UaVrSS40EhVgSiHwFW6tPCU0qz4C8ybiT5aafaNiXcl4OU7ghR21M5ZnKP09jbC534kDcPDVgPeeVMcujPp1gn-tAqIlvcDYp4Wt2dmITqBuuRLB6ZVWHBb2i3VNAiYOLIy2omiVh3ov-MgAVowzNLf4Rl4kfK7AWqhEbkOPmyb8DVuA95RRFKHVdww03lDDwUt2MED_G5pFlrf5h2RslzsyGGbLDJqMrSl3E6GhBTRlPCYx5jpOcS_hW,תאתא - בית אוכל שמח,
3737,שפירא,שפירא,ok,https://res.cloudinary.com/dn7vbd6nn/image/upload/v1783345149/restaurants/google/restaurant_3737_google_800.jpg,restaurants/google/restaurant_3737_google_800,800,600,156931,jpg,1936,places/ChIJT9sEvh82HRURrnhlHl_k5ds/photos/AaVGc3kp9Fz9mRKGeVJbZ7X1V8aUvd2g-xSFEpvXdCf5EhTs7knGUmhaCVXqXkj8naYnY13z-scq4dpjI-siQW5HDDxgQWHpZ-x1MTE3_THJchDZN1ixiO7aiy6ZYYdMe_TtYzzh9CguY45r_gJKBb7oIjqKXCwZveD3hmqRJmaT_I2zQWFhcrj52DbNoJPi1slHf7kyELm6HNoWQOnBsh_XtocQVPuKT6mcyvRlZ8TwH9G34yJszu_vq7EhgTLlL0SLDuUZneVCqx8MOX2w6yyddHgQXYyC3fdeYO1HlxrYe-tbKmakmNzBxMIAnzSM2qKEUv2ihpELJz3MV3u_wcw0nyHivII_zZ_hDo7S7HkWt-V4X4-T-zD-JD2EwwiGIAW__GYln8_Lw7eQR7uSLx5W1R7-Gh2GFOVmi2dya1sEVkrLMw,אליסף רובינשטיין,
3758,עידן הפלאפל,עידן הפלאפל,ok,https://res.cloudinary.com/dn7vbd6nn/image/upload/v1783345150/restaurants/google/restaurant_3758_google_800.jpg,restaurants/google/restaurant_3758_google_800,800,450,51290,jpg,1424,places/ChIJq4x4Aki0AhURQ-XQfD_-TBM/photos/AaVGc3mLUbBgq6phFNfVOW8-E3F5nPB54OfAZ6RqEaCdrRjo3PyaSaUcmEJtsJOsx-vw-pTQ1YCOfa2lm91se3h0vdUWUjXYBN2A6JG-JHrsXKTY11wg1wQu3rvBSBF77xJm5oKBMZydDa-swzz4RFHBP0ErCPyBMJTo6ghnZWgSznid4ZxA3yq-tNO35k-tlw_9Wvqsh3Rw29HsOdJ9RLiExOKQNDp-maiKNt0unO3FnNZJJHhpn2Qa3xbDqsxGc4m3lEtK1iQwfGH849ectTxyRa4_H13E6A3LyHP-KKC3DohpeQE4WyipW7nH_jo-AFhK2ZE697JzTkqD7VHXWyT1a_9A8O2mNk91s2QVbbKI-SBaC14jGhWfyIjdtJcad0QOaoE4smPf-5oouTv6Y_EVYC5D-3EBXncUSoIyB0lYMabMvw,Assaf Sapir,
3763,שיפודי אלפסי,שיפודי אלפסי,ok,https://res.cloudinary.com/dn7vbd6nn/image/upload/v1783345152/restaurants/google/restaurant_3763_google_800.jpg,restaurants/google/restaurant_3763_google_800,800,600,159094,jpg,1834,places/ChIJTWO62WlLHRUR8tCd5hfKb9Y/photos/AaVGc3n1CkHOlTpWTQ1SCdIxsouqF7p2bgGAImwMd5GUYjqvVetl8F3d3--wvcDvSwQPSOcy6_Hpu3hIPTtbZ5pXw40i_1Af04isd-Rfw_CLE7-Tsi1NoFQLmUnE4WXrG4wHK_sSlidQpzBP6hZs923tPU12DX-r3QDcedm8ibIz6XwW782PlV5fdN-D2gK3UVoWCxhVDxMmq_wSOMHoZNDtQrbqqeHYkMd-OU_1g8aW-B59jdF5-wLN92fgsjbNLqp7mudYq6267CwkQkFLnSy2M7d4sPWPrtR5pbvMMc-_bxSv_3Sp1RpUvSQOtBJB2dTtJ4-rMqiQLWiIOvYBGIy3FPOqQ0CEzy0OjXIgt5yWjC8nwwEWGw3SiLPOnodb8FCrjoOX5oYhSEyUQO9gsXOLb37ETMuCVLETQ_2Y_uQOaROw87P0,שיפודי אלפסי,
3769,ארומה,Aroma,ok,https://res.cloudinary.com/dn7vbd6nn/image/upload/v1783345154/restaurants/google/restaurant_3769_google_800.jpg,restaurants/google/restaurant_3769_google_800,706,434,352327,jpg,2362,places/ChIJlbS83q9LHRURnY2zrz3znG4/photos/AaVGc3ltaaXXpPpyfjzaqS9jilVhqPTPmct8vwS3SQJJS0aFx0UTr6c3ZQbyYh57bS51DaXm8fLNfGOh_XSB_K4-VrWR2I4CsQhtIuTMY8Iq57lP0WNoEBK21yXLyKx3pCPxse_1yp3u19NVEQYslHj1UuSlx--Opcm1nw8zsaBaoQXBb4p3hb2B1xAGmSlfpoNZrGMtDbqSzaysuq4RvjnEvUja-3FoNg31fGkeCw8dbcohdwihheEDMzV4TrqJETi5T9In7zUYxi6VomaPwF6-ae966RZU8hz0zqm71NYh0E68tCM8V0iC1sXpLDOsR0AoU0UTfNsjLb9ajPQo2eChBmdneKDJOyvBnyQvG3cYBzuqc9lCjNv4L6Z2Kra_IzWoGpAg2XJkZDVO3n_lv0x8-VFLPrwCZx8YHi77uiPMd8BWC7ZR,Aroma,
3780,פיצה איטליוני,Italyoni Pizza,ok,https://res.cloudinary.com/dn7vbd6nn/image/upload/v1783345156/restaurants/google/restaurant_3780_google_800.jpg,restaurants/google/restaurant_3780_google_800,800,1067,174296,jpg,1610,places/ChIJNVmkgClKHRURvu1jiQ7YkbA/photos/AaVGc3n3f09osNMjQMHkvZ8EXXWQQLArg4azfJXx4yfa6Yo90IfmLC4Y_JxL8cPBqzK-oKJaQLiaq5V8vBU4ggyMlVhp_yoarOpKYFt5RHoUWP74Tu5sJxtHy38VIQ1kCO4gn7FL11hL4LooKW2oHiRF2CSF7JowPo0Pnpi7rBaHQTuqxv41p-P19_yYLQ9mRTMOXJUKJgAyIfKsJbvWaxolgoASy0Nshy8NOI2l_xmTG6DWvJxoAVkMlaFd-pha6CDdw0mga_d6YO7ymU6yvppnummPkOoVqp0miZ4JMf8m2W4cUDECTy6QCYbO_RmoF7E3IRYvhksSyrosyrSI5b8FoiVldhIHha-itqIOXcBveaOhKGSHGx4z4OoyaPIcoTfVf2-OrhNmso0jxUcq7SDp_RJ7--9o6Cmzt_nvG-wV8jLpkWmGdiQnvMvaVCh8CNEM,איטליוני פיצה,
3784,סעידה בפסאז',סעידה בפסאז' רמת גן,ok,https://res.cloudinary.com/dn7vbd6nn/image/upload/v1783345158/restaurants/google/restaurant_3784_google_800.jpg,restaurants/google/restaurant_3784_google_800,800,600,162286,jpg,1940,places/ChIJERJHPslLHRURIDTlRYB7c5U/photos/AaVGc3lWC-8WGE1fsczSbRfjBf3vxLOQA2i8XMaww4w_d6GkWff2Xy__xVnsB1VMhXJUUthHU-_wLoes9LaajyzyGoFH367jF1sUxHBaAUGBb96yL_mfDkv00BrAJVP2n1cQxSyzCHMNdTmMlKyECKVwntH-idf-TZON9SEaonUSHnSkVjMzedQLTdvpDXFZG_R3JanyHvJ24Wmfa6scA51zscIONHjHQdjxHKLxAZY4g9fdxIrzHfpDHCiBY2mgL6vGLqq2YPJaLSbkgUJWk1JJt0HNrjSuBmpP9v7hfoDzxBwTTlE4a9zN0A-eod3gH2izIE7KpM2JOF85-ICCN2xhHOJ_CsMeEIGQrUMNZkGIyywfyaEDFddMK2t2l0fftBshuocrV6NXJFi-bB-0LMCcbu10_d03PQ8g7eNF4cVohkBdO0iM,shlomi Bittan,
3786,אצה,אצה סושי בר | פתח תקווה | כשר למהדרין,ok,https://res.cloudinary.com/dn7vbd6nn/image/upload/v1783345160/restaurants/google/restaurant_3786_google_800.jpg,restaurants/google/restaurant_3786_google_800,800,1422,281407,jpg,2153,places/ChIJmZ59o203HRUR7fey7HBV3Mg/photos/AaVGc3mqYV88z2oPsWer6LHho2kAq3y19DzYIHBaqD9Ugt9r4itKje4JpXDwmJlALtCL2v_rj4JAqgQV8pvpWfShq5GfdHwDOf_PP4ufz1JXsL7ikY6BA5KKeSIoZREVUxmuVz388k88B59O5hgK8y_3GaXbXgBxmjvovsPO_tgRCU5ttCsz_zjFH3qi1NG2bzZGQt0XHG6aPxJPbToJCd94Nh4PtpyeuAvw_2q3SN-1Gr7Vci9K7hm3yt1uE7OME4c2p75oGIOzKLAkU_zFl4DTRtXXPik7qsQmUjo5iIjzrE5MBEy5Xpxf1PDe1qBu5vOi-PEzk1OKF-VstgK7sYMzpT5XV7TdQ2PoH_bIEONqgtJNLjhtLYJqDsDfByi5H_Qplo-Ly45NKWPhwLDvVe0u4SNJqdZvCba-pjstMqUOBh91j2RaVoZVneHm9Buec902,אצה סושי בר | פתח תקווה | כשר למהדרין,
3787,רד מיט דיזנגוף,רד מיט דיזינגוף,ok,https://res.cloudinary.com/dn7vbd6nn/image/upload/v1783345161/restaurants/google/restaurant_3787_google_800.jpg,restaurants/google/restaurant_3787_google_800,800,533,68081,jpg,1360,places/ChIJKbVub3pLHRUREEIV38ykFtY/photos/AaVGc3nkcs5NZgqIfXgkGU1TYIBMORlrAFdaLb9RDB3EADNFLOMv-mFDvZCDcQxCVPl7mbDvjNHNgFMsNwNmg8ngOQOVTuts_O2_XAzl3hOs5PN0-b55CoWKe3J61crk-M7FOaChuBHRxhqljObY6QunoVCd-c4A2QERRTxkqoLncjgBRq2BqqJNz7Gq2WANAR8L8moMnY67IOJJUqpvQ3R-tr9V3mTH103JvTeQHWrSzzNwF_1R1Z51Cb8e4quufxsaTOh5AqB0AxEdho9NRMaYOJdpjU1YqWbEWhA7UBAMXJzuCZr7rGi5uq_Ehd4iMrvCyihjTCStEp0vS31wra63fvDPwr9oF4x9t3ewzj6zFDANglJxITeBSsBXUrUHgfSZPCnktvSrSdX-I86CKulykCNAnY3DGvjxoSj3zwyzOoacKPPH,רד מיט דיזינגוף,
3796,ג'לארטה,Gelarte,ok,https://res.cloudinary.com/dn7vbd6nn/image/upload/v1783345163/restaurants/google/restaurant_3796_google_800.jpg,restaurants/google/restaurant_3796_google_800,576,1024,109890,jpg,1682,places/ChIJJz_aDr_NAhURx3FtWeQJ2oA/photos/AaVGc3nBsaWrw_ov8zoO4pqbRriaEJl14FIUxyQBYCqHEO3OXKPtRn_fvMI3X8uwr7rZAnqvRU5FH5tdFacp4G0bBXOTFpcF8n63OIWwO15OlTXIQGkFaPi9c2L0vMT6_9KoRYZrdJbIVLgZUvkrYKZ6upU8haPsPCi_1yVGG3WyfLfz99oCdK_JoXtNZApYbYGov7rWnSiF5YJj2khCbu-qHkoLGhF8zqBHWyTsxh8ANb9GBPWKaPJl2PEV7vETDw-LT0RrjgGq6E8-yUObNY-Uj0I8b1jt96yijKkfKrXB3Y1-gJy93DkfjsoW9DwTyRV038aAQjngltLLb0fIE--DAQhgO0eNVEmD2vy11BgVU68I3xfMYnohQ7SueSXJ8seelSaZFzrjL2Hm3ScN6vd9V0vYCfSPFjhRIf00JL_Upovm5cw,ג'לארטה מודיעין - Gelarte Boutique,
3803,ביס ביס טוסט נקניק,ביס ביס טוסט נקניק,ok,https://res.cloudinary.com/dn7vbd6nn/image/upload/v1783345165/restaurants/google/restaurant_3803_google_800.jpg,restaurants/google/restaurant_3803_google_800,800,600,179344,jpg,2141,places/ChIJLVWux_dNHRURfnxo-Loyc9Y/photos/AaVGc3n-zjYkXogJz-5JRXfaNq2z2NFu3tbrvZQkTTZAhyKg-mZRhnIF--v5vWrCs6ArTSW4N_i05tTTkuKL_G-Z15jMiGJVF4mjP8MxpfR8sklpQy2YXyg9FZfqyJ90ofG_WbLDAGIDIyLOlZEw2gTGFWaYPPkJRBgVBpz28ESToTFDXVG0ETjxqQ-NZiRRlEh4Wxmw93GtJ_iP3LUaOL_WaZ0c1mnISaXoMdBzAKQQHUDgzQT9owxc59gkCFqPyVZj69Je6W-6otMrazRHhIspmc5tOkhNXiqhSmgA3vuaC0CSe0OEJwCZ8lUAa3XjPTD3tdp3spvlg7zdwsJ5CmnyceEv9JFUekcdsSK6JbfbA69g62A2mA3-KatlLTcHSY3y1wWR0oKiQtMh3h32X0NCv6jv7gYKfJMmjf0x6AXHAgXXwQ,roi ahl,
3811,דון ויטו,דון ויטו,ok,https://res.cloudinary.com/dn7vbd6nn/image/upload/v1783345167/restaurants/google/restaurant_3811_google_800.jpg,restaurants/google/restaurant_3811_google_800,800,374,106588,jpg,1834,places/ChIJjwxWQJFKHRURcjC7fpwo_EE/photos/AaVGc3kMuw5bdLfFH82sJjRkQFi9vbjVO7enDm3jtawZqwsYgSQm0cPdQR2Y_pAvP_MmV1MvD-WwJR3rDZzYnN_PjnUKqP2UHNqu1sWB2oGeL_iNsGLZ2wThipxOM-V4aoE68RMzwrozG9h-w3kMKA69pPK-_D9o-fSf61seuytPCpBX5gj_vTAdodi_9JJArgdgBv5_TyLDOqky7itvnzcXlSDNbIwPb59XbZZYoIep53biYv3qxcpMOU7GhG_QgOmdSz1z3qrPszH_jt4GhYl6oar3i14BC7g0k5iLPZ5WxO_ftiFjJnuMkXV2xU-QbKj88Nl8qyO6QwfNHpqx8jmstqhk9YF1Zmg3WBh11fZrAuC8_VmDHtOjggk70YeaalWqSxdbp6VZaIIy2x3nrzLQna0PYLJgwr3kasBxAzVpRnTH1Q,Shai Sherman,
3820,ארומה,Aroma Espresso Bar ארומה אספרסו בר,ok,https://res.cloudinary.com/dn7vbd6nn/image/upload/v1783345170/restaurants/google/restaurant_3820_google_800.jpg,restaurants/google/restaurant_3820_google_800,706,434,452899,jpg,3063,places/ChIJbR77_qG0AhURbFZXqcRwZm0/photos/AaVGc3mJ-xRkyop2Z5_88r7DdXwZJENfZGFKVpFzwPI-gl_qq2NdpIEUCa3knNQVUIiziUOiy17nJBz-8Acb8BfaTxgSICETjDGwTmmOWdybOofl0Kb-0APSweMHetmIJBpMi3nJgtta2tZhg_YGDvm0sF9c-UQTXIqOzglMH_M9-roOduzRPp9kLYYqCHDkKVK7ahdA5iD2rl3-9b1S1ZiMvU9p4Klzc_kPReCcfRTk69sdAOdBhpsg-yqZkBTuWA0NGRjeBvr650FAQ1PwdM7bOFFMZ03K9eSPfAK5EwQG_03YsvFKuqL12YalI6vi0uyl6Y56boh6367K0lCHOufadvIUoV7uCZF0CKYfyOtO_9gUn5Y2d3gS6v32D_H8XG1mjykPpQBl41XWqfX_Q3VCAUTi5_cBCzg5iJnW41EwvMmzGA,Aroma Espresso Bar ארומה אספרסו בר,
3822,גורזאר,גורזאר לב החומוס,ok,https://res.cloudinary.com/dn7vbd6nn/image/upload/v1783345172/restaurants/google/restaurant_3822_google_800.jpg,restaurants/google/restaurant_3822_google_800,800,600,128420,jpg,1784,places/ChIJHVgBX4FJHRURuERhCAzvxDk/photos/AaVGc3mGeTb1DfiAU9g9PqAJIiidmj4CoJgcIIpFiCTvF_k7rk8_fbtu0kNte8ChkX-j3gtGaBxO8cM3B3SRg_rANk0td-b4VLoMDpDTiG6OtEcTG-UA5wyVL9RRuYifQbyfORC5Me8Ul29SxHLo7ynnHAAQoKuqu5LrJFE-8wjXc-BX0b-j2HKb-c9sf0fY7xKsMEVkY-zDSYJ9ryf4GAHDbtO2jlWloVJ-UgPR-7rMqMRaEKX2Ay6GAbOnifSN9-bBb0e_ZvicFmRiJmpEgabWQ6RYrYQgZZPNCR5mGvPv0fgO4PvmP6zroQ0bXt-izco8RgeuiypX2mZ9ju4CHAa70w8iz9SBySqGp8ju4OyP41lEpMVU1IFeMj1hCXi9q0l7ZtON-fL134z1nYNta6cbrxbzpZ1HVLAAoH_EcM6qge0,גורזאר לב החומוס,
3824,פיצה מטרלו,פיצה מטרלו,ok,https://res.cloudinary.com/dn7vbd6nn/image/upload/v1783345174/restaurants/google/restaurant_3824_google_800.jpg,restaurants/google/restaurant_3824_google_800,800,378,87656,jpg,2907,places/ChIJ25OlcFy1AhURYr6VdI3t2cc/photos/AaVGc3mX2QubGWCU_kQUXFlSo4ExhbPtBS5EwtzCvUzjhyjzu2FFhQ1QhDvWv4Zb4YUrBOiHkLesac_68ju0rePIGAe2IfjUmQPqalullXTvsGKMdJwtxcDQBP2iczrA5RTnt151qKrB6bLklZLnVsEt8ea3p0LXN_1RhMrd7ft8aHJqydAMoiVyJdyDQbCKknnMbe8miLmGpcfIoTvBSo5HrtWRRWlYdFL3bWD088ivjQVbNVA19hUqaVb1uLW4u-4dd_ZkewijrTm3Y-xLFDvkvinhS7GE0gK3zLhmlC8x6ywXz_aBPlEkAsDn6gQuxk4O9mhpp12xBgAtmeyG4h6F0WzmZSFC-nEAZwea6WeGVipvlBFYmpw5RQqMY2P4VwBV4gAfCU-t66L42BlPCfxwE8-mOmaoOBGIl_aHKwznVTk,פיצה מטרלו,
3840,מפגש רחל,מפגש רחל,ok,https://res.cloudinary.com/dn7vbd6nn/image/upload/v1783345177/restaurants/google/restaurant_3840_google_800.jpg,restaurants/google/restaurant_3840_google_800,800,450,87944,jpg,1632,places/ChIJh0KGyFo2HRURbs69Ac5YNtA/photos/AaVGc3nCetBbxEVfJsPW1Bo_wxNk-4RyPUenYDTq_7hG0VWF8dTYegWnFD1_824WFRJT-FvhfFk7XhtzhBrHYwXBRmU39BzBuXfxe9Wzhd2lU78EgFjwXDzdWq-Wt4r35XrQ0YgX0ZXiZtbuAPXR7lkPQWY5saHZHko0nWcWXVCNkQWUpYJzne9_kKtndg3K-xFjUVcUMo58E4snobXB6FIs7oRbv7us7jYNKgSShGO2QOX-9GZ4yGWJog67Sc3z-s5Rh1nEWoRxvlJD2lMx9fngYORSYrgqtnYuX8XUajkgJwry1UDL_gWRvZZDUC-stGhSTJVlu2gdxwF67tQ5wTtOXQWA14PhUTATGmmbZ38upkMYAo9XPs32jzcf3bVYg0C5pC0PSHY0Uxii1g53jAzewRu_K6lV8a0BNVYV_7-twAmL-XDA,יוסף yosi,
3841,המקדש,המקדש - מסעדת בשרים,ok,https://res.cloudinary.com/dn7vbd6nn/image/upload/v1783345179/restaurants/google/restaurant_3841_google_800.jpg,restaurants/google/restaurant_3841_google_800,800,1199,314182,jpg,2552,places/ChIJoUIuRzs5HRURpJXg8Rnm00I/photos/AaVGc3lAMVSO6AKUEB-oSoCGQyj8pzRpLbCDNYG4m8SeKscw82Z8_i59xK1m4Le50pAJfv4_gdhxiFLeaGtLpVggxykZWRNqsjc9Boy86R-qJF2UYdqNgUp-2SZnmCj6XIVJ_KvAqfdb7Z4LE219GOsIobl3r2LUKRscNZ7Aje56eJf_tVp-IYQy4pZcMMR95kQovEt5mcE9djc2lV2wucG7nx6qaaSfNcT7T67yEEQ_xULyeHBujZ3EMzuzisNMwe90VpFTa4rvPz4nOeTQxMuWPpcXM77EMaK-tvmAMOhLZRMDm664d2c2woaDi7SRtu2fdkVmFkvEKHhUXBWkMufofa8T-t0C7YepPYx7a3YjDHM1_FeJWGvfQ7NoP4jXwXmoggz35fQ16yuAHt0I2ud3h8tWxQS1JY3Ea1GlWttC4smuLvsg-laC8D102cplaSCc,המקדש - מסעדת שף מודרנית,
3842,פביאנו,פביאנו,ok,https://res.cloudinary.com/dn7vbd6nn/image/upload/v1783345181/restaurants/google/restaurant_3842_google_800.jpg,restaurants/google/restaurant_3842_google_800,800,1067,178697,jpg,1833,places/ChIJCZUCtPWzAhURA9HmzEfxBTQ/photos/AaVGc3kAfjhCuNCgtr161iV3wVfXhU1BnO3_BuaeKtu3mJdH_32UFDvG2Wyz9Fh64JSWQym14enLAxolVJn0KNncSMkh_zkIc2uk42P5-dg0yF_kTcmoBc7PlVMGvQeoCmAF8VDyHrpODmfucjfmzPLveU_NEUX_xnK08d16GizZgM99vShpy7iftCTH7lFq4g4X8h3yDeiEJ9cy6w9OQAnDgqv-oqR5QVUl4w1u_Ziyr5H4Ph8AgQNU6236to2Tcev7ifD9z3w89pDStDhzZDX3AE38DE_kpibmhwN8wBeSkwfO8YvUegztoWtckPk0lGZ6UI6qkfHGarsaS49NONJKlmgVyWeS6O258jH00QgF6xGDaFu1JrW05rKvFPCQjX27tVoOsBa6uVQvGZvnVYaeT1CLSHOWgbul0QdN4Q9_canZURXd,נסים מטר,
3846,הקומה הרביעית,הקומה הרביעית,ok,https://res.cloudinary.com/dn7vbd6nn/image/upload/v1783345183/restaurants/google/restaurant_3846_google_800.jpg,restaurants/google/restaurant_3846_google_800,800,426,102463,jpg,1667,places/ChIJgU6ClWVLHRUR8hUOhKb7Cvc/photos/AaVGc3mggBRbTXEm5MZXfj1ljlp8li8zcF2o4l4WtNmPz7VzYUy8kc9I4LY5PgIXn7D9jNULgY14Gv5Fv-jmzJo77fRmC6nDF_RM2ypKf_oJkz7XgI5xkxtA_0VFk8MOQ27CBa5pacS_fSRHbZc-1iCXk6EqfgXjFIY_Gqb7FQbKQzSXNnLZc4ln8HS0G_3oOCLy7ClvJKyNoWK06v_t_Mku_MfOzX8vkwxmu6miUuadwODatlIglLiHUV6CXMP5K5fBHmhCqj2LlbT8riUN141kz6zDtclshfRf8Rcu3n_g_N9URb66VxrDljKDMZDXONBZuB8tDVwJP_TEyubeFTnp3rqolgJavlt0y-jmSz6I8OU2jNeYT8NUIW_IMHQJ4v5jy0CXv3WJ6KNRItWUg6An4amLvkn5Njay7QfZ0dWShGoQLZyv,הקומה הרביעית,
3848,פינת אוכל,פינת אוכל,ok,https://res.cloudinary.com/dn7vbd6nn/image/upload/v1783345184/restaurants/google/restaurant_3848_google_800.jpg,restaurants/google/restaurant_3848_google_800,800,465,124183,jpg,1907,places/ChIJf5IY4v5KHRURcdt7hAw3TMY/photos/AaVGc3nf6muaUsW2KiBg4m7NfSCfjWhLSkRMjsOYorzSyEnVD7OCdWyV7D02f2eAGhGtcIe2YnNTSp-jkj69ukG-tt6CUaeagD7MkxnmJ2tgckJoi0PKk_f4d6gSwmRTPCK4b8v8fpmVbI5tnjpFbv5nGfMOGNTqk0kG98_JojoZESV6WQh9B9HuErHGzfSFvrdDB1cLgt0jj78qGZIBI6-J0xbW5Oo81xhKdyS30NOb37aooDsH-qt4v5zpLAPuujt4vernqSNLWLBp-uwoXllwnuXz1hG-kMKz4Nj0GmFuSinAlUMjOY1uaPnnJCEpLy0-a1IQGJqUHC7Q3CgC2C8M-oyWQD3PewDMVCTSqkE6NlmUHXNqZzrdUo9KeFzHXSpgmPkUBKx_IdYeiaoo-3IxlDVdvgzJlTLZTqXIeg3cas2uBw,מירי לוז,
3858,קפה קפה,"קפה קפה, בת ים",ok,https://res.cloudinary.com/dn7vbd6nn/image/upload/v1783345187/restaurants/google/restaurant_3858_google_800.jpg,restaurants/google/restaurant_3858_google_800,800,1067,264694,jpg,2236,places/ChIJY9jNixmzAhURjMbbFtHL_Ss/photos/AaVGc3k-dyH4jMKbxMT0eqPvDP37X3hgt0xvQXXGbEBX3WELDfpmeaozaj0qfWppN-h6zGqF8MlRvzXs46ZDHwI2GRkW2fAeP0wxMdHmf35j8WCcJIgnyaM0vaRXUqua7oL7oHgCE1o9jkMurBjWFLqvEpbH_N26E6BI-oTsryYNzGfydtzZ__xb9yPiN9DyUk6ASliLe4dUu07vJsewFNaJr7zEdNXsyxulGkUocmA6rcnoJIlauwU3hqgw2o-rFR_3FkBhRk8M95rPaMN_ibpXbUg1sLHWwUDwca45V7NhNB0rAPpBFhQsCXTc6IfAkXriD6DHxWT7hSVm9x_ZPD21CD6HpTvWb_Xs384zfIORWipfP9FXt4cxDP1W22-zbGiuMthih7PJxffsbTJbiG4BLbKyiqgExTmkaSzZlr96OVm9itiY,Radioactive Ray Ray,
3862,קייטרינג רז,קייטרינג רוזמרין,ok,https://res.cloudinary.com/dn7vbd6nn/image/upload/v1783345189/restaurants/google/restaurant_3862_google_800.jpg,restaurants/google/restaurant_3862_google_800,800,534,188223,jpg,2142,places/ChIJZZIfOi83HRURj7zX6Fd3crs/photos/AaVGc3n-XBIFjfJ9Dkjqn0o0eA8D3Qx8K62yLGj6mpyzQmNdmdIj5CWbqP9NdChdu1smbt25huSSG-jp2clXgBbHkdz7psK2UmKzPhP-R3dLkg53PjHbGFYfTwghb7_8aG_O_9LazeX6fGVwTLHIBVJ2UrrL448w0-HjLz6rx3I8Mt-4YK0qGYhFQAJTAP6ek6ahuOZCpLM6UNZ17eKXiemPCT0h0-zrlL8jWCEJkAMzTkWPJNWYtwqhzQvhbdVKHALtjthTe4GRfVtJp5nkSOwHzSkUigNY2ebUAGQsvB_JY71oL7IMa9JY2Tc9OmZQWtodheJPjS0DcHQ4eAsWyBT1GwtbRqLfnEnahCiCM4APddthcLuG77YDi9GPmP50kKYSmsdINKyFE6WFfBIAk8uUx4eYbwDebHEMjM4xrFqMk-eDvA,קייטרינג רוזמרין,
3863,גיא בשרים,גיא בשרים,ok,https://res.cloudinary.com/dn7vbd6nn/image/upload/v1783345191/restaurants/google/restaurant_3863_google_800.jpg,restaurants/google/restaurant_3863_google_800,800,450,125926,jpg,2041,places/ChIJJ0zut4ZLHRURdj4OBrijELA/photos/AaVGc3mVxdr2OOyc6e1JYHNcfjFkvC75e_IfGd0de4-9JI8xhQAPqWTuai0YxiXMc0MHWiXkjlLf9jRlPr8TtzXjm38qV4QCbw59BAqWxHeyBXtd6aChZV3xArsQFZkeD7EqXCCTz3D6opC7gfj7O-Cc49RxRTYhGVhIfmAR-XF152EZ8hPqhEP91EOK95e8vZHJUCID0lcqXH7sQshUM0pQYa3mjVMNQd4mQibvAVErzoLAvXz6R7Z54sPn0OXr--qh7DpYAsgop-MVAcS3VNAgoypm4ZnDrcS2BdIyl7yYrThH1WjV9txraM8jmkgbmTs_NYLmbH1aVY3a5imgbBv3U9GPk6Ktl8PI6dIkDROi00-I-mwcWaADOI2h2QRrPODrqFdlOQyhZB9SiVOhscTRIFq_WNsaOjrPNb8wVdgVzwg,גיא בשרים,
3867,פיצה האט,פיצה האט גבעת שמואל,ok,https://res.cloudinary.com/dn7vbd6nn/image/upload/v1783345193/restaurants/google/restaurant_3867_google_800.jpg,restaurants/google/restaurant_3867_google_800,800,1067,208908,jpg,1654,places/ChIJUR6m-w5KHRUR0Q7_clwnmYI/photos/AaVGc3nJUrHh1aA8exSIdSrmVflL0L-Jw-b8rKbHQh6IWe0lONdIqHvnX4GZS_95RX9xD5zN64sW_yWOMNMwYmJjSee6sZ74ADTtNK-40ASXGtObb-UJ630wVTp9x33i7pLGBoD380ZfYO2xQ3e3dTO8krkxP1JItzw_sLZ_cqcY3AYMgy8ihEvmeohpvUcqVIBCRUuCk8S2q1mmXURXmwLR9cBQ2FHFUHRUoyllv1A-n0YIawJDL5E2HuYiubxRxfxrPzDSfTw_ypYN4wsZbW-ePttVbEIkmU4dX5j79yV_aVuoNnIrFeTFFfTT-OEbl0Llr3bBRjOBYyqXIJqsy11HcH-etDZdUpjRX4lmdTMhSVAIV1f2ENowvKBECWYRxQliP0AjNHHYWKt_yRyiuCPS_ReQc6jZcuvX8LvYNQnqPlCH2yDq,פיצה האט גבעת שמואל,
3877,מאמא חומוס,מאמא חומוס,ok,https://res.cloudinary.com/dn7vbd6nn/image/upload/v1783345194/restaurants/google/restaurant_3877_google_800.jpg,restaurants/google/restaurant_3877_google_800,800,450,122311,jpg,1777,places/ChIJ63WnOBw2HRURzfHLEEP1fBA/photos/AaVGc3lzurucTZDk93ce9jYruoDbIVF7pYxFeR0VXuFSaduB4H6D6zHlfr0X5XXROuuXy3fro9DPZSmjEDia9lZi_NsNyEc8tbNJuaqBVat2u02Nhvnu3hFUjUsSTWEQzb3_9Ikn5XFqUId8oH2BqwU1upAe8oonSiZuBNw3Ipue0Ffh_5LJMknCw_o2iDqoB6nTvLjRzbNaXV44ZoH1uCLSQvWCQd1ZqVmWAyoNOB8HLNi4KzuLvYPwFSHD9G7a9dlFGfZuogQhZHGYlwBBf3WQVZqqs_ru7hZTRWOMmY6MVzUrChJ1I4nGwbNszjQn0_5fYhFKdUGr7DkUlyJ0-huF0MaEsDLKd4RpcsTdWmpzfQuG4WN7oKYPEgvyfOyFaDEM5GmKYct1MC4XjRQ_EJsKOimkJoRzZb0xI0vBhf1vt9C-uw,Oz Edri,
3883,מאפה נאמן,מאפית נאמן,ok,https://res.cloudinary.com/dn7vbd6nn/image/upload/v1783345196/restaurants/google/restaurant_3883_google_800.jpg,restaurants/google/restaurant_3883_google_800,800,600,127635,jpg,2070,places/ChIJV008eOu1AhURpWAsrR4sCjo/photos/AaVGc3nM1XyO47kFE0tgRqEHFWewsxVnvsgqPAzitrJsjFOnnw93ETFg4UlQFHhqxNqKhwlFhVYLnRpytMicp4cMKJNlRlz_A42jnD6HtvAvjbq-GILlWqLHBX0txxDq3xCYcvFz__zTLzoZ75hq-A4kcSLgZ1vYcuDsHhJbjviU89fDpjqwDFBL0Sa3aRi6KfSYQ0ZrHwG5FMQw42SFiXENrVoF3IzP8dVEUmHyDnxIqoVplouzPImn6rEmTOE0QRp2zBad2tD0q3AuyEd_gXAbJTVJt4guKSiWX3sunCgngjYIi1UAvGMbn2bwt6aXFU89-5i1rNxg3GQ3pEuH3FNJUAykrpMuhAO8MgLt1VAgWVm6CaKgbLv3pkMwocNqAhXSXZPB-Me_POS_G6EicfSoopyqdvLR68kH6A7H2ZhxlSwBHL7m,Sunny Simantov,
3888,כרמלי'ס בייגל בייקרי,כרמליס בייגל גבעתיים,ok,https://res.cloudinary.com/dn7vbd6nn/image/upload/v1783345198/restaurants/google/restaurant_3888_google_800.jpg,restaurants/google/restaurant_3888_google_800,800,450,128672,jpg,1733,places/ChIJF71IAqdLHRURt9Qpa-SbOPw/photos/AaVGc3klcfVpnkXj-5w1s-_4sh3W4p3t9aj1-yep1CoWcu8ydPAgSdQxSR4Hhw0jcHrapt2wg5lk4IrzvxX2xT9-m9RU_fsNxBUMZ3VnABl4bOWLGmG_sBHf64-H2jFo7I_tyo2mMuCYLAvRI9XYwcQSkAjLHi_xHVW3rh0Xap-d5Cn1npeBlZHcb-9uod4Ugph_c7o5fShFc94pXDEOBwc03hN-PWLLcZOnvGyYfsvmx9yDgYySrTquZhDz659Gk8Sfn9suvGF1Q2MFhi-C1GgsFbpYfKvXrmEgt7ZuUhnjavAtrFyuujgXff26lfAndwJwjzKNspioH-HlCXhSUB-vTvt1Gr4i1FHoz3a5XDYbu7FhaARWt_m408rSoNCEI3R6vEWgORNE9_wGyHUJXeSCqMAq2CWv-YRa9AJLaHlSfYqlp6fn,Eyal Barlev,
3889,גידרון,Gidron,ok,https://res.cloudinary.com/dn7vbd6nn/image/upload/v1783345201/restaurants/google/restaurant_3889_google_800.jpg,restaurants/google/restaurant_3889_google_800,800,1067,265457,jpg,2345,places/ChIJt0Z4wgNKHRUR0VCIs-AyKZA/photos/AaVGc3noXdnO5eGY9zGTIPaLbX0fmK0ffn5qj-Rp4un6qX2P7TFii3Oh7jqLleQufiQ1CCHvcVCfYB_jte1U7g-hVsJEoVd4muSa0Vp74Uxav7_oUDNKc2icWsuMvKf9aDiEadxPIcVdDeV0tUaGZ39TyBWTb9ZG2IJbwu6t6V0hO1tkfN0PisaKbZKpojtUQUo570s__l4eLJfmYyGQvVk7c8kgo-qulLFy42LIjKMl5nc0Tj9jZAGyc2DAvU4z53-55ALlo5nr9I2Ge389RoiHqURq9yFhfkIs0SNHRTBxdvyV4MXkJNljt3xCeb1ZdIZI7s5O6DBs5AvU_WS32RsYsbpTAiVk6m2vwMqcA_XBROFh0n1H_FltxW09v-L8QeUME6EOLQrGmyNomkFNQbcWYWWSsPys4dgxhtq38xj9uk2gPKk,Michael Yarden,
3899,קייטרינג מרקש,קייטרינג מרקש - פתח תקווה,ok,https://res.cloudinary.com/dn7vbd6nn/image/upload/v1783345202/restaurants/google/restaurant_3899_google_800.jpg,restaurants/google/restaurant_3899_google_800,800,599,104629,jpg,1423,places/ChIJv9Da3jo3HRUR02fg_mqJrb8/photos/AaVGc3ni4jAIpGcRW3yUNtAWmnGVjNq9nfzMlYD39VM_aazRxHm2xcdyF9398o65VpKBbtGlbXIWMAygXPdiDUBZjxjEpCzMhq-UtPPT7f6vNwp5impCNvb7z9ntVav5_XfODDttYKlL9DIp8_TBmAbTzPZrZSi8pYTSjpr7C0ZY_OMbspGbYkIkzfaC3k3xJhCHPUGjgU8yXAztEgnVtVtNO8fIo2jBKhGpcMnG5M4z1jxItGiohJ-6dB81Y4aMrqPs7yXhJZxAulvoEbfPfvQaUHyyizbqauviP-IfFIL4jHEzo3p56QrTvBwxCFEDza8DRDTIDsSoVw4S5NRB8hPe5SyKOWoxqmOsFr0-QJ4Il7WkpK01GAp1wp-XBWn9EcZjj1rY3Cvnm2R5nZlTQmmAcgU4w85k-gckyQz32JHfBxCnwA,קייטרינג מרקש - פתח תקווה,
3901,ארומה,Aroma Orly Givat Shmuel,ok,https://res.cloudinary.com/dn7vbd6nn/image/upload/v1783345204/restaurants/google/restaurant_3901_google_800.jpg,restaurants/google/restaurant_3901_google_800,706,434,195814,jpg,1835,places/ChIJnb3mjBlKHRURGrtreRf-4Io/photos/AaVGc3nl6E1S35PAKX6Qr4K0PYjfI_HkfqAeiddEh1R1MSeae6HrI0ycU2Ujx0TmvvkXP8XKUvx_MLXHIvlGIaJ8YbwfqpXEk1ORnp357oLOKV23Ubi1fGfTIvHuAgj-bEd97bhtN-FxWKOkP3dbh_PCEzk-7OSghA7rCKr4q0b9jDrNvGZUnrMKNr3MsMcjEOH8RE0v87QHDSz2mEMiy1_xnri9_TmeBtL3K8Bz4_4rzVm-Uj6W32BqZchbdHYWmP9IyH-ZvCtOFYQLW5TaEg4Q2UL5T_QyrS1oiI6f7JPAmgi1sd-ogjYFIw4hMPHbQ4U3i7Rp7VskgfbFRprweNMU3-7akaPWo1Bt7TFMstIH0qjCkXiNCpoxuDgFiN_7Z40BUJSOwyRxcqBWYsfLD2YwiLw03ECHEjcdfLic5x2lECU,ארומה אורלי גבעת שמואל כשר,
3905,מרסלוס,מרסלוס בסר בני ברק,ok,https://res.cloudinary.com/dn7vbd6nn/image/upload/v1783345206/restaurants/google/restaurant_3905_google_800.jpg,restaurants/google/restaurant_3905_google_800,800,1067,285368,jpg,2345,places/ChIJc8JRiCJLHRURjHoTW6eZ7fc/photos/AaVGc3n9XKQeqimRlHoAik8V_hUEEngXAsGCda1j2PpS8LJyzklnIjHLwrfQkyy-PrQy96g-aeKRjUi92TIqGr27QIb5BaKAyQ7Dnnk0l28mAhZcAcCBvtR101irs0U8OidtTns9t0-4uoNzz5CxnSBBw-rcMdpqxwQ2NTjbqABilwPKtOFAGBkNM0xy5AlsD857Ppk0BqmMMlfS0bsX8dc28hp21HR1iTuFZhP3UQGIwpP8AlCLcyoSn6Ehy-TjrG2ZMOGfqeXsz4uiSalHUcO-BWout855ibAI206TuUPmpOsxFCZHtdeZl2-UrnZMJhxQFuwhF2rP-13vAP6rnLO-4d4CBrzHKJudAFXHY5YO8-R0eXolCsRQEtooALhAGqYAX6utFzunuRKUT653eHzQw3gmtV3zlaSSLsLKmgqsEae85g,מרסלוס בסר בני ברק,
3911,בופה לאכול ולהתאהב,בופה לאכול ולהתאהב - מסעדת שף ביתית | אולם אירועים במודיעין,ok,https://res.cloudinary.com/dn7vbd6nn/image/upload/v1783345208/restaurants/google/restaurant_3911_google_800.jpg,restaurants/google/restaurant_3911_google_800,692,463,148777,jpg,1833,places/ChIJ7zH0mmjMAhUR2LbEcs5dhVc/photos/AaVGc3mPIULWd7OPbxg7EqnJvMnlP8EMxnk-WECIaJ72Mw6AEI8eE-PlH-e-tC2t4osWou6kTxEzv4PlPuzsWgNFXr2PGaDtDCNCqwYagSOQPYaSebiF5K2Ekw4ucLbJ4Of_RmUfKZMK5nSFc_kWP7abp4xsyEwIosgOwL3j1S1UKdRoamCe213o3QAC-O-zw4de1jX12ChHFryYZjnYscLWiw6a5zEZRX3Bgqjgep5lDLUsHNlQ0-w2izWHIcA9f9lOW7TMklkss6wefbuAfA1TUCMYjqtCH65UGq2hpPvOIVWjGpcT4OMRgBpnDj8Aapiy8dF7HrygNosoVaoQJ--Yzd2DQkDk_pt9SwjoXkbvaIAAF3ixj4MRvJxv-nWUS7rmHzLfg6roPmZ_C6puHtkXT3cRSv3gcHBP0ioXEKhxCpvlgg,בופה לאכול ולהתאהב - מסעדת שף ביתית | אולם אירועים במודיעין,
3935,ביס ביס,מגשי אירוח ביס ביס,ok,https://res.cloudinary.com/dn7vbd6nn/image/upload/v1783345210/restaurants/google/restaurant_3935_google_800.jpg,restaurants/google/restaurant_3935_google_800,800,534,186561,jpg,1938,places/ChIJTbKdkwJKHRURSX5e_xOFg3I/photos/AaVGc3mj37_EQMR3J1A9n7NudPxpW-y_7LIsjXWEkjlRJMhQF44UUEBDFGR6wpb0IdYIK9_9sbKPBCvBquyT84QjYhxuJDB28QWBeCyVii9h7R61sPCKUzc9GU4QKTAMZ10CFf3KTyDRcQvbsX11bVJacb24TGuVfS7j1XH9LLUyAx75wFeebQSkyqrQGI22ngYPHYD0WOJhAw5d-gaGg1PR5sZZgJ0LgbPLISvVBDs7nzm-ih5Xw_gZftCBnG8eze406r8KeMkutKsZjA4U0kB2fjmwwOwnou7e-hSLuFaRVnFNL7XXKBwyar-9SSawUfTWPTIQhAYa8yu46GfFJ4ieIMtq-6SamkYo2GxB3QDAPDMdgYqFtltrLBbtiL4gjFKBUxxPUL5R_EcU_bqA2RX53l6XA10a1Pke-SvISFMFtd2rg7Dw,מגשי אירוח ביס ביס,
3938,הקצב הירוק,הקצב הירוק,ok,https://res.cloudinary.com/dn7vbd6nn/image/upload/v1783345212/restaurants/google/restaurant_3938_google_800.jpg,restaurants/google/restaurant_3938_google_800,800,389,89645,jpg,1687,places/ChIJB9j3KPZNHRUREfDOH61N8TA/photos/AaVGc3lk1SxZxQv2BsXw7wgco_LfiHu8xFP9gyjPzGMxVSEe1D76o-YZG5RL6z6neLKZfLTrRX_IKEiqsat__9lHrJzwTt04XbCx99PC2kXMUfHIsXmX1DNGOHkLGWpsiewPiTsxDSJhCgaq9lcnwrkUwYF7yuC4ehYjUnFCojx1FVQvG_bVkJmy457zeQKeidtCCk2IUaVef6h0iwTOzr0zPIPHgP-3iqbInU29LnTCjgqhajqWqqpjoEe5EZpCIuWy5Art573NHUJ6pmFRS5jSc7ZyzgDdScdweiJ45cUEkFmfomJmdJJqZ5fjVWcjzVe2P9nIxOfru2_Dq13TrKlmT3-gsI6D0tdzdRvzdVGM4fv89YGyMntSLqR9IT3uQDTOUfo8XQeDYwTo1hE6uFyAZ8TqWR54Lo1VRmcPQW7Fzcumpg,NADIR ASTRID,
3939,מגנדה,Maganda,ok,https://res.cloudinary.com/dn7vbd6nn/image/upload/v1783345214/restaurants/google/restaurant_3939_google_800.jpg,restaurants/google/restaurant_3939_google_800,800,1067,204625,jpg,1867,places/ChIJS8RfCIRMHRURPuNmwUVWM3U/photos/AaVGc3lR8z8HWu1EnaM_SWnEd8sW_B6RY1x_kRGIgXdDanqsrd11rMbORD0-8LC-Uv0EQJb5qBx-t-WYbq-naqtmdJ_lH6880C5nnhyTPI9656dY3AG11Q3Y8z2Z8gl9G0UKePrb0Af_yjyyHwsvLlpKyyaAQariyvCAcji8DlhJ6FuOco42it6qr_RjODpbrlC6XmCuH6_ZDqauPatdEK8f1B_2eeuLsR8Ia_SMBWGiumExrvpY5qe5BvgTQuTUdD2JPp1Nxm1TL6PdglPzEO92KS0LbGlmZanezDphZPGCusTGt5AcCXJowf2OmNq9MjEeZ3Bm3RBeqoyhyHKLEptVljihHXdVbIGMbPswwwOuyMHg-EQCS-lJeImrFYx7uvul9qsMHJOsyetC9kbY1jhHqD4Su6xGx37S8VCIGnSrfRU6Kg,Naomi Carolin Brengler,
3940,המושל,המושל גריל ישראלי,ok,https://res.cloudinary.com/dn7vbd6nn/image/upload/v1783345215/restaurants/google/restaurant_3940_google_800.jpg,restaurants/google/restaurant_3940_google_800,800,600,130328,jpg,1637,places/ChIJyXCGqiNLHRURZFR2vn-hzKg/photos/AaVGc3nB7wmy-eIcr2b1NOnjSLzREoX99gyFZzV6QMglCE8AT7k7O3BrqUNyNVbwefTPIQwEeEC4eN9CoKdPba9-SuAnlk4t9qEZ_DrfmPweqQILtEfeNczESlN_jHP3Qx-FpLmJJl5nGs37YJohJgwqlHTLz_fYZo_S8Ep1J3u9FDPg5d_fClhp872sBCo0nIRK6ijM5imbDECLStQm03MKNdZQWAx-GpgXl1pWfA-9tANhY4Q6tP01hhJX6bRFmBU36GO0UinPVEGoaTpHPwipw9fJxuE8vpRNVRwV4ZLWXX7ztc1oi67VeqK3ckNrkYX1wXMu45LYo1iOvz3vrs6NUWdz9k01GNVjxORopfZb4uLKVyMPoUIehgeVr-x_LmPYyw3fAA40cNnl06uFqGoLLIsKYtqQ8OVshUOrioyR75k,Tomer Stolero,
3943,בורגרים,Burgerim,ok,https://res.cloudinary.com/dn7vbd6nn/image/upload/v1783345217/restaurants/google/restaurant_3943_google_800.jpg,restaurants/google/restaurant_3943_google_800,800,450,130774,jpg,2397,places/ChIJESxnvvxLHRURMAJ-Lk_zQXk/photos/AaVGc3mmkMXtoSbRzXWnZ-eSh8yUWFy_EXnppfjnSLZVE1-kLty7sBbV-nAoIj-oLexzYn5QQeDig-rYDPTT_Be8Y9TdW0DhF82Qvg32rrO-Bdotzric-vJfdHsQk8VPT2aIL3Kt13_xdDu-qmP1mIbCJT20UMebJhH2H5ozOUWTZtghduDXTG6KIKjp5z3n8DeIJO4e70pxW86RyOK1PlvfS3jRpa--LM1rGQkFC7dEgw8HaKiJanO7pHdHleSreXwBtSkmVCIdm-OFMzNOGRqXt2taE_8TcwoowYdv5hc0l7mtWzvplo_3_bYJ8MT-8mFEfak2pguEmnQdyP3ZKVbbRKQHjqn1gMS4WJ-cuLE9Kcv3PHt6GJqLEfXBMg0XQRVCymwQBSDcBcD8X7OAWLrSm5BObhIClvlMwBAVbf3iD3a9ssdx,"בורגרים אור יהודה, כשר בשר חלק",
3954,בסר לאנץ' בר,בסר לאנץ' בר,ok,https://res.cloudinary.com/dn7vbd6nn/image/upload/v1783345219/restaurants/google/restaurant_3954_google_800.jpg,restaurants/google/restaurant_3954_google_800,800,450,140624,jpg,1782,places/ChIJszKj4CtKHRURwUxsXFgNPrc/photos/AaVGc3m1Qex6WjQxYW6dLf0d0pK9Z3_LBilcQOz7Pb9saVKGZL_3_bOTTlj78SEnRM0Y6t9Z5oftuXePc702uIdhOPG41rjLE3gqRQ-A_1BbxoPtIdP2swtW7EMY8nEIFXiK59SENHBCh-HJtm-ZdInaGHSk_0SlkWneZYau3AaaFtJE8_e3C1H2em2WzYZ2RY0r1aZ02FYMzqqj3mT_k5Yr_eOgTE_i6AG1eKjyWlkRXTojSJtlUWQjbw2iMLbywgZm74WqVV0NS4qzu1QOE1jmv_n8HohvNwC8H9LjhCOFUJ9syhbxbnj_zTcORsdqjXqGLFTTU1vR9iNJBqqFvIxfI8BvoIziJH-VL4c8IPUWfYhtv_wC34T9BDIoDERLWukXzibjntniJKuZ4FOMB0JStnb15rs-Hhn_ZVWmfuw1jv6y8w,משה דולב,
3957,פלאפל בכיכר,פלאפל בכיכר,ok,https://res.cloudinary.com/dn7vbd6nn/image/upload/v1783345221/restaurants/google/restaurant_3957_google_800.jpg,restaurants/google/restaurant_3957_google_800,800,450,128840,jpg,1834,places/ChIJlW6xwze0AhURf5b2LFYAs54/photos/AaVGc3kr1yeXEGDQ026FT3o45r4fssH7JcbhDr2X0zzVxCQNitR7a09tznV7jSsvDUEcQAarbw2RoWKm-sM8VPAJJxWavMabUcdO_Q0L4cuHcXChAF0Fg3uwTHPOsx4Az_g62CrjCRUCVDlrcT6WoqEl-PBtRRY1taK4X-Gi61POVYTJtWuz9XmP8uNmFQV7QxytEe0h6rzdZVDAetZ3bp6NgameZYbVLF5KQfs9BCzLP80yTsRuoSntKHDkiUmaYKz8U0Ik-12bECQccj_gz-vUI0ms6_OKfuJ44wBBcs4GDxqma_eD-0zvdalDyeIZX4-BJQ4gUPMQGNWbbtfiMxM1o6dVmUYH20cTlNaAaScj2F0vlME9D0yP3TbUydNhCr52EEOM3Piumz9R5aV7b-CcehMFcgFTGylzFN-b3kFOb86xSw,Badaboom,
3961,חומוס הנשיא,חומוס הנשיא 57,ok,https://res.cloudinary.com/dn7vbd6nn/image/upload/v1783345223/restaurants/google/restaurant_3961_google_800.jpg,restaurants/google/restaurant_3961_google_800,800,600,172910,jpg,1629,places/ChIJwTnncltLHRURh-qBim_iFPM/photos/AaVGc3kRlpmXu--i2g5Gz01h3AMDUr2XYuePkoFZt7H-HAofgLG0zN6kh-4XJy8lI_r7pvv4pPD3OYmaOdCq_weJn3Qx9cucGh8INxGJoUiRK6fFsDzZMfyKDBU_AnZiyPo12IqPx4rFMg3KwtEEz8wAm8r1Mhvcd_GHYypCu2mL6gcg6SDDupw86k9S4Im1_ZVGT8J_KbTRNWTHsl_mPik85ZTNA8ib7PW0eWKz7XUjPvwqeGkN4VpR6TLOM9GU_NcjVIYHPp2y3m_WN-VtADUlUHh9jRsnPeuyH76HNMvWLbQiEboSSkQE4O39AyJ58ACP48EVsngINiB-73pO2jEU0TsP6ftbCrQSxMvoBdrYZXFkp2y28qT-B7fb7JVdTlOLdhC6_fOTv2xR32j5zs-UY5mykGqepZkZxzWQULxyzCxvJQ,חומוס הנשיא 57,
3963,קוזינה אקספרס,קוזינה,ok,https://res.cloudinary.com/dn7vbd6nn/image/upload/v1783345225/restaurants/google/restaurant_3963_google_800.jpg,restaurants/google/restaurant_3963_google_800,800,1067,255235,jpg,2242,places/ChIJaSmBUH5MHRURwbh07ndKw1I/photos/AaVGc3mPtyKw8qH1kWkcFrlizrRHNL_VKJEqC9i1ZQEwyq3RLqwvfLF6dZ1p3Nj9Rbw_KWWy1Z1gZjNzZP2ECAhdAK1aS1HVtFua7dRq_KxIddRoL1y7Wn7C0wwLnl8auH2VDQXuEM1XeNV87Co2DbAMyUzsyP51LyaUGzE38Jg2oTtvXeoRd4axtBTLgIr8djgepkHMnYVQayA9gt38RE49vJjQ6vGtHW66PIsQSE9yN7Ce_nlrHXIgvtxGWh9nQp8HZgBzeC2vG-c8qoQFUHFIyimvo_4JyjQ7kD0J_Gr0esVMctjWIE4VCsJd0IADqcanLk1h7LySOUo2xzqNtSzu_mdu9vZ2Mpaz85h5Hkw3VBQG9OcJaantZ-AnVcKyvI61-8Uyl-_9Rv85ELkWlzjIDbSa4HggyuH13ePnjgK91yMOFA,Almog Tsadok,
3975,FRED diner,Fred Diner,ok,https://res.cloudinary.com/dn7vbd6nn/image/upload/v1783345227/restaurants/google/restaurant_3975_google_800.jpg,restaurants/google/restaurant_3975_google_800,800,450,95810,jpg,1428,places/ChIJJXimQS83HRURSM-CDu2xX10/photos/AaVGc3mRpN9VcZB8ERqo5Snw6yPGnKNkodJWW43_vTra39KQyDia2JduKKZRV6XM8MC3ijWrkg0q8yQmBrXQcSapRNaRe_Cmn3UJbs_nnrUHF0n8pnjoC2h-QIFvIY2X-EY6iKk9yrug1OYesC0wK86y0edLf_fRdLhaaWlFmlqETHC2D2hVzx2E6RyfBitwoliW_xjzT8RTShN7-1UOeda_y5kBrONmD4T2chqtikEI9RCCCEXfGB3jP_RQ2_tJvmpO9woR0LuMczqdRFGbG2qbZPInPLoPHOb1xIvlOFdhn4ymaYbwtF1iFi_evuK9I7uf90lWE-_iUml_jmXwcB-jP62nfKhLJ5qG5aqWtDdHKqvDq5oxxrKVGxtcb0s-P9UNtEglrzkxap6E53VSXLogzUZRf5zNskjUsctpcjnjNxgYgMhu,Tomer Shimoni,
3983,פלאפל שמעוני,Falafel Shimoni,ok,https://res.cloudinary.com/dn7vbd6nn/image/upload/v1783345228/restaurants/google/restaurant_3983_google_800.jpg,restaurants/google/restaurant_3983_google_800,800,450,101391,jpg,1730,places/ChIJ19nBY1zKAhUR489-QGMQPaE/photos/AaVGc3lJ6ZD1DhqdX63dF4ieh4D69OzNpxnGMw5tKAiT1DInr61poes8VKnth4nwOznqwMvmnbv3o-pDT99hTnTbrpnx77ovgZukl79kYnvhMJmD7YvzvjJfPoe9ZCXyaw-wAhx4Sg8Isgi1NWPIEL5t5hed8njrFuCD93X3BPrIZ378JoW2kHc_tjYyBi7XQjgoW9hBwaKbn5oij6x4eUIjRck-o5lzyv6KGzREezVscIxtMN-mt8mEIyMr9XUioLvfVOFNqNfmr8mRF5lEDe2pZ4LgOgsv0NZKBzavrl4Ll3cUfEi38c4XbcVZAdArC_ePBRX1BHX4mUUyh1nb5EdQLuvYqqWb2jaCDRgBU94X5oZa5NK1IUGFFZE-zJq-gir6dLT95XidszOMbtLEbBzY7HTvg0erYHnDRtsekU3vd8Yq1Q,אבי בוארון,
3984,סושיקסי,סושיקסי,ok,https://res.cloudinary.com/dn7vbd6nn/image/upload/v1783345230/restaurants/google/restaurant_3984_google_800.jpg,restaurants/google/restaurant_3984_google_800,800,600,123272,jpg,1936,places/ChIJl5eKDHu0AhURlLzreN59xqE/photos/AaVGc3nwGO3Mkzic_g-pqDun4dByjPu8mnDn4IDCbDVgVPI5Q4qQkJWvaanqopCbh2NhDIcv-rV5Q9hg4iEVyyU3UwniGmJ2tfBUYkJF7LFtrua9DqqQLCk94rLFCZVCqielQK5iJqHEf7BP-O1kAyNAiC-XGX6Z1v_9WGp8nkrqSnT5XjpAGvD79KCFheJZmoIAG7koxtLLC6udt7w6q3XwcBbeMUdK2isc2QDpegDpe_P0RmTVUugCbV4D8t1KdZWvSFWaMfsDhJNbTABmKP3lXmI7gz8cRKsd8_Wa5k_ykikxP7v8cZwe62eaQzbAEtQ5_RDtLe6FSaQix5kSd9gRxO35lscin9RUgL5zAxTB_442UMzprxNkXkZOoUCmh50wN7pvwELiVcwyVEg1AE2f9noSRvnT2jTEOVdq3Alm-ps,Badaboom,
3988,מיסטר ג'ק,Mr. jack burgers,ok,https://res.cloudinary.com/dn7vbd6nn/image/upload/v1783345232/restaurants/google/restaurant_3988_google_800.jpg,restaurants/google/restaurant_3988_google_800,544,544,62131,jpg,1781,places/ChIJkyWGUTizAhURO5zqlvC-KhU/photos/AaVGc3mss0U3f0DxPZP21DI-I58o8yCReHZwu0SG9NPto8LsdSVmGpvttnMPVy4d580hMaX1_XqOFnaD4Jw9rexaJ0AO6d06Xx6u7smnP413hSFF47PbHR8DEtpomt0CdAO5wjYksAvT1gmt-iVuP56ZYZjMPMhuO38h9IIJsuBVdNpiEFb8WUOPQngPAY6ryd32T7K9-gONXTzyNjYpHKRWot18KO2QJBht4P2PEckg9_RrykCrT8tAxYp-yNxHPv4Nc9fpG14JmAk0xOQteRHszhk4bhRxorTxr2Ol3DDnB3oIvdB4_EEOxzl-pFeKHf2VNW3flnUalEWTgqNghmcHVAcaxH8F7thofuaqEMBWV1KjSiXkU8iQBS7hSFivUh5CGJ1sYq2D5447I0XRHiWrnIe5GKgXjKnOtjE2wVPhgm1t9kKs,אלינור אסביאה,
3991,קפה דורי,בית קפה דורי,ok,https://res.cloudinary.com/dn7vbd6nn/image/upload/v1783345234/restaurants/google/restaurant_3991_google_800.jpg,restaurants/google/restaurant_3991_google_800,800,1067,110781,jpg,1784,places/ChIJ6XL35OxLHRURWORtJfNPODk/photos/AaVGc3mUYvCiJTF2VgFsX7DG0aJ8l-5cyEODtH1gf8Vj6A2xttaIIZZXe-C_d9AVMuJZu9aL6pk-QMIpJ1fkqs1xXqO64uYD8FVDGtPy5-ClZxhLAsvsTN7yN-Su-IRFPoSzftzz0JWVh4dQZ4i3Vn8zuKgsuqXeWm7TXJGt-T-3butHIzldsAepP6MQ2NGl7Jc3qmeUMmOSJEc3gEdYhmva7bg5_CQr0xxkID1tVzI6qWrU8bZoOeardbJQV4wSqDjD6S392AMbVds-unGjx-QTGLa4Xx-KfOIBJnXCUjXRmr_JGHpVSocvjep5eqpk15dDke7T3loMC5a5r8PfdpZCZbz_8fPC04AjcLf5GoJf7Ms95broosEzp3ocoS7srUBTl-VswqYhBDr0e6eEJPR0v83sdZ6QBRZwIGb8gUbkDj2ouUCX,Heli Kimhi,
4010,הדרים,Hadarim,ok,https://res.cloudinary.com/dn7vbd6nn/image/upload/v1783345235/restaurants/google/restaurant_4010_google_800.jpg,restaurants/google/restaurant_4010_google_800,800,600,143345,jpg,1666,places/ChIJzXgrx6ZLHRURx6_q5QuUU7A/photos/AaVGc3lr-fu7flqoYViHG9U5eza_al64KNop-PNnbiVIVMX09J_kJwDZZJ5-3qrxwXqtQoCILkO7ugj98w8qUqNIRMZ_df2HAIqNrKMGI95Ocii33nmpXirSff1O5Oeolt7N6CK-AORZ9wSFsyEZQbkf7UTfAKnh2Cij4eKO1JD-MY184Bsuo5wkEKBakc3qDqI06Y6bDD_Fg44NaU3xl6WJdbqxYzMuBS5reN5AE5h-XfcKbyT6oYLJHTI3hEo3v5JQ4hGT9EORxRZrTYt2TBbIsAuB12_8pK8A7i6_pIXDWFEp6EJ5yshOVmGjUxkt5LFtRU5ZBp7v0KMr8NJqXWIscKLw9HGHAD4JpkBbyKV22M9ay3P4IGSz3DLJw-NOOHpZjUSR8iQRHpCNAAIUn9_kiPQiPdA41a3-Q5Usuq5MJNtmxQ,Aviya Shalom,
4027,פיצה האט,Pizza Hut,ok,https://res.cloudinary.com/dn7vbd6nn/image/upload/v1783345238/restaurants/google/restaurant_4027_google_800.jpg,restaurants/google/restaurant_4027_google_800,800,1067,261455,jpg,2307,places/ChIJD-U1wlC0AhURN2Sly6wz9CU/photos/AaVGc3mrpy7b113ZxhQWkRKPxXIWNe5KyUai4wDUWmIDv4oqIay85RepW1NhlSfU9KzKwWDdQPw2YsZEYB_4wurguPvUJ0YE2yczTAs3NmImEVZygTKv1fdjhmE_d3c0yeNJMHL6AzBu458h7bx4bRny6lYTd6g7BfJdzchRCCpnabZjY7-hyWYXfsAMRIjb-AIjAbmVfkk1veltmaN3Gm5CIjNoj8ki1Wy_cI3lDTCn43cowU6hd83BUmmkmQzRaq1uwywUaLq335bYspirubw_HAOC4Q7cJcY3DLMDCpjgYO1YU5QXtGSjrZ3QNHE7S0dXEJd8cudvyWWumrkNkVurbmLNu58pjezNlqmHaCLSC9rSpc2JdsK4zjIcpy7NCUz_-Vsktz5sy---ZA3PXksuJxbpScYXOpI-J4xxmOz6VPP1CbMWaa1oZ5-ezRfWLnwQ,פיצה האט - ראשון לציון מזרח,
4038,נוגטין,nugatin,ok,https://res.cloudinary.com/dn7vbd6nn/image/upload/v1783345240/restaurants/google/restaurant_4038_google_800.jpg,restaurants/google/restaurant_4038_google_800,800,600,143486,jpg,1796,places/ChIJNYuKrxc2HRURMnkbLaDFWtI/photos/AaVGc3lUAPUPJUWTp86Cjle9TWRb4T19edIY5nyE55wOtWrTHG7f0MVFsfbwiU3A1uEQYZVjCwS74UvlFwewePZtrj7oFoPDaD9FumaKlCTi52lgATOPq3im8WTueIv65IEyNN_JJBZbadnFxsUrs0N9Xi-eUjhis9bHL2RovZbaOZZwO3W1cbSFH0syBBby3_bcXkK3UmAC-GrfFk5XHPBBTLkbybS51sYxIsLB9YzWy6vSk6NYk-1AHTLLTQcBhhb5LZF7kcMrS7b44xgxSzcCJP9wf-5dwkz7SkyDJEbAVXti5-qP35B2RxOLawSwbx08MoXCq69UhsNSL9YaZMsvC1BvV0kK8cx3l2x0zJ7T8HUC5rDOkIR6Bz2CGLLpC_7xsZBe71IKo1JVSm__Y2Fn2R4ioQjuygx835kgbVi_OBlzlOtn,Daniel Miller,
4040,הלב הרחב,הלב הרחב,ok,https://res.cloudinary.com/dn7vbd6nn/image/upload/v1783345242/restaurants/google/restaurant_4040_google_800.jpg,restaurants/google/restaurant_4040_google_800,800,1067,165553,jpg,1873,places/ChIJpe3UuYY2HRURKVce95et89w/photos/AaVGc3liPJU9CoURDw5kegQO4NsQl26SaQJyODFWG9UJMpBBTo8CgXcSY9YU5g6OkaezFGPmBFm5Cu1Xj9VK1GQveynxgwW7YoTU9MKH0qbyL4pTB3HeSJvPUS3s_1TQyBiOzdr3Ood6r_UjvTzLMgV8s793f7GzarD_C9oCUoimTqNfoAHFS-Uduo5iZO_H8woGjfgDqZ0BcjWH-7MMM5aAP3ga9JGXuLB9SQN2rJfPYctGTlufdM3028pNb2cg9tCjFEqFVD2Q_UyzSWHv1GN3sXIiQP7qYR0qeQz09SCYoa_sfHKqumWBo6-mYlJaRSBFR89NzgRLGvxHK5RmVazb7a9FN3awmWjc8jJqN4RNX969qHKgzD5kKXZTFSQS_KJoiQYHbaqdgMjA8Dyqkwj84msXMA7gq6u_o8FYmTtqvs4ISi0,MOTI LEVI,
4041,חומוס יוסף כפר גנים,חומוס יוסף,ok,https://res.cloudinary.com/dn7vbd6nn/image/upload/v1783345244/restaurants/google/restaurant_4041_google_800.jpg,restaurants/google/restaurant_4041_google_800,800,1067,222645,jpg,2040,places/ChIJOXd-m6k1HRURqFM2kwkls50/photos/AaVGc3kVNs6IjSQeqN5ANLW9Rl5_lI1Tusxdh0ULkY-Rksn7sDvrgdEI-kiR3j-2yYaflCHGAa_hEKbEYSKvbxzAdpoSLkwP9DOt1iLR-7Fp8RVohkM9-e-g-2cbIQCWKxEDDBIkuUoUjESDe19-sHgf_UjLi5t135ZImTWIeDi3H5X70cz2tJJITQGEBLJgV8Dwc6BLP79v7ezIcO3UIg2aP_5dEHG_0A2KRfn1kr2Y0EiGMCtvxob9G3BPhftfNpROMVzLbjnVgy87eCNaCiTS-z2NWWzibTbx4oVZY7lmxCyGQFZSiCo7ItUndbkETCBk3iyDNo2TdLZzVuVzcZFeN9a0Pl7phbfNeOXKXp3eVc3pVlVqL2lLsZPQkMqWEsR7kZU06YXbjVy2sjQF2Z0Ye3kSHxpLlMwxmvR8h64a5mc,Mimi Sharon,
4059,שומשום בר בריאות,שומשום בר בריאות,ok,https://res.cloudinary.com/dn7vbd6nn/image/upload/v1783345245/restaurants/google/restaurant_4059_google_800.jpg,restaurants/google/restaurant_4059_google_800,800,450,150576,jpg,1628,places/ChIJ2w7vbwQ3HRURgv8mxZz_1k8/photos/AaVGc3lX1dkd3mMhhXJWH6dQt8GhCjqE97GkDSpHY3pOAn34UiRFGPY6j5B4yIghlh-MpBclczGZ0WmVhyfKW3fE7624Y7CRBT7GHtoh75G5jGxxDKqb-eXXOkOaDaASrSfYlM7g1fobbqnhucpvrAiom_3Iu_r2N6r-toYPaO7hRoBuSHEX-gcLjA1ZofjYX9oKJRoNq_h8g29pGx_Fn4M2J_rnc0aQnxwauFKSjQNeZO9byFa6ErpfbDGJmjXSLvZ7SlsdUGRWku3jLOVs31Q6Xm4gyql97x3GJ7WZnbOrT4HW5cPS5V2wrhml4SUF7RV0iV_ttRVVgFRLStRlTKZipNi65aQ69ItLcfrusUfcv1vuzDjrPwmzWZYL0psIDWjQYt1RVZxhXwS_c7DYQMzwHOMga7pNada4-tEZY1caeSctULoN,Moises Zack,
4069,זיסלק,זיסלק,ok,https://res.cloudinary.com/dn7vbd6nn/image/upload/v1783345247/restaurants/google/restaurant_4069_google_800.jpg,restaurants/google/restaurant_4069_google_800,800,600,159646,jpg,2708,places/ChIJnWxqoZNLHRURkRWZRxYsHSE/photos/AaVGc3n4bgAFj4GBqyTyoYexx_0wTiXyODsLGIcqi-7nBruhRQmmZrIlyAgjkPo6E_hDm9GOLPym3e6mDGIvT5t1MNDOKtXp0lc3-uqMv7tjlcFeD9hQFMFs_3WUYAwkoevzqEbxajc3NupxICqxo-VlVvXJRRGLbFl96a_DSCz4Y9aEt3TjzvvWHbOlR3ee2tPd5IxdL4MEXZQ6V4MZ67DrFOidpUa3H6eOxY-VinuuRL8_CLgXriPTcA1UXNpJbCTRLUEnXbVO-bh29q9FB_SbhjMuPVluLykHKnAIijA3ul9ps6rlCySibBmUEHPchZuGfG_hGRA-ZoDNZ2J7uEpTZcZz2tzcXd3SlLJWTw_jeUWiAQGXA2g-B862YCXM1ka671zrYtjGZ2a_zXa0RweJL7cdWPAyEzp_mTm0RWlxLe7g0QY,Shlomo Magedman,
4072,פיצה מאיה,Maya's Bakery,ok,https://res.cloudinary.com/dn7vbd6nn/image/upload/v1783345250/restaurants/google/restaurant_4072_google_800.jpg,restaurants/google/restaurant_4072_google_800,800,709,134760,jpg,1674,places/ChIJcTZ3AyZKHRURrPhpybN5gX0/photos/AaVGc3msXpmqaqs_6H94_SxChBzQ17vwmp2lgFjs53rmVgy0Wn-UEXcFdfZSp9RUTgZrP6Ni-hP5f0ljLbyuMJWgwtYCeamMA9Dwp7rjFwKbzxBkunVi7V8qRCcKH1Mw-1HgszJLm2k1GCP1NAnHcWJLUXAw_rUIQTEIMwgQNto0xSpZiO50OnKH0MfWcKFLMS4HZZlAIkG8DlDRkqOyz6K9krLHkkumQTe-0EnKnJlIf8EvHmev89MjZoydgGOkSNEH33aVdPsfTV0kBUhUgBxrdQFBRohDHn1LypgWFCtHUjRladZYaNGt52jCr1T_LtuN5-Fr9e1FSVhWtFx9q3iR61RqbBx4MYYp4YqQKNLnUmjZhac9RYuYJLqsVmQaniuOSp17pxN7j2tF-lHhE7JfNREmgLeHiIKpwwXRKmVSV2T1ng,המאפים של מאיה,
4078,חומוס בויה,חומוס בויה,ok,https://res.cloudinary.com/dn7vbd6nn/image/upload/v1783345251/restaurants/google/restaurant_4078_google_800.jpg,restaurants/google/restaurant_4078_google_800,800,640,115402,jpg,1782,places/ChIJWyvzr1pKHRURDWSOyBbizhM/photos/AaVGc3lM9pg9DRnGu4l4Od6mGOmoV2Epm4mlvPAFTjBS7rJqjoFbVG8iCb9nhwjhi5Vy70iZTjXOF2G_v4rga6uMVwDwCnRoFmb2Al0XepoeDmdrA3LtFsi5F7BKP4BspOZ7r3LUicX3Kdc3H7Ot0KDA8GoDuMWbwl58coU-UDVQvQxk-J8KrkFBnJN2iFkwLLQXuXGy5fD9rx3ABkTTuvVf465tFGdzpEF8DUydjc7O2Ntnzq57EMDvkUMnnd1UmZs6wu1ndK9X3LDbsm_oAdZXuLyI0XKpjqN-nDBlvK3RCk3KNuy7zjKNvCj2MMu_PfWyndlDuvF3uHmWK3PISc3XbmW7SAlbuPjgVXLBx2_-BjcLjaVpCEy_CXC9TXV5UTt0BCvgtxmRDDgnu3k02zDLYUdBAzd16Fez-zaxCurWz5n_AUM,רחל פינטו,
4079,My little kitchen,My Little Kitchen TLV,ok,https://res.cloudinary.com/dn7vbd6nn/image/upload/v1783345253/restaurants/google/restaurant_4079_google_800.jpg,restaurants/google/restaurant_4079_google_800,800,600,156759,jpg,1934,places/ChIJ9e3e67RNHRUR71HtiY-D24Y/photos/AaVGc3kRcrB2KZGVpFoFae3Spq8_TvcZ7Gi9k7iJZ0faqWZ69-Kc7-J44-ClEkZRbLI0kgPXppY-LzDeyudBnnkq0ZVkGBKf1aPiEYnYns4yoEYer5xM0qLq5DS5PwAQal4tfZB0uZgePvF3Z-5vJGK4nS24nPMxHYRnPC837ogGiRXq5SdDSrkj1ojjlvxH7KZ5RiBuntgzHcDSU5idNMdgRsaoFHdbYXE5j85rH47m_gUlIaxC62v6dL6NMzJtMIeusPZv8PnOpDyLYqmzMJiMxPPMYzEEdAVTN5J-MwkAJzPI__1G5XUQq0dALXGjPg7SFZnhl9PBHloi1zdbSb3HG5Rkcb5-GZlF66W6nA7RqGtt7CfEXD7dQsEB1EAAayI_voQrbIV_0tFH-ZOPJPgVsDTu1o2MUKNHl5Sh_NhJRFs7heTG,Sunny Simantov,
4084,בורגרים ראשון לציון מרכז ומזרח,Burgerim,ok,https://res.cloudinary.com/dn7vbd6nn/image/upload/v1783345255/restaurants/google/restaurant_4084_google_800.jpg,restaurants/google/restaurant_4084_google_800,800,1067,250497,jpg,1994,places/ChIJFQY4rz-0AhURMjVAcm-jD6s/photos/AaVGc3lc8aU4OV1Cuht-mFHss5oP8AQPgoy9AgmH3EVzaR8SjzN-oJ6wi7VeTfT-rPaWhmdm4a9zh2zJ7rwQAbFOx9qPXu6MbizCBYddObjdUI7ykVzpQYSngPCfaqvP59PjGJMsNWKrRILUi65pVQWFrhPnZU3niPWyyQezwTK3hk97r6MMBPP9oaYEcQL26vECRdf8z5njv0QTs1HGTcSjEZ5mfMpgGS-V73QWQ--OsgSgRbRA8FDUMJtNdTs5j_Hw6gcViGB7sbix_ZiAASbNePNS8SeAO2VGf2o-WglXj7lsj4OCy_eOp64KiEkm8H67cWgjNqiKPpG1084y0G_sLmJxwdQxvZj3Jjvmop71n6f0_i31ikRm1qzx0W_UfuODs8ZsCJY4XNtyQdVxCRyG_lNzK0R94xv1EDtxOJvHUFHRrCo,בורגרים ראשל״צ מרכז/מזרח,
4104,פיצה פיפל,People pizza,ok,https://res.cloudinary.com/dn7vbd6nn/image/upload/v1783345257/restaurants/google/restaurant_4104_google_800.jpg,restaurants/google/restaurant_4104_google_800,800,534,92384,jpg,1935,places/ChIJmcex72BLHRURcIDgn5UN6NI/photos/AaVGc3mXDPZxtck7QZ6IaLWBHLFZEmO0SiJN6V8rCIPraGSY1zT-fvhn9VSVFkCsBHrKlIVfr7EGW71YTcZfHK_k14iujvVu8S1fY4rZMCUfi2TerwQJBtFVOaoKO9FZZkmcQPu7b2V94bq7VF6k2CDgmVmiC8mW0DpFqm1MjncvDBUOs0E9lY7xO9iq-Q0vJtv6jKSjrCgRdB9jZmR3TlrTlzsOi0Z6NghrMQTqAitbS6Gg75xN-Kzj8OPPcg73Y_JjR4EqM24cbEJd6-jnYOEg1mcLNAR5SLjICKqJ_mdZdaPs4yGUg2MnDiSJBR89FT7vTEv2B-BXz8h3diiuYoGMQtW2MyT-DLpUw-47paLMdyNOUjSWlm0lU2V-GZ4ste5IUmQwArfxC7W0flU516qm5XSVUWw_wxnH-FQU8O7hkFriqQ,People pizza,
4116,מפגש גולן,מפגש גולן,ok,https://res.cloudinary.com/dn7vbd6nn/image/upload/v1783345259/restaurants/google/restaurant_4116_google_800.jpg,restaurants/google/restaurant_4116_google_800,800,450,96954,jpg,1475,places/ChIJVVymGb60AhURGtk_XFBFtIo/photos/AaVGc3kggubGxYzjBQC4o0-75_mznguWn6eChLANMZD8zjqeidUeVJjQrixeu8PsqlZ9hziZaXdJ36_Kdu1jwcV9JzEXW2rzIZzoTz8EbVvogLgvKvzzfGGFKGbBH7B-pUPEntAwqH2dBed8sHMJWQDVSKZfX2TSiG-kjwYLTLq2X0CT5GVuFSplWKKfzMBjy3NuOJUKccIxYG9fD5Zx-bCDAfkL0t1O1fkBEEmONfs26ODGsdJvaV2PuzoP-LvNoqLWLeic5mBiQKM9in0OHsvC27p5LWMC_o6mZbrfSEmiQdmNF0hvzdHPOOgPf0eOxsW2S8AJIGw0bggrjs7p2uYwGKgqLoyduroD-5eH3fxrs3LFpP1_fxx-txOu790a4YcCPuUwInspeDOnsQ6_MluMwxJmRELB8x9E1eb5Mz78xZVnolo,lev pickles,
4117,פיצה כמעט חינם,פיצה כמעט חינם,ok,https://res.cloudinary.com/dn7vbd6nn/image/upload/v1783345261/restaurants/google/restaurant_4117_google_800.jpg,restaurants/google/restaurant_4117_google_800,800,600,130157,jpg,1882,places/ChIJxxtJ7tM2HRURdWSl451rSpI/photos/AaVGc3nU9q_x0w3PD58k_eCh2yl60khJ5UqK_e-75tmUlsOxTH8JFvmZCPKiooMLzZavGTtTmO7s8L65nJUGAUoTcQkrzTZv5_j-IajTuyXWzsInaCrJ8GoWC2rZRyNmjuFbkeWmQF5sCbhIKGyeDn2zVo8P3Ssf1QVTDFbBFZhKo6KyhxDTHuqgGEoFRXPDdC-JDtyoPk8bHUawvevW9fBE2X2qeoH_-YLXcPJ_2dn0ghwYTVRl0Nu7feBDMbmZfiJ9yWQ1z9MmKrEy-VbzXuRJ_ieBrOcF5_9f_p3T2Z8Lkwj7TnBo2WRw-cQ73L8U01CUEaHtHKaXsTtWYOc47wEm6-RlzgVY-CDXYcyoh3laORJqWE1WJDT_qS7BpOhyySo5gB_eC2kK_T8QS7XMD36v85XXak-B7B45jdoiLlnwsVJrWx2l,Netanel Tzvi,
4133,ג'אפן ג'אפן,ג'אפן ג'אפן - סושי בשוהם,ok,https://res.cloudinary.com/dn7vbd6nn/image/upload/v1783345263/restaurants/google/restaurant_4133_google_800.jpg,restaurants/google/restaurant_4133_google_800,800,600,179917,jpg,2589,places/ChIJ-Y5POZw0HRUR7CiXZK_ngHg/photos/AaVGc3ne6KKL3P1gTLkEjJkcGHdbhsrFuF2i23n4muOC1n4MyC0Zh5E-rkWbacNiO_yJJM2yaSuYGsZDPxsEv8xiaqkT4Pnn4FDLMv52S-Me0QQJNI04YYuusWUKJr1OFBDn9NfP9YKUBmRSq_zVPpuQAWRBcJM1pvf95IqmPao1pDBr3TM9qtPpbWVwx8XSvC0GFV0RDWGa97TjoZt22CTVgUqsHgXo6_XecLzVskCpma8ne326oArAwUB4H-CgvFN_l7skp2HL5BCs2bz9y-5AE1aYQvrKujbkXjMFZCHTIYnsX8S72jnU-vLoeJ2Y7QMZQJ7bi62-sAG7_z6Y1lryPCGsMBMCTv48eQdemuKmOd-zmrTYXrV8oTX5Ctt_Y5E6tM32dlSHNesh7Rjhr3LeMIKLkN1hrV63CwrFszLPJ5K1nA,שוהם הוד,
4137,האיש והשניצל,האיש והשניצל,ok,https://res.cloudinary.com/dn7vbd6nn/image/upload/v1783345265/restaurants/google/restaurant_4137_google_800.jpg,restaurants/google/restaurant_4137_google_800,800,450,117446,jpg,4149,places/ChIJA4-nxJpLHRURYeqnqpmdjsc/photos/AaVGc3m1ydbnnxgWLbje_0CiuCaEPVTpnGk01g70B3vfLU9Jx0ArOZdvPIa3e-uhryJmRYPrzHk62ZdhKUNQeJ8zR7NogvPwioFgtY9xkWUWCDafEjlTZGnJn3rHMGT2tHb0ObqXmCp2R98xY19ecnf1t0Yhuw6h-Ty9rzyjChUSKXI0upy5CbxoAIwdDz3HSBUDOBD6bTItila5svJssaEjQzAxUs14HJLU9VElCCoY8UxE8QVDRiU63E4UJ_7YvQv5J3atxQbXbT83_55DSLWEX-W3PCBIAjfIUylUfh_xu9XZlYIvKjHee-wEzh1kVtCNbz3l9-30sYxr-f217qnq1lnOr_Ems1_8dMWKhpCC83L1BjV2-KOjGChxvY4wUCQw-zakwASynng8cIAuFZ0izbBrM8_Oe_gB-b5z1TLD2G7sbSKJ,Omer Zerahia,
4175,אגדתא,Agadata,ok,https://res.cloudinary.com/dn7vbd6nn/image/upload/v1783345270/restaurants/google/restaurant_4175_google_800.jpg,restaurants/google/restaurant_4175_google_800,800,600,172703,jpg,2045,places/ChIJYVknWgNLHRURPk7uk5wx4-o/photos/AaVGc3nUunNszwbLqSHBq7vAUq07Dh-GO9jDyGJjo4WQlVB_4Rx95MAzLZ8WKBsckvFe7LxIvwpen_W58r1GmgsA2WuSJCUKH8mN6Qa1T_2URHgAd4Q-7CBaTJk0bomqMqreyTg9YaOcKa9AfhQPBOjXbYoASbGh85peU3Isfz6U5fGj5pd_zlas3IFWz84AZVCwDc4PFY7nRvvBdQAvRs5-NYJswe1VcE15B4hT2imvnEJZvqQv48ZC-QGKzmSxxuk02OXsW2pBzTebW3-bgTBFC2_I-VMvD_7qA9tmULElQ9fVspTB1ADC2yVM70100bU0RV725qAiGQDgdMWijAj8-zCaL7x89rk2NDvQJ-riuVzvqrzMeNaFWHJcBUDa8XYj2FFpGrm6R8qnRGl3wZCaxMtLMlDc-AzLYRTSXN80h3hbbC5C,Ilan-Tal,
4177,ממבו mambo,Mambo,ok,https://res.cloudinary.com/dn7vbd6nn/image/upload/v1783345271/restaurants/google/restaurant_4177_google_800.jpg,restaurants/google/restaurant_4177_google_800,800,600,150335,jpg,1834,places/ChIJ_bVb3Ke0AhURhanFXauc9ok/photos/AaVGc3msv1TwINlE0_pQNH0zT7vKpRkPNyY3JQY_2KZUUAO89xRmimdjw_0LUtCUzAMxnHw4ejgwJMyc1SLXsPIUOhYjxBFQ_K8aCK8Xywhl1H-Kjwb46eKrs5li1KsftloXJUYCKP5gHbOTOGRfZFkfzDRn5YvwAtwyW3DeRusxJFavzcWgdLio4ihcTjV8k-81ly_sac3hi6VF5JBT6kwaYAFoveXlvvPXzAN1CLz6vwJi26uRE2-udCqlNvOA9MQ_z69Cb3GCQ1M4ny7NjPk1bSjSvriLHawepD_Z6IBNVyhKdOPdEd0m-d_IoNHEOy5iYSjeDJ43aAYzIaF0Bscugfmiay-A5yFOeypTm9bxYwk2QxtohKrdWeg7GTfQ6Px95KOsGMVYxGBpMs69a0OhtcmxRVB4sYb4UtLBAkDmlQfCIEM,Shlomi,
4191,עלינא בפיתה,עלינא ראשון לציון,ok,https://res.cloudinary.com/dn7vbd6nn/image/upload/v1783345274/restaurants/google/restaurant_4191_google_800.jpg,restaurants/google/restaurant_4191_google_800,800,1200,253567,jpg,2115,places/ChIJQTYfy6a1AhURF4Oft_zO5vs/photos/AaVGc3mLWuwF8yY9ccaV8Xi_lnvsG7rAeJ85O2XCP9F75I-REoyHFnfNqW1VRpOVQSj_r74BKfIA6wV10XGdYYNL03IUkFJpxea_3Jp66YBMFjZwCOH1D9w_dzRgJ_b3xd7bDknqAr9xbcd-9x40A3PxKT4FzJc5IigSMdJJuHR6ShET-dxWvHzGqup_Hrkf6fa-VKV1xy-4iNLGGs-TegVHmRjCgKwKwoXYUx2naw90fXVrQOi94iJKUrpVa3kKqPlUHQlSMfdG7IlYY76U9p4p2EjHzVTV4xF47vaee0QmapYGYvEjg94TNdyk3gE7hNgKAqhhqDMfgf_rct1W6FG3KEe3WkHFbageiTjIRExnENlBIDfqHZ40AhBQwfBX7DSi_HyVLCtpI1cJXgdqpG51-IyWHoTYBoTxke0n6mcrm_Wp_LbjWAzOLVJJ2_40X76A,עלינא ראשון לציון,
4194,פיצה הקוסם האיטלקי,פיצה הקוסם האיטלקי פיצריה בבת ים,ok,https://res.cloudinary.com/dn7vbd6nn/image/upload/v1783345275/restaurants/google/restaurant_4194_google_800.jpg,restaurants/google/restaurant_4194_google_800,800,450,104823,jpg,1548,places/ChIJY39rDj2zAhURYNPD6ezHntE/photos/AaVGc3lVgidvhPW1xRM1bLdX-3nTsY89JVJi-hMYi746FS2rcNHup_pNrJWm1UQ_9EuwNJ-KiIybhIoCwidih6wP6HB588ZGyyKTWgDVbFX-7jvujr990Yw7CKEjmcG9kCG8jAydmZSg8mCtifjFckKAdGZtDNw4STWql6F13XAU4Z5CWyBcIiJrjYrDFqf3Us7n_1vd_ADbCWhnTYy2JF72LYIQT6wDDvqDqvorN51zwf8ZMRPeGO4dTIK0O57Z39W5Zy6pPCCWrVIxccRXlmUnFPp4kQdKIsmz64B3XY83yWLReGc012ci6iTiTa-XJPzTCDe55FBy8Xzdwtaeib_dn45v3FeD_TFPy4iLE2GJZtAOJZhuCOOoprs8BTXcrIUYYL9CbK6CpHijsUm-0bxVd8YRJFpIKV-eYgZlE2tM1y7RS-AZ,ROY REMEZ,
4195,הפלנצ'ה,הפלנצ'ה,ok,https://res.cloudinary.com/dn7vbd6nn/image/upload/v1783345277/restaurants/google/restaurant_4195_google_800.jpg,restaurants/google/restaurant_4195_google_800,800,450,99964,jpg,2193,places/ChIJExbdNsdLHRUREe5K4lbubRM/photos/AaVGc3l1yfp5XFWjtLWk52zZsWL-xikfl9tq2Pl_Sd9aJ2ILGX_2_3PdVpbMjdQiG8rtuGlSpvMPzfGOV648XSPSJIK7ejLCoN2AHODGXajUBn3Te-EcZX40mn4NLnKbtMS9ECZ6NsBG7dUtfxORRQchuEhrGOP0UHCLjPPcyoLZf95W3TOP_gB2_gb6bM2emdQvoR9O17oGtPphmGbQI36MOn94rNUnsXfw496BPvxkMPNR3qO0xg4Izo8eQC9f_4eyMkMqU52ZEtqrHKOZG9m3gwsV3vnCxXJwYuueOSiguSEau0IOGCh63YR-19x3f4Xr-9QuB68gPqA7zDE1eRH-HWJ9oK2wFZZOb7JGtrx90pqtGhkN0uqg_MDSl-UZsqAvZ2gAdT_zJRGhEM4SJQet-y-0BfB6dftZ7Ew1HZja6k4,Or Manor (LEOkonami),
4197,שיפודי התקוה,שיפודי התקווה - מתחם מבנה חולון,ok,https://res.cloudinary.com/dn7vbd6nn/image/upload/v1783345279/restaurants/google/restaurant_4197_google_800.jpg,restaurants/google/restaurant_4197_google_800,720,540,44661,jpg,1891,places/ChIJGzJTtcG1AhURrobzP0_rnq4/photos/AaVGc3mgLVPhrPx248O-BlkK2MY4IHrTYxKEn8VzehF6UDenTS3OMNoKXjvEy2ugZOUcsMAOScQwGa0cAZwTuNHUIQ1XLlWaduMqFVmcY_IbIBYl62d1frq5_AbdDYpOIuF9IbfuEtwWeNT3BZTfPm9dteVx1rMPY7llWAEjNWBni2iIlh5lGVyYBA2j3DUl4ystL4hZKW7unLTC64e0HR_rHw430uHgdSlHlGRRTu9L8xUZzrSphIdBD_jH7qQvjOnqMhXROHoaoUXbsR4JMxpFwfKbQhTPj_ys7rvT-b9eIgLXGyyPg4tCHrzsdKE1EpcB-fuLcH8ct0ypH_PTitMFIg_Zllw5Z5caR_uGyRFCqIURV-XcWbZpX1YWidoTgHec12qv04mfGe3IInF4Mlgf4j90jqDOtwhX0n_uSgf5Rzaucw,ירין ציון,
4200,ויקטור טוסט נקניק,ויקטור טוסט נקניק,ok,https://res.cloudinary.com/dn7vbd6nn/image/upload/v1783345281/restaurants/google/restaurant_4200_google_800.jpg,restaurants/google/restaurant_4200_google_800,800,643,166930,jpg,2235,places/ChIJh0_n_DuzAhUR58bMJtSFRI8/photos/AaVGc3lhpSpHQAJF4QGpCfCPOjqdWLOn_lQjj7uQZn9wc3MTsMtVjRyFHEny29dpxs8bF6n5MN_HtEHxlk05M7FuD5QJL-puadFFU0sLICqvtz6v5vn3KmtG24l0aW0RjOJ3t3BMzxDeOCyyN0k1DP-WeuLEDnth5zfRGj-fuzYBZrfVn0v5yctXuBQcL2styCufweFNJQFX-63y3bUY6GXTBdQoFKrUgGPH5YTB2aQGRHkfZR8WccXKgPM94v0yIjM2J2ZBHHTkKMwgCUs7PyKJYZLQtyoiX83W5hObn39tki-nq8HZy5HkeIRUsuv_lF8R3SWH17_Kfv8wOpPBN_8cuBDUXuMjwsoakgK7NunmpAz23Y4-C9faeopS7budx6-tNVDcKEB065DYpN4K45vQDltFBusdvvwXDyfa8UpfLy8QV40bJCaC-dl9OuN6oUYb,ויקטור טוסט נקניק,
4213,קלוד פיש&צ'יפס,פיש אנד ציפס קלוד דגים,ok,https://res.cloudinary.com/dn7vbd6nn/image/upload/v1783345284/restaurants/google/restaurant_4213_google_800.jpg,restaurants/google/restaurant_4213_google_800,800,600,184346,jpg,2446,places/ChIJf96n5w-zAhUR2uV7_t5FT0s/photos/AaVGc3k4V-0MH3QFmFaiAXOpk95SuGvVvMS-WOkgfnhX_oyn1X2sjuoDo17LfDrQODWLl1SdwBCW8MWp48uTy2fjFdshZZQrOqkE0Zwg1TX-umxaRkDbbJsSph0un4IHbKPu9CCKEoLC-oI1Jsw0KXGyQnQ730BQLIJP7_0T0zQbcBSnBgBUcsbsg0tac8vOiMIGKg8jsa8tC-s_SUP4JQn33iUxw7hvpWNicbXfHVHFsXcxFZQBMBHHGzcAMevOMXMeax_Mp9b6bq5fmVFae41c2hZR7-HGh1-HxwuvXscG4UXg4q4mBT1IeJebpUWAzcXuTjqSKPoAo7VSsM68KU7Z6qw0Apu6X9ssG4rMi48Av5R5QVedqh1URgrY0GVWJWhB0fM2wiyKF-rzaZ-aHRwYfnz7zETRkPc82ke9MXJwqvI,shai oren,
4216,קפה אג'נדה,ימממיה (לשעבר: קפה אג'נדה קפה באג'נדה),ok,https://res.cloudinary.com/dn7vbd6nn/image/upload/v1783345286/restaurants/google/restaurant_4216_google_800.jpg,restaurants/google/restaurant_4216_google_800,800,524,151544,jpg,2243,places/ChIJ4ba1QDFKHRURezlkILqeMnk/photos/AaVGc3nZR8OoP0tsMAidqrToR9UhwgdLqZGxdMdZ3qs4QkToScE-AVY9adUqHIobVfojxvvnD2lpSAreuGvGkjJjTyCPqLnBJcP28tHZ_4-AffBX6xeALrOEwJMN4M9ZIdFDHRBTkiS4v64zV-SyZYr4M-eDBFOO8JAvwYXQprYnRdmXhfnbVRv-hijS33B4Qb8IgqrTpBNnYEOlavyXJZ3_BnphAtbXCik3fKn5dOhPfmDTC56AbIVqCbSICZRnKqP4DPSnhQWfspVtdZ1s85o1RhEcjmIE9TxGz_mTQnCM-cozTCeeNfqerFPIv_QzjwQ2jyjv9wSEMcF2F4ALD7PJ-cSMAE6hbKaw3pHVH1TwkH1hT1YPG7rOlvjIeXC4cIQCKn7LzrYxQrgK00gZurfckXMFvUJM0b1bXY_qfGxqJOcTJl0p,זאב פרידלנד,
4217,מקסיקנה,מקסיקנה גריל,ok,https://res.cloudinary.com/dn7vbd6nn/image/upload/v1783345288/restaurants/google/restaurant_4217_google_800.jpg,restaurants/google/restaurant_4217_google_800,800,600,120677,jpg,2191,places/ChIJN077Gn7NAhURZ17x6wkcv0s/photos/AaVGc3n5Jo83RYPfQBK1fB3kv5sAWzjyfRkQBTb9l449kOU91XVEceLbArmDV4pYJa_Wpy_6XHXkqw7B09VT9ndAPg90HR_nLM8yGBwNmlDx6yUuD18ZyzGRzHc23IDb9j4FLvnQev0sI2GDjpZ3r95btB4808itiec2KOepdaawdqQgDyulm3W-HHxoK8qPNnyLhm05Ra1TAlMNZZIT87NjfALJtmwYO5qX0i6beQklb7OUgSQSV_p4Z_M6y0NXNJcvxca_YzDU4uhBfCYsHCfhGATF47jq_11-eHuHalzpSUQSkTJvrnTHq_qGB9yxawkD8_Mc75SOBkIjC9Jq28sWwtb0SwV3xtmOeDvs1VwI889Nh7YqzFJlWG6uiPV17O6Ulpa5Din2zDgdOiIuKX79QDgmlW494vLgipfwql3DHzw4Wg,Eliya Cohen,
4221,METRO BURGER מטרו בורגר,מטרו בורגר,ok,https://res.cloudinary.com/dn7vbd6nn/image/upload/v1783345290/restaurants/google/restaurant_4221_google_800.jpg,restaurants/google/restaurant_4221_google_800,800,450,130546,jpg,1934,places/ChIJZ-p_JepNHRURogLfVg-tNqA/photos/AaVGc3lGjIcobEwkd46IADMssKpIuxTR9Bb5LDDqKFu8ttkVjdrClYIEWBAdWluHfc9EQyRPQJqbO_fljCrTEJX8Odr_1IpoJFlSV8n6Pla1hgZMMqbp5Fq-g_6So80Dtl4TmyjcU50OvMTxldO4eYsmcNh3Nh-06I88IpLhsNic7woSBa46klzEmFiXaAq-TvMkoy6QvSAxXapUeB4zRqyR-Y5MDdpjqAqZOHJWY81qhrB9sgrVepl-hQuufUlaxv2bOgK9k_T897VvJuG0vlRNJTlpdpKu6_j1shB3I9Yb5LQYR3NaOG1Bpg6QlRt3uz0Lf6pzvWLRY8PuqkTTWYBbSv7o5WddVPprf8lX7OLbOOVN034-SaF2J1A7wHZSWpI4ukD_qfHjMCGY719QzX_JI9aKSdsPEQ-GXhjFoO6ikG7A9vF-,Ary Korenvais,
4229,ביס בלחי,"ביס בלח""י",ok,https://res.cloudinary.com/dn7vbd6nn/image/upload/v1783345292/restaurants/google/restaurant_4229_google_800.jpg,restaurants/google/restaurant_4229_google_800,800,600,114028,jpg,1992,places/ChIJfe8hvY9JHRURfs6mQRQ7hCw/photos/AaVGc3lSLwpfEH1uxHAVmOherfjZhrbOt3TwV9rDbGpWzqgoGsG4sq7icmqYcgJMAE6_P8w-HqoXubiuGTq1T0jDebnnAhBuWByWHFoSLJ9wastWQ9NOZ-0ThK-rDudezalPKU0PZaLL3EGFicmnNnLJqC-B6v-6ktr7BnLRf5OARjir-2uAPFQQFHClsz605bHg3vu8aho3C9RgZtMdOKxm1pUR_yn_fOSodWmDW1TY2XE0BRf7Z64aer2RkwGHNMhpaxMt4p4N0APif7h6PxGD7A9qUrJwBZ_n9flD4oKoSOqzf0lS6xIc5hLZMmLPN8jCbouauWzpXRwPokS2i69g33KzBcdjmQna9fVAndUzmTBdqFS4xqVas0KPyGGIp0Vuk3fhhS2-l3X4Ko0-xOr32pEHMN4OVriitRXstksrVnGvnrLG,Sergey Orlov,
4236,שואו ביס,שואו ביס,ok,https://res.cloudinary.com/dn7vbd6nn/image/upload/v1783345295/restaurants/google/restaurant_4236_google_800.jpg,restaurants/google/restaurant_4236_google_800,800,600,132555,jpg,2231,places/ChIJ3VBoMxGzAhUR_wSkbhjGRv4/photos/AaVGc3moCFlC6uDwjaVtnB0YC1KDhpyI_c2RWppyA4RLYg5Ja9KnY5wRMsY-a46N_8OS2ATtWgxA3bLAIspO5w4elHhRTn4bN8xAwdYA10O73FEacRPYcLBHAlFD6lVA9UQK_68hi6V92ZtyMqfzrElsbWh-cIiQkwa-ufGwmDA2dpFl9ZMvIq7SjdhdVpOt4KbA6UKKSCNuLTWuQegBD3zEvBg9WcyjNnorZWdnAwHeGFXE4d8J7qtxgi5KaNXLV8iratt2AZFeQ46_uliwu0DvEWET5B_i0ALwOc3wRDJeRUSIa5zN9ELhkiQos8mtgBiu_9tzYgSfWmR2JI2Bm0aOzMBJRBGGo_Epzotpvpf1kH3HiYRx6_YamGHg4A6o4_2q0M5XozZUa8cnZJmI5L0xwjWbfDb3u6_qM2hYGq-SfcoKUJkK,יואל דהן,
4239,פיצה הולייווד,פיצה הוליווד,ok,https://res.cloudinary.com/dn7vbd6nn/image/upload/v1783345298/restaurants/google/restaurant_4239_google_800.jpg,restaurants/google/restaurant_4239_google_800,800,1600,224827,jpg,3175,places/ChIJWYn7E05KHRUR-9wDZ1iigpE/photos/AaVGc3kP7pxu8sFlFuhl8ghb9oji7IxCXatz1mLrbppjiysDbSd1E4dlwFf3c_bpQ4xqoO3Ct3afIwmX14377Cim02ftyVQvWdZXpbRfGMuiGp8sPXfYsZxMe6DteHUMW9eGcb13xt4DN5Aj-9nMzozY4wK-5L-LH4-tz8-5io9271VGXOzFFtUi61zTEyOtbMKiAlw7Pwjfcxe_KCQM4C1uBdTjNPbdtl3e26H7qCcgpJw42N0uZ_x3hh3EUvK3z4qRCRNBxX0r__UfC0pfPOmsnQUsxEiMDpobYZftqNSQ-GiqalGSePxvR-eGresGN2mCv8FXKzDwDSrYYrHev7CKojNmqY2wPX_BWRCx8gUE-cCd352JidpQyPbBNpTXhI3enYF4Sq6Ck493TRw_iLnwhwsm9f_bRevSNXfh5dwT9GZebkH7,Amnon Hofman,
4255,מסעדת זאב,מסעדת זאב,ok,https://res.cloudinary.com/dn7vbd6nn/image/upload/v1783345300/restaurants/google/restaurant_4255_google_800.jpg,restaurants/google/restaurant_4255_google_800,800,386,120445,jpg,2039,places/ChIJ-5_Ll_tJHRURQcpKs7jbUYY/photos/AaVGc3kWImGzsfOJI5VA0GDU0WGJPsDDIu-743vGlYEb8b-T34LqcqjT0utK_orAhQzJE2e3AmHwTKOm0YgqCLv_8rJYuNoXerkQfOXpV4exbk8sy4XW08LJf2sCTtsDRJcIKLfaAA74ENREGMsN5WTZscIS9oBKqr2O-WjnRIJShajzVmvf3tP3GdPt26SOzpeyaML8WWonte1qgM9NORaL7ARiCRe23G31B6GIUl3hJUof0e9NYMnTNsqne8NSVqicVLZW1Y-oRGLq8c34ALtkBllCt1tUdpY0AvwiFFDGV4dEAkm0uXBoK8uPw-rBsI5as9ZeeQGprmvRW6WpdPhtmypHnXPjt4GxkEwulXzNrI9CtjoyRC9b65HvJUrYQmQPCsXdEv_EUY-Dbg7U1NMXCb0dQgcVxHX5nAPZOBWx8p56nw,מסעדת זאב,
4257,Eva Coffee and Bakery- אווה,Eva Coffee & Bakery,ok,https://res.cloudinary.com/dn7vbd6nn/image/upload/v1783345302/restaurants/google/restaurant_4257_google_800.jpg,restaurants/google/restaurant_4257_google_800,800,1067,249652,jpg,2140,places/ChIJY-K1PbBLHRURu5yTLCM0ybE/photos/AaVGc3molejqUTRh1dWxz7XCSwuaeakn3oBVSOwfogKwZXlKhhj6Y2gvHrBHd3YCTTDGDNIhp5rSu_8ftHAYAGKHrvH1AnE-TGjkhCZGGzjkd5pRLDk-AzxwKCpvBmx3Ps_p8DvcgMb7oW9xkt_uQVC_JgPqb5wIrHv-Yd-WQUIEl2OemxxktFe3cyCpA4n-yvtdHrx6r72v_JiL2UQpXkDW57Z-u8CsyVq7XpcnyNyVMaPMc2bjyQKiSGL2CIL1iUHzFuka95EYUFr0ydze9bY55FXINGaK7Yn0In0VPD6xX1vCNLOYFIpzvZfknnqKt07CPcM0fhZJ3ArtC7gpy8tPfCA5a_sgxQLg5sXqirrp0xXXE5eI77x9yo58tVy0N_j9wD7hE2rYNC5vr7bQBBS2Sp7U4m2Advujulpf3ZCFbbIC8w,Niv Shimoni,
4259,beef,Beef בורגר מודיעין,ok,https://res.cloudinary.com/dn7vbd6nn/image/upload/v1783345305/restaurants/google/restaurant_4259_google_800.jpg,restaurants/google/restaurant_4259_google_800,800,534,102696,jpg,2811,places/ChIJ6RU1fb3NAhURv6Nr8Uj7rkA/photos/AaVGc3mBupCwnedFN-eFtR79HLCS4Wi1Wb1A9Zx8eN_FEV-NpK8oMNZKudAhAZkZhDztqFsU82H_EJZoVx38BXhHgGKGWji3bVX3pn3ojw4fjnUflmYTZi9YKUzku5Yi9LXVyljG8gH5sCn0ZPVmvWYZteNlcAEKs8sqgGJGOFXgCRYmbwwNYQGUYX7nZwbdLDeMELypcRzyxpfcFCPXep7hu7GAc7a8lUsRlRwtE6pURWwZyqZ8iS2ZMbMwn0J8_Pl4oIHSM8FhMr2B3MqAEF8zkeSkVUokoUr511GlFRrchjww1ZGnuzl295zeenScY3KnPGGLBXD4D8h8nguXHt0b_FerRaUDUHOQDDtDmhvr1ovEVner6PBVY3AHNW-7cR5qY9LM8FT_GKR0vco4UF7vZVYWhwbm7cAH9EYMBamYmTVacm0,Beef בורגר מודיעין,
4281,דון איטליאנו,פיצה דון איטליאנו,ok,https://res.cloudinary.com/dn7vbd6nn/image/upload/v1783345306/restaurants/google/restaurant_4281_google_800.jpg,restaurants/google/restaurant_4281_google_800,800,534,73831,jpg,1878,places/ChIJUbMj7myzAhURh_FbLw2xAkw/photos/AaVGc3n1XU-Neo0FH4oxRzrecLwwYBKEBNbps2_4uAp6Q3FV82-a_B0zdrjjqI2iPosARWqggKMw4SqKdDxYN9F4ZwKpod6sA_HmouGFw9pOcJw9t_iOqR5KQwWnEmqfPdn8g11zLCGTZi8Q82dLZgiIKDgJLtzt1meGCkwndSWIwdrmcgnIQj3GP3EYgvr1qxsAdRqbsUI9XhSrVfynjK-GoAmMINwlvdPR1KoT4M26brYmN-zQ2PMOEmQM-mPO6FO_T0KxnGPALQTiCSWyBuCXo5kySOdP4ulekMPZtSABV1e_M1nDIE1dBBcvUpA3Zc7Soe91OmT9Ylhf1hSBp01ZOQytxKlu2Mtkr9ZBZqJxCZzT0z1Bqcvg9MUKaSqo8F9fdTa-9qoIr0WP5w6x7dgDP4iMXfztuLhpXzmbQDHE5Ko,ציון בלחסן,
4328,"ד""ר מיט",Dr. Mitt,ok,https://res.cloudinary.com/dn7vbd6nn/image/upload/v1783345309/restaurants/google/restaurant_4328_google_800.jpg,restaurants/google/restaurant_4328_google_800,800,1422,186327,jpg,1853,places/ChIJrwLX9Qs1HRURzPr43H7lI3w/photos/AaVGc3nBZlJ1FI4lbaWoTuHxLV_UURrL7U_RLJOQR3jluBBmXIcLQoG3jnkpUu0yIT4MaSTVqENsRM2SxRSPtfIXDSowW-3YWlfMesfVQz1yIxRD41eiEQVCrNOEsuQ6b40y2V-o9ZGZd-X7mUPYHFb-OTMd7BpaelZhU17-1qAFFE6HbaScZXIj9hyGqX82AIqdLV7B6YKM5tNqJgA8GkgJoy83f6toAMFlt_wDIWC-Xyora2weC2yKXJW2j4wq0LJSaPKwQVl94x15ch2AiyiHUhE9j9qpY3asT3qsXVMPLMsyrS2XaA8fS7ulGeqfN3pSg0XGi91P-Nn0xtos5Tc_ZeifMK1O9ONnbpDXt5bBfasd8gi1cD6EwKbT8oPr7dauBVtjL-NE_kFSDo3ZOW0VeJhCZDg_dcLq3ProqAREbHoPdeD7,ניתאי לוי,
4329,קפה דגש,Dagesh Café,ok,https://res.cloudinary.com/dn7vbd6nn/image/upload/v1783345310/restaurants/google/restaurant_4329_google_800.jpg,restaurants/google/restaurant_4329_google_800,800,394,124972,jpg,1814,places/ChIJZZXqIFRKHRURMLDsZD1Rdes/photos/AaVGc3mfGfUyb1LMAOp92wwW5GlnR-1Y9N3yIUHreQWOHfV-gGcEXq18XS4nS_vOEXfnjPeAQbmR7pI8e--4imURb3o9TzimpI2hPHBvyaua9vAXQZs-lOxJjlY3wcXjAy2y9al8Xo7M_OmFkbjDptGUH0BKtzbBnfSTAZ0D1d5lZYqXndHuk2OehFzRufQoWn_2kD9e_QEk1ZhKtbEKkGlIF-a3kBhDLcN0Flhp2zxx_36hklk-ctTWqq0sLy9URyviuv0hH9d2uMXwS7XOM6jPyGgeE8opzyTzSmr6OPSB-Xk5DugKKIFIEUx9RXzdk5Nofeb20WQocfzVn0St_0RPKB9R-iHZ2PVMmjFj1Kib78bxYtw4TaGBOJ9OUG1pkjKoza0MpFsoF_vSSXPBNmNykgHL97VGW2Z55MfizxPesQL9hw,Yemen taste,
4346,וול דן,וול דאן,ok,https://res.cloudinary.com/dn7vbd6nn/image/upload/v1783345312/restaurants/google/restaurant_4346_google_800.jpg,restaurants/google/restaurant_4346_google_800,800,600,153438,jpg,1729,places/ChIJOX2KfxW0AhURuVVqUPyfUg8/photos/AaVGc3n4cmGE21kp1txg2cfAqjPpeUGANS-uhpJTqro-IevJuUZzxYUXwPyjYYnpXaGvIkSBm-zNjPNi6-fBmt59rjmXwWElW1NWfjQunLYGj1g89Bc9NMYzqpp4LJp4KffZ_B7YLUGV53kjAjEegM0Zo5ktVBhGVcxvqp5uASTA6Ck2PjBsnXYndFNFC29SolE3xjmYJ8DKnjLL6s4qtAPpfAgY9KdMDTv1-9cL-XK4AZ3xSWH7JH_eeXpFRZK9E1ijlp3sqDYdRXCrOMdwMekrcw-0SDszo6ooHxo3aY7uwt_fb3eD2Bu0JCD-DfM64Wy_UccghN9UEo7sYHuhN0D8Pp0WA4eSFjvWPYbliTyFm9_sphFV09jqmcwNEapnWv1BxrcbEt4Fyt3fhMLK_AJfa1cp0_N6SpQxmCjXCHo4wArRYQ,וול דאן,
4347,Bakery 60,Bakery 60,ok,https://res.cloudinary.com/dn7vbd6nn/image/upload/v1783345314/restaurants/google/restaurant_4347_google_800.jpg,restaurants/google/restaurant_4347_google_800,800,600,115603,jpg,2047,places/ChIJC7_QWJlLHRURD8c5Uy5t7pM/photos/AaVGc3lk1ZckhtHiujAf7LXv5JCaIj54lqdsg5-tXY2jygtA9vwOQz85Ig5mtg6WZ5_zXGKNjN9gvVmxvnqQEwcZrq6AV4VbcDq_e26fyGlXuWmwBQvLYJvyx6OqPPHfyvvOdxZkyAse7UCnq_CyeQftUYtEe1l7FVDuTUIcw8koksKrxJXNS-5PhW0Rbv7k4TAKX4XdI-abqq-sCS_b9EtSgJ1btTRCdb1L_qcUOenm8vyHjFW3yR5SrdTuJKO-vNnvnNQF2o6JZLuM3f_KtQSE9dL2JMsrRGxSLMcgsinLzKdUCuvBNCCZ7qpJ6W8R4PMtgGLl9tgP5oo4JYDPyFqmRWVVgqWv88gyaFMgW09rgegbsR8CiT9Wmg6BeZ94kEyPz4bUu2xIB9lDQvoS7EI90CjEV4bHknvdT6wjRjd1S-nQj4_6,Vefa R,
4352,ספייסי טורטיה בר,ספייסי טורטיה בר,ok,https://res.cloudinary.com/dn7vbd6nn/image/upload/v1783345316/restaurants/google/restaurant_4352_google_800.jpg,restaurants/google/restaurant_4352_google_800,800,598,124846,jpg,2845,places/ChIJg7EZ2Z9LHRURFSX93OvWxRo/photos/AaVGc3mG1aiGe3u3xTwIwlD4Jxstg1Pdj3yFDh1VA-DosdYsTQl3gjZLr8waI4rPPIJv1ZF_wzqRuC6dj7UcVhJpG-NOIIpSg8bAuH4RE4rQd9TrASEq6-HnYfmnM_0k4QCNzwedbrKWRgGa5J4Obj6cbRPlMYWEHRTiCwd0P2FRC25wc7nEJQjdAJKglrK09fbbA26dAtJfNMn46Sy0J-34fbDkcTwr7VSFHIPmZTIPkJ52Ilh_EoZG66uAED1IRh6HNlnSiRBNqcKCr77bmeBp7-HlyLksDyEHHlNGqBJ-3sRU_35kqGZIls_a_noFoWIfl6YfQdHgxk3f-YnjXasrQg-4uS1UJRbu5AeyQvBYYzOh_3820wceO4DJ25yrYN66EQgj5NaJTElvRYXRUuOqp6An5345seE7ldC2tXjdtQ3e0w,Zohar Benlavie,
4371,קפה בירנבאום,Birenbaum Cafe,ok,https://res.cloudinary.com/dn7vbd6nn/image/upload/v1783345319/restaurants/google/restaurant_4371_google_800.jpg,restaurants/google/restaurant_4371_google_800,800,600,203777,jpg,2584,places/ChIJ6YBJEINMHRUR65MgpA3_huI/photos/AaVGc3meoD9MM5B0Pc-JEEmQn9OQ9VKrH9lLbia9x1i0MeK_DiOueRPywXo1B-6E_Wy85h6ZDjLP1PtThA_e2cBULly2ahBxohOdkm8Re0OHBELg595EFGYC0x7cvPuAj2I0fj081ggXNKPcQXmPGtwNMp_e4DC_w8-dI5v5x_5uaEb2vupA_1v-xgGq0c-HdKsFxqLXjBZxvY0i3Nq5RsMohG1vO1_51unLgPCYAIuOIQsBVxSzBOFwiMho-GdaGuxBWwgoie0EKpzKoJT8e1vv0CvLF5SqQrEOzIAaIJkQl7-JSrFORABRN2xY5b8aynp6vUt8Fc03qv6KYkcwP0IfFm5FDTbv2RDMJRCaGGBw92ta7J5d6FrG9OBSUZuW_XIqjErlxzfGCXxiYX4eA9g_eTUB9zvouUbY9XMM4SjGCFm0sUU,Julio ROZENBURG,
4388,שיפודי התקוה,Shipudey Hatikva,ok,https://res.cloudinary.com/dn7vbd6nn/image/upload/v1783345322/restaurants/google/restaurant_4388_google_800.jpg,restaurants/google/restaurant_4388_google_800,800,1067,167358,jpg,2761,places/ChIJDWEo6WtLHRUR2eIBuSfu8Y8/photos/AaVGc3lcPgflwuN9PPu9fskoYETmufTBu0d19gPqC8HmKlLMceD2LW2QgXoHMIcFCEm_vBUdkvQU-pqHC8r6VXI7NECUg1fsFn8M3sAe048NgDgKsgbNdDsKe6od9PGPd-kKlZkUkBImvce8UVoMbhsa2nmtpoaUtd2qIh-3FlBMp4qg0O6nfTW0q1TpYtmlAF8xpdyeg_2a6INW4phETjy94Xp-UWSoFQK7e3GmWP2WrP12ODRk3Fv5VObjXmzJDnieQdpMehi8Zw6WKfGI_jkCm-iGxKvLNgz4uz-BavazJdJkSx7wS3e-6LmwdmcSedK-iyFVqIDY264hLlZyBqTprS17gjGU1RqTA4djgpcGnLEYHYxjsHMIzPM3BrQmD6PdyPDbXxXzH4nrtfxGYfvtRovsnZyHbKoNGYCYl1EkINF6XQ,Daniel Bouzaglo,
4399,פיצהל'ה,פיצלה,ok,https://res.cloudinary.com/dn7vbd6nn/image/upload/v1783345324/restaurants/google/restaurant_4399_google_800.jpg,restaurants/google/restaurant_4399_google_800,800,600,144352,jpg,1889,places/ChIJrSrVmS5KHRURvvuNbHkHwec/photos/AaVGc3mNIT9ml21Udle4e5dpaOncbIKgN-ckvvRCU55TdU1Y0SzKDZS4FIn0tP-H_NXU79TMkhfFK3E6tLoefy65Mz7MVPWpZ3Javr7L1zQ4GmWgkYG2hh00b_9_BYuSSAujvgQHOHMdH3DROASlvPJSDbCPHJHJAURQ1H-WxBk8mj9ycrcfZawAqWPVhBN_U1w4JGGa4D2P_sDSYmHDCSk1H2gdqwbwUDpDkpsuYC-LoGsmPICZFp_R_pzNz8nQajJCEQlMUQraEMdHNgpiV6fLQMUMK5JvjNBnQWro5t1Tqaf-o6nb5pbhukS8l4She4IWG4K89agNvYriUHxJj_CfwzaeRG2VnByjTDcsKvNSrn4hPUeN35kaCkALjmW3d8Vcd1H0D38HKAoYUPj9SQmNG_hkixwEQvG49iHx8zqLEeRI2M03,Yoni Stoffman,
4402,פיאסטה איטליאנו,פיצה פיאסטה איטליאנו,ok,https://res.cloudinary.com/dn7vbd6nn/image/upload/v1783345326/restaurants/google/restaurant_4402_google_800.jpg,restaurants/google/restaurant_4402_google_800,800,600,145909,jpg,1936,places/ChIJ-Spe0Ng1HRURdVfOre8Fa3I/photos/AaVGc3n-iCmU0WSuNlDi0rO0V5r5ewAfZNIG9GWywNbPNu24bvqgOkD0H1wAQp46bkvDqM_OS8sWNYbnrRgfhqpbXeDfWU-mWg00UBUMydrUOwCCC9fSTGv0VVs1yphuMnlKtST2IXS78EDkymEYhETy9lee_YILwBlkVoBEq9l1-xs81wNoDug5PpeioeSAT_1J9WyhrvIHIYCHz6A_c4OG7dm7ez1Kr-z9bYLSpyYyzKJ_eQthvr4rr53cGYSCNvLAv9R0K72VEVoenj9LMPjsvRIr_8RmMipNo50EEh0Qv7lbwJczLGHRSqP8XgFJGRJSCKUmzEE8QSFr32-ng1YJFPo8OLe60r0GqWS2hWLQ76EngsjpvF4UytudC37NXVTVmh3uEtd3mly5yPEoSXiAa-cWl1J2DmVU31reeP1umkU,Michael Barmatz,
4411,שף במושבה,שף במושבה,ok,https://res.cloudinary.com/dn7vbd6nn/image/upload/v1783345328/restaurants/google/restaurant_4411_google_800.jpg,restaurants/google/restaurant_4411_google_800,800,600,102169,jpg,1731,places/ChIJR4WSrc43HRURRKNQ5xPXEis/photos/AaVGc3kepx316NLV-I_7m4MWKTg0n-YS8vqvMv5_ehYV22URBgoeI_GZUgxXTsoxw2ccXnO334zdlnfrwewgPnxebX7pYUJTlf48A8EPex613M7FEemH22iV-V89NtOkr5EmiOW8fES_aqhQdmIGNf89BMfHuRQUTS8-XM-5-P19Y4Vn2NhD0oO0-JrJUw0JCnDxCTl3cDVh13P_hN4QkJe3mpzlk2YrZtH06T_GVVkgLZ3Hq-xxeGguQWY_kHmvbjFvp3zk0tYSNTbrA5MqrME2XioBGwtlN-C4fQc3reSnnrAE_sHvoyHnwRMXG8s7wGaBq2JD4BIq8R7Ie4dC63MCKokOIzP8xHfRyUJDG6guRqdC4Fa-Y5Fn05us-A3aBcDo9hZ_vqDYxcr9P17hELwoAnW3T942WwhUcJ1Q8_q2AAA,עדי עגמי,
4415,קפה קפה,Cafe Cafe givat shmuel,ok,https://res.cloudinary.com/dn7vbd6nn/image/upload/v1783345330/restaurants/google/restaurant_4415_google_800.jpg,restaurants/google/restaurant_4415_google_800,800,450,140215,jpg,1935,places/ChIJ2a3iaw9KHRUR-hfiqjrGugM/photos/AaVGc3nSoFH6QUzXhrcooPas86HgRuLDcgkOwDwQUxJ4XDJFkwV0LPanwUPhd_tGm28qyualslsudFYmI-xzmueLs06Qb8oouh06hK-XdYAR0eVz_muCWfQGEZmkkpSa2Glaq6fKKDWXXXgP_c515bfz1bhS2ti9XZLM51HNLx4UzNJ-VGVM0RFXmqExTlDte81GfTJodLI7RpUGxN430NxdE2MBz4pGtrsSHk2uqArBzDLRA5bLb4fC4n-2_YgGwQwgMCtowSU_G6wHcd4nF5ElpPPdwQ_lP-iy_u4Q0Fo4ZEa-cmeNbtrEzJEwV_lzaw07e_mtesUpDMndckEnCV2KXv5ZliiHsBBd1z6lZHTEMi8Onch8sfB6pUnFkOFQnzpHJW80N0x0WnD8esTwgYnGDlXxWvXoZfrAQeihruHr4B99Vg,קפה קפה גבעת שמואל,
4416,קפה הלל,Cafè Hillel,ok,https://res.cloudinary.com/dn7vbd6nn/image/upload/v1783345332/restaurants/google/restaurant_4416_google_800.jpg,restaurants/google/restaurant_4416_google_800,800,380,123361,jpg,1696,places/ChIJc03QW3I2HRUR32X9v86Wfmc/photos/AaVGc3nWQg_ymgcckDHjL03mWs3KYyH8kLIVHFGetBk52mBWVNqVJeS0m4nQPiaf_WsnFN2gd_EJDsOazB73jNV8fDw5hl2JGafJUFLnCEqSwW_K592GLltDDFgXRBXm7vsIS61ArEuBL4C3LxxwUb0Bm4Jie73ptxjpxjfbP1sH5L1J-UTvlpkEAV7HKeG0x15ysUjv-Xs_7yiwpzLs3NIpVQK5BTyVuH69C3WidxygENT87l-iPkpsAUskKxoKdoJeG0Fr8JFg2Fy0B8dCSKDOgSYIbT7iP5y_YvWop7FihhJRp-IWr3zd0oOeqkyrLoPVhaAz-A_gFZWp8xT7uizi-C65GRh8fLL9sHpXzIhhcOnxH0OIYprkq8nOvXZVhddJ_ybJJe-haBGrG7LXFEyZwQcTjp70Vl_b_QCK2jTapxXgwk4,Naftali Friedman,
4418,מן בורגר,Man Burger,ok,https://res.cloudinary.com/dn7vbd6nn/image/upload/v1783345334/restaurants/google/restaurant_4418_google_800.jpg,restaurants/google/restaurant_4418_google_800,800,1200,278240,jpg,2469,places/ChIJ6xRImEhKHRURUavtPuguDKM/photos/AaVGc3lkn_71plmuuyR3ieUIFFJI0s1SkltSAa6TddgbIqCQsyDFjQoiVk5J769QdJdS_Q-6T3QTSfuRzkVfFYnTvC3v-ONJUyp9PASA41cVv5bSTavHAl5eSI3T3BIcpkx6d0kyQZBnG-RPMR2FTOvvGXqOsBqvfwQbSYNzzZ8tYceucirC0A3aHXpeqKkn2h28IOhJy5Td6HaopcT2aempGkIHwqe2K8iWqBQELxL65TtcvEc8S8juKEPdUgvl9OkG1jo07RLZuP0aPR3l06HVAvO9AST60jajJArCV4XD2PjqTHfU-SCILQfhThHXRBBZ5A8BVRfgjM1yCdzvNKrefmC-w2UQhMm61JTZ7ZuSbbcZ8h7YVROVUogw1zNsvhibWL3NLlgTAI9sDushovfMK36weLagU6quo-6ib0QnOYc,Randy “Topsy Turvy” Del mundo,
4422,ביג ברגרס,Big Burgers,ok,https://res.cloudinary.com/dn7vbd6nn/image/upload/v1783345336/restaurants/google/restaurant_4422_google_800.jpg,restaurants/google/restaurant_4422_google_800,800,450,97956,jpg,1637,places/ChIJcx4CvS5KHRURjHDKssT8PJk/photos/AaVGc3kbXAvn9oYI6ps6z_3FaOd98cXuKcsezHcbZ92joTdKRV-85SKOBEPqEqM3mM-kBTwkbwl72bjB1rDOlPKgiKBAmoNP8XJYZHk5-HlhTq6swPGzTYmPZ2bKkirHQ1ReinANsRS3PTf38L8hQotkFtzHN2RVEEkbC9o7CwS49CdfZSrlOgrCSdexnEuB4vgmxoUYiBYjTkrZIb5uU2UU6gkQfpnw91RxHYvSoBLbUspEd4GgOzTM-KQyQduLdF60pup1p8tim4sWcG_iUfOPzxMuuo7-BVOatJ8y85-l7TBQmCemMNkv05zVo8LnBSuSy4GVc_kV821_rJDM_wVXRZ_eXx4ziuIJd0Ij_yuvqxho8-b7HZowAfuQQ7MusIPrNThFwc05-_7edb-OINvwX0HtYX4poN0X-WJNSs-7gr0CBA,kobi marder,
4425,הפינה ה14,הפינה 14,ok,https://res.cloudinary.com/dn7vbd6nn/image/upload/v1783345337/restaurants/google/restaurant_4425_google_800.jpg,restaurants/google/restaurant_4425_google_800,800,600,116610,jpg,1628,places/ChIJ5x6EorhJHRUR32ASk_8N37A/photos/AaVGc3kxHop87az0n57_wiVqXRXBEHmMqDpslnQ4pju6xFO5uQR2R4jUO3C6lLAj89hzp0toV1SiqcdkPbC30cTcI4wWw7ciFs8QlBAlnu4r3NVh7n8WNyLW3Y3gYqj__XNa3cTO_2_c-7RqDKXKQSnlod9PqsnK5pzomEHoamo7uUIlxQnkIT_1QEIXkOmVviTRoFnfb0OMBnByZKhQcpgX0-W33qnXhLFxZKoTjREugZtEUGhaPEai1epVCm0TVVdos4jfEPitYRVS_mlVS3_lrrm6FhPl1CTYYzdLdKkwV7grMTjb69xG5t_NhrStfera1QcCyCRW6XlmYcBqG0crmJkMloza_wl2UwrJypIwT3esqZrN1HUXZUAsaTO_Vt42x_1Dj8vEEJwbI6Xd1WEWASJCKx2g1GYbCD5q_s2kv3SGLQ,May Tzror,
4441,אצל בוכמן,Buchman's Pizza Modi'in,ok,https://res.cloudinary.com/dn7vbd6nn/image/upload/v1783345339/restaurants/google/restaurant_4441_google_800.jpg,restaurants/google/restaurant_4441_google_800,800,600,159052,jpg,1729,places/ChIJlXV-Hd_NAhURPRzcTlziU38/photos/AaVGc3lq2snkoYLzt2zOYXiqL3Gb4Us6e6qwO_GN61Ey6iyGLbPydyDr4eeovnobZwa6X5DZ7xNzRdcX_dTMswz-yBf_HcfwlCARGeTM5_agRgJlPqKlnC-mGgMf2Ql1CZu7QHSTfQwBreCGOqIP22cHVKg4yDWNjIsPiRjegQnq-m7X0RLD_IKS2AyWU02nCFXUhXY5wmakFrF6JXGkgyp3eJA1J2SEW4XJSv8wMZcUYGAUDJbEbJf6ULK4CRD0XvPGu_Tr5wH4xosW4w2x-gUGBKwIJiZ6i-5P9uF0EDXT0KDULtgSEsIG47FQwS9Z2VuQmmjFYB5wDZ17M7nkwFPbXw2I7i7Yk2qqDEHAlchq2kIfZznRsRfuRk2gHwNtRu5vZZlJVrVX9Tob-ofveFs7ggC-tWKY9qn4K4l0-55aqRVezmY,בוכמנ׳ס פיצה מודיעין Buchman’s pizza modiin,
4444,סביח מלכה,סביח מלכה - Sabich Malka,ok,https://res.cloudinary.com/dn7vbd6nn/image/upload/v1783345341/restaurants/google/restaurant_4444_google_800.jpg,restaurants/google/restaurant_4444_google_800,800,600,106105,jpg,1934,places/ChIJAQONbrBLHRURrpnig4D6Epo/photos/AaVGc3nXubIQZjphGSWl2S0RRypDtqORghupV_RxFT1nJehaC5yreokjKwvRGjj0axgttYrlkFzDQSmlsCmk2sgjY-UeuiZzgpVy_iP2KPqtMxNQw5WPQrvhJawfgtmlTAfJgOXuwQ05P0l-1JcF1oJxvIMLE5ZQdRZZSHI27EI92duV0pvmyJ5Or0wJPUTlJ-P4JuzosCFDsVzLS-O56clKcXYfQwpgTa7DjWB6qYuWf4I6msDu04QS7GNTzFeF2UmL_V5zwWzZBURS4i5cK5CZs7MZt6xA4AGHaYwlLu5t4g_H6MwknbOy_KZ1PO2L42k9w8wFnrFUADCqT2HC01E6Ij6MyYN2pd4dTqj6qicCpZwVmWAlXH-im0vWZdrp_Qx2-KlIshDrFwiRXd0eNDzVc9DAx1Do5ygsMLqDuez8vyla2CZ1,Eyal Sagi,
4449,חומוס יוסף,Houmous Yosef Holon,ok,https://res.cloudinary.com/dn7vbd6nn/image/upload/v1783345343/restaurants/google/restaurant_4449_google_800.jpg,restaurants/google/restaurant_4449_google_800,800,1067,220919,jpg,1934,places/ChIJ46cQcDO1AhURXOb92uhhtiI/photos/AaVGc3nuYUPtpS8m-KXMYf8mphTlehZyWW_SGmlY3YJePV50xYdTalEW4Bs3gXHG-u9f_8VA2CWX-TbMS5a9zB_MIR3-hNIjbxB-DTs-ZWDUlqkaXrl8EUu1YEV61ZEoQK-SvR4v3GcC06ur0YYgoTUiDjFuSNMuuQhSHUsP6sp0DsDlYiK4dgnkkZtGuJvjXg5zP-vykRY-9i8BhZDL6JbBVqOsCgRCcqTzOUZCWzUI0_IPLUrr4yhCQcjCNBSaDzGRu5dqDiRjc1KtGGhEmQM7vG_jOU3J-UscwWSKSg2xwJGGnCqB0SJLOk-7y2yqY-CJveIyX0X6-FuRybvIiUT4d5biovfnGiZb3TomkSh4TenQfXGMSbFr5oLS2IZGiWboQR8SgQWmrfmvqIPVLLqrigaOVpI91_-Csg4MiJJAP6jBTh9v,חומוס יוסף חולון,
4465,שיפודי ציפורה רמת החייל,שיפודי ציפורה רמת החייל כשר,ok,https://res.cloudinary.com/dn7vbd6nn/image/upload/v1783345344/restaurants/google/restaurant_4465_google_800.jpg,restaurants/google/restaurant_4465_google_800,800,534,114970,jpg,1709,places/ChIJp4t9ruJJHRURSkrBA3wbBUg/photos/AaVGc3lDgAuRljCxIgi5HyEPJCA9miqU-kwhk-ITbXRy8hk8G_9-HfxS2nQ6fKT1gBfb5Qv5nQNcGahybLHcjqqQjox-fH-H3zLFJrf_o31au28NuKgPYKeOPhsiTh1KWRMtjUy4jbvfTC9sO1bG_J4xoR_UpQSEfC1nKGvKEkNwE49zFhO2OPshVZCTPJ7bJo97e_8Ij7pgmtdnp-l9nqEV4bZbyO73uRTelcXpy3reZjd6GLGtNbkaGhzfqKwnSZdGLV-i1JfuHaL7kXP-47X3P1fZFYB0sU0qzhkmLoNptxZs88KQ3m8SRbqjGLvftt_Do65ui5cHfAvoTzgqdJXXEQIttcqbXL_wmVSPlccgcL0LeVTz7fBBNChi8mnPtOiPmTm45FOPYCx6mJeB_eGGnYJKgiwfmxce4QPF7Iib-k2lqB4a,שיפודי ציפורה רמת החייל כשר,
4469,פיצה שמש,Pizza Shemesh givat shmuel,ok,https://res.cloudinary.com/dn7vbd6nn/image/upload/v1783345347/restaurants/google/restaurant_4469_google_800.jpg,restaurants/google/restaurant_4469_google_800,800,450,121027,jpg,2056,places/ChIJuZzjf2tKHRURPNb23qAh8MQ/photos/AaVGc3lGKOkGFw5jDB70uSKl5eCD8M3d5YF9rQQIthcZtmt6nj61wNpQifgAtZKeu1qImhmonE28c8GdI3ysv7GdMm7h3S8wUlXa55FxfrCG0gaWhRIFIm2hE3PTJ0qs-U6-FFZmQmgXd6mL9YTiMb8z_JYgpVMgaOrqu_XHhTgBkawQTzx60tFr8bAE8eEvIm7yniLqbT3dNdA-COX3QNrYQXAN4abSBwEnYE6jpPw6WCNTKVqUFrNXm_UB8pwKHpLBdYbjVO5O_1ScpeI9W15rmefsn3H_dvY_Yz4n4fjPd28dgiauP0sn_bIAv3YcklXhxfdvD5FbrYUR536c2UTiuHBbhW1SgkR1Ca-oOtlbAqz3MF5JQxyKuIY5Zf_Ry5wGh6NDgr22zwfKGI_TTVSPLzHlD4TY1eDlWR3cxZWq5Jxb_dhg,Ariel Benesh,
4473,שווארמיט -שווארMEAT,shawarmeat,ok,https://res.cloudinary.com/dn7vbd6nn/image/upload/v1783345349/restaurants/google/restaurant_4473_google_800.jpg,restaurants/google/restaurant_4473_google_800,800,450,125992,jpg,2036,places/ChIJJwdNe9sxHRURtl_SB7xH83E/photos/AaVGc3mmisMl3a0A366AHeA09-WHv5DRjVE2XLwDHFWWM6fd8RlahsYVrDqihG_tAYI-v54-xLn6MDtKjyeiLTfWNkbByMRKrNVB17ZAtdLtSIQuw7BAnRJgA9NeNSsEJnJZ82jJq0ncj1a1E-d1sKZ1NAyVpjSHu9Y0CqtJl7vfoPFjH1lihpHfdWHklrZ7JXNeMRSj2lqgVFIec4RMoRxtpdDnK4Yfxs-C5INk7iOIQ_wz7m0I0x3snRuSURbaWuOEerac3y5P51wl3UYtAbpjGsAhdc70PKK3_EwuhFlk_FHogmR687RRvEU9SOMTJTBmKoivBP5ZdhNm_kj1Ft9bwbn9l-g6-iJ4sbLAJcIT94x89wCTxDg8Zl7vhkM9lN2Vg9xSS7RP3cyVjOFlFfIko9NbXMx8pBvSmq-n4pXt9hnHQA,The Visitor,
4482,המאפיה של הרמן,המאפיה של הרמן,ok,https://res.cloudinary.com/dn7vbd6nn/image/upload/v1783345351/restaurants/google/restaurant_4482_google_800.jpg,restaurants/google/restaurant_4482_google_800,800,378,118500,jpg,1839,places/ChIJTSSDpfi0AhURCHwJLdJeaeM/photos/AaVGc3nhaIh1QqY3Zqpb2LdrQgvUxPiTBGd6H7PJ1dapFkFBHsSTUqjCohv6BQxD0S9-DQaV5RMSqI6xiNP3OcXwyZwFrYSS7L6mIhfHqMh_Ni8G72K2osBkwc0afVMpnV5i280EGvUJ94hlO4k5uwzVCGcUtJpXHeTOOF7pnNOjAdeFIezDp-cVuoCaXRxK1CU93aocK_veLhcKSIg_F8XetBdC9qqNcWjVQ8Ihd8w_GLzkWcD5kBfUBdjKk80fYR-2iL6qwJq13QiV-tX0FRPTv9vdneBjVLE2S9M-rq8uMBxjoXVyyIUBIMzCqY_-h6wv1_uj7gSmN9dLjlUGgmkVi1EKz1HU15onshcdKQ4pZnPf6G8Ff4B-gnaPwJLRTLV0R1YPSi3uzcbHQBxxLGQIJYVcWHxpnaGVJKalp3kWvcerUsgv,Leon Lalaev,
4521,פטאיה,פטאיה,ok,https://res.cloudinary.com/dn7vbd6nn/image/upload/v1783345353/restaurants/google/restaurant_4521_google_800.jpg,restaurants/google/restaurant_4521_google_800,800,1067,203612,jpg,2143,places/ChIJ61BzW_JLHRUR-LD1RlOnZnY/photos/AaVGc3nrn4LhByRl6Jd0lyN7MXh8QIhdbii8X9QKi9xs-kUFiCdZn3Ici7Ghng4rpL3kgZI-9aK9PP1PN_Eh1-TgfUAQ_l7NpCBBhTQEojVkLVUbU3cOTtJg8aNKOArWwSD7SuLHB0uK2MRAEP_VJhGuhi7CQ-4vetODj_S5MtAuZ2f319XHMMwvf-A5_Ay_lc4IBNFs_XGPEpMxEzdg6V8qescYWk6Ck0YmZ-_1iOwaJY5pKHutxQMAqGLmbMXv8Uou-unY0etyOP7Ih1QFeVwJ3jyD3fQSyBHcxkYp5sYnphU-9SiTSr0hq2ZnO-TTTpnnAJqsCPrkP4Xik79M7EyeyP0ofyPWosS6dOpW3eiLPbTn6NNADfSqxbey0CPyr4gSLOfeHow4zUns-Jasyh2Dzztd2i3Ej6fVfQ08KaW6iZnwAQ,אביב צברי,
4526,מקסיקנה מרקדו שוק צפון,Mexicana,ok,https://res.cloudinary.com/dn7vbd6nn/image/upload/v1783345355/restaurants/google/restaurant_4526_google_800.jpg,restaurants/google/restaurant_4526_google_800,800,623,240574,jpg,1931,places/ChIJQYNwWJRJHRURm-Fl8_3Barc/photos/AaVGc3mcvgE2jJsks4GFG2XiBj3dXj1EIyC7ZpiPbrbFgeEccjFJ85smMsbnPwiOcsuc76fDej7AAU9P6Z16gtXwd9_4CyK-VyYBP6sHdLcMyikmp12aWwqiPuQl0sU0WiNyQNyKOmztcivI4BB_NjPU6-ryjo-mN11oaaaIdQBybbdvjExy392027YPQXtORFg-XjYuO607hw4t-UNW03AruHIx6Qjv8XRt7_sq1MaCwmWlAzlpVY7k7Hk_uwnBgQ5aKcL0nTsUV6ncDU9cTkoEcRKfPOsRzB0tZg-XktTZ54XivrEeF-D0-A666G5uEzF2GAzN5Rg_j3OIzYbsYnYP6ZJTwnBnPNi_R57BjWDntZOQXDYcXofYn7o5XHo3Q07vtXAhfvsjjsCpALuDANvtVBgRPZL85FkNg5cA5RN8OUDpYlzc,Mexicana Ramat hachayal - מקסיקנה רמת החייל,
4530,טוסביס בית נחמיה,טוסביס בית נחמיה,ok,https://res.cloudinary.com/dn7vbd6nn/image/upload/v1783345356/restaurants/google/restaurant_4530_google_800.jpg,restaurants/google/restaurant_4530_google_800,800,450,77415,jpg,1523,places/ChIJp_fPhsMzHRURP6nx8VHLPSo/photos/AaVGc3lFODM9qY2khy2t_4Q6OZbSUIjqGvbA5SXmWdYJaZu1IEZ1naTs7y20fT3ItYPkruTOipmd-22jUqVVGIXSusm03CveRpIM_qSZLkKmUlozkGw8YqXgABGJ2-NZJRMkhDzKsBWc-8m59fQkO0IBUQppvVzupDlIj3xevLhvHZwy7iQnlqakqTh-_dmSMnH0RxbAGazEa6y8tWvse5r38TWA9MxJoQlsbdeTM05UjQYFHOl-hdcZVDa1znuT07GX2G-k8Zk6vHJnJ_E1FfxoxmBgb3kADHexrsbqoE0RfXZmAz2QDCXXHsgsETEm5Ap_DmkGuEdv0w_lwI90ID0_UxK6vrKrX_5nghfQaiZ9ZsEnUnBtHN56SVumL6zrFDyRJ8QapOg97RC_bdyYZx_07n0-j3-n2SrnAGPuiffD7hp5-4Uo,"‫שף צחי שמוחה ""‪chef T‬‏"" chef Tzadok S. Smouha‬‎",
4536,בר 99,BAR 99 - בר 99,ok,https://res.cloudinary.com/dn7vbd6nn/image/upload/v1783345358/restaurants/google/restaurant_4536_google_800.jpg,restaurants/google/restaurant_4536_google_800,800,450,98844,jpg,1935,places/ChIJ70YMVhZLHRURYLC8OnSniAk/photos/AaVGc3lNovl5_-RHcdqQzQpdoi1-GihLCtfQZ6lBAIPCNFSkDplVENzun9tR9gpPw_y7yux164Sja7atPeBP_7GTvtCLcPQZx7FmxIhd1j7YtbZRrakoFQGhFLDMm-Ul4lMa4rbYXqggm2AmpCrjQluQBx8OulIk-yRmrT5xcGfBJxV7LWwkmFCsUYumSE0bAWjfhg0KEfrXYdwsxefxRqB6Vrk2UyrPwkola9q76ho22frGDQei29IN9oSniPCzFxH1_Eze1ti1dNqhCgdUUtdz9BKNTjWVfdef9RzuUH6RROmu222iJ7BdrO71OtQnTLkXVnxHfEQqC2pMhdmd230ftQN3AJ8ysFejxEjy5WkrGpBwEJwiuPlmep91Se5Xkn01rOLp3qOKAV_crzQie_J_CI3qN7P0qIX_nl2HrsH_VhFUDw,BAR 99 - בר 99,
4537,חומוס פוליטי,חומוס פוליטי,ok,https://res.cloudinary.com/dn7vbd6nn/image/upload/v1783345360/restaurants/google/restaurant_4537_google_800.jpg,restaurants/google/restaurant_4537_google_800,800,360,56711,jpg,1632,places/ChIJr2wWHyNLHRUR9e_Pt-PqjGE/photos/AaVGc3mX3hIEiYbSTQCvP8V_ZE63RX9sTbDIEF8io9O0ILur-96UmwqZj4gNXJCeklQGSYgSTz2mV68eoSwmQuPFKdF2Bl_a_Og0C5uhq3qDELAlaYEMVHVHgsiCUUCUnebSsROfgDJnRa4RCGqqieDgQY6z2_usn4yuvXNPXBIZtq9m68jBgSMSa_CuRI_lgVcyMelPhy9eT2oGHoInZpSLS3XT8O5jGvpojiVnihc8DVtukTkCv42UZPBCnoeO6GksqyfgpGFeWMlkj4AAXI7fodR-lephsbwUTBmei1uFa6N4XlnzvEnvx1FEXMhUlnr9R7ZK2agMlN9fGQzU-0tCaaKAuAnI2oiONdwYxY-MPL2AnZi-qH3bADDlw2MH_D0qBkd9RfbZBd12M4aAJyvV-26zvp9LSDt9drTaO7QTK_7ZnPsR,Starman,
4557,"תרל""ח","תרל""ח בר ישראלי כשר",ok,https://res.cloudinary.com/dn7vbd6nn/image/upload/v1783345362/restaurants/google/restaurant_4557_google_800.jpg,restaurants/google/restaurant_4557_google_800,800,450,108043,jpg,1932,places/ChIJ1Qje4f5JHRURMJW1FwSobXM/photos/AaVGc3nIg1-lj9yAjZUv9dmkkrJvNonAu2yAd5e9vNs9IQPQhchB0x6iH85Ea_ebCu9H2YD0J8VEhRVqfZq2xnvKB-x47ahlK_XUurCjo_KNUqhNn6pr7rX72d0GLRYPjA7UqrWRGq4gEhEJabUrBWAgd1yEpL-vB3PWmyt34_V-6kYZaHwEywws-NGFz7PvO0OzGzSIQWsfLjP6W85cFyt6hQ6Q89rl8ML1qlXkWSEv19kMeb0dlPIhfLT6r78l9r5N2jPZBZzqkIE7DTXiDU95ft7V5rOdoYsPQ8O2VuKmTg-zJCtXD2g5DCRb5QBLOM898HzmA-rY_rQhuurUQJrs6MGu8ZR7iU3iK7kHU72hMkj0OkZtI0w3Ra92FdFL5fyM6-Ly69wChQhnnofZ1z2MaHdc9XtZIufemdvzHz6HxQAUgcCV,מאיר חכמון,
4567,מוצרלה,מוצרלה,ok,https://res.cloudinary.com/dn7vbd6nn/image/upload/v1783345364/restaurants/google/restaurant_4567_google_800.jpg,restaurants/google/restaurant_4567_google_800,800,1422,204261,jpg,2255,places/ChIJtxjkhOxLHRURmLFuA29JFZY/photos/AaVGc3nCe0gMz0O6vI9l1Obl9HoFCYRGLOJImRzMUj8Q3lKOFHZvRD7WPxcg0vlkQmCBlF4EVigsFidrDzVVd6khEBO7O9riBOkyM0Nyv9CtSh-AhkONPu5y4EeXmkEqQI2FQAQA3XzfSg85ju9c99J85s5eAh1ATgoG6hX9NM0nVvkWgOz4vfwdJKbVDc3VWmItNQdDst8Au3uj_DTDupZs7JyYkSx9rXDurS-Kh2iBFM5O-NNP6huAFzPG1A8MD6HAdsBGOMgaaf1THMCGni2-s7w2P3Fm8XrAyMzUnz2vvbKTj-lM61v-PTrDgrXL9-FT3xAk69z6bnxbEz_2bRBREhqMxn2edaHG11c0NO9gl0Wprcf2F3LaIW9Dqorzx3PmdG6jqnD5z4334tA5IiZnxDeHzUMu8GiaieTOYtCj4dgdAw,אופיר דודגר,
4571,זותא פיצה-Zota Pizza,Zota Pizza 🍕,ok,https://res.cloudinary.com/dn7vbd6nn/image/upload/v1783345366/restaurants/google/restaurant_4571_google_800.jpg,restaurants/google/restaurant_4571_google_800,800,600,176468,jpg,2025,places/ChIJaYgM4llLHRURcsPuIwwjiyI/photos/AaVGc3mc__ExA-cTdSssH0mVAo6j8SSmN4KebyeM7ERtA318VopC1ojjliP8ljCQjE2oYuzxmN4c5_bPDbtU3Oa6B0CBJ2rWzIrY1OslhybYEz6NdhQb-xO6cxxAGOk1nT6NV7vT2mYYF17vaZuq0gyrOevSwBykKq7iEnRRykOhdmP9pmlvN1d5l9ArMnToEjuMok_UmOBpFJCB8sO2rYstexHcUf6XCFpW-DqzwyaTducSollu3qGkX_DHVGlqzDeenKJPSyM3sNUvxTbwq4SdT8wrM5KgAnKUGwfbkULDpQymUSekp_HnVQjw9RfL0JOY5mqxYv-jf52uAuZVfJNGJEpIVKg27ukuop9E3rjhXBYIZMvkGKtBVFz3EIZgJSvCt3udkUbWJnc0j5p5_0433E5TR-d1khyvOZSTlxiZwtI,Liran Doron,
4573,לילי 24,Lili 24,ok,https://res.cloudinary.com/dn7vbd6nn/image/upload/v1783345368/restaurants/google/restaurant_4573_google_800.jpg,restaurants/google/restaurant_4573_google_800,800,600,154155,jpg,1907,places/ChIJeVn1X5xMHRURSF_zdaTYOCQ/photos/AaVGc3lWOCyRZ2oF6_jk07RXvVErKzijpMfw0hl_Ga5egJYcRURQSC9eGdI7eyRJZAx0EPK-fdRCWSjqlr8DCMvsWDdAJ6ej_K-qfCmHucfFGvJdZKImBLtbTSeL-aXOp0zQqfkDkJVk69oA2LZNNIXcxn1lx9tWvWBuAZ7Yz57MCpY3gChNG9Km4nZE4lia0dAFPjhhC9UpzaUXaAc9ZDpxulNXSbqgFoBfmflaT2NjWQkXUdL1KRgkb_VJw31ho-SXkifjttkiMAHFOXPLltBDYOBINPB3dO3K6ZRJVIwkMb7t4idhJmBZNwBg8xRWkIHywwW8zLyKKlVkOX-df2wqFYQNx_juw-dQwmBuW9_eo9XDvlqTquo6HW6SSG3xB60h3qFDYuL0H8c_IiIa2j56fK11l7QuGZsnEgDpsQRQX9hX_IC3,Michael Pol,
4577,נושה בייקרי,Nusha Bakery,ok,https://res.cloudinary.com/dn7vbd6nn/image/upload/v1783345370/restaurants/google/restaurant_4577_google_800.jpg,restaurants/google/restaurant_4577_google_800,800,601,212516,jpg,2167,places/ChIJh0x3UB42HRURUkARhZA7wd4/photos/AaVGc3lfO0hQL_pE5zpCmPtQcH_WGq5W5Aws5hH7PzOJthLL-xI2sItG72jdkmTjw1gPisxo8irGPDTYTR3K32UENmNE4kLfUW_bSqa7SuVow0DyjpJTAEFJAdnHTb98Qgcxrm-WilwdXrjqFsx6VcqQaHxjQWFObQIU4pdCXKhU8kpPfTScxFeaDGDjdan36hN0DVqF2zcebQ2El2Cgw7xGSWA8d_c79rvoLnCrivYXkvGhZ7cY2XH1eKNbCp6G0hIDsLk2p1k4ThLoSht7QG0cXsCUCl6OXUOSO1bP4kdld5LwIjbKjue0YW_zO-j1QLr2Fm5cfNdSVwAh_J4mjrrskuQsE7LbR7GzOgmW6QBAdcxJofDGRsBuxBH3heO-PQrUu9zKwXdY8DD3tkWkJQHN3LHJQYcCiX1ZcXaGK-B-HnU4Vw,Moran Ankory,
4583,אדרבא,Adraba,ok,https://res.cloudinary.com/dn7vbd6nn/image/upload/v1783345372/restaurants/google/restaurant_4583_google_800.jpg,restaurants/google/restaurant_4583_google_800,800,600,142977,jpg,1834,places/ChIJTffNKnxMHRURrBmRIdAW1fA/photos/AaVGc3nkStLAITB29eM8UOeL3oLuIJOFAiAJw2GDFZj0bdR060jzGdNWHM77Znh33OrF2kKxMx-YBd5wYnhGcO99d-Me2GutiYvUBaZbUVrnWwIWtB5ET5Qo-r5GS8qn4FWxP9-uYveU7QZ6Qg7zJ1XFHl93vI1h_uX8F0413IcV2UzxEfQMvHppiafNT6fqlO43pTLMS3sOcQXVdDCd99Ll41yotYp_yxhYiCR0abXXKXgfXUBCF5iIXUvv6lknqmQcjfl7R8_9RorMs-cKXv7XXXae1cLuZ5tL_HCMe9keY9tSJQXZBPeDum5v3Yaal5R8zAkxcSTDUoeDocxCFipoELYYkzUfGed8sZqb3FBvgAaPlW7BqaCjrIrCmfYXsKuIsRZ80omGGgGjjlFxwTCPKkfQ5_5U79FYqt9Rk1B3fsw,PINI TSIONI,
4586,מפגש גרונר,Mifgash Gruner Ramat Gan,ok,https://res.cloudinary.com/dn7vbd6nn/image/upload/v1783345374/restaurants/google/restaurant_4586_google_800.jpg,restaurants/google/restaurant_4586_google_800,800,600,151310,jpg,1938,places/ChIJDydqUS1KHRURBcm8O7CjkKw/photos/AaVGc3kmqCAW5sT0smU_Zx3ieFxP9g99DigUOARBfHvSaN0QSRKWLyXybL3zQSgw7pEhyJR36uEU0F6-RuwPk2E_MWl6UjlTeQv6h9LhkkJvz-GIkCMTepLYGPNPuJj4G8X01QWGc0Jf7qbkXI4EMA57FYUZR172EfaNKbPsFLBzgKq1T2PbLEho6yTldn-wciqXAks_Troc1NY1LWmoFsHdAWTLmbjnsHm3f_SajsxjmLV-aNHmdPUobiymhCWTeRIIP0yCuaL6_aoYN0crDIJulqtzeogFgpHqc4krwLOz9TDE7ktsqTR8xvvVdn2Quyex34FzFyA2EH5aDerLoMmgadhkRYHjNUPLOjCzZ0YroGuL-9dgdEFdCCM9egOi76BjBhY3aJaSlJI-DDLPbXGtHaqr-Yfe6i5r2etYxafGZn-dlB1H,Ilan Laloum,
4592,הפיצרייה,הפיצריה,ok,https://res.cloudinary.com/dn7vbd6nn/image/upload/v1783345376/restaurants/google/restaurant_4592_google_800.jpg,restaurants/google/restaurant_4592_google_800,800,450,106156,jpg,1692,places/ChIJy9vLp_9JHRURpwxEa7zblyg/photos/AaVGc3mUoyRSSHeIwVPIa5UuYh2zeHfiQzk1Y2DPc4oUCa1XwUDCrjdYWfHxgJnz7L3AB2BohBOHBJXqrJEef2AzOmwwKc_EHTMNOyyInklBzjUbyr-bd7u6DQknupWC8G1fHXcpq2kgCPUnHZbMG7buU1ZHK-B9nmQXCOuU3PVagH8RYzEu-pKFZBAP1kfYC5lwZmtmtPBXoZ0VXgJe9lnCMXHgrMvRRodY_EsJvUXQVqQpwx1a51IdFUeGgoeGQnXaKHk2teEYWVtIhR41sooTnNJducGAdYWOGYii4SAMH2xgD8nWRk3h30ZYa7TkI6peXfzEHe2GXN7SmJ9xn5xXXVV-ehboryNmpDvLVuDjgFK415DflYaYgdb_pb6njF5UAWlBwUCGLkyiJM8UbRgDCiUAMLRfoHngAGzAHPw9mqI,הפיצריה,
4593,צמרת הלאפה,צמרת הלאפה,ok,https://res.cloudinary.com/dn7vbd6nn/image/upload/v1783345377/restaurants/google/restaurant_4593_google_800.jpg,restaurants/google/restaurant_4593_google_800,800,600,107593,jpg,1643,places/ChIJnS1ZWFvKAhURZ8raunF3FGA/photos/AaVGc3kkUzfi4NE4j2EH3tM8oPhGYBDQCAixEKimT984OCwMLTyyInv4neWKISctCs8L5Dvy59Vjgxd8pdsFtWp_PaGTKSOr556T1R0-Q0FTZmv_E7Mw0izl13u4jiMjQf1Pf3lKVbW5x04cmYZN9k_GQINMhM9035q0qgFbkh2x1ej5nP0fSL2X_7tYGi7fRxH53NJ-f6-vcwdYMCX9zhpJFGnyFQD0a4UevqwlUNwIW2pSDgpLrIzsT0fR3wbUNEVaYsA4w_t3nzn82XYP3Bnkv4TeAoQ0aIcM8wpqCP1pK2ZfHraGrFmeJhlt1GEkInt801UTBjlCVR9m2UzrJUCn_oBCY-gFBmrfLGZxtSYF34uTKgm-FVvHQbJnraeQSePfDdCQAyg8Rzeznc9bxxNX0VU580ou5i5u4ownvBarg5YBcA,צמרת הלאפה,
4594,קראנץ',קראנץ',ok,https://res.cloudinary.com/dn7vbd6nn/image/upload/v1783345379/restaurants/google/restaurant_4594_google_800.jpg,restaurants/google/restaurant_4594_google_800,800,600,173957,jpg,1870,places/ChIJ5RoqxDm0AhURMMr6nzBMApU/photos/AaVGc3n7WRfj7qwrVktFECD1c3zSKMCMfH8Yx_1LNubvm_rE83RY9yM_eBcuSxE5p6zGOrwgvg64GGP2W0ki6eXMdONj464akRZWWtaArSEq9D3WXV7TdAEyiINBpfdDuAubTKR5RlaDgRcgywfSo1hJ9ftziqTDxxpVgnRpQOEwA5Vu6xpdLc8ZW11VQV9xLuAn5WEm_4EO79q_SSjtvrIQyVJNYOOqEu3JGcELvcvoeBSQEmQ6cHyugH6Mekbw81qH5XVSdHVSfu6FgmDKH4sOTH0kGAy_3GJli0vghc-lLOZiF3_GCG7pUXNP8aV8SGIRxkY6iGl1N9lKppN0Xo7OGnB8lhR1MHu3ZSdnSq-f-ya2WlFMxPW4dodc5kz12cqmOIOB30ciFhZo4sDl8Ym93jJc4DUPpr2iTMGwVcL3HNw,Tzoori Tamam,
4600,גולדות,גולדות ביאליק רמת גן,ok,https://res.cloudinary.com/dn7vbd6nn/image/upload/v1783345381/restaurants/google/restaurant_4600_google_800.jpg,restaurants/google/restaurant_4600_google_800,800,600,133820,jpg,2162,places/ChIJQ0M-38tLHRUR3mBIK7U3ez4/photos/AaVGc3lK8awHkthcFgJj5fnFjbBvXYLncj0u5l6VkqP_6yeSkYxKiFjAmWWQbAwlMN3Jd-dKc5otItZErpYENKyt3Pg14Qg2jXH-9Rmkt16x7QCY_31Bskh4-NF7Qjq61Di5M5_AfrM6eujl_-c-p8h00-Y8nFrHKxyMdro6w1_Crrto04OfdEwuufMjn9E9UvT-7l5ibEYugCx0Swl6KzWyfcbb3X6FBuPDtVf_Qc733zsFOFVEERr9JQIL9i3vDihyohfUcywfSSpim1nGbPls9yyYcCCyth_PIi2rbwvFir80MfoYsQCXjROOHTCkXYYAS0fyCZnIC2mLZUJlqDMs-7BFa0rFHwB1AiGQnKQvuKdH5PnMvKRTL0cQluOYpzhSkvmvgCnqbK7oO5PyEiELFIdHtbrXDiRN9fFM8EiPb-_gfiI,Or Zinger,
4602,פיצה פון,פיצה פון,ok,https://res.cloudinary.com/dn7vbd6nn/image/upload/v1783345383/restaurants/google/restaurant_4602_google_800.jpg,restaurants/google/restaurant_4602_google_800,800,1422,99797,jpg,1611,places/ChIJ9ceXwD9LHRUR5WYzfo4iNpc/photos/AaVGc3kDZNlslc0J2etwFUJ-m4_hi-KVz4Bv8KesR1FauudL4Btzzk1tpLfk5n0K0QL_Ez7SwIwjAZT5yfbvgv55y5A-okZdmddH8e4AbBLMM8S_d62Gy638YstrQP-3fAIQn-r4TS-0Z-w6iIRalLRtTlvcKcbeTX6qfy4KiMXuGcdiayzdmuxWxrYjCXwFiUHKWrL8HadbjTRl7E_i7qpzdPF3DlXNPV4nOJCzse86RT_wJu9v8H2_xFMU6y4-3dAbTL0S17DfeXWqpWIbEhAspFFeqM-NvWb1U3w1NC3mzKfyrS_3kp4Bj5miVBfsuiypjgBU6r8JRJ4kFCn76do83tVvcA6SJbb-P235p-iZ8cb5uuszdao-eMql3gtpoKPBuszVWi5Z3U6JEvwS0KPTOD8dNeAg_l5UOxNiobKo5X1O9w,דודולו קליין,
4605,בראשית,קליית בראשית בסר פתח תקווה,ok,https://res.cloudinary.com/dn7vbd6nn/image/upload/v1783345385/restaurants/google/restaurant_4605_google_800.jpg,restaurants/google/restaurant_4605_google_800,800,1067,131825,jpg,2035,places/ChIJdS3RU1A2HRURsIgO5SH0Q3A/photos/AaVGc3mqo-wuw_wYr6UExKnVdUV2qr2LKlcMNgLpj1f2AGRfUHpGHW7cNtErkFloFDXqV8HBo8ySVwp2PqAG4Ke9qS3Eq4YPTY3bZfyX4po1cEQWryZv7qZBTEG1OYRdxDeUZTNul4KWcTA6IRVBHkZPdmerQvotMyLx0DbnZhdS1PjuBj1myq3xPRTWQ2jHHeLKQ22cgrGp9ISw0hAyWcB94zJxThxM37lz35b6E1U1aFrNQdGc5zaX5D_08bcm_ruLyvftsaaCFk7C6VW3eJxM8QHhmon6b_aip145XwCaEB5yrJkGQlENa3E6VeL4IWltbmL_eMU7V_x_EGhzeCAp86EJpYe0jB_Ln2voBYzssD2n2l5YM0SQCAhP3yviT-IqcqyjtrTqoQ6Q9s6Ydu0-_1rtsEjZIZ673WVHp39KVA1KKg,קליית בראשית בסר פתח תקווה,
4606,שלייקס אוכל יהודי,שלייקס אוכל יהודי,ok,https://res.cloudinary.com/dn7vbd6nn/image/upload/v1783345387/restaurants/google/restaurant_4606_google_800.jpg,restaurants/google/restaurant_4606_google_800,800,450,151069,jpg,2140,places/ChIJH3hy7YhJHRURxMGquayd1N4/photos/AaVGc3ngmRtXubjGIePjmQjMP4nHYEIsDMCaJggExiQbgZTDz3jsPnf4GA22D3_25NJEa3auz_zvs7G0NaH9RLaJ0kxnSVCw3gFOkeQktrB25d6MjvQFvEVEQP_aCe_4hU4YbkaSLovhuYzW4Nn24v3CfBaBZeOUeWkbpyJynN1uLVbOJqwkR0WcoNY5c5LuPUZtk5sgrb4SX3EIAaTR7iupVABhu1KpKR4Mp6nWqkAl_-rmUkLW5-0KC989vHHjs6SOnHuLekdp2FTVp0EJhT3dvC3YDxOYFoukBB7v-UvHozg8blFoULOqqFEOCIsRYHKix5AFI91wCWWetQtP7Vl42-hBTap8Rl1jxTDCd5oVxNdnUEq6oWkNX9nTkicPk4nkRrwZgucMEx1Vmk8Afc2qftceBCNlhoXLPmT1rlWiBOh9mg,שלייקס אוכל יהודי,
4615,חומוס נרי,Hummus Neri,ok,https://res.cloudinary.com/dn7vbd6nn/image/upload/v1783345389/restaurants/google/restaurant_4615_google_800.jpg,restaurants/google/restaurant_4615_google_800,800,450,119060,jpg,1830,places/ChIJpVIjz5NJHRUR6pUdrVlGDOc/photos/AaVGc3lVbTAUGlzjFi6mm6JvdAWcv6lLcRthh0hj3NtX9-VmG3ctPcQYhzEj9mYJFDLfXQEaXPxfDP3ryFFbSqnN8W5yimnaHQHBtPG5UGs7r4HjoM6CzOFxG9CFdb5xLzYzVFyraF0d5xm1_-gZ11vwErGJX0o_M-tVFZQTeqecy48cFkFKX0DYEglWPQM80VFArRovdg9QOomvm1ucMBjQhkyLssmWHI-ETFuwd8UzMbXjLwre6GeB_zv2Xn-VoaVZ0SAROgYyHiXHkbcO6a5zBs0Fn12xmY_IKp67YDKHMZ8Ee7w3x9MyZAxT3haMLRsVmi4IjRfz9lymrMjqImmynafnU-z2uBb8PPTfPnPTe9rcUfMZrxTVLHHY863jp2MWubPFhZVDlYJwP5pB4v4rQOOec8UR_2PnQU2eIg0OTBg_tdAh,Nadav Harpazi,
4633,להבות,Lehavot Restaurant,ok,https://res.cloudinary.com/dn7vbd6nn/image/upload/v1783345391/restaurants/google/restaurant_4633_google_800.jpg,restaurants/google/restaurant_4633_google_800,800,378,97276,jpg,1790,places/ChIJrfkxuYOzAhURiZRL6nVEpH4/photos/AaVGc3ndO7qP2gxeEyW7zqlCFjIdn-I12psEK-xBWgT9ZxaodO6GnMkvQlSh42HpEFQPrLNSRWbEvxjAh2mUSxPUJi9xJVmAZZOjECgUA50ZtKVa4m6ysgMSCUpP0CXDxSI2JPHCfptVQFLbWsZbBY3ITWjdm-VDHSDh1lEE9FR0VFDl3gAAnIVF7cucHkVm4V35y0RQpXtdGO2ZvjbK4r4A02DFOjck6dGuc38l-xwJ4lRqj9s4tn59fm5ozzsq3G_EyB1F-PdOEAYugmzIuVrTwTcSPImtJqnbw6Nq-aorQ451SsQqfXG078XAl5Tgg5nwi1GWLZaUx0V3pQgzJiozHl8RGNtgDXCddtXAMG7Wwd84sEkWKX2k6XLanbjxIplEcFSEQjNZt9H_UNK6BLrrOUiGc-bFF_3QjbsWRXuk6RFG4w,מסעדת להבות - גריל ישראלי,
4642,פורטונה,פורטונה,ok,https://res.cloudinary.com/dn7vbd6nn/image/upload/v1783345393/restaurants/google/restaurant_4642_google_800.jpg,restaurants/google/restaurant_4642_google_800,800,450,104077,jpg,1884,places/ChIJq8rQsv5JHRURF2L3w3w-8s4/photos/AaVGc3m_QQ3DLht7N1nL1bdKJrWuu28YFkJoAQt6rpJEEkBUY3crtKvpdJ_N-iTp91bqputd92QInp6i0U42MRW4QGHw_tWYNxw8FKmtbtOWIl1lqAk90mb35Vgk8d9JSHOeg04Ka3_1u3Cq_h53FDVE26NAiJc9--KwAjxD4OhORWNLBmBozl-jGO3p5Urvjuag4y2Z-S6N0LctSN79cjwTlI1Aq6HvGscWvU_ikxJh1m_Ma6WsRCRa0FhdRXXEyK4VEp37ISVwbAi8vhjg9gdFCm-ucK6IeOeWQvyl6n-CnkySBFfnlvDlIMrTuW9ViSfVKfffNWG6-SMUvWuneLch29B4MxklyEBabfJm55scF6U_KWuO9NMdYBdiy-mHBSb332cXcQpFN0dMdrdcgSrvtkNknwHnxQ9cLTpYo4noI10,Alex Liberman,
4662,"ד""ר חכים","ד""ר חכים",ok,https://res.cloudinary.com/dn7vbd6nn/image/upload/v1783345395/restaurants/google/restaurant_4662_google_800.jpg,restaurants/google/restaurant_4662_google_800,800,1067,206482,jpg,2032,places/ChIJi__3KHtLHRURqQobwPUjI_0/photos/AaVGc3lrq78WdZTtZ2r6QO3oQPGovDtJDd8SSYRZ8OaAVsvofPl0iLe9PRAT8dT96RvG6iQtb5uMVzBPKvS5xa1Ecn5Yy7ynTQUIUM5S1Iz04TPT85dnuYVBKgKqhA5X7OBBNeSoBnuTlV4Jev9LBLWOTFYSFXacRVYR1ePkhO9h39ijsBufiyeeW5vIbDp5PvyhTSIQ66vpaObtYh2UQ-NdRrsjVKENUBUee_SwSUiQ3ndsjXj4LWEkyo4ToWpBZMcsZ3zTQlmu9kf7Fd4KTxAfO5QQaQTru5zQokug8MhhuVFztP1J6y8Pb3HgV8gYzKK4HFKIW1Xql2L8EFmvab-uu-7vdh4zmOVAWj7EA1VO7WWBz-VaGtHFlGxLJZRxhoDF4gy2mTYy7u2EDyyRmTHRZgpW_oetA7_6ZT82vCKV91BKCQ,Eran Bodokh,
4665,נינה סושי,נינה סושי,ok,https://res.cloudinary.com/dn7vbd6nn/image/upload/v1783345396/restaurants/google/restaurant_4665_google_800.jpg,restaurants/google/restaurant_4665_google_800,768,1024,122283,jpg,1688,places/ChIJec6LLW9NHRURmYlUffrMgnU/photos/AaVGc3nSC3cjeqBigyohfzL0Bq1iBGUA5aBNwYUJFjurgDSnYPfT66H2fiSCWFVjrNHb-VbOIYp6RzW4iXgLiHzEvtCE76CrBRJvejhxKlJLho5nYfnaycTnwBM6SvOMIvR18dsWAmljDOaQH3Lm0ck2xza5TmKTM20nDCfOqc_VddwQGCZHnk4-GqAoB5K0ihJwVFLqE4QhYZoziZYVHdaxFqfKGTFUtwGQcBw6FVenmFT3Ro9FYLVDgpt23DBOAYdDfcl_KtO32K3eWzAup0lFJSMC82ErSzBt8vltF8GSq7K897otQhIg9VAnJ4J6Yr0Yw9DK6I6n5MBM6hN4Pku5PUOzE09cWgL9bzH8i7ExzteaEv3wjuthAtjS7dxJObUnxrHZGGNar4ORpnqQzO7CJrUbidue7NtGJj7xDLT-0Kc,Nina Sushi Tel Aviv,
4683,פיצה שמש,פיצה שמש,ok,https://res.cloudinary.com/dn7vbd6nn/image/upload/v1783345399/restaurants/google/restaurant_4683_google_800.jpg,restaurants/google/restaurant_4683_google_800,800,450,149124,jpg,2026,places/ChIJdWwjA6NKHRUR4h71SVqLCpY/photos/AaVGc3myztiAa4e8WXuUfVIbhmP1mdi5epHWsgvw9sg4aUUBLPzrUbTcQTiFnBjrXImOccW0a9rM8r8WTrDzMDPwmScasexY2-ygq7wAyskePQtifeSH8pXgFnAG7yguIoL5rTkAPQTGOE86Ttae4lS5eS1UM1hB6ukviogBRXQT43xADwFCuv-Sx7CyxzNT5rcacN2jyxZlE8edUon_MMIBWmTqhJbB6y0eiiu97CgDzotzQPJ1asWhfqvyLxCRIwir9-pRI7ov9S16XU_SiYFlcIsRhJeaprU8nwQXUCCQQ6UJFKjMysqEy7yX2bVKdP7AeE8Q3_79V_lGjyM3Jqo4v2d_MEOf6o_0rK79cI5u3SuhNXG1TE8DszTih_HIZyISE64xmbs3CcbB6u5Hgt4i06qzCq1xm0VMU572A4IbZXunD_5P,yariv danziger,
4684,עראיס,עראיס מחנה יהודה,ok,https://res.cloudinary.com/dn7vbd6nn/image/upload/v1783345401/restaurants/google/restaurant_4684_google_800.jpg,restaurants/google/restaurant_4684_google_800,800,600,155085,jpg,1993,places/ChIJwcB5BftNHRURU-njaixX250/photos/AaVGc3monLnnsVumk4k6tp4G1S384mX1uMcwXSE2ulX3wrlA_n6jFuAPVBNrzgxOy3nGac-IbE2jrZeRU1zTHvZsoMqltrCjNFUx-hm4C3dQtPcaedtoQ2D0QI9kWnDkdFfbyvwlPR3RScF5RvL8sKobxeV-Jqrh78Ki6IwuZkX-_JnV6U_Vneg45nLaSFjZ6_SlKxECkNWZrXnaoyAjJbv6k6XaoiZH_WOzO-om08D1_bwwB8jkdMcEerkPk1orMPCjQFqfI-Omks83PAAJX7mB6cDANNt9CGg40Dk6HNQl95PwGomjkk6nN25DikdlXYRPvRYVqLJ5DysojwmVxIDtY5c39lj-Hl7ElyE7CQ_o9N7dXRU0sBvNtobppAXpbI-OFwl7SZDYRQc4KjNGLVAiTrR-tiWOGksQ6WBp2Hia5jvBzbw,אור ירושלמי,
4689,HaBasta,HaBasta,ok,https://res.cloudinary.com/dn7vbd6nn/image/upload/v1783345402/restaurants/google/restaurant_4689_google_800.jpg,restaurants/google/restaurant_4689_google_800,800,600,148702,jpg,1841,places/ChIJ1YYt7YNMHRURP03UUCeI3Do/photos/AaVGc3mps9yd5JUK93ThlelekIyTEVq2fUMYL1tsn2KCBgrk5y_ILiBRxT-JKlWBivO0hdMcchDh_a6ZPTHp7E7T5d5ATeOVL9yaSYAIST0dUAp7FIh1MQb4K0uEe7zFw20PvzVd48SrrK58nAeTNxbMrxXTyQszMwmTIZl2V-sKxc5bU0BUlG64p-kHEH3jDUMNzY4Y-8f1eRQoZ3hrwfVeaNjUMBzly1iJuad6LLe6YmuUc4vSAANFQp2OXnLq7RavUd78Urv5jvi-xNugm7sUzbAYQyQpmoxQxhN0-EYyEH1PX1ipif74LPXK5U8sqNehCNSlsCPlZx_AMJqvoR2ddUv9MDH1WJ1K80iIrVIxzVIEKP6K7lAcCNn4Xo5yt7pCSc0Wymp45ulJsVYYtnyT-fPbSsDj2Hk8NMVE8YrsoiEgC6Ak,ilan rehan,
4737,מלכת הממולאים עין נקובא,מלכת הממולאים,ok,https://res.cloudinary.com/dn7vbd6nn/image/upload/v1783345404/restaurants/google/restaurant_4737_google_800.jpg,restaurants/google/restaurant_4737_google_800,800,600,186687,jpg,2037,places/ChIJA5X5x3fRAhURBrkQy1SNI9E/photos/AaVGc3nL8ytIJDKTGm3P8F5EqjJcrcGKG2J1mj9ztrNYK0Uuwa8BXuiv-f3uCUGU1d7Fp3bvztMFVLcyq6-9lB8w0p-BkisinzHN2To8diepYF5_m6G482F5LKXvWNdHvJXxIUN8Y8tS7tCeK1ucFJ1QFh7mEratRdpvq4AeGz-ZKrNd-bd_OwLIvNxwZ0QPAMBC9AAqMAWEEBbd3QAQOz6mgulqqZOwKn1U8QZv9UvTy2pzt2pr-P3W-YofR2QNztlTQckfUlQWWYf2cc6lSydDtiB1YXjYbrIaBm0_m0H5Hp6tE8T2iw73uUs-ENv4mE1Vg2A-ZFJ69xZ43SElSYnN3oV2FtG2-L0IPmy9A1wpkpjbYaolcXBMERFlzwB-ZWAiRfWP1Z0ylLLDP8Ug8ukyOFPCYWyWTfmsTgSb97lloBo-iZae,Ahmad Ahmad,
4757,סושי קבב,סושי קבב,ok,https://res.cloudinary.com/dn7vbd6nn/image/upload/v1783345406/restaurants/google/restaurant_4757_google_800.jpg,restaurants/google/restaurant_4757_google_800,800,450,133620,jpg,2241,places/ChIJ1UFZXCjWAhUR11NnviOtMig/photos/AaVGc3lhyqqcir36jNBWzw4jF98SkFHjsHObrLBjbr53LppMaFjmDaibJSkUQMkBFUUTbXPVovdXIjp4DBUQV7dl9dsE_l96JXY2DdE1XNznbzT448Kq2wevSr-xPFpLg-lHdlV7CiDxTkePj9klz0wv1tivpDz0UN0Cm4o02cIp9VUR_jv9AdyhPeB7z5Jd9gkMFWSyU1Qu_6buPxZYnFvxmcVwYGRLqnoR__diiAJ9NJpi6NCKOrGSp77I8UywYzfWr8xM5j9ENm_Fw_lOKr2LnqzNtW775wTbJbLmrAWVs8mgmoeGQV3cCEDhMfl-7jEfrzp2yfS593DDbYI6TTZZR5-9ZnJihIVJQQPklv-d4ieHuTmu2DMfbraSpGMMLTbyShOQsacnilLrrKr5AkPwzsThV8f1YVMhoh97rxdg6EQ,Yaacov Wilk,
4777,קייטרינג מזל,PARADISE קייטרינג ירושלים,ok,https://res.cloudinary.com/dn7vbd6nn/image/upload/v1783345409/restaurants/google/restaurant_4777_google_800.jpg,restaurants/google/restaurant_4777_google_800,800,1067,279658,jpg,2346,places/ChIJRxNPjlCahEcR-t28jG7d5hs/photos/AaVGc3nC0QhtqqdGviE6RTRkajbLnWJF_aHksOKwTWx0Ntrh0ZFFkaRKRE-srCJ_3PLGNqmRHU9wXDvBkCBj3zh2AGVdylpdnW2pMvA3Gs3qWSvvoSWmE-KxhlgXNlYz5725r-diLV4fjT7d0rRIfP4UnHvO8ISoZUt1d9GIrlLdRuNXojp647BAWlgWBY6DPlUJuHOSbytb-2iyRzIgkOzlw9brZaCLmUOzQlYhyCpkfFU7YrVv6eCqMvggoMSgv6GttyKQ65YudEayJm6Jayz40zFAnjl4QTIInsB3LPLW0An3dF4pvpb4u_xpcaHl-qPha3Gcw6iFt6Ki49LfBiiDVN7T-bnEQw6PNmwuPqQRO6F_hRsWaCLy6PH2Vcq1pDVs0-2Xa4yoK7w5jmyBUY7nAE93FpDtjTdTEPFdoFsbHkpfN1fhPIUrY_p5WgmOCQ,PARADISE קייטרינג ירושלים,
4779,שלומי חי,Shlomi Hai Restaurant,ok,https://res.cloudinary.com/dn7vbd6nn/image/upload/v1783345410/restaurants/google/restaurant_4779_google_800.jpg,restaurants/google/restaurant_4779_google_800,800,451,86117,jpg,1622,places/ChIJaSXlD97XAhURl5gsLtRvZEI/photos/AaVGc3lKFMnIlWRDUhLV_HZfaVbRKw3PaJJG826dQhM2bDHHYuMvGuzvsxpIMza6ee4tMUWcflVkOCj_AOEe8P4G59L7WCTUeFyDytDG-U2fD99vStfC2qsUKQrNZhjPK3XjM5rqWMkC1jSFqB4imQNKh1mUqgQi3OsLGBk6rSciAwBGRAUFZa7IMoQnuQ3cwbXPCcqFjuhKveN-LqlkAmfPOp6Q7Q4kGd-30VIQ5N9eiFZWcYcEMBlZkKLHJBMrZjIzD2FMJqoMxI6RHeU-c1JW4SxS1limHdC2zbmE1rvKgwvlIZIg_9AeuD1Ft2y6ub6PC52rGrxTN_3yAfWn532wI_ZYLy8cIvPErOjQBcyajY_O-1YJ-RkGx763DQ4NlcS1aRNfIRdyY8liXBo57mbOPRahcjt9yRVJmq7WHKR8djE,מסעדת שלומי חי,
4781,בנדורה,Barood בארוד,ok,https://res.cloudinary.com/dn7vbd6nn/image/upload/v1783345413/restaurants/google/restaurant_4781_google_800.jpg,restaurants/google/restaurant_4781_google_800,800,600,251540,jpg,2041,places/ChIJP9tZ0dApAxURuTmCkFqd6DU/photos/AaVGc3meQDB1tcuWJh4Ag5r3PhX69_557biq7-4ZsSx9LNbTmmEgIevgLEfgaqDJKDvZYVg9PGPf-q6HUABpVQA5bSOelWtJdtdmTnXOrHB3hOkPjDufDvtwyRftjOYdfRGfbf55K7BUfheI9N1NoyFRpm0Sq3dlQXyN_rYHAXlSQYuimn0_zhz0aPlTwpXYl4G-83-ioBjAh3gu0ORinXVA81zDPXrNL4cHq-irY_prwmpN9QaLuRUK8iWrHCNoSBKehTZraWwGgC_4aT_6beQnMPvAH6Kms9EovEOUFfJ7Y3kT69OcYr800eqFjHkzC0m6QI735oqYjOld6WDrVLlsv8G2dceXWGgsFQdPc39UuJaky2TuGIHCB3HnjmJWmDbKTdXuek_UDiDfMXgN5COyHVHGONoMPsIayzv5PBtEkZsgxw,Lilian wong,
4803,בבא ג'ון,באבא ג'ון,ok,https://res.cloudinary.com/dn7vbd6nn/image/upload/v1783345414/restaurants/google/restaurant_4803_google_800.jpg,restaurants/google/restaurant_4803_google_800,800,600,58858,jpg,1527,places/ChIJO__Z2drXAhURoBsEjbyk5u0/photos/AaVGc3mTsz82gKHQA7QURoJDsrtiAMDwOL-ERTUteNCtYIUdsYktYY9ivTCol3SmnvC2Mq6-TInCAludqx7x3YvRQX-od7P202TBcmsIv88P5bJKvcOnxFs6xnukI9hoR47YEc1kVDUAOUmcdllSjkNPm2Mh9f1RR8OpYgK2jP35WKdooXJsKEtNLqlhEDYrhgA-QtoQEKZ_9BdqEmh_Ez9HoxpHrXeZhKK489NlkhIkOTuiwyPkvw_xurZDDypNFZBTSYzFr0GvoLV3QFsddP3Tt5PI5j2_h2L9DX5b_7rEtit22oWsiiDt6wArFybNxEmaThKxsFH3fPxrhOh7vx0078leCza5H3TGQmTAi6rHicj1dbzlAA9MfL_ih6QqLDmNnjoyHZOoVoTGrqTjlxRbzmoi0Khn9L_FP6fUD3aivyvHth8,yakov Pego,
4815,שרגא קפה,Shraga Cafe,ok,https://res.cloudinary.com/dn7vbd6nn/image/upload/v1783345416/restaurants/google/restaurant_4815_google_800.jpg,restaurants/google/restaurant_4815_google_800,800,600,138195,jpg,1933,places/ChIJhxp3ddEpAxUR7YVOmPhMHbU/photos/AaVGc3kINUug3iLpzufO5umXevzNc9ddjyZPEPNDeo_6lYmruvhnwhV8DeguTM5lTGZZO7zzJn-UvKjv_uyYqlPHSMFynZuSeqyHVmtLyMGzTQzeNVFOvoT9xLkSmaozxn7wjOWo5f1hQ-WYjbgeRNPAESVlX1dUoSTm1oDJBXM5X8AQon5z6JRn8JmcjIrMvFHmyd4XxKRHouY3QCTn6vtbMkjx9znkTt2LVWjeiIwGFe6r0-AUTixQcLj2vC01eVdEBrIXzrwRuNIxdabxk3JDUeDG7OpVq7om-NxChpTFio_NIfuMhksQGNYGMaEyXk5b2Ltpm3culFzZ4MH1XththC_e0oDzxY6rZ4Cm9chbw873YabAdKReZKPj6IVHeVQKe7xgh7yE5mvHyO-fCxaTPBNPs2Mte8KiTD7iiogesG4,Gilad Gal,
4817,הצריף,הצריף בית מאיר,ok,https://res.cloudinary.com/dn7vbd6nn/image/upload/v1783345418/restaurants/google/restaurant_4817_google_800.jpg,restaurants/google/restaurant_4817_google_800,800,450,103410,jpg,1728,places/ChIJbdxVBP_PAhUR3rZR9jdOxeI/photos/AaVGc3kkiGvL0leiVeaZEW5gPDoCH6RzEYEQeKlawQ73Ry2y6dFozN_K7QrE-Wa1AEMU4LrIUTEuB_osNdl_8LDnfxUgo4Z0MicLjnWBlNPQmZkxHK-t7KyA7AZIuejMeK1yAdfyqvNLkJaOs0A8xaqiTew2Qz538I4oqVwiYoWmnGwUMYhuHdCulUAB09eMuPg4svvb3pfzsJ6lbasnFVC4ppPVxc6aybzVy6dyS7G-r-5CmRoksnQ5NMYkuu433o42L45uB-jsnpinA5tpAeMmiy08hrvHrxzNhRPYEcbCix_Cx22uRCurUJi52Uf2-otlGKqWrfkRYU6wxJAQmMyIU35RgqkulJwpjErJ7NGiy_HvNudEhmSGM7fwhKEC_-H-yHwhACfpGlGwGyMq6Yed4dVprKYWWai2ovT8J0avqv8KIUy7,reyhanoosh rey,
4829,עלראסי,עלראסי,ok,https://res.cloudinary.com/dn7vbd6nn/image/upload/v1783345420/restaurants/google/restaurant_4829_google_800.jpg,restaurants/google/restaurant_4829_google_800,800,600,119415,jpg,1947,places/ChIJs26gFEjXAhURu-EXSnuIp0U/photos/AaVGc3lP27too4zafm9tIfj5VCd6BRM7igMy-s1vlx03TshrIhha7fU8uQxvwp4D6D6lpTOl_QjBI-NgTPq9Pw5_Wv0LE5aRoXW7cOVzmcIGz4BleCxaq82NaVEJAcXYnVBEL4pu6UbJDppl6XXdj8hX0vD_MRkhe8TXTtuu6WzKktuvVbaaPtYO8Oihp-jcqSDipMT82BuYNmJ98-aTiwlCCNeVnWYpeskafsyqk5nG03xcyt9W5jNqYhuJTuOKOkbsSuSqR0_IU_8NZUnld7ZUoXB2JeSCqPMVe7uXNo06z8cFzKIsxwiI43swYnY1TM-D5F1aJM84IOSvl3ELY7SjXo4CiSuWV21tkzMQahhx5O-OWdRjoRo4ctmz7lT8Jz3Tw2WKM8oL756_2v94L3zSnXLJeLMUHzVZqW37F8kOEhoWU3-e,Alon Cohen,
4837,מאי פיצה,My Pizza,ok,https://res.cloudinary.com/dn7vbd6nn/image/upload/v1783345421/restaurants/google/restaurant_4837_google_800.jpg,restaurants/google/restaurant_4837_google_800,800,450,145134,jpg,1934,places/ChIJi_vXPQ3XAhUR59hLEUh02BQ/photos/AaVGc3kVQJ4oZKEqEnSvcIe1s8nxl1MggImjZlSLylpnQ4XI1_kP8eQ6KNXRQmGwc7XE4rRpz7ylr876upgO218TKwB2HvBSumJt2VhFTDC6I0mhDItxmo9zeJpciMMyVTc7HX-mfjWJYDwRWkOssFOZq7W-MidTrAkcGvOW9AUxIF27T28vNooURILjXAUDYw42c_cpJV41q2AS-EGenp5j6CtzWbxykknhtaqygVC4bZCPnqdUc2ZVGrOnCiVu7GO31FHlLx2BtIS5XZN05bQFu0M_rTcst1ev2Vkc8X6rjk9Vo5kYJZ83Ge7maJrLEBhnA3_Zvlo3b-0FfuiclDDq0JcZqeSpG59mDX1juqrBJgAG7aac5YFUFKOi5-FYa5Yn5H2GcPGiX2IvjnxllS3SdHKbGKgF1t9t_XS_HAvfLr_jkw,Moises Zack,
4847,אריק,אריק,ok,https://res.cloudinary.com/dn7vbd6nn/image/upload/v1783345423/restaurants/google/restaurant_4847_google_800.jpg,restaurants/google/restaurant_4847_google_800,800,560,81334,jpg,1731,places/ChIJQ9eFzeApAxUR4UYVEWqXSZY/photos/AaVGc3nmgZDq092R_9KbUYyi5AUKiwBpm4KGWHsXn1kP4tkH2RN_VsiwZjwH9DkTni2Du_wj3-KLWe3A9G0itZGyE4LmmD54UDZYmXmbLbvmSoK1nqky9QusT85kqstb0ebs0fE-afsnfa4YJAoQtd0I9ni6us-xcPeHJ0hHk01oSc2X-uN6CF7TNSFf-dxpjtC1a0eu19gBFbLRVeh58xeOeWu_ynFwynRyj0kbMxY_xf-Xm9MbYcFQTrclnwxYDDwAkvEqTlQb9a048LCofKvOKdoCssrH6MdfsR3pVKovn-jAt2UfWkWQkl5SbSlvWc2aRO7jm167z2OUsTp7uLCpiX_s7vbsA5t1Dz85XISYk_a8bhO9n7cNGpRrF32WumSb5lDaUeEbt4lGEZx5pNV-NRzTH2nd5NLyXiUxcFlBjyoYA44,אריק,
4848,מדיטה,Medita,ok,https://res.cloudinary.com/dn7vbd6nn/image/upload/v1783345426/restaurants/google/restaurant_4848_google_800.jpg,restaurants/google/restaurant_4848_google_800,800,995,290735,jpg,2549,places/ChIJy9WMECIoAxURDrI0VvpxLOw/photos/AaVGc3m52UtyPv3aBDGv4F86R8yI513YwZAxDKUPnZ4yBLygB2E6SdJ2b5uPkfVKdvGX2pd6jUTtr42CW89Ngr2Mjzpfw7BZLXrw-G3UIeWIMAHC2I3Zwl08y3UVen_XLJGZ7WGQzuceh6I5TWcUIZX-bWa4stGgB_aGX0P9VMA2pfSg69R-M7HCj0XF94riphA3ia6kW-SptWgKaQJZEaR8IVZFonQz-Qv0WG2ORiqPzVC40q2rDZd4a2jSKL2hKt6yDdv6eq1KT6lwIygVkfPkCJJHwh8GmTFsi9Cboo5VgUSv7AUUd2fvXCdI5ymJrqjUev3i92zNPxXvUcxlfaTRur96Mcu0eE59ke7yhUJFPXt3dzgsnuabhsHOCBQj_3lqi5Amv_9NCYrH-99j-ug9DddUXTFW8vEgsgE-RDkywfUapQ,Dina Reich,
4849,בר בורגר,Bar Burger,ok,https://res.cloudinary.com/dn7vbd6nn/image/upload/v1783345428/restaurants/google/restaurant_4849_google_800.jpg,restaurants/google/restaurant_4849_google_800,800,1422,104267,jpg,1832,places/ChIJRcKGMdcpAxURjHUlIOoPAPE/photos/AaVGc3nAvHstig46a1mMQTBDJJHf86cjWrR-DmaYM1YieZ5HPCA8Q8rCdccBlhyX_hXR6wFlxQNp-wkmeYzebJ9KF4B7g35l46rsvap9bmJWc0ZPNmNxo_uAag1oLn2tAYdsQbG49cGr1DXribWFY1MZhep4YNiphqdmkbepuvjbfqchDOndggdTgmqaYm4DBs_40y-Pb1OGTIVDDFV0Gm5pdl5V3F7nuCV4pbiUaRHxj2h5_BB2Hl_d6Ul0G870oNsu0_xxqE3loH0KI1_1HuaTBdw0cJf-T3Wl2Sd9t0pP7AudKBO1Yt6IEd6_raZ5-0tp6XHrH5TZJB7VZLHjAM7JlC30z5Tt5A-VnDPOuqXzjv_IipCsnxAflDBPtqpmtYuH_w3BtHgf86oS-eD7muRDGy4T2dM_Rzv16tJ_SiExCqjxMQ,בר בורגר,
4861,בת שבע מטעמים של אמא,בת שבע - מטעמים של אמא,ok,https://res.cloudinary.com/dn7vbd6nn/image/upload/v1783345430/restaurants/google/restaurant_4861_google_800.jpg,restaurants/google/restaurant_4861_google_800,800,600,159189,jpg,1934,places/ChIJiwPYgkopAxURCRP4X7zUC3g/photos/AaVGc3mXCY7DoUQTFoQyLZvN0ErJn04Yw7VaupKvA9k7Qmxx5Pc36Gils7U_-FeLfVVloYI5LvAkrfab423nkJShDXqBCoixh9GY80oLi3c79MpOBvbHMC3qreSHuveMygCiKf7JW3VSvKsdlBlvK6M3ypB4vlC0fdaMIjRtnN4XlvV6O9Aca7ZtS6lISysNf_ByM2qgXYaYSnIe-rnmDFdbTBsi5mliTYti8G5UqWT6KZNmmoT2sukWySrmx5PJ-68ERzGJzD-zNhsF_mJsVBAuaLyG05Oh-WDY9a_e3OOb7Pi7y6xmqzQqtyW95dGhAH9htTrGPJbXEXYf4MfO8460dX9uACJeJcmzTvumtQKdQJv6n7KfS46xJRoQoV0qWn6yYFodCj0YF5zX1NVa00TsOEsYBDziGcSbcxfiERiT0MwMCw,בת שבע - מטעמים של אמא,
4864,וופל בר,וופל בר קניון רמות ירושלים,ok,https://res.cloudinary.com/dn7vbd6nn/image/upload/v1783345431/restaurants/google/restaurant_4864_google_800.jpg,restaurants/google/restaurant_4864_google_800,800,450,111237,jpg,2137,places/ChIJlVOeEwwpAxUR39LLNqQlHa4/photos/AaVGc3mICafwBP-o3P0Av5LaV3EIJGjaX3pES6-WgDW1BO3YIe9zJfquhNjQMwI2sVUEw6JdGfoyLS9ipovv2jJNZVZFPdh7wN-HrRyRdzV_bVSbiE1gmylhNR9LiUB2BkbzvDW9tovbQZACeIdVM7G-7DsA5kxRdZ7B6K5GSPl1NAQv5bVPn_rRSLUoYMISmnkgdgAJFMwxbIL8QvsCbuQulD--zcHpDd-1UYsEDRQ5LT7ARhV1bQ_HHfczaE4mpLv2P6Y0_6k_iIClnsTC6lGZjsQFY1NYXyV8Epj6Up2pp5eDuZqu6T_kcVuXkGl8N4KRTn4wknXzhhJ8YCfsxr0rjq1m9iFbdMp8tZuGZDprqrIIArF0kMqYPA4shRwjnHz0SAPZPkCT9SDtmcjwwfbk_AtX1MPERbgWBl3xBs9UDkFv9Ac-fM0SUGNzxP0MD5C3,וופל בר קניון רמות ירושלים,
4866,נתנס',נתנ'ס טוסט נקניק,ok,https://res.cloudinary.com/dn7vbd6nn/image/upload/v1783345434/restaurants/google/restaurant_4866_google_800.jpg,restaurants/google/restaurant_4866_google_800,800,450,75853,jpg,1933,places/ChIJT-vvt9vXAhURdKHQPg5TQ9U/photos/AaVGc3kQJCEEEL13k9vbYZKaryNXQfhaLqvf_TrOJ375Z1z1nRZdNYPXoDLOPYr25A-QlsuOMn43HQAeCQS83Mj8KOpq7vRM0BQsGqq2pj0roDg-Eg2-9u80eqEZm9J1URnXpysU0WIMZmRSgrdieoVqXDp-nWeYB4dNLcmziq5wNxUWb7qLnHJKRld8qKKFtj-MOq3DPvX3u7B8oCKDKis9g6vskacFigsXO2jhjRYowVeTJ5H5bj2XZhrAQk8u3l58HON0pvY9JUPU_SxKzaf7f-PeQdbH5-Up3_eQt9ypzQVSlwjQY0nqQtOZNaYXGEJyEIXqe3gtPW_syVn3kUtXJvqmPvs2mmW0mJxH4iQGAhPvRGLw0pZdOyeQD7xB5R5tOA_21pszzIdkV0643mp0eRenkX_T5C5DSjp2N_a9oy2lzg,Meni Viner,
4867,ואלרו,Valero,ok,https://res.cloudinary.com/dn7vbd6nn/image/upload/v1783345437/restaurants/google/restaurant_4867_google_800.jpg,restaurants/google/restaurant_4867_google_800,800,1691,299550,jpg,3061,places/ChIJ3dRU6CjWAhURSuWoHSLSj-Q/photos/AaVGc3nXStFCoV_DFbTkF41k2LqQaY09N9i56uDAcnA-melEzBrml_Uq6hQ7MlMVZkRC44L_jX7pgHBK6lWuku5J54cU8WmHoTh6G5t2RHXwQ-8_ufWT2bRkKNW9z5IDMkWAIcoGH_cvbcbXUXWNfICnDiaY-DqXMJrOLzVogqgMQQ-6FwJWRI0pzGYRpDhaVQfP1tClXfmkxO3lv8obMrRKkg1kGi_APVpsOZ5zdz-zdswJZ8YdkKOcK48HQYXglKmrmn8pOqpxflq2Jut5jrFMzVw0p__06hM26Mb3YB7dPVeTKTuglVu-czCUkw961VDflMnBQ3sCF4X2qxjSNCYg0QV602g2ij3YCOSG4QA8eyuGC3Abo3J9PN13t5k0R1dsv5qR5aGRn8b2X6G-XTQpvZu8rnsfrpe1PodBtMnjH2JFqw,MDEP,
4871,הסנדק,הסנדק -מסעדה ירושלמית בשוק מחנה יהודה,ok,https://res.cloudinary.com/dn7vbd6nn/image/upload/v1783345439/restaurants/google/restaurant_4871_google_800.jpg,restaurants/google/restaurant_4871_google_800,800,600,227722,jpg,2364,places/ChIJzYpZeSjWAhUR5aULxcGoUtk/photos/AaVGc3lEfpDAMDqRfd5BGL-rKkiCp3SRkfxcLMjjsZYeRv2qj8qyvntNFay4IjmdEsGgwQGdv3_OnxWKE0nmXfv5PU18ocmh6-ihlFtHozgp6v4JtX9CMiNTuHwgTzOJBmlOooTYg21sVTTmLAZnaSgx0DlnmR13EdTcKtS63fWtbVnVCSpIUe1GE95Wj__jvKzKjt0q_m7d7_N8TSRAMyDMrA-FC1DMXY94prOmqQ2UlCnbVg1ipcQeBCJJ0VPiTOjsYVuqJJzZzzAjluzW5Bl-hTO2NLE8olPT5fHOVaomo1ZGWxR5Q3uUvziK3Z1WkrCI5XRUZqrQOnIiNHNCBAA2kF8GON6VkuRvYIfes0fyxnGQSkXqR3sJBfVwRtnwNo53pzsCLRs26bAJyejlc0Yek9AcUCd_BYBo4yseAckC7jlmpaUI,הסנדק -מסעדה ירושלמית בשוק מחנה יהודה,
4883,מוצרלה,מוצרלה,ok,https://res.cloudinary.com/dn7vbd6nn/image/upload/v1783345441/restaurants/google/restaurant_4883_google_800.jpg,restaurants/google/restaurant_4883_google_800,800,600,165692,jpg,2119,places/ChIJCyPBUckpAxURhNclR3rbbp8/photos/AaVGc3lf5HNGnbMovy7wr5AuXmejFJWU60b1tqR1UWJQWw9RkrcQg7P_E-1AD6A6jO68zFbva3ptm1D2GPKNg1yLBjThxQII7yfeTi5mSXWtmReTZJKqjB93blG6vfs2yWEx-a9PvUo-bamNDFsuHFekKko8cI8AfwLTK34Ziw6CbcZiyXKIBPNgt7DFxJMX0LZpYHsYUnZyI76JQyLJ5XabO3KAngce1nxPoRuymu8jl9Y0N9FdtcchHtNwS0JK5aC0qQQ3LYgXQl1tuX31C0-uURJTHI8FxYIvWTDJutSr_eGHHcSzaooyabympnj9Wd_x50IKgbxzQjSQhKnsHyWB9GD-Wip4g2STt5bHZMyv2axTOzoR6KwqHszpjHfUfdqF-tpFBNQRerrozS5DVpLi4AFSMpa4PMtvUfeVVzJaALn62Og,Ira Povitz,
4892,Bakshish בקשיש,Baksheesh - Bakshish,ok,https://res.cloudinary.com/dn7vbd6nn/image/upload/v1783345443/restaurants/google/restaurant_4892_google_800.jpg,restaurants/google/restaurant_4892_google_800,800,600,137716,jpg,1918,places/ChIJRWaW8yjWAhURdysTUQbretY/photos/AaVGc3lOSz1VkUvfe-cNTtELTd43iFugYDYoUxaowgHKPSSbMyOSKq2TF_29fyoEDScco2IvUrNGuxF28bE_TF6VSUga57tu8EonQCj0Xgu6YMMvouVbRbb2CkPjEw8OOoyXq0eSNbZTjS5mZF_YOYa97fqLqDT0PWmiYYyygInHKu4jOKolsRDREi1M9LwQ-6MMBIdbUB9l0cEFgEw6gcKN9IQ4R5ZPGEy7guOK-H3gCMDynvcGUjnJuD80FmeMZCUNsQCRi5yDVig1-RuEnO-V8O88-30-BP6V1X5ypiMsc4hy5Zw86nHoKyGJM_hNyEXsf67baCrqcT1S1sAP1WnQhdxTJB2hLUzNG8JgbHj5tERb02CL8awM-v6nYqbGhhOEBKAREbTRsd7QKvHQcETQC5Vu10uL1BQQjHrgAPBtENs,Shmaia Levy,
4899,בלו הול,Blue Hall Music (בלו הול מיוסיק),ok,https://res.cloudinary.com/dn7vbd6nn/image/upload/v1783345445/restaurants/google/restaurant_4899_google_800.jpg,restaurants/google/restaurant_4899_google_800,800,534,61974,jpg,1643,places/ChIJP22uz9YpAxUR0Igm0s-7tGM/photos/AaVGc3kXu2zNp3i91MGJQRBMGvVi9BULS55CCaCfnclmxDHvO7L6QJjIvJjoZo2NYSvmlsavn4o0J0lqWt4WC192ln5C9gb41tBIIF5pHaTDJbCBsz-H3PQUkuXw_iKAgq4e1z6QguKB24VdSrMfPY1r8zFAW8Grk3GuuZZ4iRXXOhyKcpCrtKcwgRWCOCf02OtxWSosE04P-SdyliKHye27opH_pn3JPiwUrRv47RiMZn2-THW1QkGOochU33I1dIJMVb40X__rsFfN9tvYmzPsbwDAhlegnvxUclYBTxQQ4K2N5FULOLJe_5OAqj5PY3m_AmJJxcFwyIfkFv-Okqbw0joEGGtlEvYzJNcBUZDSTKK-Uv5NoC6OzYHTjDxYplmxPkFMEmqav1mDKl3z5-qQdEPFOpUmC_TmSwLqPJAbumQ3bg,Blue Hall Music (בלו הול מיוסיק),
4904,קפה מנספלד,קפה מנספלד,ok,https://res.cloudinary.com/dn7vbd6nn/image/upload/v1783345447/restaurants/google/restaurant_4904_google_800.jpg,restaurants/google/restaurant_4904_google_800,800,600,121952,jpg,1869,places/ChIJzRfXItLXAhURVIe9TehAOBc/photos/AaVGc3m1kNP0uVs8IORHDANqTNObmEfFxb9IMzL-LNPghkyaT6so95SObuBmQqpQ_uOeew-z79EcjvGfJd-eWLiR1yCRBoN6R5rqLhuuL17aCBtDz7lOPeVy5jUfoAiDS9-whb1xZ3AYDRK1ZYbgKZ-_YZc2En_9O5tHFpP0vgEq9qVnA2PSTa4-aa3XJy1N_lOxgH6qMO_-MT2BkVVOjTHw0OdcvnRFmwyouV_wCBmDsvNGm4atovtwNDLTjEKvOOaY57OPwv9u6qFci7S5brLgKOf901j85QYAi7wbD9EaonihdCyA6nGf5wwe7Ev1W24OkxsU5yH6waGYvUmTjuouFq6RIf3EIDeSOsoKJNFJwWwzJOVaEugzQjrR_YUAJ4t1pTY5chPIOod0vDYBSh1McvBl4mjoo0fpYxFkYF7Dvyv_6er-,Chaim Noy,
4905,רוזה אקספרס,רוזה אקספרס,ok,https://res.cloudinary.com/dn7vbd6nn/image/upload/v1783345449/restaurants/google/restaurant_4905_google_800.jpg,restaurants/google/restaurant_4905_google_800,800,450,111401,jpg,1699,places/ChIJP_6vYVfEAhURw629OrNFyaU/photos/AaVGc3mxgZ6E0Py1ho4fwJWztjxVk2ceVnCxNjT4X9lY1vExPl_EslJQjALeMo9p1GJanG44XuXAHw3RxvtLD0rcI2igzVxJqaY7O9HQuQ6kRjfmkN3CNLYy-d1eZ6HndJPz4zX7FVECWA8PIOaGkdKut0FzyMzKTttpYhaPeKjLlHhFb4vBt-xFEmG2l5VMrUlstU0XsO3CY8CuHurXB2wVTZ4iDKhOgNVcO0a4S9SkRPnMhzLk-YUs9gJEYTArTf26inMhWebd2-To8tm43rqk1Mgy5VGs8Ft4wUmEDOycJ4a4w1O0DJMQsQLaU69W4R8-sAtx0rgwr17dvM_WXV6S4pSMg8ylCu9tonJ3l_ns4posB2jVbHH73ODmdSwUMil47NFM2HNnNu9eEjofwxwp-zbxW7QelfJcpK1bfDXzP4_3NltL,Doron Cohen-Netzer,
4907,vigo,Vigo טוסט נקניק משובח,ok,https://res.cloudinary.com/dn7vbd6nn/image/upload/v1783345452/restaurants/google/restaurant_4907_google_800.png,restaurants/google/restaurant_4907_google_800,800,450,518553,png,3110,places/ChIJ4Q5AltYpAxURui3PlFaleqY/photos/AaVGc3l443SaZ1RlTwtWrMBRd-IlrkjYLqRUEEuWv5cCNIQpDce22iPPKecNXm4my7Sju4aa4Fw4rsdjx1pWSqndza_pVl0tIdifXsT5rek00_HzjjEA5z56kb41IEuTTL0Wi645xJe6hEyGEyD6Wvfj1nYV_vaSqDl2GreawIEwlGddPEn8EZmySfnKpm-pJ2u5CppXQXrOfQmQ1FeQuBFVURD4SkLSq2l8VM7mhRJHZrXY-ig1RbL3GX6LnklQwcHXs_XQcBqsldeXQMJdHQ8YgRmnCouVGNOCZUlm5-dHtaVaZ34Cym7eFCzL-CnPi-0JzzaHM-PZoQU4HPSZJcjpPY-VtaAQaVXH9ePMQy26X-fgY6O1a-O34YX7ZCfvpBT71JEGuNJ9bvS-ElHGfSV6fatRl7L2nd8nhjAbcwg8jsJ4Dg,Vigo - ויגו טוסט נקניק,
4916,גרסיה GRACIA,Gracia restaurant - מסעדת גרסיה,ok,https://res.cloudinary.com/dn7vbd6nn/image/upload/v1783345453/restaurants/google/restaurant_4916_google_800.jpg,restaurants/google/restaurant_4916_google_800,800,450,119141,jpg,1429,places/ChIJGaGhoufWAhUR1LLnZyp5xpM/photos/AaVGc3nVGB8LJyFyXFJT9CnguPyefvrNxuXbIIG3sdbh1wczQp1Vv_v8pzLH6hRetOoBkoCVFUbCjjJ2ADO2VxgLwNwAwSKnwuc3bAiMMO_gfCXCHaSXTsb36kg_R9LYejwby0h_QIl00FcUiW2JkjIyy-Kc0PVIDd6Pozota5J9x6hdlEJ4I5-CeacClMsTCCyrKZUHvS9Wv4cxtPlZ8AfQPZvhMW9TgzCCQxqNypfEoWyUDLvngV556HmZlPfqBAM6GF7n-qQlkDvkXeg7mWRzXXjS163LlAOXs6ej_ZbmwIVcAjic3Z6Am-LdQlcnxJmuEeYZucydQA9GgKvZPlGmExo3N-NQQMvHPtHNqx7PnzTQeRocDfAV39Mt2gCGySJ99QGIyH6IHQLOJmwSd8UfKOtE8xcdp3PSkAEm2XURAi3DBA,Raphael Tsalyuk,
4922,לויסתר פיצה,פיצה לויסתר,ok,https://res.cloudinary.com/dn7vbd6nn/image/upload/v1783345455/restaurants/google/restaurant_4922_google_800.jpg,restaurants/google/restaurant_4922_google_800,800,1778,188019,jpg,2089,places/ChIJG5faWunXAhURPnflURSZSyo/photos/AaVGc3kT-nI2Fsv8BRFt6pnET8qTxcWD0D_uW1BE--1FVHwdT5ZcicNX1GeDIWoOznP9fgxL17mWBdBGogGSfMEKy3IhEBaA9J7pJKQ66D75bEtzXD3IgHggZaCaW_W5Ipl19K9ckqF4YlWB3S9r0P2w1hdwSjtrR_7cN1Blrj8h-DrrHUIPyMLhBTTOWH-H0AFvD3Akhf670YuwpoSkKeVKdMcFnzWJZwZGD75ZR-0QXK-s8NfYzr7WHdZRMlR6z4QPCUWUr5DXPWcFMtJfPHmclF0erb9bl6D6GwlSigSXktPv3i-JDZYQ3062nWrln-gPLpSCS_NnyXV5gz0qGWXHIDwyzJJ_gXDDNZ1rbs3ruh_eQk5shkpCGBSppQN7Yu04q9-5T1ahlQHz4lgzZWhW9jMBKuUrUvNdrDqfp1ewfpU9cNk,פיצה לויסתר,
4926,מפגש השייח',Mifgash Hashech,ok,https://res.cloudinary.com/dn7vbd6nn/image/upload/v1783345457/restaurants/google/restaurant_4926_google_800.jpg,restaurants/google/restaurant_4926_google_800,800,450,143420,jpg,1831,places/ChIJZ1aMlI7XAhURflhaqNmT9VM/photos/AaVGc3kwetDOvSYiTwtFJSPqmD9RVwMuNfSsW04XERuMDiCUFLK0ELxXcv5F4yTmL5nXVFqRgOg_IWp8DVr02OJKLp5FeVgjZbbO7RkxM6ODXUGcz_nOQ2vd5c-BFMoUee6yNuDnTSdxcCAy1tITOI2zejI9lh1a03c0HX0uyrbdVuRHtPJEgenkWVrDx8zlaqHtjHAZoVYv7qitXqjSKhdvQVgJLjYoQuU3bVm7NV1rDaKc7RV6q9jbpkzE6Vx5D03YEqirPtTBcAMyDAEBpGusQ_s7I7CjFM2-XHy5HmwOhevByUEL4KDqkjuJBQ-VFNwddwJ2pxKydiy7IJT-PEM7OPyr6anU3l07oDTSeIiB8tQPEgmQ_p4Ou0_W454nu2mMla4lMfSuf2fMNQTJaoR_T4QSY_5aAMrovBHQELYB_gri-w,Nachum Applbaum,
4932,נגילה,הבה נגילה Bar,ok,https://res.cloudinary.com/dn7vbd6nn/image/upload/v1783345459/restaurants/google/restaurant_4932_google_800.jpg,restaurants/google/restaurant_4932_google_800,800,450,80367,jpg,1932,places/ChIJi6YxxdcpAxURtk0C4K-LDmI/photos/AaVGc3nDxMflrlMjyVjQXk1FFAzINDFPbUMYeGAH7oQUhBck3mIV629SlBpEWrW_CGG6sbRe8E_j6f361hXzrVlpcJw9vqhLn-djrVa6EsM4Z2kGbDUfnFtjEkpsgST7kuHmnIWXCFqnDHd43IzLLWPO352d8YAUaeowqSDQbbYT3yKcv7gJCN31EDJa1j8sd1a4G9S6HortAH1A8KXnl_3dtey3HpgLTEu5axC8a88HpbS5zyG1yFOTDimbBoriYE4SPFcB-OAazjH045OGdjVDNTRTAhrJL6pq3xidSk1L3CrtMRcOiR_arWK_U5xtVeWb6o6ESKdfNaO-HBR4XmMuX-gvSUmJjihZPe5YjQCU95uMuNyyBj-5CCrKArjTy23yXTxGSvLi9i3zTkWxDc7gw3fMjZvDn_D9FC2Iwn3rYYPOKQ,Yehonatan G,
4933,פינתי,פינתי בית הדפוס,ok,https://res.cloudinary.com/dn7vbd6nn/image/upload/v1783345463/restaurants/google/restaurant_4933_google_800.png,restaurants/google/restaurant_4933_google_800,800,450,627078,png,3368,places/ChIJey2HdEvWAhURYIJrIDOiawg/photos/AaVGc3mF10XAYIO4Qo_lbqXGNHsicPTx70MVl1yCqBhq2gatWMkQoRMk2tp4Q5URoUpg0zGG5Q5FDIm2rltn1Wlw6OHY65Tso05cZ-VgTatN8dxAhCngSY5nfQvDPhaq1oAZ2bQAXC4RBhrbDOqvIutVFva1HYZeNCex2b1aapVTnrq3ceW7qT_jKzukUDboztuhM2509ji0GIYP3T1gEd7sXNcJEhqve68Q_ZXq2RuLmeXRwJady5AcwWLVT3fPLMswnQBQhbfjeMDSLqDRfbqyzx8-aOITuOpjPV3o4t2-2bBUaUKlYEo7I-Bibv2jux174TQB6eKDpwx-xcB-qZmxaByLJjMLhLjvNMQB0YtXCaLq0Ibay06wMGhDpqp16Yo1hgrgTCHNFZOCqWWY0ngiRYxGD91UKJJwISza-k55WWKFSg,פינתי בית הדפוס,
4937,אלומה,אלומה,ok,https://res.cloudinary.com/dn7vbd6nn/image/upload/v1783345464/restaurants/google/restaurant_4937_google_800.png,restaurants/google/restaurant_4937_google_800,800,1734,64245,png,1935,places/ChIJaQ21-QApAxUR5gbVp0-6Oq4/photos/AaVGc3nFhXedYRWXcHFuA5z-47OYHYqkHvgwMZ1TrOoab7DGMzEdSl9dHBbxDhR9Pyp3mvcS2JWoqShREdJaEDWPO41bzWtJPdJdrUQiVjwPAjPCBQ43ljqmjVkQO1z6EVJsLU4kQeppe_CAytOPYNPiNz05dkLlwLybm5jjMt7FHyJ6GPQj33Mn-BWQXeqiiS2xNQdg1yuaxWKPANsTrLKfpQkimADKTaV_IGeJ63ZhmRFs9eZoMBgzVrR-MRy2Z8mu4df8_sGWqNDdyY-u884qd_2Z7fd1GGwh1Yczu0J0kB5GqzjN4TsAG_REOG4r2QHwx4mv5_sQ-1TQ0AkUUtkEKygTM2q_pnrqsKRwC8sgt9pR09ah2EkwVaNrt_3krcpzAFSnC8I6xBR50f7ZPpLoIiCPTm1G650aMK7WMYl0yzhANDBAIDIqWeQeOsmX5bn2,אלומה,
4945,חומוס יאלי,חומוס יאלי,ok,https://res.cloudinary.com/dn7vbd6nn/image/upload/v1783345466/restaurants/google/restaurant_4945_google_800.jpg,restaurants/google/restaurant_4945_google_800,800,600,193791,jpg,1884,places/ChIJuYnE06ArAxURZo72XvIpTgQ/photos/AaVGc3k-fPH1JDDanpP1AFQN-C8mp7Tl8fU3N25P4fh7eUsZD1W2aTNVv3SL07Vw4mJl8z0zATdXN9fp4ewPj5fphtXxNhdFEvUrS9yJr4q-w4QIW0Omn_MEaZMcAPd7lpEdFd1N1E-vizQ1095DGR9JJAB5MGo6QTGCepKJc-hAHrVD_Eb2PHOJxq4bFc6FikN7W4O6f0ncmaHpB2Ehgqhjwi5xtaQUCajM8eY27Hf0PACCwYUVLUgBGMbOlXtD_fN1qitixDD0Ayh4Vj_XM2cUAFdKbYNcyrKIAxP4dR1iokZytMZNyPJdt81u0LJL5Jg5xJjRTnDaQ9rug9bZE2CqS3AeJJHmy_Kcp6SdhmsmhlY9psD6JOugai1_GZ-s3qJq2Wp0k5V0k5Yqs-KDIyJ1o-MQICZ2Uvrvo1fppKHMjoF5og,‫מיכאל חזוני (מייקל)‬‎,
4960,פיצה ברמה,Pizza BaRamah,ok,https://res.cloudinary.com/dn7vbd6nn/image/upload/v1783345468/restaurants/google/restaurant_4960_google_800.jpg,restaurants/google/restaurant_4960_google_800,800,1067,142483,jpg,1985,places/ChIJu0ckL7vDAhURMgBnHAZv994/photos/AaVGc3kxdmvy82fkmxDJfFHOxM8Tgg0bROqqg-zEqivHkV2bkEsYl6u_w-R5aID2-ih0maLCbPBtPeMH2mYbsHUfjXBxXp9XEt6_34ggYi0wN0WC8Dp1g5Q55yYY180fChtfoVWKicfg_rS_KUp30awwhQcKewKVzVME8P6ZU7RjB8XAf6BPzNBUTdv7c-EiCojRTCrP1cL5614514tGqKFLyO7yaI1F7BwMNB6SlsosKmZo_lKDhAqoveO_uGtsdsymgSX3i4kADZLyxChShkKLQXaQ88hexsB6ygNxvfboh1ROZJ5lYcWagPN-QW0Nz05iledfUpecfyJeRDjWTq4fAXCRvASbsXtEwaqa8cvJyFDvdhFDsjefnaa8_dmM2qAvQ1-O5Pidze5pEGuhB4JKUQGUkItXifKJewBAGsnOvDLm_Q,isroel litvack,
4966,פינתי,Pinati,ok,https://res.cloudinary.com/dn7vbd6nn/image/upload/v1783345470/restaurants/google/restaurant_4966_google_800.jpg,restaurants/google/restaurant_4966_google_800,800,450,129099,jpg,1625,places/ChIJR29rPVjEAhURaBQtubergkU/photos/AaVGc3nBrbIWmOkxzNAJCmDWJskJDeHGW-M6axfAgRozpymlOQf-fToQzD2nwMyP2EGowHvh5qF0JYLu9ADXZzWZOk7Zbj6Stg9I453_yEE239O1hWEXymwfhYrukKHGAal-cZvswRoEv7ImVoKbyGkxkk2ntFS91db3TA0CqZ2smty_X88jJLX80sNpbNL9ET4xa9y9NRxqazRKU7sECSyTKdLoKLsElNFmeGylIhp-FJfWfk9gNiSaNYTcletnp32owAHncGkU21gnP-UP9joZGaPHIKoVUlyfp9AHwc2rHM5nqEVN7ZKkX0M5-B3yIhWdKu-lR2LLLoKJifYN5tmuTtJmQPwAzoHKW0F5yi3W7nZJ53rbUml8hlHgUdY6qQTjrNvLn4odKyT9V33VV7ahS_1p1JXkGzlIDiDBZ8fRZjcVDO-x,אולפני ליקול הפקות,
4968,שאטו אנטריקוט,מסעדת בשרים שאטו אנטריקוט כשר למהדרין,ok,https://res.cloudinary.com/dn7vbd6nn/image/upload/v1783345472/restaurants/google/restaurant_4968_google_800.jpg,restaurants/google/restaurant_4968_google_800,800,1422,259785,jpg,2650,places/ChIJudBO60jXAhURH8nqrm1RKcE/photos/AaVGc3ksV3V6Evu9mr7M-vsqOysmjaDUw4xVMnJeLHwbqqMavIKk23yDVPz9E9hpVZIQo4ogXkub2hgo1T1DJE5Vb7nQWYGBp_fivGpVXzwsCU1VXRB6fnqPV26f75dGoUL9TkpDBoJ4af87jOUsdYgaTpc24uFEF8el7eoDC49627UxU_YuUzpKAFYyqNqGBmeseN5LKrguy33jKtkkWbXQiOfsPxFho-ITaMI90Bg7lWj90NOajokZVHvZ8VLxf2mvnNar4SumZfXVNi5YQE_-mpRR4guhw0jaCGvp8cJGBF1zZNdY4uguuN5nQg4MUy8DmrUsOW8h_BgywkCFD1Xz5Bo-etDWCFPQR-4iPYdCrQ2CI52o2I9cF8_E4L9iOMkmg1uehxWRNH1XWNtHxUuRiMzhLdKy4VzG3tcZyJi_nnig8Qlz,avi bora,
4969,חיוקה שף תאכל,חיוקה. שף תאכל (ישן),ok,https://res.cloudinary.com/dn7vbd6nn/image/upload/v1783345475/restaurants/google/restaurant_4969_google_800.jpg,restaurants/google/restaurant_4969_google_800,800,1067,189466,jpg,2141,places/ChIJJQLWAycoAxURPu7xf8RWo5E/photos/AaVGc3nbj0nQwkx-sNmTfgBEv4Qq8JkhkfiAfLoyLxmyvO8t108Q8DZiRQ6iLFK-1ZmPBT1ZrNxHfqhgt9uXKpzy2XEg1KYkrBSQxqB5JWPffTbBOyOcb9NHAjau2BsZcjvfa-A1-eOYmOqQAaK1s-gOF5LG0DHHCSUx69H8i0Nx9eY_O1ziFrX3Bc7eBS_JYKGF7pMmncPHffWTWwpF5-WyHa2c7zPIY0Gj5RnOqMT2F5wGCWHPTU1H17wDJ-alBkGpCcdgA1YWW1GvzJVDt0vX8-scO44UJReUM6CVm4kTwhVzsmtmXYMiYN_wAVVXy-WpjyuRwDri-WfFUaZM03hiDWYv7IHCODOlxsU5KgGDBh3t9Roz3gIDlLGHOPLV8I6ztqR_boNviWacWKAfTqTpvpqoLWO7GnHf4MLss9qGw6I,Yehonadav Meltzer,
4970,קפה גרג בית שמש,קפה גרג - Cafe Greg,ok,https://res.cloudinary.com/dn7vbd6nn/image/upload/v1783345477/restaurants/google/restaurant_4970_google_800.jpg,restaurants/google/restaurant_4970_google_800,800,600,159054,jpg,1588,places/ChIJeZy04lnEAhURipwwePPxpmY/photos/AaVGc3kDyHxiu6bW-RjYcD4YxYgNZIAtK6-StnC-PFoRT9Fu7ziQLKUiGk2qzDczsiH4zHR4VaTG8w9FO2InJA0lDGavOyxYc_lgu3hx7QGWLwyqJ8EyieHIE8-uATY_LAbxI-4Ra9ELgyAKfElD_VP2yZLzfrv6leJ6xvmVFhzLCgWkWnOIdxl5PwEykmMcnjELEdcA1rk6yojchWr9oQbDwgDryX-67B-6RsnwMAeoghfbk63wmYWe3CEXJ83Ezggh3_HErCsysczco9xuyJ4_l7371dAvFZ7NAEvn0iMvPJMbVrJrT0tu5It7s_jkRJBEp2OX8vPpKuXKJqow9_8CskrXkAy9tSRNBTnKSBHc3JjNGRDnylusX6GRCYyPcp-jF6G7qBPB7YVRT6E5yR-Zdlh3OlboUrtWKLGAA0Pin6Qx2X8,Ari Rothman,
4984,סושיודה,סושיודה,ok,https://res.cloudinary.com/dn7vbd6nn/image/upload/v1783345478/restaurants/google/restaurant_4984_google_800.jpg,restaurants/google/restaurant_4984_google_800,800,600,161175,jpg,1872,places/ChIJQz9eRCjWAhURc96req2Ibuc/photos/AaVGc3kPIoCwh--M_4Z_S73qnA45qDPuJd3Hqxn_k-ySbrn4Lhcaeo3XpB6qS3e1euT3MvOt22pzvX5a8UVppQQbqSzQCer4pCuVhYwusNZV-ycCfFD0lXb-5hDp62dQ1oGQ4h1GAVIvi0pnOhEfCJFY3RFDwxf_kIJ4mv8ZjRjPp8Z1lWjqryUMR3S-NHq8cwnTX-BHlnsMqHsP_s0gFRfKDMOjxULivA_QOa9usUZW780s5d5DuP6e0DakoQl7jt_0PVx6a9c05ObLkfgfSpfnw12HSowlnqtwXGKThI_d4WFEMwkTp9QDQNYj-6QjzpHdgCsZyQ8ud9dBG6ZjXShQfsbbcobzRnJw6jnCRK9AtWduRo8MMa5EwMzg7jmST78-VOzMTjkH4FeDOoZs-_GT9osGvPVrt9GppO0UXH3ayLA,Eran Porat,
4987,Mr. potato,Mr. Potato,ok,https://res.cloudinary.com/dn7vbd6nn/image/upload/v1783345480/restaurants/google/restaurant_4987_google_800.jpg,restaurants/google/restaurant_4987_google_800,800,450,58335,jpg,1733,places/ChIJyT5UO-vXAhUR6wnEdf338tc/photos/AaVGc3milhJ6UsfCIOaP21_CZuDAEG9xsc9J_S8_HgmnxyanOecPKqroaMamW3GAJjvGSMIuGb0EnO3EuCF68_n7VpXZjlzy1s3Zcb4PLSpK20xzIMjlVvnk_c9Tuu1Twi5oPjtICzzuymx1tNpYLWbr3VqoAjr0pOB4_OX4pJSXfmcGZ81weoWcVecYHU6twCGrkJdbo59lN5melItiztqUouDRpjXLsljSqnegE7bebJy483xj6TjfDjb6jXVj2gh8fXbiZlAbOKR9K4hIYu5ZHlBuBjYKfdGF5OjpbDd6gkHn2efZOH-3Msw2mQBUpV-6SvKESXKHJMD52kMRF5074OIvVq6IvuVx6cxXTGpiU49bxOb8rXIVQ6TG-ozlTP9sUkhVzzc6-v6W6evJDgZqbQxXGB66C190UbZ5IEIXiLWmMA,Neta Avital,
4988,שטיסל,Shtisel,ok,https://res.cloudinary.com/dn7vbd6nn/image/upload/v1783345482/restaurants/google/restaurant_4988_google_800.jpg,restaurants/google/restaurant_4988_google_800,800,450,117399,jpg,2035,places/ChIJ69_BtdgpAxURLxIfs8WPHlo/photos/AaVGc3nCwdtZKNthR1OlcJAVNJXXfVLhtU0pb47i-lts4msQFMAFQ24bXF4N8QCb9bSdRjt2fcJ3ysgRjwcN4DuBPpPPyMJhyHHsOniYnb-zgEJ4k9KdAPe0Jpi4vdRPljWxrcMR1-QC0ydP4fF7OpJzbOIRc8ChDLcB2-fOhFxgrIyf1Lno17FoZ-rWvpLjVJ5tYjNKupKi9x7iIA6de36EPXMVejiQPiG6WqxBCFIJTiK00FopCa_aRkedjbDBGtwQwg-_8gmfEfRREY2vMgT5HLK2hatYa5RRtqEObYV069LdebMUN0B5ciSI8usweY3zzVsXdi8xzPqGwxESt0jrL750jRXj4PaZM7qmQ5kD2Hi6FvG74__X0kS1qeLa2XLVujfCzIt9xoDmYgo9fPitdpizbIQhcvVC0J8jnzGHkwcVnw,Moises Zack,
4990,פביאנו fabiano,Fabiano,ok,https://res.cloudinary.com/dn7vbd6nn/image/upload/v1783345484/restaurants/google/restaurant_4990_google_800.jpg,restaurants/google/restaurant_4990_google_800,800,1067,174881,jpg,2241,places/ChIJpdHtqMvXAhUR8tGF7dHAssY/photos/AaVGc3mwuh9qGiJEl5ezl5qNsvxyjU_T4XYTc16J_bHWDh7A9e5Q8kx5Ti4BAdxH_QvjYMSScSwX48WD4isd88auLMdPo5eDYn62fwwXd4Zzy8ymnqVYIHBfmsywC_NV1BB-GrPjmXxFcjsZ9X1y5jC74PCeIE_N3kGs9heVsBqJYRnbJCSBkADj7n53HTa2Bj1hqEp9vFjbB18z5WK3T7vFYRb_vwsqUzDcf3PudL193lawStfMNOrzIHaKuOw37PH_7Zg-z_neJTX3vQEiSoR69L32MXlggp94wm4XEZuLVCyo2rF16NnzTAuX3lcWS9xhex2cso7IcJwfb_t6kTBZs0pbRK01Kb6UDjFmqM_kFyovYr-iKQ7eC2bBJtU8br3pZ8-YmC8Kj-6rhP7tMO70rWq6qkGOiggAhhVLkf5hiPU,michal ben israel,
5007,טייסטיש,טייסטי,ok,https://res.cloudinary.com/dn7vbd6nn/image/upload/v1783345486/restaurants/google/restaurant_5007_google_800.jpg,restaurants/google/restaurant_5007_google_800,800,642,143917,jpg,2063,places/ChIJ3wOgrKTDAhUROol2bps_w8Y/photos/AaVGc3kXP9XSXvI2i-Xj78MOCpjBs8HXGqeHbG0wLoT4TnBbfF7bpVGfDoFq2btOVyWGzVkS9mXz5feKDjKE_9gg4nCbGl46jiboXAJ_0Exr1DkTjm5cD5Y10EC4ZOslwvQiklg4m-WbqSCqCwXRkdOdMrRKsuc6bQeHpcZcDTf0wVtTvA3rIid-4-JE4XJ_sHy8RT_gHL1_Ue_eL6bdFZwxstGDROO62JP2afObaQCDWEZas6Ki7p3tri8Qp8ovmi8n6XiDhOsgm_mQ9_GKtg4kG_AD5r0RSX3e2Jb3hcf8kCEwadxcu7krqxd2-qG5sB-ffZJPFAv8ZRhxq8b6YLxEYHWGthTmmlueiiRXX5im--TTKRYao2Ys1qcxU49_t-sPiCZLZvmFoBgGpYTyoPGXHyKSfxS0X_mIsEgkR9eSIeDZYg,Yetty Konig,
5009,קציצות,קציצות,ok,https://res.cloudinary.com/dn7vbd6nn/image/upload/v1783345488/restaurants/google/restaurant_5009_google_800.jpg,restaurants/google/restaurant_5009_google_800,800,800,169004,jpg,2163,places/ChIJo5DAlYDXAhUR3K0-xRmo0_E/photos/AaVGc3meJhJLt4xSX6yOqs9tN4hZaXrxCs9Pi-egGqrPQ3_1ld3bw2zoh-jW2byN9qNmYfeJrEntysL9hq8OONwvGUimZS7woWIku31wN3FiChLpQHkRYH_hTPuWUkhH1m3Acwst3B0KGeVBVho1lUOJikGnwGIAmlQUifzvWPZt4qWlT0C0NsxVURNKsMeW3fG99LLoIcOtmW-EH87ZIytv39jlLe94SzadoxJlMDicnQ-rV1U8QAEDYNhKOD1hS5WtS5XKbLbQyaIWQcSmBz4Rs58PNR2T-QKg01ZzmPJwvNPctmtAUcZ254yunyLN9-ghXdR2Zp6zN1ZBLp674lfh2uTUcBqB1Hm8txm6JkPtGsgaP7edzWcHgK-VBFUqbfjpjo68GLr9Zs4VZ9y_Vo5ngHw8A5t2lupIAuxPeTfn4qFrwvE,Gerald,
5018,פיצה 770,Pizza 770,ok,https://res.cloudinary.com/dn7vbd6nn/image/upload/v1783345490/restaurants/google/restaurant_5018_google_800.jpg,restaurants/google/restaurant_5018_google_800,800,450,101916,jpg,1891,places/ChIJ5-tN6LzXAhURI_bmGYUvkQI/photos/AaVGc3laYxFZPL3qx1gjJx1vSnizsRJGDE9QBVpdu4x8zfEqePGLj-jmVRkxvTgXvUnaYQXqNVn5bCh6jWIffy1ZV2nJIfp9_-ApwPznnLiXMaZS1AA6DO1Aei4C42WNjTAz-EeNd6l4knd1tc8hzgVJB2PzYKKFdeTRBAX_xe5Q4hw3Y99I7pPjE__dAApAZeKr1x5DDHWFt7m2Cz4FC2RFSJQuUj2kU7Z0C6Yu1CcI18ir2PzWXe6uF7X1eC1yzPij-Bbww42FT-3oQUoAcNauGtoHqJ6TeOTUQx2xkoXD4PptucRlIN5LAu7aKWMj0-3duHqVh9oJlXzHXmxxBaUe7dcO7cj8h-g8wIUP6AesJxa8NTI4btm3dYMHELkuC3g2WnK4wqinXkVtCzfAswqMK5qtFnzgbgl03lQXrRSup8RXaA,Tamar Bar David,
5019,אנטריקוט בר,Angus אנטריקוט בר,ok,https://res.cloudinary.com/dn7vbd6nn/image/upload/v1783345492/restaurants/google/restaurant_5019_google_800.jpg,restaurants/google/restaurant_5019_google_800,800,531,94506,jpg,1851,places/ChIJK78xifXEAhURe8R-I3km7UQ/photos/AaVGc3kH8blFt2GVZ1zyrbGK3-3-_cIyoTuZzxqyriB-HJw871geJJyfrwi5mwTwycgr6oQmvvK1yHrP-ME3gJf546Iku01vRDhNGHHZMPQECQ8igrZJVXsrs_L4EnXZD2-_WopvgkgAiEr-4uB0FtD9Mgn6OPO7R3wTt5zxkprXYdg5jTTuBa_s7S395FWkK0_bJS0rI_sQvJywU5mvTc3aIDh2Ipnhatx1oiU-Hw-ytj_5eRmTp57bR5EfDK8jdE1UOZp76imUPsNu1nxaJrWNZtvlBHRULdFA86uCeMn-ler2vZXh2adf_HItOju3J6LQIBCVwZzSGqgsjHX9b9Gfzj8B_Db_xKraJ5OrkuIteIetaLIee7px9sQKNOxIBaIsfBwwSFrdsgIca71tvMd1NCYSqNAzPmS7ADh8O5T6J7YhoA,רפאל תדגי,
5020,ביג טוסט,ביג טוסט,ok,https://res.cloudinary.com/dn7vbd6nn/image/upload/v1783345494/restaurants/google/restaurant_5020_google_800.jpg,restaurants/google/restaurant_5020_google_800,800,1422,134176,jpg,2144,places/ChIJ4Qyfg3rXAhURJsa07ctprKs/photos/AaVGc3luKf3yhJxN6ssuAitltlw-IX7TgdkbEKew_vnHd8Z1nAWQmjSTaHyOo93KsYR2_etmCS-tJm0bJNxvbKRUyGITuLMIhvn_5ggGGcMUP4fe21t12Pn02t5B04yAsGQJ9iU9HDuUYFTU7t6GAbdHArM-97iGSVP4Rh0x2VN23GwBNj5Wi0IuERck6TFGTCe6quJ3D5defq1m9uT9iQV_-iQjBA3qztsNNgwnDUc57k64elNKuLfMswQhwITVcsFz63zgUfEbDcuY59cdTBAg05BN2W6lPh3aRLz9Q_fsYaK1YjvNCcg90po-bDJ9wKLV07zc2_hdTqMcDsrqq12vbdjmSKO-nJzeEga0kpzur61zJWP2Z5ivA-do_9PPtvk63i7XLbdWRRkvczxIpQzpmE4-BZQIouIo4hnx52e1pc7qKtGg,moshe rootshtain,
5044,בירתנו,Biratenu - Jerusalem Beer Center | בר בירושלים,ok,https://res.cloudinary.com/dn7vbd6nn/image/upload/v1783345496/restaurants/google/restaurant_5044_google_800.jpg,restaurants/google/restaurant_5044_google_800,800,450,131100,jpg,1710,places/ChIJ1X3RodEpAxURAY5jRgtfpAs/photos/AaVGc3nByiT_4216itvd2qPdzHGiH6XOHC2XAMM8HIYmBc2MUSR5fxosPHczZ9imTveKgBgHzFHo_jZVgpmcpXybv6u2EA6tgJJdlaQEriCcRIxiOzOYdowC77Sn_iQufnokS8lYgIfIUFXLheI7pHwMD1t1dUhwd8vjIoZZ1nuCT_Ds9pe5uDqnNi2n-ShAFA5moy4x2wpcAK-8IUTNv1vsjSx2MFCHNB-L_WhYhzzjX33qPdLJvlBKvTWll8ueixmjke0zOZu3nX2HIsFgC-kNrigNk0_5X-XR2JOR93jjmdCoNTtJYNzlFMwsgr4XX8utposo13CrnLqIfBWm2IKcDRIqOoBdTwP71U_DlJO7BwCAHnW2O9UfKE_VTSxNXbpXywPVBmfg0c1cEgs1qJek76EYRNRhLS5S91NlQC5OF1JCc23VGcTcNxg68RQ7Br00,בירתנו - מרכז הבירה הירושלמי,
5045,פפרולי פיצה,Pizza Peproli,ok,https://res.cloudinary.com/dn7vbd6nn/image/upload/v1783345500/restaurants/google/restaurant_5045_google_800.png,restaurants/google/restaurant_5045_google_800,640,640,524089,png,3366,places/ChIJU24sJxPWAhURRB1wS4u3-Rk/photos/AaVGc3nYmIXI5IMGP3J54sQE8fZVYxiCYDmIvtP5tmP_g_rc8SOjUGIPJYffDXldI9-eBYlxqAxzMDVDJR62K9phH_3MZeOy8P-EWkzOqcmeY18Xp87r3wsVasRgt-6vmaMF1HWtnNRqWONoKTi-eW5j7lNwtLcnwLSQJe6URyZtgU5mMQr1l_kyQuPbzY0dLRpUF-Wi6yx6lTic6_grppu7TfA3RzGTn183cpv3ActVkJjM0aal2q1vJ-VupKAy4J52KCAV16yRdGAmB8cUS4BlWnTZV50EI5q4xOH9Gii7vejw7ELZ4p8RKHjpZgoP8GW1nZqJmKxShuQ7ISr7d0UyF2XBj8F612cBxvQhVp9trOGketKgcNSUYafw97RvZukjrOGWV0a9MHH7XuB7IodKn3lim-xniejTUwe08ejccNqRkg,פיצה פפרולי,
5046,קובה ופיתה,קובה ופיתה - שוק מחנה יהודה,ok,https://res.cloudinary.com/dn7vbd6nn/image/upload/v1783345502/restaurants/google/restaurant_5046_google_800.jpg,restaurants/google/restaurant_5046_google_800,800,1067,227845,jpg,2354,places/ChIJ9dkYkB_XAhURh8yf8GO4eZ4/photos/AaVGc3knthTESMsDt6PFKTFyDuWQAckyVn3Nf3nYcim2CPbyx8j2LFAu8u0OKRnz0H5ZJowYG7FbBUpKOOfbxu2kF5qJgNvL8-53jlSPtqKp7ChIOnN0V_zcA-u8Qhe7mixtzR2EEa4PvpY358tIC8Ok6RMU1uBRNNoz0kqlA6w5oazJ5OElVf55gcQpi8Bk8jFiw3Lf7yMddqnhdYTUgExLi-_vLDj7ZAXDJrvGDSxQ4FVVAJ3zFkLsrmIOYOm4Gz06OTwKRTuHgRkbhJRbnz4njcJQTZt39iXBcUky2GahNHi46bP2oNRqDWABtRc1fW7KeR3BAqUBi2MFxqRnOIq2VgKAxmwzPtRcRzFWblq_A_GOn5VeADZwt1i9mG6OZBPjE-uGPxQlJ7ca6a0kobttmTD1YnXaPxVX6cPu_3QPyitPtA,Roei ben moshe,
5049,כרוביס,כרוביס,ok,https://res.cloudinary.com/dn7vbd6nn/image/upload/v1783345504/restaurants/google/restaurant_5049_google_800.jpg,restaurants/google/restaurant_5049_google_800,590,295,135078,jpg,1619,places/ChIJj5zLQijWAhURqy3u586hnw0/photos/AaVGc3kaYL7uMMkKFXgUidW1ARdAgJ_uaWeZG--tt_gyufOGK0XKjr9j7gpJQrMa-uJH_h4YYk3hZK7dG8GVp7M3X_iQZo5gaRc3nnaIEg2sy3mZ5cihx772gRw41NfmO6S0c9oocNJN511ILcYl5VpImlnaLEos-z4m2QokCRkHTEpToZjKa8vaCHuNTcnMaO-m1apb0SdLyUO9M21hnNIlKR82ipCO_LrRssA_aZVRV60sBx0ThSMnfyF4T5am3bGLNfSYO2kCGH4CKJmxS5SMD9gBdjptYUja1bDDKOX-WeTv1tpCUeyydyGYFSI22jc97CCG-Qd5a8IaglLaR-Ix1OoznsX1Rm-2_7HRqvv9ejl7vjDVvIoQsTOtXZ_rdUUpofVb0PhLJX7n8hUlC40vFxwsnmcjx4l9vZsTWP4nkjgRew,Max Fokin,
5053,Manou Ba Shouk,Manou Bashouk,ok,https://res.cloudinary.com/dn7vbd6nn/image/upload/v1783345505/restaurants/google/restaurant_5053_google_800.jpg,restaurants/google/restaurant_5053_google_800,800,600,137912,jpg,1837,places/ChIJISUSaCjWAhUR_ZIwj-ybbjY/photos/AaVGc3mavj6Nc-vfvnGw8PYRHmhMOyrwxiXQbw6iaLnVYnqccaGYJckris4o1Lk9oZQQq19hMJnELnjlJDkmuLosXFkbN_YYIknV-bTlxW844BebNNh5D8sHlGOQc-ZoyhYQBiqFrM3RmdoSk5tZdgN9E147EI1nCdcRjxHJ1SSeMnc-tsJUPzFa5iMjzpNo_dcWXuEr3qfBo74ufJPB_ef42pY5B7fqoE0Fu3Akv0D5lUqANpUbpO8F3HJjjNVBr6Y1oTh0lIJUh3mCeNNXnBgOJqhDRBRhZscfUZExVBWVyTxqiuz1l26MM8RJHwA6cdGhIHksvBKAYxtbJtnc5J_gcfh2jvi5uvwZbzUd5D9cycUe5trUXuqJ8EmYneYd1pnLPY6RNmOE7RHvshPygXoPUPXPAjvStF8F12FJm8z_6HEo2Atl,Adam,
5058,בובי בורגר,בובי בורגר Bobby Burger,ok,https://res.cloudinary.com/dn7vbd6nn/image/upload/v1783345507/restaurants/google/restaurant_5058_google_800.jpg,restaurants/google/restaurant_5058_google_800,800,450,145780,jpg,1694,places/ChIJVWLFiNbXAhURHkf4gVkEJ6U/photos/AaVGc3n-ZXuIU9cGrp5lfq5h9qdfdsH_RyAUs0AoMOV95XGb_XQ87AIiRxBRn-2bO86ZAOG_8ncml0uZh3noDeIua6ObIDn0-CpSMi7_elJCkl4JyPHTw0HHDbxZPaqqFNCR_mqdS224m4eL5Wnj4CEFG1mMfmS1ER5pfXqlH1yhUznFttoV5mXQYpb8I0jjd6k5JzV5VS33dK4Lt74f0rI_ntQlt6pAJx_EfQrek4tuiM6SxnTaMTNJpv5kWMbEYBW8dzEtV1OrvclOspCr3VWg_2hs1G-U1MSrSMPGbkWw3HcvpqTPZrTM0sFexGtLD5y39FOG2ZrYJvjpT3WANheoHscEVZRBeoWIJLCZ_8kxAdYxDrUxea6VIkOKTn370hQ8NYeOgHHXawz72c5UBXvVGIxg6lRD4nzmwD5Fs-nb6sk,בובי בורגר Bobby Burger,
5091,ג'ייקובס,ג'ייקובס קניון מלחה,ok,https://res.cloudinary.com/dn7vbd6nn/image/upload/v1783345509/restaurants/google/restaurant_5091_google_800.jpg,restaurants/google/restaurant_5091_google_800,800,534,147906,jpg,1695,places/ChIJleJFlyPXAhUR3Y6jxtCguws/photos/AaVGc3kdlwtF18Rl_pXd1kCKKgllNNuOMZd_WCFNl6wIwq4--HfVa4UML-RcOI0cY2vuEfA-lEmPVdg9dZs2gTKSOSj58ZO2Cp2K8GctWrBW8Fm7X-wbVdw6eAekagqdBmq6RwUQpOeThye4C7XToIuNtcFg5boLg-u6y6xEKGLdT8aZGGyF1fUv0kgUjQk9aRCSK7e4fv9RNy1WOeCVQrdhOK6MzKoXZgYu1WWTYukQW70dtJY1VmtCRM6npHZ_mRKGQxmBCWos8fL6pmUIh2biEHlGr5n14LyIn4ryAlUFMafB9VeWDgZpM7ZWueEdFk_BNORMfYzsukiw-HQ5uI9WtblDnhf5Jka6SDu0VEwTqLzFbYCbmO8AV3HRmOOL503XaFkzayxXVGpLkrKVgorGcwU5BiZjLRqJiTjuODT7jeIjWw,ג'ייקובס קניון מלחה,
5100,האגס 1,HaAgas 1,ok,https://res.cloudinary.com/dn7vbd6nn/image/upload/v1783345511/restaurants/google/restaurant_5100_google_800.jpg,restaurants/google/restaurant_5100_google_800,800,1067,361813,jpg,2669,places/ChIJJ9EgZijWAhUR28_iT3OrwfQ/photos/AaVGc3nr7C14mGNxmITF61FL307XQZ0C78cTO30y3Tu883c9KMKi2x9GaQ5Hbfwazgcj9Sla11Edxv8VOI8W6sXNPs74a4vTYjQSx8nUUOlIP7aOtm-8T78TEj33vorkKGLSgiZX8rq5NxRZZZotnOg3_38qnGXqjwb6_tw3c9o1kfkuOGxlH0RaY-wSmM_02vI3LKSM2cbK-FEs2z-j3PUaY78LHCxRXBKoLRZxeNTOAMiD0kHN5ys48kWr9o96GO8-7LWOPIuh3JUFJs_MIddoUbuIWk8L_0reLW0DHYccCAH8vRi-SsNnygmRZCNiZKaCuPFachkjrUuRThM7YxOLsdruZeGJC4zyDCcIpDR1h7UI2VBToa49mp-dZbXXKpspYH2W1REx2vYg7MJCvcDLUQHCqHG75udgjQ5NoqIqAI-nHjgQ,Adam Jano,
5114,מפגש השווארמה,מפגש האלה,ok,https://res.cloudinary.com/dn7vbd6nn/image/upload/v1783345515/restaurants/google/restaurant_5114_google_800.png,restaurants/google/restaurant_5114_google_800,800,450,635317,png,3827,places/ChIJp4q6DF3EAhURsZqdMPzf4iI/photos/AaVGc3mCqqqF7JpVmV_cKYNwvV_rQju-yQZt3c5ybUAwKQaF7PVjHvv3i0LjIX0HGwW-FDc_gmRO2sejQeqM25aen9Ef7Aefn9pm2rGlQJNuabZnV-8-axtDIZkmw7lJbLaysLQhdVanubQY0EeY2_U52D-vLda-wEboC22QTdd6DCJATMb9HgrS6xw3QJ31inoL9LP6S8gFTcp8KqEidzai-hlBwSV1OdDXtHUB_tuE8TXAOUfG9X4IQ3509x92sDVy4RbrotgqapCZzzpd74Vi8mTDYRCARTqmzLjYAEK9wvsI5huS-mlrRpaFsIKFZ4cFwtk7vA9HqU9y6q7RsZXYD19sPrl5GwCLRuBpINT73D9nzeqsoZ3YmST9JNpM9E8OkPghbgO1qp2lvCcilnlZyC-NqJie7Ti9FuPuIrBBY_UIBuVwdxCJ-SsAEGHXePen,מפגש האלה,
5121,אהטנט,אהטנט בר ומסעדה אתיופית,ok,https://res.cloudinary.com/dn7vbd6nn/image/upload/v1783345518/restaurants/google/restaurant_5121_google_800.jpg,restaurants/google/restaurant_5121_google_800,800,600,190827,jpg,2346,places/ChIJ-RTZ6CjWAhURPiQH4GLecKk/photos/AaVGc3k6SwP4E_mgmiyBib-nw_m0pkjvAc3nL6mdYJremOs6xpRiVcVhpKxYVhAOLHqVeRtrcTlM_PNfsPQHmreiYsvY98pc_t73-wJpT8ReegJGM4zlp-WbtEjRTWfN5tflVgRdyWGkkBxKPnDetxrA9ialzirvb9tUs_uXa0z-O_Ha07Os8jhDQ6Dltr0u6cC9l7DuMF1AiM5govQZFTnAdXQLSj7Kc_GujK06NfSJZ_mNshtc-WT4c3eY11Wid5-7ieJUUfV6-2muyZC-QO5y3jr9QqgN7XPGzRFZo8gQaOljwQ_Rc6cgbBEq05_cqfRCXAlvhHKG2XeSCE3HDHjcQhNxU66EoMArf_OOhHS3D-MSfhtwn4NLGonGzxFo4h3mixRCo2MmMti-vxekwyYajRV0r6pN0uGdtFJLQf2Dzt8YhWHY,Tzvika Avnery,
5123,פסגת הפלאפל,פסגת הפלאפל,ok,https://res.cloudinary.com/dn7vbd6nn/image/upload/v1783345520/restaurants/google/restaurant_5123_google_800.jpg,restaurants/google/restaurant_5123_google_800,800,600,145086,jpg,2032,places/ChIJGbDlubvVAhURgjxSMKNw4po/photos/AaVGc3nhxgWQK9BPWfFTDzqPiup-XJzDqKxmUb1ir0_qlYdv860oWuhg4OisISH8-y3d7GEdy1s23cCFr6IVzFbIhwWjFg56rQelXH1lx_JmzLfJCAUO8CDbAkEk4EGDIvk7CgiBAqKq-N5kkb9C52VV-4HklNj2qCwOLAk8FebX76g_SJPtWSWmKmmZYfqnzfRlBF_2MSUMRztlhhRj88B0uIOQBrlCd2DREC5QZ8Vuw7Aa8QmoHhhM6XdHVMvMORqVNlHaFqnCiDMjUqJpgmp4VJz2jR6rotzJL95n336FhK0zl83JMAWeP6_jEEGpN_G2izARP0Sbv4sOKHuBmOTCBNZtbmLxn9B-nliywT4rWyakbIRQWeMJhsxq12j_M3CfTpC6yj_o9YiNadvCLfMDdTcuYhQeiWDD2cnFIIR_L0Ys-sk,פסגת הפלאפל,
5135,מפגש הרכבת,Mifgash HaRakevet,ok,https://res.cloudinary.com/dn7vbd6nn/image/upload/v1783345522/restaurants/google/restaurant_5135_google_800.jpg,restaurants/google/restaurant_5135_google_800,800,534,139362,jpg,2050,places/ChIJCRaGpzbWAhURhWF5JJ_tOQg/photos/AaVGc3lmXAZqXB6Gtfvmgh29DpCuUmibPxVWd7hrFBnlwHZMeT-ZsLfR-u3XQXqE8nYo1PRKyzDFEa52lkRVaPzrMSlgP9yl2-ERyEpNhuEqxN8hzVOJEPNj7sUk7Fko48AnIKWU0memH8W_w7BUxn7hNi7s_mVxl02C_pw_DEM0cIV8RFns3RAkul9-kUZ2WWIYPZFkv1qiic-vQaB7HOLqs7Z1dWqU2SSYb97j01obE5QZb2-wWWeA3q_IBrt2D7fxaqsc_YTSC_j8bFK5fz2_udaFIMM6byqeuS86MG_lCS9RBdTHQ3BpZGm_Ka6KUu3gtDhHcP8R5RWAwlB-qkh6KyeF_43F69YO8MRBgX38Kwf-uaCvEuos2Vvr5tbiUWi8plCckKbjZAG9H1LCLnWs7iTDDn700acgvF4hJMotC0A,מפגש הרכבת,
5158,גבריאלה בר מסעדה,גבריאלה מסעדה בר בירושלים,ok,https://res.cloudinary.com/dn7vbd6nn/image/upload/v1783345524/restaurants/google/restaurant_5158_google_800.jpg,restaurants/google/restaurant_5158_google_800,800,1067,204754,jpg,2236,places/ChIJn1TyB53XAhURLt0gnE-GhEE/photos/AaVGc3lD-I-UvEJyTX-lUHbVv_r24D1bJnuw52NWVJVfVOG9QXZ3X6vXLb-MzeFkYzpC90O8Cj9B3MxtI2WgUUKZUZ_kHRJ6dlzYdnTjhbZjhviVGyX0GHF-qtg91xMdyBT0IlFWhLl1lBtncW7OmAup-FuvdJwJ2S7pMC1oTf5mBSb7tAcfn0_adrFbBzz8W2j46f3jlqagUbS_VxSGnG7ARfRi7CDLbLEJ_qg2APRu3CR87IKjlIJ21pF8n_aJvWz5rodMRQvu8GFt-2VfmEyi6BBdJ1Fe7DhpWu0x2jhGb0iEQXScRGrs_yK6XjBIAKrh_1M4ZxhsrcqQUfynYwGW51qDsNp02w1eExkATrdTv_Q9b924KaV6BHWu98jhU6RUKpDZczot5bVGack38ZwFvj8W_oVg_C4UFZG7q6muun_bjHsb,Georgel Merlusca,
5159,לה מקסיקו,לה מקסיקו - La Mexico,ok,https://res.cloudinary.com/dn7vbd6nn/image/upload/v1783345526/restaurants/google/restaurant_5159_google_800.jpg,restaurants/google/restaurant_5159_google_800,800,800,142824,jpg,2038,places/ChIJTSXHx2gpAxURHU2OP-6B9Ek/photos/AaVGc3kXj1kcNGSvKH-L3LDGQTJzvgO0uafHRshUfDn0oh8rZklotvq3idgvLShw9rbyIsHsennOJR5vPVxCDT78EL9iuKZQPJBozaxSkiUQ8Y9LnQsu7ZP_r7rTWqakwRb9JFj5x3xfWM-73-ZuntPlArvXBB_bBxC2oov-xjF7EBRCWhbjOwG2uybGt88KzxUTUVmg-ZGnI3SGn6Gw4-WZEnayEvN8grKpZf0DEgbOoQP0JzgLxWfkpYsXYsMNOFeBF0mCaeCaltM41KeB9-KoGk51XJI_zljFZsY85ZOKC6c9zRERIseJq88LKj-BoL0IHG8pSDHIeXOaJDsmuwQPw9kpqSBNkZUIf_336arlW1g-y-y-GPCbTpqlhii9F-c6m7YCb5rcwTMZYpJg_9K_UCOKyLNAcqT44cs0SYfoWk9aEg-q,ליאור אלי,
5170,חנה ופנינה-מחנה יהודה,חנה ופנינה,ok,https://res.cloudinary.com/dn7vbd6nn/image/upload/v1783345528/restaurants/google/restaurant_5170_google_800.jpg,restaurants/google/restaurant_5170_google_800,800,1067,159241,jpg,2137,places/ChIJtd2xD1HXAhURmTTW9KOUWM4/photos/AaVGc3nRymN3OUILq6rjFcCFzB5Wk_nxkaJ0RVjXMmRsbYAiAKDmeACmOv0w5L21-axMpwjY5xsd7twC6SD0wrCzZVWJTZk6ts0lWWtP8A-f1yS-Mr4af0rrTp5QaxdgNIHr9LiEkWVFiKLjorA3pnbI2GSeHodF-RPoOg1bGs-APMeLXz1RHPpUW88TZQCXEsi9fkI7X6u93UiMS15Qe8q-Xy8Ez2iPN8iZFthpLpipkSnSfLE3GcIjBJCWPfMaBKbcjYiARpHmHXsLXjhi7xErxUO_SzKni8igRK_3HyfY0HihS9FhDveSQENx0aJIyLtLUETwdEcXc9As3WwGqACxswuARAqUWna1CRdyBP6pKTMzsfV-fFFN1HbqxBnbkKpYMeLo0PuA3Lxa27wJxQyJI0d-8qGMNIkb1j1o0oczMBQS2A,רחל חיה חסידי,
5180,יפהל'ה,Yafale Restaurant מסעדת יפהלה,ok,https://res.cloudinary.com/dn7vbd6nn/image/upload/v1783345530/restaurants/google/restaurant_5180_google_800.jpg,restaurants/google/restaurant_5180_google_800,800,600,112910,jpg,1476,places/ChIJX3edRx4oAxURB3AaFMkdXk8/photos/AaVGc3nIMfJX2IjjSwURkfNtZJdVBAOURHGS7mc1oPky-2JLzIP44OnrNJ92ZKUnw4ApKn0pjYgauOEZrjgXm6p6QCTrianbeIZSzKAJNEu0XLqWv2Xf90ePpJfRdEwoLWfZu-eeNBew4Sntlecd2UxlXS63u-WDHWdq4sbIEhbceVaJveaP9SY4TyD4CYSJp6oeg1DyPcZZsN8-p9gPsIer5CKT2UeMeGvJ-8rMPSdtVJsNEspEFZji4oDxZWGj879-SF6mx5WwG9hGaD2MOl3PKM4dEy-X6Q9JTSdlLTX4OYBcmVeKSKC3OfmT-RlFpbuxc1rGa72TygaWMo3egmX_LVISi_E5U-juZNofGab13HgG2H-zX1xcnCtDCIIlBG-Fl71nPC0juAcPyqtxSrAo64L-ZFLyZeEbHhbbXzKekPPpmQ,Yafale Restaurant מסעדת יפהלה,
5185,ממפיס Memphis,Memphis,ok,https://res.cloudinary.com/dn7vbd6nn/image/upload/v1783345532/restaurants/google/restaurant_5185_google_800.jpg,restaurants/google/restaurant_5185_google_800,800,450,138642,jpg,1727,places/ChIJqTT3-SjWAhURPAJ0QffM50o/photos/AaVGc3lhxwkJLG67nXMI3UZn5tut9NpcVaAHhqWgW9NhEbmK0ntDJcTYQqd1y76HUT8rVRR2OyA3ExYNAYIn6hinzpibqaUjnFef1m4BWHXcjRspBu1uCKjuSY9plaWo0Q0SAIR45gYdPbFL8GSqhZeyU2PuA6gQBDg7b3ECbdQuO23moC7Q3gjm9QM3KbCdsUTEoiwS7ygeudIMf03MqctkfsQtS1SWYRMDea61w5o9knQYqVonJ9yDGz0rMFVc3VDj8hD1QEAAdMmUSnjD4n5JzMU4RGvSAnm1lihbvUQs45E1rNs0n-PVkzHeeUUT71_Qsg9pZ-Rov_-_I0CNS8FZusyscQehMo9JYYr6BXSFcS8ldTZCB_vTfZz5yJUcKREEwpobnR-KBSYTt1Te_C3svItfe23b0w1HAnj00RwHphI,nili & nati bengigi,
5187,דארנא,Darna Restaurant,ok,https://res.cloudinary.com/dn7vbd6nn/image/upload/v1783345534/restaurants/google/restaurant_5187_google_800.jpg,restaurants/google/restaurant_5187_google_800,800,600,157295,jpg,2461,places/ChIJ0wpnuNApAxUR7a1vuaLmfuk/photos/AaVGc3kEsC-goIgqhrkUpQy-RE8NJ80jvENl40rdPz8rQObXMRqRLoxAUkHk_GqEfxRqbtqhQ7Qnf-9dfXHVmcbtgkbl82xual0l75EhyA2sCwfQvr4Vf7P0nl2sXNqXGVi4mfbpUw1eBRM7zfgwOW2pVbDMRkyMsaPZ-L4MC0FkcDy-RH0lbYbWXXhyXw-ePQAIm5yv60okN7a3enUnEI3JgfumcZb27oPfD7iADFlDbW5whjZHvCHzoLKm0sDke9LtFxFnQZgTYM1fPRUMfWJ5334WEkXOs7FUeA0g6RT-OoQ1JXqBxCxpxC9d-sHHOdZPiAcTYJJBGysr4rdxLfsq6rX15jahz025Up-4PBCKkRfej4aif138INTjYEfxma55JMJS_y0XkXH2-02jtypgRPTOs74_LqkI5unPiau6BaeGFQ,Ghassan Maslamani,
5210,פיצה האט,Pizza Hut,ok,https://res.cloudinary.com/dn7vbd6nn/image/upload/v1783345536/restaurants/google/restaurant_5210_google_800.jpg,restaurants/google/restaurant_5210_google_800,800,600,114297,jpg,1550,places/ChIJB-V7ICMoAxURVyU68Sy-34c/photos/AaVGc3luUDOe2pTFDc3yJ1uCgc8sdXHQxU71wTdj2WY8q8WsEOurVTwDDQN8ONxHXen89CzR9wevh9LcJCaWMRafA2uZsMdpmpf46Hw7kKXOiefimnoY0K1E4S62rW-nuCVbGAgNCk-VaLNf3sQIrxT0FaywBcpYrQxkyluLnOzmtKKFyGRWDDH3T9jmBb7J9_DPnOzmrUGuGJR8k_TK_LTw7gAanwJJTRIBgBMrJo0vD5uLi3P3t6OfdFPRmBDNZVwhb_Jh6dWq0XObtfUt5Kp6suMOdmxDkewBLa2_LoPY-IrTp0qExZO8oJP3kQWxpoe0a2EFq-eu8M2GbxqneZdlbhum24E3vu_hpxUXacTO4hM8QiI4dKFn9ObQrcLryehHbu1otdksd51JmxSl8-0jjCAwtQnFh19QGyhtWHC4xwAquUxdZmHlVeDtMquk8A,פיצה האט - ירושלים - מלחה,
5216,פיצה בר החומה,פיצה החומה - פיצרייה בהר חומה Pizza Bar,ok,https://res.cloudinary.com/dn7vbd6nn/image/upload/v1783345538/restaurants/google/restaurant_5216_google_800.jpg,restaurants/google/restaurant_5216_google_800,800,1422,322452,jpg,2089,places/ChIJIWKlW_YnAxUR5mVvqzrBoGg/photos/AaVGc3nlt8rJNzAu3qN_n8ZpWfBIi6r5IeQlKJANfvLSlhY4WZ-kK37yXAVlQ4JaxKgfQDmYviVvxsWtrSUAE_Gp3JcvdA6ja99NUNb6BxKg6sVDjqPPy6nOo2NWe5BIoCu5vJdl1bVhMFJi2VcIv1l1fMb4WpZ2ablziMiEEdFeEpO77aGefSTvhx9kI9au1qXsZg1OIXyFNunvVHNSMUgvqBBi8-xR_HqyjjMW8hgYQ1Sk2aWDekGk18SU4k01-XwXUXF-RptNcjpe3hpMDBpKzI4W4JCiW9YkTALfrDGraTOhpG6Q0pdGEwfcNvluky4z1BDjKdi1kMs4OKVMw_rTf9bYZmLtUx3a-NBhVG7FF8KsjyAFms34_0amV-kV3VnwyKDMJ-6qS5pEJ8BzIIZi6c-rxijq4PrgYmn4K4b3u0gahOu-,ישראל ביבי,
5217,המטבח של שושנה,המטבח של שושנה,ok,https://res.cloudinary.com/dn7vbd6nn/image/upload/v1783345540/restaurants/google/restaurant_5217_google_800.jpg,restaurants/google/restaurant_5217_google_800,800,1067,261470,jpg,1994,places/ChIJ5fSLTyQoAxURiQ6AUR44e5s/photos/AaVGc3m7aoSi_CcvlNMWfOpeyWqaNEx7ySnkrAuPQpGpoTImjEhF4SY-El-PDGEX7vVcvDEpDUnQpwKmEQyACuE3R4Oc-qUyS_ykheT6FFprKFUV3pGcu96LsYFxQmmICtuaPGFP45HpL3e-UpTziNP1T9pk5K9XOU_A_ygbg5t39Cdl0edCibHT93rXPuXH-6Dt4LeJpWyQmLkIBtUGIiha5-1-pPw01gw61YjGYASBDHjzYlZtqkOEUb-cPzQk91lIGO23pBkP6fUn_oaCYJjRQAU5QcoDuOjzCoRYp7VxIzGgus8vhVY0PgKFEtMHiMODP37MW_tFyylFJHtYl-WsNLgqHKJ9c0-U82IbCUxdKYtut92zR1cC1PUE3sZDTZgC16qqIQQRnwcx0VaP3_VBY3X_Xl_0kI4T0cKARxYItTTP9PI,Bat Sheva Israel,
5219,שניצליית אבא 1966,שניצליית אבא,ok,https://res.cloudinary.com/dn7vbd6nn/image/upload/v1783345541/restaurants/google/restaurant_5219_google_800.jpg,restaurants/google/restaurant_5219_google_800,720,960,77757,jpg,1730,places/ChIJpbV-iCorAxURACTaZOWafA8/photos/AaVGc3lqAgI4ZvCM2ETFWrYavcIa1l6B-tN5PS02inyhBBSGXWQ0V9i4P_6WQExhbzwjHbA0YIIVdt2Wwksztfx6wJZ1VnQhyPRz8_SwZgGWZL45icMlI-g69uDbdHdBW35KddoJdgodso0iaa74sCvxt5ByvzH2cudK9bA4cy_-Kz-YO7x0wr3WInU6CNaVIIVAERJED_wRyKyMgBqIWHHUffpLBKx86ZlAT-nZo-AZeRuNYq7Z4AmKj85CpM-CVexU-kN3lDkFvlmCZ5Lu_cwl94jU_2tfFmfDrNV7H70AYriwsDYrCaoS4GAU4HbcPJIMHMB_pcf-Utxwc2ga7e4eEf3QDFf_T4AKBS16u1KR0uE2Z2z2yErXF_aA4jdkcwAeDGaz1Semm5Z15kSVGSFzFeq1zn3jFuJQ7ZdhBUBVCIGz00E,שניצליית אבא,
5225,פלאפל מולה,Falafel Mullah,ok,https://res.cloudinary.com/dn7vbd6nn/image/upload/v1783345543/restaurants/google/restaurant_5225_google_800.jpg,restaurants/google/restaurant_5225_google_800,604,402,49814,jpg,1625,places/ChIJ1WShwijWAhURUccBI7b2Gh4/photos/AaVGc3lsBv43PS5AGIhxqJb40BpERNSBKeBaM2v7wYjUK-e-4KNmr7fg6omfTHs298e4Ue-7rBE-0b8-9XrpLpWBkoM4HSh7U9wxfRWn_K9TmM3NDYBkeFB8uyjBbUk0my0sDFoLMgkrU-sbFkSzozLvnR5qaiNK_KH6GlonlQJXroiKqnQEgm0ljJF9I7yPC8PVBAlC7Ov5E7FYCVQ61B9IvxTD8d3p8mN_Te1cLXBJ4qa_uZOvMDizwU1nePogE9gwUNUUIaOjMpvOo7iMRDpvrgrjz9ADe5IZchamACs0ycEH_MsDd6CQcdQYQ3lVH_UZ_Lk93ko86omkRcrUxrKV80h8czwR3aTL7-Tdep5dVTqe-fU7C8nD9Yo0iOb4TXHmwAyS0M3S-Jze6VlNS79TttjpXfCInTGZS1EzlX-ZnS6aLw,Falafel Mullah,
5231,טעמי,Taami,ok,https://res.cloudinary.com/dn7vbd6nn/image/upload/v1783345545/restaurants/google/restaurant_5231_google_800.jpg,restaurants/google/restaurant_5231_google_800,800,600,134925,jpg,1727,places/ChIJof0XWdYpAxURYlZbbM2osIw/photos/AaVGc3kAMCNY8FtqFX54uGBLMsMceBHrKt3JV4QMR8lw-koFuGZI2H8N0CWX6WyUOfpmU7qtXKk9WeVJZpzCJlr_4IcfsEI58Wl5-uqvCj-PmjyX-Qeb2Tyr856A7m5M8fBxeOeBjGgA-CGieOcTlvUf3v8WeIgwWpBxMPHVeVuBXTA-wanclei8-xIFSag8qmG9tTj7kb6BBedOthPYjwU2tYWr1P3mOMM4apHHR3bwD-ZHK-_MwFbX4rUrZgA2TQ-vKWkrL4sl1gSoT7t4gcfAppi-LrevXxyQSJF-mOHyQoVG8HKEU3aeMQygBs_ZcC-sCGgSt-tUUMnvKuMMwGGIv22mkOn7GWTac7k7VlCy5Fa2RB2GlMTCF0pXCEYC13sTK90ZOBf_8aHMP3hQgVgWMB-oHtAmkwtH_FKNJXqfpJ_1BQKz,טעמי,
5239,פיצה פומפיה,פיצה פומפיה,ok,https://res.cloudinary.com/dn7vbd6nn/image/upload/v1783345547/restaurants/google/restaurant_5239_google_800.jpg,restaurants/google/restaurant_5239_google_800,800,534,132787,jpg,1889,places/ChIJnZqrPtEpAxUR0QVcNAvKQL8/photos/AaVGc3k2dW1Rk5Z2Qj4wz23_atGFYT1Ys8pZhQYw_EolmOK1yRUybCXONE8qE9Vtm7p-wwh0xJVJ1tqTKDAY4fCUab25cu4rsnz3FsOSY9-3Sz6hrNxb1A454LWuEcBgSmsDEc2bBIRNxn0SnOhK-GpayFPHUNmn6BIUtXwhufHpwhe_s0AvkosWasavxuTvQZKhPDSMbdkRl4fFX3VKGK8HvDTJSBHfkOH80gxJLEs6PAq-sfcXYFu83JZFv9Io1ii6ltnIcrhGibWwJ8yCgslrBfJulRQQvpYXtI3bVL8euYEV65TQL4ubMN0wXeclVfxg-5vpPMU3BeJtPrwi8JPN9J8JiZydy9G2JjjivCLmyqInsOslmCwHIkCCMevxH97gWtwGZxcX7pgkwNh4c_ZOm8u7SE3urZoaI6l1lSaT3O1szDIT,Yaniv Berman,
5246,פבלו,פבלו מקסיקני בשוק,ok,https://res.cloudinary.com/dn7vbd6nn/image/upload/v1783345548/restaurants/google/restaurant_5246_google_800.jpg,restaurants/google/restaurant_5246_google_800,800,389,100766,jpg,1829,places/ChIJp7Ci9TnXAhUR_UxaHWDn2ao/photos/AaVGc3kigUE90rMS693D_emjROCqEPR9lZ29k3IP2aZXXpemDvvH1TsEzs6MLy-11zopnXJVnt0jMy-lkiVdAaVoKdr01c9Hggssz8JR2Xx_qGskfPZ6kR1KwAsKPrtN2JIvh6UjnerrX0WdINjjafUnGupmF5eY_JJpdvmQ0WrJRw7ORlbMWhQYOTvROLrFTuwMc518NC8jXPheyLt1BbFAHGF04_XaKm2UDyR5s1OvlGg6djn8q-nrZS_-HSB91OI2kOBWRsJOYzGs7FOglSCX-LgT86YFb9Q7FrOkZqru_lPX7GpC9moA_hecsw2zvYA30xpwKgDHC0AbIUvUUn_yGhXevPQQJpXcyPLXEdug_vaH0gsbAjdXqMApgIT6mgDiCyM1nXOmlAOK791sxBYl9mPUkwKdbeWbTs2a6hhCGZDXYg8,gilber3,
5261,מעליא,מעליא,ok,https://res.cloudinary.com/dn7vbd6nn/image/upload/v1783345550/restaurants/google/restaurant_5261_google_800.jpg,restaurants/google/restaurant_5261_google_800,800,534,167945,jpg,1729,places/ChIJCYzwaYDRAhUR0W7hBZqK4rQ/photos/AaVGc3kGTYT1P4Czs91vRXDTvjL3PW_0vyKaAUou5-CTAmsL0ShZAYNuoChwu0GTYSTEDEJlv7lTmGEcwagXNgirHSxKmhEM4qn--ZOhQtO0aKoPVe4K3mPGZiLLMhyazqz-PQ-UZwv8ysk_tvb01nmxHIouBd5gPRgQg1GadDLb4ohNiurQZqdQMoBwYHRdKwTxy64ctUL_ekUlwRFXV33O1swMV6_AIDRkD3d8N4N1NF8FKFJSxmesOG41herDTi1XBjReQ8Fl6LgRhxvSCKZIs70ivCMACbr-DT0GSaWbEBzALCjfk1riupLdTkBmfRlW0LsPQsB4paoACC7hbJaYjmHnHT6fM3WMZm2RPGviMZuYMG-JkN4yfZaUkb3CO6rAfi32JYmxXVC-typN4YOQCo7wxCiS0ncd9Pg4J7BKUTqlog,מעליא,
5262,סבתא ימימה,סבתא ימימה,ok,https://res.cloudinary.com/dn7vbd6nn/image/upload/v1783345552/restaurants/google/restaurant_5262_google_800.jpg,restaurants/google/restaurant_5262_google_800,800,1067,238642,jpg,1943,places/ChIJBRhkqwkpAxURiDten1Q0Gc0/photos/AaVGc3nM65Sgq2BKcZYFiIWD8sUR4b3wp9q3fEyioHkpO05ilAWK9fW3JWuX3VJZFe7nRo2hjhONYorSkzBwOR0-p-yJjm8HgvCmgF62wxpk5snHGF7Wdo59V39VMwnQ2ZwTfLX9K3K8H2sYvjmDIU65fHzIrn9vMA_dgS09edC_OUbmVDs0SBpoWtOgCW3lhvr04zX-9Jlv9SXYh8JiJ2TTi0o1NkQcQ4OeUYZVhXOXb_bbPTV68XO2LkNdlGdDCkmOSQRUoFKG7__IcsbTw1Tuq-7bm6dc1gC491N1OT3Z69oF8rdKZrx4ExfaTTGzCqxNB5uCYnert5kArr6OietnCZnPExjnjceuMxoNYym5sLfsscZzAxA_zshhynjpbVv212uwSrfqOdEOuqz0ZCb06jQ6iCjjnpHHrQtWaCQxOyJCqg,Edo Litmanovitch,
5272,קינג ג'ורג',King George,ok,https://res.cloudinary.com/dn7vbd6nn/image/upload/v1783345554/restaurants/google/restaurant_5272_google_800.jpg,restaurants/google/restaurant_5272_google_800,800,367,127436,jpg,1859,places/ChIJB8PHCjLWAhURxN4CRuJhBfA/photos/AaVGc3nFrU4YFV7k69YOpGip7YlA-PLNxHWK80bQaUbI3WFr1sw8SYMxWwX-BzD0rwjlDg2Gchya4_YT0ZXAg97W7FhnX3l4KhQh0HgZfVvkn6KPehK2eaOSK95NnBvEMUv09xX1QxehVBjOjCAIzuC2UGHOJa_DY2ilVZed5iwZB4E08lXhdpAwEOhNqTs3LcB9Brm7T2onwQuUdpeRyuocMtVEV8YQ_tVR8O56cdA58otMMQFvKAeV8_MjnEyCg3N0Hd7_90yCiYIdBgxJhp-Gh-8lysBFAGnRtpzHKuwPg6JY2qzu4resUgmVBFp6t5lOSBHqB1Q_w660BcwBTXCdyUBtjjUALL-SXmPK3x2m3zRNMs071wFb5zv5SOpOdkxYwLv6hoVMai850bpKxsnzwKO328sJ91uAdHU0AH_2AGGmi78,MoZed Yem,
5279,ביר מרקט,Beer Market Jerusalem - ביר מרקט ירושלים,ok,https://res.cloudinary.com/dn7vbd6nn/image/upload/v1783345556/restaurants/google/restaurant_5279_google_800.jpg,restaurants/google/restaurant_5279_google_800,800,769,258186,jpg,2211,places/ChIJg7rBJu3XAhURR5Cbbboh8fY/photos/AaVGc3n6uEVItFsAfRL4TjAnSZMK6Ate-3Uy2K4Uaeb6ua1YyHBjM-NKwGO40FVcIVB_TMYcxL8Fqseze8tFUlieZudiTpBZy4xt_dm5LkKrsLJIG0BQKr9ZLFjpzT0fM8p9FkAuHaCASKpqSZgB4r0dKfD-VUTX_a4ZK91mL7g5kAUoZuKQAOm6y4q-Hg6M9wbzhLxltTiAXcPymiyROYASgI1NsE41FcvyKgsUT6Ug7O6RZVtT5WfQENAk0H5GFAlLx6EOEkn0zhfOcTtzX72GSKU9mGiU4CDnL6cwOF9qj0jlA_4K4nKrAP2EFXCJrgAm_oUCMatEKL2-23fV-PCvUoIXkMgTlM_SNAbOIBMm0ka-h1U8-sjDRZnFgFKTZOAeoRVQHsbDrklrQMd6vRO87pHW2CB41sYbh2QSLqYUzLxrXQUL,Israel Amsalem,
5280,פינתי תלפיות,פינתי תלפיות,ok,https://res.cloudinary.com/dn7vbd6nn/image/upload/v1783345558/restaurants/google/restaurant_5280_google_800.jpg,restaurants/google/restaurant_5280_google_800,800,600,127262,jpg,1536,places/ChIJMz224h0oAxURA0WZD1JZdic/photos/AaVGc3lBVDMmYJbKT9wqA9AnNsyUVVo3HVMWrfbOABz1PpWdzek2hLoXxNHdHliGYspQ1XTIGzYLfdUObTOaD3MT01vImAr2TRkSjwxdmlC5WTG87CgUr96H2vdR0Zvo3vHzOg2A5aHlx7oIdG8DurqVqYHPlq7FNZrTSq1ZGFc1gDjQkAeG-ZeHh2QbiW-sSqkNzq3QOM1aSHoakd-mPoP7fkU3bDpx8tDFqVJnJI0JRiQRmr1EgDyk0PgSXxM5gqWgdlqbFWov3ElA2XB7SAfr_2bED1TG8b3nLEdx2nNj5oTP3bLJ0YssJ6-vTzjZSJ9jGsjtUzpdkdb5cJHDhGR5CvokVFH9SavSnZtV8vnMI7sy4oQZZAHFxAnuA_rvViJ2d74udfmbqK9hOVRq6u8DegzaP3xRCEMA-wIwer6mvgkcBQ,Alla Anatot,
5293,שפשוואן,שִפשַוואן - אוכל. רחוב. אווירה. Chefchaouen,ok,https://res.cloudinary.com/dn7vbd6nn/image/upload/v1783345560/restaurants/google/restaurant_5293_google_800.jpg,restaurants/google/restaurant_5293_google_800,800,600,192446,jpg,1818,places/ChIJhXHE4vgpAxURKc6eXRrW1eM/photos/AaVGc3k2MWt4adtxBW1pA3CWYuOyM2Fy-CE-IHzhmWsBvZoTDxKcG7QeNehD4sTeXKQIBz2Ttkedytep7OuzNLFOpLd3dv1jsZtUWjD24pAmJy7vkwI-WAJNg18JR_DDkR0eC4k2uwMKS_scVKxAnRhLg5HzCI02KdOHUykrWq-gWpxwJGPUW31hae9ekT3pAioJH72mjfaBrfPkXdJhd7JTFitrcdeQ88iboKCDljQkq0KJAXxbaFjoYas0JFTfaVH8uZb5hZ_mUwU6y2OJg-I2Zd7ZltIaxjfpHOjdSQtMTlwTedU-I48FRP_7PaC5ApbiaShTfhFSoij8GinsmnGx6Yx75hR3q6_KLndhUmMsU4ykpdRwYqWQoeRucflqX_I0TYUU4jLw4WTqvYeBI5N-tTdG_C-gxU4Pa4QRma9-AzFIgZt1,יעקב ליבמן,
5296,רופטופ,Rooftop,ok,https://res.cloudinary.com/dn7vbd6nn/image/upload/v1783345561/restaurants/google/restaurant_5296_google_800.jpg,restaurants/google/restaurant_5296_google_800,800,534,140052,jpg,1781,places/ChIJdY3T2ywoAxUReydvAnwALtw/photos/AaVGc3n5kwHlGxCCkPjyyawZPCzUKltsPq8Sp3gwDCkTWtXbxn3HvsJ5HzvzK3o7qiaeI_RzXWPJXtXb8vm6st0H6We4kCX3YebtrPhaNaXdReVq2AosiKi6x_oLFSL-B7DUFrWyjbzIxUXCW1NR4T8h9_8E-2UjHMFIrKDzRoB_ET5QBO-OmFyx3DuoOVXqbK3Iq4vpJld0ONDR3dpqxNT9uTJgrro_Fs0ecisS9QY2rUEu4elIKfRKIDl38P4qdDxxVPcL5-vNFplqO60_LJbX990kB7VQsq6czWDLmXRmfCQvm-Wl_qn52vwb77Q0JopuyF3NnQxZO1Jv_8zv6lBHG_ZCzEp5fH-5EXwKMZwoyMqbQzI6_0EYisgPpEguCBUUBnwLKr_0OBgTpJbbQkh2h4qOxvde2OlA2xGcmLNslqmy-kcd,Rooftop,
5298,מאפיתי,מאפיתי,ok,https://res.cloudinary.com/dn7vbd6nn/image/upload/v1783345563/restaurants/google/restaurant_5298_google_800.jpg,restaurants/google/restaurant_5298_google_800,800,800,85169,jpg,1782,places/ChIJc08IUCjWAhURCs_VgeUohRo/photos/AaVGc3k8C0Tux7fEN0GA97GdudyAtEcQvv8xo6IRkPS1qn5hwJfK4PIDEx4yyQQEcGkhCRHQHRTR3D_N5woLao7WHpqX_FD7hBX77IbgS0XZ-tXe-7fI-VjSfQY1ZMXYaabsPayPrSCtuu1HeX-gP1T1SPu41wCnnxk7HQEV5qzo9B7PbX-D06o4PmvKWEsP8tqN8ZrPYne33y9C8vqf8IMi3hisDksjgilKxFa4pOwj2S-byaV-KjysAto8P_6hQv-qfg0aKeZl4PUl6Z51iNzB4SyMUa-ThphTs9qNcPisVH7pfA7scfUV74dGKgxL-fNrGua6dzSRbKX4HXXu6OEXL30Xc30VcNhfc3Dkrkpf4hoFiOZDNBL25iaNxhIhh6hyTFDy9Ah1SFupZVve6If27U3jPE4ExHFaLaMW-C3o9FM,Racheli Ver-nir,
5305,פיצה ריאלטו,Rialto Pizza,ok,https://res.cloudinary.com/dn7vbd6nn/image/upload/v1783345565/restaurants/google/restaurant_5305_google_800.jpg,restaurants/google/restaurant_5305_google_800,800,450,137725,jpg,1629,places/ChIJS_zBNNbXAhUR6rUDkwIVANc/photos/AaVGc3k2L7m5yLeRYN9aUoJZ7F5LmeWoyi4TuShU_qeooIbnVIhk9xFUt14Q7dLjMxcdFL4ynvVxTsrjgFCa8fAYc2fF4qZpmmC-uP1u8ASSLKi0C1dsn5hUZSB9VBraccOm5wI_FUJWwWEBulUxCHDYrHoP2WHBQDhJ2b65LNGH6_yhudofoV5yDBWElzsmBToxds2Q2q3VQJ-L4klHWbA6iF85cnVLyaavH4pW2WYwFK47tewIeifelIXEglxt9RNvj395byulAukJcwFW1EAhbVM-ct9L-AE2hM1T6CI_4ZtOVs_UBpD5y_QWpjfDX-vzQ7QI-Qk-42--lzr_Ainrjm1I4Yqba7iJuq4T3Uhs7yHHO8MI5-wywL0CKfQn7W2x0pQ8SGu0U67gpxFVpl9jZwB1QMIK5Mo5NJ7tYlmQCMszNQ,Moises Zack,
5321,חצות,Hatzot,ok,https://res.cloudinary.com/dn7vbd6nn/image/upload/v1783345566/restaurants/google/restaurant_5321_google_800.jpg,restaurants/google/restaurant_5321_google_800,800,534,152651,jpg,1497,places/ChIJSRmg5SjWAhUR5IfpOZ6PmWw/photos/AaVGc3kz3L8doFDUxoQW1cbn2Vi-YnDt77oEKuBbxRzUUraFqTPiKFhB1rzVw_akdVSF6btkRDFIjpiHrGscq6NXiblUOnsU_HQLLj-vkkITdGMCO5oqQ90YN4Px_ZfJFY8139fLoBqyIjf7RVe8EeQEWcQP85KZw8wShv2eiYp6G-amaPr7QqS65_LIcuTY11LkRsmpiuW89MTEpF4N6qhA_rIeRaLUSI8voZJY-QGaxNkTP2jErO_jnqhxjiyqBBdHloMZtapqYp2TkoFTol2DzhTGVcH-o1drXlq17_DN-y_abQSo007dyi4QfRzsgrBlf9I5JwSVVQsAy6C7m8BbZPtvWkTQ3LHv2u8FNJHsHf2p3jubqHgNUWXVsHaRttSI-ZAMf5xeitauN2tCfTwqTNCemcPUgv-itDKm-1rfWFLP0uT_o1jrMSoqRkeaVWJ3,סטקיית חצות,
5322,אורגדו,אורגדו - Orgado,ok,https://res.cloudinary.com/dn7vbd6nn/image/upload/v1783345568/restaurants/google/restaurant_5322_google_800.jpg,restaurants/google/restaurant_5322_google_800,800,600,101365,jpg,1763,places/ChIJzTigdo_XAhUR6mjjmt8aBVM/photos/AaVGc3nIPTgIFzUvjxWaq_yTEy3QJC6Fa0LXYxXwiP6RORAbsVmS7YIDgToyiy5SxuTCqw41tWuPlQtCjvkZISkXn_U1VdQFZ3nh8d1AItFYHoe37r9BpfTesFBqdgcEeOb5kJa09A4B3ZsHIq58fkTEnS_Scpd_8MuWUCCFVGwFmWIjeJEbgYq4hdD7F0wt-rL_rMFHRXI3k9OhxXNXIyvoc5K102FfPz3cs5-Z0NI9_iA5Fm83WagTzzAc0lfWT2ac6z9h8aRtsWVxNWUO89S9dZTEV1zJDYV2NHun3Ztk-OykKLrEN2sxJv6TCloNfwL6FaEXVK7JU5ug9Xf3EVt2w2YZwM8xaED0Ttkpe18lnFHArEPEur86Nxo3OOWZA_hK-gZXqV4wtksOfW-E-lT4eGbXY8oI5QhXaEn74iBY3Js,Pinchas Margulis,
5324,גריל B,B Grill,ok,https://res.cloudinary.com/dn7vbd6nn/image/upload/v1783345570/restaurants/google/restaurant_5324_google_800.jpg,restaurants/google/restaurant_5324_google_800,800,1067,208037,jpg,2036,places/ChIJ0T6nF-_bAhURGlvOgSxBeSA/photos/AaVGc3kU9hXZrv3O10d5XXG5j9afaqusfJP0nWGZJhcoeHG3WFDrV5UFio4PJIbRgx7gSjpmAF6-NaUIvzdNA0jXow21uXGMJazcH8IN81Slpcb4apPIV-za4qXQxAg4iSmlgeTTSVqt_P91rXMHf9kPs2qQlbMCpuKfxjKEDY2Nn4JBFPYZR9ykmV3b-IEj144Niundkwk6Ocdy6VzMcMwxLHMKMgmv7SfMJ-6UDp_3n8i_Xo-k6Fjl0x2vhxH6KaOIYd8RBFQfBIW0sCmycI15fl8_E468K0hih-62UQCKcFX4tb0XFSzsixAfQCnC7tMbtAKkvhBOp0W-SEZcQgdaNEwTAbNLJ0uI_5WiVTpsvSAarzMXDw9E8TWgbBi3B2EYVnZJVF4VmwNrbnxdJjOaB1mwd7q9Qz6R3rVBr4CJAavaThOB,גריל B,
5331,פיצה סוסיא,פיצה V - סוסיה Pizza v,ok,https://res.cloudinary.com/dn7vbd6nn/image/upload/v1783345572/restaurants/google/restaurant_5331_google_800.jpg,restaurants/google/restaurant_5331_google_800,800,544,154743,jpg,2054,places/ChIJewWnzgD7AhURfYenY8BCHpE/photos/AaVGc3lAoShIMim-hPaAAQDFoYGYrCG8-mMpvpy7Kn2fuZRulzQnW7UgCETCrzh8eoNYY88Hs_4-y0oKdnhD-1xW8mw7pW8v6Q-JltFpcKF4cKp55hGiigLnylsHQDKQdRmQ3yi_92QmrGAMN_WrY0Vw4oeWyV9c2FlDuWt_bVAG2Ae5kK3sWn8Q11-mOigFk4EZxkKDRtfgyYrJbxVqUNKD5fbmXqNUrOEVBJtEFROKaW03em4zZcmkNLjXC8Fb0frMVDX6-PXYZKcDF9r2kwOpj66aHMWEK0yhYRWgWbKBjRM0kXcoscOm4qUvWSGS9UCwImY0qPGWM-AXVSYRBrdGRvtATnwD5pVHQvMpIYrr1o_1f8omEsgVaWeJoePl5dA4IVBysFR14lMWTfBhywtOjG6MAmqVdlrBYVafwl3-ozQ2JEc,פיצה V - סוסיה Pizza v,
5335,מרכז הפיצה,Center Pizza,ok,https://res.cloudinary.com/dn7vbd6nn/image/upload/v1783345574/restaurants/google/restaurant_5335_google_800.jpg,restaurants/google/restaurant_5335_google_800,800,450,133020,jpg,1518,places/ChIJ__8_61_EAhURWHYpwiZHLfs/photos/AaVGc3npb335SLcM7OqWuuuQ574dJId2_T89tqZE9zpw8kUqg4Ew5fIeQrKDqPmo2NZZUIuVg8LJXQA2InnH3MNxDhMLuauLq46RnRvdPXba7_j43hiiKIGn6fGtk9tswsj8xKP4yFHI9hncLaHcPyPgC2G0Qqo04T8qrVePwAD3GQZnKuC81dEhuIyFxz7OaZ2sxrxai-8tbntW2_GDBL1ohT6jjaaqbsE35hXP-6vnLrlQMpawqtuBzuyIztvPNdj_YlGv5Gf77L0xBXThHPcgDJD70y4nnWuy8UBIzBWq1I_WFUQDnpriE4nRTJwRXt9AYR0uX1d6s4u3gjmyBTFH4vPUrHD3_5FioIpDrSzk9cIT5Gr65YeWQSCclms1cYVblwLbKE3d52RbGeTPozF7UV5aN3_foteyYlum7AmAEXtxvpE,נחמן ריבלין,
5342,ליפתא,Lifta ליפתא,ok,https://res.cloudinary.com/dn7vbd6nn/image/upload/v1783345575/restaurants/google/restaurant_5342_google_800.jpg,restaurants/google/restaurant_5342_google_800,800,800,80082,jpg,1423,places/ChIJhzhqCADXAhUR5VseRts5Oa8/photos/AaVGc3n86zSrKv8g6kxjUfkX4FJgfJnOAI3eONGjmjY7nq56NtuxpKYbZyJchmQGsOqmxpSgHMevzPQ7cAZwEJwlky8e8PLpsXAhZ6YBPXxxGKmXHmop72v4klWCyKsv9XDnI-EnFXb9VdciLiOMmnDFWc0n4yN41HhjdMFDB-SejAIQpnbgzoaDIAeE7Kgrk0Y67Nu3EU8b8NEsI0SQpDW_NjGKZDHvTvfrtltOt5xnXRjAhL5JeMt4jqeEAI2Nhvo-C5qytL-7ip42jVAH-bTJJrzZf_GIG7HS89C0lmliPjgIzC3_70gnB6hr_t4CWl3ZM3hErZIYF5ytifR4paYQm47olGYTEF0-fdBFLKcR0yxGhlS3InQTd431QziHx-CUGUiiKSQeujx0Vfr1-PbObl3AgdeCAPo5vXysceXx1a9LpaOStcxS6SLEeKKEgw5I,מסעדת ליפתא - Lifta,
5345,פיצה סבבה,פיצה סבבה,ok,https://res.cloudinary.com/dn7vbd6nn/image/upload/v1783345577/restaurants/google/restaurant_5345_google_800.jpg,restaurants/google/restaurant_5345_google_800,800,533,224870,jpg,2036,places/ChIJS_zBNNbXAhURrF6FsmZ8U2M/photos/AaVGc3m-tNkwBFU9Tx4KknaIw8lO4Ra3elhrir7rag2PklviQQs_wh6W9CvIQuNQIUlf0vkKBx0MNdEePl7_brTZc-GF09KzZJxgXGHcf9pf2WeBzAPqez4Xg_iG22JmkyCJuBv4Y9x6qr15dOMXjZ3Vzz-dUMOoiY3jCDEUjDWLNBXr4iTSWohYD6zUAfeQ4PzGiTWp5OncevAnWvXu3LHvMskSrhwfJjXBlaeBBNHvT2XDDPf24pAqWPodbNUKohraMN1diU9-loG7qGgU-pLCBKwPoF1Kusrwk2rKqLfys6dMruSrV2RiTzdm_c9MotPJVnMtxyQrppL_-OMG__fAggdBA8FZILqv2lUqTxSIll5CRgxU-MfYktzcFoJazGyUYLTHQj1rCrp-bReco3qPYKiaGIENEBa0RLc6vloWoKuqWGQT,Eyal Gurevitch,
5361,פיצ'ונקה,פיצ'ונקה,ok,https://res.cloudinary.com/dn7vbd6nn/image/upload/v1783345579/restaurants/google/restaurant_5361_google_800.jpg,restaurants/google/restaurant_5361_google_800,800,600,116720,jpg,1732,places/ChIJAQAwCCDbAhURcOCexUkNqaE/photos/AaVGc3m2vIGo6-CHQecYyCQ3TF8R446PTxT6sJEO0rgaJcSdBJc2KJRXJ2IMllk6o37ch0EGYVfNc3pBKDKcqTSOKIuLxfJIJtfH0bqBioxy1TB6gDDDVCzmQ8-mB_DA7AkBoIJfQsKeS13EjZLicrOJqYKb8Yfmopa7cI1TLZYvqS9JRv31o3HdQBC9GciJTGAWdsmreUoi3MQcmVWnMbd4P62EepatyQzQvwDjjFKfsjkU7w_DdSwNwFeCOXDl18PHPAMGYEgqIg1f0hMndOPudhvgmBE4euGWpGTnem5U0Z_60RTXTNBuc7SKzhFPQHyN2p-x5OnojI3Y_yFIhYhLFNXs_3Je7TwRUXDIdiIXGaGQwJSkVAdWEnscxiUnnfCW6Cqg5Gw4Pp3pi3fbzbGT9kO4wV6Jc-mnkijUIcECA38WUA,פיצ'ונקה,
5365,בייג'ינג,בייג'ינג מסעדה אסיאתית,ok,https://res.cloudinary.com/dn7vbd6nn/image/upload/v1783345581/restaurants/google/restaurant_5365_google_800.jpg,restaurants/google/restaurant_5365_google_800,800,600,141753,jpg,1928,places/ChIJKQZnkO_WAhURkUGRjgqlgRw/photos/AaVGc3lLbDRD4klhbvXEUPZn5eBAgiMrI0UZMZj_obobNeHaWpeVBTcJmNvKL0oE9MEuyfcmxd6GQ0f7zT_loYTJKxV1EoqQV8r1-JrlpX4DMJv4JeAf-I_WXK0KWRoShOuK0tU6XCNzigRZKcnSqjhd7c6CCks7lAaHz8ygpb_ozsj_xTmNuildXpRWbKk-TcWD6cz2F1HOXbxQuOjUzNDxnAiFaLtK15yjk1MzJaYh4CPNbFAKvTn-J5pIIpjx4Ndb9lItX05sMgOUVGeZlIcBek85Ah9wbfIfZw3uViNIvv0-uGdsPmQfsdLBbbhDiUb7iNtFeDLHjWM1yMLbyrAGiR7WiKCERkHUgaTYsySdskR4u85dhD7SKisx6Ren5MAvTPDiQx7xQpO3oG2abf-Q50NXm62KT_3LCFZ9yBM515o,Raymos Javer,
5369,שפדוני גריל שף,שפדוני גריל שף,ok,https://res.cloudinary.com/dn7vbd6nn/image/upload/v1783345583/restaurants/google/restaurant_5369_google_800.jpg,restaurants/google/restaurant_5369_google_800,800,600,170147,jpg,1940,places/ChIJU-hX3znXAhURLZgnG8ZX0E8/photos/AaVGc3nvkLXF2DPMOOLOu3IMvPItKFj8dFhIRxdMN-bZ-VpCCXbV1hiTtcg5wuWkcEKlz91fO-VO7f04MShjLW6BxcAG3UEQ_u77qHWAu_LE7L_pjSHj2GPjZnDL_aLbVb87Sk3SAHeVZBmpe7XaDlcQ2cpQv6NK2WB_sT6pwNf7Z4t-3N208C6aarn0ij_xoP9gUCsH9nrcsJes2YTunznTGtNWAkQJ7_qPNPtspQLk8nWmK8GnXmcczTrpIGPWrnIv65UwPra2YVfWgoD6bxn7FH-XeBETvwZ6mbV7DIsGa2_hydtyOoFnA2C3Q7o-p0RvCmEahSDfVj3rXd6_yAGJ76w8pb3mmMKRF9w28NrF1wTmD3AVre31Ijera9e1YphB1RAEjxHOaRvpcyC_s_g9NIN4XFJQ0kmyaCshuLQcQwo9_Q,Fidel Babani,
5374,אגס ותפוח,Agas vetapuach,ok,https://res.cloudinary.com/dn7vbd6nn/image/upload/v1783345585/restaurants/google/restaurant_5374_google_800.jpg,restaurants/google/restaurant_5374_google_800,800,450,131328,jpg,1929,places/ChIJTyUSRdApAxURaGwA2FTfKWQ/photos/AaVGc3nL2ji6O7CP66CTXmQNoV41rAcdBhaSAEvo-tD7xjHkFMKhzcl5e-7Z276u_psFJDgJ0QpZk6x7CG_-_EVJVCnWUwTY7BJ1CbMwsASur9necnb5IJo8t3G9Vx1geoeZ9hm8fnCGJkPr2lBcrtoQowheFW3qjF-worQ-DcVHwIeT2R9u9_J_kOzkEOYiQIWZm0Q1Ts7FVAI111qXUIuzPjlfA8mi02r3F1KpiTqHPwPGwFYPABiRJVA1_cJ-vWc_sbihIFT-D8XDP79ZETdtY1dlMerQt5Jywvx_TtK3R3Q18nkLUSQw7gDZjGXmbg36_3d11ryiO_6gbiQQLHtdwFHdioL2CVvr1UDRQ3hCUhZoBuOMqof6dKSW8V1qxRkeKlS0GTKQ9ljAYXve9LNxm-dZa8Jyvp4lDnBk0ZbD-yIVXeMV,איציק ט.,
5393,שווארמה שמעוני,Shawarma Shimoni,ok,https://res.cloudinary.com/dn7vbd6nn/image/upload/v1783345587/restaurants/google/restaurant_5393_google_800.jpg,restaurants/google/restaurant_5393_google_800,800,450,145114,jpg,1884,places/ChIJifvA9yijAhURTRkDwYxPLwk/photos/AaVGc3kR1kVqXowMDcNSAP1cYoes6v8reWGujG1i4svhfuCxG6TRLZgzAUp9l3nf7x3L21ZHSUHAzPcQl5-YYXH6cerF1lXkYgniL-Kn7H4FpGpBf7ZWE3Y1GTij7PVsqa3UtGOs8HX1OfTvEUUrEKjZgXKHxLwpCV0GKzv0NhsZDz29BXGGlxGzKCKwX6NdTPsqrwMeNqoqFKADNcvu2PnqZS3oGvsPjpsTDkOgGHjNBN3fpE1diljMoLwXamd6RgwJzHhJyYsnOe2-tFUMZ7ij__hEq9w0_wIpJkRlfVFugFaPBYQXVbpTcPVYUYrtIkcnfIwrvaOIHLMSirY_vfzZQ1duThhPeKcLf-XLkQHhAp08l8_stYt_d_O2TbQpJgcPTrnJiEFE1ExwdwxLZM6UrfVrWsiaTwAW53fEo06KnlA0OmJI,Yaniv Matarasso,
5410,קיושי סושי בר,Kiyoshi,ok,https://res.cloudinary.com/dn7vbd6nn/image/upload/v1783345589/restaurants/google/restaurant_5410_google_800.jpg,restaurants/google/restaurant_5410_google_800,800,1067,207434,jpg,2064,places/ChIJ7Vt6LNi5AhURUBXhn_-L7Z8/photos/AaVGc3mCfvCbdsTINMjj25GkJUUAx0XoR2GX3ZPhLj60NeY3PMfHqinMj_wBRuAQqzAi2HG_E2ydsBghv_gbaIMCqB74o5mHdIfkp2P0JIy2uaT3WpwST_67CwYv2bGBToEwh7U72Zceoptko9v2CZB9BlRyrZkOjdHh9Ix6o2se2NvMYa0BIQkn7bizP9LkJEG2DbYmNZFZVvf06aZu64tEBYWj2Q_FScpT9HkIfI9YPfWoHJyiBpzZA91GUf0T0SRT58g4O_Dlgo8nIJy0WXHRZdp7o7E7ObYmcAAHcqTOK_xCQYoBkdcR38CrMSMbkQMNE9j2EOhEApyRU9IgVfgzVdMQ1vhHtxqEAdY_l2Hmw6aN__1H35YQVIOrLWJUxiu2lc8GuuR5iBws-iNNO31LS0zZy_u1kJXvzuafGaDir1fBBGcQ,Sunny Simantov,
5419,חומוס עמי,חומוס עמי,ok,https://res.cloudinary.com/dn7vbd6nn/image/upload/v1783345591/restaurants/google/restaurant_5419_google_800.jpg,restaurants/google/restaurant_5419_google_800,800,600,102489,jpg,1861,places/ChIJVVVFVoCwAhUR_0h0z_Q6pFQ/photos/AaVGc3ktrJnXlKOX9_YwyoqMq98bSvRDMYsMhvT1R11pIfIyGLuK3EU5znORX4wGML5vUR6Fa4LVwwaULbac1Zvq-smpaaTqm29ZLP7HvVaeopenq3rrlgiK6ZJlQfJfMEj-GUdWy755z4Bir8sROZD8crR9ZpuNhakgWGNOIFwq_GB-cF4a2c35it7gIM2i3ywlQ4AQhRiPtDjGX9FNTLQZB34vvZvGSf9rPnJnihC-lazLu6zOinN4AID7L84QS7FDqOoJk2hiU_9qUwawaQZSF6gRMZn_crujm-qqaFbIdkDSEV0T3u7AGaBVHWO7PTwJoq5lUa9GYlJwjZHl-kh3O0SNRSkwVxrwCD1IepADARFlJhEQQ0FJN2B5qcXP1ChxZSqKkFpQ0yDnErhwn-lU9q6gsR6v26KdLM61d14Cd9a8Bg,Gal Ben Yitshak,
5421,איסטנבילו + שניצלים 10 טעמים,טעמים,ok,https://res.cloudinary.com/dn7vbd6nn/image/upload/v1783345593/restaurants/google/restaurant_5421_google_800.jpg,restaurants/google/restaurant_5421_google_800,800,1067,288596,jpg,2238,places/ChIJkZfN99W5AhURc_wAShqiGoE/photos/AaVGc3nNL32ji12NXbL0U-mvhtv2JheZeGWyLnzxZHCyXzMDj_dnE102Nj9pWqxWoOi4uBHcZ0XB9Ts9dPX8ak53rPuYXDWV4VGo-bDVedn3bTvi8ChafX4S9u9Ot25NO4rjNIb0AsKs6Wn3W1GpWtdkUxNO995-y0L_I3HHbUXBRDgAIkUYFxBQn0G8SljCG2FnCCHOj1TzGN4g61edEvE6MUWUDHoDxqEAw8ifZ3JWqUJnnw_Dz6-rOZQCwcmp2mrrv-l5PObYqf0g7aHTGOli5gwtqdqgvdJXyKCVnVoLqTXeMvAwUmBF_XT_uSsKHSMUMRG3zUNZz4O51KJK4Sij27yTr5JYapH9KDcvECnwJNnKdhHK9o3ron38-uUa2WXijbbJ5M5Ery0JwuCHA4tbD93I2IoRakqQFyUbArU02V4fjA,Yana Gentosh,
5434,קפה רוטשילד,Café Rothschild - קפה רוטשילד,ok,https://res.cloudinary.com/dn7vbd6nn/image/upload/v1783345595/restaurants/google/restaurant_5434_google_800.jpg,restaurants/google/restaurant_5434_google_800,800,600,187596,jpg,1711,places/ChIJj5rECJW2AhUReyTWH-zSP3E/photos/AaVGc3kEv6SpP62vCdqyjRz6FI9rPOaB1Y0qhzkXyuJ3xWI00v6TtR9PoewhlgcU7FgFTMrotdL2WYRaMyQoTuPh18WldPx93qVlf-R4hd4LnWymHVGggXnMAbdremGbZ-EI9qGNfioVahVKhYo2UvMHLizrax3uw4CR5ESyEsob27Hd1pxYBeB3smBQcInpo_B4Af9iStvUcYPcLQXLg5xQixaB2ifU7rPUMvAqLIHuwQ1_ju-J2xKoc7u-5TI02niiCu_j4PlfSZVa2RCN8otZrqiX8rOiUJXs3PHhKeCs_M4mnyeU5ZvWPpv2MJ26MQkOJqeFn6Ba3_T2vQsXMTyjO0L0cJa9pkymrzLbPEueQz98nC_MMldhQksFBYqsXNwWkPykl5u2YQsDQ4y20uSrpw6BkgCtbqEt3qeskUk4b9a2hg,Hashamen,
5452,שווארמה פלוס,Shawarma Plus שווארמה פלוס גן יבנה,ok,https://res.cloudinary.com/dn7vbd6nn/image/upload/v1783345596/restaurants/google/restaurant_5452_google_800.jpg,restaurants/google/restaurant_5452_google_800,800,600,102591,jpg,1601,places/ChIJQz_oz-q8AhURN-fTDDUsudk/photos/AaVGc3nVgGXkrPHub1NnWdx1Emzojdy_AQzfGXMB6KAE0tilhs6l3Lq4YSvzATWLWRr5uyIXpKBbu_22JuU3FSl1nzyRxeotrimAOI44XZwv8Y85ZyVM69ON3Xe2T5bAdA_dOa7WLeLGAuDdt7KDliyJtlj43MrxKMEOswBaXd1nb2siFW9LkyoGO5OU7rbL7ZrwcqzIOUjo8aj2iw7qT6y8eCzF651tZpdDIb7P1Bu4kJzhtjt0XFjPCdSysK2DSCP4lwaI97eiKmD5-36wgn7IbEzcKYQW8mbsckpyNQWklMkZme52D8XbsQg5qj2iIoUx7fXDVSe08ks64LiCSxd8C9UnfSJqw54bWnzT4gkP_qwkqErHyKxeNJ4-eJpR4p4Ss04Mfrs5EORPGy3Pf-_66deaVdEws9zBeUIFbVQFb6_rIQ,Niko Zelen,
5456,Coffee Show קופי שואו,Coffee Show - קופי שואו,ok,https://res.cloudinary.com/dn7vbd6nn/image/upload/v1783345598/restaurants/google/restaurant_5456_google_800.jpg,restaurants/google/restaurant_5456_google_800,800,599,109597,jpg,1662,places/ChIJv2R27AC3AhURu0trh6Fjx_k/photos/AaVGc3mEV5s2cdwlgrBomql4FeVdCwzwc7tRAhZ5grmRL7BC1sBHOBPhBUnv0LrFEc5JdtyhCU0fY2ATeQkCD4MpTuOYrra0-RTx1VWeQtkuAcMuI39qE8k2mO4hFhw02FzpMuD6-PMwHzo2GMHF0aUIx9szc90qfEchoqe5xSLSLwrOrBXCP0ZfjFSQix22MFffHjCgtFt6-EjaktEGLGfeYslXqbrSkgHF7l3CIRVc3cbEJ0t2EnIRP8ybjTnohWIafOmIX6dnYEMUWe9coALlZELlI6MIx5YQodiZU-XPuntJs1_nzLw8Ylhn22NPVMix7-EHO7oxO3Njxtkng_HgBl_9W4C0axpUTqVV4eC6p66Dz1Hb9mHq4ApPreaoDvF6NG7V2lwu4wCxcSeIK9W2rxYktpWJk1As8eubWc5eAO-qbeFC,Coffee Show - קופי שואו,
5458,מטעמי הבית,מטעמי הבית,ok,https://res.cloudinary.com/dn7vbd6nn/image/upload/v1783345600/restaurants/google/restaurant_5458_google_800.jpg,restaurants/google/restaurant_5458_google_800,800,1572,89720,jpg,1658,places/ChIJTfgqBoWwAhURwx6wQMsjRWw/photos/AaVGc3nXv6p32wF8p4kgal_U88-2-NrT5CIPpa5Zdh8rTR89xD3ucVF9iQNmC75wf981ZJMJQ3XboQxwcKlbrGKwESVc9wMmb4vSD26UiDlAfzKTOSZ1PDl1RBILgONBmMuniYgQDmqg2F9FvdBl0hvRADF4C26pemsC2zcZSgimeTszXpqZu5kWMcCpyJHr1WURkLkFgX2bmV8QgEFOBgzVPVucI-KOOeWfE_Jz6Oa7nOaHWNaLwZz9WbT-MLl10S1CFUkTliWTzPo1cCPRFMw_YIIMJRk1-FOrI27_GBwPalPnzK8x8CfQkbORG9ZwvmhePuZnCuzWNSUFUSJJ5b94TMtgevl8u5dkQFzCiSfmBqcYWf0ifO5BMwron8kwCvQ8bme4IajhfYrFqNQyS5LQ_tVpYVIQeOTG_h9qbltjAWBqohxd,מטעמי הבית,
5459,פלאפל בעיגול,פלאפל בעיגול,ok,https://res.cloudinary.com/dn7vbd6nn/image/upload/v1783345601/restaurants/google/restaurant_5459_google_800.jpg,restaurants/google/restaurant_5459_google_800,800,600,124975,jpg,1715,places/ChIJCUSR1la3AhUR7xJnSvTKAAM/photos/AaVGc3l38GxvJTZPn3ynmqhwtPQeVRwnh-8sqVUu59I9BLOLk4Ews5PDS37WmEUNMqSxci6074fonBX_gy3GsuVcttvBRKhlYtE101pRUWWChvXW1aQTuhkt27QCE_PtVv6xkufs35OwwPlCPLqyc0YRPdy6tq3N_FDPukBU3Zoc_oAq6tMP7KC5LRyPjyNqT5z2wnUDqAQuYJ8xYr53IWBmTbTF_JmDTr91i_fYC3ga3G6IzNkP9I8t_Naj3r-krSbDKPWl8-c0IMHuxi9zvkqPAdD46vSwH6GoHR3ny68cciXbtnKQSIATOCtImt1gHtiZf1MNAs3_4hBXsLyO038a9oE9KlLO8Ak66A61utLNd6JTgfQ2QsKB1DOPYDI5gxZfmqferzkA2pgiOSz-oF4qmPFbLf_arcvKA3fObEmHAcuoblA,Yaniv Katz,
5466,אורו,אורו,ok,https://res.cloudinary.com/dn7vbd6nn/image/upload/v1783345603/restaurants/google/restaurant_5466_google_800.jpg,restaurants/google/restaurant_5466_google_800,800,600,156414,jpg,2002,places/ChIJ6xUTvK6wAhURvV2zt7aszIo/photos/AaVGc3lHPXuva3fgzdO2SM9bx-nnxwJCa3BuLC_mp7aaLbbXnUdMw5ZQitNbJAJkgrlSA2GjamTxTrFqQlW7cnCs645jVd4-g1WPm8WNY2Ig-5Gwz25k0SMZUU6BfBzmI4wzs72YFZjxVcRYQvoEPwURbHJA8JQnCiriLCIufzluwz_4UTXDUdpnkEw3pd0Q0gbPDKBfQfjELTUGa_lBR0-Uj_pnOMXSxnqpORBHfIkfiqqJEXfJ1FAzZuyPg0_spDsyMrRbLutxx_8QYx4kRiNi-VysLrwhQPK1qjZ2Vr0A7Y8Qyht0LwwwAFZEc79jIpo352KI4xsCAsHKMwWXbz5EQkEUzVaU-9usZTL5B-357lF55TKYgKUFKAqDmoIMMXzFcXZkz750WPSlOkNqe4Na_BI5sv5umYU9S6_W07B2iJo,נדב פרסל,
5475,בראשית,בראשית Smoke House,ok,https://res.cloudinary.com/dn7vbd6nn/image/upload/v1783345605/restaurants/google/restaurant_5475_google_800.jpg,restaurants/google/restaurant_5475_google_800,800,534,166274,jpg,1677,places/ChIJB90xxN-7AhURGI8G_qNS28o/photos/AaVGc3llKe9dlF5vEWfE1mVoUuflYyBVhohHxLEyLyFFMSujc1_dIsciJfSJ9txE5TLgOxFYYhGNSPla2-wGlFq-yVFH-vSMcmGMcHu_1iFg1opl0EBjnFltyYEUMBk_9gpjbLOwlNwaOYNbaZc5QHm3dEuOY_DUviV6YgP1qT3hVHpTNhLMl69INMZKtxCMVqK4u-MtOi8-S1K8AbwCCdcgGugfR3NtMCLrzFJJOYernrB8_oT2DC5qVkf4y9ONyhXC8IqT6tN8n55-wL92JeaGCH4E8vJb4h-bOCXkL936ZU9Y2AxnhifrqqjV3WHddp1o9i94dMy7cHRQLfBqyY_dA1WnAC0vHidt9zKkF6Fuk2m4cl2bBxQqs2yk5aG5SCMcg8dZnex1yVemHcBGawK7VPzSXKhB4thnV5QCDixOzWBvA7E,בראשית Smoke House,
5482,גריל street,Street Grill,ok,https://res.cloudinary.com/dn7vbd6nn/image/upload/v1783345607/restaurants/google/restaurant_5482_google_800.jpg,restaurants/google/restaurant_5482_google_800,800,450,148012,jpg,1893,places/ChIJ8yHqygi3AhURu4buqORaCsU/photos/AaVGc3nfNUL6xskUOsRSunyaoTBS7EDvjwkzfQm0ZRrZLHTaH7wkj3xbvb7iXgJdD1BoecsimGF-4g1NIMAd6Kx-tzchcVkxQQGaeAlreN1hYTAliPU3i_19NaRnxCAINqjPwemdTmt_WB_4NR4M4CdkKNNl_HYsHltvKo8gp619xnfzot9w9J1qrITTa-I3qGh_B5y8B7_PWCpyL9yrGaQ8w_8y_hBpokvzLJLRq49Y0P94uYpmu2Fdli9H6XNxHBGgAjz6CNnH87D2a16qr7-xoJfbtF4BEz9bDZHmi4XC0s-r2x1iejFL4PRP3uE0Le7ig5yiWC-hyHTgwHzX6PZ6dfk1aCvaG5iYYBWVnMP0wiZj-x165BjIVBoPz_O-XuMR_DGE-p185XtSBwuoncYAJ3Zs4zTE-BCZEgVmlGHnxmzuug,Daniel Admon,
5491,המטעמים של נתן,"המטעמים של נתן, קריית מלאכי",ok,https://res.cloudinary.com/dn7vbd6nn/image/upload/v1783345609/restaurants/google/restaurant_5491_google_800.jpg,restaurants/google/restaurant_5491_google_800,800,600,118607,jpg,1956,places/ChIJP7CxBe29AhURceUysl7Rvhc/photos/AaVGc3mN-kD5y1r5fHwdwgZSmOdHFdPxYh8EP_Xm5K8YN6WYiGovBGN41h1btMnAFSRGUaFda1GX-pgiSt5ZkTbatzrUGUScE7c1FUuLazY6ZioP2nitzpbu-7Qv_6asxr70hdg49_F28qacZ7MmmlSt2qowgxSTixxTtBXyE17KRjM9rLklvT3TDdVUajvU4ent5jX4sIicSAoWf_3Ki4mU30mItMnPdhm05kxbhilM8lMqLWqHSJ55MV_TpZQ1xiy9nkwc6ZNEDzqyQ8hp5Vxqu2NqK6FEtyZcAUa_gXKpI__DZJE7qMkvuzhfGwTQKVqviLtcbCaXMFCcDYGNfoCROCPSX23O9ls2ta1foHuKU-sYqJrvxaiwIsZqdINw8cM3-h9CEQq33inHAMU_LD_xuITB-r1FHdXcJmr4xamO7lNUeA,ליעד שעובי,
5503,פיצה פאזל,פאזל פיצה,ok,https://res.cloudinary.com/dn7vbd6nn/image/upload/v1783345611/restaurants/google/restaurant_5503_google_800.jpg,restaurants/google/restaurant_5503_google_800,800,450,141206,jpg,2075,places/ChIJ3bKgsIC3AhURARyb2YZLnmI/photos/AaVGc3lPz5bshkt9Z67jzY_ghbum6g2_DFAg_awDk_6RSb__oiz1DBGSp41GRnL4osnbyVlcRKTEvRTY92gQBZrWG_Oza6Ptcb7euC7N9R0a6qR2d6ZmWBROl6oe8K1fm-mSk7rWTbkITyz-6BsPBQE8_VyW5sWdaiIbefMks0djSiusExRYRH7ybXbeCv88QmeLhjt1_QYKQjB4c6DPqeryajJlOMGX2BXUQu3c5F_uAC0nYCvot7hrwZfZb3A9DKxnpPcTXzmse14bb8ZT0QlA5iAa9LzVhXp4u72kHDVcnRroc71e9hIvKvfqrkB7AItjHeYIHmKekwRKpC-KN1Jh_v3eKRkBLqLop1SVvQ1tZYE1HdsKN__WH6IM4IK_N-ZywPBtZk5eCqbILxZCzwhcKWbdHLDM4WTTbYm_TQCoWc065w,Itay Duani,
5509,מאפה הרכבת,מאפה הרכבת,ok,https://res.cloudinary.com/dn7vbd6nn/image/upload/v1783345613/restaurants/google/restaurant_5509_google_800.jpg,restaurants/google/restaurant_5509_google_800,800,522,109813,jpg,1728,places/ChIJgUoTIWi6AhURkNGRti6xkEQ/photos/AaVGc3lRJz0Ri7pWlSJlAOrZ4YB23Vd84xI8XkLKrpBA9k79ZioM0PM0y404DcJsjlxiEZM6d7imLqgGOLsTpOASvSi4CBLG2HuSBN_I_zde3wi0BDHEwjEVg6tap1y-XY7A7eH3cHn3-3qyuw8q33YJD8Z29_2CqIls-BfoNvEoA1SaXuZeVhi3naAv6rL0b-WaNdw0KSxCegp2AXjpjgWtW3rYrI9ojZOn6Vb_HdefIBF7bimsyOrUw3pccoVRWHSYhs2M8WMBTok8sgCEJbcPnx3ddJ0xm5Xv1pMEKySPYzKTi4rhP9w2T15uDnWT6R6ZPE9R1YlYDVWxqZ269p1PeZI-85au9aYUf6Rs2X096nYOl8X6fJJh58ofrDSONMNDomPmSUWS0Rzah-f536f0ThBHhCbOqolREIXcySSbCN8xgw,מאור דוידי,
5514,פיצה שמש,Pizza Shemesh,ok,https://res.cloudinary.com/dn7vbd6nn/image/upload/v1783345614/restaurants/google/restaurant_5514_google_800.jpg,restaurants/google/restaurant_5514_google_800,800,450,127522,jpg,1714,places/ChIJHaXMW9u1AhURJasP_FR4oco/photos/AaVGc3m207Hb0ih06AIgF1kE4gX5E3IjUFwhOIuSVOV73gtkyJInMKlu_Cs8m4x0hPIRxSbkdVbGA7JB1uiEwyAm1gpS51p-MmlH1AeYUkf_DhNdtb7xWvQpNdE0XXaB3snQt1dvTW26lsXiI3GlH7SRSoLLe2zVKOj5FlrfJ_oAATu8WSo9deQWQFr866JZ7YkOqxIdEZlCPRHRGGBdOBfSp3JW24v2296czmcAyWQ9mE9aY6g_wlk-hfBzXicD_S7kzyZrDl7MD_wbC4kK1_GF8vCb3wAAfnXr9gl5LX5zo9yUCz-0G4FfcEVlMxufWglacPKRZKCCuJ8WZkYl5cJz3hTnznzdWpHqD4ZLmWum8HWjc0nip0oPn9BSBsFQXvuHsaBX81ePyBW6tooNNu0Qt68vrRclWpC_aq9oJxHFLGzKB24,דניאל מתתיהו שוורצברג,
5539,"בראנצ'וס ביל""ו סנטר קרית עקרון",ברנצ'וס,ok,https://res.cloudinary.com/dn7vbd6nn/image/upload/v1783345616/restaurants/google/restaurant_5539_google_800.jpg,restaurants/google/restaurant_5539_google_800,800,600,171974,jpg,1755,places/ChIJ1eVChMi3AhURDninkQz3tA0/photos/AaVGc3lOAX4bvtJR9GJVSUhUyMr3CKu76bEq9qDwKY5umGNoooQ0A8RSTMugrn7KiH5uHPzotCaT6DgAU7MSaluCYZ5f7bNIAI75bZaMz_vmwUVKmsg95-VDzqa_VEvK1tqWpDQk12gd6TKC2-JW-CGB-W9Svf5sun76pmnvZ6yCIKokCXdGpYtXvc_LmWxDcEGp-oaol9OincKStQDxRdfSJd7jX8M6r9zAWw6zj3dKxC5p_b7OZ4-tTjgHvp5NsD4PaBydTPi910yzbb7MRlt7r5Npfims2AmnTZNwY4efsY3jqzu0eQgnPdpZ1EdbsSFvaohcflC64nYS6E2OLEU4gebKMEDRpXSAl9ELKzEyJhee-gDSUvmE7te4y72jFMpHp4UAU2VuUcFrd4aoNeA8vHKfv8rjUU5eHil8s1jZA88,Aviya Shalom,
5552,זוהרה על גחלים,זוהרה - הכל על גחלים,ok,https://res.cloudinary.com/dn7vbd6nn/image/upload/v1783345618/restaurants/google/restaurant_5552_google_800.jpg,restaurants/google/restaurant_5552_google_800,800,1422,188657,jpg,1935,places/ChIJyQ68ZX-6AhURgA8T5de1mpM/photos/AaVGc3kbtjqYw9omNpfwKPIVLZSxIpwcm7JHkMeezHAdP-cMNMLgoKMDfxA8LAxNeMF9tcO2_UkrDBRMv2ESxA8eTtY6tj-riUeUWpL4ingSreQCqJldH0UZUNyTkkunoY1z-Q6Mh8YjysmShh0dVZJELsHcJKd70ZAInANrvLxmC8WgTggQaXyA5f9F7nD_2TcLJS4pyF60AirPAb1WLScVvmmnRfNrv51w4WgIs69imKhoAQ_J0XACcazGujSM_CnjTpoajn667Ssy2yyfqGpZlQSl53KmaFXMQvdJ0KmfdhikDU_OuM_PBId7slC5qoRVRsB_xvtUBEAW-hkPGj_-S7b0d8SSFgzprq7HH0T0Jha2Y4pjH82eBznN0OxJFoCvslwjNyo4JYETCa2TPXxyePGr5tJpKqJ2iONHAxPoSp59gQ,Natan Hetli,
5570,ניושי,Newshi - ניושי מסעדה אסייתית,ok,https://res.cloudinary.com/dn7vbd6nn/image/upload/v1783345620/restaurants/google/restaurant_5570_google_800.jpg,restaurants/google/restaurant_5570_google_800,800,741,194743,jpg,2036,places/ChIJI-unw2S3AhURrV7M8O5BosE/photos/AaVGc3kct4EN2_4rdRkjrvXsgUFbEjNYWt1f6yme6xYxgBGp3Zv80A3oPS0-ESvGThx6DR6zPsrd4mSHlRBp42qqflyoUWNokyf-W3hOcdiaKWUKJqkOAXKPHNVI05-39kmK61jPK7fUV9nOWV4RVeQLDgq_eXE9KanFggsf02vRIlCReS8TmXYglkv76fAfaOS0NO3pELn51gF85gRfSZ15PghthrkH2fuQP8arSxWvL4DVntmCO8XJVZT8f6BnzoNULlzbUJ2-I_6qAKvHdrba98nq--wCnzT8XkhNlKHsmsmmnnKWAi1coda27yGFa0OSlZv0yv5PjtLZf8ZPJzXMqjJhprOJO9IXXrWba6cqEFQeVU7eS9cvALZh1WJJQKzTPK1r2Yu9cFF_Rjo7HJKJPUPaKCZEqEqaZWIU8vwgbmJZ9g,Newshi - ניושי מסעדה אסייתית,
5577,פיתה.,פיתה.,ok,https://res.cloudinary.com/dn7vbd6nn/image/upload/v1783345622/restaurants/google/restaurant_5577_google_800.jpg,restaurants/google/restaurant_5577_google_800,800,450,92349,jpg,1729,places/ChIJk480pYS3AhURAqfsakEfpcA/photos/AaVGc3lkZIJyVBqcS_oLbGp3nJqn6ny7s902rScSaY7wWn5falMVWAIhYVJ-vlUuxYnHiqn8sqdrCltsUV3bb4zNLo-pdXJQqOS6o2WuusI9KVEbydQFfBmx3IDY-35g8MRIN1anqG4_kFW2qZ2eaSTH-GLAqBzMuNJPppYCQEXWhC9rp-MDupLuP9qEIsDkP3g1S-cTaH2UAYvdKW2habdEubjXXrjT7ZcBTkXV6jCnQqoKArY_o6sQs5Uq49ymfpqeDpBlizDf1HCRmDadzRx73HDKC-bgXeFGGk2KI_AK4PfRWjB3uy5yNTTPP7PL9J52JnRiSGGfldnXOBN-Kinc1CAueMPrMuYf2_oMw5o8phSXoraYjSPwltr6Gy_YXE8dS4wunOVzm2DUPcHeCvzLWw9lltTUWuwc78Lu5XoKR4BiDg4,Ran Rubinstien,
5579,על גחלים,Charred,ok,https://res.cloudinary.com/dn7vbd6nn/image/upload/v1783345623/restaurants/google/restaurant_5579_google_800.jpg,restaurants/google/restaurant_5579_google_800,800,600,79741,jpg,1420,places/ChIJ63O9Tm26AhURTJZdgs9dq7U/photos/AaVGc3ndKmNSjyBJMwrJSVxHiZxq2Amw1IErmPyghoWB5W4mfWdrclKx_eBj30AQpT4rBiTVwX2V1MXM5I-jO6CwqYdvOEKnMNw35_SPyTFTivmNiDHw_P9v6IQIECrLUGhh4qDT3g5OMNpXgq8UxNiFEoKr-BsVsA3fJVOGQJ8wBp5lyj5XGMhQggHPgffeOJUdjzEJQrtM2DjWXEvPkviNtCc94feVqRTmeT5cd7oTBvUUS7Z3eRHw7hDluEw5kYBGCnGL3sVl8TL8y8s9_qPvVGPps62Mx0H1TKZGEqtMaP4MJqGk5eatE6n2llm4ARbFIHBXLpddHqlnobwDakYVUiZ4R1XimNKgVSEFddHC6SmBu-3dEZFLx2Q40VevRW7mBRGeofF-ELG2TdzDMVKPlM-bWdTmiqomHDwDrx_sURhuVQ,על גחלים,
5584,חומוס משיטה,חומוס משיטה,ok,https://res.cloudinary.com/dn7vbd6nn/image/upload/v1783345628/restaurants/google/restaurant_5584_google_800.png,restaurants/google/restaurant_5584_google_800,800,450,588959,png,4955,places/ChIJgeLf4iijAhURd2mcV2onvyA/photos/AaVGc3ko0ciTEGH85OSDw0QurVz5YGmBuYhxmL7uYl_9tFzRFGKtHC8VtSNi1i18vjWYnmhtstg0g2IR7uVn391yAwrfKvuHSh9oeUPJTc8SIJFh-TXUHRM3Oepp3ePE39CjMjcAVQZq27or2i4MlkGiQlyNZXtmBxPbx-90lJWPI7fSZzjl_6Nqqlmhb3JvpZBPHQHrz9R4Ua_ujP3onxcFNJq49aeMt3MRf2vzIpamqueMjg3Bb8BsO6f69C1D4CienX50wcKGDryu2FhgJHRcCLiepLlVEebLFHxpDtxfbv3-Bwshq22rkv7kgZS8WaDBGyx2SmSKbYzNIvks-GOEQ3Ds3jtOsxAzO9WcWdcf65sWYQU_kDb7_z4CPyv1EhCsx1aEm1LHIpCy0S5r7e46ND4ZHFz0sGKIPQCTIWPFD6peLg,חומוס משיטה,
5589,פיתריה,פיתריה נס ציונה,ok,https://res.cloudinary.com/dn7vbd6nn/image/upload/v1783345631/restaurants/google/restaurant_5589_google_800.jpg,restaurants/google/restaurant_5589_google_800,800,600,188902,jpg,3258,places/ChIJoXapPZW2AhURTx_45fJHIZA/photos/AaVGc3nGtRKFc7IgafZhg8lukfnN9iIk3gwjA-7SXIUgS0spHj2TQUNmJPvcI8TQT0HEIxBfik5eLzb3yw6bpjiTjxpqdzXsxAR51ckW09RePhWH6JuVv0tIACGm_LRlER89Kkxj7L1dMRz3wio-4aj5P7nNd9w-aJXkKi1krDidd4SL66_3QeweU2sWMxYZnoidBLjB11C-4Tr_S39nLGkfwuqHxaJnGtTnfwCqrnjXyjdvE7TiZWvV01fBlUnubdMy6-UwpL7JUe36f7TyNuQ4LWjWqDNHdHS3ljyNfzhckjpWfbPFcOfcBHVZR-Ak3c5O5G6xpj_XxTvBwsFJAx0RKIpN6kSxeRyrP1nTQkqUoj5K5C4Xj8jMo6F35ujDy-4lg40x9rxTU4eFf7OC7qNCzEXzGlc9C2U9E81WRi9ZwMTYFw,רותם עזרא,
5598,יאמן סטריט,Yemen Street,ok,https://res.cloudinary.com/dn7vbd6nn/image/upload/v1783345634/restaurants/google/restaurant_5598_google_800.jpg,restaurants/google/restaurant_5598_google_800,800,1067,257678,jpg,2495,places/ChIJI1CJUgS3AhURM9FGSHjyeUc/photos/AaVGc3loD1O5EQ9RTHjuOKWmjKfGY4J_XXKrrNGggQKjoVSS98o_jbqyBGr78Qoh25r2vtdkfKTvEcB_Pwj4AwZYxKQqrya90L3HrJPMy75j2AsUCVK3C0KUzb9Y2JLVSvtecNfXMDdzCGeWQLzC_OTNBZv2ifXzgPrzmViL1tZ4NHsu2Z0xQDWpLB4GP9DvIezh34Vb6dTCmP6gAsIhAdR7ZsBhFJGmOJU4cffyDwHgZj0rAPenMAtww8meZBVp8q_GJ3msBbGko1yTWbtLPR-Fw5j6LuBet0hdjQ9TrDXA_ec-AYmTY1ydODPuDdXpN2Fpubxfq0eMRWFngNyBK_yCIl-7uFGD5u2sT2dQMk1t58ngZmx2MPjJ3IVwdb0Sot-u52hAyeD41QLbFI3pW9Y7HSwV_4UkfEI8-Pt9aRz46wQGQY49,P,
5602,בורקס קצ'קלה קריית מלאכי,בורקס קצ'קלה,ok,https://res.cloudinary.com/dn7vbd6nn/image/upload/v1783345636/restaurants/google/restaurant_5602_google_800.jpg,restaurants/google/restaurant_5602_google_800,800,600,185278,jpg,2138,places/ChIJpQGrIe29AhUR1ern3JE7Mno/photos/AaVGc3nwAi1BHU8nqNqI_oPcbVAbQPz0JUnaBVtP7yJussv0iSjBpu646WLk-bqWxaisD8HO10tJCaH61AiNMHRDhAG25KyQJA56nntrD1vd1u962LqJVicOIkt2C8IQwI3HgGRwpRvmoHp0783KpqVRp_JE01BQIkjcyJw3eZ96g8RsGHsfHlw72Gr2A5sbWT4vHdFXccqn_32VAy26nBx2HC2oBHC8g8KYfgQs1TEJ6Y4_0MmLS1DpGY4PuMgkILdjXmonbJKW93FNrxAlnGdpYyhEXpeooGtYqBGupK0jyV63HYvO9UgvdFs4lIkEELe6pAJ15kD8cthvj19H7pHNk1yEDC5VaXcJj-ZbO2sdLkevYI8nj6oOxGtT4RX4fCOfIdSU-EaBy3aWYjpCoGTGIWlfikhDixqma5z7Al40-hJvQPnR,rajae amro,
5603,פיצה פרגו רחובות,פרגו פיצה ברחובות,ok,https://res.cloudinary.com/dn7vbd6nn/image/upload/v1783345638/restaurants/google/restaurant_5603_google_800.jpg,restaurants/google/restaurant_5603_google_800,800,600,179379,jpg,1728,places/ChIJAagteFgT-hQR0-pgSg8tSdU/photos/AaVGc3laCLB37qPfiA8eaMCNG8nr9dWCoBnDRvT1Pc6fMSG-U-0WYOFGruK1XrqRgEWs0ChacqAs265xa7D_ZpEM4MCa1zWzfu5mlWqumEbSmvjoG1vo2HLCCpp7Hb7bd7i9mk50NQfTSy8x54bu4yL1TPRTbv7qnadC0EWFsl0vXwBuQg53KovYlvgAD7YJ4QZ5vti_hSyrBmZInhpnQ495p3kXbSJux-_3Esz9zlB6UGB7astqnjEOR0jhWHyVh4X_I9INZ8Q5EouaVzt3akYAMd-06NlXQwwNPsTpu1obfRYe2KqVSLxp7O_Y1GTsBWqvgGEbj56FcjrChN4lPsGvq5tYzGMTkaQZZAGR6MEPGhOopvanGniRmmbBuhXegQQZiW5wmMOD-zgrWfzDzcY-a8zYoa3IT4oAcIl7XTr1DMKluw,Maya Tabak,
5605,גחלים,Gehalim,ok,https://res.cloudinary.com/dn7vbd6nn/image/upload/v1783345640/restaurants/google/restaurant_5605_google_800.jpg,restaurants/google/restaurant_5605_google_800,800,534,118751,jpg,1674,places/ChIJj-W_kgW3AhURgRsPVK1L0tw/photos/AaVGc3nauya1Fz4rrkOJqKTwf3rmcDYGEoGbrctqGrMyCv_CvbNKlbhY3BSnhs-96WfqXmp3FFPK7fTrOvU1XjEFpKjo-sJhbcVl7yKloS_bpeHVJwbmWsCzF58m34rHFZ9vuyL83ojD5tVKOde9FC5E6JbBbsqcNv8HsiYruvZ0PyO4fYhPb0p2834NPJIF02FZLLZK0Ck5-OeJbcR_utY304pkFiE9YkieotZ5t6sOAr9evJWuAnFrc9goLwXLFwYugsfTcTrgbKWP9NjWU6YLVnD0aQzlFa9LUbriHTFzUUoXHm5lGiWcysMqFWYAmoNgmlhrTijU_MZPF3leT8rlNQflcUuZD96FMJlUTdzdsgiRXVIM0EWgA2D5A3XAzTFksc_wRk-7RcBuQqcEqpPZDlmlKAgAuUZLfxAW8gCAmjkt9WTm,גחלים בשרים רחובות,
5611,רולדין,Roladin,ok,https://res.cloudinary.com/dn7vbd6nn/image/upload/v1783345641/restaurants/google/restaurant_5611_google_800.jpg,restaurants/google/restaurant_5611_google_800,800,450,95460,jpg,1648,places/ChIJU95EieS2AhURaorf_kb52KU/photos/AaVGc3n9eaVsHuoXO22ImT0hGxiHcAybwd6DQxr5hvARhlU-Z6IVjzrrMa7soko_ZGXSuuWp7Rh8omvGllNMcXj0QyFMMk71im07Fx79tA4C3dPAQg354YFxNnOOwonL5w_I70bU8E4InjmWMazSdoD8RbejCpLyqY_GfEmZsNMqIs4mtIG1nP6Q5UH3P136Cpaygbzu_LzPBY9q8ftl8vO-IxUJJYCgW9JgCHo9MEGl4G0A2w1MNhehG2XRC4hPo4FlSPcolW5KzLgHFI1BkeUzacjUsztP8D7b0ku3JvQghT927Mqof0QNEvER8R2OyCZS9749K5yRTrLp-bqw6fXCmhE7LHx_JVG-GTdCqko0wYmAFchxdArxSsCVrouaGjQdFGANGNayr3Muf9OFhAwyli3SJsTArATdioZllBfHPKhkUiSB,Advocate Rahav,
5617,בורקסבבא,בורקס בבא,ok,https://res.cloudinary.com/dn7vbd6nn/image/upload/v1783345643/restaurants/google/restaurant_5617_google_800.jpg,restaurants/google/restaurant_5617_google_800,800,600,122899,jpg,1960,places/ChIJO7qsygi3AhUROsVT83GSEZQ/photos/AaVGc3kYMcweNZVB6yIbNUrGMtGzHqn1x32IRE2-wIsqegfxHf6CYaoTzWtZUDGG5KniTc-bAfK447yMpZRzcHULkE0S0Rx6J_PJFfj5-BdIqhkIblJo7k09Oc1m2eCiUxCoY34Xo3aB48MunBpQjLiPcaX6uw3GjVZD4uyTeRWw_ebA7tsnYRBmaRViQ7YvcgC7DgDJRUtXK-S1ERYUXXOOx5YPuXA96x-AWvbb77ixWTMALSi28S3x7VSiAclkuL5hF0swAfg3DzTGlSO0jl04wWxQMzEq1s60mztxgFkhSifo1-q10TOeeK8qLZ4fZVGN4ngIDUDSmSSqSxMiFyTKxcIKe7In_VL00lhwFt3pEb3bgBM8_i14yFi8RyW6dlBeHDi1u1cX4_BbOmZlbC7pc6uYq7pCIpmBU05FFdPFM41qz2wq,ליאוור בן חמו,
5619,סטקיית העיר,סטקיית העיר רחובות,ok,https://res.cloudinary.com/dn7vbd6nn/image/upload/v1783345645/restaurants/google/restaurant_5619_google_800.jpg,restaurants/google/restaurant_5619_google_800,800,600,113157,jpg,2044,places/ChIJDYgWkAO3AhURyNJt24NJ6IA/photos/AaVGc3lbw9EovP0mEiaarPD38FAtiap1SKhCPu6IXK_EMfS06ioKgWmsPO7qNekNBSJaHAJIazGUepr3BSmHIJra12aPQ_yROBEpe0wvTiLG1s6pvyq6sxrXWnFAObJ0x8VKr38zMpNfC1q4oeZZobncSlsGX43d_DKmkPRCmjr1L1MmWdp7cXAt4i0OnDFbtopDGK3bYlEKTscnrX7iNMv8ODPv2c8l9DO8ev7cULQHWDoqTDai9jNCRpg2jWMM2yvL4vyKpb0RSC1LoA-dmdLX2RyPb2zoeQrvO7ODeHn6QgVrXAgZ77AALxSMxn8yDIVm8-dr77RND0BMzqbYn37r_DDgVcqoJEA1Z2WJeWDz6N0RgmxxFwXPAs5PVZhmswP_9EigueUf6_kpWHbtq45jwfCmgMts2dmlbomC-pZgR2K3CdE5,טל ישכר,
5621,שניצל בגדדי,שניצל בגדדי,ok,https://res.cloudinary.com/dn7vbd6nn/image/upload/v1783345648/restaurants/google/restaurant_5621_google_800.jpg,restaurants/google/restaurant_5621_google_800,800,790,199041,jpg,2642,places/ChIJ60kiu3C3AhURQRWJC_8qZ0w/photos/AaVGc3mBi0DdXYIQ0T1bRx4e24AAeog9whcP9j4T1sFpqFdvVLdD10IQgq0DTvcKihMEWm-FqTvDLXE7Y2b5p9mX_KplJzvc9UXM9sWqczWbeYQxxlKqKB0qrzXpI8ZnemWHPoPcY2CR7nc2-kTrMRerPz3zh48VGy3Rxpq8wBzK3UZ5dckmoZHDJQA4NN2nih15rW6gIOBr0MO_4kIbRyyQgUKbyobTfZoaGcJpcPCi8BVGLULJG6MbpKHE7V2NU7430cqzEsMQogWhMCEswTG0Kz2-8IdXBqxctH_QNIvHm0KrCbswdshrDasS-lpzBBNsEghk4v4M_bqL6aGhh6cqB7FOA89_YhMH9pfdfpy27Ftao3RBC8ePvR1AhTCGLLkp3DEfzxVhXfOMeYvRBASvs24TXfJrWFu1HFwI2R1zhcyTvQ,N H,
5626,המזללה- רחובות,המזללה בשרים רחובות,ok,https://res.cloudinary.com/dn7vbd6nn/image/upload/v1783345650/restaurants/google/restaurant_5626_google_800.jpg,restaurants/google/restaurant_5626_google_800,605,807,223896,jpg,2448,places/ChIJDXCoqMu3AhURw8LuxXgbSPE/photos/AaVGc3k09RZbGoUk0KjOPkhx654t0P87RhrWIX_845cmwSvhzw4r_aYtcxvS7qfXm2HphQCIyU5qfQqt-qX2juA-1CZg0FUhog59LKho2KJJrnCWRbgoxTRAgt0OALYR0k61S1WqorUDbHJtwhK2FxKo1Pf8o1HB_oEkacKDdS48otAIBTl7ffmk2YGoO-RO3F8q05t6w41lj4Ezz9mDU4kqo3a_5ubIK3qDSf0QfuQ5F2KLvBdT7m4kyV9pop4i90p1TxMz5fZBE-y5GKp9LnSgh9GfNUYEjbCR6bt08f6FXua6KCo-YlA3Y4auqEBzb8PHB0mf6aeUJW2I-1xa_AlP2vERiEJHU-DDXC5hCoKwgJr6P4fIGjVwhTw2zhAtCmQORUfNtbR0QAhr5CWZeYEGnihpb5olrCEtBRHDUrumst4,המזללה בשרים רחובות,
5639,חומוס חימצה,חומוס חִימְצָה,ok,https://res.cloudinary.com/dn7vbd6nn/image/upload/v1783345652/restaurants/google/restaurant_5639_google_800.jpg,restaurants/google/restaurant_5639_google_800,800,1067,203477,jpg,1929,places/ChIJGXi3qwW3AhURgaBoDPYkELQ/photos/AaVGc3m9B_3uWkfBF7BwUy_f-Hmvvebe8Kt_vnDSB1vLkHH45fSgkKuBdFvZs4YB_ZmusWin60cXDBuAIe084WoMq-hLNX7IWfxl-l2n33pFqEHl6hddqx9IXt-16NTYBk1Nri-94Abv7eAfOW-fHtClZJfolP3yEQI5n6kDXr0U3yfDPTvJvFJwzTITvz-UlF5ln-nm_Iy1M0tFK4Or29SxIWEi3rtj1lqO7teFyO1B-kTJYgQidM4zmcZw9FZRYGpNSe6Ptd0XgFK38t0bPyUZ6djFXF_YG4ETrJ-g2_Sqqb1smE3xo8d-j-2l7YplW5wADgdDUjRlXq7Zq8DU8rPxhYMYINEHWVS2JRdkf94QI4xmKMsDIwnoY995N5476fo5TgIK7n1nMmajdOLuivcv3tP5RF77G9qHVizPM5QjElhrxQ,Mattan S. B.,
5645,קפה עלה,בית עלה,ok,https://res.cloudinary.com/dn7vbd6nn/image/upload/v1783345654/restaurants/google/restaurant_5645_google_800.jpg,restaurants/google/restaurant_5645_google_800,800,600,135346,jpg,1831,places/ChIJnxFdFqq3AhURhAwujs0G_g8/photos/AaVGc3kEjrgFF21bDJ3YPHPPgrQDAxx6-oBxf7uXlYUpzf1bFEpfV9iIfrHf_Dbp3pr0Ro8BR4OBCK_nfQMS3iHyhLSo-ifH1tuL6LBHXlg5HTuLm5snfiTFLs__ZgrJ15Gfb7hP8rvmj8vuGpgTHXKbUciRMRcHcery4_WOyhsHYQP_XvS-tgsTDfFsf6ZQo314FfBhePPh021uG2Gd-HYLKCuF-nSWO3JWT0N7IWvbAx1-ZMqy7wY1zbhgT8H-njZsjRK1WMd1xa8F7QWXB1dBuA-gRm-3Sx35HREYDaoM7bN8yjNI7HVQXuLgo9wLOfC3MVDUeJYI3ObAgEa88_bdcPsitdCiPBFdO7nOIXJ1lhtMtTdNJFD7X8R6g4d7gVrEYbtOFp9bgDFvo9wTuQjfEHV7IRWnirawLJZRssrdOzACUg,יונית פינשטיין,
5653,פונדק חיים (גפלה),פונדק חיים גפלה,ok,https://res.cloudinary.com/dn7vbd6nn/image/upload/v1783345656/restaurants/google/restaurant_5653_google_800.jpg,restaurants/google/restaurant_5653_google_800,800,600,98670,jpg,1827,places/ChIJK3YxZAm3AhURBJEB8Ubj3DA/photos/AaVGc3lyZhaHVWOCDIYUm64WHis6CeIhzplHbaFJIS15TLBnzuhfMSbmExg9OKwJwM0K3I8CfdXg6M8QL9i0Q_V_DaT4inxPiHPNRI3h3wbZHD40b-bDBoBLg29eOl--8Ir0AQfU5_i-3Bva4-if-rEXZjgdm_txF4YypOZTcpaWKsWrPvTVvp03lfm3Sin_iBeILzoywVGUlDXQ-a8kdCZlaM2z0z99hhyh9I9Htzi1yaIupWvKPgCPTZbSZwesiKoIR54zC1yRwR8R0sFvVrYrBx2XdYlFOuZ0JTBgm23eWAgiVKvkN1hl21Xxd4Y2ZMaDAM7lyQVcgq73keXoZPzNJMCotzVzqEXi6TacwbNvttQ0al0Trd67G4Z67lpbApESLVwC4xAfA52Svd7-g-O7pCHVYSh9e_0A3ISVG7EBLthk_g,Revava Schatz Luz,
5659,גולדות,Goldot Rehovot,ok,https://res.cloudinary.com/dn7vbd6nn/image/upload/v1783345658/restaurants/google/restaurant_5659_google_800.jpg,restaurants/google/restaurant_5659_google_800,800,450,120087,jpg,2036,places/ChIJ2aEZkFmzAhURNDixZ1Qd7dY/photos/AaVGc3ln6WomcGLTQMjHEkW0ImeIhb8tEpbLTqENTRw5KT9IbQYopyDGztCdpNvnzXAYnpYa5Rx_zw89nZg36kzfCR96487CNDzmFld2QG--g5coQpzGxbhO5pyk44bldQQstbOSig2ycPFv1uUnIFJx0Di4Ub3h_ud7rnSI5IaoY6kzg5f1ngWReK8C_GuwNVYPP-xMdxvBfv-zqaGps468MNckhFPObfCueo4E50HFAEseg87A-FqbOPJJ9147_5BhOrYdWN8kei5rb_fVK2aHZdfYM5qeyuqkhXq7ZSMem2wFtw3eQAmn4abEGjNDrjeRre2-zLSesfum72hDedWA2SV7ztOuU52fX4ePwsHV4Btyz8HBQCMp4lWoKTU3VECOFdyArPhrBhTcgiJQA-a7capQMcRNOx502y1qwd5Zkr-T2DM2,Ziv Reshef Simhoni,
5660,קפוצ'ינה,קפוצ'ינה Capuchina,ok,https://res.cloudinary.com/dn7vbd6nn/image/upload/v1783345660/restaurants/google/restaurant_5660_google_800.jpg,restaurants/google/restaurant_5660_google_800,800,600,109658,jpg,1724,places/ChIJmzTSpj23AhURp1Dd6L9RQ0g/photos/AaVGc3khBP6239h99IhXJdBQmM9_0NAO9Ol3zd6U6FpLLd3CkrrBxFjP7_BKH8JZWSpii1fnU2vtj0Tfz7Vx2yoUNFJYQoMu_mIyV1l0fxxBrv1Vi67_-h5MTq8Pdc6A0tJzNMWXMKpwUIUuiaxVG7LIu3D_4t-gARD2P1qM91Yl2NWHVcQ04-Z3UILbmzOgglniLYSTDqpdLCgwpr--t-ISfpKXhlOG1TRLU1sU3_OoKA_yvhI9R9lv9bvyrUoRMMHktKA68H_snYPI_JlKzFxGZ1kHXFMvS34-PmopkaaqEKarth7tJq9AT6CB3pfEPKj9akc3CRM6wMCY2xappR7G7aHU6-yCjH2IZg396Ee8JScfVhgBDSfNa5HhdJwvkYZlsGDUDcGeGjUDqL1EnDy9-cqPM8UV5vThRimX8T4TUoiZPQ,dikla duenyas,
5666,סושי הגורן,סושי הגורן,ok,https://res.cloudinary.com/dn7vbd6nn/image/upload/v1783345662/restaurants/google/restaurant_5666_google_800.jpg,restaurants/google/restaurant_5666_google_800,800,600,180294,jpg,1817,places/ChIJAQ3QqIq3AhURM6pXaYWzPg0/photos/AaVGc3nUYVHYgFdMnexgIqgQAemajoytPo3aC-6DMJA8056ZeGEuyI4tOBsiE5g4bnVNnyPq65H_aPY282d_7F6EowW2uKCBmIOqbL7mT3gb1r1gN3cYBtw3sd9eVzIEs7MKaX4bMVDKW07NHFGpHqNXulSyMbPYMHBRrHYGB-r4MrUxggMKsX2Eo_1ymFY3vmjI7GnGncBC7cU8vy40IkUAznRgr8sdI_ByTkI90zTN8xMV5QR3-2aivGaVFireH4l49h6nkwhZtjF8Nv4r1dNi_KYI-ZRgq7kdRp4enaYzA-cwDbNfNQHlJT9QUoDgZe0aFKLAtgAVPebsmRK2ULLKedNhUqko5kR7Nsjbx_x8t-CkPowH68iPbefQJ_fhXpsNRhBs3lhUgNLf5rhCpcam5qHlvV4rrKRXqdMIHzFma7z3oDw,סושי הגורן,
5668,פיקנטו,פיקנטו - PICANTO,ok,https://res.cloudinary.com/dn7vbd6nn/image/upload/v1783345664/restaurants/google/restaurant_5668_google_800.jpg,restaurants/google/restaurant_5668_google_800,800,534,81283,jpg,1947,places/ChIJKwmhzai3AhUR5mYQ8mLpSR4/photos/AaVGc3nIBIxwO4bAg61o8FAINjWrDJVlmMJA53ewLoIrFp0WHp9QFRs8BUz5E0vJm6LfCraplm4NZkgDfPah-qhPLesT2KYMGEWyXXJekqScSxVmMt6HgKTV7urK8d9-IJGfEJOJQVPXdt3RULE3fUh9fsKAo1OTGvgI_pGUgV3GkCvAH4ZQrjPcxxx8Hsrk0NF11vzJuYm5BSijZkuxffPh04SKyO6J11l2tIb7YEPrN9yujPfmucBofIK2AyII0sJjUvABDNiGRcFXY9Fv5CWztW36mMNpNoBOPLNi98zXPbADy8K2hxPFSKzFSrxqOvNYmFj5YqKcFUekPcXrxhB__UDcQyXKRxfARxDJfDwZUDULBOTsoIhG9sFkZpCc3WK1CRZq8eLVoGUxi7HyQ0MVviHJXRqPa5Nn_vZVWbBI8CQlWqZ7J1UCgF3Ug2XzyXVB,פיקנטו סושי & בורגר - מזכרת בתיה,
5673,פפרדלה,Pappardelle,ok,https://res.cloudinary.com/dn7vbd6nn/image/upload/v1783345665/restaurants/google/restaurant_5673_google_800.jpg,restaurants/google/restaurant_5673_google_800,800,600,198556,jpg,1830,places/ChIJt4zaHj02HRURIBAjLvlJ97Q/photos/AaVGc3mT-xaWoG64ol3AZNemtYpwxewN7EczDoeHo0AbHIDwkSuGnsvLkeNWPPXAjARgazj2zQ3I0iV3_q5bm2u0cXhgIf24l_aWvHMOQUoRbpm8NRNmP2PykFIJKmxgRCqyBp4urgHIDoQxDVliaYsj61utVTHB8RxgFfnNmhXAmMZmbpB17dPg6zYz6WQ8nTR20PG8OlfueaTQpQm4IZPvD7WjVf433AsD2ImLQ-qFBgiga59ZQAYRCChlqVE3JfBn7TnreUZ_osUF70qB_cc7gDagmyzBBo5gGH6EuzC10qWgncTETudJgHbcsvxK1dT69FiujJfurbwo-MbEc2rXTEnLQvOUdkEdxg3aG4DqW1LMWAEMmKy-OwrQx-SkRpuVEGgPrWibPIPzaZfmLN-xyfqwcNxANPDehHbmJU7MHILPuQ,Asaf L,
5678,בצלחת רחובות,בצלחת,ok,https://res.cloudinary.com/dn7vbd6nn/image/upload/v1783345668/restaurants/google/restaurant_5678_google_800.jpg,restaurants/google/restaurant_5678_google_800,800,1422,290886,jpg,2138,places/ChIJRY2pz-63AhUR843ye-beQzk/photos/AaVGc3nhtK6PDInH0Uez5eqonGDP1W8BJqrVkV0fygoNfJQwxoVDECnXxQHaux39PQML1z-6GRg1YYmwpVt45kzmqwGUXpha38qIKgPDmwrGylbP3pIU2QqCWEin11zc8WF_w3uZ09eh5HX6IJtZRpXFDY0bLpqqusKVWM635BYGYtZtH__fV1-iG1_u2ehcjITfv1HoJ-gAkCii8RaFJ9ykHk3bxm6WN4Y9WOunxqHFypnUxksX192WsbtzU0SzJ11pwPv1d1XGrPYyGOJTFAVuDlpgf1nq_nnSdjpqZsufazVOO3w9rjlpFLdxWBiLcUy558FTk6XCRhxd8hinq6oiW4POwHu4koYba4pFQHP2IFPn67grL5UZTtNqwINakA9thusavFvlbqzFYaONnw3xFMZk82sisiJohozXZjLUlQuJow,אופק שטיינר,
5679,ביפי רופין,Bp ביסטרו רופין,ok,https://res.cloudinary.com/dn7vbd6nn/image/upload/v1783345669/restaurants/google/restaurant_5679_google_800.jpg,restaurants/google/restaurant_5679_google_800,800,369,103033,jpg,1423,places/ChIJ6ZPmauIVHRURcb6pKkOVUSk/photos/AaVGc3mgUpV3aYr1QAqA4ywohBLkZZxTZLf4M3tCNRlJVTciiuPeN481oVuYqai5O9HmQGNAeCUFGmPxVQoq9Kzb3joFXqOYfRPzHYAHuI3M6WB-M1xQ8CdiVOIL1pcWxbCVsHbKJ38BTEyVGb_PTo5WmvDCEB7vrnZUGpmsBFgIfc1NFmwVtqhh5JJ91TXpuneQ155oBW7rDzMesBKoKO26XhyKjooGKkJSjHP3uxSucMpg3KtyNFI7Bdw3gjCvRfaNS3G1ebVsnB87uQH0nU9gHU8bt17VROWotqi0izbMTTJeK1PDsNQ9ibuA7s7r0dN3WgXpourpc9_F3Sbw72FpuF-EBLUO8VzCr0cjko-lHGeAxZeTJvIh-4yMD19HrWPkpz6sADfeidTXJbGml5cM3r5M1D2Fm9JuE5wCr_1A_AuH_-s,ברק לוי,
5682,הפורטוגזי,The Portuguese,ok,https://res.cloudinary.com/dn7vbd6nn/image/upload/v1783345671/restaurants/google/restaurant_5682_google_800.jpg,restaurants/google/restaurant_5682_google_800,800,370,130696,jpg,1524,places/ChIJNQAX2wsVHRUREXSMcjKCeWE/photos/AaVGc3mLwu86YLbWxGlgAUWWbTU38hZpVJ-a6kiMNwCusITleScyf7wFu6fG7RxVcfOhKYG_JzHJ9UaGvgl_MuW0J5pG5u_RXibzoiMZD-qOH4ORjwCxWbRHtlLDN_jofJo18bb5tMpCvojm5tFg8xfcTd30yH95qUwQ8oeHU_sOjZbXLKasIjJe_dHW-BNn8ilhhz8KKHLPM7XAMyXQRiIsA4He-6-2hEkkStfgWOm1zlfE34rZBqb-adkfWXnas2rfhiJVlRMcV0rmS74WUfXctQ6SvCv51-7FIOSpYsBn7cLUI5vQogjYcHc8-Y28WXFjdsIi4UhqkilEPmfwB_LEEBWS6p9bSr3wDQRs29XLBTS5qqEDOZ2ZQ_mT-Xm61Sra-i0bpzOgiYkKdaxqXcsWu-bDBKcmaNc5tIv5aJMiY-34GQ,Rachel Ginsberg,
5687,פיצה לאונרדו,Pizza Leonardo,ok,https://res.cloudinary.com/dn7vbd6nn/image/upload/v1783345672/restaurants/google/restaurant_5687_google_800.jpg,restaurants/google/restaurant_5687_google_800,800,600,134360,jpg,1394,places/ChIJqaIBMWA8HRURQmJL0FcP96k/photos/AaVGc3ln0bKSsMAuRdzcW9amQ13mM5-s-yBciuMp6GXZyQBPObB2xJBZe41hsid9ABcQxHu_xAgCE32puncw2r5_agnKcc8ocq6LhPZfZiC7GZrvRC6VEXDQ_jD38mThvIhx0aO6_ZnoJiLMwNEzm_NExTUZY8a2uiIfTND4SXvCNfHDFDoSRIocZ5aex1DeKQo_JYpWcUXTsg9iCKgJI7ohQZojI9wZvzuesQAb-0TOmyzCLQuUamHrXYmtjDvUkSXkuWze11LOaRmA_npgABSr2emMtZhaMYqEIuIf6hjAESGLtIEdgO0Ts7F9Y1oTuKzS57RLtNI_pP4g9xlppWLahnby63pK1KwH-NUzLPNy3IaV0iNxiglFAIztxFWEaFwqpB4RK0VCGFbpPHWVbueoCYiBv8aKtI9Qtb2EE-42D9uH-g,פיצה לאונרדו,
5693,רפי בצומת,Rafi in the Junction,ok,https://res.cloudinary.com/dn7vbd6nn/image/upload/v1783345674/restaurants/google/restaurant_5693_google_800.jpg,restaurants/google/restaurant_5693_google_800,800,600,110961,jpg,1457,places/ChIJMdK1Zl4SHRURTEwhjdPlMgk/photos/AaVGc3kRbJfF1HZaitrWCPlkM_D5Gmlw7G33kGTkCDydfhprPUM7phkZEUULUKSmIaQXcuKzockElzKnA3AhnzsHcIY43Q1pm3juopu3Va7q8swmMWFII5otrjSdJXWMc2PsINVtyNWtO5CWj9eD0aehV_XSWMEE6sr7Ca1c_64yfLDOatJUEqBllO_bhDXG1ihV_re0-UbJfsU5MBX31DeZWa8wq1QkFbnFpL444VS_ob-3rGXv2X0obhnps3h-j7BqxShusZAGo4NYv9CG8-6lRaXFwRUI-I3XzRk-TvfWyH98LpRfdSrrIf20aqrkWX9f5mwfe_rf5ossxCPYIEjJ7b9IMMUAZUIPFxRfNdJ9b3L7fJ3k83kBnBBnNIAAvl71-nBhXbheteXp0dIwnWAMcYbOtgljZU8IiamYg2RU2RA,רפי בצומת,
5713,רימונים,רימונים,ok,https://res.cloudinary.com/dn7vbd6nn/image/upload/v1783345675/restaurants/google/restaurant_5713_google_800.jpg,restaurants/google/restaurant_5713_google_800,800,360,108019,jpg,1938,places/ChIJvW0x6oA_HRURHHeULEwfC2U/photos/AaVGc3n4VoVOY1cKpKycSP2hjwjauh2Drj11ENQldQjfGj31CCHFiFwrkaXvC96oEywoFbrPvtq6Hh_PDLU9ISmjfIeKXOojy_JGmj6JiE3W93uxM0MXqVSIRxtkblwmtBXKMyKbmXbUWKwVCbcz7Jg5eaMs3SjtJhZBagNJkpQ4_MNgUi-Fe-VCCtrql2QBzDv3VuKEks_dGnLAkGYXsLHWvEfu7ZoYoirAXLGBOlKe0lc5_zNmPPHOfUvK_tLgG2Z6zOtCbKvHVUiioKQhqz4y6g_ATOD_Y6jwrfvSVM7yJJN0V2vJTEYJGEQgY245pkZ_-to6mOxr6rNorKVjbvhRQslQGkTcO-O4wxZCZb5GtRozs0kLfKdKaMoFAUsLPe7JsC8NLqY9RxxYrlN_tYnJxPYxglWvVKotwOkOuGpo9DKjJA,רונן עופר,
5714,המוציא פיצה,המוציא פיצה,ok,https://res.cloudinary.com/dn7vbd6nn/image/upload/v1783345677/restaurants/google/restaurant_5714_google_800.jpg,restaurants/google/restaurant_5714_google_800,800,600,87962,jpg,1667,places/ChIJicaRb5k_HRURInAmUOH3IP4/photos/AaVGc3mcnFr1kj-9E-xCtbNsAUOY4OjAUrz6UcoWYb1y7kOX9AEGW4eYRBnar4T1g8k9hvygTJkFaRzkyU6kJVmzRIDPyvNK8LEKIRuZHyV9EHQfiMA4pgv8OkrZZ_l3aGCTdTii-pSmXhbnkNmHV5daL88yJyOlfYq7wFhqy2AjCwho4i6WkBZWGOO3osAyP9r8zf5Oj9ZVQilCRkgMH8cCskcjtUGQb2SmCATKd71GuvIJCE3cOy7bX3yK3UY-iKhAuaW2D5YJHqLBYJFAzZcAkCz90YRahEiHBvaav5ETM4Y6ujkSEMH5ipxp1TNxkh3qiyCVTT9EIS1b0l5KxnLaqdYFYMpJvB2m1q6ItAUt0-fOT0yb7BofXRHYBIhWQtmUFL4XNzN4I82dVUaQW2Zerc_78Xvjk_GeefFlGU5GJWIL8A,Daniel Lavy,
5716,טוקיו ביג'ינג,טוקיו בייגינג,ok,https://res.cloudinary.com/dn7vbd6nn/image/upload/v1783345679/restaurants/google/restaurant_5716_google_800.jpg,restaurants/google/restaurant_5716_google_800,800,450,109038,jpg,1786,places/ChIJFTeXI-8_HRURBpDWSgKUt-Q/photos/AaVGc3luFRmuwro-3XussvN6tWq7nZi8RwRPuHUXPXTgwNMlPBbY2qwF91lRzkNqSk8gr9vhFr9-MbW0lU1x0A-2tPrXIAOl-x2q616UjOW3DgYE9FR0czfkLjfT48-ThTZd71SjO3FoK4PSwwkkgRXqAcNmxi_f92vrViT0SuPtwHQDikhBGv-D_WZJp7z6z-BoMG5SyiExn_OP1DNwAn2ybW4O-UPEszqp_m4Yi-ELFoPPMMdaFBmFujEEv2_JqjcCingqq6TXCgJw6aNxXpspu5lhcpQX0FQAP2-_7TIHWG6tgICj1HyOxKNOBb5fm-oPpA_7ysAlxgteT3PcJl2VLSFmN3jJo_S1Oru0C4sBLbWXav3sVPf6V88GmltPnbedc1lbjajxYokLw1VLGL70cx3Ce903Pok1Ol7dIMwFHvXpwA,Daniel Sabag,
5723,המעורב של ניסים,המעורב של יוני,ok,https://res.cloudinary.com/dn7vbd6nn/image/upload/v1783345681/restaurants/google/restaurant_5723_google_800.jpg,restaurants/google/restaurant_5723_google_800,800,1067,99104,jpg,1779,places/ChIJ_UOG_qdrHRURomb1PBY9WfQ/photos/AaVGc3ly3cFHUo8ecXLx7JnSvj4qwKlGmFLtnWmMohWdmhefFPimTWpLxalGEa6HdTppbgfIpWgWaC733XQPxCwk_HpitwZ6rW_V6VcXxAN9mhTpzLxFA_A40lFBAbVZs5_9u0VHSeCRkxCYm98MlDYU7l9VbxMRVBRxrfNgnFZVIGtZiCtfPlA0CLmOPpamrGq1K3cwgxT6HtcTzVT5BHIKq4HfU3MQlcj7RD1acbvhYdgxNs1euHjdAIrQDxA2r4_US22_A0WQ_NnVvsdBaZ_ZQXfrAEMKvJfH_HeYOyu2B53uLDahLKHVO1uj5DoXx_uR5v-ErC_KtXYgoC4TGDOo2r2h4ihBatrcf0plism7UBMlVvmXFjeIt79xJy1fCbHPMbSIdGjTf4gYBjpAZDuD5EBICkUTZdeBkOu_ggo8AfTLlg,yaron almouli,
5726,סביח אל,סביח אל חיר,ok,https://res.cloudinary.com/dn7vbd6nn/image/upload/v1783345682/restaurants/google/restaurant_5726_google_800.jpg,restaurants/google/restaurant_5726_google_800,800,800,112940,jpg,1579,places/ChIJrUmmZuUTHRURCGAcFWH--y4/photos/AaVGc3mXP7IorOLwBTw6BQtKnIejdnOuWi7Nkic4DVLVdYH_hU3wWVTJyc_-l1FvQVyhkhm91B-dz_UJKnvlFZZqGdzjM3AbjnqBGs-FIHWQN6m9TAb_5rMuvRW9oLA2o96cFZ7giWosEBiAWwSyxS7ppL3uQbD-SyWDLZqnPMUGy0c0NI-cK-P0ydkDDfubul1myUUb8vF4JihpHRi1Fc50-PKH6FrVtfkNkzwtTWwmFNQi49bhcO-jT3OmHd8Jtox1Uhni5DzsxHe017E2W7NKgeKY5bqM7OIsCi4VdZynpIPWNdoMteJ7oF3iGWqAWY-E9Lq2sjqFgHKBG0JJxrovi7cpSLBn1ZvTNPm4cUFRs7GLrRdTTxzfcVSJ3hhNYP5ESwDnr85Ma8FjHHwXucz4nklroBL0zFSf0-DdyrmmhHL4VXAu,shmuel baruch,
5730,בורגרים,Burgers Kfar Saba,ok,https://res.cloudinary.com/dn7vbd6nn/image/upload/v1783345684/restaurants/google/restaurant_5730_google_800.jpg,restaurants/google/restaurant_5730_google_800,800,1067,241084,jpg,2236,places/ChIJZ3FN55c5HRURzuALs0o4cZQ/photos/AaVGc3k-B8Bui85dMQxWoD_N-fClj-YbTLa0xWjU_IZJYT9PAuhQyGgzExBzqSHAnO-F0fWbrzbY9O5M7f4XqjbQhnQVaWx38ECqSRy7Nh4Uo00Sb2kCvutlz1OFob4-OdNC0WrnBHvMT_HAIp-gppPmacFvyoJqosiMw_LGV6WT1-pxs6OCBcLZbAEUsuUykxERpgz4PCx2duiOSOpWOQ2pKMrDx6KxLtfOaS1IeaLiElBduhIgJFhZTeIDStYfRmaxUVYlG15SfLC0FgNmDiZ4ZUVF2TuQ-XdqCFBZfcPbAsT9d8gJmeUdW1QWEjMx-9XORKELvJ--1uRIiPuhIveDK52KPreh1gGbFk3MghrlFhFD6K07rnhUl6DP9Vag7qVSMITkfanW3Gm80G1vz2DsyrH1sXqPEw1k4nyEdI2imPTM3oL3,"בורגרים כפר סבא, כשר בשר חלק",
5739,רג'אנו,Pizza Reggiano - פיצה רג'אנו,ok,https://res.cloudinary.com/dn7vbd6nn/image/upload/v1783345686/restaurants/google/restaurant_5739_google_800.jpg,restaurants/google/restaurant_5739_google_800,800,450,99041,jpg,1728,places/ChIJo5tdfdhHHRURTb2qgothtYE/photos/AaVGc3ktjL3rC7GzlWS_l9JrQgh12FtBXJHWCxcsr0xqH0VOGhOUOis04tCiCDQ5Axk_tTQU5zz_1Z5MYrUTboqZGOMsGXLe_Rt3xDi3wmboYQ0pMX_menNHENd3wNtEfG6y8QqR1acvpY8rghK5R7nIxKj2zI1C2OXtTo13S7vfC8V-cLLayP1IxHWph_kZqnVfMDbRpNdzaCS7k58Ff_P_hSWF--C8fIbs3IyJvwwMrkSa62l2fcuQXxryzHT3gGWYVSCyKbU6bFEpX9Eo0HjYA5KIYwlEShGCzNpSYwaJ5fsLDQX5CggFE4fvfK7q2o3TKQQewmbIDgPT2qoU74fp5F62UW_8F4e7GkdC_-rJLMI2e3S3x6p8qdf32GWDHDKabf_SOV6WIFkmYDJSQcN56qFce-qxDs34gMwQeaFa1kI,nastia k,
5746,lilli's לילי'ס,LILLI'S,ok,https://res.cloudinary.com/dn7vbd6nn/image/upload/v1783345688/restaurants/google/restaurant_5746_google_800.jpg,restaurants/google/restaurant_5746_google_800,800,450,151179,jpg,1831,places/ChIJcYYVNXlBHRUR8It8fVSga-Y/photos/AaVGc3mIGfzXibeL9GSksNlC9d8qQ-Di_QWR4jg2Qqe8y_GqKn3aPyujUacDBqkaWXn3Uw8h-rZgaA_2zHLZ0TnWP4ZbRyZ1Ef5L3HA0ZnZs5spPxL-mEr3XEd5kX0iojxtXctUgC44_PTmxz5NganWAmwRdST558r_9r4adHFOQ4NVW3EXofEjbZmLEkTiahx9YszFcMiBSeNsLH7I7Xrs863Og-ropWkY6viraAF2hdHZG0-1HCSmgA9lO4i2naDd3KkkTfTAWGhRTCwcHvk00fP-vK9rHWhu90L060mBcg0AGww3y-aikflAyWSYf28-PeDCDs6LvdF2TPIqhqKJBMvGzl5WYylKbt-HXq9NiZS81JgFHUY3N-4SZJ5HtWPYXb_g8yCYr99otm35GiO9ZhCxOzXF7mNDpxhEKerTi5OWxKgeh,Etienne F,
5750,בירקין,בירקין בר Birkin Bar,ok,https://res.cloudinary.com/dn7vbd6nn/image/upload/v1783345690/restaurants/google/restaurant_5750_google_800.jpg,restaurants/google/restaurant_5750_google_800,800,1200,218775,jpg,1836,places/ChIJi1zZ5TdHHRURCaa12rJ8kzk/photos/AaVGc3l2V_HkO_DO0MLyiaU9jcF0dojF7hBK4mbpSnKXTe1pnQ7bGVUVYHmvNcAEFfH4p-FZQMP2FwoB4ywwNDae_TyQW4YZNRH2AIcFUbTGxvq3qienxBWuM-aGV7pEGtCjgjFJoMrKLHWadHy6nW5uaUE7rAcWB2TPWoeIfpnfp4NljLqyw1q6FFS6hMWJuNNVZZzTqHd0fssI2ra5LJ1B1kGHbo4OREXBbnEM2ow9wAJykIqjtqRv4JUCzw20g1pPSu0fK5acKVMBsH2TBMHRumKliBtv3dDvV1VDXQ8X8N6P_rfg4MAW0FiYLb9AdH18NKYF4VIEGA_HYjf-_YuyRsG8o2WxhZumYkjyuJq-Z9WEHsj3YqlaAS1gPKQC2I1bXbbZN40QMuiungjNHctmmHklPpK_KJUJVespmusMTpD_ygmO,בירקין בר Birkin Bar,
5751,קייטרינג ג'יפסי,קייטרינג ג'יפסי,ok,https://res.cloudinary.com/dn7vbd6nn/image/upload/v1783345692/restaurants/google/restaurant_5751_google_800.jpg,restaurants/google/restaurant_5751_google_800,800,450,101812,jpg,1677,places/ChIJNaqQM7E5HRURPnxNzLppSoI/photos/AaVGc3lwllxfZRMz3A7YWW85ueT0OsuEmLRvBUhNR2cbCCeJTK_0_8tuUgv6cbFW4SqN9bzBrZgSdkM89XecR8bjrr_8BNjIzr_EBERh9R_BJhiO7yQ_3TwC_ByBMUzrmamr8WeBKVwf2OPeXOlF_B19JuXpKQNhLpnbiyXQ7eWIDi-54l98k1SKBhTJFc-QjX6E0GrHYyaOhgP75g5Z-3Lizixqdf3tJuYs7RSoXQ8r4WdDNPg9txTOKOrr6eSIq-kgHekxh4WzlSWPHaQyr47ciiSAh71vhIIuyGcXu4yTIggcd7w4jf4-Ythmutu0Ka_9ZyoWJCPsNDQsTsOLznkmeCW_bzLSUKeVHURCb6PdqvuZdyvnj-mfH_gMbJYCgik0idT0H_x3IVi45j5xH4UGxC6iCEbHShC_z_917f9cOFfCIcCV,קטיה אודסקי,
5760,חומוס פול ושמן זית,חומוס פול ושמן זית,ok,https://res.cloudinary.com/dn7vbd6nn/image/upload/v1783345694/restaurants/google/restaurant_5760_google_800.jpg,restaurants/google/restaurant_5760_google_800,800,600,239715,jpg,1984,places/ChIJg-KF6VQ5HRUR7Ptq3DS5RC8/photos/AaVGc3ntDX3Soiimgz2xz8rsh_9wQEyWGsOjnTdE2-WD1RN7_eqo36fIrQLqirOW6ZvGKEYRIl791dKim84tpvjF_hUkiC_sdpG7hzBRGFk3CC6LZDkBvyEt1NOiN3eVHMN5dyf9eCrpvDLHf_SCoNA5nM_-6UIq9p8ZMP8tM-a3VcB2RqRYaD3ILO6C2grCzf6bOlCkzz2CBbBNTjIiZIDlOmMLOazZZVVKzY3eosXw6kDo9xRwHvpos0fu992rjjp5defjABnkJdZ5Na-JNA4c5OEyjbEDj6z45_hRO3rUmCl92nRxHzu7jUwNLcDdFAj2K4Q5eOVXpzhmkX0WHwX28jY5cgCTjnUBC9LQnZ8sTKeNY9L2GIyjPdrnyR1F7mhbK1ptFj5AapeMVHOvxY7taVrIs6pf21MY4NMUllp3D01utHSy,Batchen Ta Geni Ta,
5762,גלעד הים,Gal'ed Rehavam Zeevi,ok,https://res.cloudinary.com/dn7vbd6nn/image/upload/v1783345695/restaurants/google/restaurant_5762_google_800.jpg,restaurants/google/restaurant_5762_google_800,800,600,113295,jpg,2256,places/ChIJ9bJPoxtAHRUR2crnHYFzzHk/photos/AaVGc3nhuTFTIjEzJ7eoTIxByfcsklmoQ_UrBRmAuUvDDm0I9EEN2UIe8fNFeJxMYStqIA3kOzy_J966ir2kCKTKjoTo7_4eBtfNNP1LuhtEKF76uORqYCQD6TJAcOHkj08grN131vVwmqgXesMdsp8cihpHpDEILmLMDPcKdHj4_Bfraf-mUmYJ-tX_5dHc8VqkFn96gx71cXLAek8gCCandSJifJkHQOr2VnL_UaCaoUStUIT9tP9XX2Zx20vrvO002KiMrgXU2sDVfvP-cUaVb8w-FR00NEP__RDLf11YE815ZA0ODzUTYluPRdsTWSAHI6L6O9LjVuJRzIyh56e3q9dib7AOOv2pEz0dwl4Z5xm1bpyfxUNDpHSc3AiEH5JBgkWtLlxbrl7MAL0U_j2L846BqZVVjSkIprqJIVMfp0Q-Bw,איתי עז,
5763,קייטרינג מטעמי ישראל,מטעמי ישראל,ok,https://res.cloudinary.com/dn7vbd6nn/image/upload/v1783345698/restaurants/google/restaurant_5763_google_800.jpg,restaurants/google/restaurant_5763_google_800,800,534,110568,jpg,1869,places/ChIJ4_iqClhBHRURc5UAar6wV3g/photos/AaVGc3mBjNU3hGQ0pemGCCk8hL732swwWYEUJtcUBrz4b2QllXomp-FAFzm6akuitoT5Z3n-2IzlTDgVA-7vHjXRt-2sFGiHxtJkS45RaXno1eigFQhaokJwgQWR8vmYMO9ho4xWllKl3WqhUZF9zi8_jq32fzdm8YbJuidMnER8BSz-cav0KKTYYbry65AfsyzqvRrn2AB4nOkxh9oJ0spR8Dzx-fCEnw_1rssCw0v81j6kKqXo6-Pl5NEVKqbfZuazk_Dm_baE3cpXsP6akBIV5E-1mU0CdV4tCGglrg_rFALWNyoYlBr3XhFKtktPiZIbbx6SNl4THZnO4B-BiZWfYwJIMj8gwMd0sQ8hYSGZ0NQ0a6yOu7lB9m0ahWC2BwWDqb37F838Y4PovvQAHS69USY0HUhUmRPbF1LoM9bLqQ9beTFxlMpKtSIKRaoT42pl,מטעמי ישראל,
5768,ביסטרו 56,Bistro 56,ok,https://res.cloudinary.com/dn7vbd6nn/image/upload/v1783345700/restaurants/google/restaurant_5768_google_800.jpg,restaurants/google/restaurant_5768_google_800,800,534,163415,jpg,1780,places/ChIJE_eeh-pIHRURS4VDmeRXu90/photos/AaVGc3lJimLXwuf-DHs397vho46EHvzWjdjfuyYknsKuCIq5_Lyf7nXk-POarm64IwU098jYVx1LF8MqUQ4xmn-Lck983BXrk7xW5zvWODIhzZcofdzXyGGK8NyIHSzVh4XSG1jxRlQycEiQOXgJjGJx_XPztFlu92ZrilLZzTmp2tj_Pyl8N7wzgxqDkKK_otJJEp0fvzIHYMGTeL4UffI3MXGt4DQyZDrlLpknSSkwitrB9mEnHONOsZLeQwqa98R4IJQ-3AmYOGMHoneYcxVmevkZS4TQ9JEb8b0YJdLxIYIvdFeaMvkzguVwL_1Ao6PEo4NrkNeu3AEt5B4CMeMjniL6m-jYC-z8JUoYry3DliyoduIYX9EA-l3CCWeEh5_AXA0FNjnKOnAzckd50rwYEUOGyMbJXsPdzl9A2dB0Rhpkn_h5,מסעדה לאירועים על הים בהרצליה פיתוח | ביסטרו 56,
5782,המטבח של יוסף,"""המטבח של יוסף"" מסעדה טריפוליטאית",ok,https://res.cloudinary.com/dn7vbd6nn/image/upload/v1783345701/restaurants/google/restaurant_5782_google_800.jpg,restaurants/google/restaurant_5782_google_800,800,1422,122002,jpg,1623,places/ChIJMSTYLJBrHRURYn-5fraYRvY/photos/AaVGc3mZLdb7V5AglvvHCvEPLBYTIoxo4J1Be4NKtMRr0eiKZcfNQPAb7gVTn0zJ6m7iLF0eARO0Cra15ce-aPbTk3yWFA-uWFFO-Oi03FpPpd3H9Kn8LvKkqxF8rOQtjPX0PPrthwU1VnJ2a08OjCvetX7IuIETiEL7nJzc_WLeLq5ZhiSBvwER8FjY0mfD1yN20psdYDrQwWGgZd8saZGb34w1BBkKvzatcvB05eH6gwLo4pnhnUjZy6X7swM0yg4YTg-JoHB0_LQWCmQNZ2wT-jqQLRrGGMxOmIpLIgvaU7AGV5Ud8fGAJ1qerBVnsVxc8G76DqhDn-dwoZ9pXDqPYdbHaJzlcMhzcJxfmSEf4wP9DV65bQ03AYysiIMlTa18ad81IcwNH6nkxd_u4xsLvC0Ab0VEXy4xnIikUpEM1HI6ewMM,שמעון ב,
5789,אולדיס,Oldies Pancake Bar - אולדיס פנקייק בר רעננה,ok,https://res.cloudinary.com/dn7vbd6nn/image/upload/v1783345703/restaurants/google/restaurant_5789_google_800.jpg,restaurants/google/restaurant_5789_google_800,800,600,135046,jpg,1728,places/ChIJT9nTvWM4HRUR1EvpFfPCwSE/photos/AaVGc3kyE4WWRDN9MQB3398ZPWdTj779ulIGm-g7KrFYiLhe3Fk-equ79_9j00vFLexqs9S2_bHQGArrwX_WAjEHULNyu-4DHZrukl6Kok-pzhfZlVSpVB-aJId10WfzhWusFRMFRgXpNCHkmYgJalJVBSVwpAfxGjBGpjJUDYDBcglr7UljMpXQ05k-MQamd9VvtGoXpcFW0vQNRzSkfLDX-wcomvW1PiQzPpHuhZu9VqzjkSHAaqCHgWY5HwuEt4Y7d0iHeBLAOqVRACu_b_rN_Mwmtc-eH77RkJewAen-YgtU-rMf6hJs0SKaXjlBSz5t1uQ9wJLroE7rDisw-0br4kRSq2nv9vcESoPTedW9P23txqOnquxlzBLQ8jkrFTUt3WxvyT3sf1_BNz8kZnA0Qroh3o2UtF9QhkfgdmHbTLqmHg,Oldies Pancake Bar - אולדיס פנקייק בר רעננה,
5804,שווארמה טופ,שווארמה טופ – לשעבר השווארמה של שרון,ok,https://res.cloudinary.com/dn7vbd6nn/image/upload/v1783345705/restaurants/google/restaurant_5804_google_800.jpg,restaurants/google/restaurant_5804_google_800,800,1092,199542,jpg,1962,places/ChIJYbtMF1gVHRURoqZXFxNpLqQ/photos/AaVGc3mlJk1EmAiq_dR5GGfyA18Jv_yNIv0dqIjUh3IoEHHJ8d8K20prbcJZXkAwxX6FozA0YdxzkOevx_NVsUdP_M_V32c9-gzp4V1X259nhOZ3d1HM3aTkhr7g2JKGhJWpDJGJQpzQEpg4i1EUkDvBrCAeEhphgemYKR385PgTzCnJB4OuvrgFu1Zd33CQfpQYBkKBu-tcApCaP47a6DGHmwfa9K6xTqHH7OZUHKHI8nnDn_1icG1SMRWPVkhVDRw-IlXAj2j6j6LEGtmfdc0VYOcXwi3Kt8qo4Svs1xPcSrIawBsJOwNxtkAv-7VEKgVd4S1egTpUOblDMkYwX35lvu986fqnUnbGiu6r4rmflPqL2KaO4QZbZf8xuKmPCsqMu8R8c_wICU0PqEC8f3B2Cockah-HjIZJJQh-J-LpxWLOQS6U,שווארמה טופ – לשעבר השווארמה של שרון,
5811,קפה קפה נתניה (חוף סירונית),Cafe cafe,ok,https://res.cloudinary.com/dn7vbd6nn/image/upload/v1783345707/restaurants/google/restaurant_5811_google_800.jpg,restaurants/google/restaurant_5811_google_800,800,600,203808,jpg,1903,places/ChIJq0xyC6dqHRUR0SqJ9Oc46uI/photos/AaVGc3m1ZYIV6GDzrnAxCsAKUvBOA7p8kdELACNsfEiL25tB7NnP4r9-LL4uYKjpIYYj4Jh0mT07RmJYBCU3KiwObLBCkzyEpAdQeYNtKekIRextm9c_dgPSaqa1p87xo059pUW1r5rb1duZQPC0yQ1tWZRivu9fHsbn5KSwyZ23IpODWcr6-EtaCxcTVFMmALEwFgKFh1lb9s9aKB5SSJwmJ06F4qsiNadjS1FP3ZHIV5luvgOqRtx5VlK4nLOCv-4YKoTo88ggHnqvkC6UB1RgVgalSvHDIdG81N-HjKmsH-VEsx2PlPUBu1cuapvng6U2pxf059I273QaOJ2S21xH5ReikopQ03b-cLSKfNt5V-kWXaad0Qb8_TFXASYiNslpJECFTesf2wj69SmlBR8pUkMQoAb_pIpUTgr5jEOjOn-zmw,Joshua Gross,
5813,Burger King רעננה,Burger King,ok,https://res.cloudinary.com/dn7vbd6nn/image/upload/v1783345709/restaurants/google/restaurant_5813_google_800.jpg,restaurants/google/restaurant_5813_google_800,800,600,134995,jpg,1737,places/ChIJL-_sbW45HRURbCEi18WCTTE/photos/AaVGc3m2YioFOTral-_GZVcqFaIQpDxie8gP2fLee-AIop2FIA7vXV3QnSw7h2m211tbmEVQtIEy9PvEgbiSrzVudlXRUsAQ5bqM-jVEMjYQiD7vwxdLwEqrsBtRRb8r0flXbFChkKiE2bSyn1dSZIuviTE7_MPvKCZHuLAVBVdQLMneODoa0YtFw0IVKSdJzXhGHq1AjdC_d2tnqQ8Y495Vdyg1PWB8_hSF6d5iflX6U2rXUGmX_S0uxobIiRuLrsE3063dRbUsH5qG-Dvwl8tSQS5qjgNK8mNfbCZpVfbOg8BmGCyAcravsCNsIa2zJNQG5HToAs4XjnQxWfFJDu80cfObYITJPPyhsh5j2Y4nSQHGXWf-hhWRYBZXmq25Ft1uYHzpnADpRvzf2SPesVxxvAADL5PkTXusVOFwcoJKIeAX08qC,Burger King,
5826,פיצה שטמפפר,Pizza Stampfer,ok,https://res.cloudinary.com/dn7vbd6nn/image/upload/v1783345712/restaurants/google/restaurant_5826_google_800.png,restaurants/google/restaurant_5826_google_800,800,462,494210,png,3275,places/ChIJKS3DLahqHRURoBlYvnEoq1g/photos/AaVGc3kvZDbSzDzVDFlsuPrUv3KsUkuMz0KD6ChBAQ9Xfz7UGkI_lb6YllFatJG_7-zVNaoVaEgRAVIZnMI0EqIa4IezAPypZMglulAlK4lw17WPxRdRRrtt69LQvdfQts0pbPpfKg0TOVvJo-wYj2O3pHTSCkIlL6H5twK7UDopwjvZLTIDAvdyXHZwZrDZc4sLwIrCMngN4pDZ87_3TL4Dvn5kGqboTCsSJ4hJeokDTezgJttiGs7Um9XFfhq8VIyrgt2Yoxu8hKqtSS8Iytw-ph_Dr9_KZlPfx9U2fH6YtplxaVWXvyc_pwalTYMjF8u__pzxy1eztjMmV92Z-mmp3gjbWF9AVZIm45EUQqB54vHxn4AkIO9tV2h45G_RmqLeXRe8mAcXY0oLnPQTySk_eQLaGL9L1BcWFYHWPiN8zB3sNw,Angel_taro777,
5846,כפרה,כפרה בורגר kapara burger,ok,https://res.cloudinary.com/dn7vbd6nn/image/upload/v1783345714/restaurants/google/restaurant_5846_google_800.jpg,restaurants/google/restaurant_5846_google_800,800,600,155288,jpg,1881,places/ChIJy6a7d40PHRURr8Qb0SpeiS0/photos/AaVGc3ms3DLelaaK3SLf6cv2jADZZPy4OUkCMCLyIFPwCHsVJK9SDLZetQ3B9YfhVK3dFxqyJ8eyvShwF30IEAESBCkJakumQOgcQ4gqP49AQloH6FK6Eat2XtQ5GoddU8858PlxtIBSL4a_LqhleH11uaYNiGxwG2XLeA5gyxqOW5ddUFmJtscvCHVAO_gCqPWbdVeBSa2Zrkqj0GJMD5TB0rKALAFHXsh4LrFG4B2mKZLEhQqWjT2_rQ5xOQRzQ2PYM4HgbTP9iFBQZWAPW3sXBMbnRwS4JIJNhWvbaVQOs-A8hCoaG61CrfyJrLR0HEPRIkG8jKc_jGvpUPIKU4MGw65kodXbgdk31Wzjg_jfdFMYGmHrLNqugSzg-8ISI4A1fBcEpW4vc1_uPuHInw3ow1xgOfEs-sPezKuO6ZePPyUUhqE,Armand dahan,
5859,אלדר בכפר,Eldar BaKfar,ok,https://res.cloudinary.com/dn7vbd6nn/image/upload/v1783345716/restaurants/google/restaurant_5859_google_800.jpg,restaurants/google/restaurant_5859_google_800,800,600,160534,jpg,2314,places/ChIJzVKYKpMVHRUR5MezmOX0ocY/photos/AaVGc3kd3vTL7oxLlYLlfiwq8E9-eSWwXNp3EjoUBxqcHDnguq8AYukdkHXI_vdDyxkNTB0MxcAbWFhDmYcNsslpYzMevAVjpehxYwTosgQSrhZiFAncVN3zk39iMj6I6hVPRdyxuAIFT6A95JTvoI22GIgPRrDUYpLtXiCOzK5UzjYNxKVmCMc4b0G_4YaB8vpxpiBS4R-iPkzR3IxTyKzYKwB1w9fMH7Xo1Sq4O7HxJ_4-4DqWLTQ8n3_-CqFJldEIMAZPu6grfhm7dis__2g8daY8NvFba_we0oeDr4oEeYL3xeAVRlsaxqlP4TRlzbSueYk__RAqDvpm4v2RKiaT7rh0AwCajfYHcJ4xdp_YL145MhuWtPpuUAz67x1egtL6mu6RLy3AOrlBJSYtqt0PRH2qhti9Xtcu3u6O3-QmqgzPJA,שלומית קוסמטיקה ויופי רייך,
5868,דשי,DASHI - דשי,ok,https://res.cloudinary.com/dn7vbd6nn/image/upload/v1783345718/restaurants/google/restaurant_5868_google_800.jpg,restaurants/google/restaurant_5868_google_800,800,1000,104185,jpg,2021,places/ChIJ1bX2J5NrHRUR6Z15H3ibdS0/photos/AaVGc3n2H7XBP3_klrszdLe-8rUA7bJkTunl5S2hNGIh4KhK2BqkR-sHvZe_EQ6Y9tAcYZMVU8XqhqS27BBabcd0WqJnzsth4Q88FDnnisW6fdLNdYJfsA5xuY3BNUIOemdLQO68Y8zS0Y0xbhZyd2RTYi8E_WrR48I3ZG3w0_OUH9n3aZJGhtslaKYdTuQmzZPOYtz3IikNf_IwEd97wxMyXbHlrCNMwUPg34uD7EHInZdTWJ2dKCQM1mlAQQRaX3DG980FPKxDA6MQ7JJ3k13pW7ke6rXBCNzhf5nJyzVIXgIa6tisDDCjZsIraQgvDCtOdSZFenAfCXtmIxcJrmvOf2CO2zFHpeUdurTgGaEIxwMY-4uFrzttCoKdn374zxMR3K-8zUx-qvzjNdJxXG8Vba4EFLexj9SNOpSxZYQpZKc,DASHI - דשי,
5885,השווארמה של שרון,שווארמה אדנה,ok,https://res.cloudinary.com/dn7vbd6nn/image/upload/v1783345720/restaurants/google/restaurant_5885_google_800.jpg,restaurants/google/restaurant_5885_google_800,800,450,135886,jpg,1727,places/ChIJURHWVEoVHRURLuFpYQdcVF4/photos/AaVGc3mly-RWYKDTlEWWfq7mFZduO0T8Q0S3wHeusLUqbXbJOREkDJk-WOSsB24_903kJ4RKT74ehadAVuW9rlnuV38TNm9ytNHpmIXTXg-e4yso82InpAtl0yT9TosIohcCnhGTXEMNJA8pDZo0G1RPPhd-f32VuvMvc7xggbstA3CZsi9j5c7tcxbDwF7O4the21jwTMsiubjg0dMlrbmkW3zesxVNrRczxsX64_az0VHEF7oTfGpw13qrbAbSyZnMQXX9SfKQ524gRg_3F_palVJWoqCKDtBfP27lPXYkeOI3OBbA64XozqgCfdBZSpGzU3-nNekLf1SNjpFUbCBKOb8IQjwQvXTLCAFQ3g5VLs_x3qYBjhc-YVWhNXbfiAAaLC7lJRK-qcGK8xfrjL0aBdu4whQfmDg1Znd5vBX38y6-1g,יוסף חיים קרקוקלי,
5887,פיצה טיים,פיצריה בנתניה - משלוחי פיצה בנתניה - פיצה טיים,ok,https://res.cloudinary.com/dn7vbd6nn/image/upload/v1783345721/restaurants/google/restaurant_5887_google_800.jpg,restaurants/google/restaurant_5887_google_800,480,270,48805,jpg,1284,places/ChIJ4wOBXN4_HRURwUIP6utJARY/photos/AaVGc3m53thApMuBLJLZDMZS9_Q2bS4mjw0ucy8s75qZpdkRJPnKn1V81kDrEkP7aZDxMPJPvlWRT1AfKcbLhRL9BWno3Zv-O91PiegCVgOAc05kLFEuf8fPA8CuADa3BljM8iL7bp51jtIYWo2VnMwkYbYJtOi1EQMJC1Mhk6ucDXQ7qKkcA1VsRvzpOWZQelbeLftw-WwO-dl7KIWaSfYQAYF9RR4fG02QUSeXsxmrvqaIEKikj7vabqML-CIkNcg7SQuyI2jfpFUCDSANPdsfkLma42dfakSexdKWekXj2OSOK-tgWpaPTNQYykfeMUCDvWiUsHrmiI70LHlGVTqVNUZ1lCXeQVsq0hfXgPAomaMIh_F-cnPU0j0Ve0ZvHsIPpJX3mUkgUov0iXlVIGrSD3P2GxrlBMYVa1BJH_M-yET6hw,פיצריה בנתניה - משלוחי פיצה בנתניה - פיצה טיים,
5903,צ'יקו,צ׳יקו ומיקו - Chiko & Miko,ok,https://res.cloudinary.com/dn7vbd6nn/image/upload/v1783345723/restaurants/google/restaurant_5903_google_800.jpg,restaurants/google/restaurant_5903_google_800,800,1422,334804,jpg,2332,places/ChIJ7VBCbB4_HRURwgvrcJ6bWQ4/photos/AaVGc3m3ZWcsFcXNzqRXo1OMxj5YbzX_G6kOmwigwFYXvkYUsurktX63fW9QDrNLGfiVpM_4uzi0HfDB6OJKuLblkbrgR1xokLVkUMrriU--CPOzVzP78PgKXhQXizvaQCPiULNCJAJI38nsovn4MqGWQ8EcF1mrOATaTgsoqphRvbWX2rLb9jWkdCCWTTmmKQ5ocMQmCK-dLnq3OPzmwAR6DlWBLhdqqXtQhOE8sDBqIqCOUWuj8qLCzEyf_wBDUXy21ZOji8Y8e7vhY0-_LgsQPjq-5cc2vGaxbab30tOeOOkn16cK7xyfEztaQGy9nCaZCtJEn1Mcxn979_fCvij1-P0NnYs9KsQo-x5G17xGPQfv2_rCpY2F7iOPs7BfgFUSjZr8Fhu2Hkdiakk-QGZ_1MoEkEmklEkyUWTaMgTDFILxIQ,צ׳יקו ומיקו - Chiko & Miko,
5917,Meat and Sweets קייטרינג ברזילאי,עץ השדה קייטרינג,ok,https://res.cloudinary.com/dn7vbd6nn/image/upload/v1783345726/restaurants/google/restaurant_5917_google_800.jpg,restaurants/google/restaurant_5917_google_800,800,534,196093,jpg,1978,places/ChIJrZzo-rUUHRURu5xTame2VI8/photos/AaVGc3nxslskYB7DGotfsWYHML9HQcTdynx04NOMluzRkcxgdaioL8kzWbMjHOU3Ic-YyLn3B8wljA0WAbavAChC7bYtDhSBbs8LZlSrpC4hiDgVcqP6HB4AjgQwg-PnnN-U62MgjV5g79YEPDzVH5RDRuWGlOrueHhuqRXBpYyTOGrYPR0rEmnPeuv4aifuXhO49QF4T0_yWxSVYUzgGllG9EDP7mUVRXJT6J8cmsdEVDu4P_3jz6Jzfp_h-FYxQsaMRo0nAapSYweoKBoWdndK5i_CyvTAdZmY_grCye2SPD1LhtU8SdIoksfQPWTNJDKL8DhqBS1YNpZnyQulanr-pI0wsGOgr0DwE0JE5Ylxn9OmODymwPVvXU95qE9p72koQ0xzxSvI4wSDzZ3s3LtCnhGHlA4n5UCPffGlQw1KzbdO9w,עץ השדה קייטרינג,
5922,סלואו אנד ברו,Slow and Bro,ok,https://res.cloudinary.com/dn7vbd6nn/image/upload/v1783345728/restaurants/google/restaurant_5922_google_800.jpg,restaurants/google/restaurant_5922_google_800,800,1067,277867,jpg,2349,places/ChIJFeIsv1w5HRURJLE2UzwNzPg/photos/AaVGc3m0oq3CfjNxvDVMl8yF-vRLWVaxN7O2xETdQ583qzHjiQmoCi51f0g_VRtPDGn_DXoU7nSYs14Ct9dodJiMQX3K5y90lYlSgBHPlt27PCMXpoJVCfIh5bd_4R-o8BJNHkIWgKYie7777BDTwMw19-Oao1HODsd2bN2iZkuP4dhMPDnAobKiEMrpNDlaJqhdJIy7UZOC4jfUFeM1ygK7eKOJvgg_9Emn1JLW7krsujJ_ektx3xPctm7DUaJhSj7L-Uay2NTOZ50e1DcyK6EVNozXcstSiyLhIFh2JaRgNByKcnlNPQPoJY2Vb86UiztTEOOD7dBRk0etM-lHDc4YzpT97F2SqZWlBy6jIVYbf8GEziItb-pC62u5Z6nKtyAfBu6yDrTZSkkne2kbsy9GX52f9D1vjGoPVinsK46HFQ_6iA,Slow and Bro,
5929,חומוס אליהו הוד השרון,חומוס אליהו הוד השרון,ok,https://res.cloudinary.com/dn7vbd6nn/image/upload/v1783345730/restaurants/google/restaurant_5929_google_800.jpg,restaurants/google/restaurant_5929_google_800,800,450,146719,jpg,1823,places/ChIJqZMSqLw3HRUR7RRcQjy1KV0/photos/AaVGc3l0apAzjAs40p5YaUqW2vUDoEckVqH0V0cyF1MaaPRt6HByxOQWAfrCAcKHBqgpzIKR8LLMwSTxRcQDlVe67V3aqjHEO53SjXFKtQmemzToszeUtLg_QpqWpnaX52NIBsC-XSHCe-bM5MG4lQJNaEKWhxFaM9MUeX0Ywwd8xHIoQ3bayic-pCHqDtP6SmidEBCpwd-ywD6rbGgrskDVvM8q2b42ne0dkR8I1IIrwHOkQjcpA0EZegqO5UttJ8Gl_Rk5T5bUAujdFSv68RKzXpbA4zIwAj0j15Yx4FVQ41y5hsTyONeqzE_6_6wj1aTwyMiGjCZy3sJKDexj6MfyhizchlsRaqKNpyVmwXXQdwelG1JXbpcp3XdcnDRsjxiTMldBCUbEms4V8spT-IGmYBg1rUmfB_9d9P4cglkmxqfXBA,hadara sh,
5944,מול הים,Mul haYam,ok,https://res.cloudinary.com/dn7vbd6nn/image/upload/v1783345732/restaurants/google/restaurant_5944_google_800.jpg,restaurants/google/restaurant_5944_google_800,800,600,221311,jpg,1793,places/ChIJC97UJqZqHRUR_FNw45xguHM/photos/AaVGc3nBdq8xvPSs0PDeT9yQZiX9-X_amsWhZ6eZCwLgYtJpe31IIDxEXxf_DUaG4u4d-6t3FOrvbrVLcPfAIuxIsfSORZ0zcCpcbVe4mGVcua7FMz2SzJ2vFtf_Bqt05CBVrCY3MvD7fMh1aSuj5L3P21Q0pPmTDIlIE8rzj82PL-3To38BRqrP1JrzNnUVM0ZxVixqLH-0hHqnVRX9DSjdeSmploCR6TTYF04G0s_j_TVqdZBRB_X2ODzluKkAE42kqEBtUCEwRFT-CwPGOAyHDVjBpElf_o9-Oibrq2FVFlSrsv_f6wT3_uNiCUgSoh13oVyDKWSpA1PCPynCOdkPAhFleLopGUC5apMDjGrf52p8P4DhsQT6lUAkHauMhX_3qy7nagWy_GDIz4mmhGQTiHfdoT9Zjyp20K8QYDh_tLkLhqM,Роман Великий,
5956,פאפא פינו,פאפא פינו,ok,https://res.cloudinary.com/dn7vbd6nn/image/upload/v1783345734/restaurants/google/restaurant_5956_google_800.jpg,restaurants/google/restaurant_5956_google_800,800,600,240522,jpg,2486,places/ChIJAwAwsTdIHRURsbgtnr6odJg/photos/AaVGc3lTuANGBGsVhxTZ8q7OMS47olaDv2zR651d1r77imFnJ3nvJZ5Z1zY0NVWWWc19D69u7s-WhblHhC3MKaFLHSCOzTAqA8a1pGA9LWguAR-Ng96XU12LzdGxN12IOIUGBI9x48D86r7zh-bhlptLuUSNS1MHNLH1VgWIA7sRNrtWXJynOORQFCHH_YXs31y-ajO2hBqApJddTsxe_AI5bKjXKWt1t1eZ6NVnsJivPTefkIfy9E0CuAPPw5pfYn4bXiidirhVAG__Yw2Y2wxeOkqodGtTuAk3leaXE3Ab7O7vsPZ0FUjOoByPvD6KCd0ZFzgleKT0GzQuy0mID8V2HmTKX-2Kb3w6fMSWDuMNoDj640MCep_hCzX3tclGTo6RDFrhd2--bf-08VODUStHeeXYlcCSGjR4i1EQPha67bg,Moshe Shiffman,
5998,הסביח של אורן,הסביח של אורן,ok,https://res.cloudinary.com/dn7vbd6nn/image/upload/v1783345736/restaurants/google/restaurant_5998_google_800.jpg,restaurants/google/restaurant_5998_google_800,800,600,146950,jpg,1523,places/ChIJfzc_PDkQHRURKjW2RBGIFeo/photos/AaVGc3n-XwLXTMzQoU3U5yvtFaDKcae9RVxfG-_GvDwtCupbxVUb7cj3VuS8c36DGn78qthuUDO0pmowmBp0VSiRjZA4k7s7PEDXbCq4izaSUhXN2HMobwdjlH9k8KDiR6KRsNgolqMNUSiS9GU7tedcZjvf0zx9HKkhhOCvxPYbQkhtXcc1C1BEOwUgl0cLbDzir62pis5AyFzC4ppUXTWyJv4c7Lrw8ruvQouPyTXITmLpDS2oDXwOK4utogtSaN-bCFKNi15n18N9Kxb8CFB_hxmuFn3STUpJBd0g_eNy8H-eZwoE5OlNLoW8tcczqD2RRynk87DF4_e95XEs7aittkmi5BsIkHGhgVWbs0R8uHF-GJbSLjAvGZjn3ftRCtxGfdgmxGxTgOwcwzkpFqQzYWeAbYEB-0_1Ht7EV9DRCLhZImJd7-rQs3PSDRZazEy8,הסביח של אורן,
6005,חומוס פלוס,חומוס פלוס,ok,https://res.cloudinary.com/dn7vbd6nn/image/upload/v1783345737/restaurants/google/restaurant_6005_google_800.jpg,restaurants/google/restaurant_6005_google_800,800,394,114191,jpg,1912,places/ChIJ8-2OVAw_HRURGXt4COZPkwg/photos/AaVGc3ntNPbaJmSkrj8AVuJAnTwdyE--SoAkb8Qk8oJU9lfiv1NYb-8kUvQnbhQKLXOk62w9dc9JMf9Xdq0cp0-XchT-1MmKUaSUDVU0omm_VT0b7kUe-mJ0j6mpRUcWz9jkWTdZ-YCSZ8hfNJ6Sx8Ewz70xFb2Q324sRW9fv8sY4zEF9LN9NYOWmuNPlBOsjuAOvddDdqrAU_VG1Nky2LBZ3sbiVZBNVthqkKOFwgNlSw29Pz_gGEodel6xpkY3z-GW1txmJTfqqLKZU4Pgl7w2aDSjbndUBfTOCj27ztMUFySi678svi8w_YAK3O85eJK2RcphlWavQ7m-rBeiJ1ushviHNDqvUA0ZTEyTEOfOX6oE2sfuCISRQl5C_zEfq9e6jp-78DV3yLKPxJDhhm6VejRHrFCCbv3H7QEivaZTE-A,Erez Simon,
6009,המפגש של כושי,המפגש של כושי,ok,https://res.cloudinary.com/dn7vbd6nn/image/upload/v1783345740/restaurants/google/restaurant_6009_google_800.jpg,restaurants/google/restaurant_6009_google_800,800,1067,147057,jpg,2201,places/ChIJiW30kkMTHRURprBlDixir9w/photos/AaVGc3kZARRVUajkwpGla-uT7ze32sgLvshzBUlDbAFdPslaaXCH-MqF3aHG4Ti5yohbBT6Q2XgAXReqCPF5FF35W2hNZhdcJxDCPTVDVG8St79ucgfiE_g9H3V8yfOl2ikzAbGik9oALX645is6so_Kk97UNeAR8hpy47HUznnvqIWWTyLpGO1ijGeYq6W1OvPrfZD60xxIUAszejMkx1T5MxUR5uL9Ws3BrNYkBuP8myJx43FxQdsODZ6UJTym_1ts6dzIVCzt5T_176Dn6uiAaRgHwq1C4UWr0iOuru9Hb4Ll5vuAV5PKtFU4D7dhX2EVvwL6JANTgZrI2jD6xyb3QLda58uwCz4UtN7MbYyHvSG4gtG0hnJHt30-Q6YDFBe9y5YkLXnpG0qmamaedCA4e9T9xTu2upZ8Bi5cnZyGv-pqqA,Hossam Bast,
6015,black cafe בלאק קפה,Black Cafe,ok,https://res.cloudinary.com/dn7vbd6nn/image/upload/v1783345742/restaurants/google/restaurant_6015_google_800.jpg,restaurants/google/restaurant_6015_google_800,800,450,120987,jpg,1729,places/ChIJ9waiL3Y3HRURnwxX6n3DDbM/photos/AaVGc3k2HY0Ihizojy33IGTGT44Ro2sIEbrUPUOluMSBvGbXP_3_BfSBphd3y5kj1quyiprzipBgqigIiNAH-AfCCyiJt3PMwE6oEr736j931YyFDvf629S8fr0gmfWc7UKIxTmB1-SWP1nMDpgZLBeNYSZgvvUZNZK2qLDvDbvljyiVwGdsd46hrAbFD2_GibiyRrN-7e8_W2Qn4zSpM2xlBWL75uGkY5uSP_zzvYfEF1A-keVhhqaleXrzuhzHy-4SPCS4EuHtWcm5O0Af720oN4RiCaNJc2q3Bx3wtFAy4bx3nXlUHyZ1OQUoUqhMcMdnCMUKggc75C5tgFKp5CnbwVPzrWhBpTovLyVwnrHiajanTGmDF_NVV95gG-OqzLh6pDdjGPZNV09yyU6X7eZdN37iqaHtTUW9A5XPKhJV_Ixct0B8,Yaki Timor,
6016,לחם ארז,Lehem Erez Hadera,ok,https://res.cloudinary.com/dn7vbd6nn/image/upload/v1783345743/restaurants/google/restaurant_6016_google_800.jpg,restaurants/google/restaurant_6016_google_800,800,450,127035,jpg,1932,places/ChIJm02VilYSHRUR6ED48bfpr9I/photos/AaVGc3k13gNvk1uSGB0Do1U3mUbFdOElAG3TmjQFmvLjtgNiZ8YLHdm7-lG4iC2MZzkn7BbgmIQVEqFXrqitnM1yBQH7TCI6yg9zvaPFlOZquwdIUGIgcoZbhDGlW5Mn4YXn_HuBPQQPIIsBsBOAr2mE67ZI2xsOivZiMcJZ-1dDgePgD1fLQBo9oOO1Uk1xzuUsunZmetZKJ39f9YRbw3-I-NU--s98vd3s0NRwdRGWii2OwaTrmOCrwzU6fMaoxF2RyaNqleZzXttDZaGlMq_sJcbF0WtjMS2KXT56TW_hI4XzByaVCz8YEtrO4py44IMWTyIr-g9oRkHGfWTESonBiyZBshy2GM4XNz8l2RZA_FazFUitL-TXJNE31Mo328uwwtMtOftC-5jnx1bhIU-2VPHWeJfskbixJt3r699OPQIWNoA,Samuel Israel,
6018,בית האופים,בית האופים,ok,https://res.cloudinary.com/dn7vbd6nn/image/upload/v1783345745/restaurants/google/restaurant_6018_google_800.jpg,restaurants/google/restaurant_6018_google_800,800,600,139664,jpg,1688,places/ChIJA5R4d-UVHRUR7ooKv_zeABQ/photos/AaVGc3m_o1No72VgTYAGYAwOG1Xasrfp93kcbcMs-zonDfEkhTgUV06GNzQ-j7N2fX1KAAur_M6ncGbIl1fBwetJKIJDVGwAKKl6S8NftPzZVH9TdHCUDHJzz34b9N2488VQHyXPDTdb4RlNLbWOQUkkT454pTjrsPZbi8yQPNkdSRq-aqM9wGdNYEgE4Nu-NATL7N49aaXgvcaF5NosdFQC-jv8Pm4IlYD4KYiVf5P1Yd8XETExpiw9F2xl4ZxOEL-5TknTMcbdpPc9pn0dM35_JxANVFvfmzEqEVnANlGn5zB3qNKGiQ3XaD1JD7npVgl1oBoBhBBeBD7GIB42pH75QcS5eANWx8gPSIiB3x4clZrYltYLicBNKAgE8fgLwG8VepUlkbtobwmI-X7oEwCxVAmDaT7O4V6djYE5hViHusWJfAin,Tamar Ben levi,
6043,פיצה fix,Pizza Fix,ok,https://res.cloudinary.com/dn7vbd6nn/image/upload/v1783345747/restaurants/google/restaurant_6043_google_800.jpg,restaurants/google/restaurant_6043_google_800,800,600,123134,jpg,1931,places/ChIJ84pCDA1IHRURuWYPHZapak4/photos/AaVGc3kD17ZnJOMbrGq8g7mh26P8UPdN2u1xcNoagTeJMxUVG34i5lgXoD34l-uKZsemJIhW20pEwYJFUt0O0KM_3NqnJPeR6TOpOR6SZFEEhLBI5MNVRWyKN37ManfwEtst8RJ0AC1VJ2teAeJkVajPRc168VmNilm2JiuZ99n3e7gqfS-u4EtVzJ7BCa3m8hLnpqMjKs_G2WfvUx9G33ezM9ZGQaLBgLYshvOLt4-DdSWCvBbfmC-ZMcg8SKr4o5DlJUnd6E5N1sOczyLnzq0po31CINy9NrgUt-0bvMDEI2sB47DX5-S6VQFJTMYVx0YGDhU1HftKzMTA_PjZm15XYB0AgdvvePtksG1o2yZxU-kcc0GBIOP-ZV0RrsTXcZJpwPdY_nbWP4qla62dizegZB31lh1El7wLsoOQFSOuDztPjXn4,Hadar Keys,
6050,הבית של שרה ויפת,הבית של שרה ויפת,ok,https://res.cloudinary.com/dn7vbd6nn/image/upload/v1783345749/restaurants/google/restaurant_6050_google_800.jpg,restaurants/google/restaurant_6050_google_800,800,450,93299,jpg,1634,places/ChIJa2su8oxHHRURvPR6GzMPd0g/photos/AaVGc3kv5h-twVAW_0uSzdzInENN18wuBy5tUGUgMaeAGiAVOhOcjESIsrkZjPM1N9E1_6i5WNNIdnYHka6uFnJ18vw1RabpH6yPzvoqTzQTndX9OH7-svol5TBYlo3tGWYKFnjnnV1yWl6PKl5I8mZzXqenUOX_3Lnc60jVn_C6iOvCAuNE12FSnpdaJRmd4oVNxauS3iIGMuzKrxYmVTWiur_rK5NVrIUoVF_S0VZxS8M3MWxdUCeU4QdSM3kktET9aiZ-XFo1KOD-XJT_kRbCKlUYi33eK8NLvAOLnfJp2KS2slEnY77kdxIaUbBzbPK0N_k-fwPhDIQ6O4TqB3pZ92Eu0XM1UNGWkI_rVd5THQaf5ElPFozGYVd2ApqRCq0sJVqgA6tEok0jdiJOWt9g35JC4BrqrujtKmGSe9acfyHT4bxp,adina zis,
6054,ברדו,ברדו (מרכז העיר),ok,https://res.cloudinary.com/dn7vbd6nn/image/upload/v1783345750/restaurants/google/restaurant_6054_google_800.jpg,restaurants/google/restaurant_6054_google_800,800,533,150014,jpg,1618,places/ChIJ7d6JBRxrHRURuH_sdjvT2jg/photos/AaVGc3lX92ZzYkSl4UcqoIkfHi_WQlla7TI1ffqhfYtm6-0I41ZiU5RIBjZTYbGHc_dacUi0oWECAKHny8tkZ9-3pqAe7ckp0KKVLv-R10lKztVEr-JwWYNuPUkLuFXSAA8NVoLVai1OYKkgKm5aecTMfdhiF61bajk7Nn_qs5_xjFyG3AVuEwiza9HGHFpR6YE4JIdXadNO5fQZy7EzmKcMffihQaTKYn7AmwIuT7q_E1agju6rHpioRiT-LwSAVIWNtdddNkrRajoA2dSa7SBUB44tBMLpZcEE3MAisp71fz60pbqepBJzZNyjyoKkIW59GYL0iQNJjOlzkiDgoXHVVs0t-RqGkPg6T6YqV1-J0LiExaxVmn8HQMWMLy6WPRbm48tsxR5RFYY3_vShb6_NT-6rQL65TpwmbmxKFfxH_V2B3A,ברדו (מרכז העיר),
6058,המשולש הלוהט,המשולש הלוהט,ok,https://res.cloudinary.com/dn7vbd6nn/image/upload/v1783345752/restaurants/google/restaurant_6058_google_800.jpg,restaurants/google/restaurant_6058_google_800,800,712,147752,jpg,1933,places/ChIJ55eW2Ew_HRURnELRgZEpj1g/photos/AaVGc3mYlhODbxVg8kUkNUCk72tk0LCD9z1JTX1bcdBzb0OsVykUyxIBO-yA0Ohi0Evt3uDDxH8waIDSL3Oj-9wUD3rn946HF98CZx6BuILON_F_muhnhci73yeQ0CFrToaiAr-dyzZuAW0dvnsp_lRoUsxEGCVYP2V_PxQOIe-0JI9cyibF0WLyQ2-HQ9tcZAEvi9zeiOFvV60_IunxsN7uUcfQB2WU6dq6ypWZVomvhfcETrBoaIIjclQ0hHAz8HDRa-s-j9wbFenZ_uF0-YuU_CytNCxPeFwijk9yf1kjESaQjFaabcV4teBwbgjZzf1QBWNpuYtwImNuaiiLru3po1FjgRgeSa1NNLNYbh_iU8na8nfWq5Jd5RNzSRVVcRHKNx2V4R1MQ-qOYYfWvnb0CEgCmN6yWPPQ3E0Tpdo8oAUiNKQ,Maor Daya,
6062,Le Cadre,Le Cadre,ok,https://res.cloudinary.com/dn7vbd6nn/image/upload/v1783345754/restaurants/google/restaurant_6062_google_800.jpg,restaurants/google/restaurant_6062_google_800,800,533,124378,jpg,1781,places/ChIJxdQAPw04HRURtwUJAKWnpi8/photos/AaVGc3kZ6e9-Z9wMVCX5Tx2aNt2LAstCKL7HS7HCu3WqWj5CSVgSfbJMsJ1YIqo8fRZm-yoxHf_WJWZj0YVx3OHIe3wop2n-g2VV7DRcpX860ZMavyLh1PptszDKbEladI8u1Yi6vAsQKMxh9xnQ2BltbnW3WOU2KvLFLczuzqADfBS1iWh-Ln7yqVQS3VEUgmloQLOzBQfNbGhlejzf0WDj_wNe8VaxYR209LAgXqo__Q8_47z00RYG-h9AuyITmYHQAd2phmlgo9Hkcb02L_G0jPrx_Rm88tIIxN7heMrRMvr-mnXN6lnyEi0RSPkGI199WNX7HjHJAUjPp7b2Gpwwkryvzklbuy9ZKpqTJDRiUAKX5RmiDixTCdw_gIDkIbmGWm6W63eZi1bmJdH_bcNf9tIRh5OBkrOmGSlCi3SlBIrOqjz2,Le Cadre Israel,
6068,המטבח של סילביה,המטבח של סלביה,ok,https://res.cloudinary.com/dn7vbd6nn/image/upload/v1783345756/restaurants/google/restaurant_6068_google_800.jpg,restaurants/google/restaurant_6068_google_800,800,450,53402,jpg,1678,places/ChIJXwWzkkhIHRUR4vPPV-hO2_A/photos/AaVGc3lhnSaa8uRgVB5_8JOMdcu4qDk4k1f-kOb8MLZt0KZR0XgglUq9zc9SB9vH1_muTh8L2jp6VIqE2fYLh-MWBvR1v7llRBAEvKxUmRqQLBW0XuMn3gUv5a0FEwsVlLtEamRhbJVBor62GjBV8jhIFv_oBgbesQuVZ0Ohj2Q1VzAysOypTxltL8Ey8oRX4G2PYLIW-WfRR-AkgD1x0T5I2yZYDgGTLkHojSKo5JTDP2YiU0aXOSv9AwiZIAPEhJ-6btWJmHBdvjsyEhHmp_3if3afOiJOm7PfaUgpKd-RFCOAA9uyxtLNnItYu9nxWUwgxF9kJSEmHzZqtLhl8n4hZBLif-zu8SSB42bNzLrlbVT3Ldwav7YlS-mVTbBpUOnwZePh6Rfnb6nIfRzUecJtkJiV7yO2TCpaRHAqKh5MCefUbZer,Egulsky Lian,
6070,הסביח והמנגל,Sabih Hasharon,ok,https://res.cloudinary.com/dn7vbd6nn/image/upload/v1783345757/restaurants/google/restaurant_6070_google_800.jpg,restaurants/google/restaurant_6070_google_800,800,600,158760,jpg,1607,places/ChIJgTCdHYg3HRUR1L4ct1qctPA/photos/AaVGc3lAOQBmdJY0s34QaBP_M1jx7by-5VwWYhKKNXuhCxBFmzHzvfUiNuA6PSuOkiuUhqNPkFZbJ1RQzmPO2bl3OPuLiuLCZPofhfyD2anFEqA1ypte2NCzZgpZ5vv095MXdnKWLSOhGbqHcd5_7lBm9BTLa_7gnzwDnrz8VIbYA-PtcSKUJ9MUdK0dDECAdO7Y7WRRbMl8vVC8tbXMheHGha7PIhyj1mFG0XDwL5J6hmgLtwNE4odIQKdwTNBetIH5j4C40ybURcIWDuZylMOgqOdvyBSzvqeUFnNtyq1gZbkha689S7yz6OiQmB1UYmJ_YulDBXsN5Lj2ASw8ycbaVFyE07k_FGvq7inf47G6bs75uVxKhdc4dbqe_vbtdSVnsvYIPzbpn0-2yfUsZ_7H_AiwAjkVVkqJWzQgvN0kgdBLUw,Assaf Steiner,
6075,השניצליה CONCEPT,השניצליה,ok,https://res.cloudinary.com/dn7vbd6nn/image/upload/v1783345759/restaurants/google/restaurant_6075_google_800.jpg,restaurants/google/restaurant_6075_google_800,800,534,155577,jpg,1950,places/ChIJszjM-ZFAHRURxRctl6_ZNQM/photos/AaVGc3lm_cpgChOVfjNfGfeC0f5sERBh7UE-tbl89h59qMIxLtnuxMpH5F5Fs_PLl069r1bWUIfd-OPVRVDSGpnlXBMieVw_u8la9H4igqvT6fWyD15SjyEwQLA2hm4nANWjO3jMWzgdMIkLnn--w2YkaiPA0OJXRX7j0Kjtk8KBq4wjAwn_dkFRIx-XD0kaTPYuXPqHA-SZpkowbePLLsn9PvuC7Zs-btgzk7wXOVo4BHVkWh_CliH5P9M5dpgliqXMlpLZW7OXkK9UzaHtpRndsJ81KKfvVGLvMTqN9bQSd2PPdSLqR2Y8BJGiG6P8s982KMssXLW2NDSIAntZgg-Q_1tQO58mfuXHHzWB3B9uLIIkLE29Q5f_lZEY-y-cH7TcJqO8v1ImHzvGs1wWRlXcYVApxYMkX5gaY4TtnKKPJr_xFgMy,השניצליה עיר ימים,
6080,קפה עלית -אספרסו בר,Cafe Elite,ok,https://res.cloudinary.com/dn7vbd6nn/image/upload/v1783345762/restaurants/google/restaurant_6080_google_800.jpg,restaurants/google/restaurant_6080_google_800,800,1067,255518,jpg,2518,places/ChIJEUD0wDlJHRURMGA_x_cC1c0/photos/AaVGc3kSvpD2X09FDBZI0mzYAbu1pIyBHW6KYJD74O_oFCeOnwlkWa1WJ4lmwfCXXV3tAhTOlTxKuEhG12UlQ3TvZAdtGxvo7RKQ8mtjb8JdOMaZ__Vu-hp_BD12vChgiP00ZgtNnz1xGr0g7bhREY_h3x5rqu3RExZKX5AKRYbDJ-wRV8Y4wnRM16yxq_lSVnDyzTNpUNSz0CWf7G7TPJlgGY0qSNZPUTMJ9GaVEs3pSa0aQWbCIzrtA0i70uQaFO60q4E8SpFFpUa0mzpuJqW21E5-rKtqdjFLcokyjTq6VF5rChjFC4pZciHcB2OWGtAFyso2sWCSsMbweAVufLk6CjimbIbbNrGHY8SqGxB0yH7DNdeW3T9BA6xTfFgD_lVqgJRCimt2lKG843RubFRH9MuNFBF1LaDVnTv-CuqvtYJgziA2,C_On,
6083,Pa Pa Pio,Pa Pa Pio,ok,https://res.cloudinary.com/dn7vbd6nn/image/upload/v1783345764/restaurants/google/restaurant_6083_google_800.jpg,restaurants/google/restaurant_6083_google_800,800,600,162116,jpg,1969,places/ChIJTdyLji04HRURrqn54A9WQUc/photos/AaVGc3lnd2XDBk1qx3ZkHYRxT46KnwkVmUj_SodX7YIFraZzgJ1aisH3LZbz6SqVQ5ITwQQiJhEIG8wscabbz_V-cfjSc2wk4bqgRksrD4MJ7WRY3lS341z1nXOJwT7zc7dmVBNC1ouAawxGwztLVVbJ-u9acKcGNARoHFAumuZCXsXyWI761qmypCE9PzlWDsThG1Fu5vg6d8tTH9lSHJcM5bkjEzzJs4ku3zIJXYUhT40El9gHRSCRicWaJUG9SeNDa17eHpeIEbIuOEGS2ksJPRtFlWYc2WtLv2yil3p5QJ4YVvxw4iMcLPnpw7eXfQdRB8NJT02Lhrwz5mvOZ91h9_fKYAIWM2n12ZTa8yENaEg-_RRwfwwuCYUgaX2-dzFRV6u7QDyqXSCHKTfDHckcXTVOrgqDuvWuC70Tux3sAiz23Scp,Ariel Groenteman-Horesh (‫אריאל חרונטמן-חורש‬‎),
6084,אדמס,אדמס,ok,https://res.cloudinary.com/dn7vbd6nn/image/upload/v1783345766/restaurants/google/restaurant_6084_google_800.jpg,restaurants/google/restaurant_6084_google_800,800,450,131802,jpg,1933,places/ChIJH59lyE0OHRURpg6cztqwK9Y/photos/AaVGc3n7IOB_UyeSYAcClQiu-wXqzbA8vAIkjaMji_ySy1Gn7hUo8Itgd8OYZd2e4esyU7coq3ithai0wT0fEF3WKyhzQasE6KALJpV83LZ9IUFXDGt2NPAWB6XaqJMowbBU6Cpg0JDZa2KWvyPcfHAORaw4n82cCm3JDj1Z6QomR-EQ2Ahq_n1zJjlPkUMVBo1Mf9GRvRylNpdjRnN0vo-wIhrLO2njX4tksiaDHXBrSQGf7QZcSevMhqYjXBBLsA9IISVYCHvhfBMCphnog_A1DWvsCeDcY0LmjkELxdyXwB3g9Ffu9sXSHVfB2bWoIeNgpcPzFzlIV_SshSSOXHn23tWBjUkcWXsJdkGZqGuE0ppSURz8NigNw44xRst9R-yGmqE-Pe5IXEhS53wR7bSJHxtoUt9oN0DsNXhCbU_sJgb51Q,MrDrunkUK,
6085,פלאפל שופ,Falafel Shop,ok,https://res.cloudinary.com/dn7vbd6nn/image/upload/v1783345767/restaurants/google/restaurant_6085_google_800.jpg,restaurants/google/restaurant_6085_google_800,800,450,114297,jpg,1626,places/ChIJ65ESqBQ4HRUR0twoLkCkwPk/photos/AaVGc3ngRhbtvvUnb137ZeQymV246vItymLIHgkAOXT91Xhakp-KpouaAFKzWrY2i2mafECa9osCCyKVo1ZOCQ4qr7M1a0XNy7evCuLM9UZb0XjMDJeOy2s2T3cGrbkjHVUYRXQ6a1-b06ts_HmXiY1ych_JQmTreHeFNfBQOwjrdiPqTiW6Hmew4ReOKTx8n7zdiFDTv_Q87mjL414G5Pwxo-sAXz_4gGAg9zInhzE2IzhHe8-tUAEdRCRLXG6mt4teQw4uNGD73TOyrMaVScuOXclohsoG--ILBKRygQcmArLi3RQ8JbTFukrW-4JIGb5bcY9vu0WdYnCbTFIdmoXGUpBwtKdMo1kAiJNUrzgful82UHC44UDymL6hWTUCRV_WIn7VmsrQhfdiOUXGOZ-7quNsBtMKkqb5xPQRtB_MThyD-A,Moises Zack,
6095,מאיר הקטן,מאיר הקטן,ok,https://res.cloudinary.com/dn7vbd6nn/image/upload/v1783345769/restaurants/google/restaurant_6095_google_800.jpg,restaurants/google/restaurant_6095_google_800,800,600,92636,jpg,1934,places/ChIJFferap45HRURPa0m3jBmjQ0/photos/AaVGc3ntsdy1Rv5QRe-o0jlnoA6q_UdrRnTvAgIqNuzXLruAFftH2kZnrIrXPH_QgbE49lJcAn_RDZZIFrPvQo8Vqpmsii0sGe_A9V7mjwayL1A6Lqz-vjbZMFNmF2sRsFtlG-JtfGLHWKcCuX98zC9Hcf2UFzcZYFoko6z0yoS2jlmSEv0cod7Gca1fvwdlUiuyO4nB7cTi2KZO6qFeNvtwMsY1b_aCH8Mw773LzXD1iQd8Fm9WvVESkUcVOGdQATAXaWZcBCBM7qfDNvda9AJ-8Q2k1Eqdr-onBZXn6yJe9t7wpTovJkghbKlOUcxS7A1qK2wjXfqztS1sV4EUUlCJcgpON-FU3EEX26ebXc6myV40Idves95S0vuAYv5B8NffV_R93Z4MO_SOWaqShj7BC9PYR0GvuxNW8fq-sQW7Sg,Aviv M,
6123,zoi,Zoi Kitchen,ok,https://res.cloudinary.com/dn7vbd6nn/image/upload/v1783345771/restaurants/google/restaurant_6123_google_800.jpg,restaurants/google/restaurant_6123_google_800,800,450,172167,jpg,1988,places/ChIJxV3TdbQ5HRUR_UuRMQlbgEQ/photos/AaVGc3k2-yLu_GBjU25juNk9QZ8T_1mYEbH9ffMPKD1_9w8-UJ5ZCpV7biencoe_0EWzG2l3EmU6GKl_wlCiBQAqKKZtu_b_ZozYAVXzxoeytLYg9leH8LfV6w9nTjZ4dwHTGOq-sM7rJx4G26kLmATl7j7uud8ppCA4QG7cqjJIsl1SgXpWyEaACyY-VIrmyq538PfYfaDqlKAMo2mW4C382kiN5OURIoNSoC8WwJ-aPYVTrNUPndZzWmOiAgdxqMbfP-GMv70LDXywwpdn67t8fBBRy2MbN1ugQRvjrsNp1gDzTKc8NJFbbGfoL6PNkfjGNLdPg8cSJY1UDLl0odV0We-Zo7wBqgX7SArV8q0GfR2e4KB6jq00AsLGqN9hFSv26kD2kTvcXVLg2UAOFB2Non_7zzBVIMR54-cu6_DR1RI6ABgm,אלי מאירי,
6135,הטחנה 1,הטחנה 1,ok,https://res.cloudinary.com/dn7vbd6nn/image/upload/v1783345773/restaurants/google/restaurant_6135_google_800.jpg,restaurants/google/restaurant_6135_google_800,800,450,113444,jpg,2031,places/ChIJr6dsw0sNHRURKVdviZL7JgI/photos/AaVGc3nRgcB13iQfiViQwf-XLAFwRYeuC0zRGsDeZ0BWFqDx7jpqas_3Er8JHERSHfFmgxM0Yq2BrVyOuHk-20DUSd-O1cfL6iLVY8rm0rys0WajQZH4GpKBSNufoH9X1ljVNSL8W44MHQEACwameLBqQcfuDpZkdG9R60eoufrAkUsLZHP2Uzg2TCgwx9Fp6ffKWt1DyAshLybflkgMAuecFYUxBcIBm0hjVjM22WyNU20sLO4S0k_JffWL9b1MprgoG42eo7YzePq727aE23DIqFKmHd-ro9XNHqEDl47udzRQg__szmN3JPg0l3VJcomw7kA2wGYruvZ9CNF29OoGPecNpWpbQiPgusRrPHo-v2yimB928UzX2VFit7xh7vqHPH2wd0GYY5g3fXQyVbWwMkg48MjMGMVlJMxjXYQFtSrKvBfs,Phoenix Reviews,
6146,שיפודי דודו,שיפודי דודו,ok,https://res.cloudinary.com/dn7vbd6nn/image/upload/v1783345775/restaurants/google/restaurant_6146_google_800.jpg,restaurants/google/restaurant_6146_google_800,800,450,94633,jpg,1574,places/ChIJs1a9TD4SHRURfxFA5xSFQuc/photos/AaVGc3mWtUDZl1LQ3kdh9G9rJ4HuM7H_1DLrh4I4a7fnm3168PDkvjmZbR5CrgQbSiWo802fSYKze52GjD0uEp4sp0cSbpEkw0K_WBwe2MCJ8hi8Pe5nDuOzRknNhFjOOHc83ibv-eunO9R9HGPxmmsOYEb-GRZWDQbNjVl5_q1jnuDOIIY7Ur0nRmjpYVkgJWbRMK6MKNH6apDHL5QXPPylNHsDEOnMLDpC6adMOt1P1l__L4_8cbtjwwZkSXP2vJqrpOQCZ-v9XpHGO2HMgsCbIHZ1ikrNrEF1Brgu_wxDcdRJrMdslQneCB9jm6lfO_EM2A79LN-69_BXmdjy4LQQyzdJxn8iSek1ZLz4T8TXWreNWm0Mf_-cmL5zSLWmRudo9Q3y0biuZHuMtswPHbshIRilTVC4l95h6xvuwHQ,Shai Kevorkian,
6149,הפריקסה של חיימיקו,הפריקסה של חיימיקו,ok,https://res.cloudinary.com/dn7vbd6nn/image/upload/v1783345777/restaurants/google/restaurant_6149_google_800.jpg,restaurants/google/restaurant_6149_google_800,800,800,173416,jpg,1841,places/ChIJn3dH6Sc4HRURM9NBUfZX6XY/photos/AaVGc3kABWsR6teo3ZAjx33lDKIgHwUd1ptgOh8zcRcwBwUKe_FZRrM2e1FbQh1ONiaOfZs7x44I5u4H1ARGfNf434lw7nzlEbBfSwsT_pLRELhavkE40gDbauFaSpI1KJPw0dZpWd2zbKmMlUWbx--Nj5dDL3qP4_CbOsota8wtg0DL8JWoVVDpsf8RiFa5JeU5DYti_uOTIdsOdBnLSpeSV2MC27nLCOnErQanoHbM63wcRahZvcWPTI_Lu1srqTAnUMicJwZNq608shSteCyrosbksoMTFa-c-b2KbzLzF7b9r_KOyIFi3oXqgo8JE95_7j8EcACRWRZ1_vNJP-asuEZeCn_LLBXovyK3xV6oQx6efQW1qca2mb9nTfoi3bafYz2_Q58cE77h8z2ls7AhuM5GWUPsb__LNm_ilUzV0BmDWQ,הפריקסה של חיימיקו,
6185,מנדרין,Cafe Mandarin,ok,https://res.cloudinary.com/dn7vbd6nn/image/upload/v1783345779/restaurants/google/restaurant_6185_google_800.jpg,restaurants/google/restaurant_6185_google_800,800,534,166751,jpg,1716,places/ChIJ5Q5ukHpHHRURCUXyj-w5vAo/photos/AaVGc3nAvz8_ECRxd0yI3kiwejB2fgZi7tudnMtXAyeqoVVqbazr2_eOZ2MISckygsyVshJICecIRxfrhAl0jcyIBaPUU00otaozIGM9WpG4ff8nCFp1IB9x-v4m9gynfLfut4SAPEQUHRhHKs0DHsDIBH4Gp5hKrVuPsKQkbFowwm4mOGKZx43bTDcqs-V1ojWvY2nt8wmFKqs-9JU9lmK7OJrtPOOT_2i_Np47AkMQA7Oh8bRbR8TUMzNG1aXLsLW4CUcQ3tRkWqngtvEitzNyIZctQ0xuWisDF_gbkYalpezojmB59HYBDWtrzEKNak01PKZW8g2WcDi8E6aD5JN155bhL2SOP6DXUpFGGvxVrP4u_Qul-rxwjsLIu6flCfPm7JUBniduQsx5Wa4oCUcHaWbeZ2c2HMtlZQBmolO4ZVVXIw,מנדרין רעננה,
6213,השניצליה,השניצליה,ok,https://res.cloudinary.com/dn7vbd6nn/image/upload/v1783345780/restaurants/google/restaurant_6213_google_800.jpg,restaurants/google/restaurant_6213_google_800,800,374,105646,jpg,1840,places/ChIJ4QivH4ARHRURsEZdoBp2HIw/photos/AaVGc3kCyQCkdLmxEE42hCoEme44rSGpFUNNlzZ7SYC6E8_bng1fKt7Yamr8S93B7zSPTqFXD8L8BUwUUplwQdeqIDK5PExfWEGdn7Ctj9FJfGqkXUw-z77VDSdWnLL1nZXdSvc92Gm08eI2Fp17NxKV2eeI4PaoYctGk1dg3gRSzU75J21zbaHksDzfrZFNopNK1rulBdH_Vn9chVcdGMM0NCsRMWh8_ADoR2FmRydyuQn0WsB7YjjO3Bnro2cmLSOB_x_ETZ6qfDjA0R0jZqYjSMI6n66MgZ9SWiAvcLUVDE-DXtUyimhNEU8dUxkVGAP3mM-pVGUpRgltCZQqnUmgIDs9nT7-9s558LVDY59HAaMyeY8A9KC5ka-QaT41ogYG-HIYWV0avawYYP1LrTuLmr85g0_l_GZR3ptFrzjd6knQvHI,baha kabha,
6214,פיתה בסטה הרצליה,Pita Basta,ok,https://res.cloudinary.com/dn7vbd6nn/image/upload/v1783345782/restaurants/google/restaurant_6214_google_800.jpg,restaurants/google/restaurant_6214_google_800,800,1067,227092,jpg,2022,places/ChIJR4bb47tJHRURcTswZ2NURMo/photos/AaVGc3m-lg5kINiusMq6RUm4WEdQzJx1Iy8tJArbo_qhwOmkQySQKco5jfUhS1aZewOiwRvviBVyeBA_htKDIyPXzQ_St2BfObqYxdorCZjwsTa7a8Yt6RX1iwdwazYS3FNXZlDpZ7VjC-zwZXfiKcDXCeQhhrxdHUr-s3cJkvvEJH-852RKEDQVGy4TNoLlTMNVsXn9JCTTfz9_F7UqdxJJuLMQDjSxrY0A0nm7b1_9cjzMnqYX-9V2meOsJoA2jhx8uyaVaw7oA3pBNCBFnunIQGXVGzJPf5LoHGL4JTs_F7-XY_lj4mOd2zmX9FOYkmtZ4avAAen_1GTj2eYzL65vb9_ammysVSci9rWo5taGr7_5QSJ_TTKn0GaSs9HHjeT5_PIkQZgjP1qR20kO5kZi1c0BTwspQ_E5ZHTdT1UvlO8,shai zach,
6216,מור עוגות בוטיק,מור עוגיות בוטיק,ok,https://res.cloudinary.com/dn7vbd6nn/image/upload/v1783345784/restaurants/google/restaurant_6216_google_800.jpg,restaurants/google/restaurant_6216_google_800,800,450,156268,jpg,1843,places/ChIJSSJDa4EQHRURG5ZhfrKytmU/photos/AaVGc3nzQxaUcWEYL1ywwrGrcKDdIzkj0NIjhgNKyoj4gVZD1A2IJqT8DSmu5Lu9n05bAwDrwsPqEyyCufP3yiDXM5dVgG64jgnO8cdr9FCcGmRcgU5iS9rkH7QRNucI5yskWI-L_3rDpfWbdZT0cQ3MK29MH11wLTqUBnn1sqF32PJ1a-ARbOFLD_KUtvfKovL0XMtT9ZoMpR2OAHMTKhJERZWF1lBxIoP8OQTNio89dzW-DX9DTRkxyxOQQio2fi75m7eA2cjL-P7N6VIeXze5LKGkHLPmIyKIutKhm3g4WS2mFleV47fIek7p4g7LgQgPP9Vy6AY2hX-kkM-oND-tc_bEhvd2YXZ2TgN_Dl0Sg2Ghi4Aumejda-Iel6j7z-rx7DT886M6A3gmp7dVslCxVZ3BPjg1vDRUfjZUXrf_ExLY-mIU,Shlomi Family,
6237,מיטלנד,Meatland,ok,https://res.cloudinary.com/dn7vbd6nn/image/upload/v1783345786/restaurants/google/restaurant_6237_google_800.jpg,restaurants/google/restaurant_6237_google_800,800,360,79952,jpg,2136,places/ChIJS8Gkcm9BHRURc_4C43UtcF4/photos/AaVGc3nnS1tpjGR3WgaO_NkrpqN7VwdfYQtDH10YFAEhpLhY79Z3tk5JgGWtxm6s-Gqme2u29ej5SupE11oPkn7qy7rh9432TW98hpWrZkLwvjIXiN7BmA-rWtW35b1zZSg5mUnxpaNs_6s5eBJV64HguRbnPbECG3Q8ILFWl1-nCESoaf__iAl2kMjbtQzrWzojkvs2VgWikswkcBxnZPv64sfPdSEjqNpinEyrgC7ZbVbAyREbBZbNMjBnVaQbC_BolFgKRqpT7lgAjbg5s9BsplNyO54wdzHfWikLxYiVQqps19ISlALXBAj2qwPgUmA6ulT4N1LPu3QNg6JHbanC50TI-90x6bHsQ6zJWAVq1ODaCzlW4A0METtNkiCX1GWXpGFUd9tSL1aRbo3SNIAksjqiQJFP4HwtG45aTTMpxs_lfOCg,Mark Pivovarov,
6245,גיא הקונדיטוריה,גיא הקונדיטוריה,ok,https://res.cloudinary.com/dn7vbd6nn/image/upload/v1783345789/restaurants/google/restaurant_6245_google_800.jpg,restaurants/google/restaurant_6245_google_800,800,1067,247938,jpg,2138,places/ChIJRax6ggxIHRUReGMwP2t7-mU/photos/AaVGc3mzP-Jq7Mtkp890LXgLZt890dvSIzh0AkeG6ay3UTcGfgSL_9780gtZ3uQorV6sYmhgLIXRi6KibF1eu4kMCSSiix5HjCxoPzMH_08XoIVpBu6SAU4aD0i7B7J3m-vE-GCFgawZWw_FPfclyy5OyEq78t0TkdPrxN4zXRfnWtUS17ahrHZjL2AkDhQUj23ckSeiFY2qgc8Tzh67UMEtM0URbHfMdKO5NEeMBm5GMjkfVaotpdR4SUwZz2awcJHHUHnvDdEQvUsFSRU4qo7Kj42GycYs95sB5ljJCtl9PZkYI1p66cV_uXj6cHmvSdFm2cbu_9qysB-OLt3lsO2kpu-yC-oCbwcagkm4v-nCEcLiHhzGF0Cnvqm_IkEMik2MoxIwfGiV5Fnk3fiqX3dfKrTUTpg_C7HyA-lASBP11HQ-0w,sapir kallmann,
6255,טופ פיצה,טופ פיצה,ok,https://res.cloudinary.com/dn7vbd6nn/image/upload/v1783345790/restaurants/google/restaurant_6255_google_800.jpg,restaurants/google/restaurant_6255_google_800,800,536,121353,jpg,1521,places/ChIJiSDiiyY_HRURHeZe4jpQYHA/photos/AaVGc3k1tCMBXN8mibrWsyUVP7ZbW--UvWyx2PWaRDfuGD-z7ds7UmNbsud_iEsf-CFPjWalOaR0qEJfFlJU43UWc-Umsz8u1QGju9q343DAgFmMNfwzjxpbWJyZRfZnM0AIaINrGpXUxCjss-MhncJtxMkiKwQTJAFkMuuDzI7RlZv0SzAM0Bw0dugdn2R-6oTJB_dJyunI7raUmdvmGNvWY6JbboC3A0DobAwFEVZKgyjBOSfhJui-0KifssoJ_Hnbiv0eYD9v97C0NZyPZAlUcFVIOhFgMsFdI81Bar3ycE4QH75g7KGLgi0d-6SR7g-ar4X3PzZ1BW3wG1Q7Xk01HB6h2w2QxDM1El6ZuYJdQGFeR-5ZC2hh18S-kxGL7B0oh7AvoMjHQ_gWL2Ev5JjUetpGcUE8fWRJ9EzJS_lVA0LLNg,טופ פיצה,
6263,ווק אנד ווק כשר קניון דרורים,ווק אנד ווק wok and walk,ok,https://res.cloudinary.com/dn7vbd6nn/image/upload/v1783345792/restaurants/google/restaurant_6263_google_800.jpg,restaurants/google/restaurant_6263_google_800,800,600,122001,jpg,1917,places/ChIJrWNRyRA_HRUR3oSZXg71noo/photos/AaVGc3lqyROeUsS41lFjTmdIVEGwpLp1RTh9Lni2uZrwuyWotPDogSHcEwS2VojwDhd6kygaHtcszOGuaLGgZLFShjxVa2wRKY4f8c7QZYW4uk8_07zeyydZPIMFZoXKcmysDpogWrxa8vEWwq5JzavSJNu1TIIxDFdsBXsCMlof7xFj3TaVnQNaw_5vmSRgSDzzfPe-DZo_LuqZ-2luww_u0CB3IPiROvBTCRJTLSbZ5pP1qNQ_7pp5fhf1S_llnRvcPUZnZSIZ2sy0fhFCZFba53StVN1N0NthlmhvtFAwALYEy4Vnh2PyZWbIzycUJVZ8sLo4zlBdS2qFJHokq1j3G_ndATKfMt5TDvoQQDkKJ8eVBEHdEM4Xum9sxc4GpYDRBsfnq02eX8sZdmrO_ngho0iqm2vy6GiW3Epg4gi5H9xVUxE,דין וטש,
6265,באליחומוס,I Feel Like Hummus באלי חומוס,ok,https://res.cloudinary.com/dn7vbd6nn/image/upload/v1783345794/restaurants/google/restaurant_6265_google_800.jpg,restaurants/google/restaurant_6265_google_800,800,600,183326,jpg,1956,places/ChIJW7mEmUs4HRUR8fLY0TzC7XM/photos/AaVGc3nK7RodFTW4ECezsq-l-x138HeEg8Xm88ndE3-3Gzqt_vBUyz0socPWy9MbxcsfIrFaBZRtNw7u_wnemDroQ220GcCdzL2PUDxcIAezOSSLAdtmOILDDNNUMw8zZhvjhzZkopYJYf5a7LzWo7c4LHVsqIdJfn18puigj18gvq4AVqM64r3QMJU1PjM6JBFPD7J4lD6sY3Vnz3IkvpRq-5iuzM0RZyeSDmgcwk7LC-QlxyG-yRGOjuQzNo_unYPuCZKrsbIF7NqibeDGhW6zxL-omfg-MpRWjpH1_FCxfCS4MR5G3SsQ4EAqOcj6jEYd-napUioX4x7qf5AnIv5S5yi8m3_mXljZqXyZq2lIoQQGx3E90D_MFat1KRqmxCg1kpy8kIZpZ2w00zC7_KaPnBA3CkQNYuvs3u69uJVHYUr0DA,Ron Berger,
6266,Romeo pizza,Romeo Pizza,ok,https://res.cloudinary.com/dn7vbd6nn/image/upload/v1783345796/restaurants/google/restaurant_6266_google_800.jpg,restaurants/google/restaurant_6266_google_800,720,960,56995,jpg,1533,places/ChIJ88BXPEEPHRURIiFjuBzWYeg/photos/AaVGc3m5h7Ci8MeBA7YsvfgHfFByUHTIVvwFtx5F8A-Ze6qVcVxY41mQBBQoV_hX86Q2OZXAwfnXTjo65p5leB1goVRy4UXYpqDsO4ce_4DdZYgGD76CKIjWZnoX0xzZIeqkMbD-cvnPpxkq5iYurYFnomabLFkB8dckhyJpcUaXEH77FfgNYFmxYwqaE_5ymLLnxeoJBR9bs9FOFCCuDhOrvdcGJ0XbRX9myTnu6hotuAazr7bCRL-MMyfbX-c78KYjww8Laz1ylJ2SHP2j5oRw4tYhOPAoJ7bPK3D1JNwQTgGpfVreiM_-dUXIP2k39p_-Jj1NM4E-p4mwQK2MAn74H69UwJTHaQY6C04gjEiT_FRoYKrIPejDcH9aL10U5iT_suTxHFFMt0DRoIlvAGN78J-iKiohq4M2542p498b9jwp5A,רומאו פיצה,
6272,ארט סטריט Art Street,ארט סטריט,ok,https://res.cloudinary.com/dn7vbd6nn/image/upload/v1783345797/restaurants/google/restaurant_6272_google_800.jpg,restaurants/google/restaurant_6272_google_800,800,600,112399,jpg,1735,places/ChIJZQw2AINAHRURpR-aV47eveQ/photos/AaVGc3n35vCXInYbM-1NPu9KTAsL-vRs9BBMkyU17cycpqOEscYVDxEN58JFHgfVxBWG5Ld1YGIW2yslczGNJ-r4jTa3hWJ_q70RLHj9ge8spBbTWiK5w9HaIZrplRZvc2wd4VixBK6IoPSZWXfvJyztxlmKk99DllAZXuTM-dSQzOAxgy8zf9WXjE8CHEBZZHsnPO0lz7VB54CqNgeqLqbTXYPkz8O6jeeuyqbVsrUvhf2Wbcw0WRizJ5oU7omtbzYgBn8oAMx6UhhVj9Dx8Y7_NrNvW2pu2axtJAypEx6av-78EkRPFD8uMgHEKAhd1fnLFSc7rrblWzxTQWxFCWKKWUqVbLQcdddZ5fxq5Xt2RKrPQIjkA8kei33DbwV8QQ1C7Z0QxOkBWdn3nA8nx8DpWzztLerY4RCfIcCO10ZfhQlAHaiu,Hen Aitelberg,
6274,ג'חנון זולי,ג'חנון פון,ok,https://res.cloudinary.com/dn7vbd6nn/image/upload/v1783345799/restaurants/google/restaurant_6274_google_800.jpg,restaurants/google/restaurant_6274_google_800,800,450,109679,jpg,1932,places/ChIJ3yqE-KpqHRURM70nwqNNELw/photos/AaVGc3m6VKAGOYy8GdTVxZXbOnCAh6RBjXo6_1D90ZD_e1FIQzIvoHbacxaEA1gtU04CRnUCdbZz6cNDtK-qlmn83kyRLh96wjrzF63u0Msb4B4ev-eOFsOBkD-D8a86_-jsiooNdbQd7EigIh71cVTgSBBYPSKVMldz1BoWtSXmVe-YjP_f_9spzZdQ46eAV0djs0iCw9wmwOYuZiojdd4z6Rte1buJo-sfUQ-cfTt69F9j6-AWy62Y39n1KNyrq4PjAgRWWpvjdtUWaX6SFboCe9tkZE7avpLc1FTfkL1G9KVwxXCPccFXHRyDyr7_4tKsfAau0zALLOazaYCTfJwIIU8mH993od1W9d-S1n-2i9fr-KQiER8ZeVq0jCcAKQEPtxzJtq8-HH8TWto9ABO2l4DKA0BUwMjDBzNtzhIfy4TU2wrR,Idan Edelshtin,
6275,מולה בית לבשרים,מולה בית לבשרים,ok,https://res.cloudinary.com/dn7vbd6nn/image/upload/v1783345801/restaurants/google/restaurant_6275_google_800.jpg,restaurants/google/restaurant_6275_google_800,800,534,185796,jpg,2040,places/ChIJXXdXakMTHRURTPFJW6uQAt8/photos/AaVGc3l-mHgQcgaFUu8BsR45bM3z2h3qqJikiIpSN1prqn6cto3KjiY6IP9LJ5FCc9gx7-SqFgZpoZmSe9vQamLqMr4Jq9lwyPEGqiW3u4fiN_r7ENnAcCLgxzhyJNEzN5cKNazOim2S7dOp1v65dVb9dYRcOdBhEGrbDKY4cvCOA_-VIkXnoAQ2zOq6n_rR59MzR-uBgfLkQ1qoG0KcgviqDqfMtt-yUlMNzzliOLwac-gNND6quzj2spJ49RhC8-q8IMlXOSnf_hJbWeGtNX6UY49RQmKHi8t6XBhp35XC2Iiakitp6tL_NNv-E0S6bXPLxgTxQNRHmPyn8FUa52SluU4SsvhB36sOmfLkQWV5uQQJE8aje4BC89KK-l2CtKzxrTzfBN_iRFrLgngYPs4uOtpvePcogjicdey3qYxSxZcQ0nTLGDvV33cr1Ui6kfY0,מולה בית לבשרים,
6286,"בו""ה שווארמה","בו""ה שווארמה ובשרים על האש",ok,https://res.cloudinary.com/dn7vbd6nn/image/upload/v1783345803/restaurants/google/restaurant_6286_google_800.jpg,restaurants/google/restaurant_6286_google_800,800,600,115880,jpg,1624,places/ChIJ9cDRpHMTHRURL2wprx-tV3I/photos/AaVGc3kqXF-XK0rhJy3_AsHcI7qgWnWy4iazd-VZ06d2sj5Nu_Cdc0T1IidoeIT1CDHLtxhW8ssNp97UKvBvgRvTXmNIu012xBEV07vfcc9utwt_lDdCLbEUh8VUFqN-OKec0e4cRHiFnqV-EP6pGnHII148KTQizO8dUJiPyQRJuUjEapAfa1lH0Alinpi1fw11ruWwxlBrbj_y0yEkwI3hoW_9KX-PxJnEd5DzpD3jBv-AuWDd_CS6-cYAGc4r_ofgKTAVt1IU4Qnk4hLn2T0JVtUZrxttSU5ka_r2aRLqowKyFdDmgj_RrCVskmZaPc6mA6N5-lDDk-yEKF1sCBVnvm8pXyPhsc8Xv4O2qBIDuQBC8dvoICV_35lEYpKE1V4VBiDqagbW5Ct55xDQvsukBzes25wo9H_jxP9rAoceUMHNRRFy,"בו""ה - שוארמה ובשרים על האש",
6292,הלאפל של אסף,הלאפל של אסף,ok,https://res.cloudinary.com/dn7vbd6nn/image/upload/v1783345804/restaurants/google/restaurant_6292_google_800.jpg,restaurants/google/restaurant_6292_google_800,800,296,46314,jpg,3059,places/ChIJLQYWvHM4HRURyhqP4w7Gb8U/photos/AaVGc3lZeSfPLjITeXPO2xG9g5j_RX8dZUnCpqiGyfiJ-gcJmVf5gmppz4lns_QwtcJiF9KXRgpVB83T1SnaL34pbMBp2PtPH7XYuCajqJmH6YIrSLFpufbAFq8hucEemde6qZHeH-y0Oo4vFx4B7bWC9ElM4xyIzN5ZUi6bdKeESq2PywgIsRuM9JnDVllfeSO5wvFEiTVp0Ds-pF8eabnyME2bxbrY1cnvJ8KDyjwUmb015pqC-EOMIKO1CLvm6XMb6Z53whudrR-8pPe0ToVEEWUtF8aSAfkt8493Rrjtd_SjdYlMx8uZcwCg_GQxX8meNeg63F-2i7aAfWLdzHXc-_NP-uHB55dP_Xq4pLem3962tjd-kmYlvbvgJUnssY5r9wgwP3jFZJiUZTaY7IFlFtfkB4EK_6OVVqWfQdFnLft8caZy,Nerya Rettig,
6297,פיצה פאפנו,פיצה פאפנו,ok,https://res.cloudinary.com/dn7vbd6nn/image/upload/v1783345808/restaurants/google/restaurant_6297_google_800.jpg,restaurants/google/restaurant_6297_google_800,800,1422,148306,jpg,2034,places/ChIJq6qqqpsTHRURkLgHsWhEODY/photos/AaVGc3k6xftGphHet1NoG8rQaxPaCF2wGEnceTbN2onfE2-pUrQv13OhkwXVO05xsV1tBKV6yWE5nVx5zIW0HvyYg4nkPPmDaEAXFGxpktU9yfb7riFZB3170KXbukGDaHm4UEh7-UGJMqoXmhvGsnx6lRRKf-5nLbtCCqFtIG4qAslYw51BovHHmDOGSGe13U9nGDexEhKQcQY-B8i8tcHv_CZp71IJnZNQMA6s_nef9eg7ARSNlXbZH33k73kn3VPwTqb4Nv1JA6PB3HJcrqgaPpZJMu_fb23rh5Tbr_YkGt7BS_5WiUXEUUqlm1zVbWXrWy6ufZs18ZuiVQQoab6RRHh3-Cw0-Xnqv7_6Rffe5vJikmMCv9v46SBT9TMykHnmAuq74Y0iNG8NEB9FHLBvu-tA7uTcLyfU_qDNb4jWh0o_Ig,Elon Engel,
6472,Azure | אזור,אזור נהריה - Azure Rooftop,ok,https://res.cloudinary.com/dn7vbd6nn/image/upload/v1783345810/restaurants/google/restaurant_6472_google_800.jpg,restaurants/google/restaurant_6472_google_800,800,1067,158406,jpg,1831,places/ChIJiWJ4HOrPHRUR6ionFZEw_Hk/photos/AaVGc3nzhFypuHdYr3RyOm3J0LjOF2X699tNwr7XXbdBd6T2wMpX6BaQTBTNMtEvipzMPzNnnCkpaX01xxNAt-epRoa6fXbEgz9cw7yBdEjEr-jo1sEjJQKxp6_i2XouYm0fb2Byk9C7e5Aju5quAJ0U9Rwykr2Eom0uoiaEP_8weOqG7vgozRlDcoQJ15oHQNqGlRQYoQyogWJvmeCOBWg-t_X1RT9LOB5gotQLKuVtdhSGitudVURbgJLj8ImbkJBy2ec_NmNIRMjjQG-U6NIVr05jYIuNQFMHkqlUnj3A38ye0eMb72myaar4wuDYmseHKoCMEZcRmag4EWk9RsB69YGAmGwFMSgwL_m8YPGBSrWp0TFV9BnSWzrwewSoI7OZgmTMalqTWCmj8tHFecpvvvkK5PvnbVY1B-MnlI9dMWsD8tPZKFiqxqc91dhfJmO6,אזור נהריה - Azure Rooftop,
6485,רובידה,Rubida,ok,https://res.cloudinary.com/dn7vbd6nn/image/upload/v1783345812/restaurants/google/restaurant_6485_google_800.jpg,restaurants/google/restaurant_6485_google_800,800,1422,294052,jpg,2543,places/ChIJm81Bc_-3AhURNqbWzIIod4o/photos/AaVGc3nARdEU7-k5-6fyk9kpIszlpXAL85W9HkP2nCJlcLAdkC9hdBzTjh61Yk6e-Gst1mOb6pCvkAahZ44QTfP5AwnE_xhuG2EmQl_Lo9vZub1NJM-hG4BDr7iFncRpSeNLiRDKyRwSqcX6uA1xAcMasXmpyJ7rgROy-kiOhFXq_uTjutjlYSwv3sx25wt5jQCrtGSWABYnF8efz_snYAHLGOdAHZzbDWaXKA9iOjIDiXuJkYku2wgPX_-NBy4vywgCQmI0FGtZXyS2jTVM8fQ4C-Mp9zaYt4cK32Sm-JS6FfnTjUcNYuAGZLAaIMLn_KILJZRWLbVY4mleKilnFXkDj655qefxYeVwTn0p_ukYdpR1KhT5Qcj_dqeqTCMqIA_6t7qGt8kbrIqgqhdm5HH2iBwp8lIuOJraif3JWiSuAr5k-ld1ycms2A77Kkl7qx-y,רובידה Rubida,
6491,Beit Ha'am,Beit-HaAm Event Hall - Gerard Behar Hall,ok,https://res.cloudinary.com/dn7vbd6nn/image/upload/v1783345814/restaurants/google/restaurant_6491_google_800.jpg,restaurants/google/restaurant_6491_google_800,800,491,96497,jpg,1622,places/ChIJrbwsiCnWAhUR5ZI32QNs44s/photos/AaVGc3l7tyxnPHMakW7GLypVmLsEHGKTegRbYa_CQC7B3kCMwkQW1FIDa8qZ71df5iHck1sZxHcLfYEVR8Z8eIEDlpwWpoNXXWgRlLu8qDZ6ORJe4JbhVE-XI7izVAFu5jbsb6alyf-6VhRfFf8N2kAvgy6H9HSwUFfiyzFKGK5Dqlo5Eyy9KyBC4OXyTOuLtOqGR9ZyIPoskc0QPe7Q_rm7Vl3Iuzm4T9E6_tEanZgcFZkvDoG1sM_2kmEv1V5AExywoXyPVWegyPQbO2YGDbiK3MHkxBxzecVfE5_KSbgyJfHUWFUAUiFN2lTwKde95TNRcl6tO5Ru2tK7kQ2YB-RuOid8SFm-VKSkODSrNzUxJdy-IR1hdqNCxA37ZSyLo9vWyMwVD9v4WFlMzFPVcvqBj6m5o5SHSekQhlK9e2dcDQHz7nbN,היכל התרבות בית העם ירושלים,
6494,Nice To Meat,Nice to meat,ok,https://res.cloudinary.com/dn7vbd6nn/image/upload/v1783345816/restaurants/google/restaurant_6494_google_800.jpg,restaurants/google/restaurant_6494_google_800,800,600,148345,jpg,1827,places/ChIJT1nuvL8fHBURJh8BTXoSWQQ/photos/AaVGc3myg2dEhIoYnUqcnnWYgLa-tfl6J0AglGrp1iuCNrseMiPeIiunmH2rqgbGPvC6sDsWGjmXK3itH8HArZPsboDJTF-as9H9EerhvB20z3q1GeHjxfwpkd5AI2xtHXn_wH9TzGVlpQ4tGC68YEbFmfQgGlCD-7NA3XcMTFXYXIj3N5-RxUc3ro6ExIMyieJRCN21dFa9JCnhg4nutt_8UsjWnCQNS86XobSguLGVZckole-trJWRYnEtl8RKdKEiTd2xwWffRd47Ex_1O2P7qhjASss1HTDi0fHfwtBMNbhstfyp9z0iRcYGpivwEfDsD8cC3xtAbPq11bQRAc323-crVvMJzPYjd7X_V8YdfVR7sUjY69plUt1NF3WwES8WY2G-OElo1da3wfObaz3FVbQQanW4AhzrXEqJr9Vcszo,алексей гарнелис,
6499,קפה יוענה,קפה יוענה - עגלת קפה כשרה,ok,https://res.cloudinary.com/dn7vbd6nn/image/upload/v1783345818/restaurants/google/restaurant_6499_google_800.jpg,restaurants/google/restaurant_6499_google_800,800,600,241793,jpg,2858,places/ChIJ108jS-61AhURLh3pcM2Ok1E/photos/AaVGc3laBOuCmCwZpWqQzkynMHenCaDRVPzbVM8H2D59LeFlYltgdB7H5ulEBZGDh3oTHJwFn8y4rEx0MFVUzHv-Ri9YL-B1VqCcdGE1aZxGn0i8QuOtm4Lvnvx8vTMfURy_iZSCjhfi_VxXDWEvcO7wbENini_SjsVpl_pYg2G58yPfsojJKtDO-CNTeCAp1IO6la92WlJMic12a1wk-fRvoCQDv6OtewaB3Zy8Liko6ZYpevpoodyJTMbhABu_eiMrTBZHAymbbt-QdJrLOJzGDRs1SgANtKubSnmD4etsS4ti604WX8iNdUI8S3SOfLcOQ8qdnGTZ4yBgFeCHcdqZoUwv7Vhq5Ey-S7auJ90gnCjLhk_SCdJTDgoX6AlknSaTmRlIjsAdQiZMSHO3vT6G8CkPZYsCeI1J0ISiJt-MTIPyDzeR0_brx-HRrSjiqPL0,יוענה - עגלת קפה,
6530,Greg חוצות המפרץ חיפה,Greg Cafe,ok,https://res.cloudinary.com/dn7vbd6nn/image/upload/v1783345820/restaurants/google/restaurant_6530_google_800.jpg,restaurants/google/restaurant_6530_google_800,800,389,112358,jpg,1475,places/ChIJDYVZLLqwHRURNPlcpZrwfMQ/photos/AaVGc3lF9UzN1NQrSHuH9uwD0gAOjLWkT72lk6xyoa72b_T5mIFJQjlOm9HemyJKNtX2GFAmAiInz_pXtMhkSZ68TIt3BAykLVEp-5NE9sob_-4rTSU-ZbxrIBtnd7pkxYsF4UjbdlnXMJn-FRbS0LaZ9kb9dVgQezn80yUNl87yprWRQpbOHinI7k_EwlxqDlypoffUpXw3ZJChQ8YWGpxDuOxyOXhK7xwSGyd1CFA50q2l7aFJ9UPaLb_dPgDB63Fl8SQD5F6HM_MYx5TABdtk7QgZmPjjNc2VtmPn_AF1aRv06avoAmfeSW3CF4qm_IvsDycHWW9EczSJHRv53XWpWmqbHDatIaRTbRZ-vKeIiUAf76B178vQvC0eQRYNqNg9c2OKUvzjgaVliSfXMEVw8ioEI3CNWkE3U-_z41LnzvjRJg,יוסי ביבאס,
6545,פיצה היזרעאלית,היזרעאלית,ok,https://res.cloudinary.com/dn7vbd6nn/image/upload/v1783345822/restaurants/google/restaurant_6545_google_800.jpg,restaurants/google/restaurant_6545_google_800,800,600,212711,jpg,1779,places/ChIJrestJ9xTHBURRKqM9rO4a_I/photos/AaVGc3kNK_uhvy38ONesSi9Ra1VoMOZE_CQlho4nbE4kRcjtEacIfoXH9m1W1uA4lVedWmT7sg10hODaj5WCuurcZ-eQXPs-FFtboeOlf7i9H94B8t-NMgNEmx4AjRE49GGCibDubnJFMEaBCfVIQaWCQOgqUkmfoAPHEOztMZziMnShoZ8ex4h4SlGb8lZQAvXt3Bxgg14kFEe9mPjlIf7a6IB0pcmi4KMlYTwIc7XWFTvzne4GbBWr5aTpQ_2InkUTHTVLlfLrKwueWSeXau20oQad48ffflgWtmm2v-fGRMxXPZboJiIQJwAbiFamWlu9jCNrIKCCX6QoFuqyN59PLyusyC-2WLfLy2kHctZj0US9kQ1nslZSY5L00IaNoBiToirmgOY7OdoNso2ZqXN9t6I_4bAtcxUZbUAVoHpLD3o,rony hacham,
6584,אפסתשע,EFESTESHA FS9,ok,https://res.cloudinary.com/dn7vbd6nn/image/upload/v1783345824/restaurants/google/restaurant_6584_google_800.jpg,restaurants/google/restaurant_6584_google_800,800,449,98883,jpg,1521,places/ChIJB6oAhpxIHRURgEU6s7GuBJI/photos/AaVGc3nU4qzRGEufRFSK3XkPXVNXi0cALmC3iHI03GNSoleolwXcPZdgSvniZ034pcf5K7fedhPBMZzW-N6Dx9tO_-4uE_ru-tV9WpjgjutIuxE-xOQ6ZIDjRVp4AVXeBJwC2wtSDICWVIC0pZkk0fwOoPWyIEeFZaLXkLGyE5UW6NuRlgiaWPSiday6GPQomJDDjZ8bxDCyYXC0GMFL1T03IxmAg3C_A6SJ5u5R4wUHQ8pza8bwl3UVBmE4CtopbrohReG6UGU1GTqMD0aJS2tp2zFLA2NDXgd5iJau41KAc5yG02qpmqGHhmgzysSxmR6_kV0gT-IFQTo16--1rFfjN2_ertfG4SMkH6JWUc8D-NlgcHGbwIaMZjVkaRP1kj8STOnt1Jt45iKTjyzvOP53oPGEMvYo4ZB834Dr8s8CWnE,אפסתשע - FS9,
6587,קפה ברותם,Coffee Rotem,ok,https://res.cloudinary.com/dn7vbd6nn/image/upload/v1783345826/restaurants/google/restaurant_6587_google_800.jpg,restaurants/google/restaurant_6587_google_800,800,1200,321355,jpg,2341,places/ChIJZW0zlZ7zHBURRMxv8BfrgGY/photos/AaVGc3lQEJ610xDLjrkLEg52A4ApdyzfvHknVz-o0BUFTlDtoYlYIJpeEh8bEAl_YPL74MG8VVelLK09kABQtA9PMU3LS6o0LBYSohZTK6i2XrRx688zArHVxngE-6IJJ4X1SxYJnwDz_SoY--6rwrIpVTcS936AGX8lKC_jN4svybPJ1mjdj0gh1P91g1nw41T95i6NGTe-F0jJ3m0TfUN4oYoYcfhavaVYxMdbyoLQUcr3h9haFg7DFxjSXU8qkZafTEbfAkRFMv4K6hL0qotVdb51Tqp76kGJUg5tqPPgtnHr30O-1CVpEV3bXuqkAClrUFbeULxrbihiad5YPL_9HOQZ8V9bld-yVdps6KwEIt8GNbTiG4827bzQzQCQCYpcg0CpREUlmv6zbg7lURKKAmP8vwVTaplVsTlAqzX4d0n0hx9tJ1BLphKAZA_5vLXK,קפה ברותם,
6622,Etnika,Etnika,ok,https://res.cloudinary.com/dn7vbd6nn/image/upload/v1783345828/restaurants/google/restaurant_6622_google_800.jpg,restaurants/google/restaurant_6622_google_800,800,534,113225,jpg,1823,places/ChIJ1TnAPbO7HRURbITRLc2IbtA/photos/AaVGc3kp6WOPDHoIp0cTNvGyznYzx-lf9zJQNI2GAbVY2_ddZIFSLGjI9e1CSgX3Qh3olMRY3q7_L6UNlPRVBydbvb1uvs47cpV0gEshVTuysmEE9u1XQ9au2bxmW7yfufvmQHxmceWYnttaf4ZbAzVxNWAS-X-OKNYO5SGzeSK4HhAqPBkHFXethMlP9t_vbOD0cyQsCDuxPvFyDjUyyFk93V7gBbGpJ7OZWM8wmtPZS3AQRZpyNUuR3gfVILjsUaw_euE571dEmfd9RvTaaUbu1DVB3lS2eSgCYf6QmGJEFQ-fCQt7A5Yj--pfJcFkx1ysRaGiqJIoFN4EOFtdzdL8-E-Qk1zAj1MR2BhPgLQUKGkj-aYfCudNkOEnm5C59hI4joDmR8Y-5_kSmk7dtmQicgjRLFuZU3wUL243C_o7eRisplku,Etnika,
6628,B-FRESH - ממילא,B-FRESH ממילא,ok,https://res.cloudinary.com/dn7vbd6nn/image/upload/v1783345830/restaurants/google/restaurant_6628_google_800.jpg,restaurants/google/restaurant_6628_google_800,800,1067,224520,jpg,1968,places/ChIJ306MlHUpAxURHR2VhvkznCY/photos/AaVGc3lYjN-UaU1eiKdTyU1nw9Giim-dh96cJd0y8US4zwn967dcaHonYbStRjRsarLu6KtBSZFg0Ew_t9fXguxRtwWI6s9WsnkLwdEedfZnOfQUprRddJUiaFWfbVzUPFEeSv7iV6i6beulFszn92QBWdI65Gbn1g8p9_zbRVu60IXWbiJnDrQb53ncRex0N0cPR1V2VoEb6f6iliwtvlLTru6bXUOg7O1yZLtNtx6_ehmJ-CQs5qmhKDABeHntD_rk8oMMBOnqJE0GK-IsOo6RZTvVuK4_lHOvqKC99D7qgOdEJunsu0y36dio6DkgkxSj5_vAo2Eog9HIMv6LJZ8pykIe01rdMwh2TRiQFwfEQynX9YQVurVducQhbB5MQxbD8RRFrg8M7eSUTZYPBY1MWowiVlwk3TIfdjE0yML1vIkn9pnvmMTLlMQZ9uCtt-AC,B-FRESH ממילא,
6629,ארקפה יהוד,ארקפה,ok,https://res.cloudinary.com/dn7vbd6nn/image/upload/v1783345831/restaurants/google/restaurant_6629_google_800.jpg,restaurants/google/restaurant_6629_google_800,800,450,122328,jpg,1662,places/ChIJrRpm1i41HRURKuwn9kiDtrs/photos/AaVGc3nECVXbpqulvg4R5BFkeFKAsrPVLLybz78mFoo0EozBYS4_N80Bk0P7P2mG4jjhrToiZp-SbkpqCU-YAWKB0PPS03UCYxptmGRoBcBzGorKN334N06eMG-okHNLCe3TAiGj43r5A4B5maYHUhX_2LBozQFgBm2sE0frSnOGhIuiwDJGNcNF6OP6wwbubtcFgrhBAQvqtZKNd7IzVJDELGXpD821lizICB3H0TIJWmM3Ll_cELtDY_7Ivq9hiTKYouoof4aGwnJXAX5rWEB3h_bSeDMZLMr4Av_qaE9lOKfAmyIsSS9OA8dlKwduNNbmiyiCGiG2bJ65pe3V7iJ0rPzdP4tT659Pmq-s8Pb0gsWvfiDflLXy3Z2GuAHCfUmCUZ2sLwWU6SpKXatr32LVu9LpLkFvrtkji9R0cYXvggU,Gaby Bernstein,
6637,קאסה פלאיה,קאסה פלאיה,ok,https://res.cloudinary.com/dn7vbd6nn/image/upload/v1783345833/restaurants/google/restaurant_6637_google_800.jpg,restaurants/google/restaurant_6637_google_800,800,450,150767,jpg,1514,places/ChIJ52l3rjqdAhUR6kDQWrk6c7U/photos/AaVGc3kwafbN30UKpf4IYqWKCPLhdjm_52CTUJg45p7YiaK21QkuIC0OYs8I8DQcKRjo0WRI5qDrceaY1GfTTJNnUh1BJqvn4rb-d_XP0MK5nCz0o0pesSIa6dGNsLpYDHiQZMLrQxVv1guzt3k_JOksZ_Bo-5WiqZTD9LEq-UwLytxxb0aPZ55WqrdVAn6C7WxUAB2O7HuJZbvETlIhW7OxuLZg9360a8P0moHYeJqgWpJpZ5QVF1tPUNAMSKTuKth0ZfD71fkvekgD4zBh35O-3A5i13m665MrtuZzj-6TUAcBptk_LhCRXCKy6OnYk7wjVWQ2ppxYdJ3LupOUfTwozHmHO9xDBu5TrVn2XZd9fJBHbqgOs-9elWPbvmoqQZkh8arMBfPDUe4g8DmShjXSyFWWJNmlrg3TgECw6Rmu9BR2p9cvHu2uMySupIAXIZCj,קאסה פלאיה,
6649,מחנה אסאדה- ירושלים,מחנה אסאדה,ok,https://res.cloudinary.com/dn7vbd6nn/image/upload/v1783345835/restaurants/google/restaurant_6649_google_800.jpg,restaurants/google/restaurant_6649_google_800,800,600,141942,jpg,1818,places/ChIJt_9ObvPXAhURHKvGH8kxYDQ/photos/AaVGc3lwey9ZDH5Q0V8F1HVh32GPEXG80lYkaAp6sqAz8Km_x1gQMueGT_RMO2pjiqrv9qNNp7rdim61ALqZgWJqgIx79gIzhgVY8JmsCt0X5695C-4F5coKOKmW-gNH_VpwY6o35oSbcdWzv_Wj5lvK-84hBSaEWcV59IW5r0quXV61PydlDu362CZHRLROEpByHNriWIx-z20ZFgicsE_mE7gJ8wGmNSgtmtCdb_aQ2uDEC_CaOfH23xX35GKlxWK6o9qeknotW0jxR-DuNFOEH8zIiafqgwdclOg5YNVEhs-KxtSh9JoTVTh-JRHxBFK_LpjBWK2V5_jLW--SweJp0BjyUkuGSvQ_I-iYOqt9NW1QsEmkdzTNXtYhoB-6_PzPmUJ9LduJRaFWciTzPb6z8AcgGopTWi09KDUQ-AmNsyZPpegR,c H,
6662,BIGA נוף הגליל,Biga - בייקרי קפה,ok,https://res.cloudinary.com/dn7vbd6nn/image/upload/v1783345836/restaurants/google/restaurant_6662_google_800.jpg,restaurants/google/restaurant_6662_google_800,800,374,119818,jpg,1602,places/ChIJywDOfddPHBURzAtJLq9d9Lw/photos/AaVGc3kuhp2mxmw6e7kzgf-FGVkuaW98Dt1VRxldHCr4O50tiigoi5gALUlEtKWQNMAbYp43dKjxA21IcjehkDqzkIAjLmb48G5ZkyBCFfRPjkT_qwRI6UOy7Y58JhWoZXmj4WTVbzf3V5HbmiHpmhPH2_dfZmHt_Kx3GFSlxh6BltfO5x2p_aEJM-X6VAWfwce24Uvjhb1p4aUtzFLO-OEpLN8G1xxWg9uwP8_5vyBV9LgGsmoYiVwv7xNRrDEnGSv4CQsXuX2r1WDP7FH-qML-kfqG6YrTtMrlxOXqdw_nwXL2bNQtxPGyWaLh7F4aFz3E9_Ctkhye4IBJYh3WT71iAAuw_8OnhHQsN1sYy0Otu6U6o4JUxBxkuv-6gt05UmaFePAiVde4oTI5047TuVcOqNB4QVN3kPG6gcWA-fOB_LfOfg,Юрий Жигалюк,
6689,בריא לי בנימינה,בריא לי בר,ok,https://res.cloudinary.com/dn7vbd6nn/image/upload/v1783345840/restaurants/google/restaurant_6689_google_800.jpg,restaurants/google/restaurant_6689_google_800,800,1067,239669,jpg,4104,places/ChIJQ0BROYoNHRUR6L3jvHNfSvE/photos/AaVGc3ljSKGiPSODNOdYPqvCPnFRcuC9MCS0Gu4gYdldXZc-E5oXlnenxPt-nNb9nFBNs7y4AsCi0to4aYKBI7C-yenXF4UzWYuCtUpJ938M7drym6k7A6j-WgejKfFH9-8jwszBovxn0BAyaEjsfP7HY3dM7OgbNC8fNrCoqqdo51jaBjeZy7_XI4xMm4N250KceAF1WumC53EmgskFk_dWpmDYFwdA6z-guGoIRfDBc75FPPsNXic8Fa6I-GQaorrYXv3cHRlh4lFA18wABGfWUq64647_hdG1kzk6AjLc6RWVrChAzrn-l7t2w0jbjM9o7bVpY8SsnmsjugZTZD6fKfOwuYzC8CH1ekM8J_mqzFVhd3zsXkqhyUEFFoLWJMR7r3OCS70wSHk2NvifbXLEbIrQvBN-MRSG4IYJfSui8Lue6GyRea5u4EZK6H-px1ZW,בריא לי בר,
6690,Burgers Bar באר שבע,Burger Bar,ok,https://res.cloudinary.com/dn7vbd6nn/image/upload/v1783345843/restaurants/google/restaurant_6690_google_800.jpg,restaurants/google/restaurant_6690_google_800,800,600,140857,jpg,2185,places/ChIJW_rxp-FlAhUR8lMdf1rREYg/photos/AaVGc3mpWjc_e4IHIOp8ol2BZyRG6dY6FuSnjlkLdYskaYabs8BV6KdYio4bwGDa-gbrJg8O3aIjfgeNe4AxfGvAxh2a7uQ-PInMqU6hy25AWF2Us_kL-909zt1GoIUUkkMPXh1pEeYrigDDJjbDLQKqQDfq0YvOl5RpLVtKRGkHysDszkLjtR_5Mz8y82ZSi0-H74BOhAa51wifrx64DtSkLTMFJGviPae4XTjKzkoaCH5wdeH_xLiv_rYuxRcXN0KLqsLH5lNUffGoo-ZoXwd1VT0Xu3sUZh_MmkscuI61kNppEqpDUhBB1iq2PUTqe3-4nw_MolBa9lIJw_NdJS71ucmmPHJsxN63kZ9xljtwaYILq3JaGxcQAWS9bsVovQkGe6k82os1lKHGLPvZRNv6XZ48u-1SXvBpfpdxzfKcxF4,בורגרס איי אל,
6708,Tommy's |  מודיעין,Tommy's,ok,https://res.cloudinary.com/dn7vbd6nn/image/upload/v1783345845/restaurants/google/restaurant_6708_google_800.jpg,restaurants/google/restaurant_6708_google_800,720,1080,201386,jpg,2544,places/ChIJnQJg4lbNAhURlGOmYuZvjt0/photos/AaVGc3nfDm23ezcpcHdBP1ElVwLdtEw9nvP1dlR4svn8BsGOnM01Cig8flwewWWuUp6yW3FJkwDdU0TjWDy7qXocnO5Z5Tb3jJi-xYGfKfCFTsL79nR4YtGC9HZQHsvALk5lfcm6kwZmlFOUnDKD-F2NBRLxi58ywdvnXizUFS0XAMTVMZ2bktk_KBWaM95xYxtKG1Hn49zWDpQcay-CJaHCRQWdnoAA0SlxeeYJ3JyfF08wrMBAsz4Se2JAel-qj8q9_H2mGxVlOv-7SdgnMAshl3z5wzklijrmueLK8ggiqi53u8AdPRbyZ5tRitzoxpcwVpdURmIFpEeeVx4BtjsFnm4JnxosG_vhojplP5EpHB-H5haVgznBHe3DVLkItP-sIAcVWW5h5yWiTyC3HwARZb-1Hp8tzVkI4UtShCLxZ5E,Tommy's,
6815,ארקפה אור יהודה - כשר,Arcaffe,ok,https://res.cloudinary.com/dn7vbd6nn/image/upload/v1783345847/restaurants/google/restaurant_6815_google_800.jpg,restaurants/google/restaurant_6815_google_800,800,600,182326,jpg,1931,places/ChIJEU_lwaZKHRURsNmqIU5Le8o/photos/AaVGc3lRwXdz2ADwcKG67bP5C8hYZIx4I0T2kWMxU7HILuJ6cUMDMk56_4tqjTYNjAbn_pvGUIGLTVW9gGLd5oAjG5NElOqJKsgIn4o9t9cR9PoAvRp4SpJCFuxOV4Qsl89YPh1FSFWBqakr1ox0tJBKFR0ahw_-X2txMBOPZUiA6Ks3KVh0SWZ3_TdLHSvgXBqhqABf7CQO0yycPQCE_1NiWPoHEBbS8ODHql3GoUmDsE5jEw67tD_8L1c1HDV_axidLi_STUNgYBr3nkGqtTvE5kG0UUgAYj5__Rsf4MbYDAoMhm5xpF8e56ME0ehSPe_gMLUvXWU6OGuMAoT5IEPtVEHbc0vgOAHnnkzgN7_gjQvQ2x2_1LzOwaPfnQLShVxgLHumWqSJ_EILNhi_2xQqzLathy5wUNH9Rvc8tj4mvBsLfg,Yoad Shejtman,
6825,Mucha מודיעין,Mucha - מודיעין,ok,https://res.cloudinary.com/dn7vbd6nn/image/upload/v1783345849/restaurants/google/restaurant_6825_google_800.jpg,restaurants/google/restaurant_6825_google_800,800,1067,261180,jpg,2045,places/ChIJT9NxGLzNAhURip5rIACimZA/photos/AaVGc3lrszkVBQUfwkYENpI3EF1FQe1LxVGkZvLHrZXQkcA77LJaVBJpOO6TblzSMbldtNn7jnoI4vNKqq8UuHH6t5nAQDuHqduJKAyIDCXCyxC5HYQ_X0czn8rHFTM3q8sLeA6syhEUsrVVKzbYmEjQD2Xc6lxoOii9fDV12vgda_l6rgXOAZ-eZgMd7zFKw-XnSIF4DSShA3jP5yw1NBhXkWqrZ3656RIl_ulglW0mWTJ4w5AlFoe5vanfa2O3PyrsrmxvUPeVUSpDZ7mY1BuEn71Jy4bOb7IPHI6b2YeOOOTXqClTYELmUnAxZVUR25f2QlBKQGyotPjgr6fIEQeamNhFTJopRs_nu10f5TUnQkgt4BsgvHFHW_K9JORqqsYWo7y67mRX7B0Gm0GB2dZtTityy8-DiHwlww6HUi1ClKU0jH3kcsOd0U_TSqALKCLU,Mucha - מודיעין,
6827,Yolo bakery,Yolo Bakery,ok,https://res.cloudinary.com/dn7vbd6nn/image/upload/v1783345851/restaurants/google/restaurant_6827_google_800.jpg,restaurants/google/restaurant_6827_google_800,800,600,142684,jpg,1524,places/ChIJfck6hrTXAhUR5v7zNNFUeFU/photos/AaVGc3lLBtNTaGgkXFFcLTzNVo8cjLCVtlZRHqfJinYrB5WdWps-sfMsDLMZMDovnp7PjKd2g1sDpdQl7nOksb9gjobnWztNsCbDK9OCNkkCEGS2V3lEFAfNaDGyNuxB7oCTHo--E9RX27IXWlzW3Fkz86-xWlKFiMu6vnNBJGu1Hn5SG3hx-NddaHDEhuvJfu7yGp_1-v2fIpPOJyKZ6sVa6R6DBkur4k1q1UoeQSqqkTAu3tLxr6RddxcUVKJiP5YvplPpQdeld9fg7p5kNn7nhAeAPAdRmQ4uKf2QyuLugXoUwy3pLrTzqU17-kOdEA1wzWN_HEMeQro8Oo8pfBgXXC2E3lSTI1KZrsu3KqelWODZB2JzwBpsiCNPzbMZvJ7bJqbqGInrYOEp7mQ6b-pcsymZy-UF90bZuIVORkpXfFFW3Q,Orit Greenstein,
6833,The Rova Coffee House,The Rova Coffee House,ok,https://res.cloudinary.com/dn7vbd6nn/image/upload/v1783345853/restaurants/google/restaurant_6833_google_800.jpg,restaurants/google/restaurant_6833_google_800,800,1067,286819,jpg,2258,places/ChIJUzcYvqopAxURNl2LvOK4EOU/photos/AaVGc3nYkIR4SSY9IH537Uy4d_DMpKj3H5u1AKniRXQIQG3zwNx4OFt8tUz1N9381vSqYIn4E7T0CqBz-F6aYo_UFwh2J_BSt6mpfzxgG_LRG4WcdehkTqp_wgj8b3SeD9dquxjQGRumjLpw3d2el5laQqPCUBXzb0gPxavvfSea8GAqLafeNaZLY5Kfp1gu3csH-cKQs1FNW0RZqADOrI0EFWqM8_ax5mqqJvNrLIqWSyT1l16E_yqmk_XUT4tGVuVtkP6i0oNGDYRyycH7AvHzcEk142JB1HaDZeoMoQGqKdGEVLCj92pSbazBTxSz6sy60eemMCFjoBt5n2Qldi6JKpf0s_w0EDvSayR2dZeUA9YI_9Ut8kWQpH--qfWSRE_bnINQ1gLZqG5AvjtjHiBGqM1piDR0s4w8rO1nXNCfMgZySw,Samy A.,
6839,Burger market מודיעין,Burger Market,ok,https://res.cloudinary.com/dn7vbd6nn/image/upload/v1783345855/restaurants/google/restaurant_6839_google_800.jpg,restaurants/google/restaurant_6839_google_800,800,1067,184845,jpg,2017,places/ChIJp0yVwKPNAhURlorqoLlYhmM/photos/AaVGc3nOorUvHo-iQnzwG220TaFntLABfxHb1CK2OSzuV5nUUjqvJI1X3Jyoa9iaIEREeKqJIdgHQr2cVEbLLw6nC1zFiGQTDqZjoaf-6nJlGLUDVXcO1zQ8ELdV27OQuYa-aB6vQz-p-p_V-uDtVAcEacRgqjoYY9NW8aHoGNxOqxT9leXgFxuUpHwzUnKi9kkN24PFW7yFxAO3pHsqXuqREm4pVb1Br4tbZTH3eaYK_DCDJd89qWPA7r0U3lrFo5h1v7ruNBxXVk35vug9up765mmafGWvGxxvDrM-4xCQ4kPF4UJP84aHBoLs0DkjFrFBfGyeopU2AtgbZgbipA2gkNrgnY9ydzbf_4IivXsr-LsVuDX8_o-6v25jeJJCcskm84xskDS9tRIfqnJ14YfxkNP9adYxN6PkGSz0TqF42bBlSy39,Michal Arditi,
6857,Kedma,קדמה כיכר המוזיקה - kedma kikar hamuzika,ok,https://res.cloudinary.com/dn7vbd6nn/image/upload/v1783345857/restaurants/google/restaurant_6857_google_800.jpg,restaurants/google/restaurant_6857_google_800,800,1067,237113,jpg,1876,places/ChIJ-3alHx8pAxURCp6UA-1nNfM/photos/AaVGc3lqjxbk5GEEhrtCJS8v5N7mhgFx2TvAGlWIemJ3AUEvH4WzCBttxWvW4YDqItdMLS4ibAAjgjwbikJBnSPHLgpF3xbhAdna6i4LYhE1ChteSnoODJY9VwMjTPs7qs86hn0-TP46nZXFcHzCnWM_qfVpSscv_V4NwV3F2E02zu5YSXcAM8-oCR6t583SpADGhFcRWVtqCjrsmIq0okv_MKAxkYpyxFK0_qHVLtfUk56ZHjNKEc8VLzpl1cnYr0OxCYlW0eMW8V7aZDh25XklmaIoOeATUScz3OUQv60GIvxhtjuCkMLaIg0DohCQOrP_crNbFnddivjt8DJcMM0WV_2y8RVLvxqXsk_Z3X4i-m2nqMvDXkBOWcCwWtY2dv8IntkEdkenVTnBiYpElQxeZwDoDcqJmsCjxMcHmglPV5XtxdzXcX4klqtJsMFH9ESs,קדמה כיכר המוזיקה - kedma kikar hamuzika,
6869,La Luna | Eilat,חוף לה לונה אילת la luna beach- מסעדת חוף כשרה (חוף הוילג׳ לשעבר),ok,https://res.cloudinary.com/dn7vbd6nn/image/upload/v1783345859/restaurants/google/restaurant_6869_google_800.jpg,restaurants/google/restaurant_6869_google_800,800,533,120205,jpg,1899,places/ChIJ0zguLnhzABURTilDL01TeNI/photos/AaVGc3nPzIyibqfCNn0N6N9jE8xZHSlD4pB5hbou8GBAPdLACWk-YpIYh-xMHCkjCfcYCj8z8lguQEsmMQNA_JaCbd32S4m9b71LXF2_dCzYNpstYMG3Q6xEO0f7qiXY1jTVhmMzemLcglPL2vA46YVt7veb0VJHdjNzTKxPbDhB84PbNcYiUOdSwf3PlJpVQaM8OVyaWEK-1stRxzJTL58P-fRDAITMwsMDuoCtYtdWUfinOLdgztP8y0s-J_0oVyBZc5KnrMRGwyjWj2Ao1INo05BHxHfZ-MIcIyG_GoUSA2XYeBNXmhL6CYRd02R2t3MXZNi7jq-h_u0cNHk-wq8J6JVtJ1uSw2TCfCHNSPwrKjVzrDcJCKgT91ija13sX4rNGuEWHPH8hs_uBtMH0CpJ6iXBws0-7927yr-q91snQVqPntS7bt4DRIgjP3_LiVVy,חוף לה לונה אילת la luna beach- מסעדת חוף כשרה (חוף הוילג׳ לשעבר),
6886,קפה קוואלי ומסעדה,Cafe cavalli - קפה קוואלי,ok,https://res.cloudinary.com/dn7vbd6nn/image/upload/v1783345861/restaurants/google/restaurant_6886_google_800.jpg,restaurants/google/restaurant_6886_google_800,800,534,156562,jpg,1894,places/ChIJvX6bzja1AhURVDdvqJX9_EU/photos/AaVGc3nI5p3iJfyoMo8AQeIQwKB5ePs55qw4X1n-B4lCTL5RwW2LjonsZwfg7BY2nWVSDKOhFAa3rYVY1ICIbJIi5j0I_hHZo7wBbG9M6le1sGmbxkidLwm03T5djuMq3KMrOUxHsg_J5uWc-E6sefhiZsDDprVsdfkT_fAWiM86BYgqOYm-4biVFIEYoHEBHml7odRHPjdT4nDh0K7UjOTOqWLnmobg_XdOgK4ZQnmeCB0SZ3zCeR5i6XddmZR4QL1_xrilHb8EnltI-oSS0MNtYfnfUs2KUQYjAZupI-o647Rl7LcVMWnMGsw-j4ZZaIszK5lq1Myc-Vt7baZw_A4_QTk9kJKuZA0jStXB_IwsliAZhjM3OS5acNGcFWYLwYtgLtua4_Kp94ob41O6L6y5UMgiC_1IKMs8VyB_YkQbK9OjAAsiX6OiEgm79l_HMg,Cafe cavalli - קפה קוואלי,
6894,La Chacha Pizza Pasta Bar,Pizza La Chacha (Rasco),ok,https://res.cloudinary.com/dn7vbd6nn/image/upload/v1783345863/restaurants/google/restaurant_6894_google_800.jpg,restaurants/google/restaurant_6894_google_800,800,450,89575,jpg,1822,places/ChIJ-x-GXpNOHBURMMGLj6xSrcg/photos/AaVGc3lGQi4w9-XgcBRKogJRF4sKdsMy5-GMPog6gsD-OgoQjd-x45Kb8BnsbOKVgZaV0GW8DOZtXF1JW2eD-A3qufWx2ECru3jT64vS_UbDDlhefRku9VL5TP4wWyERv9knx_bRWDKASvSwKXnw7fsdM1H83LVjmzzP9xxj0NQj3iG9rfyWNOJQD083P8_pld3OTG0WLem1OmY4LhyFkhGWbxdVe4bj6MTw1aHij6UEdNGtz1YxWjna_1NjvjkBMwZk0k2lKM_FclBL5d-ufq3RHeEcNnPenBe7vmMUPs4Yvvv9hFqe1uakWC5aeLbFJfvMUEVKsGIqMSBG8kKB3XzhvauxcCqyE8UYxEJWLL-cryxoKM-032ClV50jJuRuVFedH_feTiYalDuhkQxHmQ7MM0Ilr3-d6TnbsaZK3P647EH4LoA,פיצה לה צ'צ'ה,
6927,המשביע - דימונה,המשביע דימונה,ok,https://res.cloudinary.com/dn7vbd6nn/image/upload/v1783345865/restaurants/google/restaurant_6927_google_800.jpg,restaurants/google/restaurant_6927_google_800,768,1024,188094,jpg,1924,places/ChIJj7oK44JHAhURtwsLwcTA9K0/photos/AaVGc3kg6mL4gqUgbqHzM_DnX24-5eAZR2txYhVbnEL5w_73L661lNDKdhIduXbAV8Ic0LS2h0s8JfgcDUB6S5hR5y9LjcEEMJs5NuHj-OhVj_Oc2GuoqLX3dE31LuKB2fGh7Rb55pA1FsPvxF9jjNZN5NT882ReH2xykuxtaMjBK--1HbTw57JM-U2vHZ_OzK9POS8T9NziiYo2Dox5Aen_1yqWWnuzXKQP5RDHeItedFOKdA3P7P280-ozrIqITPazhFzwwKFRhnZhJnzFKEmIS73oFqlWMEhe9ireh037P3BP0N4POS0WYEp5sxYQD3sq_cAqzuknxSIF6Xayn6lOFNTu4mNZniFPF9WYe0bHMO_LQUxKeyjaiBjIYJODYmMR9oZDu8ksuY3UwFcgO8q1vkZ-rk7zIuxib0sJ3Y3gxC602w,omer zohar,
6929,BeerBazaar Brewery,מבשלת בירבזאר,ok,https://res.cloudinary.com/dn7vbd6nn/image/upload/v1783345866/restaurants/google/restaurant_6929_google_800.jpg,restaurants/google/restaurant_6929_google_800,800,532,121153,jpg,1649,places/ChIJIyvg_NmTAhURD-V0mXQtesU/photos/AaVGc3kzvrgQ79cV94lJdybOoo1sZuyZbqnFAr6GUZzTyJj8mpYg1idKrFtlkCJ3ViuJKW-vIeafYLlLcAPslduBdRlc7qgWIzYQAJTeW9b8_4RcypS33fi-Xon8_38a7bRIq1EkgnjYyDgI_8KtVOVYQL3wVxDrpGczYXwwwnfpIhvetdEsGTUsom1u_NzqdQ3y0-oL3NOD_Hu-3G_8I0clkD7I3Z35rSE7PzoaG58sdEGG0eEbU-cw8CNgIkHKz4N60GoBQzlsBgxsWaMk33WsDZfnMOtN3P_wg6oa9yYMTKRSeNMD0iT1SpTkAK6wfk5vedsIDh6Woe_-2lW9o56wpRQaqDDEM-V8fWEzZ2jV_NE7ZR6uj1EKet-I7apum1soItIzXHcaVSmrlzpGCeC5aptF9lTnV2IAgcge13SSHjIbj0aXSxjil_VGgRbIGnDy,מבשלת בירבזאר,
6938,B-FRESH - בית שמש שער העיר,B-Fresh,ok,https://res.cloudinary.com/dn7vbd6nn/image/upload/v1783345869/restaurants/google/restaurant_6938_google_800.jpg,restaurants/google/restaurant_6938_google_800,800,450,149141,jpg,2454,places/ChIJ117nnUfFAhURiT3UR_-jcbY/photos/AaVGc3nR2ZjaLa3dKV6w_jgGPZCNDVA3X3MM1gxJcHrzuKr9lsM4NCe1aFHWfhxdxls4XRlZbeWBOe50ehR1mUqpWyWC8hBcG5EsAK9CCqf4tovygATNDQARATyMeMZu2jisaP7JNHUhsH07XwzglmcGZxrser563153vBriIlkac1_5hc_2RXIOdKmwmxA_eeeoDo2ylr870hYC1_gGmQdfTdIdS7_00tt1jsg-08AkubXyyJtoPKOw5oaCDTSjyqaDeKxPVQQFMjiIh1BB5RlfsWKvr4KoNQlNeV9a4tkTmPtCArMyZJCubCEj0lDHwSzBIogUhT2qseqhbHsdpW8FvookLIZAyJCShbI4INeKJtensvwU34likpoX30DnNL-v0atS_JGwPm2ZnpGQwPDBVx5DgfMlyqU0MquQrXkNtBw,Dov Bruce Krulwich,
6964,B-FRESH - רחובות קניון עופר,B-Fresh,ok,https://res.cloudinary.com/dn7vbd6nn/image/upload/v1783345870/restaurants/google/restaurant_6964_google_800.jpg,restaurants/google/restaurant_6964_google_800,800,450,102241,jpg,1624,places/ChIJKUg2VQW3AhURwSpEeH0WIU0/photos/AaVGc3nHdtWc7NKGwA4oVqBwQC3r3FlP4HXizVJ-lGcOgdEgEv0MMeV0tJULstxK0HfZqZJ126-LP4s-Vm5a3AvZ3IJvn1zJ1_cF0TzSLMy9CB3xGQggIJIBRzfQbL2kjlUWcjsCtuRf_zer_D5VCpuFg4-HCiWJfOWeJ9OKZiThr1Mp_0CNxdQPOh6rtAKD3qJVZRwkrhIuW-yZURvLFHWhl1OZCZ7JBgwIh2l6g5G6UcprL6ZMMzqc7p7lH8Hh6cnvxqDddCO7Top2B__hrXJQuUZTSjNZC-scslz5N7evtlVdIUY_DjyoxiebwQGSrC46DSseOvIRLImW4tA3tBseF0zb3ohRAMn7UvEaPaRkMKZRlUvTWIUM1tF_n1vtW0AiTJ-dsKwgdNDdTYbKMUN5H88W0ZXHtXcjKMJceB1uD217kn0FeDEEu-t9yyAdzzyR,B-Fresh,
6966,Yaeli Bakery,יעלי בייקרי,ok,https://res.cloudinary.com/dn7vbd6nn/image/upload/v1783345872/restaurants/google/restaurant_6966_google_800.jpg,restaurants/google/restaurant_6966_google_800,800,1067,155907,jpg,2389,places/ChIJWfUX9w7PHRUReKhdNiJLeqY/photos/AaVGc3lJ6WxZh64ojd2Rk5T5YJnKxIf8mb84SZ_vH3F167iv-wQZIzo48BIG6df3qnntZgD08PxcnPtG6TQ-j_0c3jXBg0mYVLotxH5tOWmuWX_Cf_G-8OaN-DMlddVTUkwlQtto8YrW51VlnRB-wRi8nAkODMn5BCNK7BTej53cL9nNYNNSlfEvIOYAu1fuvoZkKzOHHV8464DnT8qHe3u8mqYwSfl4JPcGJtxpaLiKneiiH6IyvMtMUV_3L1iSUjyNSI8XkxOSRM2o28BnTmG0GirftFi28vHHeMRdtddb45iGuuiP9L1FR5EuDpFYkFY6bDdRHAdTZYevdQEzGSy89GKIvTdaGAvbfKla90gNIvo69yTCE5sXm-DgMpujgAUVD9TO-oehaV8eY7r7JKVZBT7GlF9KduzGddSBCXhjqysl1cUy,יעלי בייקרי,
6971,B-FRESH - ב.ס.ר פתח תקווה,B-Fresh,ok,https://res.cloudinary.com/dn7vbd6nn/image/upload/v1783345875/restaurants/google/restaurant_6971_google_800.jpg,restaurants/google/restaurant_6971_google_800,800,1067,212750,jpg,2136,places/ChIJvZF-9yVJHRURAgmQAuo8j5o/photos/AaVGc3kZwicPEf8gBbjdsOyGH0E35iN4p315u5qUoDwAI4kSSs0wEiYHjOIkJhYZstDmD5Ftur6obzap7fiQ6lDoaNRSdHwd_gXQ7ERitAI2jD0e8z_U3IsxeEnFqUr8cuXBKYw5ABbpYf47BY9xy7Otonh_annVCRTCXphqPWOqvBVV1g1lR4ar1QgOsZHucyCuYmrug9mRRH3FO2A4ZdD3HEY2kw0vN5jPUFoGxiTzzFK3jKnhN4ETlB37v5avYfMMnwuDEAWTIKEIM3QOudaChAmI-WozYJho5a0GFc_Ez3jZKCGJ25tqxN84gPQI0UaizobwQKx5-vWPB6sM7o8V-hG2gxO9NnnRruO5ceekSSTqjykySzbyzYaR4JtbxJnNVdLsIcWpcthtZ-iqcOEf0_wv_Iq3CbgzX5fvo6wjxK8d1_ba,Shai,
7005,ארקפה מגדלי אלון,Arcaffè,ok,https://res.cloudinary.com/dn7vbd6nn/image/upload/v1783345877/restaurants/google/restaurant_7005_google_800.jpg,restaurants/google/restaurant_7005_google_800,800,450,99419,jpg,1575,places/ChIJ00xypzZLHRURroQO125_2M8/photos/AaVGc3lTVillnyn-FHfgjrun9W4aVt4GzjXXTfceVh5-mXMD4rHT2bM7pWcd_BLoerwPRCJjp3zLbcwgbRMJPaAXH95giC6qFXBO451P0aIqZCXOWDE4mepf6zwFZnp0osDpMP36pdvA18_HmwEkTJIIkWPBLc4xYAt0cdo5CW2SqDi606m8Rowajgky1hVocws0CU4yh9pOpmvvMDvUW3EEC8FLDs2xfsKTAK9Zh4_NQINVvRCBn88nd3k1afijUr2AAqTW-tAd6qXzaHuI1SDQg6iSsgtS2VnOpojYiPwT2Mh9yCmHem_ZeSQFObAOmSQUuw038AeMM26hPNoqH5pIcYpigoZqyqIpONuim9l3mO6V_UGFi_XnXuDuD2LxPzLrz8uZf4pvLhpSMjA8wUtXv7GNUXW21998h3IgcCiDNqgGdg,Jieun CHUN,
7020,Banana beach,Banana Beach,ok,https://res.cloudinary.com/dn7vbd6nn/image/upload/v1783345879/restaurants/google/restaurant_7020_google_800.jpg,restaurants/google/restaurant_7020_google_800,800,598,104940,jpg,2201,places/ChIJ66yYhiRJHRUR4o3ts5yCMHo/photos/AaVGc3mlTj5hLLQ3iRAlf7_-h3T2YA8gT-xWkyYufUmREpdVJLgLVjTeZ98ZCaQeD232OowcPlG9jiLK5wqtQDPrNnQA4c3Gx7BWFoFrqSpQxZIIA6xWjIGu_P0ccIYL2WeTho9xbcX09TxJ_IXM_V4hsqA4cevG68y9rmUXzdigYzCpL56tuyfx6S_MtnEu3VXg__Pktt04PjbvUBrJlchzZlABWDxdX42SFegBsI5sIIb4mIe3EUsxDHRiDMO6jSQW5EqNt9sITFCJHk9yJ6D6DRwtgDxNu9s74kupTvM6zLr69YpjvbB_OuysWBFBb0j-kQt9WkYhLUZZQVTzkZ1pIzz_d7AmSxfrmXuuamVbUIBd25ZLZd8OZttddSJxZ__LZH-a0eJxcjfe3q7SqPHH8ioGB9wbyb5z8_Cjs_FGPDFx-erY,Osnat Hasson,
7031,Drive Cafe,Drive Cafe /דרייב קפה,ok,https://res.cloudinary.com/dn7vbd6nn/image/upload/v1783345881/restaurants/google/restaurant_7031_google_800.jpg,restaurants/google/restaurant_7031_google_800,800,600,211125,jpg,2478,places/ChIJXXy3iF7QAhUReQwmgcx7REw/photos/AaVGc3ncPOCB0BZERrYTUBE-HzMwj9U1V6h62adoaFy3fkyjbpDKt_vdYiFiAWlFs62VDU4RqalIvXqlNcXovXtV8haTkQL21Ijc1bqzI00llI-pzNUKvg9KxzpCGgjMlREVAtzoMB8LFjTGaGmxk-p1IziBLRoY1Rsx085-ooU3B_j4P2RUjsXPWGpCplXKMw32cMa4RPXJ8CUitGYiTUA3UCMGfQ7ms-TMy25kN3cUDx-xVgwbzD_0WIUAjhDxnZ1jy3qhmMpUDJp60vrFNpwsEusHkrVKRuSFCeBz08D4OPyVASl_lNNJAh5w8b81Qipp8cX_YlQrgm6-rOBzPLAL7oWd9YWwem0pqdSNutROXyxnT1CBCLhpinsJRYhUDqS6xkUpFXDeYoaqzJ0U0yzbOfLT64eIw0lWBif4OYZT_fzWCs8fxQL3eG5xtpt3uZeb,Drive Cafe /דרייב קפה,
7047,Greg גינדי תל אביב,Gindi TLV,ok,https://res.cloudinary.com/dn7vbd6nn/image/upload/v1783345883/restaurants/google/restaurant_7047_google_800.jpg,restaurants/google/restaurant_7047_google_800,800,534,125477,jpg,1785,places/ChIJ4QEy33dLHRURxD10_VNT5Ws/photos/AaVGc3nnTKOd7FfGlFAZfILuSRrrcO8UUgVb8CAwD2pJ4Dh3lEmG94LzVYvVS7jsnFIPFV7NoUB_x5zBc4ho4sjqyidKH1dkd5paqz4lGJ9fBNsmTEeLRwAaFnJHlTyIglbKLrBVpJXheW9EdAoh0V1JHBRJiRsHNNbj4gmMb3ziy3UGpjCfpSEVB8RzCVVGGJvBpLtQQBqCEf-LEm8i6F3o-B8rpF83jvgBYDWwl02muUoDDLtLpwbx1dozxcOHZyxbu3vu69mpApi216LNE2NJkWTwbt36GKLbp4lULzlJ6mVz_5JgOVu7jZ2rXmQmsl5qy5is4oEw3R4QJ9pPj-ppDStpFeMTaNZ5otL52zccvYVG4lF12QDUviZLc1kYNkohimQVBEpFumFEZ4TunX4L1ppuyNo9WI2fwxuHkaggzCE,רפאל רחמים,
7073,הצל-בנים,The Crusaders Restaurant,ok,https://res.cloudinary.com/dn7vbd6nn/image/upload/v1783345885/restaurants/google/restaurant_7073_google_800.jpg,restaurants/google/restaurant_7073_google_800,800,534,126234,jpg,1807,places/ChIJ_boQOvgMHRURpn_NuDeLh6E/photos/AaVGc3laK6lgP5Naj-8zKhWsGDt-2S3JUrnh6aN3va6O8fA2YU4n5wp4knZkNyrM2FeckUzDX8-Ir8RHif1DTsg1tGQjQ_EVoLoVED4y4o3pdMNGqJlmAK7ObKtcAz7dMQ-Jyzik3oF9o0ddibSD4QmFN4lt8mLSUAuUnAHeHeorko1l9KiZittmhKRD16FZFY6bx46Xo-94JF88vxjk3pzJ6caEAX1qHbC_gvayaI-h7HjoEwaJpZ6L54ZOtpCCI-Eanj_vHA8hw_sf1clYWJUzGZHBTUBKUWB2nWRyuxUSkeG0fZn5-DIG_3C2CImV37opVI5HCIUQbBJumRiZEinRmqd-JPDTIczu5mz762-E4ta5qsGiYY64vSZU7GN-f4Kxe2_FnxJH2-i0V6fNpfz6vvogPEq-uyrE2n1GvMyobJNV14I,The Crusaders Restaurant,
7090,שושקה,חדר אוכל קיבוץ יקום,ok,https://res.cloudinary.com/dn7vbd6nn/image/upload/v1783345887/restaurants/google/restaurant_7090_google_800.jpg,restaurants/google/restaurant_7090_google_800,800,600,125176,jpg,1555,places/ChIJ33qag9NHHRURxXaXG_yH2eA/photos/AaVGc3k7_6e--C_WmwkqTQ5g0gt25KBvKlEYOD1oyUzIfZzRApX6oSlCdTzw2stK7lHenBIw27A8Hc81R5SYNIT8VR-UDFdKsHQzi1gO2ERk3LfFm821Cdnfn46NoiHlAONKH1VrZ8unSMWd5aoENb0qnER2X4aalYGVtnGtvlClbeltCS-AS1WKcV8eCvrMDi60D4SSSrag_s5Tq_o0tXwMvSEZ-LR9eoI2PL2ymX-3ZkXig5Q08MBwxpaNnDSTn4_Th9BOtmLfRJyIIRbXyYvUIrFZOt4sWAvo5d_KdifDLp-rXQdg1mIHxAb4lPpAD-b52ygc_MadYfH6Npusk1tpgxBbhUyNIjfMnQE3JM95fx2zdl7WwNBiDo9qUBzNsXsulFIa6YVWUBDT1ZEeGZnns_eArayGUzPUkQLgxsMjdHH40Q,David Cohen,
7101,American דולצה,אמריקן דולצ'ה - American Dolce,ok,https://res.cloudinary.com/dn7vbd6nn/image/upload/v1783345888/restaurants/google/restaurant_7101_google_800.jpg,restaurants/google/restaurant_7101_google_800,800,534,170402,jpg,1826,places/ChIJj55pPLc5HRURH3Ph7vHnsAE/photos/AaVGc3msOFmOexro1yoNW-bTtXmuxn5asIo2pKjOeIv4i4cgq_rz4xP1Vxo556Y8eixHNN2qzPJiKmjpRfYZ2TKzrbPIOzUKgKBe-2NQxl3EokYY8800GnMJ5egqALnmb1RHWxdondRpWeJ_eCcL4exi6xNXw7YBsex559QdYSy5k2znlvNSIIeGDtyFz0XSLIg23ArzzoJ2-a3zOFsGc1adPWyfx-GFiQR-QDisQoYWTG_FDgJgwGi7zmVIYB5FBXhEOQZ61rUX79FkdGNUbOhgSeaGeT1YFdcIv-LL05YOXtXu9vpnQDq3-QZcRpwEanPi4i6ixeUKrKmHGjJh1WudglXnpeCFlwnkfcQwuf82notOBKb-ufrZ5O46tfd8uzsXDcWV48nQa3m0y57u3t3ZsEHW8v7k1Rc03HNjncQnE3bIZhNwWqGAfcdUjoDPisK7,אמריקן דולצ'ה - American Dolce,
7114,Mucha רמת גן,Mucha,ok,https://res.cloudinary.com/dn7vbd6nn/image/upload/v1783345890/restaurants/google/restaurant_7114_google_800.jpg,restaurants/google/restaurant_7114_google_800,800,1067,266593,jpg,2706,places/ChIJnbHWpa5LHRURQXAFEHGMlLw/photos/AaVGc3kzdViM5hKGcdVQxOy4J4zti4TQs7IaobZCh9spS-_yg1yiPM1sdbIQ8OINamz0pwjKLjCnQ_27kxcFJbKjSPkGvRWgnHFVq8PT6wzq0Q2G_gDIETx5A9xkr_UBy0ccfKBkQv9fLRUNDWsxJwIWqVdS1t1vEvqSDhk-GXzPL_aeT6pNWqwQV1BfXGADJlHPwgiZWpG-y7Bv_dFvGdMJ4WE5qSFbgGaPKMZLMcO_4xn-QX24SPgPEtOMDtIuTg4AfsZeaJGcFhrhGKmy9RLEgXrnyOllaQnjNn6BamOMoDqW9MnJNDTo7LU_yW8jAemQAP6ZSkLYePU_RbSd002P9_zsRcQgIyH7svzvklx4eAA4zsIPKvch_neCI_9gvlRKC59EOythVyrppsRGQFzwCoxM8P1OjRjncPYIjt7yggfjPpmb,Naama,
7141,וינו | Vino,Vino,ok,https://res.cloudinary.com/dn7vbd6nn/image/upload/v1783345893/restaurants/google/restaurant_7141_google_800.jpg,restaurants/google/restaurant_7141_google_800,800,600,183326,jpg,1928,places/ChIJdfkRziE2HRURtGGjJm9TT2g/photos/AaVGc3nGJVJHrAVjZxLfO6TUHtY0JCtCA7usyHwxMKJmzblyYlVWHHnBd_aCWhhQKNqAjWIDJLs9eGLidR2h5j5fmUizM67sQSs6hHcO61B0Svy_WbcZx5dSx6gxA_3kPPyuqSh_wkjcA-Dafnf4o_qfnfMHJqJgkJlbKVIxRzDOWwFDyClPZP0ZMLLmBgOJ-mixU15qluGx6FXtVSCWgSeKV3yLXmYKNxk69BY888Io_O8Dw3bgwwUswodO5fcgxWHvhDqeHfwKTdyjgRXnJCECucpdK2K9QG41NZGNqplfDtnrhS5D6Lw_M6PSAZTCQLLCD_0b51V4rCDmSW5mL_lxoHxSF241n-qhD8Dv3LTQl4j2uCPITP5flNKUbT_RBN_SxFiU0XzJpbfKHuybGV6BQlLIciV3qbH6xG1vmnlBtlY0KPE,Vino,
7166,Ein Gedi -Baobar,Baobar,ok,https://res.cloudinary.com/dn7vbd6nn/image/upload/v1783345895/restaurants/google/restaurant_7166_google_800.jpg,restaurants/google/restaurant_7166_google_800,800,602,264620,jpg,2006,places/ChIJpx97GuMZAxURMNkp90idUWo/photos/AaVGc3kI1h_rXVCb6jph8doRTK8DTPCQL1GCQZ8awuJjxl63WC-3DKPA0L9ZqwkSICOL2PnBHwxVZTrDDksltqTwGSnVVvLeWxRDzys6e7kuLSl-UPDrTQXTuivMHMfBqpZFXlYiZ2hrVayvPWAUtdl2eAf_UyAUFxSYmQqjNLn2xIOLg-vwyz9HOet_ie1Kc2QSfGWiShifyWdOC-NP5XOpyIbQYLua2Nad6qwM1aOGul6sWIOo77TBZDRWef3p7oeQQtL5cXLiJR-NVg7EwYtDAXG1Mau86xx8E3rFO3fNAS7TIthKu0oocAanU4nwb7bUQ7xjr31-Oe5IQf_Oklj4yqB0e8rXAtA8ZaLoAuHZcDwUPbmyMofnQ2jDkj2CgEPHJbC9FDP_rhjXr2ZIs8gMXtlBn9N6CY8vwCesRCNgIWljNsPX,Patrick,
7170,Jorno בייקרי נתניה,JORNO Bakery,ok,https://res.cloudinary.com/dn7vbd6nn/image/upload/v1783345897/restaurants/google/restaurant_7170_google_800.jpg,restaurants/google/restaurant_7170_google_800,800,1067,305300,jpg,2209,places/ChIJ5UkDqd1BHRURuOI7Q3cNeBU/photos/AaVGc3leXfRX1sKY7djClGVW9Hc0l9f7Ok3tFqpYHCVRP7W7UpU1R-G9dzRegBYGM74yrlEKGqYW4LNKLBVZVG6vQr0FEUnqNgRhxitcqQamypilaqCmp4E9luntE2J3aAo1-SJ1VkZjDcpWJBrSHP3fLweN8wlnUk3I15JvgCys8xFQ2pfutY1eI-qYcLyXeyqLUZfyvEa0s6SWHqYX87Ak9tOQGtKIeSPODteWW32N3CjaCjzgfE8QYidj3CjC0yT9gpZtFalx1PG0ni57hIlkS8IWM--LJJtD-v3u5hetDHx1UgkkCPVxt0qrzk0eZIXX7A_QsyLgt2ChPySEno6oOSn9g_Z6OtVZJuRMReKylF6TLVo8PNcgkucJIIGKOy5tCxzR4-dwEA3ol-dlLnv2PReFNXRbjwXx5CARnqczZ9wRcJpSCjXurxK-oGSpjM7N,Jorno Bakery,
7229,ארקפה קניון רמת אביב - כשר,Arcaffè,ok,https://res.cloudinary.com/dn7vbd6nn/image/upload/v1783345899/restaurants/google/restaurant_7229_google_800.jpg,restaurants/google/restaurant_7229_google_800,800,1422,213235,jpg,1949,places/ChIJMw1vjF1JHRURhX54WUugKQo/photos/AaVGc3lHPIOOMIPdFG78lT9Nb6GBTT1y1Imi9S_zQy1TuTQujZD9HvgiSOm8W2OlJ3jn623pAJuKveUWJUzklszV6qzjb7hVhUHA91V2LQOgVZcqpsGdJ6B7dU31ExZEPK1iCUYaCzjjkoNNxzeksPhHm0VogB_0_u34V0MrPJ8I-CzO8_Mwu58rFNUPYJYP4jSoWhVqi1Dkg9fne7g7DnyMP3gyBT0WNYoVjhy4lYUUHpMysCdWCw7DQHQCq_ih4Qos2bESDTv0isgZyoksznW2jeEUJNvOTYzLNYFtsfV_vDmGdT-j-IyLDux7g1zUS15AQRoxeDo0-4Y8PNZEaGuNRotchZ2i5llxnpo1mRma13slCwgaO3uesev-kPtPJWHv826Jd817h3I1F2cR4rK2cBZrnNrmy8FqpGwkZOT98HRSBQ,rupen rai,
7258,דארצ'ה עברון,דארצ'ה פיצה בר עברון,ok,https://res.cloudinary.com/dn7vbd6nn/image/upload/v1783345902/restaurants/google/restaurant_7258_google_800.jpg,restaurants/google/restaurant_7258_google_800,800,1422,440929,jpg,2852,places/ChIJX508Ub3PHRURFep6nx-cV0g/photos/AaVGc3kkKWeace2Khrp3DAWwizbrs2VPV8gyqM7Rzas8uE_utSMt9tbNav-eWl7xnHhtk3r22l0pSM0Xe2TbWb-DXJkB2PTW7EdGu0Ji_RGiRD0HcLDc4tB8_75elhfVSWW0g6qJOjbSOTBGB1NP9apmf4TTb7nX3DvqiLH6DEsQFIMXAKRtI4lp_rnkIU87cYgvnWDczYxwdlkWcsAl6U929mBl96q1lxj17wxQaorWtyGQUv66dPQs5O-rzE3DGw4l2bfOKyDcfqUDW6BBnIxM1QXFSxUr1lGlHShzwBnvFb3VJhLEngw_l2ryeP6qiNzeF2zlDED7vJMDj1XwFo-xnP7msT6bOpAqjfWsRwfeyEEUyDIA9B1k7RBvF0upGVst6po2wpi4VQsDeQi5vd6vKmV0DF0BKQbSAusBCNdMHEq_d17RNazvhPM4LwhVTfF_,דארצ'ה פיצה בר עברון,
7299,רולדין,Roladin,ok,https://res.cloudinary.com/dn7vbd6nn/image/upload/v1783345904/restaurants/google/restaurant_7299_google_800.jpg,restaurants/google/restaurant_7299_google_800,800,600,158704,jpg,1867,places/ChIJnco3Z5lLHRURltNKXc9rGL4/photos/AaVGc3ksRtSrdaF0JUeUDht66vncDAuNRBmmnDDkOrKYgW4PFWA09xlQWsvJtvWHSRu72V9ueTHgJSNc_5qGi5BwcMtRwuUNaVdVMk2O0YhX5fcbdefVinQlk2LyX3IoqHjJpZoEgDtTrfHzHAb3RNeKCaTsgNxDkDOrYcwlyWowPEU8iprHqTdYeKKHUxUjghGmTeA978zc-4FH1blNtM8X5jKy6HlOD8LLNxjlc9PjfwG3i5VkvFXbOh2YFvizsY8z1Js3rrGKDLBpttUS-ivDg1zuVy3Isob_o4qcPIDptZllySnQB8PX5rJcFWC7dDeEoVLUCmeUuB5EosJ5-x1iCra_60WFqJBF0Ad3CRuRuZnz9uSTGYKlLn2qkyx7nLNXIO4MZnmblArkdGbx1T7oVhQVb_Q8AmsypFyca53tEjH-Pw,Itai Lev,
7312,ארקפה,Arcaffè,ok,https://res.cloudinary.com/dn7vbd6nn/image/upload/v1783345906/restaurants/google/restaurant_7312_google_800.jpg,restaurants/google/restaurant_7312_google_800,800,450,144159,jpg,1997,places/ChIJRcyxlppLHRURFmEH05ztd50/photos/AaVGc3n5HbW9O_y_cF0WbItKB9FoI6DVLfDJ0BwDHTkEply3J2THudaaLyUsWgsB94nRF6qM_mY6nX88iJWcElBVRrIyH_j-kwhEeE9TocwmYClBWxZwqUC041MdHfyrTH6nPBDGuZpzmTKAKdAH2aCFoIfKQ7VjfF8I17A5BMTi0a-S24_2w9rhpTj5Z00vdqLq1v9k_xgyP5iJVXBzdg4ACqp4_LKl6TRsouxOWpnulZEeEmMZ1I9z7MfxQ1MjHyu7gXs9kb93T3z-NiSXZms1714DFKt0eZftse4-f0hz1WdlpYf-Wi0uys8YUvgymBIrELQ7mv2wako1xuaLPZgui8NVliMqNQx0zE_I8xyNfIX8vp8e8V9EiaNQ2EQP3bAaWAR9eWJKsKqdiKjnHdeVRFBDDlBojPnKmHxRr63tpqk,Ran Moneta,
7322,פיצה עגבניה,עגבניה,ok,https://res.cloudinary.com/dn7vbd6nn/image/upload/v1783345908/restaurants/google/restaurant_7322_google_800.jpg,restaurants/google/restaurant_7322_google_800,800,836,156945,jpg,1964,places/ChIJnco3Z5lLHRURO8I1tQ0Psx4/photos/AaVGc3mj9lltK9vj9KFr6rf4opOuAtIHA2MezGtUKBSF6b70zr8CnfXfc-YzxqhfIGvZPH33hXmwj7_VoSEy2C25eOR_HlsT42i_lBy7z2vYmqzKEa1k2_OPyI2VAGodOyNvPOXrAP1lbzOonmQrpbWTcZ__KWzXCM9nRp7Prsw4_AVeZI039z0MWI1bKwsT4FB28iqSUCduhimgDfuDwz8y_g-Uzoyw7Zp4R0q6jLbJ-clLULAvPBuIv9Wti_iOhNG3q9XJD-YMVok3meZNSGAoejyyDSN8OAZd8XrpgS5V6YpAZeSCk7HQ_BLmb_9AhySZc1Z7BNnrVdpzuCj9Iqbvh9JuPacb3frHfV0G6AEvB3j9fLfn3n-C6BDjEfaJk1yfttAMrs6OVMcLg1Y06-Gtk8udbOJTmT9cx_bW42qmmCRC-Q,חני קרסיק,
7323,לחם ארז,Lehem Erez,ok,https://res.cloudinary.com/dn7vbd6nn/image/upload/v1783345909/restaurants/google/restaurant_7323_google_800.jpg,restaurants/google/restaurant_7323_google_800,800,370,118819,jpg,1444,places/ChIJKzh_EX5LHRURjRW3oiLMcYI/photos/AaVGc3l4wp-RikvnzMr-9D7hp4GaMI_CsCyC_31BnZ3_BTtjODhYMcGteL_-OMomEpVEPngdt7WimayyqN3OOX5J9RsC1uwtwZTb7YyjwjA4Xpsni-vYEjxkECt9l31nkMqL7n_j6hXOpqUfFzRvqRSJtShJyH2i5tcE21omv977SLA6PTpg5Nuz7dQDvCYtK4BS6O1OZtYyZMderIWlcGqDYqbrgfuKZxS7xsfimE3PV70Y6hP9X63p0-3u9EgAdk0lxrm8flWIG-Yqi9EYrWcuyNYGgb3K3hZwzdbzUTFPw3iK75yakeyi3N9tLomN8NhE7i10HxOM5JzLce_iWRM0kUmTZEuMzgcfA_eoD573YV92GAAJkFRELDXR7lstLLnUnaL7cmTwl8mdnQv63zUIhfn5clN2xeJ8UYP6fidicx6LqA,Rachel Ginsberg,
