id,name,google_name,status,cloudinary_url,cloudinary_public_id,width,height,bytes,format,elapsed_ms,google_photo_name,google_photo_attribution,error
4705,El Galpon,Galpón B,ok,https://res.cloudinary.com/dn7vbd6nn/image/upload/v1783427478/restaurants/google/restaurant_4705_google_800.jpg,restaurants/google/restaurant_4705_google_800,800,476,94695,jpg,3273,places/ChIJnTfQ0R3LvJURAyGldkw9Q4I/photos/AaVGc3nDBHh7NZ1kAlQpJpBP74HbUwBxh_rXM05thkA2KKLHWwuKrsYV59rnaVr4zVfS7VAUbkqImRPsuyt15tP-klm8E6z4bD-Buw7eCylw5G-YzXpoTQFFpoYaVz_vLQax6GHzxn5pbmoP7PALSTbddB6Szma8UlICSzw2Wa3vp1SYilrMGeAipfoAq1iDhUAMV8HMnZCZ-0ixnnpRmHodjrqXf-CZHi7qA9K-jcJ5ZvQz07phP2EHVXXt6pZATHf9XIua44dhbKWNXO42QaeT_1WEe0JonhF1KD6xj7fKe206lue9lEIz7WvxH9Fwo1XLcY-ADZLNakpNiaewhgulmp-J98xrPTsh_8uCCgB5rIicYWJN-6CbJoIsGfQNdqQKU_RJ3WHd9iEtQanD7dn_DEei_HQlJ9rm_jeXuSeTfDaNpQ,Marcelo K,
6405,פיצרייה כשרה  Pizza & Co,Pizza & Co,ok,https://res.cloudinary.com/dn7vbd6nn/image/upload/v1783427479/restaurants/google/restaurant_6405_google_800.jpg,restaurants/google/restaurant_6405_google_800,800,1067,222568,jpg,1741,places/ChIJC7HXQRMKxkcRUPNdykqjgTI/photos/AaVGc3mx6njpRT4IkXUBPPdrlMlfjDr7exfowNwN-_mYOuMtLRLKwcI7Fe81eeRSFdn7Cmz0GYUpK_BZchPtGwbATQM94QYtb2A7ElcUx2kXDW7AxzcPNaeuiOQYGBFCPMqXuf4w1uqhz1twXVXSfNHm7NPUEBJfbUSp2LXQqMP6wywYawwUIW04wrILzUwpe1n36da2YjdJucx0eQFNYs848ckqS83iaUa3gjFUXklkfseQcm368PvoZyXYC3hhrnGRCjqugz69gnGxNk1f1TxDZHcx2fWvb8xtx33zVyxNWb6oZfUKxUy9JvS4BD7WSbQgMEFgqMF-y3ze-2s1qGJ8bub-XHEBLObpXmz762_A4HteFEmWXMRMPaOgkqhtqVtNg2yEqYlGkYV3bSzM_wREGjeociVPo7xEXNVkZo2GSRYWBGo,Eden Berdah,
6406,רימון דלי  Rimon Deli (David’s Corner),Rimon,ok,https://res.cloudinary.com/dn7vbd6nn/image/upload/v1783427481/restaurants/google/restaurant_6406_google_800.jpg,restaurants/google/restaurant_6406_google_800,800,600,104112,jpg,1625,places/ChIJ-UF7FhMKxkcRnZB28492DS4/photos/AaVGc3nKM9OUULZovq6QREhQBlOX159Y8nvlIJ8DttSPhYsNxmZswIwZFjLtraKs9sbhUO2CZQOl2K6qBwinEfcUusVtsAE1hIKJyrnfx8RHISVPKq4Do5UpYLDoFAiPAPnNz4zoVXtPbvDHl_huX6fqGS04DJLlaHelV0uokqI9gmcIRlIQEIfxIv_Pmnd7jM2MknNfJEnNf2KW7tk_wf7SJsf9jAhZMTHSWqOqA3i3rjoRuhzEjnjBHd2Xv-e811LWbeQwzxJFtPrbzEO3LpPZMplkxJrD5KdcR7U2K40RB4eYQSeByXCz3Dx53yi6Yp6AWk-pm9Xn3IEsGw5yRhWpzG5_lt76k1dJgVwIDJVQQuo6nVvD7nmb0MT4bUTxzp2rJAjpKYE2fCEXUBK30ZST4XVODDMNPo2SupfCImc80-XHWg,Ralf de Jong,
6407,מיט מי כשר  Meat Me Kosher,Meat Me Kosher // מסעדות כשרות באמסטרדם,ok,https://res.cloudinary.com/dn7vbd6nn/image/upload/v1783427483/restaurants/google/restaurant_6407_google_800.jpg,restaurants/google/restaurant_6407_google_800,800,600,155418,jpg,1740,places/ChIJuzduyJoLxkcR2EjOzmCxD2w/photos/AaVGc3ld6rqFN8Ua1UgwcUS8xI_Ajp3xcHUefKy7R4Uz2QKASzeFwyLfyYQpURsQxnaEYruSH9epmFND5l8yJo6IJVf2Etey975IJljdvLD8Pp0535CfHa7--pZlURegZM0v_NHMD5dpd9fkdhKC9SJl5p11gCORw-fK4Tkb2Xh4saFzOrzNEUL274-BvxQBXppSzRGMTosEzYQ-oLeZg5nDTAFnTNeFy9koqsmAh7rrIM5dFbq5Ky-MVXUSXMHcWYviNEFydIrubuCV4ZYRTtZno40D7Ii6wXMLKP67PsjKO0DCaLP9RfWty1E37MOA8_NGc4MU_ufTnEtgYids_PmRnxWMi2Lf8gzRkYhEUitPooSaQsczwKk4QRksVeclWIETUBP6TEZyjqyF4Xm8XKTR2t7ISF6bp38adKn0_KCEugK6XqW_,AHARON,
6409,סאל מאייר  Sandwichshop Sal Meijer,Sal Meijer,ok,https://res.cloudinary.com/dn7vbd6nn/image/upload/v1783427486/restaurants/google/restaurant_6409_google_800.png,restaurants/google/restaurant_6409_google_800,800,800,1417602,png,3680,places/ChIJl256hzULxkcR3kwpuWC2xjA/photos/AaVGc3lYvThMoqXbAvJLOWhsU56i8SSL4w9nh6eppUWJ5L6Gwalx2QI2ello2K8BW8siZQwdqUjUC3iba0csqD1Tl9IiBlnK72QT5RK0Cqbxev4800gHECcgUvOIb2y3wrMBHURbD0ElUIErAgPuwRlRnMWgTkaGNSOTq6qM8xroCp8_973AxP4cpLoyySfJO-fp3ewSx-ErCIiIUhAeRm5QwGLgNdAEwpSKXwga-9hzDLuwikLoHTME1F99rJstn9HVj3Xi8llLLl8mw2jK5bR3M1Zp2Ew433RXo15AynTFjZ9-mnL-bVJGNv4sXt3zmtr4B0lhFHbPQIF7z1Fat472oZKuX981h_ESV6_Dgr4J2Wt5Yu9Y3LB-Ncn7uvNo0WKhQgqTkD_LKnLbWlz0KFvwSFBuvA_CiNsdhbRtnA5Koh0,Sandwichshop Sal Meijer,
6410,חדש!  Food Court Amsterdam City South,Food Court Amsterdam City South,ok,https://res.cloudinary.com/dn7vbd6nn/image/upload/v1783427488/restaurants/google/restaurant_6410_google_800.jpg,restaurants/google/restaurant_6410_google_800,800,534,113415,jpg,1843,places/ChIJD7XC7MoLxkcRy00GjaxgYcQ/photos/AaVGc3kYAheEguSoiOFHZ-rM4tZ5f00KlZqVNj4tFbK2eT3NTSt6leKW0qt9GiizHUOCwzow4OXBxQ1vgU6jurtRnLItPdt9Ml34c-kSb5xhMSKu7b0tq-a1macGC7l79FHG0V7FzNJFHKTIdRz7m2BpCGqjreohSnEnF4TQ74ortOdSyJO2uAw_uxSEFC0EJ_Agzb1PVGt5RZ8JF34oWdl3J-0OUEcI2OQfo4R-wMb8OBQwH1PMP18O_Knz6CMlRVL4Ws9TP0zp0MFHj-QNRqTmkLnWkHnjFIMzKDSNK0B2Wn5gC_IwuNDkNqU98GYee9IPxV2hUvxxR0s6JYyEixOhgs6TGr4JISt-lUoibqHKaWjdXfycHM3Ehc4WbZxDYTzpnTaGyGBxDSGQq3HwPCGyjfVIsxce-BN48BDsWfWJnf92gFTesZujmAaJbiWZ9bHE,Food Court Amsterdam City South,
6411,מסעדת מחנה יהודה  Machane Yehuda Amsterdam,Machane Yehuda,ok,https://res.cloudinary.com/dn7vbd6nn/image/upload/v1783427490/restaurants/google/restaurant_6411_google_800.jpg,restaurants/google/restaurant_6411_google_800,800,450,106925,jpg,1329,places/ChIJp4cIkbYJxkcRnPmAfWkiKPg/photos/AaVGc3m6PrfxKONp7MEl2waKyc1t3H5enahrOqPX870GL7f7YrxKo7An8JV60W2agaiiIpU_w1D1XrzpLYjKE1_AYNyUm4hES0LvMhD1aUH7VINAm3e6VBIiuyNCDLnxrmYqUzbfZIPN5m1fDOMMwScf1NzQWVZrTo1ltwtR3_DmcQlQlbOdYywvo1eXNnTecs1gW6s8d6dBmprizBWfZ7h6YVf5y7_rkS1brl5fhpR0EByLfLAMjcjeEKLL-hgRTaVGEWNEHv6P-H6igSs04vwCf1SZHRYKHRPFGoYWSCQIt3O5iQu97G__hQsR2XsvVVAuvD009pKsN-bK8BqQ3UnmTFeYcOrlhg-lo0Ji3mP3MVNz_Pd4mKy6WVP4Fi60p9P642TDD7GnSP8RgOL4aSzIe-ifTq1jJ7oQm-DH1x-5D4wQA7GpbvqH65tKI5ghhwaS,Michael Ratner,
6412,מסעדת לה ביס La Biss Kosher Street Food,La Biss Kosher Street Food,ok,https://res.cloudinary.com/dn7vbd6nn/image/upload/v1783427491/restaurants/google/restaurant_6412_google_800.jpg,restaurants/google/restaurant_6412_google_800,800,1067,313619,jpg,1942,places/ChIJye_skhsJxkcRRSjEcM7zAkQ/photos/AaVGc3kfVEWExj4zrdoa6Xn2cK-0zzgrMk3ZxC-9yVjRKE0K33KLWWAR3nN401nGjmITvHuuVwQ1UZm65c3OhumWccPHTDktJ-8Fz31wtRIUI0Ck62ykpU-ZztYDBxpzws4OmnDxbwktlvBfgl1pl5eo7bsK8DsFseFKo2zalPDrMci4ZBY_QjiMpnbdg7qxfsYFPUEAF_s4FJ3NarS51vaVHhBKwav6jlzItjoudLc1YPLmbrv3Wt8HVXyuD2CvWDDItBet6zYqKzVGRVGujNSFrtC4OD9q4K536d07IK9Ry1jeKfth7noxxQ9rPbz973rI7ZNnSN23RomwYm6sN2mIT3dWi4vNdbzNxCSxThsTIY79bdgFe3KQAzVUvRdOLwLVWLfDeZtNa7WWu3tt-lEb-IY5duVXJtUp1dlaeUtl-MD7kQ,La Biss Kosher Street Food / כשר אמסטרדם,
6413,La Basta - Kosher Street Food,La Basta - Kosher Street Food / מסעדות כשרות באמסטרדם,ok,https://res.cloudinary.com/dn7vbd6nn/image/upload/v1783427493/restaurants/google/restaurant_6413_google_800.jpg,restaurants/google/restaurant_6413_google_800,800,754,236335,jpg,1332,places/ChIJM8fYULEJxkcRo4z9A4McsEM/photos/AaVGc3lwC7KNwhlUkZbUG88SDXC6AZBRXwtveUmyqYGxQ_y9QCfpqu4bSFPszA-5zySvlOryzmzQA9fG_w7HGvZsAk4M83-fHjhEV0XxbAEmm39yvEfpqqXE0rzq9800e5zeYtzy12vKEb3FWBc1MUxHq__ex0eQlelZ2IlGEJgFK9203nKSomv4gDFpV7_5cBDJghXTtKVx7KQMMwNr7jvsUJ-c47TJbUdS1o-O5-hH2Y82Np2qemEauuZqJ94P4Yu2um232SpI5mMDKBWJDNimTf8kGYIu9G3CrIyVz19JBWbtnb0eSeDLPdE-Bet9ZR4XwNxAlSXJmBhJSNNyMYXXyCyhSdFjGVqoI2wZssx3zLo0IpUAUtc4JHK3GDwEnJZKI20bgoRLh58yJgCe7_4Cu-_dINORLmsmSgrxAHg4e6PoMrM,La Basta - Kosher Street Food / מסעדות כשרות באמסטרדם,
6414,צרכניית מאווס  Mouwes Kosher Delicat,Mouwes Kosher Delicat.bedr.,ok,https://res.cloudinary.com/dn7vbd6nn/image/upload/v1783427494/restaurants/google/restaurant_6414_google_800.jpg,restaurants/google/restaurant_6414_google_800,800,600,194400,jpg,1327,places/ChIJVZ_6dWIKxkcRW9s6sOiJ4H8/photos/AaVGc3narexA4Etj74lnTT4sP9DPZfxLJ-SX_3kZuCUyhvTBPpL8jzg9jcqQo1BZiz2vqgZqHzwiix26_7cyHZGjIqpA3O7gU4blBdsIKXE_cZBxjMmBhXnt1P44ziP03DSXJInE104RodcFhWMsx7coCBCtrOAgaK_jjB8E7KuHJaGY7fCi71ZmUegHj1kBOIDYCn4JoXW8qQRK0d2lZOyQ_vJkln1AVj2sgCClq0a7qSIy1JsD1jVOdtElq_sW8Wr5YSc4Ppvvg5iLGQ3u2WE0ivwr7_oyBiBn63R0iur7Lus1A-QRDkcsan0L79h3Yhis1w4XG5ZrQwNvM31cIj5Zwgd-CRpeWMVHgfFRF6ThxXr8DCGOTmvyA6xcy031k5lUu0NyjZHsi9jzuR3FPTYe3119z3i-ejIVF_ZC-U9yos0,דניאל יהודה - Daniel Yehuda,
6415,סופרמרקט ג'מבו  Jumbo,Jumbo,ok,https://res.cloudinary.com/dn7vbd6nn/image/upload/v1783427496/restaurants/google/restaurant_6415_google_800.jpg,restaurants/google/restaurant_6415_google_800,800,600,154452,jpg,1435,places/ChIJmzmy5RQKxkcR96OSRPw6HZM/photos/AaVGc3lrZ0M0Uz73iMp3h4DlhDSNZfTD3AyHnLOPNUtzRwlMuyp2t961J455tZ1ePLwvp7jBhrR5avTOFpGB_4_7sWoCy7gy1htmjQkrjE787_Y0SCRLjpXN6hDAsfEaA6iP2zwLqRQi8bDd1-cEZLpXTUXT4Mj-mQM4mDOb0nRnwzt76JrClPz9dkRLL40ipH80Zy8cMV86gl6ce6MpIOKUnuaGUmrs5Msje7-Q7P5IoZdnqwkVq4Bq9mMmXEQ4RnKYc2T22jIkY4QOLnA2zy81WG4L-4Csiot8LAfCANveQJEkBjuV-yCfvKr6mGmKA2P0ptoom86AHSpTariBo-fCJgY2LOzLplYm5fMO75Z1ZukYzHAbS74bfc26mTGp9wot_cbYSrrGq7QQtpTeMTiypU-km3zIAKBQ3Qv8IwtnJYZC5A,Marnix Pieter bij de Vaate,
6422,"בית חב""ד מערב ברלין",Jüdische Gemeinde Chabad Berlin - הקהילה היהודית חב״ד ברלין,ok,https://res.cloudinary.com/dn7vbd6nn/image/upload/v1783427497/restaurants/google/restaurant_6422_google_800.jpg,restaurants/google/restaurant_6422_google_800,800,1600,244820,jpg,1735,places/ChIJeVLtCx5RqEcRiRZTKh1ms2g/photos/AaVGc3mFOeiBTglG4XPNF4DR19Yig6sV5yc5hMbvBR_iQXgv3wm7AB73VNua6TRhjPkfdGHkEG2Xp_sObGRkPsqS2fxV9f9rWm-Q98nHU7-RC29GUHX11fbKK_IfI-URXWbfejwHqPFhqTcJaCvmacU-ze15hz6nP6PmFWQe3X4bV_UGi2-_SbPaSztqjM_ER9Vl1kKlXZVWoUAKeDFxz7LSChgq1yiLKj0nUlCGvbXa5iTYN-7nVDXqk3cIeMStzuo8-q-QWdX3SgiKmwA9OH3NwFwiIzeEiTHsWazrbQxVPo6wazOY2y2iBgVmuRgAUxD4fOzISFRwZWZ9VexB2Ob9zarqvyrLXQwUU-yCFd21NOZtoNOMVNPXbibkilKv3WI3T3dJyCTXRHqv9k3Z3qc_LcfJmG6-IFZ7qXVYoVtRQ2pPC0Yi,Corry Adiv,
6423,"בית חב""ד ברלין לישראלים – אלכסנדרפלאץ",Chabad-Berlin Alexanderplatz,ok,https://res.cloudinary.com/dn7vbd6nn/image/upload/v1783427499/restaurants/google/restaurant_6423_google_800.jpg,restaurants/google/restaurant_6423_google_800,800,600,100176,jpg,1123,places/ChIJaZpFHxxOqEcRaYGCKlebIfA/photos/AaVGc3muAwE2FtsIAWu_vCNjX94_qqNRV3QmMFOHvdZrTK7vnlzfNCKjtzjjeDzcuPWT2FItcCj5P1JEpH7iNPTi8MHP1ZpJcpK0WTFE_p2pcbS-N7hvammvMi2pB5veHpezYTXgmxEzy17Hm1QAn-0jt-VAmSxUvt0BOJW47bLCqu-f_5sAufi3kyn9hH8PxIPqQP5DN7n6Q2xKJwOFEJJ470zsysVc-gLEjIUequZHhRFeYEKwpxTpija363fOl84-OYbrNdg_-M9raNRpO4qRwfNc7jekUW5GK4zBeVWQMUEMC0BriJsbtxeU_zCVw65hj1K8aNDpfCCGrUWW7PQ4e3kCaoa1XMLsREARgZmdnftPkOWhkNyMGc6OjgIyu7GkwdUV22qGd8-uc6AvZF9QY7hYv3TgCqBJcW21zVA8klL0lg,Bar,
7338,כשר פלייס,Chabad of Chiang Mai,ok,https://res.cloudinary.com/dn7vbd6nn/image/upload/v1783427500/restaurants/google/restaurant_7338_google_800.jpg,restaurants/google/restaurant_7338_google_800,800,600,94745,jpg,1231,places/ChIJ9-1knBYw2jARdPnlo8nsV0Q/photos/AaVGc3ktRpevZ5vmSgySzZuXCvodq8ziDocfsKkTIHQfyoZuuEGOvAwIT95XXNNITdOgwOCqfwMMi3DJ7LZFvN3sMuXH7o6A82UvgVrOp_Y_pl-KPbsYqchAuAUSV5IG5XK9J1mNghk7rYJoIO7XL253dEe8b8VMKWuWizrXu9MHoT3avcESNDGZ7xY17aVwlPgKa5XMIsNE-JPJVKLv5YWXeqI1uyY0K73LXMSbvhtAjky00iMYlpGtxs_lXtDC2PKsfHsXDcNUbPVL8Dp0t-MrOnsNQJxdTmmmUKQRvs2reqQH-Z1ilsXQuyVTDbTAwRh8qj0x6ukmv--1q-BqGwWGUMBe2LuEZFVNhqaOpcCwID1lcZSkkByfw88B8MnxRvShaJKQ2GCDpBe3MdKTMAAbkbYTUpDLlYKoyrxn08p6xYwhAA,Moshe Borisute,
7339,"הפיצריה חב""ד",Kosher chabad pizza & bakery בית חבד פיצרייה מאפייה חלבית כשרה,ok,https://res.cloudinary.com/dn7vbd6nn/image/upload/v1783427501/restaurants/google/restaurant_7339_google_800.jpg,restaurants/google/restaurant_7339_google_800,800,450,105466,jpg,1737,places/ChIJZfr15mDxVDARtvXEtpdLsew/photos/AaVGc3nEv1_bHQqBx9t0FNbk6HaKiXGoAvThNXuMzfciT7KiHh7mwv0yXBHAlHpVNjoXPF8h7Wy7W0cildCCyCeaHE2TGfl2wFvLQ9bwxRZ0Yb_ecY5IQzELoFaSHCQFgt4pApbTF__aCAnUlvXrRDGlTuZBes60__Y1tJs1wQiqxydo0LPVtvviadlx67gysQTE4ujBD6I0e1C4YeZiNtnZE8BjwXy4Jizapg9ws0AjinhIPW3pJJffgV6DHqmFGnF_FiHNVhGV1hF6zxPBKTn1ez5rxyx_DZTO1RwgnUIiOXZfUQEGJRYk-1atgRuowrHb5kQvSKXTa2rmynH_TJVWRXaWvGMW9omly5Mi19VFoPUVceCv_Xu3VJlv8VQK3-4A8VzQPPxcnti2iyr8XP0ngDhq04uIUTr57OqJveR3lGTWAw,Kosher chabad pizza & bakery בית חבד פיצרייה מאפייה חלבית כשרה,
7340,כשר פלייס,The kosher place Samui,ok,https://res.cloudinary.com/dn7vbd6nn/image/upload/v1783427503/restaurants/google/restaurant_7340_google_800.jpg,restaurants/google/restaurant_7340_google_800,800,621,174632,jpg,1841,places/ChIJk1xqyLbxVDARkKCIWyc1JEM/photos/AaVGc3lbrEnXTNtk4jR-sXkxAsgcwHAymS_nx5k9oSuLkpZFye1j4OGnpw5WttsrQAmFemv1WcAlcJpftR6IXKGgO1FkxLQaSD50MOhc3lWuSxIvHD0qywuH4P3JrXJzrs5Vi9h0rgbmGqsyGzg9itXjibvq1y6IfpUvUBNk3JZ_NjIt7oy0Ro1q8qri2N9oSLp-nhjXTENn2-w0MtF65edy7yPYUB7-Q_Z8CrADc4387CYYajXpMzI56HsfzoZMhZ4n5s30neWSF31RMKe_RjBekSyFFvbIb6pM91gBEj9i7yXbM3a3T6hGG8_ExQKYG13l6vjPQvltxeAeAbKyQf9WHoahi9RTRWJEcPuGuyvkddMio2mIv6yJI7Ui4kPgwVjNYagOd4vurZVDq4E_GkjqRzuri-zlTxVfWwpcBk6EAtL-A_2NtQmKGkobuHk2DnQ8,chabad samui,
7341,סמבטיון לרנקה,Sambation,ok,https://res.cloudinary.com/dn7vbd6nn/image/upload/v1783427505/restaurants/google/restaurant_7341_google_800.jpg,restaurants/google/restaurant_7341_google_800,800,534,107626,jpg,1431,places/ChIJMQRXyKSC4BQRzji-dbDR0b8/photos/AaVGc3mCkuDXaJNFOow8zgtYp1fTkvdKqEWKkchOafXehinsSjTAaxnksJGS3w25TfYqpYv3P_-m6uFdLE_R0YD3RAv0OVZ-SXAw8lUODbsMLANzoNPPtZCZFsBpTe1xL7sHGYoeer5jsBfkAeY1dmU1dB6I5xWT5NCM2d2vTcMBLuOi1IEczzX8eAY6S5wraFedOfALAmwDw6_ixiwpNwALLNWXOjuEredcB_KaGQgoETAn0FcDftkjJ9Sy2SVrGr10ELo3Dx1ymVo-LwXaskCm9_Mv7gU6JwypEQv4l6jMfAPuK9d94sNH7U-DkDGDa4NE9TnDxI6OAWihJd9jv9uyZlQVnq6bx-QXVAWbH5osDBLHFe8JFJOJqJPaKFfAiDp5xi1w_d9PZGXJ1GiH3J0ISS3ZqfiIaRTVlcHTUDTIjII,Sambation,
7342,שמיים,Shamaim - שמיים,ok,https://res.cloudinary.com/dn7vbd6nn/image/upload/v1783427506/restaurants/google/restaurant_7342_google_800.jpg,restaurants/google/restaurant_7342_google_800,800,600,103525,jpg,1232,places/ChIJlTXuNgCD4BQRvu34UsOTdCs/photos/AaVGc3n-zVfY472C6h-NF37P-TaqowGLa4Lag5QKcxWhJhojsiUNkDMOZ5bQl2KgGJZ7qvmjqy7wxR64oQXfVuZzV8zMdN49gSP1m5Ybz2Y6Vn8tLe2ukZofFrZQihrheV6jYjx5AAKUAu0O2OthDqL2TI4yJrr6H--hISxchuoPGW5H4mqInKbX69a9gTn53iPNdgEiyCXgBjh4i7oX02NgLLRka0w8hAXeOhjXTL-0bUWEKxnJSrtqeHZByjMOz7i7_1p9S3U4CPxm7ChNRrtBmzSWpRqghLF8Y3LBwCvMVqnjmQcFC-4lvXyrLeBQKUvYIoU4WsgrsuxwUvxpBwBe9q1kWQ_TYpwI38pin24RCahxJRZAI_wg3Puqxstn-QpUnkmOvpYlJEWdkjCKOf0RTBjZCIB4vDIyjaFSAmZD8jDYWp8eaN-ikjJGUNI27w,קוגן Kogan,
7343,"חב""ד לימסול",Chabad of Limassol,ok,https://res.cloudinary.com/dn7vbd6nn/image/upload/v1783427507/restaurants/google/restaurant_7343_google_800.jpg,restaurants/google/restaurant_7343_google_800,800,534,134050,jpg,1426,places/ChIJpwUnHGsz5xQRIw52KPiJ9oA/photos/AaVGc3nvqvBkWdBbhHMVHh_i1mOi3SJrg8Yi_YWBKSoElaSEbBFzj2VYdZtdHpJOULSq3UqPPi7daURgWQjSJSGXik6n_Jw4eLbm2WeqwOGCydPMOft5Y96dsIfsAUmMQqCPbz7C71IqyS8bgDwbf0mYPgi7uxa3Mxt-OszQ4Cz3vI-VyiXHKcKaVAjOXa6kzq6YL14rGSbXTjJDrYi13L1agfXIs96K54cJ0aQFqS2JdA1SogFnOZP3rMBaWL0m2Oa9SVN5o-CbB6rDUpq8hnYUKhO-et2CSm5Pu09xvlcHXxRYcMG3QnkpQWTyJpR0PvIRULnEj-yTfaOK2dB0T2DeoUQuUvt_OnywKGrj4g7lB69foCH8CDS13ervq0QwJ3ccxYaoEbzqXX5ctfiyIGOUfixBoZZjRb1GPZLgATApHEQ1evKzc2VXcOaYaQbJwfyh,Chabad of Limassol,
7349,ANOCH,Anoch kosher restaurants ( אנוצ' כשר) פיצה כשרה,ok,https://res.cloudinary.com/dn7vbd6nn/image/upload/v1783427509/restaurants/google/restaurant_7349_google_800.jpg,restaurants/google/restaurant_7349_google_800,800,600,117100,jpg,1304,places/ChIJ_47v2DQH5xQR0CbX7C4on18/photos/AaVGc3ndYtTQHyqicVSfZyiRBOB7VYd1yBq3FBIKDWa85NzpnCfjQF9esOwmrW51jOQVrQAnIOR28yrjS0-8FNR2y9mXdHW21ONeVWFlGgVawReo2ChWLgY-JQQnP4k0Wiu0TR4cITkHXZhWzK1zSa5UV12waLQKIA3gMWoq1YnHtUmfzlRuQNJ7tdfZlWwxyuJ-I5BiappZ_IRfc8hy9pT5UZlWsF_dk2rRWrnHJcWVrQAaL6VW1XVDFA_OKQWcFnoI_JjbpJl9vSJ6lazyBO014R-rj1Gj2gwuInVFyFJTHnOn3MCTEc4cN1DOMueo5O5D40G9NM7k8Ym4dO_Yd__wcViLNCFGdzVld_YVC6GpcSJLZixq4kO64EUOK32UofGSllN2A2i6SYdBgp1KfC46XSUhOOmJBmORAWSArdmiwLij5dEf,Anoch kosher restaurants ( אנוצ' כשר) פיצה כשרה,
7350,"מסעדת ירושלים – 
חב""ד פאפוס",Chabad of Paphos,ok,https://res.cloudinary.com/dn7vbd6nn/image/upload/v1783427510/restaurants/google/restaurant_7350_google_800.jpg,restaurants/google/restaurant_7350_google_800,800,599,150924,jpg,1457,places/ChIJW0Pu0vsG5xQRAqPn3DVhKJQ/photos/AaVGc3lDYwESjfc1JL5Ca3Aodt2P6nl2ueDb0jL8JW9yw6I8Ps0gdlGsuvM8vKudMrS4bNIhKjcjHBPCYeAiRjMPDP7obryJchEGx6jIP0WUM1MtU4ULZjB020wLJA9-adO9_9x__9beuBQtgFgARTzWunl3bK_e_YVEkYuSuD0qefYTX2fDJSomeMLQPZhWF4zZPPvj__azBc2SdpnOpLs-mbLlbzhh6jx1UvtCU9DZvMzLX6QCbXy069WR3z-pdj4LhBLaJcQzZUgOoVi2wj8VYFdlWsePqBVT0E32otsBvHYfwrKstAEJbtYaB9514aoh2CT-Avy1pL4uJrvJvhFS8GOqrSUMJWQ1mUKqpAZS9O2IUdppKdyFGxWAJweoPVXwIYt3xYdSeHcBgCISPoadJFFyPsqWg7s7dXmf9TD43Kuriw,"בית חב""ד פאפוס",
7352,"חב""ד גריל",The Chabad Kosher GRILL | מסעדת גריל פראג,ok,https://res.cloudinary.com/dn7vbd6nn/image/upload/v1783427511/restaurants/google/restaurant_7352_google_800.jpg,restaurants/google/restaurant_7352_google_800,800,526,86894,jpg,1317,places/ChIJSa1bgcKUC0cRyNMRCRkmSwk/photos/AaVGc3loNCOAUfiJnOc4E7bfZo0yc8pkPJ-Q0GdOIULkY0u4sg-DmsHYBvGeQqoajdxHE8x7DZiVdpDLMOHTo82DV_7ncmJsdiwcBrNv9ZeRR_SIBUDGynuWgCJ_3Hz_gPAeWTGovkkNWT64JRM0Kowg9NkfqXBeUYJxPCLqlsXErPOQbrW3xufsj3Z9HwlKq6JTPhJXXJFNtDjOBE_O6FF-8ybo5B2fszOFZ6EWXwND40gbrbZU2fIZYQZfN9oJrEhh0tM2gVeNpvHuepnmMqqj6dgN2KWx_NV2RGcL5j5xlK39ap75u0f4jWwvzy4T_8SSRtbAKd86nfhcuUjMfwaw31QJBzONWTukGWyxX_iZXINEs2bLaySLuM9kZc9GdwCuYuKGLZ1w3KnDdLsE9bR5gXr5ydC8hVrZRPC5TVIdQ4yl1dEX,The Chabad Kosher GRILL | מסעדת גריל פראג,
7356,שלום,Restaurant Shalom,ok,https://res.cloudinary.com/dn7vbd6nn/image/upload/v1783427513/restaurants/google/restaurant_7356_google_800.png,restaurants/google/restaurant_7356_google_800,800,447,615529,png,1624,places/ChIJnWVsZ-iUC0cR-qbmxVb2e2E/photos/AaVGc3mltk9mG9jglioE-yyA7IGe1EkfpnI38s7RGm_KEspWmuZZjPKVZc1f-iLLWQVDTYE5wVNq5kw0R-cl-E_VTozHgWPBTEXOvubElgOhO-l6-LGLlg75uyv0EFf7fGAUdsEIiIazS4I6dvcdep6-3HE34fDQFr5wOAewitigigUNlRrrBluwoeeICaSmS1Nfc-QIbNHixJmhZttHqxfrDmyxwczkcIe3a84MRCwe84QcU1v9k5ukOhOeB3n2haSM9jaRijjx7v3gqftfyxXc2M4T64PZqS5xEW0xWH06jVHfpvMbjZtJ-wvIB1ymzlbLYwF_dFTSUpuF5TkrwsXVq4PLYcevcBhtQLKJShjitP2MNdWvQ99Xrk9V81wfOxZDXZeiZXZE0Zrc-oFBy_1Ts-TzLx4-aB9Ovjv5gxeCiEaeBUbFjUT4A3TdMqwq6Q,Restaurant Shalom,
7411,Schnitzel Factory,Schnitzel factory kosher,ok,https://res.cloudinary.com/dn7vbd6nn/image/upload/v1783427514/restaurants/google/restaurant_7411_google_800.jpg,restaurants/google/restaurant_7411_google_800,800,1067,176748,jpg,1353,places/ChIJ_65-EeTvrw0RV-hl2ti3ZX4/photos/AaVGc3mCc8M3akwE8TTWxEH46eDjY27wjjzLRb8JwwmQhoRTB6-gRcTCEEqdvdNmcKVnzJfGxYWna_kjrB62PRgBCM9bi3D3E4SPOXcvCNUS6uw1RdFShY-M9-g7nJgFO4ziWvbP7pirnUbchJcjz-XBLaI89BFQjw9afqL8G8QvyZFE8T6dL_RVv7l2UlfXBFHAvTEEyRwT7-MhY9-qySBvC21o-aaaZVR7Bgk1sZgfWZrJyl-HC49vB2uw3-n1snKyIDjP0wGIqy5PaAA6YX1vU8GmDB-NbGn8-wATbRw-mhL6a4kToUS6Ra2RPm5FY_7jTAww3VWjvRuKeXo5l6TjI2Vd_gIz6cNCG18z2HFRhpA3_bMrysSmD1zl7yfZfyYpU9aNsVXWma-4xVTQFrsvD41CO-m5gR7IdYeQ-1UnESt6W17zu5xITgwwTL6gbA,Schnitzel factory kosher,
7412,Al Dente,Al denté restaurant casher marrakech,ok,https://res.cloudinary.com/dn7vbd6nn/image/upload/v1783427516/restaurants/google/restaurant_7412_google_800.jpg,restaurants/google/restaurant_7412_google_800,800,600,196952,jpg,1635,places/ChIJGdK2omvvrw0RBxwwwkExtTk/photos/AaVGc3ln1pvlshqJomioTO0TmCNhscsWBxliYtYTej3bRT29Y9ACJTsYSDXPQPVY-jHdzum3rp-0-tZSsH2XLGaMjLTroVbResTdpmFkFMNAnx4-VMG8nEMu59o1rwWpzf3vayDW6Vo5Ukh5zfQw-3ZuiLYNKZBoOFGcoiOBc62GnQB9bSwo11Z_T8QDbu7iYn6ttnR6RBEkco1V4t673erUa1nBZ3kGLFInEk4NriwuU4Ufu9O81bJpmeBdvqupwEAIPuGg9OK4BbAC6biK-fDdsochokt48VRFQGpHY_2TIAPx4y8cMJ3le9McNnJ9v_siFaDonXPLHdszwYO4rxt7WASKZePNyYYScbeDxaw0Wi1tcOwht6TrvQDaSQPqViE14nLRH6oIqClCSzdNFu-oQ0rpr8fndjVqnnSiO0HlPMOnDQwxMK3tn36hRJd50thA,R R,
7413,Bethsabee Marrakech,BETHSABEE (Restaurant kosher),ok,https://res.cloudinary.com/dn7vbd6nn/image/upload/v1783427518/restaurants/google/restaurant_7413_google_800.jpg,restaurants/google/restaurant_7413_google_800,800,1067,216352,jpg,1635,places/ChIJo6LsLe7vrw0RsJgR1hjlZMM/photos/AaVGc3kdK46wpKgVb9O_AqWVYRBR51V6YNFSd0XFLWeH3aHBualzHp2PQNE1fhW2Brjd3Ey2yNW2rXlR1PIGzDfMjURFcJBhLR_ZxC8WyS25wfyqYK1kxDkFTsLDK839xVmGLNLyibA1Ar8gkCHoBPaY5y7sdjm4zs-AUG83aHT0zTzueJR0HE6ttairF2EcoFn7ZRxTKEIaUkchufcK1_KUdVHxCL7iwgw4PZ01ND6tGMxkpTGRx4HIdwK34--bWbg8rb3DYNBD-9vYV5smnLXMfNK4Pp_cNdGn8QaxSEyqDrwA1UAD9jDw67YcnZWrLJ4zlGwntVnmmGD2dAtr6_rC8unxQ5dOsQgFvW7s32CcGbbp_EmLqPcZBlyuUB4uirz2cEzMTQZs2vQ-OjTjZtK0ZpXqnsY1h27X2PsqiUNmuks9tg,BETHSABEE (Restaurant kosher),
7414,Chez Abehssera,Restaurant Chez ABEHSSERA,ok,https://res.cloudinary.com/dn7vbd6nn/image/upload/v1783427519/restaurants/google/restaurant_7414_google_800.jpg,restaurants/google/restaurant_7414_google_800,800,534,150784,jpg,1534,places/ChIJYwLtq5Pvrw0RGNSaaO2IBkk/photos/AaVGc3n16PUIOsnUPi8gR4PThC8kSZYhyORfqFamEbbncB1EYZVX5O4IlOo3I07pTAUbTakNYvcfysU42JLaqPlfaCEK5_kwq2DEocP-0b-9C52x13VorL14CkFlO7PuKwKqigzesSFzQFlow2sV8_ceAI-DbK6Hs2jEEmQ9U24ehGyQeILwdFZkO9rDGUILP1BAucioW69IOKQ4nJ8REpLR-o0bFKvVEDVqxw4MBx0R57vrGgrBHLz4N-vyw7b1y7UqOdyYK0rzI9c4sfuDs3ygszE5KStOWoX5uaxj6s63Bbi5FcABfhEwJb3aZGhIXF61FyPeESTYKQj3FUveFepoC7svWS8t-I4xjEp5UREmYLgh69P1E5Jlzxn9urdA1vqZCROtN-FxObzhGJRPq5t5tKvv3luHGVJpjxhIG9Wy8In07XWF,Chez Abehssera Restaurant Casher Marrakech,
7415,Restaurant Terraz Pashutaim Marrakech,Le Terraz Pashutaim Kosher Restaurant Marrakech,ok,https://res.cloudinary.com/dn7vbd6nn/image/upload/v1783427521/restaurants/google/restaurant_7415_google_800.jpg,restaurants/google/restaurant_7415_google_800,800,533,141015,jpg,1673,places/ChIJsbyvFUHvrw0RTyw3GSEyveg/photos/AaVGc3micqnef0xf1MIjaATNQXd5c7rBWhbS4yUSpIZL27g1HcTvtkGquzcmZ3-9gbgbhwuho0TPDEoK8rTgtKs0_YinlWPVTQJvah2EQajtcV9cUP8WwJEXXjMhhd0Bj-RjVVkneQzc3nEd0qwiqUnb0WTEtvkCSrrPWiyStcFmMLdd-Bm1MNrzngRqVlG9L7mCi7Iqtb1DIrTOVtLBXqZ-NpaiV4RNM5XDmB1JV5BR9VBy9lKMV51-Jn5yjOcadlaMsCKVPGNgOkkvI6kMsDBSxJX7HmphI80IWIuzqypylnIj0Kh4N6aVcQbKwHsnbnBqQcyCGFJ0wHE7AVs8nMesxjstjhAq1KmiP6ArhhJvjTmDGdt_xHYE2kMAn8ysOb0GBDS0v1vLClFUhSdtBTlyjoNxKtWSVxAClExPBoJpqxbpQV5J,Le Terraz Pashutaim Kosher Restaurant Marrakech,
7417,Wasabi Marrakech,Wasabi,ok,https://res.cloudinary.com/dn7vbd6nn/image/upload/v1783427522/restaurants/google/restaurant_7417_google_800.png,restaurants/google/restaurant_7417_google_800,800,450,615269,png,1701,places/ChIJrWAmVJDvrw0RhwcVbyUcaxo/photos/AaVGc3mn-xuOTEDgAvXFAxXjuChgTC3eYPnKbOpq5yqduKNeCj0mgZhGaQhHu4GIlYux0xBz5Sfcx8Qj62H4kC3wwqw236s7iIvSslSBAH9tL1Wo3NITM5Q10qqyj41HL1lgxCwubpYscKo23o21Ljcd4uWHDxGZd2WVhxSzrEHy7CnRaNjFm2_GkJ7Mn2Fmy79Cn1C5mX9VGTS3K5KQXsEICF9mEjPExIAprwuOA5qSCqWqAtpsdOvVI7R7pRnOMIvH2Fc8OjiHmtoAxpSMo63KvolZgAdz74W1IUR_FVlCcOgS6h5oaEMKbvpjC9OlRjC_Z7lWHnY1qKynxMprnem2EvACZ1Tdp2lJW9D37XQgFCG7dFvlV_-deODbkWXLPTz6KECnN_uBtQsJnjryo-FFXQW5xNXNMQmcuvaMBh13R1I,Wasabi - Restaurant Cacher Marrakech,
7419,The kosher place Dubaï,The Kosher Place,ok,https://res.cloudinary.com/dn7vbd6nn/image/upload/v1783427524/restaurants/google/restaurant_7419_google_800.jpg,restaurants/google/restaurant_7419_google_800,800,360,101225,jpg,1607,places/ChIJ-ebd-phdXz4RMbnp5qMPiqU/photos/AaVGc3m9GtrQ2j036HdIzJGESMttaPAPDj8DWY3R_TI4XFnXW4YjkOr4WcILNKJ9NxO3hJckrUL5z3gD6U27M8j1gjaa4dOuH5Ls1x2vbguriOFiyKiAF-U3uKwsx46zJ2vkYgOVr2I5qGoFtDqCZUfWTDEqJdykaTF9jd5W7a8YdekFHBKn0O9ZH09PsAIqUaD-kRwD8VdNI5rIyuXOgZwWXhzg7zoj-K91cn9ejV9v_Jf98XMM_tY5GC1-ZH0-VA8DCleSSN9ya3_TK-FOIm_jS95WtILTryJtg_muCddeKd8JV2tn_UZ0plswV3EnaT7q0aSG7KcMLB0puiI8czug9C8fuBC-Czn1b6pce5r4rkUD6wFdjkJy8GzunYF4ecAZjI2jP0TU9O7_935670Rg3_tSwQ3wI8GIbkp-ghktXFSx4-m_,Avrumi Stein,
7420,Café Bibi Dubaï,Cafe Bibi,ok,https://res.cloudinary.com/dn7vbd6nn/image/upload/v1783427525/restaurants/google/restaurant_7420_google_800.jpg,restaurants/google/restaurant_7420_google_800,800,551,131204,jpg,1256,places/ChIJczYrooNDXz4RCD1V8bnMSnE/photos/AaVGc3n7WVMRbzWPD5qOwLWj78LxW11iOIqktNRZzQHmluIll9s8VPgnnRwwNAsd1kld3kVog8HRVz3AUSm386TDwS6BpgAjVnpf4rDkqEB53WK8ol4B2m-k77FKnEgkYjJxPaqZwQo7qgbzr49J3DmNZknj1aDx56Mimg0DNTW5JMtLHWhrA6GWf64ME1_Lk3316oQsYwUdNMKqoABbCjlocHrJwO6XmTQREEONaAF1-x4PMfPdFda4-hCmcPTKpanypyPMUlLIUKkQhhCYokn81cUU_RSBXCfJEL-a_Hdlv-FezK9OmaIn-hjLpYZu_22bEufADIIfkf2WYHYcQxUm5QaCt0frsT9zAlWI8m_u-uHvec8BGppJ8CDLcUO8ibEfGrEkdhNJpd0vjc4b-MnPzBeH0ztXtBQ6MjK3Q-sGqQHaUA,Avraham Zaks,
7421,Kikkos,Kikkos Sushi&Meat,ok,https://res.cloudinary.com/dn7vbd6nn/image/upload/v1783427527/restaurants/google/restaurant_7421_google_800.jpg,restaurants/google/restaurant_7421_google_800,800,533,111852,jpg,1227,places/ChIJW_2cCCdpXz4RyeLL7-hnwns/photos/AaVGc3kuO_jlUbNsRq6oGteyLJ0tkZy2kCBma0PI2TE7ufRfVSuMsspPXadnlDE8-jkQgabHlUCfkLKKGmaGV3AhsjPZjsLzmHjWevTt1jpj7Po1EkhKTuzM0t4wqV9LF2ewE-YbuA_ZsSv_ICRQ4AL12KMYrsgRzPk4hnPRIauBTllYU36UkpaF6RbIsmrbzwzEZZ474l0z_MJaFIQPpwIcjpaB60gKKMIHzOsMNvJG5REjh1bTJyz0KvnbL07zmkzo8p4zjyZS334TNzFK5SrniX-sPzF3JlNTYalVNxTbiMO_2TOWfweaBnt3fA8Gxv98dbXOkhz9et9BQ5UkUWLRLOsGzS0PqXwz88dMtChR5ro0iC0tH-KzI410u8DE9qYqYzf4XQAmIgbhRd2FeHLejLDDPvA2YUfC5LKnFR_DKZ9DzSB41hFknEExhbsbB0GZ,Kikkos Sushi&Meat,
7422,Mosaïca,Mosaica Restaurant & Catering,ok,https://res.cloudinary.com/dn7vbd6nn/image/upload/v1783427528/restaurants/google/restaurant_7422_google_800.jpg,restaurants/google/restaurant_7422_google_800,800,1422,182375,jpg,1273,places/ChIJ1-Q9ra9DXz4RNot7kgQlCe0/photos/AaVGc3mZ3EUrLART5948R_JR8yZBo1Bg7jA0AQ86-BFCIl1r8xetmwHTEv_MoTFCEApfcVDn984uMCdSeeKOouv9BJJeWdOlm-dwbUAxgrfJ97IdhOriUIYGyLepx1tm94qrh-VeclHGg3Sek6q8bCEVA-_epu2thXUuNFyGNGPsbWCsj2FLOGa7GSz2bYXWz-azKEGxi5_AjBcnXg6IyGhE63FXXxSDUmtm8s7hyg556b2XWcSLzCCEJKlqVMwCLTb7Y0iuqFCQt0zUcwILdFxtrHw_ypNhIYJmzFv8EhhpxW34iE6bQMRPVGNeRIVkwOpVFcFdmu456Mc7dagt4xq_dE648ZRHGQCPxFuFjaP6AO_l93AIEp0k441Et7mtvw5AeJ-DZiYVygd8j1gffU6nG3NS90efBwB2AXCtCik_hIuKwh-p,Mosaica Restaurant & Catering,
7423,Mul Hayam,Mul Hayam - Kosher Israeli restaurant,ok,https://res.cloudinary.com/dn7vbd6nn/image/upload/v1783427529/restaurants/google/restaurant_7423_google_800.jpg,restaurants/google/restaurant_7423_google_800,800,360,69899,jpg,1592,places/ChIJ7-Z0-Z5rXz4R5ZHkaijYp5Q/photos/AaVGc3my3oULpH5qKuhGxGQOWQltoP3W93GXvV3LZqCLCWx1dnwjsVf3MOIk9TpYHDAmeTq1-u9PjZjYWftUd5zFS_hq27Kw0NcEaR2CWLkTZeC8DacEUR2LAag7OO4TE6HLiO1daNHUgQsFNzTuBT8lhL1Qj-LK6kKpgF-C4ZxsygYkwcK9V6OBYNnkVQT1ETHci2kVWLEJ7B6eyra2cRgnvGg2lqurG7qyMi-3sssbxYdX-pwvNadWpOlHfXWmVQwXDb9lUMRXrdrcA9Y-bTtbbvBP2DsKmQSvOLz5GIobgd4qN8xhDTT_O6xPKChNRYvxRyhRaQDv1_ty0AfmInjAvWs5h1RIX1WbUsqEbmpVBoxJaq5RRpj3QR4VVplyrsEmh3HiOKMEY4MGRbVtKHOTDnfzfsh-3Epk1RsY7RYifHU9U-xT,רחלי הניג,
7424,SUSHI K Dubaï,Sushi K,ok,https://res.cloudinary.com/dn7vbd6nn/image/upload/v1783427531/restaurants/google/restaurant_7424_google_800.jpg,restaurants/google/restaurant_7424_google_800,800,640,136169,jpg,2660,places/ChIJOUukE3dpXz4RrvuF2-YNhoY/photos/AaVGc3nSdJphB96U67FFvldRAKWrqDsMxDwT81iJvjnBDiEadiCJGTdpYjGjrl9OsX0QiYXLjjXz2yYSfMbgsV0EOxRD21h1UR3cc1XNju2qIxIOew_nmIABuJjMUcGSrspgKFskVX9DFhwBtKP5FLZggNE0ViE3EGwvp621r1GDz2GvepGyz0ZK4cZ_aCKnC_UkRuuShdK53FWpsChOYR6cDH9LiKWNfzuId51raXlXUMmHaNQj-ZIfOKg67H0PfgNvH342xpuPoThLaMOB7Tx8b4UNBDY4YudiflOYKvVBPCXs32qIz2C3AL_BBsWhzQq2I01Va_mHQ_J2_sSlfa1cfV8zxJxI789_Go6hGGepnsUm08y0TH0dvyfXHaqRFmGAZt0tnol4DMXK0adEiIemFCKGAUvNxJySugOLM4wF7U1EMOt9,Sushi K,
7688,365 Mountain Market,ONE STOP KOSHER MARKET,ok,https://res.cloudinary.com/dn7vbd6nn/image/upload/v1783427534/restaurants/google/restaurant_7688_google_800.jpg,restaurants/google/restaurant_7688_google_800,800,397,70775,jpg,1459,places/ChIJv2FcT-nHyIARnaq5G_Eb_eM/photos/AaVGc3mZohGLPMCHXjrNhw-zODvcQjftBWsCZFJX9oGoA418cE4c8OHkf-nZm7R58W5m9QO-0ZLWRjmHwy7LeRhDB3-9PdUoQKJt6AcCqDSttwEgTxLYNrWqVnkKV2FEinByCUOJrvU33DhJ45aPvwTP1AYG9vAB-l_rmoKIlOD0XG_hzNtnOvpbnseFqa3DaFMqq94ayJ2tV-VBLMkTUmXqlFp1FPRQkWxjYyGPm7ZroS5aZjEsX33he2M15F3EaUVIdSma8Mxcm3xrhnB0YiOJYSk_fKF9_-PLbZ_T4XzUdXk679YRleklR9hqk6Rkopm5mCatgKfOoiOy87tzjwxHfxoKGqzcSCOkBgIOyaCiE6f02Sbc6I2yZJU6jFLVUmvK7nmJdjYSX3Sm-0iy2GoYpyMaCBN2TexdiguvHTKVOothCHwXPDbSHqBqseZa2qB1,ONE STOP KOSHER MARKET,
7689,Abba's Kitchen Catering,ABBA’S KOSHER KITCHEN,ok,https://res.cloudinary.com/dn7vbd6nn/image/upload/v1783427535/restaurants/google/restaurant_7689_google_800.jpg,restaurants/google/restaurant_7689_google_800,800,600,128764,jpg,2838,places/ChIJqQmWW6nHyIARkcmuhfYrRUI/photos/AaVGc3k9IM45LANZRwqNn-pMJR_XriSLfh7zjnbyMq8eaRipSIVt49uH8V-1pU7v7hbG-TAxzcnr5uKdq8By7t9cgl70SvfG72IGWQG0v-441pia8yw_tiB11G2d8FyBqzx04bc0m5MtegD3C0sFgzj9p-vmepILmiFf_YODkwuDJvs9z5_-lNQxC92xmRvuurG-qv1tnnpxvJds7O-gYS58g_-hu9QN3s5St2KA5LM3IRVBHiOG7ljhOXIVMaJ-BhfMxHEBcQoGAxN-gHADcbuo0se_7QrVNfk3JZiF7lYzaKgrhj7lxedcadSC-L2RuhuRGJZ-TVuuOA6jItWh1ppf7NzwBFLA5nCGqwlRUdF6AlXbEgPxAhT4Ne-1e8ld_FRDY_I8vwk-lQblOhMv5rTXJK_T1efXf_X7HAoSk9-vYK4eaNq2OsRS3Q9AlnZhvCWd,ABBA’S KOSHER KITCHEN,
7690,Burnt Offerings,Burnt Offerings - Where Foodies Dine!,ok,https://res.cloudinary.com/dn7vbd6nn/image/upload/v1783427538/restaurants/google/restaurant_7690_google_800.jpg,restaurants/google/restaurant_7690_google_800,800,534,116959,jpg,1644,places/ChIJUUUQoR3ByIARd4HGoP5fYxw/photos/AaVGc3m8lt8KEBGGf1x5MZt1GHoPZv-rN5oeUIhafSQ7yj3KpYUERxs0zd63NHlISsqSwXP09her8AnnYgdhROdFN8sWC0CpT9CQ_q2gqs0kMuQgrchzS6EeZsB2JZvEyyVq8tHvMyqbspSldvbXfV61gG4YjHLPJ9248SV2PnJe0aqoVy3N6VzPyYFlmP_f4zb5hHau0AfvSfUjyMtwoEEd1t5YSAU7NJTICQpDCEgzFvutlNgbBUs64AYHFi59oGXgEGI-v9jcUuF08FiYA1VyVgX3s5ekC-aI0nQ5uIx6BCKWxgnh8gV_Ue074Rk0LqeK1ZWdjKib1yUPDtRIpTS-XnfUKX5mP6Ee6lKdKePs-ysqWkEI9lfU8eR3PpdqLtVd3TaZjkRu5UD1bl6oObJfptqEFe3cKPFkLnMB_EAVHVbDu3cG,Burnt Offerings - Where Foodies Dine!,
7691,Cafe Express,Cafe Express Las Vegas,ok,https://res.cloudinary.com/dn7vbd6nn/image/upload/v1783427540/restaurants/google/restaurant_7691_google_800.jpg,restaurants/google/restaurant_7691_google_800,800,534,131784,jpg,1626,places/ChIJ9f07_2u_yIARIbtkIGAVtQE/photos/AaVGc3mvX8uIx7bLkoqdoytje2PAAVCcv6dqKcUiFkxtEv_P-P1S6YJBLGNCUmsolKhJ7MX2M3y3u1JFrVWOWgZ71SOyay161b8ArmYCiLBXpJX4kdvL_8doDhwJSh5dZZGOpdX8tFAE0C1d2emYupA_HWmIC0g_zQfQpDYx8lYdpN_R3GlUax8Rdml3em_H2hT0P4t7iqGExPfPpBmuXjquB6Xb5K7rx2bleg1SyWmpytW8QOvsGntl79iZiz481eGALwOhJ_o8S0h0nqL7_ZnFkiim9UJAFuZ65-hOJIbvKrzfQM_KmnQysTxo8vcAg6Cm87qA-UuKxc7SZUd2CMQdWW9FDcINRy0XwWNnSo47SxcK-pACQYiG6IG94yS7KxSVEYEXi1Zhqg5-L15nuRKyrfAJRtSLJsKvK3VkqVm4sbWMZP7f,Cafe Express Las Vegas,
7692,Casa Mia,Casa Mia,ok,https://res.cloudinary.com/dn7vbd6nn/image/upload/v1783427541/restaurants/google/restaurant_7692_google_800.jpg,restaurants/google/restaurant_7692_google_800,800,600,166277,jpg,1332,places/ChIJT0WKdXPByIARzlPDv0EScAM/photos/AaVGc3nq49ahTyFoBhFyLvJXdjlSkoYh_0LUOP2ON1P8QZEw4V0sG_6J9pFaqWXcsRDpgdIxORmG52p8DvFxxtXi4W6uR_30nRSAusY5UnT5WTYTcP4MR5br_tazWcLoweHNJxmQDozI-l4dv_BSaqquF7ZPFazHokKwnzYOyJPV7RKoBqhbYFV6YM34ux6UezERWEInAs2IynoBcVGwucEKbWmrbgVbDCnr0yuB7TnyeyPvFAe5Zq_YHc-8zHWQYtKpsEwcrrWBaApx8v02yExgt2UeB_w3lkTLu9Rn9wpl_M4UgQmAbe7FzGgNkHTl-FrY26I4R60Bif7Q4VmIFkoKMgcpeIdCFiZLnISc1homrJdhym3oFzorAoT2GnOGNBQSs9MHBTbhsxvjXrxPVq_Jg4yA6WLTpvwoCSX8IxMZ74yFTUmtGZT1Y9SrMQvft0dV,KosherTravels,
7694,Galilee Mediterranean Grill,Galilee Mediterranean Grill,ok,https://res.cloudinary.com/dn7vbd6nn/image/upload/v1783427543/restaurants/google/restaurant_7694_google_800.jpg,restaurants/google/restaurant_7694_google_800,800,534,185416,jpg,1736,places/ChIJJQsSsxS_yIARH9m4oOxQUWs/photos/AaVGc3kfWYvhy1eu9-YuwKFAMUd7pGqd8iPEdZyj4Hr9z-KwLc8ntVhmtnis_m2RktoxX59JDlXeUJHn8kSKCIVv_SvQx2EhTyHufScDZ0PC3lhNO7DEA-e0Z0rW2onm0Az7vjRC0r5Ol8XSMAsz3o4px6rNKBeHAzv4cVXaXyrsUGAzJQYE42zjZoI70A0UU57EuefnugPMf5TKg_5q0Y10dKrRvKH49OkGybZyxF8WRjdTFHx6hiu_7x0omo7Z5ogqZpB6ir3Z7PGpqFDGJHbt00P7UlBObcs5Dhbr7clKnaFjiHNmn87VcvvNJdnLzhSvLOujiqnG8ujslxDsraNNgYbWEGlzWsO247YFpNEO7XL7bYCGvUHgNccwzU1OrrZIGKshaWuw0jwS1oMSrzAND8-jrQjsIbBCSX-5aJuiu8g39UqceGxuR0-9LaPu5nfB,Galilee Mediterranean Grill,
7695,Italo Pizza & Kosher Kitchen,Italo pizza and kosher kitchen,ok,https://res.cloudinary.com/dn7vbd6nn/image/upload/v1783427544/restaurants/google/restaurant_7695_google_800.jpg,restaurants/google/restaurant_7695_google_800,800,1421,184672,jpg,1348,places/ChIJQbVdqmrByIARr2hPW4b84xM/photos/AaVGc3nNegw2fWCYTCcJMPaIpZtYTc2NIL5e6-ro4UZWomXWSSm7YUZVL1JRFynwdgFUGAFLYi9ynzCu6OqFK9QQnqiBsfD2GW6c57mLAkwsqFt-q5NkXSJzaJeztLCmP-9t6mEtmkps0jKx3qihh7cjflaWq3-SXjmuNb2XqAjSyJEsRUxv2Mt-hSa-L_q84UC9rgp8EhM5_XjlyLyXZbywkm3N7mtohBePIBaKiYAUtxENGgUQWI0dioteL1DzPLjgcQ_PGenP39nAlerd2-jXVgsV8RjCc4tcFdunFHosrreXFWRjJw-5vUrZTJ60WxWNmx2PBXXpdXNbHuJbnM2zN2zsx_wRa4RMHFsYNvuknAddTZE3U1wuYRj2ICEeVCXCfianatzdVMSk52RMwicrmitV-4zHc6ZL340KUKYfXyhGLmsC,Italo pizza and kosher kitchen,
7696,Jerusalem Chef's Table,Jerusalem Chef's Table,ok,https://res.cloudinary.com/dn7vbd6nn/image/upload/v1783427546/restaurants/google/restaurant_7696_google_800.jpg,restaurants/google/restaurant_7696_google_800,800,602,110137,jpg,1792,places/ChIJkQl9H77GyIAR6Y-BZLh0K-I/photos/AaVGc3lACqlxukuIkYfMkJTQYrUMkrIE4tSnCPNY3qGDTLEbn1Gms08TmBmc1OVjFVU6XwxsNb0fNMRZDDTVC7CEY--aWgH55v15SfQjjzLqf_kILOFEnb3haImmmnR76He6XqOlkNqzpqSicRaavX_hBuh7-EK5gHgvdJyJdvnDoi0mjt8kdFze3UBxJw3PmcHuDnaoGPJoNTNi_qc_8b1s5xQmhonngoo3cN0ybk4y17nu-dQIVIluLmgkcXNCXNzCWM3d4_hXKIHcAe4iNoIq9XahWLEzzc6qEtmza51DNCxQzUmutLmwvs0naiNPYl5LtRnia57FAa0YYOsd0TPrbflTdzmysreLHDX-Pr-7bZ9frhor2JnQBC4OvWVxagWFkXMJ7zJSsJMdFncMAH58wRNUgB5TNpWBb9rdSJyu1gOHLQqh,יודי מעלבער,
7697,Judit Mediterranean Cuisine,Judit Mediterranean Cuisine,ok,https://res.cloudinary.com/dn7vbd6nn/image/upload/v1783427548/restaurants/google/restaurant_7697_google_800.jpg,restaurants/google/restaurant_7697_google_800,800,600,129951,jpg,1666,places/ChIJo0XN6bDDyIARTaLSgZXVvK4/photos/AaVGc3kTwFrzPl9rrQPF5e9Pal4bNhScVG_rJDYIKl16PXjtPLwFiOUrxhvWADGFyGAXI97Ohm7kr-k9bamLaFsgIUKpBJe0EYcGcwOUx7voqHvUoQFKlaiIRpx3TLWw-R2o-tIHoZVnTKXto6QUgDpHeW595VZZqMtcsfYhqcQrf7qxh_BWzJ2OCWKdHMYGXxUXpaOjWEDXqEAa7FG3fRrAFaYQLvFKmno0ZhhUZq7-dx4B2Osq7tG7Rw0fi0lWkZMUJJ5JM8WEzI1jD3OVTpF2xKZtjYhm4S92qEWF6CtPrDzBt7n57TcmQNXmAic-H_2o8XxTjMvn1G_a3DNUfjUdtjRXptG6g0_4qNq2pQPPW7uVEBft4j5C0fS3CxZ7JmUOpDz9tRx9NZkzgVH9OB4yW9H5WMamwYxCB-uUYFp29ED-7m8K,Judit Mediterranean Cuisine,
7698,Jupan Sushi & Noodles,Jupan Sushi and Noodles,ok,https://res.cloudinary.com/dn7vbd6nn/image/upload/v1783427549/restaurants/google/restaurant_7698_google_800.jpg,restaurants/google/restaurant_7698_google_800,800,533,96264,jpg,1383,places/ChIJu4TiS4m_yIARTgbZRZPfeas/photos/AaVGc3nFFePEuEEp6V1NR-kh1NMwW9u_ucJm-ZjNx-kjJ6JYYurSip4ZtoDXx6CrmvMk9SJAzekUI-fESfJTv6DDfoDv3YHNzVl1F_e8h_6-j7RU_J4nkfi6I0Y4BmgYTuCK-CvEjsiUHsmol1AmwkmZuLeiQGXcDHKpvJ6s32WYY3vwzwH6KVqZAsmI_BqDvrSdYRDuCV4MgZ8XuWmcwUFMpoUQ1LwrzkvEOmk_eMtbYgY8ckru6_ALUNKuAbTId_-hjUCq-8n5GZgmNED4EpkzJB-8GUT_IfLvjoRb7z7EtNQUOJVJpzcRE81erBaDet5QRabmzwcmWO-rUKTO27oP-lBv9VgY28nTrvK8ISFoz3tXHcI0mXYSMCABaNnFR-FdFvoRiMuVuHauq-JKfMfXwFIHwyhUJnJcSSVrOmKI8uZsFbd4NEvZ0ak9hyR6IXuK,Jupan Sushi and Noodles,
7699,Pita's,And Pita,ok,https://res.cloudinary.com/dn7vbd6nn/image/upload/v1783427551/restaurants/google/restaurant_7699_google_800.jpg,restaurants/google/restaurant_7699_google_800,800,600,133252,jpg,1683,places/ChIJH28NeUjbyIARK2RnLTCkFGo/photos/AaVGc3k10JPjVj49lqRKv4eFEhL4lxnenhHjDiXgpNoTT9WM8TAIs7Dx4eba_h13KTcL6PtTg2d5BzWYOFMOb-19f9FjlVB3VMOkR0ECxTX2dWZxA0MIDKljJKE87kjKSnbRivc0e18vPxYbtpi1TCB67HLmh8a-FZe0gX4r-T1IeBgY4vc9xrxhYBnHrBxZvaYtLJxo6mk4qol38O1f2_0qsmM04mfZqJHX6gh15FSyKWbhiURBgoOw5aVmx5MY-fyAt7T_Gez-nLeI6lC7dMgiHvZ0TZKPV_uIqXbqbn_eXjmZeToildwSmcmC2wvmsXFX2Y6VhPEU7IRum-9Jd0kr7a-zBC2Gd669wnePLT6JgB-NxCAbNF6wPhnlh6scCFwsjp09FuQpt2sT088TcKjzrSS7tatOvrU9oOdYVH1BKipvMQ,matty mcdonough,
7700,Rafi's Place Glatt Kosher Catering,Rafi's Place Glatt Kosher Catering of Las Vegas,ok,https://res.cloudinary.com/dn7vbd6nn/image/upload/v1783427552/restaurants/google/restaurant_7700_google_800.jpg,restaurants/google/restaurant_7700_google_800,800,492,125169,jpg,1534,places/ChIJ-UuYW13ByIAR78l3xCP_z70/photos/AaVGc3ko1lHcefuJxsHq0oOfAS82csTmWVVQdd39y4FTPTBXCoKbJwJjOLrJ0Y5LXyPXO8eIZE2uXhGHUqQtWjIl66RkhVQrmqGyP3YjtOybjEk86gTndFN1Fk7NdfpOQQdsU1bjmFmmxCfCWbgysQkcrN-e_tkisEXcjVo3c4RsQv8H0oF5o0eqWbpIwXf1H_AYkzmMmrp20X6o2ReRLISLXH4Yb9NUxV_kSrcsStbsxTLWlgDB6ZdkBN8eNseajGz4zeVMpON6QNxcjJq5dsu0xN-M02x99HJi1cVnAUP-uXXORCU0O1O1B7wRmqXyJM-K4M3V3Muknco2a3MLm7kY_Oe2KYo3iXEBNQPPk3qefrqHZXTjsRWvjOebz86MQsxDF5H6doDpnyORZvooSRVRJ6YXxM66bCIc5XNtLBKxfYuuZnWU,Rafi's Place Glatt Kosher Catering of Las Vegas,
7701,Shawarma Paradise,Shawarma Paradise Las Vegas,ok,https://res.cloudinary.com/dn7vbd6nn/image/upload/v1783427554/restaurants/google/restaurant_7701_google_800.png,restaurants/google/restaurant_7701_google_800,800,533,704295,png,1674,places/ChIJDdGTVwXHyIARtBaUWhp8cP4/photos/AaVGc3npbsF6RKte6hBU2YVN0EI05HAbde0nki-H5FniVamfFZmdBdPBw7-pQZLfcfXrNy_Kh_TbEX1ZcqC0MRUl16eWAjcDnIvLB8bnHOPcttbWBReGWKXql7GJ5MKJZS4HdrrmJ08GWsoQ_eDovfT7v6-Ki_ORyeH5isG6hpHikzYWXRYYMBRO3Xpn8tBdDO-1ogTNRH5c5aCz1SuvuI1XjDskQf4t8g5vmRYmGYd_vLRbx8e7OwWRspnk2mf4q8uSm6bUtxniKlkWR-stpKo-51KzppbVeQqwhnpH9gG5VFN97jfk1lhRlxQiiX2Fgi7WDVqBTSStS0geQuwpaw2p3-GLCIrXsA5emKBJ6WrfqWSSl8tKVHshaCC18jgUnOGCYH-GTssZ09JCOoisInk0EiYrSndm-rId_52EjDI3GN5XzLSkfEOCZmY5rW7Au6Wa,Shawarma Paradise Las Vegas,
7702,Shawarma Vegas,Shawarma Vegas,ok,https://res.cloudinary.com/dn7vbd6nn/image/upload/v1783427555/restaurants/google/restaurant_7702_google_800.jpg,restaurants/google/restaurant_7702_google_800,800,1067,237203,jpg,1831,places/ChIJ2_q6qW-_yIARoijRfZWgbUc/photos/AaVGc3nz6QPfC5Ykic9ZD0nbgqrMbX4KR3kezIjetTEQz_omOSWWj-BukHK-pESjZUvKR9zYwgFMlPvhjAm9uRysDXl35S-7JWTjPqKWlQBljt8YqOYSBPTny1Y1LgVA9NcS8tyVTe1nhYAnYR4py91SaSoTHChkjNBQATFqqvdJEU_7Wy9PU4hAwa7-fNu0ENuI45unOeWEbEr9DyjY_yrbEzuNSVF-XvG-OzDfVxqN22ihpXgwSq2d7kxVmf68i9147-25KPVOGhIvMz4WHuJBITkyQdOt2LDE9ftnyeGYrBmzTUPh_IhiMctRmNo5iSOmCVuZn5RXJ_nA9PnD39XJGUnzXbf6mQnKodCv7XCxBR9u7HILJYXLEN09yTJqZ-fpB6SjVSlcF13dMELqyeTpflwB-_kKCWYuQOGRUIFz48tnsYwXhVqtThKVrRA6aQ,Hagay Kaminsky,
7703,Vaskers Bakery Cafe - CLOSED FOR RENOVATIONS,VÄSKER'S Bakery Café,ok,https://res.cloudinary.com/dn7vbd6nn/image/upload/v1783427558/restaurants/google/restaurant_7703_google_800.jpg,restaurants/google/restaurant_7703_google_800,800,600,120997,jpg,1808,places/ChIJ70yJVg25yIARufay-Oj_Uf4/photos/AaVGc3nHovwWKRrGJYMCzmZu015pQOdRdCcCMLVcmkxHrMYZfcqvlx4huovObjSeyD56hOnHoAJ03Z9PoWPlucabj-5Zbe_Xy2dX5031umYgH_5bC4E_YjyGRJn5V7K4FKuRwbw6ccfwzUYxah2prbaFzW1borSkqzkaONPDZT3Lg_TVVdKp01BQfMbbZJTOf-sQA9P5Ywi-e2HXb68wi2ucVk0IvuxzdVRi-9snWljTnOMHV-NUavwh8a06cMpY_8fvWG0GHZXpHl6fyb4MKq0AsUveZRaJTKmxHTxDyFK2U-tt5qQdTOCLdh8-M0ukOgIMv-a7nmQtTL_i2HEoCvcqUHqja0ri3FhJKJ9hpfh8Jyg17-W_9-Zics3m3pzaEB4pQStSPdiyY0wUiqh-2eaoEvO4eHB7y9OXoOhuhB_Tt3xuUQFu,Michal Azizov,
7704,Aderet Grill & Salad,Aderet,ok,https://res.cloudinary.com/dn7vbd6nn/image/upload/v1783427559/restaurants/google/restaurant_7704_google_800.jpg,restaurants/google/restaurant_7704_google_800,800,600,154730,jpg,1431,places/ChIJ3db-1PogTIYR0yweBQnfY9c/photos/AaVGc3m2Ue4AJB1H4-dXgN0FexweZeeVLrqRIFaj_Oibms7Cfml921ki7tfVHXsf4I5Ab-VAiJSh5PILZJepdXyPkO5mLUpBN8cMaVpeJblfirUuvad2UwXLmnvrAeY0a0x2Krmz8xoxf54rJB8uoHsgcLUDRdoPtsDKPTZQpi8KXxSxglC0OLArFTHbTCzilXntvJaSaQ5pehqu2CITFs9XsqrmPF6iKpn682e39maQVEN3EHWmKWohem6uA8jKgtWqXcI0Mo3TJqjfjj_HVbCJK6ibxyUlZNbWlIdRBq4M4kbGbi_JLYq4cdUgeeUD-KRFHJ0JjPL0VO31qdfuzJbw9CudS_nBs8Hw3z1-ZXxo9Lu0R2veaN01nl4N-87yIk5DtQclZzZPiOQ8E7ggO5p7muZblevsNorsb42txtn8pbhtJll441-sCoBXNt3C1SHR,Aderet,
7705,Benny’s Bagels,Benny's Bagels,ok,https://res.cloudinary.com/dn7vbd6nn/image/upload/v1783427561/restaurants/google/restaurant_7705_google_800.jpg,restaurants/google/restaurant_7705_google_800,800,839,206621,jpg,1657,places/ChIJbxNBUzAiTIYRt8YhmYm5WAg/photos/AaVGc3nn6-UbA-_c4QT0sxk9queZUT5shtFp_cf_XEzQmbQlasNjSrbSZvDDkbkUzCeu8vMXHksYivWdFp-YcC3w2HGm15yHDoiMCNvFgH8thzcbZmnGngT6S2Zo4f3m2aKMB9JQS65xxqijmJwRPj45bsple4w8O4R0QhkYwtojutdQOKIsKQOh2VMWbA_LxkYrvw9Y56gp3XrQDDSt9UfXJQlTQb3ctuLpVKYLmGMtMCQl70cJdGhgIaOIujNzlmD1DCt6cwswKUm14vL7WxDLi6dbvvJj8GvHjLu9mZ8fp7A6D-8eas0pKWYoEKNU-6EMNPPPwxPGj8ax7ctmvt9SdowNjizjsGH9O5LPpjZTUHeqk9pti5jqDWVh3fFytdDJBkYeQMGSWmbfOASmQA6jqsExuygf538gBJJ6w4TZw4KNoVEQHkZ2ZqJBYSpB2L50,Mark Holt,
7708,Meat Point,Meat Point,ok,https://res.cloudinary.com/dn7vbd6nn/image/upload/v1783427562/restaurants/google/restaurant_7708_google_800.jpg,restaurants/google/restaurant_7708_google_800,800,1422,169528,jpg,1615,places/ChIJx-rNM4QhTIYR6FoJVBQRcGY/photos/AaVGc3lr7hSoBQKcsV8rsPhkuh8tc-J2c1MQWhOIZpACGAZGInlqpW9Qf368QJ6ExFfaJOFMk50pf07qY9p9GDnJB9bsUtSH8T5lI-1Rn2jPGSznguHr-F1EL8h4Mrp9oXPwhGLBeUEsXdtZcjiZRCljoQBYoZDXUoZnf4nnVcYe-WEQdGCOkZxEmtiA0grVqoqwleMpV0XAVgRvp0BDKNwP7jxnfqClcbAJF5arobeUODJp5Ihzv8Spds41alvJrGpfwzHzdlg2MzKQs7kUnfyqDlyPF0HUeXrhsDva98MUW12QBSfro7sRUcrAlDX1j4qSEIaPrGABJ9HPG5yTac7Hz6p7kR8rvHEuqoFOtOe5ESwP3swmpmR3h4eItKsm06vlgT8wCbSoZFw_BEbFlYg_OKVF3qL3WWIK82BxzRSnB9VIIg,Meat Point,
7709,Midtown Pizza,Midtown Pizza,ok,https://res.cloudinary.com/dn7vbd6nn/image/upload/v1783427564/restaurants/google/restaurant_7709_google_800.jpg,restaurants/google/restaurant_7709_google_800,800,600,103505,jpg,1518,places/ChIJ5ewnJuUgTIYR1OFld0YEfBQ/photos/AaVGc3lWSWmpDfeTY360Y4Yc1h0IbJsgtI5lRGLIqTooTwaTS1ddahGB9djx7DSGWMTB8HSi33pCunLY6fKblnapks_sCBjORP1R4ULO2ogGpeba3ku74W0qBBIcItF5ZEGUIWlzOtaXpfQihFNgyq-w515OuZZtlgBSZDRRLXXvClj4-sEEJU7fahIRCzv6QCjQZW8yqzj5jEOjRJ7lX5xBc8o50TwvM1y8SqNQMYCMIsy4ZxGo_qq1Y0MfSvh0NCYFiqCNTxfjxzjcBDj63ahB1fiAwXTZw1O4bD_w1P99EJFE5GqsFI6W_L0lTKHtcgceU0HftX4XxjHTbbBUMStU11rZTE4D0JV8qgFa2n09WXKPdbJ7dflQOcKvU4zlYhgLJW9S0qP22WIsh05CQS52pIf6dQ8ifyBwIcp2wtqgBZHroA,Midtown Vegetarian Pizza,
7710,Pizza Ella,Pizza Ella,ok,https://res.cloudinary.com/dn7vbd6nn/image/upload/v1783427565/restaurants/google/restaurant_7710_google_800.jpg,restaurants/google/restaurant_7710_google_800,800,600,151115,jpg,1753,places/ChIJZZ0R_M8hTIYRHvDXt6k1CHk/photos/AaVGc3nWzgEwOq3GVkkpPJRETxKqfb_YzKMJmOU9ts0lw4878QoDfXqM-8m6tev3U810XjBey50uhG-4WfcRONud_DgZ3L5lYcZZnq4P9A-8EQ6bih0Bj1IgtqnD4Fusru22zm9t_Xr5z4rC0AXWo1wAUEa2Q6iVtLVLbALrzbDJofEp2tD2MOkOHJNefgtfwY-e8pT0hMDUrGXBgIb4t7_CKBWTCww6Jla7J62MpmLkPMAlWRr_F2O1fhAcVYoIjtAXq_BGyQm4dL36_cqyjSqu9HktxmGTMO7QHNVwEoCsoXjlN2oxFIbSGMCN-BiYZepB2tOzLPt-JmHOn4PFvbTzIZl8daQJxJvJrgLBlsN-gNXouY2A2zDzkJt2LeSC3BRSOddQMAo_EoR_QK9DF0Pgq8FQgDpocR3z9yroKGM4riepUDk,Rabbi Jak,
7711,The Hungry Rooster Kitchen and Catering,The Hungry Rooster Kitchen and Catering,ok,https://res.cloudinary.com/dn7vbd6nn/image/upload/v1783427567/restaurants/google/restaurant_7711_google_800.jpg,restaurants/google/restaurant_7711_google_800,800,1067,241942,jpg,1741,places/ChIJm6ckg0qdToYR6VkY837vDRI/photos/AaVGc3n6TEojfultoeppQXfEFqe27UMplnAZfIZiceCAQGKheauNqtWvnHU4ORAw98Ib1q4Io4pPbYjzYNqt0otpe6zyk6zA0CBQT_doQwXldkxc2m5_Lkp7DjQmYRFve7_wifTpyIz3tX1xBX4DMrqZYvUuQ403IU0hgIi1fKpnZ1NiRxlZb6F3dsSIVcMXsJ0xysixY2bKBvNF4Z3sYxvKYYeWGaS-IS1jpsiIN3u5S85q3ss6Thiuj3TIc6tqZBGtIa_ge5iDd7OcsrbL2VAWqLECemuCk36p3c8Or4RKnw6CVlpH_i7kLBpYaZCPC8xxl5-OR4OUylIXw18stLrW6ozN6IOPO1Ga4O0f7q7mn1hrImh2uFNb_Q2UCekeTE18peJZYN7rEl15a3E0Xny6jsmeDVLcQuvAilyNgJnvpj57GYNKP0GEpkDyC5EBtR7C,The Hungry Rooster Kitchen and Catering,
7712,Tokyo Bar - Asian & Sushi Cuisine,Tokyo Bar - Asian And Grill Cuisine,ok,https://res.cloudinary.com/dn7vbd6nn/image/upload/v1783427569/restaurants/google/restaurant_7712_google_800.jpg,restaurants/google/restaurant_7712_google_800,800,600,117688,jpg,1446,places/ChIJ2dCRG0khTIYReGpyaFVk864/photos/AaVGc3m1718ywDmmJUD3MNBMYMhBTh1VZhjpWk2-gjFR_Cv2-_wLwFGFqRl8aiDUs6VDzjQ-AaFH1CIWiA_IrFZrGxJjOTxHNyYGKMTXV5kT0wZ5nmpYVYkKRfV-oUY-ZbnKsPbhEXo4VGSBneA817r7YbLAUHD-Hwsx_QcG4rAVKjfPFq3uOvyiejwulIUKHkw3HFiswwJWddgzaSQFJjbQeV-wpi8dDnyp1yUFFOVsMCq5PGGb3iImUlzA1o-Va21sLPb2rKGwFhI2UMjd3alfg3QDV0tSdsIwYHT5Ov1CpBgNLIVX4PkMLiZ8xlG1s-Tyj3_EZAzg9lFD5Zj5BK3aXSncNgT0OXXRTnW5oTC-qy5kKqvXUYPVq-9OpR0t63NFKmnKstUNX2XCbaJ7Xcpv1g_AWDejr3LjdV_7qRTDSv4PyTAg3YU7VFIH0wcUcQ,Clint Fletcher,
7713,"Tom Thumb Bakery, Kosher Deli and Fresh Meat Market",Tom Thumb,ok,https://res.cloudinary.com/dn7vbd6nn/image/upload/v1783427570/restaurants/google/restaurant_7713_google_800.jpg,restaurants/google/restaurant_7713_google_800,517,291,18676,jpg,1359,places/ChIJlfTA_Y0gTIYRdQzi_IDB7l4/photos/AaVGc3kbq405cgQvTlrsfIBE8t3kiK6tGDlKJrBBBXC9gs81cEbE07sEVM4Ca0RksZSqQZ-wGWPIcBdo8f4P621sCB18ZxlqqXkfIQII0o-Aisx93v15OPZK-cmj_zFmFdLQuTikwzAjgvENuXd74Y-vqPp8_ymvusSC9F1YxApu6ZTcMKXX8JfEyMvxrZUtsCcnGPoi4phyXeDZFyEcDlgpMsChWzAvcN3mCJDSggkMKogrHAz-Dk4o_3ShlZYeT6ZHOepCtrUlHSp6WQcg2B0-aGDB43pzgA0EujKMCNjNmMb18qTa4cn1CEbhZLw8jmHzMm6wjC9l2iEKS2-3kg7xnhp5xxHgO7k79l8ohIGCQtBdVpSwtRkS2j6jYicaO6OsZ1uaTccLF73709EGGuR-K-wrlJ3Z-zcs2hjRRBmMgAeC1LA,Tom Thumb,
8067,Al Galope,Al Galope,ok,https://res.cloudinary.com/dn7vbd6nn/image/upload/v1783427572/restaurants/google/restaurant_8067_google_800.jpg,restaurants/google/restaurant_8067_google_800,800,600,146961,jpg,1486,places/ChIJUeur8ZLKvJUR_87bSG2zlGw/photos/AaVGc3l2OkRlOUIpnz-QkOZak5Afzc0EYj5v3-IS8D92ncWnpaqqeWiCVvHIIGr9SylzrPt_Fo8_eD3TVuCk2NK0Oc4G3zqVImCdaoKcOBl591we4NYvH84htwnMJxBtGnHZKeE3qjgr7uiNrmNSXkAPh6kRvRlGejcp1Q3f81L_6pN7uSDNO1v5eLGUYYm6CsiGGQ9SFZ1GqxTOPCtFotMfnBDwCowmLMuawnYp3SFT_yinUgKkxAJ4v-4FQ4iSqVfIUYL0i1ffs8hKVjXFxg7z07MPlEPQhHW81u9C9kX93mqeu6rTECq_sZ-tTbKahTVpHJFL9CLD5XDD31uicK9BtqWgp-A95pQQxmxO13XViK2bEphGahdATt2W7WJlbTSTCuVbl8hgdW9TCjd86mdBuNEIosr7SQR0XfUiLDPkdoDEIg3UsVRotVAKoi6Hpw,Al Galope,
8068,Bali Heladería Kosher Vegano,Bali Heladería Kosher Vegano,ok,https://res.cloudinary.com/dn7vbd6nn/image/upload/v1783427573/restaurants/google/restaurant_8068_google_800.jpg,restaurants/google/restaurant_8068_google_800,800,1067,150539,jpg,1534,places/ChIJw5PPVzzLvJURDDXP83s4_24/photos/AaVGc3n5AcZ8G3OFeh3vYjx-pK1SCDelKt40esKHOeAzDGiRwGLgJAAMR99XpZwtFPzK99ofi8RZa2XbFjm4KAoKOlH5a9Jt_24SJB_8b4oyjtni37U8sgP6u6HsmVxIpDbkeZnixOOkNqBsiQ3bGvAdxCjm52XfKTBe7PprchCRz5oCuMK52JrsL_JTvD6GWRcjumqbvHpz7zR-LUOBiYPJC9C1rrg7HVf11T5eCojCzNJoHilJfj2jEBCX5Fxtq8m_jrtW-GkNlGATu79SkODZpr8t7XsaUCXStKfBhblUt3jhVelM7TkjiFBdWCR6XdVC4wVXA5r0pYWLKUOTocdJXSYcySkuK0sbraSifOUZIwAxZ2o5mnezXPn-ixtyzhIOEaGm__sSHd0pI8by06UP9JvTouTKDhUou5wPqgGpQhELXRSJ,Sylvain Tour,
8069,Confiteria Malena,Malena Panadería- Confitería & Catering Kosher,ok,https://res.cloudinary.com/dn7vbd6nn/image/upload/v1783427575/restaurants/google/restaurant_8069_google_800.jpg,restaurants/google/restaurant_8069_google_800,800,1067,360311,jpg,1532,places/ChIJ2Uz9PpLKvJUR3eCyYZi6BEQ/photos/AaVGc3nfW5jemX26k9H5pBoPoQlsWnsoOtLhQC7Z0mB7zQKMDuXKUuyoNrCoGvmE84rI1--coABOsUf7ifl3dqPG3umwpL6ZuzXQQvrFZTV9PLbQiwCMPiRAgrKoWpoWl_I2m-rnNf6w8p-ZJ51e7HMLND-gZ_LnCzA0wJSHnD_4tx8SlpU7Ic0J5pEeY8wACLciGsE7ZqFbQOOPg6tBSbqJgFfXRYLFGHehycE80bjGi__nkBBk4B2BC3Ik_YF4wq0cz0KHv72cZZbEvF7GuhgriT3HXBFl5p3jzcyjgjvbM5plNsxs8ixa0i_BNBbLVoYDfX1WHOBk5SlHdmd5qBkKwv6BrQK2ZiqTOLFe3ZfY9KqGAG8q2ovq-w0KMwBR_ut3qrpPadRWyLjE-QBRxsPBeGbbLz-IykIOuOdNbj9Mc55J_8_mX2QFEZu578v0C0kr,Clau Belforte,
8070,Fuego Lento,Fuego Lento kosher,ok,https://res.cloudinary.com/dn7vbd6nn/image/upload/v1783427576/restaurants/google/restaurant_8070_google_800.jpg,restaurants/google/restaurant_8070_google_800,800,450,161200,jpg,1635,places/ChIJ1chZDH3LvJURJelx686NeO0/photos/AaVGc3nAj3mlkHJtV7kaTCsWAirLpcD-MANRS8hK7ywSOawl4kdKzYqfEm5VImf2RwXmMniUcfmfa7YlpdkRm-iQeNtN-rOg5H0yL2TrjAKiPQP-3TJVOb90baLDb2kDldEsR8kDGKXNqQGsItUY2lUJ82024Acno1qM-b6hfkDTNf46btVM7WLlulY_g0kqnOccRoj2dWwnVSs_hOiXcrb_lBcSEwPydXmz8OQgL2-1ppOAeofpIm0rkwJDzC8X_LrrYJS5FO454o0cDjbcnQDPUvghXVJTWBn4-gJsZrWLk1im92VEmhIaa3DixDrE8Zfwog3Jg5sv63AJkP3psKOidxJfU2_nX-CZieWCv6IoPECTsXfSb0FeJTQQ9byLdsJNJQpmPkmHS1eOWKtk-zSZ5BIIFEmXDJfHPmAeK-3h92CtoA,Fuego Lento kosher,
8071,Glitter Restaurant,Glitter Restaurant Glatt Kosher,ok,https://res.cloudinary.com/dn7vbd6nn/image/upload/v1783427578/restaurants/google/restaurant_8071_google_800.jpg,restaurants/google/restaurant_8071_google_800,800,534,115439,jpg,1540,places/ChIJ2cENWws1o5URYseMcHeet2o/photos/AaVGc3n1v5rZHzQiQbPXdzGJR9i7gKdYS4TYYb5IDMoJ2tB5m3X423BduUzxDkzyJrY7tldyDrkesIqQ6lZdlq8UH_DkXoxta6ja48jn0TIqoUGk419hRUc0quOjMdIqP9cvbwV8Bu25NW-uF95jOwl1XTOgwgHnlFQ5EhyjufBDTQZ7THhdnU5NFPBA-Rk4cVm_p9yi9YU2pt-PiDJ7ERKmMfgGTNJXiwU0vJpNjRcP2H33kxPzbh7PSYneje8TlPj-AMEnLfwdVKcgI72IgoQFPypabqh93PJzYzUmTlNPMPl5gpq6-zn9wGvPE26eMQUNAkWGzBRs5876dOm4pMwCHrnXMQXdW9_RVmDwEf9hYmkCtNJZV1igpY40JeKuDm5h4p5_bYWS4AFN_wqdthdQpgT6rGGt-2s30PdyJ7Thw355_Q,Glitter Restaurant Glatt Kosher,
8072,Kokush,Kokush,ok,https://res.cloudinary.com/dn7vbd6nn/image/upload/v1783427579/restaurants/google/restaurant_8072_google_800.jpg,restaurants/google/restaurant_8072_google_800,800,450,125633,jpg,1631,places/ChIJ4Rf185LKvJURTSoLCMxTX2g/photos/AaVGc3k-9-KKsXynznycAfqUjSH9aCcObQgcD8Mo-qq6OVIDZvobt-molN0_OVUzB1lWmKeMYRYRK9jEyIZzTOHNkzxH0q7tJLyJg_-vJhJemqhkvhoptPEtTnrdurfS4-vbglzqU5tKWJCWqDJu2YnLlwUMP3nRFwDo0GQEoECUSCR696vRyxIlr0U8IjqFWH_2SVKhKG5HAguJvQ4LV2F7yW6au2MkWLrOGknEtdbknn235iPrG2WUcVCDVI980nK-50cZiHxIUfUgRj93xx5K2IxCvq63-rkzHljo9yfAdI4FWEdYwjGcAnJ8Mv2TlDgG-ykCg9ov3aR9pIZcCdzYkckInn5RauKvgn2kfwXx8io9Z6sCX6-cM3yRjk9z8A6nCIWqyrDsXTATpJneNNGB-n2Vu-anQEisdJfyPbBtg793ZQ,Claudia Cattach,
8073,L'harmonie Bakery,Lharmonie,ok,https://res.cloudinary.com/dn7vbd6nn/image/upload/v1783427581/restaurants/google/restaurant_8073_google_800.jpg,restaurants/google/restaurant_8073_google_800,800,1230,344752,jpg,1566,places/ChIJx3R2gAW1vJURalNI5EZBWi4/photos/AaVGc3kN3vp4SSenhd1YStaJcQOKPwbJ176Baf5Y2XNVMEAdjQGa3KAL_meSUBpgGTnmreE9WMqCPvFudLSV0uIN8n2F7CbZ76hvBUWvI0JiTF60PEYFsPe0QopNZXDDagm7n464j2rvr4U5GKpgomqHTl6R7_NjWt3ZuHw1BniERIjwH8S9UdPvJSQzuphk5Muy-pT_ng73U6uoD8lNQ6YVMgMts_A0yhUoVDit2TawFTkDQGP2G0iNTZayU4ctk92jlcX6rkQrO26iFg13HxVuhmcmTYYAu-nlnMmi211ZEhwrZPVAq3EBSF5jkemE0SuZuHVJPYIxerNuXEZHT7ScxIe0s0In2emNCL2YDq4Ghhyz2hdvSQm29EvxSq7GMRdA3F1_7jZjI-1Oi_MM3LYNDYv47mFv3eOykdzkOL02nFTQ3QYI,Facundo Bovino Mattanó,
8074,L'harmonie Bakery & Cafe,Lharmonie,ok,https://res.cloudinary.com/dn7vbd6nn/image/upload/v1783427583/restaurants/google/restaurant_8074_google_800.jpg,restaurants/google/restaurant_8074_google_800,800,600,160915,jpg,1704,places/ChIJq-aUR7m1vJUR84RdnMVJw-E/photos/AaVGc3mu4oBxkDN8kz5Sa2x9F5oBB330gEmJI6kqeZiLo8p8OXJGunTBv625hpDwbxn8gnbq-niwH4oR1frw4__Xwnwpd5KGg6x5sBYcIbxpaO_JLtgrRY48gch4kv5SF--FUY2UrQ7Jz3RxQFCxAgKTE7zKqTqoZOcGdc-yt8zAM_ZqMm7bmMqapRUTN1_V-I-8eN9v2ClakwKzEgUxJi0ro7WQusVDmKGDp5wxYBKNNV5aXlu5CRfq49Gg6UT_gXgeDH7kDfPddLuP1wIXABkHcrWn9QFZaCU6KOEKXt6Vk084cxhwiqLeMzQttuC6wYqSbRX4BnQizJmWkMWl1YJrGLly_ikeF2oD4yRsmgdzi8svaATuNRyZGGufqp4vgImz6CFGA5_iuFtc2B4LRPjMGAJxULGuAkljhyNByaXlZ249jEw1,Nacho Sacchi,
8078,Luba Cafe Store,Luba Cafe Kosher (Some vegan options),ok,https://res.cloudinary.com/dn7vbd6nn/image/upload/v1783427584/restaurants/google/restaurant_8078_google_800.jpg,restaurants/google/restaurant_8078_google_800,800,600,173463,jpg,1329,places/ChIJH43h4JfKvJURH-V7UyTQJxQ/photos/AaVGc3lyWmdnCs6xw3JMHGMUyXh2nBzHgM30PEGo3Wqd1bY4g2xfGrnsdJHcjAiCWDaGxmRlgEjDxS7MnGBLZ_Y9RvAoY4vu61bG7T53wyKzvwaQfXGCKRZJgAy8gvjBJT-ZyeK2ssdspQ_Q7i-hYTz4uRwpb79pEPhPUb6tpHlQoiCShSXQ1AJhzit2DCk44etRjGnmQ14cFWBQaH0JteF7hNl2Ss2WuNdYM2SbOFcBZxiNfaVpsD1j4G_xbPR8zmuaQWx0WRrgpZ7x-Da-u483yE-RiQVsPYKA70AaB04VR8BeE84C2XwZEg0mpibX7w0O02UYhQdjEgV4R5NBJozE6z19plbPz93sBC4VoKColAdfIL7WbFSAjnx46OYTeIyILna1wTOd-y8gAtRPFmXj7_aAZn2RTwqY7_15DalU3yFS4J6A,Cecilia Romussi,
8079,McDonalds,McDonald's,ok,https://res.cloudinary.com/dn7vbd6nn/image/upload/v1783427586/restaurants/google/restaurant_8079_google_800.jpg,restaurants/google/restaurant_8079_google_800,800,534,141656,jpg,1534,places/ChIJM-ffg4zKvJURcGFGDzHyl-M/photos/AaVGc3lOwqIVGQbFOKkCrp---se1TVgQwBLeioHsrFci3wi3oVq6zZEPNlAKG3c2uH0MahpIylrTrIltrHk4wYnEy3k0Xv0BwEzfYRRkCw1m5E-LFQudR7xRcvyE4bKrGyc6dqdSjC6l3kApLelrLUhJz22AFW3UeImVwuZsXt23wHIT-OKQQftKz2bfkMq9qz4jlHJYR95Clj7Rc_P5Lb9ckLSpQTQXsQ0JA9uzgJ3-F5DwnqmuLlICdVcZbeRFhJkEMPleQtapvQxeJ53H7jCpOZ27E1Lp6MbXQvebUP9Xq47r79-_tuJjTXjr831k9FrKxNlLsxvMgpci4cUa4JFHhezAdi1AaZ-7SVoNKAaJX2GOsBTh-T5M5yteWk4q2cI6K1pGiK3V6lY57gQBVHP6D-5l6FQW6XvaLCIfwzOSIKT6Xw,Marcelo A. Rodriguez Cancelo,
8080,Milk & Co. Sushi Bar,Milk & Co,ok,https://res.cloudinary.com/dn7vbd6nn/image/upload/v1783427587/restaurants/google/restaurant_8080_google_800.jpg,restaurants/google/restaurant_8080_google_800,800,534,114663,jpg,1490,places/ChIJhXFw3kw1o5UR90erTUPw8kk/photos/AaVGc3kcXxbTL12mwC1-TcIeT9eVo4ghPOnbQz2gtRGyam7VfbDYLNujs2PGGp5gcad_eP81OevY7K9yr_cBuWkOiBcrnDCueezWVLxhIKO2Z6WqlGqa9ejk0gfLtWKkxd-QV5bqdlRVNlWAHm0F9eSp0dKkoe0BblMV7d_KsZ6KQCSsTNeRVtmqVBvpOa2jdRfZlidV1M_k7a1R0ZCbozOqJRNNESWMisnChoGiEb47ESlXa95UdF4Cgyr3Z9DPH4ofCbioF1mfK3kkodd-wJQZes2RQXGS7qtsRLxll9L7StgzU-NkSU_r13jkciLVtI1M7v0g2nr1k03rxMaZaWotMbz205kuWuiClLxgjBHYt8p1vtR1yNMFSZyF_KCnw1cD7SRqKtZ1ykvpdHmGP8VV8P_jLhg8xS9yTRnouNUtF6PMew,Milk & Co,
8081,Mozart Kosher Once,Mozart Kosher Once,ok,https://res.cloudinary.com/dn7vbd6nn/image/upload/v1783427589/restaurants/google/restaurant_8081_google_800.jpg,restaurants/google/restaurant_8081_google_800,800,1067,309182,jpg,1720,places/ChIJC2U0ppPKvJURzMgQNcylz6Q/photos/AaVGc3mdzjqX-5TAmh5mvxgE36GID9b6ydJJmpTxpxv8-rH9BQdKFboWRzf2KXF-zkPzN-Y8E2bj47WTln9tYCJWbsEEKoeZyezHfyfQaQTlFlKlMrjHhMEKAwLA6sxhY8coEBsJp4N3WIu583X0o0cWhPgFWJuTGan9vwVeYMGDtWE2FUA-ujRe9YawCdW6CWQeIPwUdeiFHklmXnNiBRL2UEDjjNX7Lw7B0gMScQeWSBwHpU97obBxa-F6jP2SU_FhrRbpKKGr53kPS0R4rd9ajWL8Fnrnfo4ginGRjA6fUo0hnxwmvGbuj_8-HkAtuoEgMb1xRmwCUqRbctCNeHkHws6E4MDk5uGEM2Rp9ljPKON2Uq49ToSKUF_9idOdkB5mdlzf5Tm7Fm5OBJy_73FosNVXV7JGROM8ocQ3AMBV_wDL32iq5iKYAlUpx2NcD3K3,Robert Paling,
8082,My Bagel,My Bagel,ok,https://res.cloudinary.com/dn7vbd6nn/image/upload/v1783427590/restaurants/google/restaurant_8082_google_800.jpg,restaurants/google/restaurant_8082_google_800,800,600,113313,jpg,1389,places/ChIJ1YwSm5PKvJUR3uks71mRgp0/photos/AaVGc3mW_4OZ_jcfKDVk0Ke6J9IZaw1tLxKYJtucjC1AwcpZlfRZlChZ7Q-U9At7SS4MVngVhnRJYRd4TFIP634f3n-s_U3dtw-m7qepM_ZAGY8FEW7WMWScPic9EagtfV2P99_S-xuorR6PDoJb_Qu37xOgFN-F_-fSunEgyl0bG2DBOzhfhpqZjNBTrWLBaMBjweB6iJBmYnlnse94g9elZ8-7kQ6g8ZMyATi1tBbigRRc6B5Bg2GlVPbC3QbxDCeZMle28fWLs8tNzhFKBEoTaeuRYyYyf3CpVWGdBAUtxiVSdoCS9KvB-UzKZ750x8gLQ1ASqqEpiaynJpztaYl2fvmQ7ZAlyqVvqrFUIq9e0fLuSk2SlcQQ4xKY1yA3PMIJ-sxJGblHosca4319n_3Fj5mgcTrJRexI5qQYzPYgEzjfEmUr,My Bagel,
8083,Parrilla Kosher Lo de Victor,Victor's Kosher Amazing BBQ Parrilla,ok,https://res.cloudinary.com/dn7vbd6nn/image/upload/v1783427592/restaurants/google/restaurant_8083_google_800.png,restaurants/google/restaurant_8083_google_800,624,355,382743,png,1638,places/ChIJIZNT-pLKvJURgGMVLdUuc0A/photos/AaVGc3npEh_28o0-QZiHU3NEzVaKO_28DRcJVibByLCLh5RRdX13KCoc8HIleOZR7PgeotjInkWALEs22o9fQfVLYndBO0AJg1ikp4dl1d00y59Jki0XA4owWJCjkr70THfdKL8QdhHlWPaRo7bAW4g6RaAMMoK9paCjr8exVVkgZT61klj3CmTObF44hnDBkVjYVtHm-ohjdie42bQBe-cceqK8HTANpl1frIK8GxxKAs73M4ZgRTDXBC3_vE5ctTcbgPVcxTv4v_qpwNXNqGVSprSfivKxvQGAi0J9ozxfjfQtvr3wJ8i0stisWvHEoRdbgpnQ4b27QdJRlHP6Gz1iszuNpJk5uSzrxiER-p5T02tKkWX97UEoROj_qM0pKMDdR_vuz_IxJElByZYac9oJjIlc6OHK1UKXPHhq1kB7bPN67RLbpwvpP10MwRkOk7ZI,Victor's Kosher Amazing BBQ Parrilla,
8084,Pizzeria Venecia,Pizzería Venecia Kosher,ok,https://res.cloudinary.com/dn7vbd6nn/image/upload/v1783427594/restaurants/google/restaurant_8084_google_800.jpg,restaurants/google/restaurant_8084_google_800,800,600,109821,jpg,1483,places/ChIJYYK78ZLKvJURdbWKcNkZ8As/photos/AaVGc3k-vPmZxSAQo0uLNe2N6HHKWIoNWNKTa0ai_pqxfDnutHYWPIcmzGtteXWEZlrU06NLfnXvLFubPWI-5PVOHs55zsMbp5Hj2dEzesLXFFts1gg5mVcDAcHBn_1uf6gp5q8umPWIilgEU9JbJZP2gdaxM62J_LhMiRqgHfAOrGqorgZWbt7ku-eKBqPX5mL4RwvXTShB1tQXdAbLYWSGAqD7FZQdeIBZ1808KsEj_lf9HQuh2k9pywL3DZLa27pDyhXkxl2gMSwqsKrMHzgYCMXdqS_YoX96qOgQ8CuXvosrEE02cbWId6GPt_BN0_Tw71MdWh93MOs1sPHrxGdzbAR5qZjb1g9DpZ-VHyBY8APbuEOCOKxBFGnRH3vQPRvPgprJ32VDjB0GehDRvdkebaeraEVUMJP_rg4n5MVrjUQfaQOa,iosi acohen,
8085,Pizzería Soultani,Soultani Kosher Pizza Place,ok,https://res.cloudinary.com/dn7vbd6nn/image/upload/v1783427595/restaurants/google/restaurant_8085_google_800.jpg,restaurants/google/restaurant_8085_google_800,720,1280,90413,jpg,1580,places/ChIJz1R_SpLKvJURDmZG1wfRQwc/photos/AaVGc3lBhPdV1PrGCVpAc3h22aAZ6x4AUvvSY9RKRLvrkxMWyMfmNE_tGw_c3x57TCRkcDVVzH-hgRMm9fd0d0O4EIM3nNGT1wfFpDKzD9uxQSv4eiLOGSZ-9MpI-uSDAd5uC9E8JpJXNOu6YLevchjWEbuNd_rpgyWE188Tzel6zg2eiOVnHeRJV9JJyb_Rdhb2P2X6VCPXXluILQZn3V2k-qEpHHvfrhfz-vXqGiXJN1D0vJ3hGp3NrOtHqflHGKrBlJVsG7oSaN7KOceRWWLdEEfa5jHVSKNIRjUNXxsTzV4Ha3Rjc9Go1GTC456RD3_f5TjEyylIVV18kWXWzNair4qybXsE3hIy9vbj7cQnzJTBZJX2C1N42FDgzIQO_uyBJoyeH4f3CUaAceHXRSY72IP1jAc-zt-_9QjytKPqaUTn9w,Soultani,
8086,Salemttino,Salemttino,ok,https://res.cloudinary.com/dn7vbd6nn/image/upload/v1783427597/restaurants/google/restaurant_8086_google_800.jpg,restaurants/google/restaurant_8086_google_800,800,1067,231016,jpg,1942,places/ChIJTZlfNZLKvJURteXHmsRXu7M/photos/AaVGc3nEZgnguVNuKEflorxUDNv-7Pbn1JsqW2QI2EDH19ncwPdAeDJnAjt7w5Mqn9-GXywwLlyz0afno-MLhp121x6XYJXWwGCPVPRb2UDLQJD8WK37Drhg_6bKffi4m_4xac1e6av7MOrjvkOLxgL5Vegfdme9oMZxUizJMnKOFLOKR5agOCjc5rinENFXZu7IJy5pHZ5CLWf6DJMQdvX2eM613Uw4OZjTnAGyj0eltVEiRpVzRSY3EJZCrZtep-aL5rnBFWUDR-YAMCD1xDo8ZLzPlY37oJjSCvD3qgRk5cG4GTRGvMKpzBX0HuOnebPMjEznpMdHww2Roed2I_jHWxgbFYeXOdNnYz3orAu3DV64FQaVrrwfqzNUALv98xlU-PblV2NMtV5sV1Hw0U0d9edDdj9s14pFOiISy9kssp6Kb-fS,David Souss,
8087,Sushi KO Argerich,Sushiko,ok,https://res.cloudinary.com/dn7vbd6nn/image/upload/v1783427599/restaurants/google/restaurant_8087_google_800.jpg,restaurants/google/restaurant_8087_google_800,800,450,80039,jpg,1534,places/ChIJp1W8ce3JvJURhl3DQnM68fw/photos/AaVGc3lrycewK73ObrMfUjzjeyfOIKbF4yMNJa7Eiar_HeulijQfypoVfK27_-B-cZ67v4_i-SEKaxwNHTfX36qHorS_9bNchpGLHtQD0y2W4oTfSwSmks8uxdV704yTGOe676gAKrrDa115OtXlba16wuUe4Ch4KpVDz4xOEBpl-u_OhIJ7zR6JD-tv0jLsJdqUYuCGcfgSF_W4R03ynVxKIccZ9DARNr07D81GR0F1Mmq7w0wl622kVE3eocp5zep5d4hB844BxAAazoM0HEI5wbrgywsuJmGNO25DE4RJEbKewvuEu81ixKdL_bEGmE59KFvPZVTPcvN5_aGggMdXzjd_jsME5U4lYhL8JF31go9Wg2CzfOeYUZhFX7_CEmO3NbZqkbfID7YPj8yhpcs-vOsfm5-xm8mqvA9tvm8sRtudlmA,Dan Perlman,
8088,Sushi Ko Tucuman,Sushi 2x1 - San Miguel de Tucumán,ok,https://res.cloudinary.com/dn7vbd6nn/image/upload/v1783427600/restaurants/google/restaurant_8088_google_800.jpg,restaurants/google/restaurant_8088_google_800,800,1067,158303,jpg,1730,places/ChIJ-c_E1oNdIpQRUi9zUYMldQM/photos/AaVGc3m39KVYGQHILKjneI9EXDne4yFrOnqnrfzGy7l9B0oMHKaCkIoZUOznLoJR5YqtIHqMtJyv_TCDysMQtPREDnFcAlcXogHlEW7zsVs8ivTbKZSQktc3beKqqkHT-qpMAkx_L59QTf4P-3kRR93UWVgZ5t-oxyoIqJIlLUGeIu1wB7nNnIjqnIXa_dkk0lL1j-c8DRCNHFBmFoJN_U9DPr_nMd-BMdQ4WftqmLc5XetmE6mAw7zTCa5A7FfUmhwbJumWw-X1G9oxSKSNOWOehnomPkPQxOoZ2k4Z4pSQkX99F8pojUHU-dRyigVaU9IOEGjiT00PHA2cFzttjTq_KSo5a0jGyoNGPbdSl0G--XXIvc1W5Ptw1urdF4cWdWAckOgc_KmkcMUuVR1dFbu3aEzXWLHIpiarvDJp6424uk_NNSCXOJyiSHf8t5cG66eZ,Ezequiel Orcajada,
8089,Tuttim (icecream),Tuttim Kosher ice cream,ok,https://res.cloudinary.com/dn7vbd6nn/image/upload/v1783427602/restaurants/google/restaurant_8089_google_800.jpg,restaurants/google/restaurant_8089_google_800,800,450,121055,jpg,1850,places/ChIJPVEBB47KvJUR4pEDwNpkfyk/photos/AaVGc3mCngUyIJ3V8vC9rl3wG0s0SUW7DGOHYyKrDEpKhBDDapH9PZZ4USTQOvzzaNG4cXFShn3XGAJbmIJZiY8xKkk24uImle8JClVmgK0flPgQL0yUdWJarulIqwWWdlzFhz8RMjPVPUabbMCZh-Dz2IMQ9drmGskw9Xa072AtKtsVjf-uSfvndAO0CSMhtM650L-rXnDxz4EqPJmvKZkiAn4FCX6r7QLytQe9Zrj9M3SiA80-9aLPBTq69uXiO5wFNlouxv37RQz56jPEliBE9BhdEqqmkhUgpUan3NDNo-eUWIPLixy5214a7KqJPKMS0mQ_fR_v1ixhkOdcQMKVrXn1g5Hg8ufwsiFVPfCwXso-ajsEqRp0Az69iOXxjA0ZDHU16otagdanWtwLeNecqfU9AYYqkQv79LqGXGLgiJ9_klbZ,Mencho,
8090,Wafflemania,Wafflemanía & Cía Kosher,ok,https://res.cloudinary.com/dn7vbd6nn/image/upload/v1783427604/restaurants/google/restaurant_8090_google_800.jpg,restaurants/google/restaurant_8090_google_800,800,450,143990,jpg,1499,places/ChIJg05xfpLKvJURS-f1zseaTbY/photos/AaVGc3nEvFgPw--_U6QBq7NH5Sr7q9llKzqQ7uR9lcagDF7PZrTxMGbUoO4Pf3XyZ1oc2YRDTxz9xHiDnGFdIuLNWIa49Ubgo-pSqj_03Z9vzwkHnE1BcBB-O2flm2kf7AUK79tPJrV7NmYFkPwe-66QpwpfWgd61aKs7mD45LljsJskA4sIbFXRK9qfuh5tgA3yPn-GLardU30_eLSP3oaeALRmkvsTjaw5y0n0VQRFj5yebPcHihZfN43TUDImiVAM7_ZFosoGyeqm8jn0OHLhwi3ukGNHmGd5YN7YL3_PHlBVUdGWU-ei_cMGVX1NszmXxel6XoKdBMUO2e30YsSwuytFtqucgwrGLgLHWNGA36K1eewsMIE1ngzYNnFlXLB6D0BDVvlDx8nDmSQtFKQbWbl3stF2Dy-pr-zOO8aMFwkcJw,Hernan Kopf,
8091,Yafo Kosher,Yafo Kosher,ok,https://res.cloudinary.com/dn7vbd6nn/image/upload/v1783427605/restaurants/google/restaurant_8091_google_800.jpg,restaurants/google/restaurant_8091_google_800,800,598,155502,jpg,1669,places/ChIJVTVzS5LKvJUREoUJg0GQ2rg/photos/AaVGc3klxaN-4x8jl-izRwSrzc15YM91pOeKsfSS9VBPtzfIr8y71w_bRvyc_4ks64v7f6_1hBVWLIb3D5H6jOl9ohiod5obL-NMbGfhk0ZrYEt2kbuz0F6ra7M-qSgRLKKCeXlr8rF-NjkTmao8VbM_X5tSDVygt1_QV4oTa-iF9NkuYOneAWohLCQKBxUa7Yq1FjzC8ScwaDdSL0FbBu9zQaue4YdbLm9UdEolk6trTOg68iESdBe_RvYbibv3VqHbblKv4HDow0545SwoqxCO08SBDYPh_HjMcUmU31s-AU0nyOEH9gTvRWelXgC0SU7mERm_smV8qPMQSnXUFFtzvwVYhRdnUiyLM8YkmAMk0nwBHunceIuV6IPnOdRsBiT0dyF0AtoUVVVLOpamZxH2quZ8stDRlB7frE0CxOpGDPUTyg,R G,
8304,Balaboosta Bakery & Cafe,Balaboosta,ok,https://res.cloudinary.com/dn7vbd6nn/image/upload/v1783427607/restaurants/google/restaurant_8304_google_800.jpg,restaurants/google/restaurant_8304_google_800,800,1067,180178,jpg,1211,places/ChIJ0ZNdanRRqEcRj42F3A5rmcs/photos/AaVGc3nt0O3ILc2Ckv3fAXiC1oZfdYKAKSg_aqUY8qRB-Opg2MzhL914hi1neHDEg8aXSyKqNGq0fHqXpNT1tDsQ6crSN4LRwCSSSiA551SqnIukVb2cnvbvBnsUvvxw2lDZdah6K4zYaXZKyXYN94sFZpw98quAkQCb78kKcOUwN-hOB4ixrBJ_CPCbDTxmvUua5ws2CfxttU5G3WzKES8haQ815iIWcWtsY0_NX1WwbUlqL9xaSuSAyrX3V9rDDcy2pHd3jsbe2n5m7D2Eqj_Wh4J-aHf9kvrF4dHnoFgqiluedUUUDDIxDVCRqljfyihAiYhWOHWlB0VPyFP749xDu-7aOLrPGOQ7BbEZtcGM9lDsTMIEU_Kcqh1WChv0vL6OTyClzA9KbZf2EgF06X_UH9185lW_Blt1gtZMDqUZhUHMxuQQaqVOCkokjrYi9Uww,Balaboosta,
8305,Bobbe Speisesalon,Restaurant Bobbe Speisesalon,ok,https://res.cloudinary.com/dn7vbd6nn/image/upload/v1783427608/restaurants/google/restaurant_8305_google_800.jpg,restaurants/google/restaurant_8305_google_800,800,450,124247,jpg,1445,places/ChIJyTMlkThRqEcR-mv7RdOFkaU/photos/AaVGc3nqfv5IOzkq_yiAtGSdGazNsYkMkErsGUFtU-Y3dgq-a13PKb49SCxNnf9xCETbDp0f2NwIVTtOPperCWHpmHBv5m6QbJZ1Q8BNeQzatmAqQTd0snAto1ItUgJRfCcx7t-uyZiO75RYjb9DS_BhzoZ9lC_cI2ZERZ75iohZ4wxhOOGcNfTkZ6t9ef_TntwgshH7Adge7JyQGdwrhP9eU_y4f15bApFe3K7V4ShN-v-fYl4SIwgtAoSL8feHIN3YF6PvOc68ZIg4B1gCP5rRSFd1TE9VujS3GBXXZWCMJJEDcQDrhZ47tDrfydhbyH29mvSHyDpLZJcfF5IwkWOhnFUJdAbCdIE5JfTN8gOxctXzhoaM7mHA-rTleM46EhTQZL8ppkB_ZEXFw69RzQrc_rn1lZR_O3eQ5P-5M-SSA8U,Restaurant Bobbe Speisesalon,
8306,Kosher Daily Markt,KOSHER DAILY MARKT,ok,https://res.cloudinary.com/dn7vbd6nn/image/upload/v1783427609/restaurants/google/restaurant_8306_google_800.jpg,restaurants/google/restaurant_8306_google_800,800,887,245265,jpg,1589,places/ChIJb21pQOdQqEcR3gbo7HrZUww/photos/AaVGc3kBaahAimbT9y3we12RPde5cmrNUrULaiw4bVsM12xtYjCqwlKry_2AxYzwclv5vBNg1SA9Nt8AiCxeq61WqD73UBIigRIfvI0pWTmfb8-OK8fKnQLh2InuobM2iXg1659QU6aAGFquNIEboUHJTb9Q43lxqzI7aOcC6R30MHR_b7GoyPsv_pKIhZA4sefdmVLBoMyaHV6P0wuW_6wnFEcFacGyFX-f_UvTZfFE75XRKPe-_-l5YIX_JI9J420Tn_LDWI6gRf-YKaQZ-saNcgSXJ2L2MIpJs8TJt_RzYoX-NXgioMTj--RwdsEnefA9y8yRxiAW0uhD16VEu6Zcyhg3w1ZW4TGaq_10-H7MHcECYro_tAxXL4YyFcbiwJ3rJxe7zdIBMxo7cYKuL9THyJ8EqWwfYqGmXB5o1vXCfmmuEM3Bb4ErYeLF2gSXRQ,Torsten Quast,
8307,L'Chaim @ The Chabad Center,L'chaim Restaurant,ok,https://res.cloudinary.com/dn7vbd6nn/image/upload/v1783427611/restaurants/google/restaurant_8307_google_800.jpg,restaurants/google/restaurant_8307_google_800,800,450,91368,jpg,1269,places/ChIJDdYI4GtRqEcRgYYmRT7ncG0/photos/AaVGc3l-FVAyyR-z-AwH8gQyEU27BxZtAMts8MpR9p4sTZ_rTV-Yoj5yUUikmPKYGm_qPhopQB5XzrtGMPutzjL3PIKOKW9re6sGjhyXFGB8uMTnYfBrg_Pn69J3Un7ymx4y1Km-5IjYDM8dbw4ZPZg-a4QbPQeVNPuQoUbRthlRCbUV9Fm0PxQpB8aTWdL0_A_d8cHmq5ZIxD94oyYkRqJ6ak6W7Ap5sfzcF8x_g7hw-9f4pAxbYmq7HnbE9curTG3xwpT_ODlo6L81rRQD1FSO3-8Z4NDPOkO3JxLCjTAJgj9gpQyhovkpOb-o4P7sdYcllzq1tUeoxqVrZ9_l_oARk61DMMkDKskM3DtKqRGdVhd7NgTecFd_U0ftLFYxHexh12hdk5L52n-vzWO4hbyBfm6IA6iv6WijAXib6XT4e8FG_w,Avi Rotlevi,
8327,Jewish Museum Cafe Amsterdam,Museum Cafe,ok,https://res.cloudinary.com/dn7vbd6nn/image/upload/v1783427612/restaurants/google/restaurant_8327_google_800.jpg,restaurants/google/restaurant_8327_google_800,800,1062,206051,jpg,1740,places/ChIJRytnkL0JxkcRTbqhkQ0UAfc/photos/AaVGc3lwXriTLXyFkOG6zhRF7vA7cwbpezQlVI9GzScyB39sQ0L9R-HY48q2uPBP6o_8cUPWlp8aM1rPnTtMSqwmvOWL53HSeJHCUd7jpSas-JxcsjaAI1JWeGTe_nW5Afey472AKWyJuLA-y_kycDVXOQshxkVBHapZTSJpMbD6XA6A7s1jEMndkfeUs4UZnHvgbQMePW-1MaJlfD6R8Ka8m25aHjS-2S1PAfTZ2V4KNKNaDa7GUnANkYcR_nk362Ons3dsJ_PQ2GT-efT1YiFGODuapygtai42F1MBqmy-zJ25KywsfUVPE_8h0_J79b9RawvyOT8RJBEoXuD5YJcLbBl2KC0sOMaz5BMY1u4BB9NX8r7PZCLrJ8TvkPkbKKlL3m_5M4C8PsQaRCBb2I7el-BzIfGdD_Ilv3iUUmUryzk,Mike Spurlock,
8328,Kosher Point / Kosher Supermarket,Kosher Point / Kosher Supermarket / סופר כשר באמסטרדם,ok,https://res.cloudinary.com/dn7vbd6nn/image/upload/v1783427614/restaurants/google/restaurant_8328_google_800.jpg,restaurants/google/restaurant_8328_google_800,800,677,136675,jpg,1225,places/ChIJ_6pbKxMJxkcRHgbewv8xbBM/photos/AaVGc3k-IhfzTN9hXHXNMaKJpwiVptjUEmI5NVwgGnOxRd34jLcChwIPMNfmvqmdlmK2EIIE-rFtBWzKwv7C6hiAbdHe8xGBGQqWLe-Odg4w6o20JMVx_i2hu8zWxXYi6uaZr9qckLAJhOOnz8DPhF7sqHiToGI0ALwdmRIuc-0FHsmCZTZeubqUkPbm6tGrXkAr1zSSQJxcygnlYklDZowfykfa4JbkNDP5KPAUgo3yEyLhzamQBIqiOl3Vb2ffGNXZZ_vZJIgpZG1Mnu-Ubx1R8OvEiLRRkOfJGsrpZqriHZraA2PAvmk89DjeZCGKr6WeiAkrHZUNDZ9GBwSGSwIiEyPaGwG1CNQCLIiAJuPgGKizIsi5j3hWMUXG0KJXcegXwFhZp_oAmumbQqUoyv1ej2fWFRHAn8gqgxzh5bsAxSU,Kosher Point / Kosher Supermarket / סופר כשר באמסטרדם,
8329,La Biss Kosher Street Food (Temporarily Closed!),La Biss,ok,https://res.cloudinary.com/dn7vbd6nn/image/upload/v1783427615/restaurants/google/restaurant_8329_google_800.jpg,restaurants/google/restaurant_8329_google_800,800,450,79141,jpg,1559,places/ChIJa8m18vIJxkcRo7_Nes6YK54/photos/AaVGc3noS87QGeK0IM-uLu12hPCJg3WFaaPKwanZdrWFkOyqf3SKfexrAz6CMgNzwsaoCG_pZUfWxJ5j68g0eToRNnWCXzEsPCXAz-RhAx3xBxApY8fCfKoVqOG-PlSe8UHtqTHv5clnpwItULQn3M5X75fslQlYKIL5lnUJFs8GQOIWJCc_8YXWHRaQKpG2QU2csa4tgFKj3RAd7uBKo8uFzyIK4CdNaDWqiKnUbM5WAMa4qftJcmK1ioiH_g7daSj-7pNLreqt-YVxV_5FCzmmdwS_C4LYCMCpKscZSYK8SsIM75joiuSpeOu0GLXogccJD9GaMe-vEtPuV7067Gsb3QSMGOAjoRbXWMv1kEpL58iAec3KG_44VmPU7p6Yd7pJq2kx-3ceaw8JUOpDE8JD0MVdwfxNDn6ADpIwvKFoKDHCBQ,ישראל כהן - הפקות וידאו,
8374,5th District by King Solomon,5th District Restaurant & Cafe by King Solomon,ok,https://res.cloudinary.com/dn7vbd6nn/image/upload/v1783427617/restaurants/google/restaurant_8374_google_800.jpg,restaurants/google/restaurant_8374_google_800,720,960,168128,jpg,1198,places/ChIJtWX_DlCVC0cRZe6XKhJBK6U/photos/AaVGc3mZtYS-1RhXWCZ6K6Tl8HOFc7wAKZ4l_V3Oc-5ACVAiGjwK2_dFL98FalZTpuGiCvsbFEOMNEteeWn8Fq29uHpnWY-tqLaDAiBMYTIbXv0-sppuvzE7xo-RflR0LyKscDn6BLNako7RzY3qm08ANYe6lb6U7jnt1nJyBL_iw18nmxDs378C85FmNI3VTw3m542i3tQ1sCntsu_I5CCoFfdtErgqeb-QKvDBL3zv03phQWHv84RpqJecWrJ19Wcc7tXZZViDidZdfoejOTbDgAy3XntCRYe82oJcWclszXJggKoiolnOARQqNhPea2p0dlrxhPSHtzirpQJu1mZ4DKtZiyCLChGI0sU7yvpMVnAfMIpNSjsLmgvjbt__i4FGwU1DbpQ1GQT927HIauwFN8g3lyASQlfeA9ZluhSTFIxKxQ,5th District Restaurant & Cafe by King Solomon,
8375,Heimishe Trdelaich,Heimishe Trdelaich - Kosher trdelník & Di Shpayz kosher shop,ok,https://res.cloudinary.com/dn7vbd6nn/image/upload/v1783427618/restaurants/google/restaurant_8375_google_800.png,restaurants/google/restaurant_8375_google_800,580,552,471544,png,1431,places/ChIJaWSPQACVC0cR-Q0mvgKM_8U/photos/AaVGc3mwls0EfE7YhVNK_2M4dGr8igMaHFkh3sPWmBV7h_HwmTQWe3f9hf5eDm7KSB4t9OzEK-hmL-skbAz_iQX6ZTFfF7POC7bs29Ey_3OEMNojD95OzV7u9l0G1MjHqQxk0TRHJuiFFGvi0ERwVYBsyx7Fqti40nC7D4Kh7v7TpGtse4kVTX8R6AEEI24qn9lyCYWfWlH2ctvpEH-sWOSrzb5zkmMxluCPHvXJJgRyxSapxKcl2q82c1ENcforxZjxeSnXzzPLZj9gu3vK3qRo65A9bquQZgwecxCzjd0vD6_4tArV6ZRxFqzplVWOcFJk-3ijbTXvkJ_wKbXjVJFmf3mKQ5EPkpeW5UxXTvEmSqls7UOjwgNGBpn_TtGKrMRdstx6ioVy6KZvlR9N50ak19J3SMm5odWBJbkO5OeqGYq8YBC9yS4ct7wAxjsEkBqZ,Heimishe Trdelaich - Kosher trdelník,
8376,King David Hotel Restaurant,Kosher Restaurant KING DAVID,ok,https://res.cloudinary.com/dn7vbd6nn/image/upload/v1783427619/restaurants/google/restaurant_8376_google_800.jpg,restaurants/google/restaurant_8376_google_800,800,450,84789,jpg,1389,places/ChIJ79J1LJSUC0cRstrjs7wvHUE/photos/AaVGc3n8XCjqAv6vnto4eVdKOkvkre3rBjCO7_tyEW_NNywVYsa2UHbwKjmp91GC1NKqhYtnx7S1qytgs5UO0dXFuuaSdF51FymcMacUpmw07uvZauzq__qB0vZPwcheo4DOpRIg7dXOPjdhcvH4f73Ll6iREO4C_uKwuW1UTmcm1XYJYcZikxwV9b1ebASxW2BpKdgxHugG5v5ltrmHRBKReYyoc4rnx7MMIFLhOVXJr9WEX5kPSzReDMR5m1iClzNh70GgwhSajkOD5cMcwr9aWcXBVr1JcA-5lZMIWIJHY95h8TwJlTkbwcngNd1wKi3hax8NiB-qn3xIwbVkdhn_pf6psOqoGSThoburkmgFWEuW31LBHbE0dY7Q7yJ368oOGjo0giGX_VM9mczNwI4NNaMqzPWUhNK6MAW6hPBAUNanIR0,Kosher Restaurant KING DAVID,
8377,Mansson's Bakery,Mansson's Bakery,ok,https://res.cloudinary.com/dn7vbd6nn/image/upload/v1783427621/restaurants/google/restaurant_8377_google_800.jpg,restaurants/google/restaurant_8377_google_800,768,1024,173064,jpg,1469,places/ChIJ18g3JeiUC0cRZWJXrcx-L_E/photos/AaVGc3mva70vyFMu6xTwAJvK8GDncssEeVlmRsNCWDBiC1epjISfzH2HBTOVj2x3NJ-dcjIs7XERC4Ef9xErC-MnyW0l_thyYEL0m68bClKwHeI5reThZ7GgF6BewCXzKHfh63ESxQuAHoZedY3-T8beNNt9xuKibua--BdPoBPEYJPQ-yz7TJUu7EZdRl7pOu1dnD_UnZEr7WVOLu8qwM7F0eKy-Wgd7qa324c90vNxQsm80uRowqyUdyB5xje3LKNY-_5sU6X69UW1cDmbSANKuXim9jBg3r4-m_DTPxR8yUd_fBJxyddyUpTq_dGz8vIQ-ob-rWK9xb9bh9QM_73tmt0X2xNa6QHekcIczONRJSxmCT_TqRPPdYWEHsQPCSWoYEdJl612tbs5I-EQSsRube2rCCsdzcxHfIwUUAkXLw67nhWR,Mansson's Bakery,
8378,Mizlala Prague,Mizlala,ok,https://res.cloudinary.com/dn7vbd6nn/image/upload/v1783427622/restaurants/google/restaurant_8378_google_800.jpg,restaurants/google/restaurant_8378_google_800,800,1067,214901,jpg,1430,places/ChIJlXDwJySVC0cR9gPX_FpTs2Y/photos/AaVGc3l6Gu4yn0n_Pm0uRxiwxp9Wf1aSIMBL9ONPZ3UQhtvAfkNnq9nNWozXqpwRzAMSn2IRcov6_p521j2MOoU6RDV5KHD2zuBNVBaXq1jZufdfybslVOWC1kmO2mD8KKlmAvw5iQaBw6BxR1n-8Z2PxLNJjkGYnA5-it5B395-8pgEz-9jfB5L9AXXFVSYzgq__B2fWoJj9hb1eIdMEx2xjnYKa02EbGXYBWvTvnJA4FWIXJQumNCi1xOjspsN9ehc_5d-jfNc3ZqRn8tF8tPu6Wq9nuxa1XzkoivnBJW7ZlBfuly3aeSyeuD68kQk-UgizWqxggpnCsPxgwmXpOno64x8btcL9B0cYN68i0MzH_n-R_xERo_lTaBfSv07sRmnJ6zP4bj3i9eiKcTgdDD38V0i36fi9zyn3QxHaEXdc_Q,Mizlala,
8380,Shelanu Pizzeria,Shelanu,ok,https://res.cloudinary.com/dn7vbd6nn/image/upload/v1783427624/restaurants/google/restaurant_8380_google_800.jpg,restaurants/google/restaurant_8380_google_800,800,534,148542,jpg,1425,places/ChIJLdQW4ueUC0cRIHwNqKMa5Iw/photos/AaVGc3kwLcodtybhtCbSQOi22JZ1x955iVC50n-0D3rxI_RIMU2AB6mWEFptEJM5T-xFDvWP3TBu9_xzAN3cowYKlSCoOGckMrqbNQFGULTEb--O6aAI332fpsSm67uMAdq-XiJui2fASg-zpiFdJznlXJFMsuT5-XsFMCul_CaJUsmn_a6ZwkxMMo9vUzkGd9nHI0zYiMqaKDya5-QZalk52B2jcuPpYd-8-d3IuwbH99UiEEOJ98dGZtLwsXwnM_Xf32UHOC0wytuI0sp0QNTvy0Yu0sBFUv_RFKKz9_Sxq43mX9ftchLd2nzoIlc5Arg22ZcFCpDFPPxTzvjQj7JinLiYGx5R4Gq4vn8SIC6EHERMR237GuayKKLfQ4AAQ2ERnzaE9DTRijJSVMcDnsh2rJfNfQ-lfKxEmvox9l95ja6AQnSN,Rabbi Manis Barash,
8382,Trdelník & Coffee,Trdelník & Coffee,ok,https://res.cloudinary.com/dn7vbd6nn/image/upload/v1783427625/restaurants/google/restaurant_8382_google_800.jpg,restaurants/google/restaurant_8382_google_800,800,1067,291825,jpg,1332,places/ChIJlbsubuiUC0cRiuynHhWNTUg/photos/AaVGc3kn2dSzNu8XHMPEPufXgegjMah8gzuhU9k65b63ATlw59VWKqGpBwgTUf2aPizQAMWf18LKnKyBRTqkvFwKiHoL1lP0Bcntv-a5FzNB5C_pdbxubjKdi6HsNcoq82qxnEYLDLoxB0CTEL8N8zKXoRq3EwZ52flIT0Z6BqGb4FU0OJeUossu0-aqWY-EWT_KsvF62dHUzkUgay6TMUNXLJZmlC3Y-aeNVhVf1KJZrFiIM_mPJ0Be3tLBqnrAuH5g0JEl2ZITHHtuDSV7QIQLNKp0yCyI0hy9mAzvbaaHox-2ZVY0QEJiEj36cjoN7lxIbnRdX-6_QmXjFv1P5ZlznfsGgg-IbO6i6UQ1VUZdkNoDJFaNvnlbjaluNRU4OagFQTJ9Okm4EKWmZnI6uW3NpeZ8upTZucwOTAjNtdwAClGUQONZ2v5DhOVs3Ze8j_ut,Trdelník & Coffee - Kosher Trdelnik,
8383,U Milo Italian Kosher Dairy,U-Milo Kosher Prague Restaurant,ok,https://res.cloudinary.com/dn7vbd6nn/image/upload/v1783427626/restaurants/google/restaurant_8383_google_800.jpg,restaurants/google/restaurant_8383_google_800,800,450,91913,jpg,1225,places/ChIJh8kJ3F6VC0cRjKRhoV2SfuY/photos/AaVGc3kAwq6M_CiIPkVJJ8YbGjiMTW7kJO57oaxVlmJR_eodNFIPzP8v5IkfewXCylWtAaPTm1wlOCs5KFdA6NKtctVW8SLZEeXZr_FVwR6XdSYADWKOZQjdxj475qd3PKL8S2eJpIYn7SuPd6H211QinX90uiMYj8ZAf-hBgQDYLIlh3DfJ-rwI-hbHWtuuLD2rGjQbTBrWnmS-IVGWQqAPOQdQtS3nmJQcBXIVA6QDn7nsnTQfhM03tHfrEqBK90DNv1KW1iXocydqgYlzhOa5_PketskgxM9xONu1rn5C2hE51LK9DC4D7-amqDZnktieqhSmCrjdIhtwK2bjca5H767QDZ0FiaqcnEHzLHjZhfkQNC56mfW6NAq-isgvVwdwhUyU-yQp7u5ntzJ-CwlmYM7xVoz7uFyEdQHB-CkDxxv4vA0,U-Milo Kosher Prague Restaurant,
8384,Ben Ben Kosher House,BenBen Kosher House,ok,https://res.cloudinary.com/dn7vbd6nn/image/upload/v1783427628/restaurants/google/restaurant_8384_google_800.jpg,restaurants/google/restaurant_8384_google_800,800,1067,273654,jpg,1326,places/ChIJxSDNNJ6ipBIRycgF7X9iVmA/photos/AaVGc3nhgdpf2XDoIwTojMpbA7rPP85Nm-OVrpSh-5iSlWLKKQ_w9AaC9oCv4YOg7-maripWXoxFtF_UgHNYSTvD5j3HvAO-DlBzqyCNfutxDVMlazcLfCtckxeJJ_1q4PGsGRBKUbAMJqWK8codap3JPWv05zqMQHsFbQa2nF6b0PWMvMswnp5SO8WlnCSEdptWcoOs4fZqJoTDOoxUIUmmGQLQfKpeunZTyfs3buSQdQvH5ckW-tpIcIQ-Cln8azCaDdhJ88KYgTrW2HvFz9tW7HenyxBJV39KouZOEkNUQHqAciPuEITbcJbppNKE3GIVhd4xzZgGoq6MpdMCJHLDFzjIRupQY7hG8lD-EhujH_-p69UyoDH0JHpPLOzIAJGAPd8RBIDqMtjSMlkOqs3Ob3-J1qE1CwYmu_l30CT4ZtiIirzD,Pako Valera,
8385,Chabad Barcelona Tourist Center,Chabad Barcelona,ok,https://res.cloudinary.com/dn7vbd6nn/image/upload/v1783427629/restaurants/google/restaurant_8385_google_800.jpg,restaurants/google/restaurant_8385_google_800,800,600,151252,jpg,1831,places/ChIJFTi28mSYpBIR1sW0NBkZ3Oc/photos/AaVGc3mV5jd4e6dLALAIwbPrnu4tC131DbGAMaanQEbweDAlvuHE1sZ-apLzl8Qw4-fjSVeYsRIa04K6P5WqjqzAAZOqqnCwAWc-UgyLr0bCRqZ3KmSYOePmIZUHqPS-s8mY2dZEKwLDVRSqFA0rkREwIeog2GxywJ5teJa8zv_ZKJWgesdi2274x5_wBYVHYMIONv8_6z2fanTuTcTAaDk-hcoSfbifqFMEQiVCHxouihj5LmL22DeBT47YYlK0s3mdcau8j1dkEnNzNarNtlhnsrap0YwigyrLRrZ4UFVjfntoszOmlyYhrnivjRKs_2bNA6N_cVjaUYnCFYCytwztRwaU-s3CJJg6e8BpFdcVxJaXCaUJsBrIUhtd-3Ay-heBV6sIAh_C1Z0BSvHv8262jP7pm1QB9fo8wlKlMskqx9xqaxcZ,אביגיל הלל,
8387,El Falafel de Shani,El falafel d'en Shani,ok,https://res.cloudinary.com/dn7vbd6nn/image/upload/v1783427631/restaurants/google/restaurant_8387_google_800.jpg,restaurants/google/restaurant_8387_google_800,750,731,92702,jpg,1233,places/ChIJfxYtFPiipBIRblESF7UVaHs/photos/AaVGc3lTDWCNW_Vuex_q2KXblieY7JP0Dz9SPGJ4I7yrDYbo0jgL-r_sS9Qds6UwjAMkYdPh2A3drOZntjBx8rJPZyfX7igS2XvLsfv2CeSveT_pkyj-Yat2dNunZFPlIraCEb3zk1ZnEQGGNzEStIH6xL1EfA8c8DFz_Hw-Ux2kwW_rhaZ5DxCeMwwr7RuP5eEof-vPxWogWhhllJRcPQwEdm9GV8j0QfOLyfebayXIiI3YA9OnNLs9eRg2zKeBomntxVjd5nLAuAY3EsFtJsqftmporVCufpS1nn77d_da93GAM2_fgYm-xuigyt8JAe0jPmb0_eoetP0wZPABhWV9bG_HcEWuqO8qC6rHdz0L1oW61KZIDkeaoMpYOTZv1byKTetirBJi30jPMIf9t9DeXE_DPAMgWdPFg5_aDGDEpfKOpQ,El falafel de Shani - הפלאפל של שני (כשר למהדרין),
8388,Kosher Babait Supermarket,KOSHER BABAIT,ok,https://res.cloudinary.com/dn7vbd6nn/image/upload/v1783427632/restaurants/google/restaurant_8388_google_800.jpg,restaurants/google/restaurant_8388_google_800,800,600,140013,jpg,1327,places/ChIJcasac1qjpBIR_-oADVUA56c/photos/AaVGc3nqW_lIv7Dc6eNH8YVF28t8Rk7hL5QcBX7Fj3PLmtd8y4FGs9QpI_tT-jzLWR4fN8JzLfVojCe1tHUBB5qQrWSozVqxworOCzLzxCUTI3-Y5HfqQTQQ3Qqm9DOtP2LTKVBAOWpRlDz_3siw-uCQUGxiqTBUNw3ETYT_L1ZNwI-JN6BFE9AgxQ8WTWVmhGOa8s9xs2oTW_jqUHzKY0Wv88-44nRh7wd5VOvDz_sMsYxo6a9xtblkYdkwAANMuGE5kuhUFD3Y4iOxa6LMlVPKkwMA18AxYq49ZkOFktdc7pKd-kZD6VAiLOmCsQeL8YdBVyCgYFQIZSjXnLp_BBhvj4tcalakXNgJA9kXByY2WHVse-yuYyb7WAWQCI8YL3DGnHcGoAbZS3Z3UP7zdgGs7XkNjmb8fBuj8DfipBV64pzHxDQ,KOSHER BABAIT,
8390,Taim Kosher Catering,TAÍM BARCELONA,ok,https://res.cloudinary.com/dn7vbd6nn/image/upload/v1783427633/restaurants/google/restaurant_8390_google_800.jpg,restaurants/google/restaurant_8390_google_800,800,1067,222691,jpg,1636,places/ChIJW3zhZRajpBIRTa7_egn4HeI/photos/AaVGc3mmVpRqiiZhpKGsubQGe73Qt9T5mEPRv9DainReSHuOP4m7zrl_KIqUusjXcACxXdajoXOgfownwSnO_YawwpDcFjkv5NBPoqS3NcqcFG8V_XvlNwvLjmgQxdkrIYT-oaE3sotEmKs3zDwgnXoDPvHqOclHOJqWDIU_rftJuZFbk4z-vWtRfIyRRi-__Xv7VtfbElK8VgACqulkx3EzlvWfNHw0IZxO7thd4U1J7NdwQ2r8eLlqri6YDiuF6BgQT4Ue8kPv0acFIF2qqeei0IncL-WNiOohmqcMKkvU0KAoucecWJ_kQEmpaJccGbQumzC4nhWbUzmfX0LVwGMKZgJmv2UjDxbbzl3PnU58qXeQC807OdHjXN3U8M-Jb5DBIblhbw918bNEDsRkQ_rlUeGfvSGQWE1MroC4pW78Q3h9NWGRgstZmF_SW25xvpqr,TAÍM BARCELONA,
8391,Xerta - Kosher dining room must be booked in advance,Xerta Restaurant,ok,https://res.cloudinary.com/dn7vbd6nn/image/upload/v1783427635/restaurants/google/restaurant_8391_google_800.jpg,restaurants/google/restaurant_8391_google_800,800,340,81016,jpg,1327,places/ChIJEycdDdejpBIRIU2-I7NsC9U/photos/AaVGc3n-UwwQJUtvIG6WBbxTfkAZzWHXFuL_you3JLADoGr4u_skm7fo2PBcrrN7hZxgdO3944t3zh82RZm5YkfjXLtRoBUtYqLHNFRWq57m7Cye6hhFTrAeLYRM6DL6963q8K_zgaowG0VWcJVmGGiY5Kq_w6Hswb-s8drSFEC9cHSV4ik7O7ypeUaIddpfGs6zc39fWTlPPbK2k6f3VV6Cm0q-xt_D1gXZypqn1Rww0M4XLnGvdnsT1fIKgkkwAUcdbdCfZ6OaJctSk6ZlEq55SjOekwscJu6miY1jIkB7tqgeFHAgK5WpVEZcSukIFTBynoE34f0wTbN_YalEMvCkuxKv9bVE4panHFFi0UmAABPvRDgKz7OaDYBUyXchiiG_gdiQ8607MlH86VVTZ5qMpiRGp_YDmpqZnS650kevRS0,Xerta Restaurant,
8392,Hotel da Música,Hotel da Música,ok,https://res.cloudinary.com/dn7vbd6nn/image/upload/v1783427636/restaurants/google/restaurant_8392_google_800.jpg,restaurants/google/restaurant_8392_google_800,800,534,138670,jpg,1267,places/ChIJrfpZ9AhlJA0RDRwt5Ox15vs/photos/AaVGc3lx6D7dByKOJzUiw3RyESHn1gZtA0mCkteu-Gpl0NmpWPsz6CPZX7KWxBW2469LqgmDNxx6IIcuydIYJRU6m6EuGFReZQfscBoYLu2gptjvIX6dFAc_PSc1EDqrflZCbrckKTGiVTBjOLq79IyWTpUXeQOjICfGDqQRFwm4pxLYv3ByJkeGLiJ1dhHovLa4sEKFUp6ySVoJu0c1Rowrem6bXT42Y8ksTrnq9CSsuloN3WzgG6B7aFAMjRUUitWUtBSvwijR5os9ibf0OyIsFiXAJS_wQxRbKMcKVVWYQmY0RDn7SsmfijJQcb7IygoiVcLHr7rPe9-XcGdKqQWwyz7R7UvViO67bXjXvOZEWnunEivHcmCjVwHAY42BRout-SunikVSwYAKQiEWklBRaFMtvOErYu3XHb0hOa2nZx510Ylh,Hotel da Música,
8393,Iberia Kosher Restaurant by Sababa - TEMPORARILY CLOSED,Iberia sababa kosher restaurant,ok,https://res.cloudinary.com/dn7vbd6nn/image/upload/v1783427638/restaurants/google/restaurant_8393_google_800.jpg,restaurants/google/restaurant_8393_google_800,800,1067,229060,jpg,1591,places/ChIJ8eenU4tlJA0RNcVxOYQ3u6o/photos/AaVGc3nBUvtcSu3fWd3LK7I8Vo9Fsy_uUrr-L8bVFg9dtyUUFYPgxyKf3VeO5b0CEddHodyD98ff5CFGMdINYoeCgvHFxLk38KZ0JrtXCN8LNbu6ROS_rPlS0SNW9-0rwYeuM_NcsBoFEJAr1beWjFzyvBjvaepOQy2VZzZzTwgWF7FLZv4X5jpA5Kx_l1eD03ArUyJn19b9hKqcyEF80uVzAIBygDIbvXvdKzFFTaeptw4R4qW8BhabZFhocopIbCMh6gXdRir32Pmda1GW2NAke3Tas9iKIpv3U5VAeQUhZvoBLAPzUwegGHG7a6iwQz0RqFTS8soEsqvhiEzUYVcgmERX4a8xV_C3XdpEdNe5JIM5KF8ZLhMgrCwJ5fLrusYUPeJBHosrBUp0-aLM3DwnbvhtBha7KumkP-mMzMDI35idx_E2,Ephraim B,
8394,Le J Restaurant,Restaurant et sandwicherie casher - Le J,ok,https://res.cloudinary.com/dn7vbd6nn/image/upload/v1783427639/restaurants/google/restaurant_8394_google_800.jpg,restaurants/google/restaurant_8394_google_800,800,1067,152614,jpg,1279,places/ChIJq8JTA_JlJA0R5ovqqZHUEAk/photos/AaVGc3kKzZjgCUL8_IL-SJdIVloEQjlIYMka2dPoSMBTBYUzviTHfWmALm7_FallyC7Lpf4uja92cgsIJzrmk6pE2rndX4oj5OsDBTpjNDw8CBDm-yODjYWSqlLgH2Ce_CAtMDcI_XSqnOwgDdL0MHvRqNgbDf-OAkHFCa0-0RlKD6HefiwK0vbORsMeooywEQ-F6auLHMJpYjEJnhppiPVLx-SqqAG-7zwTwxEH7KYWWNAfdD49PVt9_8SwUnVKiYbbLtmTHrKRLkV1-7LCHf-jbbiGfioKDRxnJ1MmpdWx2pKJoM1To-Rsr1XbtxHy-rg59S06EI2vYAa1yST5zdEiZ5GkisxH1wXYWGgHTFbeNWtbPOzhxybtohSwXD88z9fadc_xKrY1m9nO7kk_wwUb7Qu8U-HSeSwZ3Co2-gnbFFx5tCk,Le J,
8397,Deli 613 - Chabad of Ireland,Deli 613,ok,https://res.cloudinary.com/dn7vbd6nn/image/upload/v1783427640/restaurants/google/restaurant_8397_google_800.jpg,restaurants/google/restaurant_8397_google_800,800,600,166141,jpg,1273,places/ChIJu2aKkAINZ0gR1gr_VsP43aA/photos/AaVGc3lWGaopGu0msiyby_pE4U-A9oEPwwgyS_Eav3Y09WAC9VaVH1uPgkwWiaYzekjW8WRwUcRzDBE9z5Rhy__pikRJMl69ideo3Q58pQvnwk0ERulrXUjg2FTN1dgSQEZivjhkbUoIq4mInt4LLdoWooXnCtittTNG1mU5k1c1gGVNx3NhNqodBhQss2ift7aJF57eqsc2Ak760vAZ3eX8QiT4wCe3SBaRPZnIDals5zgcgqw98hltMJYQxo_8iKqLOTf6x0ZVkq0VbXCy329WPTajPXQ2CXiGzD3OugHcEL_EOpN-LbEjcFY4Gv7Cb5z5fhx58HPIYOPcCvB2n8lzYoBT_23nRvquZzDYEu3gWrepUAqkH3ZSET_ZlAbVI4l34S8X9UdqhAXyRsh1KXr0D6swkYoaw7XpD0tvOrRx4PPyfw,A S,
8399,Shabbat & Holiday Meals with Chabad Ireland,"Chabad Ireland, Rathmines",ok,https://res.cloudinary.com/dn7vbd6nn/image/upload/v1783427642/restaurants/google/restaurant_8399_google_800.jpg,restaurants/google/restaurant_8399_google_800,800,534,138937,jpg,1224,places/ChIJPx8IjRYNZ0gR_E9tnNq2NtA/photos/AaVGc3nGlk8NsNvaUs2JvbAG5HSPnXwAtR6N9sQ8kURzXrbnK7I6TcexmYJRSPx2yPbfhkqpK-LPQUVOxNAqW7NPiGUSpGaUn7E9u-dUmXV5acqKu-QdUH7svX8grHf-2HS1Lw4E8aSAsLWhOOkee1FOkNz8BhFasktDFAngu4mk9gNv0m1OSMCF2aQsdrCIVykVujdwfynhfYozvbJAbEY79no3hRCdAoLfPvY0At5H55enL-Y1m1sJxOH10HvwpYnYBY21g_aMr1BIyBHvHTzGWNwaJbC5yL6Ti9zKGrDYswHzQTqCAZUWcMI8WIZ_Sc-i6X1hfshoeydtfAgQA1wfFtAHnrQD4D90U_G-7QU8AV-BdAtKLeRfhq9R43Mq6DUX8G22xwG97faqlm6kuU7GpPjbe6rRnqvFUNv5YZBpydn82g,Morde'hai Lubecki,
8400,The Bretzel Bakery - ONLY THE BREAD,The Bretzel Bakery & Cafe,ok,https://res.cloudinary.com/dn7vbd6nn/image/upload/v1783427643/restaurants/google/restaurant_8400_google_800.jpg,restaurants/google/restaurant_8400_google_800,800,1132,167248,jpg,1224,places/ChIJRZyzg6AOZ0gRrqJJvZVrgnI/photos/AaVGc3kRl1M3eHeLdQ59A_7qYnyFL9mVtHPqkVzT117u3WZXRiYO-Zin8EqHY1OniKiGI3toSdDjUH6S6ct0NRPwwP4XeVPGoAR6AIlRpwrIirCTKCueQ6WOVVw4_4pfV8-QlvNsovFqtcRdOKTmXQFAptqRJWYfHbJEjOtPktAl1qSNXWJIytJfcWaSmXu_jdB67AAEKn8EOtNaha3HZ26JBRVSPfMa2Wmm14UyrTzULfWPH6R_FNRlwQYCUSR5ll7wR-IAu8dvaZONlUhjb8At7j4yD0Tt0d326NJoKhdSJkMX1GIXcPwv2Qv7C8bZ3_9Uom6xWGX2pHInP5w-LAniq083oplCLGKvlT70ibmvKmzD9WpxGafG0zm65sMRReQni8DgY7DjqeJ0dOQ03Wdgq-tKrEN8ihgcWjGWzmXQVKN2Vg,The Bretzel Bakery & Cafe,
8401,Chabad of Bangkok Dairy Cafe,Chabad House Bangkok בית חב״ד בנגקוק,ok,https://res.cloudinary.com/dn7vbd6nn/image/upload/v1783427644/restaurants/google/restaurant_8401_google_800.jpg,restaurants/google/restaurant_8401_google_800,800,450,99083,jpg,1237,places/ChIJV_wxtBOZ4jARRNum-B74B8M/photos/AaVGc3kecA6Cd3SwoycPu58cdL_BUAqS1I4nK-ALeEo0uAAQKnlcbN1xc25s5T6T_IE5Ejvx_UnTfggCjCGav4pdMLMj77q-UDogqMpTiGIQ3DLMwsL_OCZPCJwMXEaR9cNa55TuDyLu3Jurp88n3N9-z6ZK0yotahPPXKrsAvzzjOSEA4khd6FPwyGoPIwSj4qNVxNBUhxJxtEoM6gG6pok1vaAnLDSAx0RRN1KQXKsk3D8tmpG8q2GwJLw0fzoa7QWUrcfCN7k7CrDEUrm04SA9_FFmvyBU8sc732ilzTlPLwC-A__W-_pfq4M0xWL7MTGCnQRThPHUGtuqRy8WkR63QNoTY0ljeAfuXlq1h-BSj97wTESUGF9JMsLU3WdnXjK0cUxV-enSoeBOXo-1YMNpxc5_21xfeqQzp9vOqb9_x8vVw,Chabad House Bangkok בית חב״ד בנגקוק,
8403,Chabad of Bangkok Meat Restaurant,מסעדה בשרית חב״ד בנגקוק Meat Restaurant Chabad Bangkok,ok,https://res.cloudinary.com/dn7vbd6nn/image/upload/v1783427646/restaurants/google/restaurant_8403_google_800.jpg,restaurants/google/restaurant_8403_google_800,800,534,125627,jpg,1502,places/ChIJDXbMzb6Z4jARTwQ9Z9yvFvM/photos/AaVGc3mVfTv7Jx3TK_e1ycvGZgBNYrL2u2PT5-v_cOq2k978kT-aWK7PxbvqO5R4FxREoVWPIs7Q1ZSRTO0-B_HkZU-IfxqjwKBMwvA8XTll5gQihlCVpVLjnGZOK7N3EvmEvXurGMYHDHbYnrq2xp5oQdOH6Sa7dyU7OEGQp77tdTLbwv5tAn7VhhBoLQcAQeeTexjEFztu-pEEYjZ_GhxQ1_63NjXNfpvOMCN-neX2AyEEUf02BTc2JsDYwTJAUPagctrJPYPoeoxIhizVfG7Yort5Y2izMIzWWqA_EvXIMovkoGYE0flnAVno2HXWjBCj0iysfTvRdXAHbtL05-Hpnu4l6X-XalaibddcP7dyASl4iz6o0x5GO8_W_CEuJpONrD1WFmMDmKmQ_p7hRt7nD5betBWh846EPd9tfF8iqO4_3qv-,מסעדה בשרית חב״ד בנגקוק Meat Restaurant Chabad Bangkok,
8405,J Deli,J Deli (Kosher),ok,https://res.cloudinary.com/dn7vbd6nn/image/upload/v1783427647/restaurants/google/restaurant_8405_google_800.jpg,restaurants/google/restaurant_8405_google_800,800,1067,153665,jpg,1344,places/ChIJ6x6zYt2f4jARzCOyuEx7r1c/photos/AaVGc3naFdK0NVVfvv5qrEctAHcZFoGh0mvXD3tdEMunon8QuoAdi30WACuoY4pnacpynI2zsgCApsMJEE6SeiF0SXMwh5VfchhE9fEbxzVL5aED5r5XlxN3DX60pqoh8K8m80IdndPiirsbmTxbSEw4vRJ-aVFQnzC5__55Fvkb-Egu6XOvFjqohpEImXHcrCJnQAMVcK15i99gSpr4RxN6M4TY1ByNxrf-vJzEwd9xKfKln8g7yUicPNOWgej22pD8fgBNSZB9G7EXbYlgRxLt_4HcQSFWOPncYczZB4Gq02_lh84l3sibAdWbg0GN0xXeOYzaTRVLHQDtdHR1mA7-biu6fz-kXKyqXBqaU-3bOjmpRQO-0_lut47Yb8VrUmeIEVAC_4Mq9JGstYVWlxkVdhB3knXM_To8qw6nzDxozFDt7OpJuPnjoAk2SCoowdn3,J Deli (Kosher),
8408,Babi Skewers - שיפודי באבי,שיפודי באבי Babi skewers,ok,https://res.cloudinary.com/dn7vbd6nn/image/upload/v1783427648/restaurants/google/restaurant_8408_google_800.jpg,restaurants/google/restaurant_8408_google_800,800,600,119992,jpg,1331,places/ChIJBYqSFvjxVDARiMO1dlmDlsc/photos/AaVGc3mAfoX-aMiTAxVs902h79meQnBQ6gxjLGka8qzCdBHZDQjJ4YZYIpjk2tm2vD7giblVe9igxb9LyoJMZDUIOS1G0OX2sO4eBoOQ9sHaLHVumGo_jbmWdO2ZYHurfcS7ukC5D771LGtXdFqDkGCwUrI5fJAY3pYPZL7v8PrJedlE6CeTz2iVRYQFuNQxO52sjGW5-6pEVzQEl2HL7phs52fWk3irrc-FeWEG8l8nBNS7uj7DbrfQDCYP0DOu42DTc5o7yKe6rHcBMloQCmIyH5qiZJPsWtlq9u6Sz38skVou-Imi6UGPtEhW0FWyXva2Q-3HlT2zrXmTRyWT_lKf_TKTbmXs_jzhuw_zYqtvkpsTActOeK-wKW0SnF5BCB2zLzjV1E8Wkdu5Q5sF154oBRdQP_oiIbGU4a4dtmOb2hyjlS_qAJ4Wx5X8xeni55V8,Asher Hadad,
8409,Baraca Koh Samui,Baraca kosher Mediterranean restaurant בארכה מסעדה כשרה,ok,https://res.cloudinary.com/dn7vbd6nn/image/upload/v1783427650/restaurants/google/restaurant_8409_google_800.jpg,restaurants/google/restaurant_8409_google_800,800,450,118941,jpg,1500,places/ChIJ0Z5h3kf3VDARHW55RsNGybI/photos/AaVGc3kykCYnkru_0hBT2B_VQ8ErixymYvlLCGORREvMRYWBk1pnulTZ7LLDA3gZRGu20fOaW66DHu4OZtMszkZdyKYUGfVcWWX2KE6ID8r7_7V_EZXsbbEQnevBrwAhjpv3XZ2oI4q-GR3ph5SDDd97NnbBAXfQgnw9vmBWEAHVZ_4k3P4b_6gOc9AATEG4YgI9sSMjmFQsPKwIOe_G79LkWnYV5xVK61VTfI_EYUlBwiC2aYGQrx0ih3pD8Qm5aqYn7jQzfAQBVUV9oNcRO5SzHTae_gdQBCtr6M9RDW7hr4aLgDiLPKnm3N46xw5PXEilxbfwt5E9-wPxnh3lg1ECdA7_MhLHFf1rcOoWp4DzsO_JtLwqwW4UIPPLw65P08YKg-y4-S7GVAtvhOzhnVRJ8ivCxH2l2yTrTI9y1xj19k7NXZh1,Baraca kosher Mediterranean restaurant בארכה מסעדה כשרה,
8410,Burekas Ramle Koh Samui,בורקס רמלה קוסמוי-מסעדה כשרה,ok,https://res.cloudinary.com/dn7vbd6nn/image/upload/v1783427651/restaurants/google/restaurant_8410_google_800.jpg,restaurants/google/restaurant_8410_google_800,800,1067,279381,jpg,1394,places/ChIJuQGJ0ljxVDARefyz-jpO10E/photos/AaVGc3n9dnggaLQ_Ky2CJy-ZQxipSECjS5cjSq30-OvPy0sr8iWU3_Eo6SI-BEQQDX9tsVUDXzOmcuPJ80rrtnMh93weSu6Ei0R8enB9GfdBcE3rSyEbt1xDYXY18cp4R9CHYkkZJEMvBVG_bA1HQPL6Ayo1GdyhjycUBY7korJbVU4xxAMai4I6QOqGH2LAEryVX5g936kjaD7DNaPMN4tyOGlVM1kfgkwTcwPZVPgieWL44E14eFP-jHwFWF3kieIT7QZq9SJo80_GH1humNvV4rCphRPnY3ixxbydjja_yhxvAwXvjG1GAJVJWtV-fVCOSveGYCJK9ftYiB1KC2ej1qwqQ-ZEJBje8mDJSM2rEox-EOAD580LwnWzrrWBusfeeawMKnTYgmJBFiiFkGLdCngfXL12O1-lEx_WthoVEgYq0Q,בורקס רמלה קוסמוי-מסעדה כשרה,
8411,Chabad Koh Samui - Dairy Pizzaria,Chabad House,ok,https://res.cloudinary.com/dn7vbd6nn/image/upload/v1783427652/restaurants/google/restaurant_8411_google_800.jpg,restaurants/google/restaurant_8411_google_800,800,600,136730,jpg,1395,places/ChIJmVXzK7_xVDARwF4SyBmUbCc/photos/AaVGc3mAELi3yIs8JqFPT6ow7gTJf1TeK9chBxX4iwSXhYNK0R6LhOHFohBt9RxoakxdehCXhsbUX5gjXawo4LXScY_2ieOtLEY8f0ugky3BFbWd_w2jrVgaxhPyRIccbBlKsQUVQaBPF_Fn2vvBbFiKWFjxuXVn5LEUzY7lbdh4nZZdyrdGj3uA-WimavxOlvZVZgdlJnF-E4XLH15o3FjXy1CIJ2WjFKjvDJW-Cm6yMw1iNolbLsVzz1WWKpag9jqWc7dFXFntSFhKUzR1VdEk3byAiPRA-YuQd0NVz_eONwoqV3xBwEIfEqZiBuRb6g-fAhc2TWxpQSW2-HWEhNc0lENR847htHeR9UGrSQmTg7hWfGwhHWGXLo-Yg8NQlLCg2veMwZxN3FOe3W3jfUh2pdzyUNtlLVjBmcZR27BkQ5nRilDI,אבי צרפתי,
8413,Japaniko Ko Samui,סושי כשר ג'פאניקו Japaniko Kosher Sushi Chabad,ok,https://res.cloudinary.com/dn7vbd6nn/image/upload/v1783427654/restaurants/google/restaurant_8413_google_800.jpg,restaurants/google/restaurant_8413_google_800,800,1067,130783,jpg,1338,places/ChIJxQTIxX_xVDARoLBioGnA4Mc/photos/AaVGc3nNUgzRqjVdKWP-GAA-KXu5d4GbXRoY0mXbZqcBw2Pk7UegMZFdIyXyv54wL9TkjHOxFmslZ1x6E0FiL_Md46jmrHjzwdRbwI0R17wSkAeyt8G9IQiuldf8XgNuzB6s14nZ_v5d8I5vtdneFZnOx3Kn34tVc4gvjwMDFbZvlWjkOKrKc0Zez65naC-w6Md4j0t2fdKkf5JwIcX9ira0eOtBLwUAGlJOz-hfqwpID5WeOJ247FP2lgfGsSqiGBADyIHORsJXh12UkoSrKuLAwHh2hOptsVOKnl0eaZ9Xx_neIr96X7p6e4tkES1sWWi0ExkOS-Tk0YqqdmVXbNWj85tqI2OAr68DMKl3g4ZxtXZd17QBVLeuYg1A0_xxJMInM1Odw1k3ORsceCj_oPOwBJbWDGwZPkvA-HXAASvvDCca-A,סושי כשר ג'פאניקו Japaniko Kosher Sushi Chabad,
8414,Kaponka Koh Samui,Kaponka-קפונקה מסעדה כשרה,ok,https://res.cloudinary.com/dn7vbd6nn/image/upload/v1783427655/restaurants/google/restaurant_8414_google_800.jpg,restaurants/google/restaurant_8414_google_800,800,600,117011,jpg,1418,places/ChIJRX4U6LfxVDARgHlYJQNVkVI/photos/AaVGc3mEjSofGPZHOUjcbA2nh7voXEv0PAcu_Hft4fl5CGBzUz3mErvndTQsv4bFVCSE3PWkr-14dJ8q-pUv8tSbrXnFyPs3qJskKGzmuNHB2PwBEKip4IEzOPDUZAZeRfMBikqmoEJQrOrH5e3PlaHdCl8xOMkrkB2OGz_iJ4lS3_BV5LHudYuq6tmaceBJ0u_g7KoWM2HP5sJvlJcSPvpGjoGxkcYC5jBMV2N1QTbR4q-glkesXBa4DAOjJ1A2pPKL79mB-zUNxrPTjDw1ig18KEuV-JLtN0SXbwaUENpoBBLqi0_oJ4qIs_pWd4dykQ6dI-ImCW_j5qPIFJWc6zUi2N1S2OcqPG-XpT4ncAeYo9VnkEp21qRDOAAuyH5duUGFFeMfEhK-JpZspxuqZyc25BWZse_TMXuJvdN1MW-movr1ewwijW1P5Gp6rPuz9g,Kaponka-קפונקה מסעדה כשרה,
8415,Machane Yehuda Koh Samui,MACHANE YEHUDA KOH SAMUI,ok,https://res.cloudinary.com/dn7vbd6nn/image/upload/v1783427657/restaurants/google/restaurant_8415_google_800.jpg,restaurants/google/restaurant_8415_google_800,800,450,126458,jpg,1299,places/ChIJLUXKXcPxVDARPgEUP3Lou_w/photos/AaVGc3kAXIAbIzHTTyNsmFK_4xcr26XBnIgKpP9v_pE4B1IT2Cf0wTO6x2YCYiuVa6BlfHE3Oc__xTbLrr7sDhmI0ROimLpI__Sal4v2N9HvgJhywNXhJ_MNMaEjnYToMa479ySR0HogxaRz1bH8BM2TTb8SGjmaEnYFWM-cJs3DpaYmdRwQviD0C2UW6FqxtAbvOOc9TpMw5SRkyu0XwkbNhHhYnnXxZQMfrtL5SgK5CfGjF6G1LUA2pM3B6pEaZBIeSvcCXE4dEw6jFkoNEBKibBABYUo6pAZUoHvfv4zITXk8bsomKu3botjOir7wmPORCgMaJUwSGwfEZwZP5lS9VIBP0-_4HcImzvtRn6rgVEiErdp8XSBRjdqvSfDSwynNiQMoQ4CH9wyNZsv6-axcDzNu3FhhKfZ8V_cdDPMDlL29mME,מחנה יהודה קוסמוי- מסעדה כשרה,
8416,Mama Mazal,Mama Mazal | מאמא מזל,ok,https://res.cloudinary.com/dn7vbd6nn/image/upload/v1783427658/restaurants/google/restaurant_8416_google_800.jpg,restaurants/google/restaurant_8416_google_800,800,600,173105,jpg,1270,places/ChIJnVyLxtzxVDARAG_uLcqSRws/photos/AaVGc3l5H3CbF5BeSffxvLgpJVu5_knMO0J9HdGa8Jb0t9-T8B2ltKh_KvVV1wESQrO6M7XR71nou4ZO6f1HWmOZoqoaBrcDaj1f7povYPz3HULnhyaVQRnQ9Oz850qoZL8YacNiuntnrWgCPz6kReunFKQaM3wh9pjYVG7eLmQm5wm4sC_-O3P56-9dEvo2vZDgJqwrzLtEsRV-8fSr77Vytf_mCX9OWVlPjWmYhjv8wQ21wu_VFYc8uL-E_KJzvCRKsRdDGpPJSEp189t9J96QNHoH7umZ8JmeTbz6wNwLdHsk3eWNUbZvk_5msQV1Nmt62adBgY9mYzYx9HdgeqNLphYamWJQpnrV9OmRDTvGe6gVEI3Or9e956uTDN1XWkeU6n9ulPwl1Waa2r8QJsqe9a6sPe_cKMvUYI8ZdUxN8ECmkaC-BrYvn1XCtncgww,Eliezer Rozner,
8417,Oria'Sweets - Banana Market,Banana Market,ok,https://res.cloudinary.com/dn7vbd6nn/image/upload/v1783427659/restaurants/google/restaurant_8417_google_800.jpg,restaurants/google/restaurant_8417_google_800,800,1067,229268,jpg,1437,places/ChIJr1bkZgDxVDAR9ujZ2mXOkrY/photos/AaVGc3md21a1mfThn2L6vQO2vMUwKmo6pB4mPHtw7pZuruXXt2KkvL16prBh43ADntv_nAtSjO5hMTUsH5fogkGj5Q5imhYvZzaDqoPOt3bqq8cHEjYdrtP_A51QNR2i_8S8rOEP6EwlXG9ZE6ALcCT6Pz91f2O3dU2WJvk26d0dX_BaO9k1gJc1riSoydG8F1pGItb34vTqUTop4SV8nY_N84X308888IflW09XQ1PxNTP6h2uRO3jiJ06Lhc7i2Mznyomh39jQ1YhssVsL-Ga-BUknPmUJ3ObU0mn3kT05DEyF3D5AfeKYurFP_11hAlIRkDkywuEUTMAtszDRFnxBP9H3XMlBdUueMU7HoNAwObNWul7BuXXZIVP-kWCVYmpgxkYQeYpzviD_33ki7MIXTYqWaOjvMZ6ku3gzB1t4yTdM14m6EJZbKBs0Fk-SRlGw,Bipin Kumar Chaurasia,
8418,Pomodoro Koh Samui,pomodoro samui,ok,https://res.cloudinary.com/dn7vbd6nn/image/upload/v1783427661/restaurants/google/restaurant_8418_google_800.jpg,restaurants/google/restaurant_8418_google_800,800,1067,168465,jpg,1509,places/ChIJn3s173_xVDARkv1BS9Y_w2A/photos/AaVGc3nmyqLKAEG8MNvUqJCmRdJ3QJ_44gM9-EWcQDI5g8alzD2OEFGWp3scPnXu2uRCYvfX0WNVXccpl_w6_T9t3RC1-1vE1PrNQfFnZDDRfKtyMXRWoEOL9Jrz50zH7L4GDaHgkU4V0IbRSLl4b5lge5F7ZQ15nwoJsNj7YwkUb4j-EBqSV7pvdt56lFM0FJZZ1xq_B4TjKoTr4FaqFPPHI885E9LpJKlvri8fA5-1YYXjVhUCsNiqgc2e0oq3jYMaYMTjRPeMI_32BljdD5VtuIG-VIqOrWo_uhh3nl5FFfoWWDQcSwtwJvu3aD0bHFM4d9eAAxIEE_X3uhO5Nd9RXwmaApPnPiVoZcMF5aRUAayaS4i8tDAN_PbJOSScskCGZcocigPZ76DPu24jrA3uXoAOqgRVvaMYR-cbRuw6rLqHelPj,pomodoro samui,
8419,Tom Yam Asian Restaurant Koh Samui,Tom Yam Thai,ok,https://res.cloudinary.com/dn7vbd6nn/image/upload/v1783427662/restaurants/google/restaurant_8419_google_800.jpg,restaurants/google/restaurant_8419_google_800,800,1067,187710,jpg,1631,places/ChIJ762U7y7wVDARSuYBsYCi_ow/photos/AaVGc3l5aQi66yQSapGAt0XRbUtBSlh8Vn2235T4NnM6VICs-ZwsT6RYwAdhg998wQ1SzLS4CZ8X2EmopVNoD9ltUkQGPxj1sg5f45vuFzfChp2XomucqR2rwJiWiUgMPdyVhDNyXB-XfkBZn7iNxQrkGxqr4mEAHb9UzmyduThKEIDvQe2ftuo-dUkRuylHBJZ459ly8KcnzB1kl1n8cW6CNJ4oHJg9P-l1cBoK8y_ep6BGEl09Zfq5t1-DmgylW-ZKImSs7Ha6eOXOP5LI6OV0oWkybdITCAMnEzQLN4hv4PpcSvHh2dWSjZxQeDf8JnKZNU78fMS7z7WaY0SM0DtS_YmjVSRjGpDpkKz3CRjqCK-LNwi5g6NX_ATHw9MLe6gDFm4s67F0t9IHTRfpof_gLn7V4eUZBZ5BDnCFZRWgKh0vVk5xCZVUklaShBTvGD26,Antonio Ariza,
8420,Zohara Koh Samui,"זוהרה, Zohara, מסעדה כשרה KOSHER",ok,https://res.cloudinary.com/dn7vbd6nn/image/upload/v1783427664/restaurants/google/restaurant_8420_google_800.jpg,restaurants/google/restaurant_8420_google_800,800,1067,273738,jpg,1441,places/ChIJOQ3q2rrxVDARrZlj7P0JmTw/photos/AaVGc3niTWghjtSWow7uklv_thoODMWVmLrfuhVBiNSAP-LUuXolJwWY_1dY4NXxWLTeQ70k9VWtylhw9OP1BpanF_1XSdJkPlnoGpQ_OeQd6K65j-Buel3ebzXsYN-yOQS8aoZniQ2FPNPijAeNGsAKs6YGttlK4UURfAd7L9yKfCjV41ooH9zfYXrzSuxThYnMi2o62jtI-mJXXxrveQc5xVvCFUlGlplY71gXjhCMs2WOI2on44C8gPI4Tf-rFfDG-mTeWlLLqEmXFBT_5Rilv62RSmi1gG4CxJ7GBsJCMNG-DxeMtmrFA7inIjptX9qlT84I-uUUKYnQBsN3IJZ1RzxJpsYZR_ZfU20loZ2B1hhlOU4Js0gA9WNGqFKjstGa1mzP0ViDrzg_OStoHnf42Oak8jaRdkPlq7ShIrFy3jGJkw,יוגב שמיר,
8421,Babi's Grill Phuket,Babi’s Grill Phuket שיפודי באבי פוקט מסעדה כשרה למהדרין,ok,https://res.cloudinary.com/dn7vbd6nn/image/upload/v1783427665/restaurants/google/restaurant_8421_google_800.jpg,restaurants/google/restaurant_8421_google_800,800,450,148002,jpg,1626,places/ChIJBZ77o_U7UDARlL-pF-_wbWM/photos/AaVGc3myVaF2F3Cx6Hh3_DzzhNObDwvcNnTZXtuBllMjWg1mWM-jmVbOd-BFo2UYb-Es9NMfxbhuKxRrH2Hz9xLqgoJul0RRDVUYbMujsY6MnOAlxRLDzT52_QEtyojtiHPsFtuuHHNdzBGRR6EGih6Se9fI6FVKQbhzJool-fPVnf46HKXy7fvaVCEKq69613de4tkpF_-oBR2wU1sa6W9p2zANsBGJ8tO_Uq_17vmqPiX5RT2GAUD-Z45JYTKGv73oN6zQKGJlitzs6_4nlEx40ptfubQIuc8CP2XxQZXmObBxZKJQh5Q4qflFV_T4Li2oFpXEoqf49NyTeX702lFXAJoF0b9DBD46Nszfv8mXsC0uF9Ni4LzKiKahTp_k0n0nYYJv2ccE_ScJkN_MlAlqDKhNANr8NSjU8IoiLOXSC5Y0sqNxInDH9ZHVW-9VDiIm,Babi’s Grill Phuket שיפודי באבי פוקט מסעדה כשרה למהדרין,
8422,Chabad Phuket,"בית חב""ד פוקט Chabad House Phuket",ok,https://res.cloudinary.com/dn7vbd6nn/image/upload/v1783427667/restaurants/google/restaurant_8422_google_800.jpg,restaurants/google/restaurant_8422_google_800,800,600,122150,jpg,1429,places/ChIJYQi_tY86UDARL2-VqQrqKG8/photos/AaVGc3mKSfpnVurLMJ9vs6baDo_6ZfNPsvogzdBTfke2ofYiCuE9m0XF7sVuSRohHNVkHrD5oz7XsEGf29uvn33hXjpUM9k7G2cQlLyOnhl3ZS7S8bE6Y-lfBdeSQOgJUs3eGDCBO7Qp5bG5Gwoc8dVS23sMs9hmm9xj5xIOMc_YRUrRxwy_g-8GeuB05v25xeT7YtoE61iAUn6dz8f8b9LNC03ADU6ENKBRFCfCiY4bda6tbUce11scmzmUHHsMkQe5RKTQxIEO0DNmnTxDQO_EJGXmtwM39v0T_m48zZMrxxIUs9wU4FSE0qxIUAL8oqhhIjGn8U4oQ5Gqn9KS--fHPL18HC9Logaw4Pf1cXFRJLjpKTbDzX-1d2mx1ILAumNjgJ2xWubB1evuxyCe62ymezKVltjQ0pmCCDeiK5cagD_SJLKA,"בית חב""ד פוקט Chabad House Phuket",
8423,Japaniko Phuket Kosher Asian Restaurant,Japaniko Phuket Kosher Asian Restaurant - ג'פניקו פוקט מסעדה כשר למהדרין,ok,https://res.cloudinary.com/dn7vbd6nn/image/upload/v1783427668/restaurants/google/restaurant_8423_google_800.jpg,restaurants/google/restaurant_8423_google_800,800,1067,153768,jpg,1333,places/ChIJzWolT9A7UDARIF3RvmnOK78/photos/AaVGc3m0pSPdTDZUvICUqLArvygLzPAN7OPJiwsahCL4bijhqrEebG7E2GG1kBjtTD1xHv3OBRp_ZfCmMrPBDwhqso0FRNs5dCUB1KI65qu-Kh_woyRDxQhsY1PNDoQbzzw6Pw-pQ2K1eTeL231FjRiyqgAlH0OgjSoByNGzwBjmO6XoJY_Zx4LR3OfCLCF91zoYiUgZkKAd3p8bUFSItGPEoJjpItsumYa306W0csDSW3RvWfoFCKGR9ct42UHJGVrSLcvuAk9Y3kysvb8s8Sy3t2xJ3PyhtXqkzQWpOk88lLNnJlSLhF_0X4g7fW590jyXtcqXmZO4u0QxJqL_sBgfbIMdqYVJjYSIK8LM9byzOwDO7CvkZys608UKuNViA7tvaSvk32L4lPaBIFUAnUHI4dFf0et3W4W0cIjrejbzLIAWhgJodlATUReBn3y9vEyR,Japaniko Phuket Kosher Asian Restaurant - ג'פניקו פוקט מסעדה כשר למהדרין,
8425,Pistachio Restaurant Phuket | Patong,Cappadocia Turkish Restaurant Patong Phuket,ok,https://res.cloudinary.com/dn7vbd6nn/image/upload/v1783427670/restaurants/google/restaurant_8425_google_800.jpg,restaurants/google/restaurant_8425_google_800,800,1067,245111,jpg,1389,places/ChIJFawuGwQ7UDARyOMESkIpB6w/photos/AaVGc3k76ZeeXVpobf-_KlNsiY8lHTAS5vfcqQqnuLy7XJajsrM1iQgCLJc_rHBGxZeOD3mLeqDS7wxHB-GQkDdF6qyT4HW6-RbTbxEQU_QAAY3mfI2S7UA8CwFbMOIiowi6rhLWWpBagln2Zp9IbNz77cfbYTZ2kKzMFXyJkkZQMlVYjEwK_M64CKxk_KuAWJO6Zohnmjw7igbldYWclulE7Vwx8P3vSWVgkWDfYyLNLo8Dhbdt2CkTgcxcsOAxrq2DqKKnlHbyltyENgozL_MRkJsDOLS1rotGGF51pOqoF77A2xniu61d6-fb6JCEHe-vdcY41ViljWYYTP07iSBhoT7TLrzvYExN-oUMLOybMUncTXGTjKuKf3f27JdKos38_QOBk9UGUhqzy6xz7ZIVCl-QfK046AdfNUzlpJd_IfbsL-s,Cappadocia Turkish Restaurant Patong Phuket,
8427,Pizza Shemesh Thailand Phuket,פיצה שמש תאילנד פוקט - Pizaa Shemesh Thailand Phuket,ok,https://res.cloudinary.com/dn7vbd6nn/image/upload/v1783427671/restaurants/google/restaurant_8427_google_800.jpg,restaurants/google/restaurant_8427_google_800,800,600,84216,jpg,1669,places/ChIJZy6semI7UDARrSztgXvy7Ao/photos/AaVGc3mZn9HRCV2kugHEpZPGnkxbT8x1OdpKSJL6wnK4dhQgK4jqmKnMJJmY7UY2YWgvV1dymM-GWR9BfaC5Xwm746YhRACabswI2qf1pt47ShGT0aaIk5d2yR-1s35xpDOsJ3e3OvlpgkFZ2nmrqB6pjrg5whxY5kvrXynYTZsBDWWokukVmVIHN95hqaplzd3teE6ElIGyvZShvDd_oyuHteBmjI6I1BoC5kzo2rrK3KQAE6MFxNMOSNdRpEfD7VixHRupQu0GakS8RDq6sGXuBL2wHENNsI07KsfC25Q3nL861i4eNZuKxyYvSQCrZLvaJFhsiJ8YWT_MtWqHPInu-ptpzL87jhy-aAQJm_HR-v0_EvAq0O6yItYX0zZtYHS9pLtuJZGZy1nxqxS4-9nlPen4_v2HWQdl1BXYAg3eObcYBXGO5Rzgq81nwRahtpxP,פיצה שמש תאילנד פוקט - Pizaa Shemesh Thailand Phuket,
8429,Le Triskel,Le Trisk'L,ok,https://res.cloudinary.com/dn7vbd6nn/image/upload/v1783427673/restaurants/google/restaurant_8429_google_800.jpg,restaurants/google/restaurant_8429_google_800,800,450,164876,jpg,1736,places/ChIJ2Wg2K2p05kcRjHU1_GDF_-s/photos/AaVGc3l6VosxRyY6N-3xRWnUIhqNlMYsFJpWnUqrkZBHwosK0u25TEVB_kT_zXaJ1uXtFnRzls-MBgh98V5Furp36nehZXGpPiDuZmu6o9z-gt8LBQwyZ-8pRG9JRnUQgUfnY1kmxN9q1HJY6NgjkEyoQ5IKC4VVewA0csoO4Lugj4bTuIqKtxpGkY_2NzJ-Iu1hrytVtNiDOM9nQ4W8iRuRS4RNdekk20-Akrp-FGTYbIc4YflZl1mqX7SZ6qC38NSTaqumsw0cbyL0MJ7nVWcpFgwg_fzs3FjBlqTz9pWz16Fx3wwbvH4gmc0DZgIYvtJy9dn_eL9vrkmQ6cFuCBBKkPLncnO7AEKIVSTBNxwF3GmcJuHjBwN3L2xzoCC5ClQz3woqDONedsZXbo3n4zsHPkaEAH03IvUWbydkJ3HUXHk,Beatrice Jacob,
8430,Burger Philosophy,Burger Philosophy (kosher Restaurant),ok,https://res.cloudinary.com/dn7vbd6nn/image/upload/v1783427675/restaurants/google/restaurant_8430_google_800.jpg,restaurants/google/restaurant_8430_google_800,800,1160,225726,jpg,1430,places/ChIJFVkf45eD4BQRsyiYBY_mTDk/photos/AaVGc3mqvp7h3Kwotbhu2SXSgsfAHGbZHCMUd70yIg-U_P-MS6dlfaePHpi6ninMFpAv0iF_cKxlr9FBfytdAJEJ0_xmf5NcjZRvPDhUeF9ocGOD-x51zSnMf5aJnc6wGdW9l8dU8N9GWSfx3ILN5yB6tHgaZ-kUDa58eLekieCDGuJOSUJ5w7ooaHH8j_JXQ5Xk7CYXa84BwhdFOk8gmox3enHLv42CTC2BSuvsWq7kRaXR4OIdiX1uk7Pe3cqW_f96ySCgiCunyJxo1iC9XsQBKC4x__pMKGt0wm3Gk2rANX_iwLrCHjjtKkUaUwgIA8yhJbQsEWM7t7_fmj90HhXDbC0J2wepOBRAeKUI_OMXgSRw0wIVxmDrd-QDvY0aniTit7A6C0nI02cXrfUKweRd9Aq8rffLNVhs6GRHO0LiB376uYEX8z9XgRRrN2sjjQOL,Burger Philosophy מסעדה כשרה בלרנקה,
8431,Chabad Cyprus Kosher Catering,Cyprus Kosher,ok,https://res.cloudinary.com/dn7vbd6nn/image/upload/v1783427676/restaurants/google/restaurant_8431_google_800.jpg,restaurants/google/restaurant_8431_google_800,618,609,32206,jpg,1303,places/ChIJ__ex8UCD4BQRlhKHuHuZ96g/photos/AaVGc3mWalyqsEnclTM1CtfhwgiIoN2la4nNtAlBRRaHojBRNcaJcACQnqi7QELWyM_2hGcDCFB9o10D21tNdA_fPWU7Kli3iCXbGj2yN6AvFoX0PmN6nEikOZLosz6pSUzMUyhNZuplmKl9DLce12cXuIJ-2enPRSZLqzWW_EWM1Whh-zDwo0rMYetBCR8gTaJ-GNg8NjJmXneORgk6J8oKeUigCOix_Q4Pedc419KF0scbqdVBEBPaa3rgMLO6YcMOge7pd30ph2CAzWni3en2Y2_qbqYcsLiN74BPNEr0jjJsNEAJlO8nvl6QcraX9auGyjftdQ67pwVEUZMCIHzFfRXzpX1XXts7G9Rgy79BoKmt2EwriZJg8xU3SMHEqm_MOheizs5VsUoS9xUeGLwt7CtV1ulKFB2FZt65_b1njg-ii3Kn,Cyprus Kosher,
8432,Falafel T Kosher,Kosher Deli - Falafel T Kosher,ok,https://res.cloudinary.com/dn7vbd6nn/image/upload/v1783427677/restaurants/google/restaurant_8432_google_800.jpg,restaurants/google/restaurant_8432_google_800,800,600,167119,jpg,2936,places/ChIJj8Wg9o-D4BQRuWPt11dUKWM/photos/AaVGc3njAZKK1EI7qd6AuNa5atCvuMMppiLfDejwWSFsOAmJoLAX7aBtskDex_JFs0L1GKtRaWGdNGCNkUVi56yPe-Ds1a8593JDioomIHdwtuWX01MIKQhPL2-igoEAC6dZ2UBCsdRf8fvRSbtgME7nfU8DwG7Jd9wRWjFVmKYVWZM4YzEyIfJR-ys0-lvdYJwKSoKzOKircN_XJfYXse8pp21fdYMApSuLJbjemYnisI2A3aY09iwlczP5nSYSLsx0EDiHB9nY8XppLTbKDPZpVKqkXxxY7vcz2HHKE19VN9IJVNNya2uTP9H1fO0itRpyOZ-K2xuztz_Wgo03hrWxec7uZ1rXhPclwzkMvHPNsTV3_Et0uvQBXbmcZw8EvoXJTCLUrnjDwJkTicKk2CleCgBO2PExUo0pa4Plw_1U22TaIB84jPFv_fYEkKytOdUA,Falafel T Kosher - Kosher Deli,
8438,ASADO Nice To Meat,Asado kosher,ok,https://res.cloudinary.com/dn7vbd6nn/image/upload/v1783427680/restaurants/google/restaurant_8438_google_800.jpg,restaurants/google/restaurant_8438_google_800,800,450,136862,jpg,1382,places/ChIJpVD1JCIz5xQR0tj-W6mKOjo/photos/AaVGc3megtpFUVPA3akmHUtrP4JPzuEHKfKCh-vFrQi8ABTDQS1U56Y3-DbLlvE7NMsF0YmDsibZrOo9lxdgF-DM0IHVu_hTp4jO6Kl1AiBte7fTyKqkfRV_LTFMKHknpWt5pfj7aQ84oNeqcwnbXtEU_RWq18pFmUi7W0G3aQgZ0pHl_jLK-pNba2isudCRJyoPO2XNG3nA6Lc5s37krWjaLQAo-YT--SYaaSey_BY-MGEBS8Jwq-uNS5Whnnlkl2436KdXLPpHOjCTkN02nHBRGKOLJTe9S4EwTp-ZeIlDa5_AHH5i_SvAAfLmlwbTwqAS1SXS0FleNvu7wTtVL_A6CsfCCJlPe9xubXKrG-19YU_7ZO344CCRV6X_SxN6JSJvdaeGjFiH_YdMYAjgVC5ikzwCceqeLGyec9U_eKv9p-lPhQ,Asado Nice To Meat حلال / כשר,
8439,Delicateso,Delicateso,ok,https://res.cloudinary.com/dn7vbd6nn/image/upload/v1783427682/restaurants/google/restaurant_8439_google_800.jpg,restaurants/google/restaurant_8439_google_800,800,450,130847,jpg,1532,places/ChIJa9P4vIoz5xQRh-Wy6zUuMio/photos/AaVGc3nHjNiKXD9kbf4UnmfWnTkq7CFo9i65rCkKFGXiU1eTE6v1q_cVO7BqL_hip8UTLQwZcEMAxwrzIyGTJ-g4D0llUqt48KGRcW3FMxeg8tmiCZN1g5EC-nMO2jW8h4On7rabpI8R5j-PlpQ3kDSQ3hQkm7UEeRVDxeVRrVWhBxIBPpGCvwFpNa62CIJCDPxTO0Xugk-qY61w9DEW-nUeDDP58YzpDO7wsaWSuilXGe4WyYRZP6yzwfti0ZxgCtfrBfu3f5YwjeF5XRvgdOGRIE3xmPpiNOrMjObXg0PpgazLczpUVQxoyPIScLG3sHuOnp5U1Pr9Eqjp4Y_-GS_BCQ6S7ovFZ4ng5bUNfyTXABxJHfzUDTDS5tDITO0YkNPR6JkmmFehvW2C3_V4BrzRBah6SzzGJX3BpVWTZf3Jnut3Sw,דליקטסו כשר,
8441,Moses Kosher Cafe,Moses Kosher מוזס כשר,ok,https://res.cloudinary.com/dn7vbd6nn/image/upload/v1783427683/restaurants/google/restaurant_8441_google_800.jpg,restaurants/google/restaurant_8441_google_800,800,600,125466,jpg,1428,places/ChIJpQcNcQAz5xQR0jV-0VuGcX4/photos/AaVGc3k3rREW-PFY5pZN-0bHTjNdMVU8L6CmduBEGmwpAtmnoFAqNgKySqr5HGVHqHlpEbPjblnSyLHpo6c9K_Mc6cdJry0TZshXd307JuDjtt8RnUx1z82KDX8xKVT10CRqjPj09JRpxd3qTpex6UY1JPJ6EVkHTnd6qMQfvmieR6RjQ1DzyCRsG9vf0fsUvdHRt6EVOz2xCiqOCgeSqGeFv9OdUwE66cO2XfzUMDgnrd9sIW3zFS_f7lKaMMeISYaK24fVTmH6WtbD3HkIEN1xrC409ZudW5cARpRwkDAski6NXyUEhfDb56lDwV_lNkKIQuhhnWJvRtK7Ei5A3J37H2Wn097uRC_YWmBFEXT9ggFgkvEum4uuWUHb794jgALJVStwK1OJhxcp7ULyQxjASWJyEUl0ksavUb5wzDFwwy9hkkSFxImnmXnQuw_fI8oU,Sagiv Assayag,
8443,Gefen Mini Market,Mini market Gefen,ok,https://res.cloudinary.com/dn7vbd6nn/image/upload/v1783427684/restaurants/google/restaurant_8443_google_800.jpg,restaurants/google/restaurant_8443_google_800,800,450,119374,jpg,1224,places/ChIJw_I8XGQH5xQRdSb4aAKcgUY/photos/AaVGc3kg633N3n765Qen8TuTjmMdG5H4Biqqu8B8r5UeiffI_ZZBoGd9Qcj3JW4Kej2_VG8eXFPGAaH3eB9Ld5femNeArybXGR6YdAPnqFGNk9BwYjAoVxXrrJsfGxwgA3p5IsXD3k9Rhgwupy7714LncSuVrr4zqyGFGxq8dmytQ7X3iOkOA8CrycSMG1ET2nip7qrtuwrcpTaZPtjXlqBJ9nHgBvQLAAywt_rpUhpmpNGqaOEwuhGf9fZ1HtL3LQo9Sl26iFlnMijCVFbF1KRX9aT6AYx-Qq8KXLkE8ufXaJQrcEORCQGxAxNvHtIFt4qfPgZdvfFXBbqCLK_Y5wT4vIqkf82d6eAac1O38OVRgQhaddCG_R3pXMEP7T-cP2XDyK1I4m1uGldG2JhpqVjyh1yJgX2q1O_3xLJCM4ns_L_xTg,Ellie W,
8445,Kosher Food at the Chabad Latchi,chabad house latchi,ok,https://res.cloudinary.com/dn7vbd6nn/image/upload/v1783427686/restaurants/google/restaurant_8445_google_800.jpg,restaurants/google/restaurant_8445_google_800,800,1067,166243,jpg,1533,places/ChIJhRGrS0F15xQR_ftrxdFkDCc/photos/AaVGc3mna2yMNakbqBCPxE0GmMzdDXRsXIcnLZptprzk4F_8w1gvLXT9kxWQ-lVMqO_EyvhBKXNlM4d_5o2kVJY_JSPPpfnIrRHHU-vzSsSpe6kHLRSRz2AnoItpWk_crt9VuZBtukNKfM7yTynVbsG66x3_B1O3p7Id9o7sVE_ZBkJ-UV3-z58nsdostCwTMPtAOoGx08DOTE48HiZlNqQt8dLMhSVuz-foOUplIklDR1aki7TegAb562s8S9VCTC_pJ4mN6hxUAv_RsMSFq7gxlKvcfActXhhS-iVsbW9QkFnaPPoJOHXMLKdDIp49pkNIk_sOGRbLRhsA8Q1SggFqWsdixd2PzePMFEUkTh1Q6fjx9D0oz4qyx_8WntqwQFclTp3id5aCELnl-pj2SZfSEiDmdNu7Q9ghlsU1DMX0hmM1X_wKWgg7wgi3m119bFiL,הני ליפסקר,
8446,Motis Tavern,הטברנה של מוטיס פאפוס כשר motis tavern kosher,ok,https://res.cloudinary.com/dn7vbd6nn/image/upload/v1783427687/restaurants/google/restaurant_8446_google_800.jpg,restaurants/google/restaurant_8446_google_800,800,450,111429,jpg,1479,places/ChIJu4Pjvv4H5xQRmHUU7XpEKog/photos/AaVGc3kjsJVSFjHDBKyp8KxjPKCzzZ9cz-HIM_hMPVcAhAN02Z96WdK8GgUrM7euNCLNIXfekOoWBXzw61jtkaycAdZpJM8Pl6-oX-d7e63CMDEzALGsh44K1i4_tlkpI16-IFk4A10hpPgUejZISXOkoQPhzvp9XcFQZF1uSQVvG0gD5n5KXS8SUYnqiLt8GjOBSopoJ8cwiCN87j54C9YIva_B9TdhCMf-57YGb29ujBVviqJRb5hGW_tx54Nme2fxnAhTGq-iHrNPQogmYVWIBG3kz-fjNKe-jOzaOALWoW4SdTDLnbmGiMCcRc5qkU6VwXOXE1jgCG0XzKAN3wp9L_RujqAoO62NnbU3HSTXSY_5f_DhfT0_P-LZq77jeo5tJ8egyGsPfI_snhM3UzkFyuuLIdstrnRgnO_KoFAOr1aNDe2Dz7rE7BgNh5KqzkyP,הטברנה של מוטיס פאפוס כשר motis tavern kosher,
8447,Pita Crispy Paphos,pita crispy paphos kosher פיתה קריספי כשר,ok,https://res.cloudinary.com/dn7vbd6nn/image/upload/v1783427689/restaurants/google/restaurant_8447_google_800.jpg,restaurants/google/restaurant_8447_google_800,800,600,129084,jpg,1434,places/ChIJL9MvAjIH5xQRnaN6y8Hpv0Y/photos/AaVGc3kTgZrtW0zHSWpH7ZKvC2fy8Qk7ETyZ67PbwobcRK2dghzieGQsd4-4yh7f8pSAJQZ2G-YOHSOSVKv-p6hhL-ENuR3R3ZV6uZStmVw9RsgVxSnipN0SUGaXj9jRtw5rRZqLKq4EZQb9IUmApIYEnoNwgfS2SK3ETpDIPj9oKhgU3vFK3kA7Mx49cB156uWTPERoTtJsZpfKc6PXeBfFSoa9JI1SANOsxnjdfLwUG9JtogKKlKNAEA1BCsZs5DMLTDtvUbrIKa5eH77PSwjfwvSfl6LecFGQUekPPhrEQSMBtBERKHUzowaorGCW1bYpOql9bdJNKchoKd3JFid7K0n8G5Qev23mxX8iCkaBi8Ylr6UaNqXEld93it1S82at-R6pR8eCmG8k_cfzyDHqbQ9bnSqQJcdoJAB9fHPnsrTdOgdLK8KCCRu0z5yH-A,Oleg G,
8448,Sabba Take Away Paphos,Sabba - Israeli Middle Eastern Kitchen,ok,https://res.cloudinary.com/dn7vbd6nn/image/upload/v1783427690/restaurants/google/restaurant_8448_google_800.jpg,restaurants/google/restaurant_8448_google_800,800,1067,206583,jpg,1219,places/ChIJ15eFEUYH5xQR7lXcwbxyPBk/photos/AaVGc3nqmJYchZOGhrhk2IJDZJ4Q8WiGJnnNJF-CZ_uk-7t5N3BoYHdMgH0z3vm_FYT3_Dg3aB6KtZRNz9JsR_P2j5l8gk8wsLKwpycCa2Na45NezUX3E2A5hNGaNWoEVaqwIMwevSBxtbTAo9reo8agDrYPgK-5EVNUQOnHkU18Q0oEUNqu7fCYyFjTl1CxACyzEX_Q_QqNzdMGquLqmOmTyC3GZtXPmb3FKo5MAiGkk3bGCWXgZnYgYE_j2-rRtqJMnFpj1P0JAgXVIMPfhYvaQ0ZjHWQInoe8MC4GKbrwEE7-LN8aixY6mMSJ7AwQCYZCgcc1WJQe2ZejXmWTYytIul29qISHw1XtsgUf14FBqdXYlC6RzxNdW8O46O5LqPJgyDgdNX9Yrhqhn-0vRHzsWO5j7GbkOlwXPbaXk7lvlxY,Petros Pattakos (Photographer),
8449,Sushi Centrale,Sushi Centrale,ok,https://res.cloudinary.com/dn7vbd6nn/image/upload/v1783427691/restaurants/google/restaurant_8449_google_800.jpg,restaurants/google/restaurant_8449_google_800,800,450,110459,jpg,1276,places/ChIJDyq4AhIH5xQRs4APgh5PD0A/photos/AaVGc3ns_gzDl5VQ3vz1L9xygypV_KImaTKTGMSMI8F1VzfT-rkmDnlikPjcv0evRloAM8p28DlAKIJ-nBToN1ZDnGrtDZfcyYPY9w_f2UGdicttYSqglNFEVm8q9yXbNOzzSkVHA6IW3RDKUqibhBmVTTpWJ5BbVCwhchfJ54v9bcsdIjWIGv_0-W-nhGSAg07rmbnecFHK_XtwHaZbbhGQ5tvmEGYpy1SVvan0r-bbN4nshrbs3LtZI9LwUGV2ev69hPBhtglpq5lbGGFmvs3nUPxDSKnm4f_edqwJeHh0z4RDGNFE-c9pcPPnc_5dudk4iOMEfZQm_ZMwBvnvn9QTtPSU9QmsKO0RExndUvFx-FLcfHSP10YLbMTmmouhI7vqZynLXhh0VLEaUCbn5uodMvgwp2SRxEZjAkt_rW-02igg2uccsO6H9dtA_JthHA,Moria Levy,
8450,The Corner Bakery,The Corner Bakery,ok,https://res.cloudinary.com/dn7vbd6nn/image/upload/v1783427693/restaurants/google/restaurant_8450_google_800.jpg,restaurants/google/restaurant_8450_google_800,800,1732,286546,jpg,1533,places/ChIJc1tLSgAH5xQR3rJLW-P2aco/photos/AaVGc3m2N6_JvDV9KG2RHe9OKFbkCBFhhHUC6-BNSVVrIR2WYfd9RqM4FJEllRB5eCdYHK6JuE_ZvaSWV_zgrReH2O3o9_0bRQQwiwsKQqUItEw1-0bEZ-xNbNlX8KHUUpt5O4VoG0rNL6IwEFK_I_lQcLRKDOtmgjmsy9JKARoXDL__n_4VcJaCWD7mlBppgYJlSRpH9u8-tC6UHkhrwJUciGAnjm1liMedBN7dvVahHzaUVjd8uHWez_04TVUr_p9FgrVYewQ4Fx_K9krkNh1ljzwC_X_oBzuPw2XCdmGerhVWeUShyuxANZDVcZwHFipIOmYUusH7DJqnShKOAG7GVUISqaTAiZNOM4h-F7SITWiOoGd5FLaLjD-oDiJMvaizps2K5FkHUb7BrlcziiZ_ftK_KnnlWMAp8ouqvY9hmsM6AvCu,Bahar Dvd,
8451,First Grill Marrakech,First Marrakech Tours,ok,https://res.cloudinary.com/dn7vbd6nn/image/upload/v1783427695/restaurants/google/restaurant_8451_google_800.png,restaurants/google/restaurant_8451_google_800,800,304,372749,png,2145,places/ChIJQ4fqFpDurw0Rv_6O-k0G-9E/photos/AaVGc3kGFxaPd7NQe0gorhV88KPlR2XqqTdox0yyVeeKeJpguCO8oX5aYXc8G16hIXJoLBxdZoiqqBlT90xe6tV9sZzBLeQntY6L_Hzwfezm8n7fTNnZ0YKfDEVUefoAqLq-NnXY6FTvSwXaZ34gHEYAkwX7BqzpL3UZKtdV43NW_1P-p5318b5v-gxTYiGOHKI7W7BfB042A5P4O6PrCT9HaurDpLkTp6z8Oa7LV-TkvE1WcPkFwKduYabrUm83xQktyIVuW-PuLFbC0h_kP_rSHi47dE7qQAZex0XApJtCxjPXxPlEZGeUX3MJZoUdn3y5klfo9KBXO3bHrUOboKHK9i38Dq2J-Kb8sgBOghaj35v600HpjiZL9eYXeepEmwJfYBxW5QF_5oSG-h2qSGh7YsewM5R-8xo_FkOs4cLZG0ol0Q,First Marrakech Tours,
8452,Grill & Kosh,Grill&Kosh Restaurant Kosher Marrakech,ok,https://res.cloudinary.com/dn7vbd6nn/image/upload/v1783427697/restaurants/google/restaurant_8452_google_800.jpg,restaurants/google/restaurant_8452_google_800,720,1280,150851,jpg,1730,places/ChIJW60WvFfvrw0RH8Qnw-Qqe-o/photos/AaVGc3kIDJfhzCgdeCoKkfpGMk_RVjRgNxdlLgQDJnCUIyZzYM095eghuXn1028y18Ct04y282Gi9SNX08mp2myTrA2263l9mYbR1QR8CYIXvUa68wgreH86Ogijl7gRQENA3e-LuwrqZtpMzxoBsPBUIjKG-NqwECuPm5IXTescdrmmjGw60rD9Ydsen0a3eyejIx49ZzqWKh3trZV7SUm_mLlg7-dPTgY5CWbMaJrqW5sath3VWe__dhlhp-qozEFGsLmXcMZInTC0urOOiYAS18mga3EErMw-3CkCBwFp6gIa3RJudrhPxAZ7IUiCnDImc4YMi5Fyhwr6nmMufBGEj7tDob5aDdDSEIFcUHCg8D4ygScP6aZnqBabk2nqwunCNwTq8HCsKUcEb2yLRjD1dU0unV_co_OLuBkslnzV4-VMjQ,Grill&Kosh Restaurant Kosher Marrakech,
8454,The Kosher Place Dubai,Dubai,ok,https://res.cloudinary.com/dn7vbd6nn/image/upload/v1783427698/restaurants/google/restaurant_8454_google_800.jpg,restaurants/google/restaurant_8454_google_800,800,528,109981,jpg,1332,places/ChIJRcbZaklDXz4RYlEphFBu5r0/photos/AaVGc3kudslcDfDDiRUiIyJu80ZceNZDQvkFvCvS1hOlTXG2XcBA-bhvJ6dhwTgBjUF4xT97-h1Ceh_AEVTcBE-ishf0jWZkYwua5FlFd2QCby40Gz819i2_FzcoY7jzEn_nw8a9N4tR0UCQQEbf_Q3Vx4SWg2bhDip6F5qKjmybEmvsDKh9rooQ7Ys7ZKA3QwBG9FHmSwpixLjUdfukoO-LqIq7bEYrO3fW25ysvoeQIrhLZBwqE2cBm30-ZI-Z_SGbGzQb4mG27aWFyqhWc2RZG5NZAo6Az3bRewTKJtlB2iP_Og8qiZCfTBTnIzDKYxLXhO2_P0-Q9PzvHAKvUHklq1n-HL_K4BnNk1PMTJIqjNsar4om6zfGMXfYqMrEybTtR7fVPeyNP3KKe0cRddJqBaK-8F_G60-ZXS1SByNJ3KU,Guido Douven,
8455,BAMIDBAR Kosher Sushi & Fish Restaurant In Dubai,BAMIDBAR Restaurant & catering In Dubai,ok,https://res.cloudinary.com/dn7vbd6nn/image/upload/v1783427700/restaurants/google/restaurant_8455_google_800.jpg,restaurants/google/restaurant_8455_google_800,800,1067,203727,jpg,1740,places/ChIJk55GBPttXz4RT0_026B2q-E/photos/AaVGc3mvZohghOonDsb96cPRf9ZacA2D8b5YIsmX6_LqaiGT9rM4eu5RA4cWkVC3EqqPk7zU7UTV9JRMtZCRK4rNPSNaZ_Jg6L6NNp9hzSBWpVhbFGbVn-IVn9cwJOshfzgnImlSUWyFOTWwSgCHHIiyCQbHVCITdJtjNny4jfGoOXKqoKiceN8hH_QBzCvttADyhUEIUVgrCxmNbymHTIAaFyfBMZbVo5yXwUWoDnpCIJYBrRaaUDfAOESay7kKPVf6--GsA2Usflw0ziH3oYTrKcQ_RFcL7UzlvO6dbVbR7PJ2GG8sPG40ds1cQ7TgygpD49_mNyhPDXbE1fp8HEdYHpOD9EtikDJhudbEtVzFQjVLSdMYSSlC-7lfS0s5HrFa7VEzlsRauxUPjF3cZtXqKNpiw14Eg2Tl6vvaBJim6VMlvzD5Bvc5uQPAV_CQrCx3,BAMIDBAR Restaurant & catering In Dubai,
8457,Fantastico Cafe,FANTASTICO CAFE,ok,https://res.cloudinary.com/dn7vbd6nn/image/upload/v1783427701/restaurants/google/restaurant_8457_google_800.jpg,restaurants/google/restaurant_8457_google_800,800,450,109989,jpg,1345,places/ChIJ_9imp35CXz4R-6pK12jht4k/photos/AaVGc3nTN8KbveF6Mj0gz7KUN0ribaf1yAg5oOJGbgNY_mzwpfKWxtQS-LO6ImVbI5ohmJJjpl8_uWc0H8OOVnUVn1Cm6lYKqr1CVFj2PVSonHvnIEmDAcySWfmw83ztMkkjswHCjD6kNUrFvQmdxQa6heSy6xDH9pJcxvpIntiuwXrjyPcd61BsbQ0eCCZE3TjPxILVWkcvh-jLSupl9_yZzu-4r7NcwpLtf2vLfU13AY93hX_oGeIJ8bcBuZDKAIDdRUEP434W06JX6KozKKFIT2uBILv6S24GYSzj9aG2EvlS141o7fHeXEJsyjz8L-YDaj4R2MOKIXXecLq6nF6rgtIOu3r9_KgUmtg3gl4IKmuIhDe4hPQg7a2NUMALBY7Xv-jZxSHi0wKv8oRKHknH2XZacfwC1PkjrZhmqcf7EnlqL8oj,Fysel faizy,
8460,Kikkos Shawarma Express,Kikkos Shawarma Express,ok,https://res.cloudinary.com/dn7vbd6nn/image/upload/v1783427703/restaurants/google/restaurant_8460_google_800.jpg,restaurants/google/restaurant_8460_google_800,800,1067,167018,jpg,1307,places/ChIJvS039uRpXz4RneHaNjPTzC4/photos/AaVGc3m0mh8dvEbUX98lxjZvSDB_Iqysbbgk2r2DGA4nicExll9UsvUYWJybSbxN_JHUS4_qlgvhpnLjS0vAoofdtPoqNMshyUD5AWUwr-WgRPM3rZbH976b3yfLAt5MtZHb7IBiuZ2Of7UjhmdhnoRDu6Ipf8B63hxgHK84TiM_Y9UGKKTEzDprxvbz6HYn8oVsQz4RS0WQh_m0uYoVJRGoG00_vdFTKK_5dXkOO3AqmIz70MzJgeBkxf_phNj8xThDCjxhwQ1OB6YFH830E1CXwhK8W5d42tSa1R7BwplP0bEeE2lLJyLrXd_mOifp6iGF4ExJYnrO_fbvM--9fpqLJwZKrNCpt2TIiW1vuzlOU8693oHJ4s2AcqCT6qnOflkYob2gO4aBEodwCy429ysb7W_JTnkXmg8OLc7VGVnHzSNd6Q,אביאל שוהם,
8461,La Boucherie,La Boucherie Restaurant and Cafe - Kosher,ok,https://res.cloudinary.com/dn7vbd6nn/image/upload/v1783427704/restaurants/google/restaurant_8461_google_800.jpg,restaurants/google/restaurant_8461_google_800,800,1201,236263,jpg,1408,places/ChIJSXWo_nRrXz4RTlJ3q-LYGmI/photos/AaVGc3mf8RcJNvusjshhIGBToGMy_k09P_aZM_q7Cmk4p4SIRg7pHBm2723SthgfbRTLThg3ReJtsuOjcb_ocI_5lENyQUE_0tqNnKPOljqanlGJMwjow_pVudo3MRXMkA5p6Aoiv7nlGAiisTrZT1UZa4o_iMrHkfNSSWm7jHq9lA1GXzzalyoIMTQ5PcBMlb7_Qz6s0HdTV841FyW1HeYSy3ogm7W8URpP3OZms4Ji3KZkqn5nQovJBj86LTiGqgNDpd_nA_Us9qemdzsrQjCn1eh_3SVq2uKnvjHLg_PKTmOi1d6GsatxVFmbMfsdU2m5Wn-IN81GWirkGBcQcT9hFndBlzfvwXRmD4EsI65shnz71JN7JIuMlvamOg5l6rTmnyjMb4zemyMtJ4_dEghhC_YjOfu3d39Ah6VEQPwI8nuKpWhEl7cOGcWqoFXV-g,Milad Kheradmehr,
8462,Le Fournil Bakery,Le Fournil bakery - Marina Dubai,ok,https://res.cloudinary.com/dn7vbd6nn/image/upload/v1783427705/restaurants/google/restaurant_8462_google_800.jpg,restaurants/google/restaurant_8462_google_800,800,1422,179000,jpg,1347,places/ChIJb42m_KMTXz4R1tmxTekU5f0/photos/AaVGc3mcSfjeKnopbSBQtmRZiAeCEPklWowjKfvlvA9uoPCtKBqU6KyWuhEZQ_HxVfUDbqYpP8ouimbOh89a7CS6PeJeH6fTzgdBy5mXPG8xsH9otAWpIIfuc9z639vHfTiCkIWVLyagC5KWoem-D_eLKgKdzagOvp-fJLsF8D8X6cWpgf5fDswbfAl5ubS_VfqJHrWgjQ6rIBFgBOjnrGz77B2WQZgJWos_O2kdATuPnlYq5UNcMOCjtqwl-gDqL1-4w3UwyuJ_qjyRr_vxLMvrIzEMy5A6SaK2w2b-cDc7HRSW_s13H2THOK-LKY50Fx3_1wEOsTAWRX0ge3QkT74zw_KPtLcGCVnw4jRl8jVPevOn5tdpgrwzQ_faqkCmarqeB3mohhPVEGcqxkJeJylzLM6yWpzje7zaw5W97v9O9ERchKIAfhARLizPbGE9IcpG,Le Fournil bakery - Marina Dubai,
8464,Rimon Market,Rimon Market,ok,https://res.cloudinary.com/dn7vbd6nn/image/upload/v1783427707/restaurants/google/restaurant_8464_google_800.jpg,restaurants/google/restaurant_8464_google_800,800,534,174533,jpg,1224,places/ChIJLQ2UIFtpXz4RWAsZQLV8F_0/photos/AaVGc3kvffwwAziROFWlL1V5RNV_t3r3VrEPO019-G64AjXXHvcdG68PyJdK9Q9GpMJRtrfpvtIir8RHkWuZbZ8M9kEy2LwTkQK8JTDs1vrggTuVDHDM8Fm-D4OkcxVAhQTiBaFbydE67YdFCnw6rLNhGH9LHUWnAx3UvZh3G7Spi-lhYxvcoADWT0BotqO40fkItEiLl2xAUvDK-boZS6Js6pLv9upprWs7vnIWMBw-0InxAqtg5I5KlJogV9WadxulwggVZEXvyb_8Ahi6Wj50m5I54V9jGS5SqFDG1BjRQ7S5Rg8h4ty9MNt5EgPG1MrrkD_8s970A7foSR5BuX7M4sFe9WzYrZzXKsR0FPFp98eBdjf9Sz88ok96_j6pLLl5Hyh0hyd-HyJxvPxMbYD-Kq2a7mC0LRngVUxT7jIGpRD3GDU,Morde'hai Lubecki,
8465,Treat Kosher - Kosher Catering,Treat Kosher | Kosher Food in UAE | Kosher Food Catering in Dubai,ok,https://res.cloudinary.com/dn7vbd6nn/image/upload/v1783427708/restaurants/google/restaurant_8465_google_800.jpg,restaurants/google/restaurant_8465_google_800,800,701,137977,jpg,1325,places/ChIJi48MJBtrXz4RGoXiu5mGAVw/photos/AaVGc3mmovOtKVhzquH0Nb4dlJUlf2yT3Ot2QDWT4tbPIgXQ0EfkdVzP1sKBRqOkwwT_JB2CLqvqKopQuuJCeAnmv3icn5QAcZMDihI1tOh4kzRw4mW1faXikavLdHZCPmfM8TMUAZojJJ940CNsnJU28MsH5RYApGN28q1GlksWGJjussH9zUlih2s4ePVvJIiXlc6M9OreESskq66PGOSJVfMMjIauYoFtWTAAqbTZYIvg8VlHrRMnEFJkLNZn1W3AOcPhT1hE_e0tsisCVJdJXp1qUudQJCnN2No6RXAfCKEphmbthxGHxAOETR8l-4lh7V-tG5Ex2CdqibTQjuOgibHQ9VWgKoe3Nww3goscHGpbfKjxTOdBhGs1ilwzRe6c9XI0WqpGyUes8fAtuIeSAb98TBE3JZDvAn1-eTdZFIs8NjNA,Itzik Katz,
