id,name,original_address,current_google_name,current_google_address,google_place_id,google_name_he,google_name_lang_he,google_address_he,google_short_address_he,address_has_hebrew_he,google_name_en,google_name_lang_en,google_address_en,google_short_address_en,address_has_hebrew_en
8,פטרוזיליה,"תל אביב, Israel",Petrozilia,"מתחם שרונה, Aluf Kalman Magen 3, Tel Aviv-Jaffa, Israel",ChIJXZMwQ31LHRURgNF5KTyf1JY,מסעדת פטרוזיליה,iw,"מתחם שרונה, אלוף קלמן מגן 3, תל אביב-יפו","מתחם שרונה, אלוף קלמן מגן 3, תל אביב-יפו",yes,Petrozilia,en,"מתחם שרונה, Aluf Kalman Magen 3, Tel Aviv-Jaffa","מתחם שרונה, Aluf Kalman Magen 3, Tel Aviv-Jaffa",yes
85,ניו דלי,"דרך מנחם בגין 132, קניון עזריאלי, תל אביב, Israel",ניודלי Newdeli,"דרך בגין 132 תל אביב מרכז, Tel Aviv-Yafo, 6701101, Israel",ChIJdZvpDE5LHRURR0FdUK0f4jc,ניודלי Newdeli,en,"דרך בגין 132 תל אביב מרכז, תל אביב-יפו, 6701101",דרך בגין 132 תל אביב מרכז,yes,ניודלי Newdeli,en,"דרך בגין 132 תל אביב מרכז, Tel Aviv-Yafo, 6701101",דרך בגין 132 תל אביב מרכז,yes
89,פיצה דומינו,"לסקוב חיים 4, תל אביב, Israel",Domino Pizza,"לסקוב 4 תל אביב טלפו, Tel Aviv-Yafo, Israel",ChIJZUo5iIJLHRURCv2YH04YoQ4,פיצה דומינו - פיצה בתל אביב,iw,"לסקוב 4 תל אביב טלפו, תל אביב-יפו",לסקוב 4 תל אביב טלפו,yes,Domino Pizza,en,"לסקוב 4 תל אביב טלפו, Tel Aviv-Yafo",לסקוב 4 תל אביב טלפו,yes
140,קנסאי יגאל אלון,"Yigal Alon St 94, Tel Aviv-Yafo, Israel",Kansai,"Yigal Alon St 94, Tel Aviv-Yafo, Israel",ChIJGVA_i1BLHRURPeES6Q3DIJo,קנסאי תל אביב,iw,"יגאל אלון 94, תל אביב-יפו","יגאל אלון 94, תל אביב-יפו",yes,Kansai,en,"Yigal Alon St 94, Tel Aviv-Yafo","Yigal Alon 94, Tel Aviv-Jaffa",no
162,בר בשר,"Hadar Yosef St 12, Tel Aviv-Yafo, Israel",בר בשר,"Hadar Yosef St 12, Tel Aviv-Yafo, Israel",ChIJYUcJV51JHRURDEmKeC3bkGU,בר בשר,iw,"הדר יוסף 12, תל אביב-יפו","הדר יוסף 12, תל אביב-יפו",yes,בר בשר,iw,"Hadar Yosef St 12, Tel Aviv-Yafo","Hadar Yosef 12, Tel Aviv-Jaffa",no
175,חבש,"Ha-Negev St 10, Tel Aviv-Yafo, Israel",Habash,"Ha-Negev St 10, Tel Aviv-Yafo, Israel",ChIJjVoRTGNLHRURCCEKi96C9XE,Habash,en,"הנגב 10, תל אביב-יפו","הנגב 10, תל אביב-יפו",yes,Habash,en,"Ha-Negev St 10, Tel Aviv-Yafo","HaNegev 10, Tel Aviv-Jaffa",no
216,חומוס הבן של הסורי,"Yigal Alon St 121, Tel Aviv-Yafo, Israel",חומוס הבן של הסורי,"Yigal Alon St 121, Tel Aviv-Yafo, Israel",ChIJq6qqqp1LHRURWSaITLP7kxM,חומוס הבן של הסורי,iw,"יגאל אלון 121, תל אביב-יפו","יגאל אלון 121, תל אביב-יפו",yes,חומוס הבן של הסורי,iw,"Yigal Alon St 121, Tel Aviv-Yafo","Yigal Alon 121, Tel Aviv-Jaffa",no
275,אלוף הסביח,"Carlebach St 18, Tel Aviv-Yafo, Israel",אלוף הסביח,"Carlebach St 18, Tel Aviv-Yafo, Israel",ChIJCb5xlOxLHRURRsWU4HgFDf0,אלוף הסביח,iw,"קרליבך 18, תל אביב-יפו","קרליבך 18, תל אביב-יפו",yes,אלוף הסביח,iw,"Carlebach St 18, Tel Aviv-Yafo","Carlebach 18, Tel Aviv-Jaffa",no
279,מסעדת באביקה Babica,"שד' רוטשילד 60, תל אביב, Israel",BABICA מסעדת שף אותנטית כשרה,"Rothschild Blvd 60, Tel Aviv-Yafo, Israel",ChIJ8VodmO_rBaYRZVQBzcWNNCM,BABICA מסעדת שף אותנטית כשרה,iw,"שדרות רוטשילד 60, תל אביב-יפו","שדרות רוטשילד 60, תל אביב-יפו",yes,BABICA מסעדת שף אותנטית כשרה,iw,"Rothschild Blvd 60, Tel Aviv-Yafo","Sderot Rothschild 60, Tel Aviv-Jaffa",no
426,"בוטיק הפיתה סניף רובע י""ג","David HaMelech St 20, Ashdod, Israel","בוטיק הפיתה סניף רובע י""ג","David HaMelech St 20, Ashdod, Israel",ChIJ-_0rUPWiAhUR9WoRoqoUXIw,"בוטיק הפיתה סניף רובע י""ג",iw,"דוד המלך 20, אשדוד","דוד המלך 20, אשדוד",yes,"בוטיק הפיתה סניף רובע י""ג",iw,"David HaMelech St 20, Ashdod","David HaMelech 20, Ashdod",no
470,Aroma Espresso Bar ארומה אספרסו בר,"ויצמן פינת בן גוריון, סטאר סנטר, Ashdod, 7721902, Israel",Aroma Espresso Bar ארומה אספרסו בר,"ויצמן פינת בן גוריון, סטאר סנטר, Ashdod, 7721902, Israel",ChIJZaDroQyjAhURrgb3RQZryQM,ארומה סטאר סנטר אשדוד,iw,"ויצמן פינת בן גוריון, סטאר סנטר, Ashdod, 7721902","ויצמן פינת בן גוריון, סטאר סנטר, אשדוד",yes,Aroma Espresso Bar ארומה אספרסו בר,en,"ויצמן פינת בן גוריון, סטאר סנטר, Ashdod, 7721902","ויצמן פינת בן גוריון, סטאר סנטר, Ashdod",yes
550,מיכליס בראסרי,"מודיעין, Israel",Michali's,"VXQ6+7MR מרכז עינב, HaHarat 7, Modi'in Makabim-Re'ut, Israel",ChIJ2XBEA6bOAhUR854NBrduXgE,מיכליס,iw,"VXQ6+7MR מרכז עינב, החרט 7, מודיעין מכבים רעות","VXQ6+7MR מרכז עינב, החרט 7, מודיעין מכבים רעות",yes,Michali's,en,"VXQ6+7MR מרכז עינב, HaHarat 7, Modi'in Makabim-Re'ut","VXQ6+7MR מרכז עינב, HaHarat 7, Modi'in Makabim-Re'ut",yes
551,Alfredo | מסעדת אלפרדו,"Shlomo Shmeltzer Rd 94, Petah Tikva, Israel",Alfredo | מסעדת אלפרדו,"Shlomo Shmeltzer Rd 94, Petah Tikva, Israel",ChIJT5i50e9JHRURich5UvGkdAk,מסעדת אלפרדו | כשר,iw,"דרך שלמה שמלצר 94, פתח תקווה","דרך שלמה שמלצר 94, פתח תקווה",yes,Alfredo | מסעדת אלפרדו,en,"Shlomo Shmeltzer Rd 94, Petah Tikva","Derech Shlomo Shmeltzer Road 94, Petah Tikva",no
555,Thirty Three,"ירושלים, Israel",Thirty Thtee,"בקומת הגלריה, Yirmiyahu 33, Jerusalem, 9446718, Israel",ChIJVwH6nJ7XAhURk-jr-qyddD0,Thirty Thtee,iw,"בקומת הגלריה, ירמיהו 33, ירושלים, 9446718","בקומת הגלריה, ירמיהו 33, ירושלים",yes,Thirty Thtee,iw,"בקומת הגלריה, Yirmiyahu 33, Jerusalem, 9446718","בקומת הגלריה, Yirmiyahu 33, Jerusalem",yes
559,מסובין,"בית שמש, Israel",Mesubin,"Yig'al Alon Ave 2, Beit Shemesh, Israel",ChIJdzb621rEAhUR2qV27cWVf3s,מסעדת מסובין,iw,"שדרות יגאל אלון 2, בית שמש","שדרות יגאל אלון 2, בית שמש",yes,Mesubin,en,"Yig'al Alon Ave 2, Beit Shemesh","Yig'al Alon Ave 2, Beit Shemesh",no
568,מסעדת ויצמן אשדוד,"HaBana'im St 9, Ashdod, Israel",מסעדת ויצמן אשדוד,"HaBana'im St 9, Ashdod, Israel",ChIJd5wpVGmjAhURvh-8SE8H7_M,מסעדת ויצמן אשדוד,iw,"הבנאים 9, אשדוד","הבנאים 9, אשדוד",yes,מסעדת ויצמן אשדוד,iw,"HaBana'im St 9, Ashdod","HaBana'im 9, Ashdod",no
573,הפי פיש,"Mamilla Rd 14, Jerusalem, Israel",Happy Fish,"Mamilla Rd 14, Jerusalem, Israel",ChIJY3K8gtEpAxURbq4kplsAZa8,הפי פיש,iw,"ממילא 14, ירושלים","ממילא 14, ירושלים",yes,Happy Fish,en,"Mamilla Rd 14, Jerusalem","Derech Mamilla 14, Jerusalem",no
575,תמרה הבשרי,"ירושלים, Israel",תמרה הבשרי-Tamara events,"HaTa'asiya St 4, Jerusalem, Israel",ChIJSd8wAz3XAhURnnvm5q3UUBg,תמרה הבשרי-Tamara events,iw,"התעשייה 4, ירושלים","התעשייה 4, ירושלים",yes,תמרה הבשרי-Tamara events,iw,"HaTa'asiya St 4, Jerusalem","HaTa'asiya 4, Jerusalem",no
576,נויה,"Queen Shlomziyon St 3, Jerusalem, Israel",Noya,"Queen Shlomziyon St 3, Jerusalem, Israel",ChIJX4cEGNEpAxURS-pljMErU8E,נויה,iw,"שלומציון המלכה 3, ירושלים","שלומציון המלכה 3, ירושלים",yes,Noya,en,"Queen Shlomziyon St 3, Jerusalem","Queen Shlomziyon 3, Jerusalem",no
579,בוש בייגלס,"ירושלים, Israel",Bush Bagels,"Tsfanya St 61, Jerusalem, Israel",ChIJXd29jt8pAxURsHNdQ00YSZg,בוש בייגלס,iw,"צפניה 61, ירושלים","צפניה 61, ירושלים",yes,Bush Bagels,en,"Tsfanya St 61, Jerusalem","Tsfanya 61, Jerusalem",no
580,בורגר בייט,"ירושלים, Israel",Burger Bite,"Shamgar St 16, Jerusalem, Israel",ChIJg6sIziPWAhURztQgUXI-6uE,בורגר בייט,iw,"שמגר 16, ירושלים","שמגר 16, ירושלים",yes,Burger Bite,en,"Shamgar St 16, Jerusalem","Shamgar 16, Jerusalem",no
582,ניו דלי שרי ישראל,"ירושלים, Israel",ניודלי Newdeli,"Sarei Israel Blvd 15, Jerusalem, Israel",ChIJ-_GmcyXWAhURlR72FmPsfxQ,ניו דלי,iw,"שדרות שרי ישראל 15, ירושלים","שדרות שרי ישראל 15, ירושלים",yes,ניודלי Newdeli,en,"Sarei Israel Blvd 15, Jerusalem","Sderot Sarei Israel 15, Jerusalem",no
583,פלאפל מוסא,"נתניה, Israel",Falafel mosa,"Sderot Hayim Weizman 12, Netanya, Israel",ChIJ6d27kKtqHRUR0hiVMqjCgjw,פלאפל מוסא וייצמן נתניה,iw,"שדרות חיים וייצמן 12, נתניה","שדרות חיים וייצמן 12, נתניה",yes,Falafel mosa,en,"Sderot Hayim Weizman 12, Netanya","Sderot Hayim Weizman 12, Netanya",no
586,פיצה דון פדרו,"נתניה, Israel",Don Pedro,"Herzl St 5, Netanya, 42400, Israel",ChIJAyRw-KhqHRURprEaYR9WKrc,פיצה,iw,"הרצל 5, נתניה, 42400","הרצל 5, נתניה",yes,Don Pedro,en,"Herzl St 5, Netanya, 42400","Herzl 5, Netanya",no
587,גלי צאנז,"Ha-Melakhim St 6, Netanya, Israel",Galei Tsanz,"Ha-Melakhim St 6, Netanya, Israel",ChIJbSqTWrZqHRURVrzcW7vdI5Y,מלון גלי צאנז,iw,"המלכים 6, נתניה","המלכים 6, נתניה",yes,Galei Tsanz,iw-Latn,"Ha-Melakhim St 6, Netanya","HaMelachim 6, Netanya",no
588,פיצה האט - נתניה - פולג,"Sderot Giborei Israel 22, Netanya, Israel",פיצה האט - נתניה - פולג,"Sderot Giborei Israel 22, Netanya, Israel",ChIJkapaIYJAHRURvBIbgyhHL1g,פיצה האט,iw,"שדרות גיבורי ישראל 22, נתניה","שדרות גיבורי ישראל 22, נתניה",yes,פיצה האט - נתניה - פולג,en,"Sderot Giborei Israel 22, Netanya","Sderot Giborei Israel 22, Netanya",no
589,בליקר בייקרי,"נתניה, Israel",Bleecker Bakery,"Ir Yamim Mall, Beni Berman St 2, Netanya, Israel",ChIJpcrg6JFAHRURP4Z5d2VsYro,בליקר בייקרי קניון עיר ימים,iw,"קניון עיר ימים, בני ברמן 2, נתניה","קניון עיר ימים, בני ברמן 2, נתניה",yes,Bleecker Bakery,en,"Ir Yamim Mall, Beni Berman St 2, Netanya","Ir Yamim Mall, Beni Berman 2, Netanya",no
591,היקב,"Gad Machnes St 6, Netanya, Israel",HaYekev,"Gad Machnes St 6, Netanya, Israel",ChIJC2nDlKdqHRURPYcUo-8fUqs,היקב,iw,"גד מכנס 6, נתניה","גד מכנס 6, נתניה",yes,HaYekev,en,"Gad Machnes St 6, Netanya","Gad Machnes 6, Netanya",no
599,קפה גן סיפור,"Sacher Park, Jerusalem, Israel",Gan Sipur Café,"Sacher Park, Jerusalem, Israel",ChIJQQHV9r_XAhURUZW0zafyYqw,קפה גן סיפור ירושלים,iw,"גן סאקר, ירושלים","גן סאקר, ירושלים",yes,Gan Sipur Café,en,"Sacher Park, Jerusalem","Sacher Park, Jerusalem",no
1192,פטריקס,"Hita St 1, Be'er Sheva, 8424617, Israel",Patrick's B7,"Hita St 1, Be'er Sheva, 8424617, Israel",ChIJA-kX61tnAhUR-CIfjJ2Xf5Q,פטריקס באר שבע,iw,"חיטה 1, באר שבע, 8424617","חיטה 1, באר שבע",yes,Patrick's B7,en,"Hita St 1, Be'er Sheva, 8424617","Hita 1, Beersheba",no
1195,ריבר באר שבע - River,"Hita St 1, Be'er Sheva, 8424617, Israel",ריבר באר שבע - River,"Hita St 1, Be'er Sheva, 8424617, Israel",ChIJV8mFbU5nAhURRSeKchKwK54,ריבר באר שבע - River,iw,"חיטה 1, באר שבע, 8424617","חיטה 1, באר שבע",yes,ריבר באר שבע - River,iw,"Hita St 1, Be'er Sheva, 8424617","Hita 1, Beersheba",no
1196,רוזה אשדוד כשרות מהדרין מחפוד,"ז'בוטינסקי 45, סטאר סנטר, אשדוד, Israel",Roza Ashdod - רוזה אשדוד,"| Star center, Jabotinski St 45, Ashdod, 7721902, Israel",ChIJ-7E-V1KjAhURx4C1tOMSWJE,Roza Ashdod - רוזה אשדוד,en,"| Star center, Jabotinski St 45, Ashdod, 7721902","| Star center, ז'בוטינסקי 45, אשדוד",no,Roza Ashdod - רוזה אשדוד,en,"| Star center, Jabotinski St 45, Ashdod, 7721902","| Star center, Jabotinsky 45, Ashdod",no
1198,רובן,"ז'בוטינסקי 43, סטאר סנטר, אשדוד, Israel",רובן אשדוד סטאר סנטר ruben‏,"Jabotinski St 43, Ashdod, Israel",ChIJs4k7zdGjAhURxVUlrKPbFvY,רובן,iw,"ז'בוטינסקי 43, אשדוד","ז'בוטינסקי 43, אשדוד",yes,רובן אשדוד סטאר סנטר ruben‏,en,"Jabotinski St 43, Ashdod","Jabotinsky 43, Ashdod",no
1199,כולנו - Kulanu,"Makhal St 1, Ashkelon, Israel",כולנו - Kulanu,"Makhal St 1, Ashkelon, Israel",ChIJr9aVl4ydAhURqeGq68TwLPY,כולנו - Kulanu,iw,"מח""ל 1, אשקלון","מח""ל 1, אשקלון",yes,כולנו - Kulanu,iw,"Makhal St 1, Ashkelon","Mahal 1, Ashkelon",no
1202,ג'אפן ג'אפן באר שבע,"מתחם הבלוק, ראובן רובין 5, באר שבע, 8454942, Israel",ג'אפן ג'אפן באר שבע,"מתחם הבלוק, ראובן רובין 5, באר שבע, 8454942, Israel",ChIJh9FBisBnAhUREpw_gsle5VQ,ג'אפן ג'אפן באר שבע,iw,"מתחם הבלוק, ראובן רובין 5, באר שבע, 8454942","מתחם הבלוק, ראובן רובין 5, באר שבע",yes,ג'אפן ג'אפן באר שבע,iw,"מתחם הבלוק, ראובן רובין 5, באר שבע, 8454942","מתחם הבלוק, Reuven Rubin 5, Beersheba",yes
1203,טעם העמק,"בעלי המלאכה 5, צים סנטר נתיבות, Israel",Taste of the Valley,"פריז סנטר, Ba'alei HaMelacha 5, Netivot, Israel",ChIJjTNKk3l-AhUReEM8LT6It9s,טעם העמק,iw,"פריז סנטר, בעלי המלאכה 5, נתיבות","פריז סנטר, בעלי המלאכה 5, נתיבות",yes,Taste of the Valley,en,"פריז סנטר, Ba'alei HaMelacha 5, Netivot","פריז סנטר, Ba'alei HaMelacha 5, Netivot",yes
1206,פרש דה מרקט,"דרך הדרום 3, קריית גת, Israel",פרש דה מרקט Fresh The Market,"Derekh ha-Darom 3, Kiryat Gat, Israel",ChIJpVkLPEiRAhURYe2c83whzhQ,פרש דה מרקט Fresh The Market,iw,"דרך הדרום 3, קרית גת","דרך הדרום 3, קרית גת",yes,פרש דה מרקט Fresh The Market,iw,"Derekh ha-Darom 3, Kiryat Gat","Derekh ha-Darom 3, Kiryat Gat",no
1211,"אווז הזהב, ביג","דרך אליהו נאוי 24, באר שבע, Israel",Golden Goose Restaurant,"מרכז ביג, אליהו נאוי 24, באר שבע, Israel",ChIJ0V_FWmlmAhURNeSjEEjJLMA,מסעדת אווז הזהב,iw,"מרכז ביג, אליהו נאוי 24, באר שבע","מרכז ביג, אליהו נאוי 24, באר שבע",yes,Golden Goose Restaurant,en,"מרכז ביג, אליהו נאוי 24, באר שבע","מרכז ביג, Eliyahu Nawi 24, Beersheba",yes
1213,ראיחונה- בית האוכל הבוכרי,"הבנאים 3, נמל אשדוד, Israel","ראיחונה, מסעדה בוכרית","HaBana'im St 3, Ashdod, Israel",ChIJSSNB82ujAhURLOUSrWuf6Z0,"ראיחונה, מסעדה בוכרית",iw,"הבנאים 3, אשדוד","הבנאים 3, אשדוד",yes,"ראיחונה, מסעדה בוכרית",iw,"HaBana'im St 3, Ashdod","HaBana'im 3, Ashdod",no
1214,אנג'לינה פיצה ופסטה,"אילת, Israel",מסעדת אנג'לינה באילת,"מלון המלך שלמה, Eilat, Israel",ChIJ67-_L-VxABURFyBhxrW-dgw,מסעדת אנג'לינה באילת,iw,"מלון המלך שלמה, אילת","מלון המלך שלמה, אילת",yes,מסעדת אנג'לינה באילת,iw,"מלון המלך שלמה, Eilat","מלון המלך שלמה, Eilat",yes
1215,קירה,"יאיר 4, אשדוד, Israel",קירה,"Yair St 4, Ashdod, 7722611, Israel",ChIJC4t1WHOjAhURLofDxX4F1D4,קירה,iw,"יאיר 4, אשדוד, 7722611","יאיר 4, אשדוד",yes,קירה,iw,"Yair St 4, Ashdod, 7722611","Yair 4, Ashdod",no
1216,ראנץ' האוס,"אילת, Israel",Ranch House,"טיילת רויאל ביץ, אילת, Israel",ChIJmY5N7e9xABURuSIAsmdOK-I,ראנץ' האוס,iw,"טיילת רויאל ביץ, אילת","טיילת רויאל ביץ, אילת",yes,Ranch House,en,"טיילת רויאל ביץ, אילת","טיילת רויאל ביץ, Eilat",yes
1217,באדה בום גן העיר,"Ha-Gdud ha-Ivri St 5, Ashdod, 7770089, Israel",באדה בום -Bada Boom,"Ha-Gdud ha-Ivri St 5, Ashdod, 7770089, Israel",ChIJPzZ8KrOjAhURE0zPLDMY23Y,באדה בום -Bada Boom,iw,"הגדוד העברי 5, אשדוד, 7770089","הגדוד העברי 5, אשדוד",yes,באדה בום -Bada Boom,iw,"Ha-Gdud ha-Ivri St 5, Ashdod, 7770089","HaGdud Haivri 5, Ashdod",no
1218,קפה אופרה,"קנאים 27, קניון ערד, Israel",Opera Cafe,"Ha-Kana'im St 27, Arad, Israel",ChIJW7ufzfj_AhURfopxzycU72o,קפה אופרה ערד,iw,"הקנאים 27, ערד","הקנאים 27, ערד",yes,Opera Cafe,en,"Ha-Kana'im St 27, Arad","HaKanaim 27, Arad",no
1219,הלב הרחב,"חיל ההנדסה 6, אילת, Israel",הלב הרחב,"Heil HaHandasa St 6, Eilat, Israel",ChIJmQ8F4vVxABUR1SI-Y9fUjdM,הלב הרחב,iw,"חיל ההנדסה 6, אילת","חיל ההנדסה 6, אילת",yes,הלב הרחב,iw,"Heil HaHandasa St 6, Eilat","Heil HaHandasa 6, Eilat",no
1220,MOOD,"הים 5, אילת, Israel",מסעדת מוד באילת | mood restaurant eilat,"Ha-Yam St 5, Eilat, 88000, Israel",ChIJnz4VnvJxABURzc9W-40baiU,מסעדת מוד באילת | mood restaurant eilat,en,"הים 5, אילת, 88000","הים 5, אילת",yes,מסעדת מוד באילת | mood restaurant eilat,en,"Ha-Yam St 5, Eilat, 88000","HaYam 5, Eilat",no
1221,קפרזה,"דרך הדרום 20, קריית גת, Israel",קפרזה,"Derekh ha-Darom 20, Kiryat Gat, Israel",ChIJZ9TBQlyTAhURnJCxcZD1F04,קפרזה,iw,"דרך הדרום 20, קרית גת","דרך הדרום 20, קרית גת",yes,קפרזה,iw,"Derekh ha-Darom 20, Kiryat Gat","Derekh ha-Darom 20, Kiryat Gat",no
1222,איטליקה,"קאמפן 8, אילת, Israel",איטליקה אילת,"Kampen St 6, Eilat, Israel",ChIJlxB3heNxABURnLjwv5JG-H4,איטליקה אילת,iw,"קאמפן 6, אילת","קאמפן 6, אילת",yes,איטליקה אילת,iw,"Kampen St 6, Eilat","Kampen 6, Eilat",no
1223,בום בר,"מבקיעים, Israel",עגלת קפה בום בר - מושב מבקיעים,"שדרת עצי הזית, Mavki'im, Israel",ChIJEYY8BOOdAhURLQWhbiCK-ug,עגלת קפה בום בר - מושב מבקיעים,en,"שדרת עצי הזית, מבקיעים","שדרת עצי הזית, מבקיעים",yes,עגלת קפה בום בר - מושב מבקיעים,en,"שדרת עצי הזית, Mavki'im","שדרת עצי הזית, Mavki'im",yes
1225,טעם העמק,"יפה נוף 5, אשקלון, Israel",טעם העמק,"Yefe Nof St 5, Ashkelon, Israel",ChIJJw5apUucAhURCp-4bl2QYXY,טעם העמק,iw,"יפה נוף 5, אשקלון","יפה נוף 5, אשקלון",yes,טעם העמק,iw,"Yefe Nof St 5, Ashkelon","Yefe Nof 5, Ashkelon",no
1227,ניסו הדייג,"בת גלים 3, אשקלון, Israel",Nisso HaDayag,"מתחם המרינה, בת גלים 1, אשקלון, Israel",ChIJvbRJxDWcAhURhKDET2sQqeg,ניסו הדייג,iw,"מתחם המרינה, בת גלים 1, אשקלון","מתחם המרינה, בת גלים 1, אשקלון",yes,Nisso HaDayag,en,"מתחם המרינה, בת גלים 1, אשקלון","מתחם המרינה, Bat Galim 1, Ashkelon",yes
1229,אושי אושי,"דימונה, Israel",אושי אושי דימונה,"דימרי סנטר, דימונה, Israel",ChIJrT3y-UhFAhURGszWOJN7tb4,אושי אושי דימונה,iw,"דימרי סנטר, דימונה","דימרי סנטר, דימונה",yes,אושי אושי דימונה,iw,"דימרי סנטר, דימונה","דימרי סנטר, Dimona",yes
1230,בית החצ'אפורי באר שבע,"החלוץ 53, באר שבע, Israel",בית החצ'פורי,"He-Khaluts St 53, Be'er Sheva, 8421431, Israel",ChIJ59yM6nZnAhURNA9ybkjztO8,בית החצ'פורי,iw,"החלוץ 53, באר שבע, 8421431","החלוץ 53, באר שבע",yes,בית החצ'פורי,iw,"He-Khaluts St 53, Be'er Sheva, 8421431","HeHaluts 53, Beersheba",no
1231,"ג'אספר 08 JASPER, ישרוטל אגמים","קאמפן 7, אילת, Israel",ג'אספר 08 - Jasper 08,"Kampen St 7, Eilat, 88000, Israel",ChIJyzAYHBFxABURpabARVKMhsk,ג'אספר 08 - Jasper 08,iw,"קאמפן 7, אילת, 88000","קאמפן 7, אילת",yes,ג'אספר 08 - Jasper 08,iw,"Kampen St 7, Eilat, 88000","Kampen 7, Eilat",no
1235,ללוש בראסרי באר שבע,"חיטה 1, באר שבע, Israel",Cafe La Lush,"סינמה סיטי, חיטה, באר שבע, Israel",ChIJSzn0GjJnAhURAaInVPCWr7k,ללוש בראסרי (כשר),iw,"סינמה סיטי, חיטה, באר שבע","סינמה סיטי, חיטה, באר שבע",yes,Cafe La Lush,en,"סינמה סיטי, חיטה, באר שבע","סינמה סיטי, Hita, Beersheba",yes
1236,ריבר אשקלון,"רחבעם זאבי 4, אשקלון, Israel",ריבר אשקלון - River,"Rehavam Ze'evi St 4, Ashkelon, Israel",ChIJx4GiBBSfAhURX4XSwzQ3vuk,ריבר אשקלון - River,iw,"רחבעם זאבי 4, אשקלון","רחבעם זאבי 4, אשקלון",yes,ריבר אשקלון - River,iw,"Rehavam Ze'evi St 4, Ashkelon","Rehavam Ze'evi 4, Ashkelon",no
1237,HAVAS,"יוסף טרומפלדור 73, באר שבע, Israel",מסעדת חבס,"Trumpeldor Joseph St 73, Be'er Sheva, Israel",ChIJrRSEoSZnAhURXr9-wWdNbkE,מסעדת חבס,iw,"טרומפלדור יוסף 73, באר שבע","טרומפלדור יוסף 73, באר שבע",yes,מסעדת חבס,iw,"Trumpeldor Joseph St 73, Be'er Sheva","Trumpeldor Joseph 73, Beersheba",no
1238,בית הפול והשווארמה נווה זאב,"שד' יוהנה ז'בוטינסקי 11, באר שבע, Israel","בית הפול והשווארמה - נווה זאב באר שבע | ב""ש | חומוס | פלאפל | סביח | שניצל | שווארמה | משלוחים","Sderot Johana Jabotinsky 11, Beersheba, Israel",ChIJSWOfZQdmAhUR_IDBoaq3Ug4,"בית הפול והשווארמה - נווה זאב באר שבע | ב""ש | חומוס | פלאפל | סביח | שניצל | שווארמה | משלוחים",iw,"שדרות יוהנה ז'בוטינסקי 11, באר שבע","שדרות יוהנה ז'בוטינסקי 11, באר שבע",yes,"בית הפול והשווארמה - נווה זאב באר שבע | ב""ש | חומוס | פלאפל | סביח | שניצל | שווארמה | משלוחים",iw,"Sderot Johana Jabotinsky 11, Beersheba","Sderot Johana Jabotinsky 11, Beersheba",no
1244,פינצ'יטו,"הסתת 7, אילת, Israel",Pinchito Eilat,"Ha-Satat St 7, Eilat, 88000, Israel",ChIJzQ4oXARuABURx77m2BbmBhA,פינצ׳יטו pinchito,iw,"הסתת 7, אילת, 88000","הסתת 7, אילת",yes,Pinchito Eilat,en,"Ha-Satat St 7, Eilat, 88000","HaSatat 7, Eilat",no
1246,פיצה שמש נווה זאב,"שד' יוהנה ז'בוטינסקי 24, באר שבע, Israel",פיצה שמש נווה זאב,"Sderot Johana Jabotinsky 24, Beersheba, Israel",ChIJb05EnwdmAhURrcmjQR2FD9s,פיצה שמש נווה זאב,iw,"שדרות יוהנה ז'בוטינסקי 24, באר שבע","שדרות יוהנה ז'בוטינסקי 24, באר שבע",yes,פיצה שמש נווה זאב,iw,"Sderot Johana Jabotinsky 24, Beersheba","Sderot Johana Jabotinsky 24, Beersheba",no
1247,מאפיית אורן,"מרכז אורן 50, באר שבע, Israel",מאפיות אורן Cafe,"Yitzhack I. Rager Blvd 185, Be'er Sheva, Israel",ChIJO5QVoPRmAhUR6YnyQ2aTnfs,מאפיות אורן Cafe,iw,"שדרות יצחק רגר 185, באר שבע","שדרות יצחק רגר 185, באר שבע",yes,מאפיות אורן Cafe,iw,"Yitzhack I. Rager Blvd 185, Be'er Sheva","Yitzhack I. Rager Blvd 185, Beersheba",no
1248,בראנצ'וס,"ז'בוטינסקי 43, סטאר סנטר, אשדוד, Israel",בראנצ'וס אשדוד,"מתחם סטאר סנטר, ז'בוטינסקי 43, אשדוד, Israel",ChIJnUPN286jAhUR-W_rSnZKLvU,בראנצ'וס אשדוד,iw,"מתחם סטאר סנטר, ז'בוטינסקי 43, אשדוד","מתחם סטאר סנטר, ז'בוטינסקי 43, אשדוד",yes,בראנצ'וס אשדוד,iw,"מתחם סטאר סנטר, ז'בוטינסקי 43, אשדוד","מתחם סטאר סנטר, Jabotinsky 43, Ashdod",yes
1250,פיתה בסטה אשדוד,"הבנאים 1, נמל אשדוד, Israel",פיתה בסטה - סניף אשדוד,"HaBana'im St 1, Ashdod, Israel",ChIJRUMRhGujAhUROdEdSInk2cI,פיתה בסטה - סניף אשדוד,iw,"הבנאים 1, אשדוד","הבנאים 1, אשדוד",yes,פיתה בסטה - סניף אשדוד,iw,"HaBana'im St 1, Ashdod","HaBana'im 1, Ashdod",no
1255,עידן הפיצה,"שד' הפרחים 20, אשדוד, Israel",עידן הפיצה אשדוד,"Sderot HaPrahim 20, Ashdod, Israel",ChIJueEqpvyiAhURQXdqi4hLVxw,עידן הפיצה אשדוד,iw,"שדרות הפרחים 20, אשדוד","שדרות הפרחים 20, אשדוד",yes,עידן הפיצה אשדוד,iw,"Sderot HaPrahim 20, Ashdod","Sderot HaPrahim 20, Ashdod",no
1259,פיצה קרמלין Kremlin,"תש""ח 9, אשדוד, Israel",פיצה קרמלין,"Tashah St 9, Ashdod, Israel",ChIJTYmzRvmiAhURS37u5WXqJkQ,פיצה קרמלין,en,"תש""ח 9, אשדוד","תש""ח 9, אשדוד",yes,פיצה קרמלין,en,"Tashah St 9, Ashdod","Tashah 9, Ashdod",no
1260,מאפיות אנג'ל,"אברהם רוזנמן 6, נתיבות, Israel",Angel Bakery Factory Store,"Avraham Rozenman St, Netivot, Israel",ChIJI1_vxdl9AhURi2CaNlQHVFc,מאפיית אנג'ל חנות המפעל,iw,"אברהם רוזנמן, נתיבות","אברהם רוזנמן, נתיבות",yes,Angel Bakery Factory Store,en,"Avraham Rozenman St, Netivot","Avraham Rozenman, Netivot",no
1261,פיצה פלוס פיצה,"שד' גת 46, קריית גת, Israel",פיצה פלוס פיצה,"Sderot Gat 46, Kiryat Gat, Israel",ChIJfYWRbnqRAhURbTZybPBaPUA,פיצה פלוס פיצה,iw,"שדרות גת 46, קרית גת","שדרות גת 46, קרית גת",yes,פיצה פלוס פיצה,iw,"Sderot Gat 46, Kiryat Gat","Sderot Gat 46, Kiryat Gat",no
1264,שווארמה סבן,"פרץ סנטר, פרץ סנטר דימונה, Israel",מרכז השווארמה דימונה,"Peretz Center Mall, Dimona, Israel",ChIJM2yZAwFHAhURhAjPIpAMBD8,מרכז השווארמה דימונה,iw,"קניון פרץ סנטר, דימונה","קניון פרץ סנטר, דימונה",yes,מרכז השווארמה דימונה,iw,"Peretz Center Mall, Dimona","Peretz Center Mall, Dimona",no
1268,שיפקה,"התקווה 4, קניון קרית הממשלה, באר שבע, Israel",שיפקה,"Ha-Tikva St 4, Be'er Sheva, Israel",ChIJ48XPzmNnAhUR-DWO-dBjmD4,שיפקה,iw,"התקווה 4, באר שבע","התקווה 4, באר שבע",yes,שיפקה,iw,"Ha-Tikva St 4, Be'er Sheva","HaTikva 4, Beersheba",no
1269,שניצליה,"דרך מצדה 17, באר שבע, Israel","שניצליה, באר שבע","Derech Metsada 17, Beersheba, Israel",ChIJf-3gvGdmAhURwbWGmrLskVI,"שניצליה, באר שבע",iw,"דרך מצדה 17, באר שבע","דרך מצדה 17, באר שבע",yes,"שניצליה, באר שבע",iw,"Derech Metsada 17, Beersheba","Derech Metsada 17, Beersheba",no
1270,פיצה מרציאנו,"וינגייט 32, באר שבע, Israel",Pizza Marciano,"Wingate St 15, Be'er Sheva, Israel",ChIJ6zuTx1BmAhURxMnBK_4TrOg,פיצה מרציאנו,iw,"וינגייט 15, באר שבע","וינגייט 15, באר שבע",yes,Pizza Marciano,en,"Wingate St 15, Be'er Sheva","Wingate 15, Beersheba",no
1271,קונדיטורית ללוש,"בארי, Israel",קונדיטוריית ללוש,"Be'eri, 8513500, Israel",ChIJ6Wizd9yB_RQRMjqdSfPnP5c,קונדיטוריית ללוש,iw,"בארי, 8513500",בארי,yes,קונדיטוריית ללוש,iw,"Be'eri, 8513500",Be'eri,no
1272,הפינה התאילנדית,"גן בנימין 8, אילת, Israel",Thai Corner הפינה התאילנדית,"מרכז סיטי סנטר 8 אילת, Eilat, 88000, Israel",ChIJSZpEZPhxABURuqJoLeNP2z8,הפינה התאילנדית,iw,"מרכז סיטי סנטר 8 אילת, אילת, 88000",מרכז סיטי סנטר 8 אילת,yes,Thai Corner הפינה התאילנדית,en,"מרכז סיטי סנטר 8 אילת, Eilat, 88000",מרכז סיטי סנטר 8 אילת,yes
1277,המקסיקני,"דרך הדרום 9, קריית גת, Israel",המקסיקני,"Derekh ha-Darom 9, Kiryat Gat, Israel",ChIJkR5krWKRAhURC8FumegupAU,המקסיקני,iw,"דרך הדרום 9, קרית גת","דרך הדרום 9, קרית גת",yes,המקסיקני,iw,"Derekh ha-Darom 9, Kiryat Gat","Derekh ha-Darom 9, Kiryat Gat",no
1282,פיצה דליה,"דימונה, Israel",לה פיאצ'ה (פיצה דליה),"מרכז מסחרי, Dimona, Israel",ChIJpzEndfVHAhURNAJygSNMzcw,לה פיאצ'ה (פיצה דליה),iw,"מרכז מסחרי, דימונה","מרכז מסחרי, דימונה",yes,לה פיאצ'ה (פיצה דליה),iw,"מרכז מסחרי, Dimona","מרכז מסחרי, Dimona",yes
1285,אזור גריל בר,"הרצל 102, באר שבע, Israel",אזור גריל-בר,"Herzl St 102, Be'er Sheva, 8422049, Israel",ChIJIej1l0JnAhURymaUg9TFvHs,אזור גריל-בר,en,"הרצל 102, באר שבע, 8422049","הרצל 102, באר שבע",yes,אזור גריל-בר,en,"Herzl St 102, Be'er Sheva, 8422049","Hertsel 102, Beersheba",no
1288,אנטריקוט אקספרס,"קאמפן 8, אילת, Israel",Antrikot,"קניון אייס מול, Kampen 8, Eilat, Israel",ChIJt3r4jP5xABURyuWQcqA_cc4,אנטריקוט אקספרס אילת,iw,"קניון אייס מול, קאמפן 8, אילת","קניון אייס מול, קאמפן 8, אילת",yes,Antrikot,en,"קניון אייס מול, Kampen 8, Eilat","קניון אייס מול, Kampen 8, Eilat",yes
1291,מקדונלד'ס,"שד' בן גוריון 21, קניון גירון, אשקלון, Israel",McDonald's,"Sderot David Ben Gurion 21, Ashkelon, 7828134, Israel",ChIJ9VI6OVqcAhURVEuHk7_WqFQ,"מקדונלד'ס - קניון גירון, אשקלון (כשר)",iw,"שדרות דוד בן גוריון 21, אשקלון, 7828134","שדרות דוד בן גוריון 21, אשקלון",yes,McDonald's,en,"Sderot David Ben Gurion 21, Ashkelon, 7828134","Sderot David Ben Gurion 21, Ashkelon",no
1294,המאפה של רונה,"הרצל 32, אשקלון, Israel",המאפה של רונה בע''מ,"Herzl St 32, Ashkelon, Israel",ChIJ2QUx0HGcAhURYQ28NtUbhKs,המאפה של רונה בע''מ,iw,"הרצל 32, אשקלון","הרצל 32, אשקלון",yes,המאפה של רונה בע''מ,iw,"Herzl St 32, Ashkelon","Hertsel 32, Ashkelon",no
1295,ריבס הכשרה,"אורט 1, נמל אשדוד, Israel",ריבס הכשרה,"Ort St 1, Ashdod, Israel",ChIJTfABD3OjAhURG-9qPi43zzs,ריבס הכשרה,iw,"אורט 1, אשדוד","אורט 1, אשדוד",yes,ריבס הכשרה,iw,"Ort St 1, Ashdod","Ort 1, Ashdod",no
1302,גן עדן,"קהילת מילנו 55, שדרות, Israel",מסעדת גן עדן,"Kehilat Milano St, Sderot, Israel",ChIJf9_ti6iGAhUR8rUBne8Skeo,מסעדת גן עדן,iw,"קהילת מילנו, שדרות","קהילת מילנו, שדרות",yes,מסעדת גן עדן,iw,"Kehilat Milano St, Sderot","Kehilat Milano, Sderot",no
1307,בית הפול והשווארמה דימונה,"שד' הרצל, דימונה, Israel",בית הפול והשווארמה - דימונה תחנה מרכזית | חומוס | פלאפל | סביח | שניצל | שווארמה | משלוחים,"Sderot Golda Me'ir, Dimona, Israel",ChIJlXgiogZGAhURN39viCkTuJA,בית הפול והשווארמה - דימונה תחנה מרכזית | חומוס | פלאפל | סביח | שניצל | שווארמה | משלוחים,iw,"שדרות גולדה מאיר, דימונה","שדרות גולדה מאיר, דימונה",yes,בית הפול והשווארמה - דימונה תחנה מרכזית | חומוס | פלאפל | סביח | שניצל | שווארמה | משלוחים,iw,"Sderot Golda Me'ir, Dimona","Sderot Golda Me'ir, Dimona",no
1310,פיצה האט,"אלי כהן 21, אשקלון, Israel",Pizza Hut,"Eli Cohen St 21, Ashkelon, Israel",ChIJn7uOXEOcAhUR0uZ76JGLmkg,פיצה האט - אשקלון,iw,"אלי כהן 21, אשקלון","אלי כהן 21, אשקלון",yes,Pizza Hut,en,"Eli Cohen St 21, Ashkelon","Eli Cohen 21, Ashkelon",no
1311,חן הלחם,"העבודה 18, נמל אשדוד, Israel",חן הלחם. אשדוד,"Ha-Avoda St 18, Ashdod, Israel",ChIJ74dfEjqjAhURaShu07u4PRc,חן הלחם. אשדוד,iw,"העבודה 18, אשדוד","העבודה 18, אשדוד",yes,חן הלחם. אשדוד,iw,"Ha-Avoda St 18, Ashdod","HaAvoda 18, Ashdod",no
1312,פלאפל הגשר,"שד' יעלים 32, באר שבע, Israel",פלאפל הגשר,"Sderot Ye'elim 3, Beersheba, 8456316, Israel",ChIJ0V_FWmlmAhURStybqgG51Ko,פלאפל הגשר,iw,"שדרות יעלים 3, באר שבע, 8456316","שדרות יעלים 3, באר שבע",yes,פלאפל הגשר,iw,"Sderot Ye'elim 3, Beersheba, 8456316","Sderot Ye'elim 3, Beersheba",no
1314,ג'ט לק שדרות,"דרך מנחם בגין 7, שדרות, Israel",ג'ט לק שדרות Jetlek,"Menachem Begin Rd, Sderot, Israel",ChIJ8Ytw9AiBAhURfGoytMtoglA,ג'ט לק שדרות Jetlek,iw,"דרך מנחם בגין, שדרות","דרך מנחם בגין, שדרות",yes,ג'ט לק שדרות Jetlek,iw,"Menachem Begin Rd, Sderot","Derech Menachem Begin, Sderot",no
1317,כיכר הטעמים,"וינגייט 2, באר שבע, Israel",כיכר הטעמים,"Wingate St 2, Be'er Sheva, Israel",ChIJ4V_k0lZmAhURSUZfXkb3ycE,כיכר הטעמים,iw,"וינגייט 2, באר שבע","וינגייט 2, באר שבע",yes,כיכר הטעמים,iw,"Wingate St 2, Be'er Sheva","Wingate 2, Beersheba",no
1320,המגש החם,"יהושע ייבין 2, באר שבע, Israel",המגש החם,"Yehoshua Yevin St 2, Be'er Sheva, Israel",ChIJXxXyivhlAhURkaHUcoD8KD4,המגש החם,iw,"יהושע ייבין 2, באר שבע","יהושע ייבין 2, באר שבע",yes,המגש החם,iw,"Yehoshua Yevin St 2, Be'er Sheva","Yehoshua Yevin 2, Beersheba",no
1321,הבורקס של פארוק,"אשקלון, Israel",בורקס בבאלך,"Ha-Gvura St 1, Ashkelon, Israel",ChIJo5Uebu2dAhURy9nVFkB-js0,בורקס בבאלך,iw,"הגבורה 1, אשקלון","הגבורה 1, אשקלון",yes,בורקס בבאלך,iw,"Ha-Gvura St 1, Ashkelon","HaGvura 1, Ashkelon",no
1326,בורגרים,"בית אשל 21, באר שבע, Israel",Burgerim,"Beit Eshel St 21, Be'er Sheva, Israel",ChIJ--6JaBdmAhURCeVveed0-o8,בורגרים באר שבע העתיקה- כשר בשר חלק,iw,"בית אשל 21, באר שבע","בית אשל 21, באר שבע",yes,Burgerim,en,"Beit Eshel St 21, Be'er Sheva","Beit Eshel 21, Beersheba",no
1327,המקסיקני,"הגדוד העברי 5, אשדוד, Israel",מקסיקני באשדוד,"Ha-Gdud ha-Ivri St, Ashdod, Israel",ChIJE2qXylWiAhURsi5DhKnU3qw,מקסיקני באשדוד,iw,"הגדוד העברי, אשדוד","הגדוד העברי, אשדוד",yes,מקסיקני באשדוד,iw,"Ha-Gdud ha-Ivri St, Ashdod","HaGdud Haivri, Ashdod",no
1329,אחלה אילת,"קאמן 1, אילת, Israel",Achla - Platinum Grill,"קאמן 1 אילת IL 88000, Kamen 1, Eilat, Israel",ChIJz7PPdvtxABURuwmxUFhO0K4,מסעדת אחלה אילת - Premium Grill House,iw,"קאמן 1 אילת IL 88000, קאמן 1, אילת","קאמן 1 אילת IL 88000, קאמן 1, אילת",yes,Achla - Platinum Grill,en,"קאמן 1 אילת IL 88000, Kamen 1, Eilat","קאמן 1 אילת IL 88000, Kamen 1, Eilat",yes
1331,פיצה דהרי,"רשב""י 15, אשדוד, Israel",דהרי,"Rashbi St 14, Ashdod, Israel",ChIJaytjPyCjAhUR3KZ4xan9S1U,דהרי,iw,"רשב""י 14, אשדוד","רשב""י 14, אשדוד",yes,דהרי,iw,"Rashbi St 14, Ashdod","Rashbi 14, Ashdod",no
1332,ישראלי קריספי,"יוסף סמלו 1, נתיבות, Israel",ישראלי קריספי,"Yosef Samelo St 1, Netivot, Israel",ChIJY-aebN99AhURUJA1rwu6paM,ישראלי קריספי,iw,"יוסף סמלו 1, נתיבות","יוסף סמלו 1, נתיבות",yes,ישראלי קריספי,iw,"Yosef Samelo St 1, Netivot","Yosef Samelo 1, Netivot",no
1340,פפה לאון רמות,"אוסקר שינדלר 21, באר שבע, Israel",פפה לאון באר שבע,"Oskar Schindler St 21, Be'er Sheva, Israel",ChIJMxyef3RnAhURCfRULFV0sCo,פפה לאון באר שבע שכונת רמות.,iw,"אוסקר שינדלר 21, באר שבע","אוסקר שינדלר 21, באר שבע",yes,פפה לאון באר שבע,en,"Oskar Schindler St 21, Be'er Sheva","Oskar Schindler 21, Beersheba",no
1342,אפטר פיצה בר,"שלושת בני עין חרוד 85, באר שבע, Israel",After Pizza Bar,"Shloshet Bnei Ein Kharod St 76, Be'er Sheva, 84205, Israel",ChIJV7Bm-RZmAhURf1DAOo6Fmms,אפטר פיצה בר,iw,"שלושת בני עין חרוד 76, באר שבע, 84205","שלושת בני עין חרוד 76, באר שבע",yes,After Pizza Bar,en,"Shloshet Bnei Ein Kharod St 76, Be'er Sheva, 84205","Shloshet Bnei Ein Harod 76, Beersheba",no
1344,מסעדת אבו,"בן יהודה 13, פרץ סנטר שדרות, Israel",Abu Choo House,"Ben Yehuda St 13, Sderot, 80100, Israel",ChIJj6UZqWyBAhURT_F8Cu4dRkw,אבו מסעדת בשרים,iw,"בן יהודה 13, שדרות, 80100","בן יהודה 13, שדרות",yes,Abu Choo House,en,"Ben Yehuda St 13, Sderot, 80100","Ben Yehuda 13, Sderot",no
1345,קבב אמונה באר שבע,"קק""ל 58, באר שבע, Israel",Kabab Emuna,"Kakal St 58, Be'er Sheva, Israel",ChIJ2dvISBdmAhURgAivmMTfr7w,קבב אמונה,iw,"קק""ל 58, באר שבע","קק""ל 58, באר שבע",yes,Kabab Emuna,en,"Kakal St 58, Be'er Sheva","Kakal 58, Beersheba",no
1347,YAKITORI,"שד' מנחם בגין 28, שדרות, Israel",יאקיטורי סושי - Yakitori Sushi,"Menachem Begin Rd 28, Sderot, Israel",ChIJLXKbQRCBAhURrHRF6Sk9QMY,יאקיטורי סושי - Yakitori Sushi,iw,"דרך מנחם בגין 28, שדרות","דרך מנחם בגין 28, שדרות",yes,יאקיטורי סושי - Yakitori Sushi,iw,"Menachem Begin Rd 28, Sderot","Derech Menachem Begin 28, Sderot",no
1349,Georgio restaurant italien,"אשקלון, Israel",ג'ורג'יו קפה- מסעדה איטלקית,"HaNamal St 9, Ashkelon, 7879304, Israel",ChIJ05BIt4adAhURVwIk4iyPlPU,ג'ורג'יו קפה- מסעדה איטלקית,iw,"הנמל 9, אשקלון, 7879304","הנמל 9, אשקלון",yes,ג'ורג'יו קפה- מסעדה איטלקית,iw,"HaNamal St 9, Ashkelon, 7879304","HaNamal 9, Ashkelon",no
1359,פיצה פאנצ',"דרך השלום 52, באר שבע, Israel",Pizza Punch,"Derech HaShalom 52, Beersheba, 8441102, Israel",ChIJx3ao8E9mAhURMpU-GG9in-Y,פיצה אל פיצהנו - Pizza El Pizzano,iw,"דרך השלום 52, באר שבע, 8441102","דרך השלום 52, באר שבע",yes,Pizza Punch,en,"Derech HaShalom 52, Beersheba, 8441102","Derech HaShalom 52, Beersheba",no
1360,ברכת המזון,"עין החתול 3, הקניון האדום, אילת, Israel",ברכת המזון,"Ein he-Khatul St 3, Eilat, 88000, Israel",ChIJSXkelP1xABURyZlwA6sAVvE,ברכת המזון אילת | קייטרינג באילת | אוכל מוכן לשבת באילת | קייטרינג לאירועים באילת | אוכל מוכן כשר למהדרין באילת,iw,"עין החתול 3, אילת, 88000","עין החתול 3, אילת",yes,ברכת המזון,iw-Latn,"Ein he-Khatul St 3, Eilat, 88000","Ein He-Hatul 3, Eilat",no
1361,פיצה במקום,"חן 29, ערד, Israel",פיצה במקום ערד,"Hen St 29, Arad, Israel",ChIJ72SyYf__AhUR63gexstdeI0,פיצה במקום ערד,iw,"חן 29, ערד","חן 29, ערד",yes,פיצה במקום ערד,iw,"Hen St 29, Arad","Hen 29, Arad",no
1367,המקסיקני,"רותם 17, מרכז מסחרי עומר, Israel",The Mexican,"Rotem St 17, Omer, Israel",ChIJ5bqiy25nAhURuIfZu0L7hmc,המקסיקני,iw,"רותם 17, עומר","רותם 17, עומר",yes,The Mexican,en,"Rotem St 17, Omer","Rotem 17, Omer",no
1368,אושי אושי באר שבע,"שד' יצחק רגר 2, באר שבע, Israel",אושי אושי באר שבע,"קניון הנגב, Yitzhack I. Rager Blvd 2, Be'er Sheva, Israel",ChIJo1dHNchnAhURfvQnBWdM_xE,אושי אושי באר שבע,iw,"קניון הנגב, שדרות יצחק רגר 2, באר שבע","קניון הנגב, שדרות יצחק רגר 2, באר שבע",yes,אושי אושי באר שבע,iw,"קניון הנגב, Yitzhack I. Rager Blvd 2, Be'er Sheva","קניון הנגב, Yitzhack I. Rager Blvd 2, Beersheba",yes
1370,אקספרס החבית,"נחל ציחור 10, מצפה רמון, Israel",HaHavit,"Nakhal Tsikhor St 10, Mitzpe Ramon, Israel",ChIJg244gUbyARUR4ty2CLibdq4,החבית,iw,"נחל ציחור 10, מצפה רמון","נחל ציחור 10, מצפה רמון",yes,HaHavit,en,"Nakhal Tsikhor St 10, Mitzpe Ramon","Nahal Tsihor 10, Mitzpe Ramon",no
1372,שירי'ס בורגר,"קק""ל 79, באר שבע, Israel",Shiri's Burger,"Kakal St 79, Be'er Sheva, Israel",ChIJr73GSxdmAhURiMuhrxCJWAw,שירי'ס בורגר,iw,"קק""ל 79, באר שבע","קק""ל 79, באר שבע",yes,Shiri's Burger,en,"Kakal St 79, Be'er Sheva","Kakal 79, Beersheba",no
1379,אצל איתן,"שדרות, Israel",אצל איתן,"Yig'al Alon St 4, Sderot, Israel",ChIJmSH8XVOBAhUR7bWnOXWK36w,אצל איתן,iw,"יגאל אלון 4, שדרות","יגאל אלון 4, שדרות",yes,אצל איתן,iw,"Yig'al Alon St 4, Sderot","Yigal Alon 4, Sderot",no
1380,חומוס אליהו,"שד' צורן, קריית גת, Israel",Hummus Eliyahu,"פינת, שדרות צורן, קרית גת, Israel",ChIJAfYGPNKTAhURCA2coXNa3Jc,חומוס אליהו קרית גת,iw,"פינת, שדרות צורן, קרית גת","פינת, שדרות צורן, קרית גת",yes,Hummus Eliyahu,en,"פינת, שדרות צורן, קרית גת","פינת, Sderot Tsoran, Kiryat Gat",yes
1384,מנהטן טוסט נקניק,"שד' לכיש 16, קריית גת, Israel",מנהטן - טוסט נקניק,"Sderot Lachish 16, Kiryat Gat, Israel",ChIJkeNFA8-RAhURm0DeB0RM7lo,מנהטן - טוסט נקניק,iw,"שדרות לכיש 16, קרית גת","שדרות לכיש 16, קרית גת",yes,מנהטן - טוסט נקניק,iw,"Sderot Lachish 16, Kiryat Gat","Sderot Lachish 16, Kiryat Gat",no
1386,בית מאפה הגשר,"שד' יעלים 32, באר שבע, Israel",Bridge bakery,"Sderot Ye'elim 32, Beersheba, Israel",ChIJDUzkVwtmAhUR5qJoTjVNYw8,בית מאפה הגשר,iw,"שדרות יעלים 32, באר שבע","שדרות יעלים 32, באר שבע",yes,Bridge bakery,en,"Sderot Ye'elim 32, Beersheba","Sderot Ye'elim 32, Beersheba",no
1388,טירמיסו,"שדרות הים התיכון 1, אשדוד, Israel",Tiramisu,"HaYam HaTichon Blvd 1, Ashdod, Israel",ChIJvR38_mqjAhURA8txIa5hFik,טירמיסו,iw,"שדרות הים התיכון 1, אשדוד","שדרות הים התיכון 1, אשדוד",yes,Tiramisu,en,"HaYam HaTichon Blvd 1, Ashdod","Sderot HaYam HaTichon 1, Ashdod",no
1390,cofix,"העצמאות 93, אשדוד, Israel",קופיקס סיטי אשדוד,"Ha-Atsma'ut St 93, Ashdod, Israel",ChIJ96AZp_iiAhUR_WaNnC_n4GA,קופיקס סיטי אשדוד,iw,"העצמאות 93, אשדוד","העצמאות 93, אשדוד",yes,קופיקס סיטי אשדוד,iw,"Ha-Atsma'ut St 93, Ashdod","HaAtsmaut 93, Ashdod",no
1400,ארומה,"שד' בן גוריון 21, קניון גירון, אשקלון, Israel",Aroma Espresso Bar ארומה אספרסו בר,"קניון גירון, שדרות דוד בן גוריון 21, אשקלון, 7828134, Israel",ChIJJ5gFA1qcAhURDt288CgmfdE,Aroma Espresso Bar ארומה אספרסו בר,en,"קניון גירון, שדרות דוד בן גוריון 21, אשקלון, 7828134","קניון גירון, שדרות דוד בן גוריון 21, אשקלון",yes,Aroma Espresso Bar ארומה אספרסו בר,en,"קניון גירון, שדרות דוד בן גוריון 21, אשקלון, 7828134","קניון גירון, Sderot David Ben Gurion 21, Ashkelon",yes
1401,פלאפל הישועה,"שד' לכיש 6, קריית גת, Israel",פלאפל הישועה,"Mish'ol Paz 101, Kiryat Gat, Israel",ChIJAQBAQ2KRAhURAAy6jqizyWQ,פלאפל הישועה,iw,"משעול פ""ז 101, קרית גת","משעול פ""ז 101, קרית גת",yes,פלאפל הישועה,iw,"Mish'ol Paz 101, Kiryat Gat","Mish'ol Paz 101, Kiryat Gat",no
1402,ביג בראשית שווארמה,"הבנים 3, אשדוד, Israel",Shawarma Bereshit,"HaBanim St 7, Ashdod, 55555, Israel",ChIJ9deHTFWiAhURzgcycW5lxUs,ביג שווארמה בראשית,iw,"הבנים 7, אשדוד, 55555","הבנים 7, אשדוד",yes,Shawarma Bereshit,en,"HaBanim St 7, Ashdod, 55555","HaBanim 7, Ashdod",no
1408,אללתה מטבח אתיופי אותנטי,"הרצל 33, אשקלון, Israel",אללתה - מטבח אתיופי אותנטי,"Herzl St 33, Ashkelon, 7860132, Israel",ChIJZTBPABqdAhUR8QYBYRLsF48,אללתה - מטבח אתיופי אותנטי,iw,"הרצל 33, אשקלון, 7860132","הרצל 33, אשקלון",yes,אללתה - מטבח אתיופי אותנטי,iw,"Herzl St 33, Ashkelon, 7860132","Hertsel 33, Ashkelon",no
1409,קפה גרג,"בעלי המלאכה 5, צים סנטר נתיבות, Israel",קפה גרג,"Ba'alei ha-Melakha St 5, Netivot, Israel",ChIJG5ZFx3l-AhURUUHEreg1ISA,קפה גרג,iw,"בעלי המלאכה 5, נתיבות","צים סנטר, בעלי המלאכה 5, נתיבות",yes,קפה גרג,en,"Ba'alei ha-Melakha St 5, Netivot","צים סנטר, Ba'alei HaMelacha 5, Netivot",no
1411,טובלה בעיר,"שדרות, Israel",טובל'ה בעיר,"טובלה בעיר, Ben Yehuda 23, Sderot, Israel",ChIJsZxyXVOBAhUR9sbEFkfY0wo,טובל'ה בעיר,iw,"טובלה בעיר, בן יהודה 23, שדרות","טובלה בעיר, בן יהודה 23, שדרות",yes,טובל'ה בעיר,iw,"טובלה בעיר, Ben Yehuda 23, Sderot","טובלה בעיר, Ben Yehuda 23, Sderot",yes
1412,פיצה גוטה,"ביאליק 26, באר שבע, Israel",Gute Pizza,"מרכז חן, חיים נחמן ביאליק 26, באר שבע, Israel",ChIJ0V_FWmlmAhURlM4C_BFFNmQ,פיצה גוטה,iw,"מרכז חן, חיים נחמן ביאליק 26, באר שבע","מרכז חן, חיים נחמן ביאליק 26, באר שבע",yes,Gute Pizza,en,"מרכז חן, חיים נחמן ביאליק 26, באר שבע","מרכז חן, Haim Nachman Bialik 26, Beersheba",yes
1417,פיצה ביאנקה,"אלי כהן 34, אשקלון, Israel",ביאנקה - Bianca,"Eli Cohen St 34, Ashkelon, Israel",ChIJuxGd72mcAhUREmcb1_Ppv8g,ביאנקה - Bianca,iw,"אלי כהן 34, אשקלון","אלי כהן 34, אשקלון",yes,ביאנקה - Bianca,iw,"Eli Cohen St 34, Ashkelon","Eli Cohen 34, Ashkelon",no
1418,יהלי שירותי הסעדה,"שאר ישוב 1, שדרות, Israel",יהלי שירותי הסעדה,"She'ar Yashuv St 1, Sderot, Israel",ChIJb5X39wGEAhUROMs2LeU_w1Q,יהלי שירותי הסעדה,iw,"שאר ישוב 1, שדרות","שאר ישוב 1, שדרות",yes,יהלי שירותי הסעדה,iw,"She'ar Yashuv St 1, Sderot","She'ar Yashuv 1, Sderot",no
1422,פיצה של אפרים,"הנשיא 97, אשקלון, Israel",הפיצה של אפרים,"Ha-Nasi St 97, Ashkelon, Israel",ChIJXR2WklCcAhUR3eAqGMbW2UQ,הפיצה של אפרים,iw,"הנשיא 97, אשקלון","הנשיא 97, אשקלון",yes,הפיצה של אפרים,iw,"Ha-Nasi St 97, Ashkelon","HaNasi 97, Ashkelon",no
1430,פיצה האט,"דרך מנחם בגין, שדרות, Israel",פיצה האט - שדרות,"מרכז מול 7, שדרות, Israel",ChIJH8GMLlWBAhURHp5rozh8HAc,פיצה האט,iw,"מרכז מול 7, שדרות","מרכז מול 7, שדרות",yes,פיצה האט - שדרות,en,"מרכז מול 7, שדרות","מרכז מול 7, Sderot",yes
1431,האיטלקיה הקטנה,"לואי פיקרד 2, באר שבע, Israel",The little Italian,"Leo Piccard St 2/24, Be'er Sheva, 8471019, Israel",ChIJTVVpAO1mAhURKGY0RK90JAM,האיטלקיה הקטנה,iw,"ליאו פיקרד 2/24, באר שבע, 8471019","ליאו פיקרד 2/24, באר שבע",yes,The little Italian,en,"Leo Piccard St 2/24, Be'er Sheva, 8471019","Leo Piccard 2/24, Beersheba",no
1432,פיצה האיטלקיה,"אלי כהן 40, אשקלון, Israel",פיצה האיטלקיה אשקלון,"Eli Cohen St 40, Ashkelon, 7871808, Israel",ChIJqy-0OjCdAhURIIj0M76MYUg,פיצה האיטלקיה אשקלון,iw,"אלי כהן 40, אשקלון, 7871808","אלי כהן 40, אשקלון",yes,פיצה האיטלקיה אשקלון,iw,"Eli Cohen St 40, Ashkelon, 7871808","Eli Cohen 40, Ashkelon",no
1434,הפינה של אילן,"יוסף סמלו 201, נתיבות, Israel",הפינה של אילן נתיבות,"Yosef Samelo St 201, Netivot, Israel",ChIJuR3jSV59AhURWBFhrviyVpY,הפינה של אילן נתיבות,iw,"יוסף סמלו 201, נתיבות","יוסף סמלו 201, נתיבות",yes,הפינה של אילן נתיבות,iw,"Yosef Samelo St 201, Netivot","Yosef Samelo 201, Netivot",no
1436,טריפוליטנה,"החלוץ 120, באר שבע, Israel",טריפוליטנה,"He-Khaluts St 120, Be'er Sheva, Israel",ChIJpU54vBZmAhURqvmr5O3NU1U,טריפוליטנה,iw,"החלוץ 120, באר שבע","החלוץ 120, באר שבע",yes,טריפוליטנה,iw,"He-Khaluts St 120, Be'er Sheva","HeHaluts 120, Beersheba",no
1437,פיצה מוצרלה,"רחבעם זאבי 4, אשקלון, Israel",פיצה מוצרלה,"Rehavam Ze'evi St 4, Ashkelon, Israel",ChIJfTfG9EifAhUROx3x6UQjlgs,פיצה מוצרלה,iw,"רחבעם זאבי 4, אשקלון","רחבעם זאבי 4, אשקלון",yes,פיצה מוצרלה,iw,"Rehavam Ze'evi St 4, Ashkelon","Rehavam Ze'evi 4, Ashkelon",no
1438,New Deli ניו דלי אשדוד,"שד' מנחם בגין 1, מרכז צימר אשדוד, Israel",ניודלי Newdeli,"קניון הסיטי, שדרות מנחם בגין 1, אשדוד, Israel",ChIJnRNwn_iiAhURUKqmpAcOYM4,ניו דלי,iw,"קניון הסיטי, שדרות מנחם בגין 1, אשדוד","קניון הסיטי, שדרות מנחם בגין 1, אשדוד",yes,ניודלי Newdeli,en,"קניון הסיטי, שדרות מנחם בגין 1, אשדוד","קניון הסיטי, Sderot Menachem Begin 1, Ashdod",yes
1439,ג'אפן ג'אפן מצפה רמון,"שד' בן גוריון 2, מצפה רמון, Israel",גאפן גאפן,"מתחם אבן דרך, Sderot David Ben Gurion 2, Mitzpe Ramon, Israel",ChIJ3RnzGXnzARURLtxot3kEICI,גאפן גאפן,iw,"מתחם אבן דרך, שדרות דוד בן גוריון 2, מצפה רמון","מתחם אבן דרך, שדרות דוד בן גוריון 2, מצפה רמון",yes,גאפן גאפן,iw,"מתחם אבן דרך, Sderot David Ben Gurion 2, Mitzpe Ramon","מתחם אבן דרך, Sderot David Ben Gurion 2, Mitzpe Ramon",yes
1442,אטמוספרה,"ז'בוטינסקי 29, אשדוד, Israel",Atmosphera,"Jabotinski St 29, Ashdod, Israel",ChIJVQySmAyjAhURg3Mf9tG-8fA,Atmosphera,iw,"ז'בוטינסקי 29, אשדוד","ז'בוטינסקי 29, אשדוד",yes,Atmosphera,iw,"Jabotinski St 29, Ashdod","Jabotinsky 29, Ashdod",no
1446,האומן 9,"האומן 9, אילת, Israel",Haoman 9- Coffee Confectionery,"HaUman St 9, Eilat, Israel",ChIJoWervgNuABURXx5a60rZfh0,האומן 9 - קפה קונדטוריה,iw,"האומן 9, אילת","האומן 9, אילת",yes,Haoman 9- Coffee Confectionery,en,"HaUman St 9, Eilat","HaUman 9, Eilat",no
1447,קפטן בורגר אילת,"אילת, Israel",קפטן בורגר Captain Burger,"Derekh Yotam 1, Eilat, 88000, Israel",ChIJhQDp8iFxABUR-TtOO1QBKS4,קפטן בורגר Captain Burger,iw,"דרך יותם 1, אילת, 88000","דרך יותם 1, אילת",yes,קפטן בורגר Captain Burger,iw,"Derekh Yotam 1, Eilat, 88000","Derekh Yotam 1, Eilat",no
1449,עץ הזית,"המנוף 9, באר שבע, Israel",Olive Tree Restaurant,"HaManof St 9, Be'er Sheva, Israel",ChIJk0np5C5mAhUR2OuWUX_0nsk,מסעדת עץ הזית,iw,"המנוף 9, באר שבע","המנוף 9, באר שבע",yes,Olive Tree Restaurant,en,"HaManof St 9, Be'er Sheva","HaManof 9, Beersheba",no
1452,פושטק,"הרצל 5, אשקלון, Israel",פושטק,"בית פרנק, Hertsel 5, Ashkelon, Israel",ChIJm7qC-2-cAhURTOYacE4xeAY,פושטק,iw,"בית פרנק, הרצל 5, אשקלון","בית פרנק, הרצל 5, אשקלון",yes,פושטק,iw,"בית פרנק, Hertsel 5, Ashkelon","בית פרנק, Hertsel 5, Ashkelon",yes
1454,ארומה,"ככר פז 3, קריית גת, Israel",Aroma Espresso Bar ארומה אספרסו בר,"שדרות לכיש קניון לב העיר, Kiryat Gat, 8201816, Israel",ChIJO6bnsmaRAhURrhAfS1B-gF0,Aroma Espresso Bar ארומה אספרסו בר,en,"שדרות לכיש קניון לב העיר, קרית גת, 8201816","שדרות לכיש קניון לב העיר, קרית גת",yes,Aroma Espresso Bar ארומה אספרסו בר,en,"שדרות לכיש קניון לב העיר, Kiryat Gat, 8201816","שדרות לכיש קניון לב העיר, Kiryat Gat",yes
1458,בית הסנדוויץ הטוניסאי,"הזית 56, קריית גת, Israel",בית הסנדוויץ הטוניסאי,"Ha-Zayit St 56, Kiryat Gat, Israel",ChIJYT18JWORAhURBHvoKtAw-ZQ,בית הסנדוויץ הטוניסאי,iw,"הזית 56, קרית גת","הזית 56, קרית גת",yes,בית הסנדוויץ הטוניסאי,iw,"Ha-Zayit St 56, Kiryat Gat","HaZayit 56, Kiryat Gat",no
1459,מטעמי רוימי,"ירוחם, Israel",מטעמי רוימי,"המרכז המסחרי 80500, Yeruham, Israel",ChIJqZnk7ls_AhURetBKWId2-hI,מטעמי רוימי,iw,"המרכז המסחרי 80500, ירוחם","המרכז המסחרי 80500, ירוחם",yes,מטעמי רוימי,iw,"המרכז המסחרי 80500, Yeruham","המרכז המסחרי 80500, Yeruham",yes
1462,המקום של ניב,"ההסתדרות 40, קניון לב אשקלון, Israel",המקום של ניב,"Ha-Histadrut St 40, Ashkelon, Israel",ChIJJb4tN_ycAhURTMxPbcYQLtg,המקום של ניב,iw,"ההסתדרות 40, אשקלון","ההסתדרות 40, אשקלון",yes,המקום של ניב,iw,"Ha-Histadrut St 40, Ashkelon","Hahistadrut 40, Ashkelon",no
1463,השיפוד והמנגל,"חטיבת כרמלי 20, אשדוד, Israel",השיפוד והמנגל אשדוד,"Hativat Carmeli St 3, Ashdod, Israel",ChIJxdk6qIajAhURpyOS7XOrAyU,השיפוד והמנגל אשדוד,iw,"חטיבת כרמלי 3, אשדוד","חטיבת כרמלי 3, אשדוד",yes,השיפוד והמנגל אשדוד,iw,"Hativat Carmeli St 3, Ashdod","Hativat Carmeli 3, Ashdod",no
1466,Bar Bakery,"אייר 6, אשקלון, Israel",בייקרי בר- Bakery Bar,"Iyar St 6, Ashkelon, Israel",ChIJl_YZRQGdAhURtEXvzXuZpCk,בייקרי בר- Bakery Bar,iw,"אייר 6, אשקלון","אייר 6, אשקלון",yes,בייקרי בר- Bakery Bar,iw,"Iyar St 6, Ashkelon","Iyar 6, Ashkelon",no
1467,המטבח המרוקאי אשדוד,"הראשונים 3, אשדוד, Israel",המטבח,"Ha-Rishonim St 3, Ashdod, Israel",ChIJX96qhwyjAhURHob6_ueGdTU,המטבח,iw,"הראשונים 3, אשדוד","הראשונים 3, אשדוד",yes,המטבח,iw,"Ha-Rishonim St 3, Ashdod","HaRishonim 3, Ashdod",no
1471,"מאפיית איכות חורי בע""מ","הרצל 33, שדרות, Israel","מאפיית איכות חורי בע""מ","מול בנק הפועלים, הרצל 33, שדרות, Israel",ChIJVejehKuGAhURbzEqkD6XizA,"מאפיית איכות חורי בע""מ",iw,"מול בנק הפועלים, הרצל 33, שדרות","מול בנק הפועלים, הרצל 33, שדרות",yes,"מאפיית איכות חורי בע""מ",iw,"מול בנק הפועלים, הרצל 33, שדרות","מול בנק הפועלים, Hertsel 33, Sderot",yes
1472,אולמי פרדייז,"שלזינגר 1, נמל אשדוד, Israel",אולם בוטיק פרדייז,"1, 77608, Schlesinger, Ashdod, Israel",ChIJa5L58mejAhUR1rRG0Lika0g,אולם בוטיק פרדייז,iw,"1, 77608, Schlesinger, Ashdod","1, 77608, שלזינגר",no,אולם בוטיק פרדייז,iw,"1, 77608, Schlesinger, Ashdod","1, 77608, Schlesinger",no
1473,קיארה,"קטינקא ברוך 2, באר שבע, Israel",קיארה לאונג׳ בר Kiara Lounge Bar,"ברוך קטינקא 2, Beersheba, Israel",ChIJDbx5SBtnAhURDSVv1NP5d-c,קיארה לאונג׳ בר Kiara Lounge Bar,en,"ברוך קטינקא 2, באר שבע","ברוך קטינקא 2, באר שבע",yes,קיארה לאונג׳ בר Kiara Lounge Bar,en,"ברוך קטינקא 2, Beersheba","ברוך קטינקא 2, Beersheba",yes
1477,קריולו בוטיק,"קק""ל 26, באר שבע, Israel",קריולו - מטבח איטלקי 🍝,"Kakal St 75, Be'er Sheva, Israel",ChIJX-YHpcpnAhURNkqZAX3F96E,קריולו - מטבח איטלקי 🍝,iw,"קק""ל 75, באר שבע","קק""ל 75, באר שבע",yes,קריולו - מטבח איטלקי 🍝,iw,"Kakal St 75, Be'er Sheva","Kakal 75, Beersheba",no
1479,הבורקס הטורקי האורגינל,"הפועלים 5, דימונה, Israel",Turkish Original Burekas,"HaPo'alim St 5, Dimona, Israel",ChIJOwyxdBNGAhURkTcfNKLxMMI,הבורקס הטורקי האורגינל,iw,"הפועלים 5, דימונה","הפועלים 5, דימונה",yes,Turkish Original Burekas,en,"HaPo'alim St 5, Dimona","HaPo'alim 5, Dimona",no
1480,רולדין,"מח""ל 1, אשקלון, Israel",Roladin,"המח""ל 1, Ashkelon, Israel",ChIJIzTqpD6cAhURKWbMOzpfXcw,רולדין,iw,"המח""ל 1, Ashkelon","המח""ל 1, אשקלון",yes,Roladin,en,"המח""ל 1, Ashkelon","המח""ל 1, Ashkelon",yes
1486,אופוריה מסעדה חלבית,"שד' ירושלים 430, נתיבות, Israel",פיצה אופוריה,"Sderot Yerushalayim 430, Netivot, Israel",ChIJlScAWN1_AhURiNpMsd8p2gk,פיצה אופוריה,iw,"שדרות ירושלים 430, נתיבות","שדרות ירושלים 430, נתיבות",yes,פיצה אופוריה,iw,"Sderot Yerushalayim 430, Netivot","Sderot Yerushalayim 430, Netivot",no
1487,שיפודים גריל ישראלי,"ככר צפניה 4, אשקלון, Israel",שיפוד הזהב,"Sderot David Ben Gurion 25, Ashkelon, Israel",ChIJeQ9Uw9GdAhUR8PXv6i7ZWAg,שיפוד הזהב,iw,"שדרות דוד בן גוריון 25, אשקלון","שדרות דוד בן גוריון 25, אשקלון",yes,שיפוד הזהב,iw,"Sderot David Ben Gurion 25, Ashkelon","Sderot David Ben Gurion 25, Ashkelon",no
1490,רוניתא,"מדרשת בן גוריון, Israel",קייטרינג רוניתא | קייטרינג בשרי וחלבי,"דרך עין מור 5, Midreshet Ben-Gurion, 8499000, Israel",ChIJ44L6ou4ZAhURF-YknCvbcOg,קייטרינג רוניתא | קייטרינג בשרי וחלבי,iw,"דרך עין מור 5, מדרשת בן-גוריון, 8499000","דרך עין מור 5, מדרשת בן-גוריון",yes,קייטרינג רוניתא | קייטרינג בשרי וחלבי,iw,"דרך עין מור 5, Midreshet Ben-Gurion, 8499000","דרך עין מור 5, Midreshet Ben-Gurion",yes
1492,המאפה הצרפתי,"שד' ירושלים 29, נתיבות, Israel",המאפה הצרפתי,"Sderot Yerushalayim 29, Netivot, Israel",ChIJW9tIaN99AhURRoqViPsBMJY,המאפה הצרפתי,iw,"שדרות ירושלים 29, נתיבות","שדרות ירושלים 29, נתיבות",yes,המאפה הצרפתי,en,"Sderot Yerushalayim 29, Netivot","Sderot Yerushalayim 29, Netivot",no
1493,צ'נה אילת,"קאמן 17, אילת, Israel",ביאנקה (מסעדה כשרה באילת - לשעבר צ'נה אילת),"Kamen St 17, Eilat, Israel",ChIJj1rY1mZxABURaGFF53yutRo,ביאנקה (מסעדה כשרה באילת - לשעבר צ'נה אילת),iw,"קאמן 17, אילת","קאמן 17, אילת",yes,ביאנקה (מסעדה כשרה באילת - לשעבר צ'נה אילת),iw,"Kamen St 17, Eilat","Kamen 17, Eilat",no
1494,השיפודיה,"אוסלו 6, שדרות, Israel",השיפודיה,"Oslo St 6, Sderot, Israel",ChIJZ35lRKiGAhURebXW8kiRXmE,השיפודיה,iw,"אוסלו 6, שדרות","אוסלו 6, שדרות",yes,השיפודיה,iw,"Oslo St 6, Sderot","Oslo 6, Sderot",no
1495,ארומה,"פרץ סנטר 1, פרץ סנטר דימונה, Israel",Aroma Espresso Bar ארומה אספרסו בר,"קניון פרץ סנטר, דימונה, Israel",ChIJVVVVQRRGAhURiLEKmQf-uu8,Aroma Espresso Bar ארומה אספרסו בר,en,"קניון פרץ סנטר, דימונה","קניון פרץ סנטר, דימונה",yes,Aroma Espresso Bar ארומה אספרסו בר,en,"קניון פרץ סנטר, דימונה","קניון פרץ סנטר, Dimona",yes
1496,טעמים,"המדע 35, נמל אשדוד, Israel",מסעדת טעמים,"HaMada St 35, Ashdod, Israel",ChIJY0fBZLKkAhURxRkPvlLvJCw,מסעדת טעמים,iw,"המדע 35, אשדוד","המדע 35, אשדוד",yes,מסעדת טעמים,iw,"HaMada St 35, Ashdod","HaMada 35, Ashdod",no
1498,סנדביץ בר,"כנרת 5, אשדוד, Israel",sandwich bar,"מרכזון יא, כנרת 5, אשדוד, Israel",ChIJq6qqquWiAhUR7F-198DyXBc,סנדוויץ בר,iw,"מרכזון יא, כנרת 5, אשדוד","מרכזון יא, כנרת 5, אשדוד",yes,sandwich bar,en,"מרכזון יא, כנרת 5, אשדוד","מרכזון יא, Kineret 5, Ashdod",yes
1499,סומבררו,"יוסף סמלו 42, נתיבות, Israel",סומבררו נתיבות,"Yosef Samelo St 42, Netivot, 8020000, Israel",ChIJdQN51Nh9AhURZMRVCfylOdY,סומבררו נתיבות,iw,"יוסף סמלו 42, נתיבות, 8020000","יוסף סמלו 42, נתיבות",yes,סומבררו נתיבות,iw,"Yosef Samelo St 42, Netivot, 8020000","Yosef Samelo 42, Netivot",no
1501,קאסה,"המלאכה 26, דימונה, Israel",קאסה - CASA - Lounge Bar & Restaurant,"Ha-Melakha St 26, Dimona, Israel",ChIJrYmULABHAhURqedJpGSMJjE,קאסה - CASA - Lounge Bar & Restaurant,iw,"המלאכה 26, דימונה","המלאכה 26, דימונה",yes,קאסה - CASA - Lounge Bar & Restaurant,iw,"Ha-Melakha St 26, Dimona","HaMelacha 26, Dimona",no
1504,הירושלמי,"העמל 41, נמל אשדוד, Israel",חומוס ירושלמי,"Ha-Amal St 41, Ashdod, 7725904, Israel",ChIJZasFqeSjAhURNmJasigGzPM,חומוס ירושלמי,iw,"העמל 41, אשדוד, 7725904","העמל 41, אשדוד",yes,חומוס ירושלמי,iw,"Ha-Amal St 41, Ashdod, 7725904","Ha'Amal 41, Ashdod",no
1507,פיצה בלה,"חיים משה שפירא 22, אשדוד, Israel",פיצה בלה אשדוד,"Haim Moshe Shapira St 22, Ashdod, Israel",ChIJ719W46mjAhURb6jVAK939XM,פיצה בלה אשדוד,iw,"חיים משה שפירא 22, אשדוד","חיים משה שפירא 22, אשדוד",yes,פיצה בלה אשדוד,iw,"Haim Moshe Shapira St 22, Ashdod","Haim Moshe Shapira 22, Ashdod",no
1514,פיצה המרכזית,"יצחק בן צבי 4, קניון הנגב, Israel",פיצה המרכזית,"תחנה מרכזית, Beersheba, Israel",ChIJ-9wxid1nAhURdozRzugtVh8,פיצה המרכזית,iw,"תחנה מרכזית, באר שבע","תחנה מרכזית, באר שבע",yes,פיצה המרכזית,iw,"תחנה מרכזית, Beersheba","תחנה מרכזית, Beersheba",yes
1515,ביג אפל פיצה,"שד' התמרים 45, אילת, Israel",Big Apple Pizza,"Sderot HaTmarim 45, Eilat, Israel",ChIJJxFZuPhxABURWvW7_8FAAWY,ביג אפל,iw,"שדרות התמרים 45, אילת","שדרות התמרים 45, אילת",yes,Big Apple Pizza,en,"Sderot HaTmarim 45, Eilat","Sderot HaTmarim 45, Eilat",no
1517,אננייה מטבח אתיופי אותנטי,"שפינוזה 7, אשקלון, Israel",אנניה,"Shpinoza St 7, Ashkelon, Israel",ChIJMbInalmcAhURVI81i8YFAGo,אנניה,iw,"שפינוזה 7, אשקלון","שפינוזה 7, אשקלון",yes,אנניה,iw,"Shpinoza St 7, Ashkelon","Shpinoza 7, Ashkelon",no
1520,קפה הילה,"אשדוד, Israel",קפה הילה,"Mafkura St, Ashdod, Israel",ChIJK4eBiX6jAhUR_HT1SctQ8KY,קפה הילה,iw,"מפקורה, אשדוד","מפקורה, אשדוד",yes,קפה הילה,iw,"Mafkura St, Ashdod","Mafkura, Ashdod",no
1521,פיצה פומודורי,"כנרת 5, אשדוד, Israel",פיצה פומודורי,"Kineret St 5, Ashdod, Israel",ChIJPYEZ3FqiAhURcYS-i_cb1zI,פיצה פומודורי,en,"כנרת 5, אשדוד","כנרת 5, אשדוד",yes,פיצה פומודורי,en,"Kineret St 5, Ashdod","Kineret 5, Ashdod",no
1526,פיצה סמילנו,"יהודה הלוי 36, אשקלון, Israel",פיצה סמילנו,"Yehuda Halevi St 36, Ashkelon, Israel",ChIJb6YGFPicAhUR0CoJQRUDvAk,פיצה סמילנו,iw,"יהודה הלוי 36, אשקלון","יהודה הלוי 36, אשקלון",yes,פיצה סמילנו,iw,"Yehuda Halevi St 36, Ashkelon","Yehuda Halevi 36, Ashkelon",no
1527,טופ בורגר י,"צה""ל 23, אשקלון, Israel",טופ בורגר,"Tsahal St 23, Ashkelon, Israel",ChIJxbsDd3GcAhURcvRppGmi9NM,טופ בורגר,iw,"צה""ל 23, אשקלון","צה""ל 23, אשקלון",yes,טופ בורגר,iw,"Tsahal St 23, Ashkelon","Tsahal 23, Ashkelon",no
1529,קונדיטוריית דובדבן,"שד' הרצל 110, דימונה, Israel",קונדיטוריית דובדבן,"Sderot Herzl 30, Dimona, Israel",ChIJxVMWrgZGAhURCC35WOSqA_s,קונדיטוריית דובדבן,iw,"שדרות הרצל 30, דימונה","שדרות הרצל 30, דימונה",yes,קונדיטוריית דובדבן,iw,"Sderot Herzl 30, Dimona","Sderot Herzl 30, Dimona",no
1531,בית מאפה אללוף,"בורנשטיין 96, ירוחם, Israel",בית מאפה אללוף חיים,"Tsvi Bornstein St 96, Yeruham, Israel",ChIJbyxwvSE_AhURu2-494tl1_8,בית מאפה אללוף חיים,iw,"צבי בורנשטיין 96, ירוחם","צבי בורנשטיין 96, ירוחם",yes,בית מאפה אללוף חיים,iw,"Tsvi Bornstein St 96, Yeruham","Tsvi Bornstein 96, Yeruham",no
1532,פיצה פלא,"אבן עזרא 23, אשדוד, Israel",פיצה פלא,"Moshe Ibn Ezra St 23, Ashdod, 7762226, Israel",ChIJjRw6Q-qjAhURwPLr0-eY5HI,פיצה פלא,iw,"משה אבן עזרא 23, אשדוד, 7762226","משה אבן עזרא 23, אשדוד",yes,פיצה פלא,iw,"Moshe Ibn Ezra St 23, Ashdod, 7762226","Moshe Ibn Ezra 23, Ashdod",no
1537,מאפיית ארץ הצבי,"בעלי המלאכה 17, צים סנטר נתיבות, Israel",מאפיית ארץ הצבי,"Ba'alei ha-Melakha St 17, Netivot, Israel",ChIJPeC_wXl-AhURQslwyoJQ34U,מאפיית ארץ הצבי,iw,"בעלי המלאכה 17, נתיבות","בעלי המלאכה 17, נתיבות",yes,מאפיית ארץ הצבי,iw,"Ba'alei ha-Melakha St 17, Netivot","Ba'alei HaMelacha 17, Netivot",no
1540,פיצה עגבניה,"חיל הנדסה 1, מרכז בי 7 באר שבע, Israel",Pizza Agvania,"מתחם ביג, חיל ההנדסה 1, באר שבע, Israel",ChIJF2gaf0lmAhURuGJvJ57TIEg,פיצה עגבניה,iw,"מתחם ביג, חיל ההנדסה 1, באר שבע","מתחם ביג, חיל ההנדסה 1, באר שבע",yes,Pizza Agvania,en,"מתחם ביג, חיל ההנדסה 1, באר שבע","מתחם ביג, חיל ההנדסה 1, Beersheba",yes
1543,בית מאפה חושן ברכת הכוהנים,"דוד ניב 26, באר שבע, Israel",בית מאפה חושן,"David Niv St 26, Be'er Sheva, Israel",ChIJ_0E0R3RlAhURdWCw__0N7Mc,בית מאפה חושן,iw,"דוד ניב 26, באר שבע","דוד ניב 26, באר שבע",yes,בית מאפה חושן,iw,"David Niv St 26, Be'er Sheva","David Niv 26, Beersheba",no
1544,טולום ביץ',"דרך פעמי השלום 10, אילת, Israel",Tulum Beach / חוף טולום (מסעדה בשרית כשר),"Derech Pa'amei HaShalom 10, Eilat, 8829063, Israel",ChIJ2XxtvpJxABURWHShyhPmhVk,Tulum Beach / חוף טולום (מסעדה בשרית כשר),iw,"דרך פעמי השלום 10, אילת, 8829063","דרך פעמי השלום 10, אילת",yes,Tulum Beach / חוף טולום (מסעדה בשרית כשר),iw,"Derech Pa'amei HaShalom 10, Eilat, 8829063","Derech Pa'amei HaShalom 10, Eilat",no
1552,ניחוחות הטעם,"תלמי ביל""ו, Israel",קייטרינג ניחוחות הטעם,"Talmei Bilu, Israel",ChIJLx6zJeyHAhURDoNyAX_ReRc,קייטרינג ניחוחות הטעם,iw,"תלמי ביל""ו","תלמי ביל""ו",yes,קייטרינג ניחוחות הטעם,iw,Talmei Bilu,Talmei Bilu,no
1553,שווראמה כחלון,"יוסף סמלו, נתיבות, Israel",שווארמה כחלון,"Yosef Samelo St 3, Netivot, Israel",ChIJhYmXEN99AhURTyh7lqVMuoA,שווארמה כחלון,iw,"יוסף סמלו 3, נתיבות","יוסף סמלו 3, נתיבות",yes,שווארמה כחלון,iw,"Yosef Samelo St 3, Netivot","Yosef Samelo 3, Netivot",no
1554,התימני השווארמה והפלאפל,"גרשון שופמן 17, באר שבע, Israel",The Yemeni Shawarma and Tortilla,"Gershon Shofman St 17, Be'er Sheva, Israel",ChIJgV_IG3JnAhURECbhBNbK0MQ,התימני- השווארמה והטורטייה באר שבע,iw,"גרשון שופמן 17, באר שבע","גרשון שופמן 17, באר שבע",yes,The Yemeni Shawarma and Tortilla,en,"Gershon Shofman St 17, Be'er Sheva","Gershon Shofman 17, Beersheba",no
1555,בית העגל,"שד' יצחק רגר 2, קניון הנגב, Israel",מסעדת בית העגל בוואן פלזה ב״ש,"Yitshak Nafha St 25, Be'er Sheva, Israel",ChIJv9VRmhVnAhURw3NfNICj6QA,מסעדת בית העגל בוואן פלזה ב״ש,iw,"יצחק נפחא 25, באר שבע","יצחק נפחא 25, באר שבע",yes,מסעדת בית העגל בוואן פלזה ב״ש,iw,"Yitshak Nafha St 25, Be'er Sheva","Yitshak Nafha 25, Beersheba",no
1556,פוקצ'ה,"אנפה 1, אילת, Israel",Fucaccia,"Anafa St 1, Eilat, Israel",ChIJbT14oRxyABUR_ctJl5ia-3g,פוקצ׳ה,iw,"אנפה 1, אילת","אנפה 1, אילת",yes,Fucaccia,en,"Anafa St 1, Eilat","Anafa 1, Eilat",no
1557,רוקפור,"הפועלים 5, דימונה, Israel",מסעדת רוקפור דימונה,"HaPo'alim St 5, Dimona, Israel",ChIJ_ZEaagRGAhUR1sMEYF-kFpk,מסעדת רוקפור דימונה,iw,"הפועלים 5, דימונה","הפועלים 5, דימונה",yes,מסעדת רוקפור דימונה,iw,"HaPo'alim St 5, Dimona","HaPo'alim 5, Dimona",no
1558,בליקר בייקרי,"שד' דוד טוביהו 125, באר שבע, Israel",Bleecker Bakery,"עופר גראנד קניון באר שבע, David Tuviyahu Ave 125, Be'er Sheva, Israel",ChIJi9fBAOFlAhURjBKNge0hrEE,בליקר בייקרי,iw,"עופר גרנד קניון, שדרות דוד טוביהו 125, באר שבע","עופר גרנד קניון, שדרות דוד טוביהו 125, באר שבע",yes,Bleecker Bakery,en,"עופר גראנד קניון באר שבע, David Tuviyahu Ave 125, Be'er Sheva","עופר גראנד קניון באר שבע, David Tuviyahu Ave 125, Beersheba",yes
1559,פלאפל מיטל,"יצחק בן צבי 1, תחנה מרכזית באר שבע, Israel",פלאפל אסולין מיטל- סניף הרכבת,"Yitshak Ben Zvi St 1, Be'er Sheva, Israel",ChIJTe95vz9mAhURU74QkxfSnjE,פלאפל אסולין מיטל- סניף הרכבת,iw,"יצחק בן צבי 1, באר שבע","יצחק בן צבי 1, באר שבע",yes,פלאפל אסולין מיטל- סניף הרכבת,iw,"Yitshak Ben Zvi St 1, Be'er Sheva","Yitshak Ben Zvi 1, Beersheba",no
1560,בליקר בייקרי,"דרך הדרום 20, קריית גת, Israel",בליקר בייקרי קריית גת,"Derekh ha-Darom 20, Kiryat Gat, Israel",ChIJkStr2h-TAhUR0JFooDYBxME,בליקר בייקרי קריית גת,iw,"דרך הדרום 20, קרית גת","דרך הדרום 20, קרית גת",yes,בליקר בייקרי קריית גת,iw,"Derekh ha-Darom 20, Kiryat Gat","Derekh ha-Darom 20, Kiryat Gat",no
1562,לוטי רול,"בני ישראל 6, אילת, Israel",Loti-Roll,"Bnei Yisra'el St 6, Eilat, Israel",ChIJZXybJj5yABURCVQ_QEUsnX4,לוטירול | בר מוקפצים וסושי,iw,"בני ישראל 6, אילת","בני ישראל 6, אילת",yes,Loti-Roll,en,"Bnei Yisra'el St 6, Eilat","Benei Yisra'el 6, Eilat",no
1564,פיצה בורו פארק,"שלמה בן יוסף 27, אשדוד, Israel",Pizza Borough Park,"Shlomo Ben Yosef St 27, Ashdod, Israel",ChIJgzV8sR2jAhURJqPWZZzS6lo,פיצה בורו פארק,iw,"שלמה בן יוסף 27, אשדוד","שלמה בן יוסף 27, אשדוד",yes,Pizza Borough Park,en,"Shlomo Ben Yosef St 27, Ashdod","Shlomo Ben Yosef 27, Ashdod",no
1571,הפינה החמה באר שבע,"קק""ל 2, באר שבע, Israel",הפינה החמה,"Kakal St 2, Be'er Sheva, Israel",ChIJe2LFWmlmAhURsnoAm73bSSQ,הפינה החמה,iw,"קק""ל 2, באר שבע","קק""ל 2, באר שבע",yes,הפינה החמה,iw,"Kakal St 2, Be'er Sheva","Kakal 2, Beersheba",no
1581,הדרומית,"אלקיים ניסים 4, באר שבע, Israel",הדרומית - מסעדת בשרים כשרה,"מתחם ישפרו סנטר, Tsvi Taub 1, Beersheba, 8488584, Israel",ChIJ2Zr2N5xoAhURIq0GiK1I4qk,הדרומית - מסעדת בשרים כשרה,iw,"מתחם ישפרו סנטר, צבי טאוב 1, באר שבע, 8488584","מתחם ישפרו סנטר, צבי טאוב 1, באר שבע",yes,הדרומית - מסעדת בשרים כשרה,iw,"מתחם ישפרו סנטר, Tsvi Taub 1, Beersheba, 8488584","מתחם ישפרו סנטר, Tsvi Taub 1, Beersheba",yes
1582,שווארמה אשקלון,"הגבורה 5, אשקלון, Israel",שווארמה אשקלון,"Ha-Gvura St 7, Ashkelon, Israel",ChIJCX1TWlqcAhUROXdHHLLqfog,שווארמה אשקלון,iw,"הגבורה 7, אשקלון","הגבורה 7, אשקלון",yes,שווארמה אשקלון,iw,"Ha-Gvura St 7, Ashkelon","HaGvura 7, Ashkelon",no
1583,המזנון של ישראל,"התבונה 14, אילת, Israel",המזנון של ישראל אילת,"HaTvuna St 14, Eilat, Israel",ChIJn0brFAJuABURDBmOu3Qyn8M,המזנון של ישראל אילת,iw,"התבונה 14, אילת","התבונה 14, אילת",yes,המזנון של ישראל אילת,iw,"HaTvuna St 14, Eilat","HaTvuna 14, Eilat",no
1587,גאטוס,"בת גלים 1, אשקלון, Israel",גאטוס מסעדה איטלקית,"Bat Galim St, Ashkelon, Israel",ChIJAQAAAFGcAhUR07Kw9GNNcno,גאטוס על המים,iw,"בת גלים, אשקלון","בת גלים, אשקלון",yes,גאטוס מסעדה איטלקית,en,"Bat Galim St, Ashkelon","Bat Galim, Ashkelon",no
1591,מקדונלד'ס,"שד' יגאל אלון 31, דימונה, Israel",McDonald's,"פרץ סנטר - אזור תעשיה דרומי, Dimona, Israel",ChIJtfK_RRRGAhURc2lzs4VDr8A,מקדונלד'ס - דימונה - פרץ סנטר (כשר),iw,"פרץ סנטר - אזור תעשיה דרומי, דימונה","פרץ סנטר - אזור תעשיה דרומי, דימונה",yes,McDonald's,en,"פרץ סנטר - אזור תעשיה דרומי, Dimona","פרץ סנטר - אזור תעשיה דרומי, Dimona",yes
1592,מלך השווארמה,"צה""ל 3, אשקלון, Israel",מלך השווארמה,"Tsahal St 3, Ashkelon, Israel",ChIJgWCdtvedAhUR9YW9eIxHcnE,מלך השווארמה,en,"צה""ל 3, אשקלון","צה""ל 3, אשקלון",yes,מלך השווארמה,en,"Tsahal St 3, Ashkelon","Tsahal 3, Ashkelon",no
1595,פלאפל רץ,"העבודה 14, אשקלון, Israel",פלאפל רץ,"Ha-Avoda St 14, Ashkelon, Israel",ChIJB3dOi3OcAhURxLoomvBPJrg,פלאפל רץ,iw,"העבודה 14, אשקלון","העבודה 14, אשקלון",yes,פלאפל רץ,iw,"Ha-Avoda St 14, Ashkelon","HaAvoda 14, Ashkelon",no
1600,ממוס אוכל תוניסאי,"הנגרים 12, באר שבע, Israel",Mamos Tunisian restaurant,"HaNagarim St 12, Be'er Sheva, Israel",ChIJCcYxwkFmAhURNxYVHUwFXEg,ממוס מסעדה תוניסאית,iw,"הנגרים 12, באר שבע","הנגרים 12, באר שבע",yes,Mamos Tunisian restaurant,en,"HaNagarim St 12, Be'er Sheva","HaNagarim 12, Beersheba",no
1601,המבורגסה,"הבנאים 1, נמל אשדוד, Israel",המבורגסה,"HaOrgim St 12, Ashdod, Israel",ChIJTxm0OdG8AhURD6EGFPcAzvI,המבורגסה,iw,"האורגים 12, אשדוד","האורגים 12, אשדוד",yes,המבורגסה,iw,"HaOrgim St 12, Ashdod","HaOrgim 12, Ashdod",no
1603,פיצה שומי גרנד קניון ב''ש,"שד' דוד טוביהו 125, באר שבע, Israel",שומי,"David Tuviyahu Ave 125, Beersheba, Israel",ChIJl7M2ASllAhURfemrI_UxyFQ,שומי,iw,"שדרות דוד טוביהו 125, באר שבע","שדרות דוד טוביהו 125, באר שבע",yes,שומי,iw,"David Tuviyahu Ave 125, Beersheba","David Tuviyahu Ave 125, Beersheba",no
1606,לה בריוש,"רוגוזין 27, אשדוד, Israel",La Brioche,"Rogozin St 27, Ashdod, Israel",ChIJn28N7QejAhURZDYy6ase6R0,לה בריוש,iw,"רוגוזין 27, אשדוד","רוגוזין 27, אשדוד",yes,La Brioche,en,"Rogozin St 27, Ashdod","Rogozin 27, Ashdod",no
1612,קראנצ'ו,"צפניה 7, אשקלון, Israel",קראנצו טורטיה אשקלון,"Tsfanya St 7, Ashkelon, 7846246, Israel",ChIJgXdXLEGcAhUR6cZldnF22II,קראנצו טורטיה אשקלון,iw,"צפניה 7, אשקלון, 7846246","צפניה 7, אשקלון",yes,קראנצו טורטיה אשקלון,iw,"Tsfanya St 7, Ashkelon, 7846246","Tsfanya 7, Ashkelon",no
1613,באגט בגגט,"הצאלה 54, דימונה, Israel",באגט באגט,"Ha-Tse'ela St 54, Dimona, Israel",ChIJM9jYUQRGAhURdTL3JJrZ4rQ,באגט באגט,iw,"הצאלה 54, דימונה","הצאלה 54, דימונה",yes,באגט באגט,iw,"Ha-Tse'ela St 54, Dimona","HaTse'ela 54, Dimona",no
1616,צ'וקה,"שד' דוד טוביהו 125, באר שבע, Israel",Chooka,"David Tuviyahu Ave 125, Beersheba, Israel",ChIJhxHGuuFlAhUR6owXSFH6j4o,צ׳וקה באר שבע,iw,"שדרות דוד טוביהו 125, באר שבע","שדרות דוד טוביהו 125, באר שבע",yes,Chooka,en,"David Tuviyahu Ave 125, Beersheba","David Tuviyahu Ave 125, Beersheba",no
1617,"""מרכז הפיתה""","דימונה, Israel",מאפיית מרכז הפיתה,"Derech David Ben Gurion 1046, Dimona, Israel",ChIJXdCKif5FAhURlJeazJUMIw8,מאפיית מרכז הפיתה,iw,"דרך דוד בן גוריון 1046, דימונה","דרך דוד בן גוריון 1046, דימונה",yes,מאפיית מרכז הפיתה,iw,"Derech David Ben Gurion 1046, Dimona","Derech David Ben Gurion 1046, Dimona",no
1620,בוטרא,"אדר 4, אשדוד, Israel",בוטרא - שוארמה רובע י'ב אשדוד,"Adar St 4, Ashdod, Israel",ChIJ34Eg0liiAhUR0ajG7RGfjsw,בוטרא - שוארמה רובע י'ב אשדוד,iw,"אדר 4, אשדוד","אדר 4, אשדוד",yes,בוטרא - שוארמה רובע י'ב אשדוד,iw,"Adar St 4, Ashdod","Adar 4, Ashdod",no
1621,מסעדת הפרה,"מבצע נחשון 60, באר שבע, Israel",הפרה,"Mivtsa Nakhshon St 60, Be'er Sheva, Israel",ChIJff2cEGVmAhURyOmHhdicOHU,הפרה - טורטיה & בר בורגר,iw,"מבצע נחשון 60, באר שבע","מבצע נחשון 60, באר שבע",yes,הפרה,en,"Mivtsa Nakhshon St 60, Be'er Sheva","Mivtsa Nahshon 60, Beersheba",no
1622,בטעם של קובי,"החרש 11, אילת, Israel",Bataam Shel Kobi Catering,"HaHarash St 11, Eilat, Israel",ChIJr-IO4QNuABURCa11TDh9Bfo,קייטרינג בטעם של קובי,iw,"החרש 11, אילת","החרש 11, אילת",yes,Bataam Shel Kobi Catering,en,"HaHarash St 11, Eilat","HaHarash 11, Eilat",no
1623,מאמא פיצה,"אלי כהן 46, אשקלון, Israel",מאמא פיצה,"Eli Cohen St 46, Ashkelon, Israel",ChIJs2Gb6GucAhURdG74cKJJwFc,מאמא פיצה,iw,"אלי כהן 46, אשקלון","אלי כהן 46, אשקלון",yes,מאמא פיצה,en,"Eli Cohen St 46, Ashkelon","Eli Cohen 46, Ashkelon",no
1624,פיצה שמש,"שד' לכיש 33, קריית גת, Israel",Pizza Shemesh,"Sderot Lachish 33, Kiryat Gat, Israel",ChIJP5IFCWGRAhURntF0mMjBtBo,פיצה שמש קרית גת,iw,"שדרות לכיש 33, קרית גת","שדרות לכיש 33, קרית גת",yes,Pizza Shemesh,en,"Sderot Lachish 33, Kiryat Gat","Sderot Lachish 33, Kiryat Gat",no
1625,החומוס של טחינה,"יוסף בן מתתיהו 70, אוניברסיטת בן-גוריון בנגב, באר שבע, Israel",Tahini's Hummus,"Yosef Ben Matityahu St 70, Be'er Sheva, Israel",ChIJ8YjR-vVmAhURXTTUbtBmGO8,החומוס של טחינה,iw,"יוסף בן מתתיהו 70, באר שבע","יוסף בן מתתיהו 70, באר שבע",yes,Tahini's Hummus,en,"Yosef Ben Matityahu St 70, Be'er Sheva","Yosef Ben Matityahu 70, Beersheba",no
1635,פיצה שמש דימונה,"מ""ד המעפילים 215, דימונה, Israel",Shemesh Pizza,"מ""ד המעפילים 215, Dimona, 8610002, Israel",ChIJcVG2DANGAhURblIFIVSU1kE,פיצה שמש דימונה,iw,"מ""ד המעפילים 215, דימונה, 8610002","מ""ד המעפילים 215, דימונה",yes,Shemesh Pizza,en,"מ""ד המעפילים 215, Dimona, 8610002","מ""ד המעפילים 215, Dimona",yes
1639,אושי אושי,"הגדוד העברי 6, קניון סי מול, אשדוד, Israel",אושי אושי אשדוד,"קניון סימול, HaGdud Haivri 6, Ashdod, Israel",ChIJ2WPrsVWiAhURjRvje1E4geE,אושי אושי אשדוד,iw,"קניון סימול, הגדוד העברי 6, אשדוד","קניון סימול, הגדוד העברי 6, אשדוד",yes,אושי אושי אשדוד,iw,"קניון סימול, HaGdud Haivri 6, Ashdod","קניון סימול, HaGdud Haivri 6, Ashdod",yes
1646,פיצה כמעט חינם,"יוסף סמלו 2, נתיבות, Israel",פיצה כמעט חינם,"Yosef Samelo St 44, Netivot, Israel",ChIJyYidbN99AhUR5-GNdBgc6yI,פיצה כמעט חינם,iw,"יוסף סמלו 44, נתיבות","יוסף סמלו 44, נתיבות",yes,פיצה כמעט חינם,iw,"Yosef Samelo St 44, Netivot","Yosef Samelo 44, Netivot",no
1647,שמונה,"קק""ל 32, באר שבע, Israel",שף סנוויץ' Eight העיר העתיקה,"Kakal St 32, Be'er Sheva, Israel",ChIJUdMTQxdmAhURP2o45yfY31E,רשת שמונה,iw,"קק""ל 32, באר שבע","קק""ל 32, באר שבע",yes,שף סנוויץ' Eight העיר העתיקה,en,"Kakal St 32, Be'er Sheva","Kakal 32, Beersheba",no
1649,פיצה דל פיירו,"אנפה 1, אילת, Israel",פיצה דל פיירו Pizza Del Piero,"מרכז מור, Anafa 1, Eilat, Israel",ChIJ15TDSz5yABUR9itDw1l7d3I,פיצה דל פיירו Pizza Del Piero,en,"מרכז מור, אנפה 1, אילת","מרכז מור, אנפה 1, אילת",yes,פיצה דל פיירו Pizza Del Piero,en,"מרכז מור, Anafa 1, Eilat","מרכז מור, Anafa 1, Eilat",yes
1651,פיצה ברצ'רומא,"אליעזר שמואלי 1, באר שבע, Israel",פיצה ברצרומא,"Eli'ezer Smoli St 1, Be'er Sheva, Israel",ChIJwyBR5fllAhURSDfm1XRE2Ik,פיצה ברצרומא,iw,"אליעזר שמאלי 1, באר שבע","אליעזר שמאלי 1, באר שבע",yes,פיצה ברצרומא,iw,"Eli'ezer Smoli St 1, Be'er Sheva","Eliezer Smoli 1, Beersheba",no
1653,בורגרים,"אלי כהן 21, אשקלון, Israel",Burgerim,"Eli Cohen St 21, Ashkelon, Israel",ChIJm8baaEOcAhURpW0lXn7PEQU,בורגרים אשקלון- כשר בשר חלק,iw,"אלי כהן 21, אשקלון","אלי כהן 21, אשקלון",yes,Burgerim,en,"Eli Cohen St 21, Ashkelon","Eli Cohen 21, Ashkelon",no
1655,פיצה סלפי,"שד' בן גוריון 8, מצפה רמון, Israel",פיצה סלפי מצפה רמון,"מרכז מסחרי, שדרות בן גוריון 8, מצפה רמון, Israel",ChIJ_____0byARURWPfim76bv0Q,פיצה סלפי מצפה רמון,iw,"מרכז מסחרי, שדרות בן גוריון 8, מצפה רמון","מרכז מסחרי, שדרות בן גוריון 8, מצפה רמון",yes,פיצה סלפי מצפה רמון,iw,"מרכז מסחרי, שדרות בן גוריון 8, מצפה רמון","מרכז מסחרי, שדרות בן גוריון 8, Mitzpe Ramon",yes
1658,ג׳אפן ג׳אפן אשקלון,"הנמל 9, אשקלון, Israel",ג'אפן ג'אפן אשקלון - JAPAN JAPAN,"HaNamal St 9, Ashkelon, 7879304, Israel",ChIJ4XsClH-dAhUR9f4HgHiJ-40,ג'אפן ג'אפן אשקלון - JAPAN JAPAN,iw,"הנמל 9, אשקלון, 7879304","הנמל 9, אשקלון",yes,ג'אפן ג'אפן אשקלון - JAPAN JAPAN,iw,"HaNamal St 9, Ashkelon, 7879304","HaNamal 9, Ashkelon",no
1662,cofix,"ברל כצנלסון 13, אשקלון, Israel",קופיקס בית ימין,"Berl Katsnelson St 13, Ashkelon, Israel",ChIJu_aqd8lLHRURm-thpOuJumA,קופיקס בית ימין,iw,"ברל כצנלסון 13, אשקלון","ברל כצנלסון 13, אשקלון",yes,קופיקס בית ימין,iw,"Berl Katsnelson St 13, Ashkelon","Berl Katsnelson 13, Ashkelon",no
1664,טורטילוקו,"אליעזר שמואלי 1, באר שבע, Israel",TORTILLOCO,"Eli'ezer Smoli St 1, Be'er Sheva, Israel",ChIJZ2QT3v1lAhURFFy5dcRz5Eg,טורטילוקו,iw,"אליעזר שמאלי 1, באר שבע","אליעזר שמאלי 1, באר שבע",yes,TORTILLOCO,en,"Eli'ezer Smoli St 1, Be'er Sheva","Eliezer Smoli 1, Beersheba",no
1665,sushi house,"פרץ סנטר 27, פרץ סנטר דימונה, Israel",Sushi House Dimona,"Peretz Center Mall, Dimona, Israel",ChIJHXnoKflHAhURroo-uUFL-Yo,סושי האוס - Sushi House,iw,"קניון פרץ סנטר, דימונה","קניון פרץ סנטר, דימונה",yes,Sushi House Dimona,en,"Peretz Center Mall, Dimona","Peretz Center Mall, Dimona",no
1667,קפה צמרת,"רוגוזין 11, אשדוד, Israel",קפה צמרת,"Rogozin St 11, Ashdod, Israel",ChIJ6VP9VAijAhURkEvq2Jl-p24,קפה צמרת,iw,"רוגוזין 11, אשדוד","רוגוזין 11, אשדוד",yes,קפה צמרת,iw,"Rogozin St 11, Ashdod","Rogozin 11, Ashdod",no
1668,מטעמי השף,"אשקלון, Israel",מטעמי השף אלון,"Shlomo Cohen St 1/3, Ashkelon, Israel",ChIJLUrdkRWcAhURT2RBbN4YRVw,מטעמי השף אלון,iw,"שלמה כהן 1/3, אשקלון","שלמה כהן 1/3, אשקלון",yes,מטעמי השף אלון,iw,"Shlomo Cohen St 1/3, Ashkelon","Shlomo Cohen 1/3, Ashkelon",no
1671,סומבררו,"מ""ד המעפילים 3, דימונה, Israel",סומבררו דימונה,"מ""ד המעפילים 24-28, Dimona, Israel",ChIJr-Yu5gNGAhURilifaEjqgUg,סומבררו דימונה,iw,"מ""ד המעפילים 24-28, דימונה","מ""ד המעפילים 24-28, דימונה",yes,סומבררו דימונה,iw,"מ""ד המעפילים 24-28, Dimona","מ""ד המעפילים 24-28, Dimona",yes
1673,נמסטה,"הטיילת 20, אשדוד, Israel",Namaste,"HaTayelet 20, Ashdod, 7749217, Israel",ChIJgeESVaajAhURqVNxVjshUMg,NAMASTE נמסטה אשדוד,iw,"הטיילת 20, אשדוד, 7749217","הטיילת 20, אשדוד",yes,Namaste,en,"HaTayelet 20, Ashdod, 7749217","HaTayelet 20, Ashdod",no
1678,מירי מעדנים,"דוד ניב 30, באר שבע, Israel",מירי מעדנים,"David Niv St 30, Be'er Sheva, Israel",ChIJaaAcD_xlAhURjWjGf28WwQg,מירי מעדנים,iw,"דוד ניב 30, באר שבע","דוד ניב 30, באר שבע",yes,מירי מעדנים,iw,"David Niv St 30, Be'er Sheva","David Niv 30, Beersheba",no
1680,בוצ'רי אחוזת בשר,"ההסתדרות 22, באר שבע, Israel",Butchery,"Ha-Histadrut St 22, Be'er Sheva, Israel",ChIJd-0bhBpmAhURa_u788ouvdE,בוצ'רי,iw,"ההסתדרות 22, באר שבע","ההסתדרות 22, באר שבע",yes,Butchery,en,"Ha-Histadrut St 22, Be'er Sheva","Hahistadrut 22, Beersheba",no
1681,פיצה באר שבע,"דוד ניב 16, באר שבע, Israel",פיצה באר שבע,"David Niv St 16, Be'er Sheva, Israel",ChIJ8_6cqP5lAhURBHs4kgOvBcM,פיצה באר שבע,iw,"דוד ניב 16, באר שבע","דוד ניב 16, באר שבע",yes,פיצה באר שבע,iw,"David Niv St 16, Be'er Sheva","David Niv 16, Beersheba",no
1682,שווארמה האומן אילת,"הסתת 9, אילת, Israel",שווארמה האומן - פלאפל שווארמה באילת,"Ha-Satat St 20, Eilat, 88000, Israel",ChIJK5LoXARuABURhnOKeexdEcA,שווארמה האומן - פלאפל שווארמה באילת,iw,"הסתת 20, אילת, 88000","הסתת 20, אילת",yes,שווארמה האומן - פלאפל שווארמה באילת,iw,"Ha-Satat St 20, Eilat, 88000","HaSatat 20, Eilat",no
1683,לבונה,"עזרא יסודי 1, אשקלון, Israel",מסעדת לבונה,"Ezra Yesodi St 1, Ashkelon, 7863702, Israel",ChIJd4QJT4mbAhUR772uwQHjGOo,מסעדת לבונה,iw,"עזרא יסודי 1, אשקלון, 7863702","עזרא יסודי 1, אשקלון",yes,מסעדת לבונה,iw,"Ezra Yesodi St 1, Ashkelon, 7863702","Ezra Yesodi 1, Ashkelon",no
1684,שניצל בוארון,"אלי כהן 37, אשקלון, Israel",שניצל בוארון,"Eli Cohen St 37, Ashkelon, 78721, Israel",ChIJWyXLwmucAhUR54O3NlyIs7U,שניצל בוארון,iw,"אלי כהן 37, אשקלון, 78721","אלי כהן 37, אשקלון",yes,שניצל בוארון,iw,"Eli Cohen St 37, Ashkelon, 78721","Eli Cohen 37, Ashkelon",no
1686,מריולו,"ברל כצנלסון 13, אשקלון, Israel","מריולו - אוכל ביתי חם וטרי בכל יום, בשישי ולאירועים","Berl Katsnelson St 13, Ashkelon, Israel",ChIJDVEFc3CcAhURH7_3Xr3AsOk,"מריולו - אוכל ביתי חם וטרי בכל יום, בשישי ולאירועים",iw,"ברל כצנלסון 13, אשקלון","ברל כצנלסון 13, אשקלון",yes,"מריולו - אוכל ביתי חם וטרי בכל יום, בשישי ולאירועים",iw,"Berl Katsnelson St 13, Ashkelon","Berl Katsnelson 13, Ashkelon",no
1688,"מאפיית אדום אילת בע""מ","הבנאי 5, אילת, Israel",מאפיית אדום דודו אילת בע״מ,"HaBanay St 5, Eilat, 88000, Israel",ChIJvdw9qrSkHRURko3r-DmsdDM,מאפיית אדום דודו אילת בע״מ,iw,"הבנאי 5, אילת, 88000","הבנאי 5, אילת",yes,מאפיית אדום דודו אילת בע״מ,iw,"HaBanay St 5, Eilat, 88000","HaBanay 5, Eilat",no
1691,המקסיקני,"דרך יותם 1, אילת, Israel",המקסיקני,"Derekh Yotam 1, Eilat, Israel",ChIJTZQMsPdxABURvxh3bCRkvvQ,המקסיקני,en,"דרך יותם 1, אילת","דרך יותם 1, אילת",yes,המקסיקני,en,"Derekh Yotam 1, Eilat","Derekh Yotam 1, Eilat",no
1692,פיצה לק,"שד' התמרים 134, אילת, Israel",Pizza Lek,"Sderot HaTmarim 27, Eilat, Israel",ChIJ4Ya7CQBuABURQHG-45gorOg,פיצה לק אילת 1988,iw,"שדרות התמרים 27, אילת","שדרות התמרים 27, אילת",yes,Pizza Lek,en,"Sderot HaTmarim 27, Eilat","Sderot HaTmarim 27, Eilat",no
1694,ג'ורנו,"הבנאים 7, אשדוד, Israel",סנדוויץ׳ טוניסאי - ג׳ורנו,"HaBana'im St 7, Ashdod, Israel",ChIJWSL7afOjAhURXn3kauaQh3g,סנדוויץ׳ טוניסאי - ג׳ורנו,iw,"הבנאים 7, אשדוד","הבנאים 7, אשדוד",yes,סנדוויץ׳ טוניסאי - ג׳ורנו,iw,"HaBana'im St 7, Ashdod","HaBana'im 7, Ashdod",no
1699,תאי ווי,"גן בנימין 10, אילת, Israel",Thai Way,"Gan Binyamin St 10, Eilat, 8801430, Israel",ChIJDTZ9bfhxABURkDtLBsZ2Ao8,Thai Way,iw,"גן בנימין 10, אילת, 8801430","גן בנימין 10, אילת",yes,Thai Way,iw,"Gan Binyamin St 10, Eilat, 8801430","Gan Binyamin 10, Eilat",no
1700,א. בורגרים אשדוד,"תש""ח 7, אשדוד, Israel",Burgerim Ashdod,"Tashah St 7, Ashdod, Israel",ChIJpYWrOPmiAhURgjRUP9y5Imc,"בורגרים אשדוד, כשר בד""צ בית יוסף.",iw,"תש""ח 7, אשדוד","תש""ח 7, אשדוד",yes,Burgerim Ashdod,en,"Tashah St 7, Ashdod","Tashah 7, Ashdod",no
1702,איל נאפולי,"שבט לוי 14, אשדוד, Israel",IL Napoli,"שבט לוי 14, רובע י״ב, כיכר מג'יק 2, Ashdod, Israel",ChIJfRcr01GjAhUROErqb_Rr8lk,IL Napoli,iw,"שבט לוי 14, רובע י״ב, כיכר מג'יק 2, אשדוד","רובע י״ב, שבט לוי 14, כיכר מג'יק 2, אשדוד",yes,IL Napoli,iw,"שבט לוי 14, רובע י״ב, כיכר מג'יק 2, Ashdod","רובע י״ב, שבט לוי 14, כיכר מג'יק 2, Ashdod",yes
1705,המטבחון של עמוס,"ברנע 463, אילת, Israel",The kitchen of Amos,"18, Barne'a 48, Eilat, Israel",ChIJuckgqgFyABURCwVvxQyNwwk,המטבחון של עמוס אילת,iw,"18, ברנע 48, אילת","18, ברנע 48, אילת",yes,The kitchen of Amos,en,"18, Barne'a 48, Eilat","18, Barne'a 48, Eilat",no
1706,kika,"שד' מלכי ישראל 178, ישפרו סנטר קרית גת, Israel",קיקה מסעדה אסייתית,"מתחם יישפרו סנטר, שדרות מלכי ישראל 178, קרית גת, Israel",ChIJfWzXNXGRAhURR0V7ngagdZo,קיקה קריית גת,iw,"מתחם יישפרו סנטר, שדרות מלכי ישראל 178, קרית גת","מתחם יישפרו סנטר, חניון, שדרות מלכי ישראל 178, קרית גת",yes,קיקה מסעדה אסייתית,en,"מתחם יישפרו סנטר, שדרות מלכי ישראל 178, קרית גת","מתחם יישפרו סנטר, Parking lot, Sderot Malhei Israel 178, Kiryat Gat",yes
1710,אורן משי,"יעקב כהן 3, באר שבע, Israel",Oren Meshi Bakery,"Ya'akov Cohen St 3, Be'er Sheva, Israel",ChIJK453YUJmAhURnFdX9IrmFfY,מאפיית אורן משי- באר שבע שכונה ב׳,iw,"יעקב כהן 3, באר שבע","יעקב כהן 3, באר שבע",yes,Oren Meshi Bakery,en,"Ya'akov Cohen St 3, Be'er Sheva","Ya'akov Cohen 3, Beersheba",no
1713,איסטנבול,"רמז דוד 28, אשקלון, Israel",Steakhouse Istanbul,"David Remez St 28, Ashkelon, Israel",ChIJLYfD63OcAhURIxx14IiBU-I,סטקיית איסטנבול,iw,"דוד רמז 28, אשקלון","דוד רמז 28, אשקלון",yes,Steakhouse Istanbul,en,"David Remez St 28, Ashkelon","David Remez 28, Ashkelon",no
1716,פיצה פצץ,"מבצע יואב 49, קניון אביה, באר שבע, Israel",פיצה פצץ - בקניון אביה,"קניון אביה 49, Mivtsa Yoav St, Be'er Sheva, Israel",ChIJUR5Vm3lmAhUR6PlzAQWBFM0,פיצה פצץ - בקניון אביה,iw,"קניון אביה 49, Mivtsa Yoav St, Be'er Sheva","קניון אביה 49, מבצע יואב, באר שבע",yes,פיצה פצץ - בקניון אביה,iw,"קניון אביה 49, Mivtsa Yoav St, Be'er Sheva","קניון אביה 49, Mivtsa Yoav, Beersheba",yes
1717,קבב התקווה,"צה""ל 2, אשקלון, Israel",Kebab Hope,"Tsahal St 2, Ashkelon, Israel",ChIJYzgg7XGcAhURDSIZT0QioBY,קבב התקווה,iw,"צה""ל 2, אשקלון","צה""ל 2, אשקלון",yes,Kebab Hope,en,"Tsahal St 2, Ashkelon","Tsahal 2, Ashkelon",no
1719,ארלין- פיצה וגלידה- אילת,"הסתת 18, ביג אילת, Israel",ארלין,"Ha-Satat St 18, Eilat, Israel",ChIJJYxk8wRuABURbIXMiTKJwZE,ארלין,iw,"הסתת 18, אילת","הסתת 18, אילת",yes,ארלין,iw,"Ha-Satat St 18, Eilat","HaSatat 18, Eilat",no
1720,תחנת לחם,"דרך הדרום 20, קריית גת, Israel",תחנת לחם,"Derekh ha-Darom 20, Kiryat Gat, Israel",ChIJXeWGf_yTAhURuzh2Bhiz2S0,תחנת לחם,iw,"דרך הדרום 20, קרית גת","דרך הדרום 20, קרית גת",yes,תחנת לחם,iw,"Derekh ha-Darom 20, Kiryat Gat","Derekh ha-Darom 20, Kiryat Gat",no
1721,פיצה עדן,"יוהנסבורג 49, אשקלון, Israel",פיצה עדן,"Johannesburg St 49, Ashkelon, Israel",ChIJebof0D6cAhUR9b-UYgodgvk,פיצה עדן,iw,"יוהנסבורג 49, אשקלון","יוהנסבורג 49, אשקלון",yes,פיצה עדן,iw,"Johannesburg St 49, Ashkelon","Johanesburg 49, Ashkelon",no
1724,כפות תמרים,"אילות, Israel","כפות תמרים, קייטרינג ואירועים - Capot Tmarim","Eilot, 8880500, Israel",ChIJf8cFFm1uABURM0K4V9q_sdw,"כפות תמרים, קייטרינג ואירועים - Capot Tmarim",en,"אילות, 8880500",אילות,yes,"כפות תמרים, קייטרינג ואירועים - Capot Tmarim",en,"Eilot, 8880500",Eilot,no
1726,פפה לאון,"מבצע עובדה 22, באר שבע, Israel",Papa Leon Shawarma,"Mivtsa Uvda St 22, Be'er Sheva, 8446027, Israel",ChIJ-xcH_xhnAhURRXRcTo5VypE,שווארמה פפה לאון,iw,"מבצע עובדה 22, באר שבע, 8446027","מבצע עובדה 22, באר שבע",yes,Papa Leon Shawarma,en,"Mivtsa Uvda St 22, Be'er Sheva, 8446027","Mivtsa Ovda 22, Beersheba",no
1728,פיצה מטר אילת,"חיל ההנדסה 6, אילת, Israel",Pizza Meter,"Heil HaHandasa St 6, Eilat, Israel",ChIJJxFZuPhxABURwVeQaAgraxc,פיצה מטר,iw,"חיל ההנדסה 6, אילת","חיל ההנדסה 6, אילת",yes,Pizza Meter,en,"Heil HaHandasa St 6, Eilat","Heil HaHandasa 6, Eilat",no
1730,שווארמה נובי,"צפניה 10, אשקלון, Israel",נובי | שווארמה אשקלון,"Tsfanya St 10, Ashkelon, Israel",ChIJmVHpJUGcAhURAx0J9LjDpAA,נובי | שווארמה אשקלון,iw,"צפניה 10, אשקלון","צפניה 10, אשקלון",yes,נובי | שווארמה אשקלון,iw,"Tsfanya St 10, Ashkelon","Tsfanya 10, Ashkelon",no
1733,ribs בשרים ודגים,"יפה נוף 5, אשקלון, Israel",Ribs בשרים ודגים,"Yefe Nof St 5, Ashkelon, Israel",ChIJJw5apUucAhUR_-4NaYYyQR4,Ribs בשרים ודגים,iw,"יפה נוף 5, אשקלון","יפה נוף 5, אשקלון",yes,Ribs בשרים ודגים,iw,"Yefe Nof St 5, Ashkelon","Yefe Nof 5, Ashkelon",no
1734,אלימי קונדיטורית שף,"האורגים 1, אילת, Israel",Alimi,"HaOrgim St 5, Eilat, Israel",ChIJLfxB285vABURgmluCKHjkw0,קונדיטורית אלימי - קונדיטוריה באילת | עוגות באילת,iw,"האורגים 5, אילת","האורגים 5, אילת",yes,Alimi,en,"HaOrgim St 5, Eilat","HaOrgim 5, Eilat",no
1741,המפרום של יודיצ'ה,"העבודה 31, אשקלון, Israel",המפרום של יודיצה,"Ha-Avoda St 48, Ashkelon, Israel",ChIJS1PGFG6cAhUR4oHqZK2VUOk,המפרום של יודיצה,iw,"העבודה 48, אשקלון","העבודה 48, אשקלון",yes,המפרום של יודיצה,iw,"Ha-Avoda St 48, Ashkelon","HaAvoda 48, Ashkelon",no
1743,אוממי,"תש""ח 7, אשדוד, Israel",אוממי,"Tashah St 7, Ashdod, Israel",ChIJE3P8IKSjAhURzO0RAOKsSuA,אוממי,iw,"תש""ח 7, אשדוד","תש""ח 7, אשדוד",yes,אוממי,iw,"Tashah St 7, Ashdod","Tashah 7, Ashdod",no
1744,פיצה הגשר,"שד' יעלים 14, באר שבע, Israel",Gesher Pizza,"Sderot Ye'elim 14, Beersheba, Israel",ChIJe2LFWmlmAhURts99nULKTnQ,פיצה הגשר,iw,"שדרות יעלים 14, באר שבע","שדרות יעלים 14, באר שבע",yes,Gesher Pizza,en,"Sderot Ye'elim 14, Beersheba","Sderot Ye'elim 14, Beersheba",no
1745,המטבח,"המלאכה 7, אילת, Israel",מסעדת המטבח,"אזור התעשייה, המלאכה 7, אילת, Israel",ChIJS3d0h6ZvABUREDafkDHrvQo,מסעדת המטבח,en,"אזור התעשייה, המלאכה 7, אילת","אזור התעשייה, המלאכה 7, אילת",yes,מסעדת המטבח,en,"אזור התעשייה, המלאכה 7, אילת","אזור התעשייה, HaMelacha 7, Eilat",yes
1746,קאיפוייה,"הציונות 11, אשדוד, Israel",קאיפוייה,"Ha-Tsiyonut St 9, Ashdod, Israel",ChIJFcG2KgCjAhURodj-1_x1RW0,קאיפוייה,iw,"הציונות 9, אשדוד","הציונות 9, אשדוד",yes,קאיפוייה,iw,"Ha-Tsiyonut St 9, Ashdod","HaTsiyonut 9, Ashdod",no
1751,HOLLAND CHIPS,"רוגוזין 74, אשדוד, Israel",Holland Chips,"Rogozin St 74, Ashdod, Israel",ChIJDcSyxaujAhURaLnIZznELfA,הולנד צ'יפס,iw,"רוגוזין 74, אשדוד","רוגוזין 74, אשדוד",yes,Holland Chips,en,"Rogozin St 74, Ashdod","Rogozin 74, Ashdod",no
1756,פיצה פוטטוס,"אנטיב 8, קניון מלכת שבא, אילת, Israel",פיצה פוטטוס,"Antibes St 8, Eilat, Israel",ChIJNUa3q_pxABURB_5THsX2gFI,פיצה פוטטוס,iw,"אנטיב 8, אילת","אנטיב 8, אילת",yes,פיצה פוטטוס,iw,"Antibes St 8, Eilat","Antibes 8, Eilat",no
1759,לה מרסייז,"שבט לוי 14, אשדוד, Israel",La Marseillaise-לה מרסייז,"Shevet Levi St 14, Ashdod, Israel",ChIJF-kziV-jAhUR7784xyJCr0k,La Marseillaise-לה מרסייז,fr,"שבט לוי 14, אשדוד","שבט לוי 14, אשדוד",yes,La Marseillaise-לה מרסייז,fr,"Shevet Levi St 14, Ashdod","Shevet Levi 14, Ashdod",no
1761,המשביע,"רשב""י 2, אשדוד, Israel",מסעדת המשביע,"Rashbi St 3, Ashdod, Israel",ChIJf6lMv8yjAhURQ_Dqosombjc,מסעדת המשביע,iw,"רשב""י 3, אשדוד","רשב""י 3, אשדוד",yes,מסעדת המשביע,iw,"Rashbi St 3, Ashdod","Rashbi 3, Ashdod",no
1764,פסטה וזהו,"ההסתדרות 10, שדרות, Israel",Pasta and That's It,"Ha-Histadrut St 12, Sderot, Israel",ChIJnaXGHFSBAhURMfm_iG84vg4,פסטה וזהו,iw,"ההסתדרות 12, שדרות","ההסתדרות 12, שדרות",yes,Pasta and That's It,en,"Ha-Histadrut St 12, Sderot","Hahistadrut 12, Sderot",no
1765,סן-שיי סושי בר,"קק""ל 46, באר שבע, Israel",סן שיי באר שבע,"שדרת האוכל, קק""ל 46, באר שבע, Israel",ChIJNaxr61tnAhURf4V1UpEDfmY,סן שיי באר שבע,iw,"שדרת האוכל, קק""ל 46, באר שבע","שדרת האוכל, קק""ל 46, באר שבע",yes,סן שיי באר שבע,iw,"שדרת האוכל, קק""ל 46, באר שבע","שדרת האוכל, Kakal 46, Beersheba",yes
1769,רשת עגול דימונה,"דרך בן גוריון 1043, דימונה, Israel",פיצה עגול,"Derech David Ben Gurion 1043, Dimona, Israel",ChIJ_SjNuABGAhURSP58qbFZ-QU,פיצה עגול,iw,"דרך דוד בן גוריון 1043, דימונה","דרך דוד בן גוריון 1043, דימונה",yes,פיצה עגול,iw,"Derech David Ben Gurion 1043, Dimona","Derech David Ben Gurion 1043, Dimona",no
1771,פיצה שמש באר שבע,"שד' יצחק רגר 185, באר שבע, Israel",Pizza Shemesh,"מרכז אורן יצחק רגר 185, Beersheba, Israel",ChIJ_d9zmfRmAhURwIVMJEn6Mhc,פיצה שמש באר שבע,iw,"מרכז אורן יצחק רגר 185, באר שבע","מרכז אורן יצחק רגר 185, באר שבע",yes,Pizza Shemesh,en,"מרכז אורן יצחק רגר 185, Beersheba","מרכז אורן יצחק רגר 185, Beersheba",yes
1775,פיצה גולד,"יצחק בן צבי 10, באר שבע, Israel",פיצה גולד,"Yitshak Ben Zvi St 1, Be'er Sheva, Israel",ChIJG7tSgnZnAhURWVSNdNk_uKY,פיצה גולד,en,"יצחק בן צבי 1, באר שבע","יצחק בן צבי 1, באר שבע",yes,פיצה גולד,en,"Yitshak Ben Zvi St 1, Be'er Sheva","Yitshak Ben Zvi 1, Beersheba",no
1777,פלאפל שרעבי בית החומוס והפול,"העבודה 6, אשקלון, Israel",פלאפל שרעבי בית החומוס והפול,"Ha-Avoda St 6, Ashkelon, Israel",ChIJiX_OFG6cAhURdcErj6PpAdU,פלאפל שרעבי בית החומוס והפול,iw,"העבודה 6, אשקלון","העבודה 6, אשקלון",yes,פלאפל שרעבי בית החומוס והפול,iw,"Ha-Avoda St 6, Ashkelon","HaAvoda 6, Ashkelon",no
1778,מוקפצין,"שד' ירושלים 2, באר שבע, Israel",מוקפצין,"Sderot Yerushalayim 2, Beersheba, Israel",ChIJp1gXzQ1mAhURIpQT29tsPYM,מוקפצין,iw,"שדרות ירושלים 2, באר שבע","שדרות ירושלים 2, באר שבע",yes,מוקפצין,iw,"Sderot Yerushalayim 2, Beersheba","Sderot Yerushalayim 2, Beersheba",no
1779,קמילה,"קריית גת, Israel",קמילה - גריל בשרים ישראלי,"Sderot Malhei Israel 178, Kiryat Gat, 82000, Israel",ChIJSx7rc7WRAhUR7L4WoJ2VRj8,קמילה - גריל בשרים ישראלי,iw,"שדרות מלכי ישראל 178, קרית גת, 82000","חניון, שדרות מלכי ישראל 178, קרית גת",yes,קמילה - גריל בשרים ישראלי,iw,"Sderot Malhei Israel 178, Kiryat Gat, 82000","Parking lot, Sderot Malhei Israel 178, Kiryat Gat",no
1780,דראי'ס,"שד' בן גוריון 4, מצפה רמון, Israel",שווארמה דראי'ס,"Sderot David Ben Gurion, Mitzpe Ramon, Israel",ChIJecPR4bHzARUR19qHH-VHQk4,שווארמה דראי'ס,iw,"שדרות דוד בן גוריון, מצפה רמון","שדרות דוד בן גוריון, מצפה רמון",yes,שווארמה דראי'ס,iw,"Sderot David Ben Gurion, Mitzpe Ramon","Sderot David Ben Gurion, Mitzpe Ramon",no
1787,פיצה פצץ ירוחם,"בורנשטיין 312, ירוחם, Israel",Pizza,"Tsvi Bornstein St 312, Yeruham, Israel",ChIJU_6mLAFGAhURJLGACdZyvTQ,פיצה פצץ,iw,"צבי בורנשטיין 312, ירוחם","צבי בורנשטיין 312, ירוחם",yes,Pizza,en,"Tsvi Bornstein St 312, Yeruham","Tsvi Bornstein 312, Yeruham",no
1790,פיצה השכונתית,"עין גדי 14, באר שבע, Israel",הפיצה השכונתית באר שבע,"Ein Gedi St 14, Be'er Sheva, Israel",ChIJH7pC3ONlAhURvJuHU5BUzD8,הפיצה השכונתית באר שבע,iw,"עין גדי 14, באר שבע","עין גדי 14, באר שבע",yes,הפיצה השכונתית באר שבע,iw,"Ein Gedi St 14, Be'er Sheva","Ein Gedi 14, Beersheba",no
1792,פיצה כמעט חינם,"שד' הנשיא 20, דימונה, Israel",פיצה כמעט חינם,"Sderot HaNassi 20, Dimona, Israel",ChIJ00j1JxtGAhURUQR_gLhgywM,פיצה כמעט חינם,iw,"שדרות הנשיא 20, דימונה","שדרות הנשיא 20, דימונה",yes,פיצה כמעט חינם,iw,"Sderot HaNassi 20, Dimona","Sderot HaNassi 20, Dimona",no
1794,פיצה צ'יז Pizza Cheese,"אדר 4, אשדוד, Israel",Cheese Pizza,"Adar St 4, Ashdod, Israel",ChIJLY-P1ViiAhURUQk2folUxl8,פיצה צ'יז אשדוד,iw,"אדר 4, אשדוד","אדר 4, אשדוד",yes,Cheese Pizza,en,"Adar St 4, Ashdod","Adar 4, Ashdod",no
1797,"ג'קניס בע""מ","אנפה 1, אילת, Israel",ג'קניס,"Anafa St 1, Eilat, Israel",ChIJ15TDSz5yABURqrx-b1L8r60,ג'קניס,iw,"אנפה 1, אילת","אנפה 1, אילת",yes,ג'קניס,iw,"Anafa St 1, Eilat","Anafa 1, Eilat",no
1798,פלאפל בוארון נתיבות,"יוסף סמלו 9, נתיבות, Israel",פלאפל בוארון נתיבות,"יוסף סמילו 9, נתיבות, Israel",ChIJNekgH9l9AhURfpCg7VplsW0,פלאפל בוארון נתיבות,iw,"יוסף סמילו 9, נתיבות","יוסף סמילו 9, נתיבות",yes,פלאפל בוארון נתיבות,iw,"יוסף סמילו 9, נתיבות","יוסף סמילו 9, Netivot",yes
1799,באזל בר שדרות,"הרצל 3, שדרות, Israel",באזל בר מסעדה שדרות,"איילים, שדרות, Israel",ChIJOT3C_WqBAhURqMDsDV1VjY0,באזל בר מסעדה שדרות,iw,"איילים, שדרות","איילים, שדרות",yes,באזל בר מסעדה שדרות,iw,"איילים, שדרות","איילים, Sderot",yes
1803,פיצה סופר,"שד' ירושלים 134, נתיבות, Israel",פיצה סופר נתיבות,"Sderot Yerushalayim 134, Netivot, Israel",ChIJLb1jlnp-AhURioA0hWC0Ag0,פיצה סופר נתיבות,iw,"שדרות ירושלים 134, נתיבות","שדרות ירושלים 134, נתיבות",yes,פיצה סופר נתיבות,iw,"Sderot Yerushalayim 134, Netivot","Sderot Yerushalayim 134, Netivot",no
1805,קפה סיאל,"שד' שז""ר 33, באר שבע, Israel",Siel Coffee,"Sderot Shazar 31, Beersheba, Israel",ChIJZ2DtXd5nAhURtclx-L8RV7Q,קפה סיאל,iw,"שדרות שז""ר 31, באר שבע","שדרות שז""ר 31, באר שבע",yes,Siel Coffee,en,"Sderot Shazar 31, Beersheba","Sderot Shazar 31, Beersheba",no
1808,שניצל קוקוריקו,"העצמאות 93, אשדוד, Israel",שניצל קוקוריקו,"Ha-Atsma'ut St 93, Ashdod, Israel",ChIJq4Ajr_iiAhURFseuBvtz9QM,שניצל קוקוריקו,iw,"העצמאות 93, אשדוד","העצמאות 93, אשדוד",yes,שניצל קוקוריקו,iw,"Ha-Atsma'ut St 93, Ashdod","HaAtsmaut 93, Ashdod",no
1809,פיצה גו go,"הרצל 97, באר שבע, Israel",פיצה גו,"Herzl St 97, Be'er Sheva, Israel",ChIJn4qzExRmAhURoQImOGfAEH0,פיצה גו,iw,"הרצל 97, באר שבע","הרצל 97, באר שבע",yes,פיצה גו,iw,"Herzl St 97, Be'er Sheva","Hertsel 97, Beersheba",no
1811,האחים שופן שירותי קייטרינג,"החורש 22, באר שבע, Israel",קייטרינג האחים שופן,"Ha-Khoresh St 22, Be'er Sheva, 8410000, Israel",ChIJXULoY4ZpAhURN7yOFPCFxzo,קייטרינג האחים שופן,iw,"החורש 22, באר שבע, 8410000","החורש 22, באר שבע",yes,קייטרינג האחים שופן,iw,"Ha-Khoresh St 22, Be'er Sheva, 8410000","Hahoresh 22, Beersheba",no
1815,פיצה איטלינו,"מבצע נחשון 60, באר שבע, Israel",Pizza Italiano,"Mivtsa Nakhshon St 60, Be'er Sheva, 8445739, Israel",ChIJkyBipg1mAhURFXJzQlcY6Ow,פיצה איטליאנו - פיצרייה,iw,"מבצע נחשון 60, באר שבע, 8445739","מבצע נחשון 60, באר שבע",yes,Pizza Italiano,en,"Mivtsa Nakhshon St 60, Be'er Sheva, 8445739","Mivtsa Nahshon 60, Beersheba",no
1816,פיצה האט,"בעלי המלאכה 5, צים סנטר נתיבות, Israel",Pizza Hut,"צים אורבן נתיבות, Ba'alei ha-Melakha St 5, Netivot, Israel",ChIJZXs0iHd-AhUR_NbGk6owJsE,פיצה האט נתיבות,iw,"צים אורבן נתיבות, בעלי המלאכה 5, נתיבות","צים אורבן נתיבות, צים סנטר, בעלי המלאכה 5, נתיבות",yes,Pizza Hut,en,"צים אורבן נתיבות, Ba'alei ha-Melakha St 5, Netivot","צים אורבן נתיבות, צים סנטר, Ba'alei HaMelacha 5, Netivot",yes
1817,איציק שווארמה,"שד' לכיש 177, קריית גת, Israel",איציק שווארמה ובשרים על האש,"Sderot Lachish 177, Kiryat Gat, 82000, Israel",ChIJ-dkboNaRAhURR9FBabR4wcg,איציק שווארמה ובשרים על האש,iw,"שדרות לכיש 177, קרית גת, 82000","שדרות לכיש 177, קרית גת",yes,איציק שווארמה ובשרים על האש,iw,"Sderot Lachish 177, Kiryat Gat, 82000","Sderot Lachish 177, Kiryat Gat",no
1818,ארליך,"הרצל 19, אשקלון, Israel",ארליך,"Herzl St 19, Ashkelon, Israel",ChIJb2IYOrqdAhURgxeH9iJgboI,ארליך,iw,"הרצל 19, אשקלון","הרצל 19, אשקלון",yes,ארליך,iw,"Herzl St 19, Ashkelon","Hertsel 19, Ashkelon",no
1822,שיפודי אל הנגב,"שד' יצחק רגר 23, באר שבע, Israel",שיפודי אל הנגב - שווארמה בבאר שבע | מסעדת בשרים,"Yitzhack I. Rager Blvd 187, Be'er Sheva, Israel",ChIJRyNkrBVmAhURLWB-cZXA-SA,שיפודי אל הנגב - שווארמה בבאר שבע | מסעדת בשרים,iw,"שדרות יצחק רגר 187, באר שבע","שדרות יצחק רגר 187, באר שבע",yes,שיפודי אל הנגב - שווארמה בבאר שבע | מסעדת בשרים,iw,"Yitzhack I. Rager Blvd 187, Be'er Sheva","Yitzhack I. Rager Blvd 187, Beersheba",no
1823,הלגה טוסט נקניק & נקניקיות,"ההסתדרות 37, באר שבע, Israel",הלגה טוסט נקניק,"Ha-Histadrut St 37, Be'er Sheva, Israel",ChIJEb3HRRdmAhURXxM5SZIFIbQ,הלגה טוסט נקניק,iw,"ההסתדרות 37, באר שבע","ההסתדרות 37, באר שבע",yes,הלגה טוסט נקניק,iw,"Ha-Histadrut St 37, Be'er Sheva","Hahistadrut 37, Beersheba",no
1825,פיצה עגבניה,"אילת, Israel",פיצה עגבניה אילת,"דרך יותם 1-3 מרכז תיירות, מפלס תחתון ליד מלון קלאב הוטל, Eilat, Israel",ChIJ9a24gfBxABURnubtvKN_qls,פיצה עגבניה אילת,iw,"דרך יותם 1-3 מרכז תיירות, מפלס תחתון ליד מלון קלאב הוטל, אילת","מפלס תחתון ליד מלון קלאב הוטל, דרך יותם 1-3 מרכז תיירות, אילת",yes,פיצה עגבניה אילת,en,"דרך יותם 1-3 מרכז תיירות, מפלס תחתון ליד מלון קלאב הוטל, Eilat","מפלס תחתון ליד מלון קלאב הוטל, דרך יותם 1-3 מרכז תיירות, Eilat",yes
1827,חומוס סוף,"המלאכה 5, אילת, Israel",Hummusuf,"HaMelacha St 6, Eilat, Israel",ChIJodvaUAJuABURJAOMLXqH6ww,חומוסוף,iw,"המלאכה 6, אילת","המלאכה 6, אילת",yes,Hummusuf,en,"HaMelacha St 6, Eilat","HaMelacha 6, Eilat",no
1828,שווארמה פל פל אילת,"שד' התמרים 134, אילת, Israel",Shawarma Pilpel,"Sderot HaTmarim 16-20, Eilat, Israel",ChIJ86gCl_hxABURmc_7fnrHEBk,שווארמה פלפל,iw,"שדרות התמרים 16-20, אילת","שדרות התמרים 16-20, אילת",yes,Shawarma Pilpel,en,"Sderot HaTmarim 16-20, Eilat","Sderot HaTmarim 16-20, Eilat",no
1830,פיצה בריבוע,"שד' מלכי ישראל 178, ישפרו סנטר קרית גת, Israel",פיצה בריבוע,"Sderot Malhei Israel 178, Kiryat Gat, Israel",ChIJUbjQNXGRAhURIfZnDnlg79I,פיצה בריבוע,iw,"שדרות מלכי ישראל 178, קרית גת","חניון, שדרות מלכי ישראל 178, קרית גת",yes,פיצה בריבוע,iw,"Sderot Malhei Israel 178, Kiryat Gat","Parking lot, Sderot Malhei Israel 178, Kiryat Gat",no
1831,פיצה מזל,"דוד וולפסון 1, אשדוד, Israel",פיצה מזל,"David Wolffsohn St 1, Ashdod, Israel",ChIJi0gVeFKjAhURComjCkw61yg,פיצה מזל,iw,"דוד וולפסון 1, אשדוד","דוד וולפסון 1, אשדוד",yes,פיצה מזל,iw,"David Wolffsohn St 1, Ashdod","David Wolffsohn 1, Ashdod",no
1832,קפה עלית-אספרסו בר,"באר שבע, Israel",קפה עלית אספרסו בר,"Be'er Sheva, Israel",ChIJI3StsTJnAhURRReqql_5_jw,קפה עלית אספרסו בר,iw,באר שבע,באר שבע,yes,קפה עלית אספרסו בר,iw,Be'er Sheva,Be'er Sheva,no
1833,Crema express,"שד' התמרים 13, אילת, Israel",Crema Express,"Sderot HaTmarim 13, Eilat, 88100, Israel",ChIJ-dJ2XPhxABURZ5YU6ZE5vNI,Crema_Coffee_Eilat,iw,"שדרות התמרים 13, אילת, 88100","שדרות התמרים 13, אילת",yes,Crema Express,en,"Sderot HaTmarim 13, Eilat, 88100","Sderot HaTmarim 13, Eilat",no
1834,בורקסטופ,"טללים, Israel",Burekas Stop,"Tlalim, 85545, Israel",ChIJD1ekNAkTAhURhrMjuisk9jA,בורקסטופ,iw,"טללים, 85545",טללים,yes,Burekas Stop,en,"Tlalim, 85545",Tlalim,no
1837,גרג קיטשן,"הגדוד העברי 1, אשדוד, Israel",גרג קיטשן סניף גן העיר אשדוד,"גן העיר, הגדוד העברי 1, אשדוד, 7745511, Israel",ChIJXdo5KFSiAhUR24Mqs7G6CUA,גרג קיטשן סניף גן העיר אשדוד,iw,"גן העיר, הגדוד העברי 1, אשדוד, 7745511","גן העיר, הגדוד העברי 1, אשדוד",yes,גרג קיטשן סניף גן העיר אשדוד,iw,"גן העיר, הגדוד העברי 1, אשדוד, 7745511","גן העיר, HaGdud Haivri 1, Ashdod",yes
1841,בליקר בייקרי,"הגדוד העברי 6, קניון סי מול, אשדוד, Israel",Bleecker Bakery Ashdod,"Ha-Gdud ha-Ivri St, Ashdod, Israel",ChIJE2qXylWiAhURwi6XfqhggXo,בליקר בייקרי אשדוד,iw,"הגדוד העברי, אשדוד","הגדוד העברי, אשדוד",yes,Bleecker Bakery Ashdod,en,"Ha-Gdud ha-Ivri St, Ashdod","HaGdud Haivri, Ashdod",no
1847,פיצה האט,"פרץ סנטר דימונה, Israel",Pizza Hut,"קניון פרץ, Dimona, Israel",ChIJm_2daBRGAhURF1czkZ3LkFc,פיצה האט - דימונה,iw,"קניון פרץ, דימונה","קניון פרץ, דימונה",yes,Pizza Hut,en,"קניון פרץ, Dimona","קניון פרץ, Dimona",yes
1849,"ד""ר שניצל","דרך מנחם בגין 1, שדרות, Israel","ד""ר שניצל - שדרות","מתחם מול 7 (הרכבת, דרך מנחם בגין 1, שדרות, 87037, Israel",ChIJtZDfAeaBAhURc1hCBwMaAK0,"ד""ר שניצל & גריל",iw,"מתחם מול 7 (הרכבת, דרך מנחם בגין 1, שדרות, 87037","מתחם מול 7 (הרכבת, דרך מנחם בגין 1, שדרות",yes,"ד""ר שניצל - שדרות",en,"מתחם מול 7 (הרכבת, דרך מנחם בגין 1, שדרות, 87037","מתחם מול 7 (הרכבת, Derech Menachem Begin 1, Sderot",yes
1853,בית האוכל הבוכרי,"הכרם 17, אשקלון, Israel",בית האוכל הבוכרי,"Ha-Kerem St 2, Ashkelon, Israel",ChIJezaV5W2cAhURtSl_15hvHDU,בית האוכל הבוכרי,iw,"הכרם 2, אשקלון","הכרם 2, אשקלון",yes,בית האוכל הבוכרי,en,"Ha-Kerem St 2, Ashkelon","HaKerem 2, Ashkelon",no
1854,פיצה כמעט חינם,"גן בנימין 12, אילת, Israel",Pizza Kimat Hinam,"גן בנימין 12 חנות מספר 3 מרכז חופית אילת, Eilat, 8801430, Israel",ChIJSUO0eqJxABUR6SlwbeRav_s,פיצה כמעט חינם(מאז 2013),iw,"גן בנימין 12 חנות מספר 3 מרכז חופית אילת, אילת, 8801430",גן בנימין 12 חנות מספר 3 מרכז חופית אילת,yes,Pizza Kimat Hinam,en,"גן בנימין 12 חנות מספר 3 מרכז חופית אילת, Eilat, 8801430",גן בנימין 12 חנות מספר 3 מרכז חופית אילת,yes
1855,הגחלים,"הנשיא 90, אשקלון, Israel",הגחלים,"Ha-Gvura St 1, Ashkelon, Israel",ChIJW1ked1qcAhURFvnPffe_BIA,הגחלים,iw,"הגבורה 1, אשקלון","הגבורה 1, אשקלון",yes,הגחלים,iw,"Ha-Gvura St 1, Ashkelon","HaGvura 1, Ashkelon",no
1857,הירושלמית,"קק""ל 47, באר שבע, Israel",הירושלמית- בוא להיות מעורב,"שדרות קק״ל 47, באר שבע, 8476801, Israel",ChIJRXZiLs5nAhURJXxgRgXayEQ,הירושלמית- בוא להיות מעורב,en,"שדרות קק״ל 47, באר שבע, 8476801","שדרות קק״ל 47, באר שבע",yes,הירושלמית- בוא להיות מעורב,en,"שדרות קק״ל 47, באר שבע, 8476801","שדרות קק״ל 47, Beersheba",yes
1863,פיצה האט,"שד' יצחק רגר 53, באר שבע, Israel",Pizza Hut,"מגדלי אביסרור, שדרות יצחק רגר 53, באר שבע, Israel",ChIJC1k_5kJmAhURSH5ty-QJjcg,פיצה האט - באר שבע - אביסרור,iw,"מגדלי אביסרור, שדרות יצחק רגר 53, באר שבע","מגדלי אביסרור, שדרות יצחק רגר 53, באר שבע",yes,Pizza Hut,en,"מגדלי אביסרור, שדרות יצחק רגר 53, באר שבע","מגדלי אביסרור, Yitzhack I. Rager Blvd 53, Beersheba",yes
1865,מיסטר שי,"פלמ""ח 32, ערד, Israel",Mr. Shay,"Palmach St 32, Arad, Israel",ChIJtbvSMlVVAhUR8UstmtPYtaw,מיסטר שי,iw,"פלמ""ח 32, ערד","פלמ""ח 32, ערד",yes,Mr. Shay,en,"Palmach St 32, Arad","Palmach 32, Arad",no
1868,לולה טורטיה בר,"צפניה 10, אשקלון, Israel",לולה טורטייה בר,"מרכז אפרידר, צפניה 10, אשקלון, Israel",ChIJ-y7J1kCcAhUREAS7Dv-Qxes,לולה טורטייה בר,iw,"מרכז אפרידר, צפניה 10, אשקלון","מרכז אפרידר, צפניה 10, אשקלון",yes,לולה טורטייה בר,iw,"מרכז אפרידר, צפניה 10, אשקלון","מרכז אפרידר, Tsfanya 10, Ashkelon",yes
1869,גולדה,"אילת, Israel",Golda Eilat,"Derech Pa'amei HaShalom 18, Eilat, Israel",ChIJU8vKP25xABURefaheh9Tk4s,גולדה אילת,iw,"דרך פעמי השלום 18, אילת","דרך פעמי השלום 18, אילת",yes,Golda Eilat,en,"Derech Pa'amei HaShalom 18, Eilat","Derech Pa'amei HaShalom 18, Eilat",no
1870,הקוסקוס של רותם,"דרך הדרום 9, קריית גת, Israel",הקוסקוס של רותם,"Derekh ha-Darom 9, Kiryat Gat, Israel",ChIJlQRvcLGRAhURchaoK2DirNk,הקוסקוס של רותם,iw,"דרך הדרום 9, קרית גת","דרך הדרום 9, קרית גת",yes,הקוסקוס של רותם,en,"Derekh ha-Darom 9, Kiryat Gat","Derekh ha-Darom 9, Kiryat Gat",no
1872,פיצה בוס,"גיא אוני 12, אשדוד, Israel",פיצה בוס,"Gei Oni St 12, Ashdod, Israel",ChIJL7sbReGiAhUR7sL1_aXhyNc,פיצה בוס,iw,"גיא אוני 12, אשדוד","גיא אוני 12, אשדוד",yes,פיצה בוס,iw,"Gei Oni St 12, Ashdod","Gei Oni 12, Ashdod",no
1873,חומוס אליהו,"הבנאים 7, נמל אשדוד, Israel",חומוס אליהו אשדוד,"HaBana'im St 7, Ashdod, Israel",ChIJGRQT-WujAhUR5UBezM9rtfI,חומוס אליהו אשדוד,iw,"הבנאים 7, אשדוד","הבנאים 7, אשדוד",yes,חומוס אליהו אשדוד,iw,"HaBana'im St 7, Ashdod","HaBana'im 7, Ashdod",no
1876,החומוס של טחינה,"הרצל 51, שדרות, Israel",החומוס של טחינה,"Hertsel St 51, Sderot, Israel",ChIJUf4W3lOBAhUROKSGOTHqEws,החומוס של טחינה,iw,"הרצל 51, שדרות","הרצל 51, שדרות",yes,החומוס של טחינה,iw,"Hertsel St 51, Sderot","Hertsel 51, Sderot",no
1877,קפה גרג,"שד' דוד טוביהו 125, באר שבע, Israel",קפה גרג גרנד קניון באר שבע,"גרנד קניון, שדרות דוד טוביהו 125, באר שבע, 8424351, Israel",ChIJ7dmRIqxlAhURXGpavWyOnLw,קפה גרג גרנד קניון באר שבע,iw,"גרנד קניון, שדרות דוד טוביהו 125, באר שבע, 8424351","גרנד קניון, שדרות דוד טוביהו 125, באר שבע",yes,קפה גרג גרנד קניון באר שבע,iw,"גרנד קניון, שדרות דוד טוביהו 125, באר שבע, 8424351","גרנד קניון, David Tuviyahu Ave 125, Beersheba",yes
1882,מיקי'ס,"יהושע הצורף 34, באר שבע, Israel",מיקי'ס,"Yehoshu'a ha-Tsoref St 34, Be'er Sheva, Israel",ChIJWW2pJ1RmAhURnpDv5vUkRrk,מיקי'ס,iw,"יהושע הצורף 34, באר שבע","יהושע הצורף 34, באר שבע",yes,מיקי'ס,iw,"Yehoshu'a ha-Tsoref St 34, Be'er Sheva","Yehoshua Hatsoref 34, Beersheba",no
1884,פלאפל בוארון,"הרצל 44, אשקלון, Israel",Falafel Boaron,"Herzl St 44, Ashkelon, Israel",ChIJV2gC6HGcAhUR5Hv1FCJjjzw,פלאפל בוארון - מאז 1966 (אשקלון),iw,"הרצל 44, אשקלון","הרצל 44, אשקלון",yes,Falafel Boaron,en,"Herzl St 44, Ashkelon","Hertsel 44, Ashkelon",no
1885,שיפודי הפינה,"הרצל 9, אשקלון, Israel",שיפודי הפינה,"Herzl St 9, Ashkelon, Israel",ChIJnR5YHXCcAhUR4rKk7Xl46nM,שיפודי הפינה,iw,"הרצל 9, אשקלון","הרצל 9, אשקלון",yes,שיפודי הפינה,iw,"Herzl St 9, Ashkelon","Hertsel 9, Ashkelon",no
1887,טורו פרימיום,"דרך הדרום 22, קריית גת, Israel",טורו פרמיום,"Derekh ha-Darom 22, Kiryat Gat, Israel",ChIJH0D9CNmTAhURyDDhOWu9Jc4,טורו פרמיום,iw,"דרך הדרום 22, קרית גת","דרך הדרום 22, קרית גת",yes,טורו פרמיום,iw,"Derekh ha-Darom 22, Kiryat Gat","Derekh ha-Darom 22, Kiryat Gat",no
1888,קפה לימון,"שד' הרצל 1, אשדוד, Israel",בר קפה - לימון,"שדרות הרצל 1, חנות 141, Ashdod, Israel",ChIJkesyb1WiAhURpvD8-ZSO1RU,בר קפה - לימון,iw,"שדרות הרצל 1, חנות 141, אשדוד","שדרות הרצל 1, חנות 141, אשדוד",yes,בר קפה - לימון,iw,"שדרות הרצל 1, חנות 141, Ashdod","שדרות הרצל 1, חנות 141, Ashdod",yes
1889,הקוסקוס של ז'קלין,"שומרון 64, באר שבע, Israel",הקוסקוס של ז'קלין,"Shomron St 64, Be'er Sheva, Israel",ChIJE3JtObBlAhURjxYLU4HSk78,הקוסקוס של ז'קלין,en,"שומרון 64, באר שבע","שומרון 64, באר שבע",yes,הקוסקוס של ז'קלין,en,"Shomron St 64, Be'er Sheva","Shomron 64, Beersheba",no
1891,פיצה כמעט חינם,"דרך מנחם בגין 4, שדרות, Israel",פיצה כמעט חינם,"Menachem Begin Rd 13, Sderot, Israel",ChIJgbuWC1OBAhURptj8JsHe6qA,פיצה כמעט חינם,iw,"דרך מנחם בגין 13, שדרות","דרך מנחם בגין 13, שדרות",yes,פיצה כמעט חינם,iw,"Menachem Begin Rd 13, Sderot","Derech Menachem Begin 13, Sderot",no
1892,מקדונלד'ס,"בלפור 14, קניון לב אשדוד, Israel",McDonald's,"קניון הסיטי שדרות מנחם בגין אשדוד, ים, 7763801, Israel",ChIJv-nGEcW8AhURuU2zgTfMhtw,מקדונלד'ס - קניון הסיטי אשדוד,iw,"קניון הסיטי שדרות מנחם בגין אשדוד, ים, 7763801","קניון הסיטי שדרות מנחם בגין אשדוד, ים",yes,McDonald's,en,"קניון הסיטי שדרות מנחם בגין אשדוד, ים, 7763801","קניון הסיטי שדרות מנחם בגין אשדוד, ים",yes
1894,באגט דולפין אילת,"הקניון האדום, אילת, Israel",Baguette Dolphin,"הקניון האדום, Eilat, Israel",ChIJL6lLqPlxABURH5i2311xZZk,באגט דולפין,iw,"הקניון האדום, אילת","הקניון האדום, אילת",yes,Baguette Dolphin,en,"הקניון האדום, Eilat","הקניון האדום, Eilat",yes
1902,טוסטל,"בעלי המלאכה 200, נתיבות, Israel",טוסטל - טוסט בשר פרימיום,"Ba'alei ha-Melakha St 200, Netivot, Israel",ChIJ781FLJh9AhURf_SalvfPvHA,טוסטל - טוסט בשר פרימיום,iw,"בעלי המלאכה 200, נתיבות","בעלי המלאכה 200, נתיבות",yes,טוסטל - טוסט בשר פרימיום,iw,"Ba'alei ha-Melakha St 200, Netivot","Ba'alei HaMelacha 200, Netivot",no
1903,פיצה טיים,"סיני 683, אילת, Israel",פיצה טיים - פיצה כשרה באילת | פיצריה באילת,"Sinai St 683, Eilat, 8800000, Israel",ChIJyWXmIJ9zABURkdD4tdlPe7k,פיצה טיים,iw,"סיני 683, אילת, 8800000","סיני 683, אילת",yes,פיצה טיים - פיצה כשרה באילת | פיצריה באילת,en,"Sinai St 683, Eilat, 8800000","Sinai 683, Eilat",no
1906,פיצה לב הרובע,"רבי ינאי 7, אשדוד, Israel",פיצה לב הרובע,"Rabbi Yanai St 7, Ashdod, Israel",ChIJ7dG7etejAhURoXuUuDw1fEY,פיצה לב הרובע,iw,"רבי ינאי 7, אשדוד","רבי ינאי 7, אשדוד",yes,פיצה לב הרובע,iw,"Rabbi Yanai St 7, Ashdod","Rabbi Yanai 7, Ashdod",no
1907,הפיצה של יהושוע,"דימונה, Israel",Joshua's pizza,"Sderot HaNassi 44, Dimona, Israel",ChIJz9lUmgRGAhUR-cCByG3YTVc,הפיצה של יהושוע,iw,"שדרות הנשיא 44, דימונה","שדרות הנשיא 44, דימונה",yes,Joshua's pizza,en,"Sderot HaNassi 44, Dimona","Sderot HaNassi 44, Dimona",no
1909,Burger King אשדוד,"אורט 1, נמל אשדוד, Israel",Burger King,"אורט 2 מתחם תחנת דלק מנטה אשדוד, Ashdod, 7724220, Israel",ChIJ2yxOp_yjAhURfmPbaihkrdY,Burger King,iw,"אורט 2 מתחם תחנת דלק מנטה אשדוד, אשדוד, 7724220",אורט 2 מתחם תחנת דלק מנטה אשדוד,yes,Burger King,en,"אורט 2 מתחם תחנת דלק מנטה אשדוד, Ashdod, 7724220",אורט 2 מתחם תחנת דלק מנטה אשדוד,yes
1912,עוגה צ'אגה,"אילות, אילת, Israel",Uga Chaga Bakery Eilat,"Eilot St 409, Eilat, Israel",ChIJq6o69QFyABUR1Eai6nxfNZA,עוגה צ'אגה קונדיטוריה באילת • עוגות איכות • בית קפה,iw,"אילות 409, אילת","אילות 409, אילת",yes,Uga Chaga Bakery Eilat,en,"Eilot St 409, Eilat","Eilot 409, Eilat",no
1913,שיבולים,"שד' ששת הימים 310, אילת, Israel",Shibolim - Bakery & Restaurant,"Sderot Sheshet HaYamim 310, Eilat, Israel",ChIJJxFZuPhxABUR8Bp53ULC4c4,שיבולים - מסעדה חלבית כשרה באילת,iw,"שדרות ששת הימים 310, אילת","שדרות ששת הימים 310, אילת",yes,Shibolim - Bakery & Restaurant,en,"Sderot Sheshet HaYamim 310, Eilat","Sderot Sheshet HaYamim 310, Eilat",no
1919,פיצריית בית הזיווה,"שילה 1, אשקלון, Israel",פיצריית בית הזיווה אשקלון,"Shilo St 1, Ashkelon, Israel",ChIJdel6ArWdAhURJHBJq0zWCuU,פיצריית בית הזיווה אשקלון,iw,"שילה 1, אשקלון","שילה 1, אשקלון",yes,פיצריית בית הזיווה אשקלון,iw,"Shilo St 1, Ashkelon","Shilo 1, Ashkelon",no
1923,קפטן קרפ,"הנמל 9, אשקלון, Israel",קפטן קרפ - מרינה מול,"HaNamal St 9, Ashkelon, Israel",ChIJH7QeC0qcAhURCNI9ra1OBFA,קפטן קרפ - מרינה מול,iw,"הנמל 9, אשקלון","הנמל 9, אשקלון",yes,קפטן קרפ - מרינה מול,iw,"HaNamal St 9, Ashkelon","HaNamal 9, Ashkelon",no
1929,פיצה צ'ולו,"מבצע עובדה 22, באר שבע, Israel",פיצה צ'ולו,"Mivtsa Uvda St 22, Be'er Sheva, 8446027, Israel",ChIJwyy-GndmAhUR5ZQL_wHZUts,פיצה צ'ולו,iw,"מבצע עובדה 22, באר שבע, 8446027","מבצע עובדה 22, באר שבע",yes,פיצה צ'ולו,iw,"Mivtsa Uvda St 22, Be'er Sheva, 8446027","Mivtsa Ovda 22, Beersheba",no
1931,חלבילי,"יוסף בן מתתיהו 76, אוניברסיטת בן-גוריון בנגב, באר שבע, Israel",חלבילי,"Yosef Ben Matityahu St 76, Be'er Sheva, Israel",ChIJZXNt4_VmAhURPNuhp2qbrk0,חלבילי,iw,"יוסף בן מתתיהו 76, באר שבע","יוסף בן מתתיהו 76, באר שבע",yes,חלבילי,iw,"Yosef Ben Matityahu St 76, Be'er Sheva","Yosef Ben Matityahu 76, Beersheba",no
1932,פיצה שבע,"שומרון 16, באר שבע, Israel",פיצה שבע,"Shomron St 16, Be'er Sheva, Israel",ChIJpxmoguZlAhURLJygsmSPVN4,פיצה שבע,iw,"שומרון 16, באר שבע","שומרון 16, באר שבע",yes,פיצה שבע,iw,"Shomron St 16, Be'er Sheva","Shomron 16, Beersheba",no
1936,פיצה ברכה,"דוד וולפסון 1, אשדוד, Israel",פיצה ברכה,"David Wolffsohn St 1, Ashdod, Israel",ChIJi4IoJOSjAhURwNIdVIgk8EM,פיצה ברכה,iw,"דוד וולפסון 1, אשדוד","דוד וולפסון 1, אשדוד",yes,פיצה ברכה,iw,"David Wolffsohn St 1, Ashdod","David Wolffsohn 1, Ashdod",no
1937,קקאו,"הנמל 9, אשקלון, Israel",Kakao,"HaNamal St 9, Ashkelon, Israel",ChIJI1S64DWcAhURSCi4Qfl2oAM,קקאו,iw,"הנמל 9, אשקלון","הנמל 9, אשקלון",yes,Kakao,en,"HaNamal St 9, Ashkelon","HaNamal 9, Ashkelon",no
1939,פיצה סמיילי,"חטיבת כרמלי 3, אשדוד, Israel",smiley Pizza,"Hativat Carmeli St, Ashdod, Israel",ChIJBTbm0RWjAhURXeBEU9s7x30,פיצה סמיילי,iw,"חטיבת כרמלי, אשדוד","חטיבת כרמלי, אשדוד",yes,smiley Pizza,en,"Hativat Carmeli St, Ashdod","Hativat Carmeli, Ashdod",no
1940,הפסאז',"ככר הנשיא 11, שדרות, Israel",הפסאז' - מסעדת המבורגר,"הנשיא 11, שדרות, 8712811, Israel",ChIJFTyBBVSBAhURAHbzujiILbc,הפסאז' - מסעדת המבורגר,iw,"הנשיא 11, שדרות, 8712811","הנשיא 11, שדרות",yes,הפסאז' - מסעדת המבורגר,iw,"הנשיא 11, שדרות, 8712811","הנשיא 11, Sderot",yes
1944,מפגש ארבל,"צה""ל 13, אשקלון, Israel",Arbel meeting,"Tsahal St 13, Ashkelon, Israel",ChIJ8UPj83acAhURAm9bR9xVCjg,מפגש ארבל,iw,"צה""ל 13, אשקלון","צה""ל 13, אשקלון",yes,Arbel meeting,en,"Tsahal St 13, Ashkelon","Tsahal 13, Ashkelon",no
1946,Coffee Cake,"קרן היסוד 4, קניון קרית הממשלה, באר שבע, Israel",Coffee Cake,"Keren ha-Yesod St 4, Be'er Sheva, Israel",ChIJO8YrlEBmAhURvoa9vmiPfDk,Coffee Cake,en,"קרן היסוד 4, באר שבע","קרן היסוד 4, באר שבע",yes,Coffee Cake,en,"Keren ha-Yesod St 4, Be'er Sheva","Keren HaYesod 4, Beersheba",no
1948,פיצה כמעט חינם,"שד' יוהנה ז'בוטינסקי 15, באר שבע, Israel",Pizza Kimat Hinam,"Sderot Johana Jabotinsky 15, Beersheba, Israel",ChIJ30RAC_5lAhURq-vH1CN8X9Q,Pizza Kimat Hinam,iw,"שדרות יוהנה ז'בוטינסקי 15, באר שבע","שדרות יוהנה ז'בוטינסקי 15, באר שבע",yes,Pizza Kimat Hinam,en,"Sderot Johana Jabotinsky 15, Beersheba","Sderot Johana Jabotinsky 15, Beersheba",no
1949,לאב בר מיוזיק,"ברל כצנלסון 7, אשקלון, Israel",לאב-בר מיוזיק,"Berl Katsnelson St 7, Ashkelon, Israel",ChIJjXHhDnCcAhURXGjXCZ5m9JQ,לאב-בר מיוזיק,iw,"ברל כצנלסון 7, אשקלון","ברל כצנלסון 7, אשקלון",yes,לאב-בר מיוזיק,iw,"Berl Katsnelson St 7, Ashkelon","Berl Katsnelson 7, Ashkelon",no
1950,אמריקן פיצה,"שבט לוי 16, אשדוד, Israel",American Pizza,"1 מתחם מג'יק, שבט לוי 16, אשדוד, Israel",ChIJ8Uoi_16iAhURT1yxNn31RtM,אמריקן פיצה,iw,"1 מתחם מג'יק, שבט לוי 16, אשדוד","1 מתחם מג'יק, שבט לוי 16, אשדוד",yes,American Pizza,en,"1 מתחם מג'יק, שבט לוי 16, אשדוד","1 מתחם מג'יק, Shevet Levi 16, Ashdod",yes
1952,פיצה כמעט חינם,"הגפן 5, קניון גת סנטר, קריית גת, Israel",פיצה כמעט חינם קרית גת,"HaGefen St 5, Kiryat Gat, Israel",ChIJo5fBDmORAhURrlW5yt7koDQ,פיצה כמעט חינם קרית גת,iw,"הגפן 5, קרית גת","הגפן 5, קרית גת",yes,פיצה כמעט חינם קרית גת,iw,"HaGefen St 5, Kiryat Gat","HaGefen 5, Kiryat Gat",no
1954,שניצליה,"מדיין 14, אילת, Israel",שניצליה,"מרכז הוכמן, מדיין 12, אילת, 88000, Israel",ChIJFeUtSgJuABURE9hbEPRqzdE,שניצליה,iw,"מרכז הוכמן, מדיין 12, אילת, 88000","מרכז הוכמן, מדיין 12, אילת",yes,שניצליה,en,"מרכז הוכמן, מדיין 12, אילת, 88000","מרכז הוכמן, Midyan 12, Eilat",yes
1957,האיטלקיה,"שד' לכיש 37, קריית גת, Israel",האיטלקיה,"Sderot Lachish 37, Kiryat Gat, Israel",ChIJR3HXCWGRAhUR25HzTO_lbsU,האיטלקיה,iw,"שדרות לכיש 37, קרית גת","שדרות לכיש 37, קרית גת",yes,האיטלקיה,iw,"Sderot Lachish 37, Kiryat Gat","Sderot Lachish 37, Kiryat Gat",no
1959,סושי מושי,"קאמפן 9, אילת, Israel",Sushi Mushi,"Kampen St 8, Eilat, Israel",ChIJvwxli-NxABURDfpGEwNTutA,סושי מושי אילת | משלוחי סושי באילת | סושי באילת,iw,"קאמפן 8, אילת","קאמפן 8, אילת",yes,Sushi Mushi,en,"Kampen St 8, Eilat","Kampen 8, Eilat",no
1960,הטאבון -אפייה של פעם,"דימונה, Israel",הטאבון,"Dimona, Israel",ChIJS-a5YhNGAhUR3x59FeX6Dw0,הטאבון,iw,דימונה,דימונה,yes,הטאבון,iw,Dimona,Dimona,no
1963,מסעדת הטריפולטאית,"המסגר 5, אילת, Israel",הטריפוליטאית,"HaMasger St 5, Eilat, Israel",ChIJ-R5r5FdxABUR2r4e_wWQmpw,ריף בר הטריפולטאית,iw,"המסגר 5, אילת","המסגר 5, אילת",yes,הטריפוליטאית,en,"HaMasger St 5, Eilat","HaMasger 5, Eilat",no
1964,איטאלי,"הנשיא 4, אשקלון, Israel",איטאלי - Eataly: מסעדה איטלקית באשקלון.,"Ha-Nasi St 4, Ashkelon, Israel",ChIJLchqxUacAhURnSneWnahLso,איטאלי - Eataly: מסעדה איטלקית באשקלון.,iw,"הנשיא 4, אשקלון","הנשיא 4, אשקלון",yes,איטאלי - Eataly: מסעדה איטלקית באשקלון.,iw,"Ha-Nasi St 4, Ashkelon","HaNasi 4, Ashkelon",no
1971,Guesta,"ראש פינה, Israel",גסטה ראש פינה,"Ma'ale Gei Oni St 1, Rosh Pinna, 1201105, Israel",ChIJGzzp_MkjHBUR1KmooM_ZKPk,גסטה ראש פינה,iw,"מעלה גיא אוני 1, ראש פינה, 1201105","מעלה גיא אוני 1, ראש פינה",yes,גסטה ראש פינה,iw,"Ma'ale Gei Oni St 1, Rosh Pinna, 1201105","Ma'ale Gai Oni 1, Rosh Pina",no
1972,סלון יווני זכרון יעקב,"זכרון יעקב, Israel",סלון יווני זכרון יעקב,"קומה 2, מול, Zikhron Ya'akov, 9851328, Israel",ChIJ3cpWwhMLHRURG0TCw2_RTCA,סלון יווני זכרון יעקב,en,"קומה 2, מול, Zikhron Ya'akov, 9851328","קומה 2, מול, זכרון יעקב",yes,סלון יווני זכרון יעקב,en,"קומה 2, מול, Zikhron Ya'akov, 9851328","קומה 2, מול, Zihron Ya'akov",yes
1975,הלנה,"בית שאן, Israel",Helena Bar&Restaurant הלנה בר מסעדה,"Sha'ul HaMelech St 100, Beit She'an, Israel",ChIJa5Gcl7JfHBURqXZ8chzmfTU,Helena Bar&Restaurant הלנה בר מסעדה,iw,"שאול המלך 100, בית שאן","שאול המלך 100, בית שאן",yes,Helena Bar&Restaurant הלנה בר מסעדה,iw,"Sha'ul HaMelech St 100, Beit She'an","Sha'ul HaMelech 100, Beit She'an",no
1976,שאולי בשרים,"אור חיים 1, טבריה, Israel",שאולי מסעדת בשרים,"Or Haim St 1, Tiberias, Israel",ChIJWTKGU1o-HBUR8U5uUmwnNpU,שאולי מסעדת בשרים,iw,"אור חיים 1, טבריה","אור חיים 1, טבריה",yes,שאולי מסעדת בשרים,iw,"Or Haim St 1, Tiberias","Or Haim 1, Tverya",no
1977,צ'אנג בה,"שד' ירושלים 1, קריית ביאליק, Israel",צ'אנג בה - Chang Ba,"Sderot Yerushalayim 1, Kiryat Bialik, Israel",ChIJ8QtOc1O3HRURsVdyis61vAE,צ'אנג בה - Chang Ba,iw,"שדרות ירושלים 1, קריית ביאליק","שדרות ירושלים 1, קריית ביאליק",yes,צ'אנג בה - Chang Ba,iw,"Sderot Yerushalayim 1, Kiryat Bialik","Sderot Yerushalayim 1, Kiryat Bialik",no
1978,בראשית,"כרמל 1, מרכז מסחרי יקנעם, Israel",בראשית מסעדת בשרים,"HaCarmel St 1, Yokne'am Illit, 20692, Israel",ChIJ--xWdDevHRURWjK5JdeW1Uo,בראשית מסעדת בשרים,iw,"הכרמל 1, יוקנעם עילית, 20692","בניין כוכב, הכרמל 1, יוקנעם עילית",yes,בראשית מסעדת בשרים,iw,"HaCarmel St 1, Yokne'am Illit, 20692","בניין כוכב, HaCarmel 1, Yokne'am Illit",no
1981,שיפודי רחמים שמחה ובניו,"דרך הגליל 515, ראש פינה, Israel",שיפודי רחמים שמחה ובניו,"Derech HaGalil 515, Rosh Pina, Israel",ChIJsYhg-xsiHBUR_n6lotg8dyk,שיפודי רחמים שמחה ובניו,iw,"דרך הגליל 515, ראש פינה","דרך הגליל 515, ראש פינה",yes,שיפודי רחמים שמחה ובניו,iw,"Derech HaGalil 515, Rosh Pina","Derech HaGalil 515, Rosh Pina",no
1983,ג'ויה ראש פינה,"התפוח 1, ראש פינה, Israel",Joya Rosh Pina,"מתחם שופינה, ראש פינה, Israel",ChIJX6EidhkjHBURbjre8HndLNo,ג׳ויה ראש פינה,iw,"מתחם שופינה, ראש פינה","מתחם שופינה, ראש פינה",yes,Joya Rosh Pina,en,"מתחם שופינה, ראש פינה","מתחם שופינה, Rosh Pina",yes
1985,האיטלקייה,"ירושלים הבירה 46, בית שאן, Israel",האיטלקייה,"Yerushalayim ha-Bira St 41, Beit She'an, Israel",ChIJCYiJE8FeHBURwlmTHysoPcM,האיטלקייה,iw,"ירושלים הבירה 41, בית שאן","ירושלים הבירה 41, בית שאן",yes,האיטלקייה,iw,"Yerushalayim ha-Bira St 41, Beit She'an","Yerushalayim HaBira 41, Beit She'an",no
1991,"אייל שלי שרותי מזון וקייטרינג בע""מ","המלאכה 4, עפולה, Israel","אייל שלי שרותי מזון וקייטרינג בע""מ","Ha-Melakha St 4, Afula, Israel",ChIJ99AfgJVRHBUR_iIjCmlXr1U,"אייל שלי שרותי מזון וקייטרינג בע""מ",iw,"המלאכה 4, עפולה","המלאכה 4, עפולה",yes,"אייל שלי שרותי מזון וקייטרינג בע""מ",iw,"Ha-Melakha St 4, Afula","HaMelacha 4, Afula",no
1994,הפגודה,"דרך גדוד ברק, טבריה, Israel",הפגודה - כשרה למהדרין - בכנרת - על המים - סושי - אסייתית - תאילנדית - סינית - בצפון - טבריה,"Gdud Barak St, Tiberias, Israel",ChIJiUoFzV0_HBURuNuX5M9Vl0o,הפגודה - כשרה למהדרין - בכנרת - על המים - סושי - אסייתית - תאילנדית - סינית - בצפון - טבריה,iw,"גדוד ברק, טבריה","גדוד ברק, טבריה",yes,הפגודה - כשרה למהדרין - בכנרת - על המים - סושי - אסייתית - תאילנדית - סינית - בצפון - טבריה,iw,"Gdud Barak St, Tiberias","Gdud Barak, Tverya",no
1995,רד בורגר,"מעלה קק""ל 3, טבריה, Israel",רד בורגר טבריה,"Ma'ale Kakal St, Tiberias, 1441043, Israel",ChIJWW4H01Q-HBURunghTSlc8HE,רד בורגר טבריה,iw,"מעלה קק""ל, טבריה, 1441043","מעלה קק""ל, טבריה",yes,רד בורגר טבריה,iw,"Ma'ale Kakal St, Tiberias, 1441043","Ma'ale Kakal, Tverya",no
1999,יקבי קיסריה אירועים,"קיסריה, Israel",Caesarea Wineries,"Caesarea, Israel",ChIJ222WbxoNHRUR3YFJzcDtteQ,אולם אירועים יקבי קיסריה,iw,קיסריה,קיסריה,yes,Caesarea Wineries,en,Caesarea,Caesarea,no
2001,המסעדה של אבי,"הקישון 1, טבריה, Israel",Avi's Restaurant,"HaKishon St 1, Tiberias, Israel",ChIJN2yaeEk-HBURdajt2L7Qof8,המסעדה של אבי - Avi's Restaurant,iw,"הקישון 1, טבריה","הקישון 1, טבריה",yes,Avi's Restaurant,en,"HaKishon St 1, Tiberias","HaKishon 1, Tverya",no
2002,סמוראיו,"הנשיא ויצמן 25, עפולה, Israel",Samurai Sushi Bar,"Ha-Nasi Weizman St 25, Afula, Israel",ChIJBcuqpcJTHBURU8b3kzlEeBo,סמוראיו סושי-בר,iw,"הנשיא וייצמן 25, עפולה","הנשיא וייצמן 25, עפולה",yes,Samurai Sushi Bar,en,"Ha-Nasi Weizman St 25, Afula","Ha-Nasi Weizman 25, Afula",no
2003,גבו,"שד' הציונות 1, קרית אתא, Israel",קייטרינג גבו,"Sderot Hatsiyonut 1, Kiryat Ata, Israel",ChIJ4wiBirW2HRURjJRbpPLM2kI,קייטרינג גבו,iw,"שדרות הציונות 1, קרית אתא","שדרות הציונות 1, קרית אתא",yes,קייטרינג גבו,iw,"Sderot Hatsiyonut 1, Kiryat Ata","Sderot Hatsiyonut 1, Kiryat Ata",no
2007,פיצרל'ה,"שמעון דהאן 10, טבריה, Israel",Pitzarela,"Shim'on Dahan St 10, Tiberias, Israel",ChIJp5fegFk-HBURMbOOKf9APJw,פיצרלה,iw,"שמעון דהאן 10, טבריה","שמעון דהאן 10, טבריה",yes,Pitzarela,en,"Shim'on Dahan St 10, Tiberias","Shim'on Dahan 10, Tverya",no
2009,בשורה,"החרושת 15, כרמיאל, Israel",besora - בשורה,"מתחם גן העיר, החרושת 15, כרמיאל, 2161701, Israel",ChIJQ1BwGHExHBUR_RauKuIYz6c,besora - בשורה,iw,"מתחם גן העיר, החרושת 15, כרמיאל, 2161701","מתחם גן העיר, החרושת 15, כרמיאל",yes,besora - בשורה,iw,"מתחם גן העיר, החרושת 15, כרמיאל, 2161701","מתחם גן העיר, HaHaroshet 15, Karmiel",yes
2010,פטריקס קיסריה,"תרשיש פארק התעשייה 9, קיסריה, Israel",פטריקס קיסריה,"תרשיש 9, Caesarea, 3079820, Israel",ChIJSZK34IMNHRURgJket0ktMW8,פטריקס קיסריה,iw,"תרשיש 9, קיסריה, 3079820","תרשיש 9, קיסריה",yes,פטריקס קיסריה,iw,"תרשיש 9, Caesarea, 3079820","תרשיש 9, Keisarya",yes
2011,אצה,"שד' הגעתון 42, נהריה, Israel",Atza,"Sderot HaGa'aton 42, Nahariya, 2238021, Israel",ChIJya1XB1fOHRURLMBWEfpS0OY,אצה סושי בר נהריה,iw,"שדרות הגעתון 42, נהריה, 2238021","שדרות הגעתון 42, נהריה",yes,Atza,en,"Sderot HaGa'aton 42, Nahariya, 2238021","Sderot HaGa'aton 42, Nahariya",no
2014,אווזי חיפה כשר,"החרושת 26, צומת וולקן, חיפה, Israel",Avazi,"Ha-Kharoshet St 26, Haifa, 2629326, Israel",ChIJQ6H1LLqwHRURHhSfBrrZuYo,אווזיי חיפה,iw,"החרושת 26, חיפה, 2629326","החרושת 26, חיפה",yes,Avazi,en,"Ha-Kharoshet St 26, Haifa, 2629326","Ha-Kharoshet 26, Haifa",no
2015,Biga שער הצפון כשר,"דרך חיפה 30, קניון שער הצפון, קרית אתא, Israel",Biga שער הצפון כשר,"Derech Haifa 30, Kiryat Ata, Israel",ChIJs-bJi5GxHRURTeDwFbLH_cA,Biga שער הצפון כשר,iw,"דרך חיפה 30, קרית אתא","דרך חיפה 30, קרית אתא",yes,Biga שער הצפון כשר,iw,"Derech Haifa 30, Kiryat Ata","Derech Haifa 30, Kiryat Ata",no
2016,מעדן ציון קייטרינג,"יהודה הלוי 22, טבריה, Israel",מעדן-ציון קייטרינג ומסעדה,"Yehuda Halevi St 22, Tiberias, Israel",ChIJMUPXGU4-HBURFU3drGavtb4,מעדן-ציון קייטרינג ומסעדה,iw,"יהודה הלוי 22, טבריה","יהודה הלוי 22, טבריה",yes,מעדן-ציון קייטרינג ומסעדה,iw,"Yehuda Halevi St 22, Tiberias","Yehuda Halevi 22, Tverya",no
2017,נילי בית יין,"המייסדים 43, זכרון יעקב, Israel",Nili Wine House,"Ha-Meyasdim St 43, Zikhron Ya'akov, 3091077, Israel",ChIJVYxxcH8JHRUR48ldsAhP6Ps,נילי בית יין - Nili Wine House,iw,"המייסדים 43, זכרון יעקב, 3091077","המייסדים 43, זכרון יעקב",yes,Nili Wine House,en,"Ha-Meyasdim St 43, Zikhron Ya'akov, 3091077","HaMeyasedim 43, Zihron Ya'akov",no
2018,סין צ'אן,"המברג 1, טבריה, Israel",Sin Chan,"שמעון דהאן 10, HaMavreg 1, Tverya, Israel",ChIJAwXigFk-HBURvpo59MnwzzA,סין צ'אן - מסעדה אסייתית בטבריה,iw,"שמעון דהאן 10, המברג 1, טבריה","שמעון דהאן 10, המברג 1, טבריה",yes,Sin Chan,en,"שמעון דהאן 10, HaMavreg 1, Tverya","שמעון דהאן 10, HaMavreg 1, Tverya",yes
2023,שלה,"יששכר 15, קריית מוצקין, Israel",מסעדת ״ שלה״,"Yisahar St 15, Kiryat Motzkin, Israel",ChIJ-ZDNHBi3HRURu1c8rl8hpKE,מסעדת ״ שלה״,iw,"יששכר 15, קרית מוצקין","יששכר 15, קרית מוצקין",yes,מסעדת ״ שלה״,iw,"Yisahar St 15, Kiryat Motzkin","Yisahar 15, Kiryat Motskin",no
2024,פרש דה מרקט,"הסולל 8, קרית אתא, Israel",Fresh The Market פרש דה מרקט ביג קריות,"מתחם ביג קריות, HaSolel 8, Kiryat Ata, Israel",ChIJ0eEn1wOxHRURwEspBjYsaz4,Fresh The Market פרש דה מרקט ביג קריות,iw,"מתחם ביג קריות, רחוב הסולל 8, קרית אתא","מתחם ביג קריות, רחוב הסולל 8, קרית אתא",yes,Fresh The Market פרש דה מרקט ביג קריות,iw,"מתחם ביג קריות, HaSolel 8, Kiryat Ata","מתחם ביג קריות, HaSolel 8, Kiryat Ata",yes
2025,מאמא חלסה,"אלי הורוביץ 1, קריית שמונה, Israel",Mama Halsa,"6H8P+VWF, Eli Hurvitz St 1, Qiryat Shemona, Israel",ChIJSbStEFS9HhURHZhSywNWY4Y,מאמא חלסה,iw,"6H8P+VWF, אלי הורוביץ 1, קרית שמונה","6H8P+VWF, אלי הורוביץ 1, קרית שמונה",yes,Mama Halsa,en,"6H8P+VWF, Eli Hurvitz St 1, Qiryat Shemona","6H8P+VWF, Eli Hurvitz 1, Kiryat Shmona",no
2028,הקונדיטוריה של גל,"שד' הנשיא 131, מרכז הכרמל, חיפה, Israel",Gal's Bakery,"HaNassi Blvd 131, Haifa, 3463415, Israel",ChIJLePNq6m7HRURL6X8B6IecSE,הקונדיטוריה של גל,iw,"שדרות הנשיא 131, חיפה, 3463415","שדרות הנשיא 131, חיפה",yes,Gal's Bakery,en,"HaNassi Blvd 131, Haifa, 3463415","Sderot HaNassi 131, Haifa",no
2029,מסעדת פקורינו,"בן צבי 1, טבריה, Israel",Pecorino מסעדה חלבית,"Tiberias, Israel",ChIJ7Y87Er4_HBURHAB-QMgGG_c,Pecorino מסעדה חלבית,iw,טבריה,טבריה,yes,Pecorino מסעדה חלבית,iw,Tiberias,Tiberias,no
2030,המייסדים 16,"המייסדים 16, זכרון יעקב, Israel",המייסדים 16,"Ha-Meyasdim St 16, Zikhron Ya'akov, Israel",ChIJmw598n4JHRURv9vJ6qrDwe0,המייסדים 16,iw,"המייסדים 16, זכרון יעקב","המייסדים 16, זכרון יעקב",yes,המייסדים 16,iw,"Ha-Meyasdim St 16, Zikhron Ya'akov","HaMeyasedim 16, Zihron Ya'akov",no
2031,אל ראנצ'ו,"הקישון 1, טבריה, Israel",אל ראנצ'ו,"HaKishon St 1, Tiberias, Israel",ChIJN1VxfUk-HBURbxnQjqFiXlE,אל ראנצ'ו,iw,"הקישון 1, טבריה","הקישון 1, טבריה",yes,אל ראנצ'ו,iw,"HaKishon St 1, Tiberias","HaKishon 1, Tverya",no
2035,פלאפל אש תימני,"שד' ירושלים 15, קריית ביאליק, Israel",פלאפל אש תימני,"Sderot Yerushalayim 15, Kiryat Bialik, Israel",ChIJ0weQqqS3HRUR6ycY9MUIxrE,פלאפל אש תימני,iw,"שדרות ירושלים 15, קריית ביאליק","שדרות ירושלים 15, קריית ביאליק",yes,פלאפל אש תימני,iw,"Sderot Yerushalayim 15, Kiryat Bialik","Sderot Yerushalayim 15, Kiryat Bialik",no
2039,בורקס איסטנבול,"הירקון 11, טבריה, Israel",בורקס אסטנבול,"הירקון 11,שוק הדגים, Tverya, Israel",ChIJm29zC0k-HBURorWJZCD2oL4,בורקס אסטנבול,iw,"הירקון 11,שוק הדגים, טבריה","הירקון 11,שוק הדגים, טבריה",yes,בורקס אסטנבול,iw,"הירקון 11,שוק הדגים, Tverya","הירקון 11,שוק הדגים, Tverya",yes
2045,פלאפל ניר,"הגלעד 17, נהריה, Israel",פלאפל ניר,"HaGilad St 17, Nahariyya, Israel",ChIJPZ5czF3OHRURb3d4FHEoGpQ,פלאפל ניר,iw,"הגלעד 17, נהריה","הגלעד 17, נהריה",yes,פלאפל ניר,iw,"HaGilad St 17, Nahariyya","HaGilad 17, Nahariya",no
2050,מיסטר פיצה,"שד' הגעתון 43, נהריה, Israel",Mister Pizza,"Sderot HaGa'aton 43, Nahariya, Israel",ChIJSYrRoFfOHRUR5pK8FkjlmhI,מיסטר פיצה נהריה,iw,"שדרות הגעתון 43, נהריה","שדרות הגעתון 43, נהריה",yes,Mister Pizza,en,"Sderot HaGa'aton 43, Nahariya","Sderot HaGa'aton 43, Nahariya",no
2052,פיצריה קאפרי,"שד' הגעתון 20, נהריה, Israel",Pizza Capri-פיצה קאפרי,"Sderot HaGa'aton 20, Nahariya, Israel",ChIJxfTOiFrOHRURD-VepL0mEbs,Pizza Capri-פיצה קאפרי,iw,"שדרות הגעתון 20, נהריה","שדרות הגעתון 20, נהריה",yes,Pizza Capri-פיצה קאפרי,iw,"Sderot HaGa'aton 20, Nahariya","Sderot HaGa'aton 20, Nahariya",no
2055,שניצל קינג,"הנשיא ויצמן 2, עפולה, Israel",שניצל 20 טעמים,"Ha-Nasi Weizman St 25, Afula, 1828918, Israel",ChIJPfULwWRTHBURZA-LAD9Ibjs,שניצל 20 טעמים,iw,"הנשיא וייצמן 25, עפולה, 1828918","הנשיא וייצמן 25, עפולה",yes,שניצל 20 טעמים,iw,"Ha-Nasi Weizman St 25, Afula, 1828918","Ha-Nasi Weizman 25, Afula",no
2056,פיצה האט,"הבנים 1, טבריה, Israel",Pizza Hut,"Ha-Banim St 1, Tiberias, Israel",ChIJv-PH4kg-HBURhlDJ_yk1jAs,פיצה האט - טבריה,iw,"הבנים 1, טבריה","הבנים 1, טבריה",yes,Pizza Hut,en,"Ha-Banim St 1, Tiberias","Ha-Banim 1, Tverya",no
2057,פלאפל ושווארמה עלוש,"הבנים 1, טבריה, Israel",פלאפל שווארמה עלוש,"Ha-Banim St 4, Tiberias, Israel",ChIJy5PUAkk-HBURXalmjT7tHkY,פלאפל שווארמה עלוש,iw,"הבנים 4, טבריה","הבנים 4, טבריה",yes,פלאפל שווארמה עלוש,iw,"Ha-Banim St 4, Tiberias","Ha-Banim 4, Tverya",no
2063,פיצה דומינו,"ז'בוטינסקי 61, קריית מוצקין, Israel",Domino Pizza,"Jabotinski St 61, Kiryat Motzkin, 2633056, Israel",ChIJ47tP-SG3HRUREHKK50lq2Rk,פיצה דומינו,iw,"ז'בוטינסקי 61, קרית מוצקין, 2633056","ז'בוטינסקי 61, קרית מוצקין",yes,Domino Pizza,en,"Jabotinski St 61, Kiryat Motzkin, 2633056","Jabotinsky 61, Kiryat Motskin",no
2065,סטקיית סלע,"בן צבי 10, טבריה, Israel",Steak House Sela - Kosher,"Ben Zvi St 10, Tiberias, Israel",ChIJjYM0CwY_HBUR4Arh-9tzl68,סטקיית סלע - כשר חלק,iw,"יצחק בן צבי 10, טבריה","יצחק בן צבי 10, טבריה",yes,Steak House Sela - Kosher,en,"Ben Zvi St 10, Tiberias","Ben Zvi 10, Tverya",no
2067,קוזינה,"הבנים 24, טבריה, Israel",Kuzina restaurant,"Ha-Banim St 24, Tiberias, Israel",ChIJC6Zfp0k-HBURc03eXoEyo7k,מסעדת קוזינה,iw,"הבנים 24, טבריה","הבנים 24, טבריה",yes,Kuzina restaurant,en,"Ha-Banim St 24, Tiberias","Ha-Banim 24, Tverya",no
2068,קונדיטוריה שני,"שד' ויצמן 8, קריית מוצקין, Israel",קונדיטוריה שני,"8, Sderot Weizman 2, Kiryat Motzkin, Israel",ChIJ4Vj-ihi3HRURlYzlY7lkY6c,קונדיטוריה שני,en,"8, Sderot Weizman 2, Kiryat Motzkin","8, שדרות וייצמן 2, קרית מוצקין",no,קונדיטוריה שני,en,"8, Sderot Weizman 2, Kiryat Motzkin","8, Sderot Weizman 2, Kiryat Motskin",no
2075,מסעדת רם עכו,"דרך הארבעה 1, עכו העתיקה, Israel",Ram Restaurant,"Derech HaArba'a 1, Akko, Israel",ChIJDdBS3EzIHRURFgACWiaD4Nw,מסעדת רם,iw,"דרך הארבעה 1, עכו","דרך הארבעה 1, עכו",yes,Ram Restaurant,en,"Derech HaArba'a 1, Akko","Derech HaArba'a 1, Akko",no
2083,אקספרסו בר קפה,"מרכזית חוף הכרמל, חיפה, Israel",Expresso Café bar,"Meir Zore'a St 1, Haifa, Israel",ChIJjU_WVoa7HRURBr9S00Rj-Uw,Expresso Café bar,es,"מאיר זורע 1, חיפה","מאיר זורע 1, חיפה",yes,Expresso Café bar,es,"Meir Zore'a St 1, Haifa","Meir Zore'a 1, Haifa",no
2086,פיצריה רימיני,"הנשיא ויצמן 20, עפולה, Israel",Pizza Rimini,"Ha-Nasi Weizman St 20, Afula, Israel",ChIJa1UPhsNTHBURrdEdlgx8OC4,פיצה רימיני,iw,"הנשיא וייצמן 20, עפולה","הנשיא וייצמן 20, עפולה",yes,Pizza Rimini,en,"Ha-Nasi Weizman St 20, Afula","Ha-Nasi Weizman 20, Afula",no
2087,פלאפל הנשיא,"הנשיא ויצמן 10, עפולה, Israel",Ha-Nasi Falafel,"Ha-Nasi Weizman St 10, Afula, Israel",ChIJJYkheMVTHBURexZcnIAvc4w,פלאפל הנשיא,iw,"הנשיא וייצמן 10, עפולה","הנשיא וייצמן 10, עפולה",yes,Ha-Nasi Falafel,en,"Ha-Nasi Weizman St 10, Afula","Ha-Nasi Weizman 10, Afula",no
2088,"מסעדת המטעמים בע""מ","החרושת 48, כרמיאל, Israel",מסעדת המטעמים,"Ha-Kharoshet St 48, Karmiel, Israel",ChIJx6WZXGUxHBURg6H1WMQpVR8,מסעדת המטעמים,iw,"החרושת 48, כרמיאל","החרושת 48, כרמיאל",yes,מסעדת המטעמים,en,"Ha-Kharoshet St 48, Karmiel","HaHaroshet 48, Karmiel",no
2089,קייטרינג נוף הרים- איזור תעשיה ישן,"שלומי, Israel",קיטרינג ואירועים נוף הרים,"Sandy Azulai Road, Shlomi, Israel",ChIJ9YbP25jTHRURoAQZJFzFdrA,קיטרינג ואירועים נוף הרים,iw,"דרך סנדי אזולאי, שלומי","דרך סנדי אזולאי, שלומי",yes,קיטרינג ואירועים נוף הרים,iw,"Sandy Azulai Road, Shlomi","Sandy Azulai Road, Shlomi",no
2091,בורקס סמי,"הגליל 17, טבריה, Israel",סמי בורקס-Sami Borekas And Coffe Stop,"Tiberias, Israel",ChIJJ8cRP0k-HBURKGt-C_va8Oo,סמי בורקס-Sami Borekas And Coffe Stop,en,טבריה,טבריה,yes,סמי בורקס-Sami Borekas And Coffe Stop,en,Tiberias,Tiberias,no
2094,מאפיית הארץ,"העליה השניה 33, בת גלים, חיפה, Israel",Bakery & More,"HaAliya HaShniya St 33, Haifa, Israel",ChIJmVWP18S7HRURyOpsyGPeiUU,בייקרי ומור,iw,"העלייה השנייה 33, חיפה","העלייה השנייה 33, חיפה",yes,Bakery & More,en,"HaAliya HaShniya St 33, Haifa","HaAliya HaShniya 33, Haifa",no
2098,נשנש,"יהושע חנקין 9, עפולה, Israel",Nash Nash,"Joshua Hankin St 9, Afula, Israel",ChIJMQGYjd1THBURiaS2q07OQL4,נשנש מסעדה חלבית- פיצה עפולה | פיצות | פסטות | סלטים,iw,"יהושע חנקין 9, עפולה","יהושע חנקין 9, עפולה",yes,Nash Nash,en,"Joshua Hankin St 9, Afula","Joshua Hankin 9, Afula",no
2099,בית הלחם,"שדרות גושן 7, קריית מוצקין, Israel",קונדיטוריה בית הלחם,"Moshe Goshen Ave 7, Kiryat Motzkin, 2631203, Israel",ChIJc9ydhCa3HRURfeTIgdYEX_U,קונדיטוריה בית הלחם,iw,"שדרות משה גושן 7, קרית מוצקין, 2631203","שדרות משה גושן 7, קרית מוצקין",yes,קונדיטוריה בית הלחם,iw,"Moshe Goshen Ave 7, Kiryat Motzkin, 2631203","Moshe Goshen 7, Kiryat Motskin",no
2101,שולחן גלילי,"אלחדיף 1, טבריה, Israel",Galilee Table Restaurant מסעדת שולחן גלילי,"Al Hadif St 1, Tiberias, 1410502, Israel",ChIJwYaPiyU_HBURs_tv18u2Ljg,Galilee Table Restaurant מסעדת שולחן גלילי,en,"אלחדיף 1, טבריה, 1410502","אלחדיף 1, טבריה",yes,Galilee Table Restaurant מסעדת שולחן גלילי,en,"Al Hadif St 1, Tiberias, 1410502","Al Hadif 1, Tverya",no
2102,ארומה,"העצמאות 37, קרית אתא, Israel",Aroma,"Ha-Atsma'ut St 37, Kiryat Ata, Israel",ChIJX-UmtMq2HRUR0PRj3eyrOpo,ארומה,iw,"העצמאות 37, קרית אתא","קניון עזריאלי, העצמאות 37, קרית אתא",yes,Aroma,en,"Ha-Atsma'ut St 37, Kiryat Ata","קניון עזריאלי, Ha-Atsma'ut 37, Kiryat Ata",no
2104,רפאלו קריית ביאליק,"דרך עכו 192, קניון הקריון, קריית ביאליק, Israel",Raffaello,"קניון קריון, דרך עכו 192, קריית ביאליק, Israel",ChIJAU5WBfm2HRURx-MeCH4qtmM,רפאלו,iw,"קניון קריון, דרך עכו 192, קריית ביאליק","קניון קריון, דרך עכו 192, קריית ביאליק",yes,Raffaello,en,"קניון קריון, דרך עכו 192, קריית ביאליק","קניון קריון, Derech Akko 192, Kiryat Bialik",yes
2108,בנחלה,"יצחק שדה 17, נהריה, Israel",Banahala Restaurant,"Yitshak Sadeh St 17, Nahariyya, 2230510, Israel",ChIJLecrlkDOHRURtX9TnKMP2OE,תאילנדית בנחלה,iw,"יצחק שדה 17, נהריה, 2230510","יצחק שדה 17, נהריה",yes,Banahala Restaurant,en,"Yitshak Sadeh St 17, Nahariyya, 2230510","Yitshak Sadeh 17, Nahariya",no
2109,קינג סנדוויץ',"הנביאים 3, קרית אתא, Israel",קינג סנדוויץ׳,"HaNevi'im St 3, Kiryat Ata, Israel",ChIJZSc-ejWxHRURNBgAfMeauUU,קינג סנדוויץ׳,iw,"הנביאים 3, קרית אתא","הנביאים 3, קרית אתא",yes,קינג סנדוויץ׳,iw,"HaNevi'im St 3, Kiryat Ata","HaNevi'im 3, Kiryat Ata",no
2114,שווראמה ולרי הקוסם,"שד' ויצמן 44, קריית מוצקין, Israel",ולרי הקוסם,"Sderot Weizman 44, Kiryat Motskin, Israel",ChIJNUYVuaW3HRURsu0lwhvqWkw,ולרי הקוסם,iw,"שדרות וייצמן 44, קרית מוצקין","שדרות וייצמן 44, קרית מוצקין",yes,ולרי הקוסם,iw,"Sderot Weizman 44, Kiryat Motskin","Sderot Weizman 44, Kiryat Motskin",no
2116,חומוס אבו גוש,"שד' בן גוריון 82, קריית מוצקין, Israel",חומוס אבו גוש,"Sderot Ben Gurion 82, Kiryat Motskin, Israel",ChIJTcgYyAK3HRURTlXtbcrnUeE,חומוס אבו גוש,iw,"שדרות בן גוריון 82, קרית מוצקין","שדרות בן גוריון 82, קרית מוצקין",yes,חומוס אבו גוש,iw,"Sderot Ben Gurion 82, Kiryat Motskin","Sderot Ben Gurion 82, Kiryat Motskin",no
2119,קשקפה,"העצמאות 83, קרית אתא, Israel",קשקפה,"Ha-Atsma'ut St 83, Kiryat Ata, Israel",ChIJV7kE58m2HRURS3b8R2Uyy7k,קשקפה,iw,"העצמאות 83, קרית אתא","העצמאות 83, קרית אתא",yes,קשקפה,iw,"Ha-Atsma'ut St 83, Kiryat Ata","Ha-Atsma'ut 83, Kiryat Ata",no
2122,בורגר בר,"הרב עוזיאל 66, שלומי, Israel",בורגר בר,"HaRav Uziel St 66, Shlomi, Israel",ChIJTVwS9MvTHRURQCCaki0Exnc,בורגר בר,iw,"הרב עוזיאל 66, שלומי","הרב עוזיאל 66, שלומי",yes,בורגר בר,iw,"HaRav Uziel St 66, Shlomi","HaRav Uziel 66, Shlomi",no
2123,בליסימו,"שדרות גושן 55, קריית מוצקין, Israel",בליסימו מוצקין,"Moshe Goshen Ave 55, Kiryat Motzkin, 2631313, Israel",ChIJqc35kxK3HRURwdhl65hU1SM,בליסימו מוצקין,iw,"שדרות משה גושן 55, קרית מוצקין, 2631313","שדרות משה גושן 55, קרית מוצקין",yes,בליסימו מוצקין,iw,"Moshe Goshen Ave 55, Kiryat Motzkin, 2631313","Moshe Goshen 55, Kiryat Motskin",no
2125,קפה הבימה,"שד' קק""ל 99, כרמיאל, Israel",קפה הבימה,"Sderot Kakal 99, Karmiel, 21951, Israel",ChIJ73E1ufozHBURYKlbswPZOnc,קפה הבימה,iw,"שדרות קק""ל 99, כרמיאל, 21951","שדרות קק""ל 99, כרמיאל",yes,קפה הבימה,iw,"Sderot Kakal 99, Karmiel, 21951","Sderot Kakal 99, Karmiel",no
2133,פיצה שמש,"משה שרת 3, עפולה, Israel",Pizza Shemesh,"Moshe Sharet St 3, Afula, Israel",ChIJB_el1s1THBURE7KM8gYD_9A,פיצה שמש עפולה,iw,"משה שרת 3, עפולה","משה שרת 3, עפולה",yes,Pizza Shemesh,en,"Moshe Sharet St 3, Afula","Moshe Sharet 3, Afula",no
2135,פיצה פורני,"דרך הגליל 2, חאן ראש פינה, Israel",Forni Pizza & Ice Cream כשר למהדרין פיצה בטאבון,"Derech HaGalil 2, Rosh Pina, Israel",ChIJeXJxBhMjHBURR3m5przCGWk,פורני פיצה בטאבון,iw,"דרך הגליל 2, ראש פינה","דרך הגליל 2, ראש פינה",yes,Forni Pizza & Ice Cream כשר למהדרין פיצה בטאבון,en,"Derech HaGalil 2, Rosh Pina","Derech HaGalil 2, Rosh Pina",no
2136,הקובה של מומו,"פלימן משה 8, קניון קסטרא, חיפה, Israel",Momo's Cuba,"קניון קסטרא, דרך משה פלימן 8, חיפה, Israel",ChIJ86w5RGi7HRURKM-fVxfXknw,הקובה של מומו,iw,"קניון קסטרא, דרך משה פלימן 8, חיפה","קניון קסטרא, דרך משה פלימן 8, חיפה",yes,Momo's Cuba,en,"קניון קסטרא, דרך משה פלימן 8, חיפה","קניון קסטרא, Flieman 8, Haifa",yes
2139,צ'ופסטיקני,"חטיבה תשע 1, עפולה, Israel",צ'ופסטיקני אוכל בעפולה,"Hativa TeSha St 1, Afula, 1835501, Israel",ChIJD8CzMwJTHBURxsmM6qReKM0,צ'ופסטיקני אוכל בעפולה,iw,"חטיבה תשע 1, עפולה, 1835501","חטיבה תשע 1, עפולה",yes,צ'ופסטיקני אוכל בעפולה,iw,"Hativa TeSha St 1, Afula, 1835501","Hativa TeSha 1, Afula",no
2146,פיצה פריז,"אלחדיף 4, טבריה, Israel",פיצה פריז,"Al Hadif St 4, Tiberias, Israel",ChIJ4c0bVUU-HBUR5A9ODYRyEtU,פיצה פריז,iw,"אלחדיף 4, טבריה","אלחדיף 4, טבריה",yes,פיצה פריז,iw,"Al Hadif St 4, Tiberias","Al Hadif 4, Tverya",no
2148,בדאלק,"האיצטדיון 6, חיפה, Israel",קייטרינג בדאלק,"Haitstadyon St 6, Haifa, Israel",ChIJMaPIZUu3HRUR-KmuVCxqdJQ,קייטרינג בדאלק,iw,"האיצטדיון 6, חיפה","האיצטדיון 6, חיפה",yes,קייטרינג בדאלק,iw,"Haitstadyon St 6, Haifa","Haitstadyon 6, Haifa",no
2154,הפיצריה,"משה שרת 6, עפולה, Israel",הפיצריה The Pizza Place,"Moshe Sharet St 6, Afula, Israel",ChIJsZX31BhTHBUR69OVP7cXlNw,הפיצריה The Pizza Place,iw,"משה שרת 6, עפולה","משה שרת 6, עפולה",yes,הפיצריה The Pizza Place,iw,"Moshe Sharet St 6, Afula","Moshe Sharet 6, Afula",no
2155,ריף קפה חיפה,"שד' ההגנה 32, בת גלים, חיפה, Israel",Reef Café Restaurant,"HaHagana Ave 32, Haifa, Israel",ChIJIXLYWTG7HRURbl95nDfkwnE,Reef Cafe,iw,"שדרות ההגנה 32, חיפה","שדרות ההגנה 32, חיפה",yes,Reef Café Restaurant,en,"HaHagana Ave 32, Haifa","HaHagana Ave 32, Haifa",no
2157,סמול בייטס,"דרך ארץ 59, חריש, Israel",Small Bites,"Erets Rd 59, Harish, Israel",ChIJNTlAqlEFHRURLCQiX4NNJOg,Small Bites,iw,"דרך ארץ 59, חריש","דרך ארץ 59, חריש",yes,Small Bites,iw,"Erets Rd 59, Harish","Derech Erets 59, Harish",no
2159,מסעדת הפינה,"זבולון 7, קרית אתא, Israel",מסעדת הפינה,"Zevulun St 7, Kiryat Ata, Israel",ChIJGVxX78q2HRURNjSCQt34dQw,מסעדת הפינה,iw,"זבולון 7, קרית אתא","זבולון 7, קרית אתא",yes,מסעדת הפינה,en,"Zevulun St 7, Kiryat Ata","Zevulun 7, Kiryat Ata",no
2161,פיצה טורינו,"שד' הנשיא 121, חיפה, Israel",Torino Pizza,"HaNassi Blvd 121, Haifa, Israel",ChIJp20nRKm7HRURoYo0pS_Vu8c,פיצה טורינו,iw,"שדרות הנשיא 121, חיפה","שדרות הנשיא 121, חיפה",yes,Torino Pizza,en,"HaNassi Blvd 121, Haifa","Sderot HaNassi 121, Haifa",no
2162,פיצה טורינו,"דרך עכו 140, קניון הקריון, קריית ביאליק, Israel",Pizza Torino,"Derekh Acre Haifa 140, Kiryat Bialik, Israel",ChIJ2QYy-eK2HRURykbmJjCu43g,פיצה טורינו - צומת צבר - קריית ביאליק,iw,"דרך עכו חיפה 140, קריית ביאליק","דרך עכו חיפה 140, קריית ביאליק",yes,Pizza Torino,en,"Derekh Acre Haifa 140, Kiryat Bialik","Derekh Acre Haifa 140, Kiryat Bialik",no
2166,אצל מושיקו,"דוברין נחום 3, חיפה, Israel",Restaurant Moshiko,"Nahum Dovrin St 3, Haifa, Israel",ChIJ08EP3DW6HRURnYlbHtsi9OM,מסעדת מושיקו,iw,"נחום דוברין 3, חיפה","נחום דוברין 3, חיפה",yes,Restaurant Moshiko,en,"Nahum Dovrin St 3, Haifa","Nahum Dovrin 3, Haifa",no
2168,ניקושא סושי בר,"ז'בוטינסקי 54, טירת כרמל, Israel",Nikosha,"Jabotinski St 54, Tirat Carmel, Israel",ChIJtS8Y5LCkHRURGxu-8fyBtBk,ניקושא,iw,"ז'בוטינסקי 54, טירת כרמל","ז'בוטינסקי 54, טירת כרמל",yes,Nikosha,en,"Jabotinski St 54, Tirat Carmel","Jabotinsky 54, Tirat Carmel",no
2169,מרינו,"שפרינצק 7, עפולה, Israel",בר מסעדה מרינו,"Shprinzak St 7, Afula, 1830807, Israel",ChIJI5SqvkNTHBURQ9YLU6uhXTA,בר מסעדה מרינו,iw,"שפרינצק 7, עפולה, 1830807","שפרינצק 7, עפולה",yes,בר מסעדה מרינו,iw,"Shprinzak St 7, Afula, 1830807","Shprinzak 7, Afula",no
2173,ארטישוק,"בית אלפא, Israel",ארטישוק אוכל אמיתי מהשדה - מסעדה חלבית כשרה,"בוויז ""ארטישוק - אוכל אמיתי מהשדה צומת העליה לגלבוע ליד קיבוץ בית אלפא וגן השלושה, Israel",ChIJ6SZEI-dZHBUR_VSEaK3L6-E,ארטישוק אוכל אמיתי מהשדה - מסעדה חלבית כשרה,iw,"בוויז ""ארטישוק - אוכל אמיתי מהשדה צומת העליה לגלבוע ליד קיבוץ בית אלפא וגן השלושה","בוויז ""ארטישוק - אוכל אמיתי מהשדה צומת העליה לגלבוע ליד קיבוץ בית אלפא וגן השלושה",yes,ארטישוק אוכל אמיתי מהשדה - מסעדה חלבית כשרה,iw,"בוויז ""ארטישוק - אוכל אמיתי מהשדה צומת העליה לגלבוע ליד קיבוץ בית אלפא וגן השלושה","בוויז ""ארטישוק - אוכל אמיתי מהשדה צומת העליה לגלבוע ליד קיבוץ בית אלפא וגן השלושה",yes
2180,דלאל,"הארבעה 1, בית שאן, Israel",מאפיית דלל Dalal bakery,"Sderot HaArba'a 1, Beit She'an, 1177881, Israel",ChIJr_IvZPlfHBURuTz8r6R8sO4,מאפיית דלל Dalal bakery,iw,"שדרות הארבעה 1, בית שאן, 1177881","שדרות הארבעה 1, בית שאן",yes,מאפיית דלל Dalal bakery,iw,"Sderot HaArba'a 1, Beit She'an, 1177881","Sderot HaArba'a 1, Beit She'an",no
2182,חומוס אליהו,"הירקון, טבריה, Israel",Humus Eliyahu,"הירקון פינת הגליל הירקון 1 בניין, בית המזרחי, Tverya, Israel",ChIJgdKKa0k-HBURsoHAfOHFrtc,חומוס אליהו טבריה,iw,"הירקון פינת הגליל הירקון 1 בניין, בית המזרחי, טבריה","בית המזרחי, הירקון פינת הגליל הירקון 1 בניין, טבריה",yes,Humus Eliyahu,en,"הירקון פינת הגליל הירקון 1 בניין, בית המזרחי, Tverya","בית המזרחי, הירקון פינת הגליל הירקון 1 בניין, Tverya",yes
2184,רובן,"המייסדים 50, זכרון יעקב, Israel",רובן זיכרון יעקב,"Ha-Meyasdim St 50, Zikhron Ya'akov, Israel",ChIJ55QdrFUJHRURqkwGns6U99c,רובן זיכרון יעקב,iw,"המייסדים 50, זכרון יעקב","המייסדים 50, זכרון יעקב",yes,רובן זיכרון יעקב,iw,"Ha-Meyasdim St 50, Zikhron Ya'akov","HaMeyasedim 50, Zihron Ya'akov",no
2186,פיצה טומי חיפה,"התיכון 86, חיפה, Israel",Tommy Pizza,"Ha-Tikhon St 86, Haifa, Israel",ChIJfdNqMrm7HRUR_x3w6GA5iGg,Tommy pizza haifa,iw,"התיכון 86, חיפה","התיכון 86, חיפה",yes,Tommy Pizza,en,"Ha-Tikhon St 86, Haifa","HaTichon 86, Haifa",no
2187,יאמי יאמי,"דוד סלינגר 4, קריית שמונה, Israel",Yummy Yummy,"David Selinger St 4, Qiryat Shemona, Israel",ChIJbS2VEVm9HhUR1L7ZS8Fdi24,יאמי יאמי קריית שמונה,iw,"דוד סלינג'ר 4, קרית שמונה","דוד סלינג'ר 4, קרית שמונה",yes,Yummy Yummy,en,"David Selinger St 4, Qiryat Shemona","David Salinger 4, Kiryat Shmona",no
2189,על המנגל עפולה,"הנשיא ויצמן 17, עפולה, Israel",Israeli Grill Bar,"Ha-Nasi Weizman St 17, Afula, Israel",ChIJfSdyh8NTHBURUMv19JruiJM,על המנגל גריל בר ישראלי,iw,"הנשיא וייצמן 17, עפולה","הנשיא וייצמן 17, עפולה",yes,Israeli Grill Bar,en,"Ha-Nasi Weizman St 17, Afula","Ha-Nasi Weizman 17, Afula",no
2193,נחמן מטבח נשמה,"המייסדים 37, זכרון יעקב, Israel",נחמן & בתיה kitchen sandwich,"Ha-Meyasdim St 37, Zikhron Ya'akov, Israel",ChIJlYSVcn8JHRUR2rrfrOf8hxM,Nachman נחמן BBQ & smokehouse,iw,"המייסדים 37, זכרון יעקב","המייסדים 37, זכרון יעקב",yes,נחמן & בתיה kitchen sandwich,en,"Ha-Meyasdim St 37, Zikhron Ya'akov","HaMeyasedim 37, Zihron Ya'akov",no
2196,תחנה 4,"זלמן הוז 1, עפולה, Israel",Station 4,"Zalman Hoz St 1, Afula, Israel",ChIJtbBtd8NTHBURRIvh0cS4-t0,לופט תחנה 4 - מועדון אירועים בעפולה,iw,"זלמן הוז 1, עפולה","גן הבנים, זלמן הוז 1, עפולה",yes,Station 4,en,"Zalman Hoz St 1, Afula","HaBanim Garden, Zalman Hoz 1, Afula",no
2199,מינאטו,"קיסריה, Israel",מינאטו סושי בר קיסריה,"תחנת דלק קיסריה, Keisarya, Israel",ChIJA7IQOvgMHRURFhjPjQURq0g,מינאטו סושי בר קיסריה,iw,"תחנת דלק קיסריה, קיסריה","תחנת דלק קיסריה, קיסריה",yes,מינאטו סושי בר קיסריה,iw,"תחנת דלק קיסריה, Keisarya","תחנת דלק קיסריה, Keisarya",yes
2200,פיצה נאפולי,"טשרניחובסקי 4, קניון 8 סנטר, קריית שמונה, Israel",Pizza Napoli - Pizzeria,"קניון 8 סנטר, Kiryat Shmona, Israel",ChIJO7OtEFS9HhURp9HlWJaMng8,פיצה נאפולי - קרית שמונה,iw,"קניון 8 סנטר, קרית שמונה","קניון 8 סנטר, קרית שמונה",yes,Pizza Napoli - Pizzeria,en,"קניון 8 סנטר, Kiryat Shmona","קניון 8 סנטר, Kiryat Shmona",yes
2201,בורקס הפינה,"שדרות גושן 29, קריית מוצקין, Israel",בורקס bar,"Moshe Goshen Ave 11, Kiryat Motzkin, Israel",ChIJmxyOWTa3HRURfeIDYxCFN34,בורקס bar,iw,"שדרות משה גושן 11, קרית מוצקין","שדרות משה גושן 11, קרית מוצקין",yes,בורקס bar,iw,"Moshe Goshen Ave 11, Kiryat Motzkin","Moshe Goshen 11, Kiryat Motskin",no
2202,פנינת יקנעם,"התעשיה 7, יקנעם, Israel",פנינת יקנעם,"Ha-Ta'asiya St 7, Yokne'am Illit, Israel",ChIJm1TN3L-uHRUR705gsCYcJ6o,פנינת יקנעם,iw,"התעשייה 7, יוקנעם עילית","התעשייה 7, יוקנעם עילית",yes,פנינת יקנעם,iw,"Ha-Ta'asiya St 7, Yokne'am Illit","HaTa'asiya 7, Yokne'am Illit",no
2204,מפגש אור,"דרך יחיעם 8, נהריה, Israel",מפגש אור,"Derech Yehi'am 8, Nahariya, 2224901, Israel",ChIJ67IUOJfPHRURE0FL-UbBiOc,מפגש אור,iw,"דרך יחיעם 8, נהריה, 2224901","דרך יחיעם 8, נהריה",yes,מפגש אור,iw,"Derech Yehi'am 8, Nahariya, 2224901","Derech Yehi'am 8, Nahariya",no
2206,קפה רוטשילד,"המעפילים 1, נהריה, Israel",Coffee Rothschild Nahariya,"HaMa'apilim St 1, Nahariyya, Israel",ChIJL3YxZ1bOHRURl6RkNF3800Y,קפה רוטשילד נהריה,iw,"המעפילים 1, נהריה","המעפילים 1, נהריה",yes,Coffee Rothschild Nahariya,en,"HaMa'apilim St 1, Nahariyya","HaMa'apilim 1, Nahariya",no
2207,פיצה בגין,"שד' מנחם בגין 84, קריית שמונה, Israel",Begin Pizza,"שדרות מנחם בגין 64 קרית שמונה IL 10200, Sderot Menachem Begin 64, Kiryat Shmona, Israel",ChIJ4Q1YqkO9HhUR6l3wCOssT-o,פיצה בגין קרית שמונה,iw,"שדרות מנחם בגין 64 קרית שמונה IL 10200, שדרות מנחם בגין 64, קרית שמונה","שדרות מנחם בגין 64 קרית שמונה IL 10200, שדרות מנחם בגין 64, קרית שמונה",yes,Begin Pizza,en,"שדרות מנחם בגין 64 קרית שמונה IL 10200, Sderot Menachem Begin 64, Kiryat Shmona","שדרות מנחם בגין 64 קרית שמונה IL 10200, Sderot Menachem Begin 64, Kiryat Shmona",yes
2209,הקבב של עובד,"ארלוזורוב 6, קריית שמונה, Israel",הקבב של עובד,"Haim Arlozorov St 6, Qiryat Shemona, Israel",ChIJl8mzhla9HhUR4GW4iocA_1o,הקבב של עובד,en,"חיים ארלוזורוב 6, קרית שמונה","חיים ארלוזורוב 6, קרית שמונה",yes,הקבב של עובד,en,"Haim Arlozorov St 6, Qiryat Shemona","Haim Arlozorov 6, Kiryat Shmona",no
2210,DINER BURGER דיינר בורגר,"שד' קק""ל 98, כרמיאל, Israel",Diner Burger - המבורגר כרמיאל - המבורגר בצפון,"2, Sderot Kakal 98, Karmiel, Israel",ChIJ253jsvozHBUReagGLLmCFcA,Diner Burger - המבורגר כרמיאל - המבורגר בצפון,iw,"2, שדרות קק""ל 98, כרמיאל","2, שדרות קק""ל 98, כרמיאל",yes,Diner Burger - המבורגר כרמיאל - המבורגר בצפון,iw,"2, Sderot Kakal 98, Karmiel","2, Sderot Kakal 98, Karmiel",no
2214,פיצה מנאיש,"יער אודם 22, יקנעם, Israel",פיצה מנאיש,"Ya'ar Odem St 20, Yokne'am Illit, 20692, Israel",ChIJKTX8PuepHRUR0ohXex0Al3I,פיצה מנאיש,iw,"יער אודם 20, יוקנעם עילית, 20692","יער אודם 20, יוקנעם עילית",yes,פיצה מנאיש,iw,"Ya'ar Odem St 20, Yokne'am Illit, 20692","Ya'ar Odem 20, Yokne'am Illit",no
2215,מרכז הלחם,"שד' הגעתון 20, נהריה, Israel",מרכז הלחם,"Sderot HaGa'aton, Nahariya, Israel",ChIJM8wqzlnOHRURCcm4Ktwcwj0,מרכז הלחם,iw,"שדרות הגעתון, נהריה","שדרות הגעתון, נהריה",yes,מרכז הלחם,iw,"Sderot HaGa'aton, Nahariya","Sderot HaGa'aton, Nahariya",no
2216,נועם אירועים,"דליה 18, קריית ביאליק, Israel",נועם כיבודים וארועים,"Dalya St 0, Kiryat Bialik, Israel",ChIJcQkDHd62HRURvzz8j_j6BgQ,נועם כיבודים וארועים,iw,"דליה 0, קריית ביאליק","דליה 0, קריית ביאליק",yes,נועם כיבודים וארועים,iw,"Dalya St 0, Kiryat Bialik","Dalya 0, Kiryat Bialik",no
2219,אקסטרה פיצה,"אלחדיף 5, טבריה, Israel",Extra pizza,"Al Hadif St 5, Tiberias, Israel",ChIJnVEsZUU-HBUR-66J7RFRaZY,אקסטרה פיצה טבריה,iw,"אלחדיף 5, טבריה","אלחדיף 5, טבריה",yes,Extra pizza,en,"Al Hadif St 5, Tiberias","Al Hadif 5, Tverya",no
2221,צ'ירו נאפולי,"שד' הגעתון 26, נהריה, Israel",צ'ירו נאפולי,"Sderot HaGa'aton 26, Nahariya, Israel",ChIJG8Z8z1nOHRURkKyIqhI6OqI,צ'ירו נאפולי,iw,"שדרות הגעתון 26, נהריה","שדרות הגעתון 26, נהריה",yes,צ'ירו נאפולי,iw,"Sderot HaGa'aton 26, Nahariya","Sderot HaGa'aton 26, Nahariya",no
2232,הפיצה של טקטוק,"סחלב 1, נהריה, Israel",TickTook Pizza,"Sakhlav St 1, Nahariyya, 2235099, Israel",ChIJybeiLeXOHRURJvw-zFRmZzE,הפיצה של תקתוק,iw,"סחלב 1, נהריה, 2235099","סחלב 1, נהריה",yes,TickTook Pizza,en,"Sakhlav St 1, Nahariyya, 2235099","Sahlav 1, Nahariya",no
2233,פאטיו,"אתגר 5, טירת כרמל, Israel",פאטיו,"Etgar St 5, Tirat Carmel, Israel",ChIJ2ZPJPMK7HRURU6MK4dI_t98,פאטיו,iw,"אתגר 5, טירת כרמל","אתגר 5, טירת כרמל",yes,פאטיו,iw,"Etgar St 5, Tirat Carmel","Etgar 5, Tirat Carmel",no
2234,פיצה האט,"מעלה כמון 5, כרמיאל, Israel",Pizza Hut,"קניון חוצות, מעלה כמון 5, כרמיאל, Israel",ChIJk2362PEwHBUR6aDXs5wD9-8,פיצה האט - כרמיאל,iw,"קניון חוצות, מעלה כמון 5, כרמיאל","קניון חוצות, מעלה כמון 5, כרמיאל",yes,Pizza Hut,en,"קניון חוצות, מעלה כמון 5, כרמיאל","קניון חוצות, Ma'ale Kamon 5, Karmiel",yes
2236,פיצה פסטלריה,"קרן היסוד 64, קריית ביאליק, Israel",פיצה פסטלריה,"Keren ha-Yesod St 64, Kiryat Bialik, 2705305, Israel",ChIJDSbCv3O3HRURemH4m4aadoA,פיצה פסטלריה,iw,"קרן היסוד 64, קריית ביאליק, 2705305","קרן היסוד 64, קריית ביאליק",yes,פיצה פסטלריה,en,"Keren ha-Yesod St 64, Kiryat Bialik, 2705305","Keren HaYesod 64, Kiryat Bialik",no
2237,פיצה אלברטו,"הרב עוזיאל 42, שלומי, Israel",דון אלברטו,"HaRav Uziel St 42, Shlomi, 22832, Israel",ChIJV8ALucnTHRURy7FR5Kht7Lw,דון אלברטו,iw,"הרב עוזיאל 42, שלומי, 22832","הרב עוזיאל 42, שלומי",yes,דון אלברטו,iw,"HaRav Uziel St 42, Shlomi, 22832","HaRav Uziel 42, Shlomi",no
2241,ניו דלי,"פלימן משה 4, קניון חיפה, Israel",ניודלי Newdeli,"Flieman St 4, Haifa, 3508416, Israel",ChIJjwy7x7u7HRURjfndypsVIVE,ניודלי Newdeli,en,"דרך משה פלימן 4, חיפה, 3508416","דרך משה פלימן 4, חיפה",yes,ניודלי Newdeli,en,"Flieman St 4, Haifa, 3508416","Flieman 4, Haifa",no
2242,שיפודי שמחה ובניו,"הירדן 29, טבריה, Israel",שיפודי רחמים שמחה ובניו,"Ha-Yarden St 29, Tiberias, Israel",ChIJiX53ZZk_HBURxWgFs5XzkXM,שיפודי רחמים שמחה ובניו,iw,"הירדן 29, טבריה","גן שמעון, הירדן 29, טבריה",yes,שיפודי רחמים שמחה ובניו,iw,"Ha-Yarden St 29, Tiberias","Shim'on Garden, HaYarden 29, Tverya",no
2243,אלדו,"דרך הגליל 1, ראש פינה, Israel",Aldo,"בוויז ״גלידת אלדו ראש פינה״ בהשגחת בדץ בית יוסף, דרך הגליל 4, ראש פינה, 1200000, Israel",ChIJ1R4eZhkiHBURopsj0ezlT50,גלידת אלדו ראש פינה כשר למהדרין,iw,"בוויז ״גלידת אלדו ראש פינה״ בהשגחת בדץ בית יוסף, דרך הגליל 4, ראש פינה, 1200000","בוויז ״גלידת אלדו ראש פינה״ בהשגחת בדץ בית יוסף, דרך הגליל 4, ראש פינה",yes,Aldo,en,"בוויז ״גלידת אלדו ראש פינה״ בהשגחת בדץ בית יוסף, דרך הגליל 4, ראש פינה, 1200000","בוויז ״גלידת אלדו ראש פינה״ בהשגחת בדץ בית יוסף, Derech HaGalil 4, Rosh Pina",yes
2247,פיצה אודיז טבריה,"הגליל 32, טבריה, Israel",פיצה אודיז,"HaGalil St 34, Tiberias, Israel",ChIJVaHP2Us-HBURmRemIFCVv1A,פיצה אודיז,iw,"הגליל 34, טבריה","הגליל 34, טבריה",yes,פיצה אודיז,iw,"HaGalil St 34, Tiberias","HaGalil 34, Tverya",no
2249,פיצה שמש טבריה,"העצמאות 2, טבריה, Israel",פיצה שמש טבריה כשרות בד״ץ העדה החרדית,"HaAtsmaut St 2, Tiberias, Israel",ChIJ8YZnJkk-HBURG0m_zcb_B2k,פיצה שמש טבריה כשרות בד״ץ העדה החרדית,iw,"העצמאות 2, טבריה","העצמאות 2, טבריה",yes,פיצה שמש טבריה כשרות בד״ץ העדה החרדית,iw,"HaAtsmaut St 2, Tiberias","HaAtsmaut 2, Tverya",no
2250,מאפיית דיין,"חצור הגלילית, Israel","מאפיית דיין בע""מ","Derech Naftali 212, Hatsor Haglilit, Israel",ChIJVVVhrowhHBUR5blgVJKGJIk,"מאפיית דיין בע""מ",iw,"דרך נפתלי 212, חצור הגלילית","דרך נפתלי 212, חצור הגלילית",yes,"מאפיית דיין בע""מ",iw,"Derech Naftali 212, Hatsor Haglilit","Derech Naftali 212, Hatsor Haglilit",no
2256,קובה גוטה,"ז'בוטינסקי 50, טירת כרמל, Israel",Kubeh Guttte,"Jabotinski St 50, Tirat Carmel, Israel",ChIJaYofGLakHRUR9-L7M4AUQW4,קובה גוטה,iw,"ז'בוטינסקי 50, טירת כרמל","ז'בוטינסקי 50, טירת כרמל",yes,Kubeh Guttte,en,"Jabotinski St 50, Tirat Carmel","Jabotinsky 50, Tirat Carmel",no
2257,פלאפל הנשיא,"שדרות גושן 55, קריית מוצקין, Israel",פלאפל אורי-גושן 55 ק.מוצקין,"Moshe Goshen Ave 55, Kiryat Motzkin, Israel",ChIJUzXxuuy3HRURixQ-6z9w3GI,פלאפל אורי-גושן 55 ק.מוצקין,ru,"שדרות משה גושן 55, קרית מוצקין","שדרות משה גושן 55, קרית מוצקין",yes,פלאפל אורי-גושן 55 ק.מוצקין,ru,"Moshe Goshen Ave 55, Kiryat Motzkin","Moshe Goshen 55, Kiryat Motskin",no
2259,ג'פניקה,"דרך הגליל 1, ראש פינה, Israel",ג׳פניקה ראש פינה כשר | JAPANIKA ROSH PINA KOSHER,"Derech HaGalil 1, Rosh Pina, Israel",ChIJE8WCZxkiHBURtkyL46EMtSI,ג׳פניקה ראש פינה כשר | JAPANIKA ROSH PINA KOSHER,iw,"דרך הגליל 1, ראש פינה","דרך הגליל 1, ראש פינה",yes,ג׳פניקה ראש פינה כשר | JAPANIKA ROSH PINA KOSHER,iw,"Derech HaGalil 1, Rosh Pina","Derech HaGalil 1, Rosh Pina",no
2263,מאפיית המפגש,"שד' ההסתדרות 82, חיפה, Israel",HaMifgash Bakery,"HaHistadrut Ave 82, Haifa, Israel",ChIJAaAuMJ2wHRURumvczidTOW0,מאפית המפגש,iw,"שדרות ההסתדרות 82, חיפה","שדרות ההסתדרות 82, חיפה",yes,HaMifgash Bakery,en,"HaHistadrut Ave 82, Haifa","Sderot HaHistadrut 82, Haifa",no
2268,חומוס אליהו,"הפטיש 2, טירת כרמל, Israel",Humus Eliyahu,"Keren ha-Yesod St 2, Tirat Carmel, Israel",ChIJu3v0qbSkHRURsWfA7IBHE7A,חומוס אליהו טירת הכרמל,iw,"קרן היסוד 2, טירת כרמל","קרן היסוד 2, טירת כרמל",yes,Humus Eliyahu,en,"Keren ha-Yesod St 2, Tirat Carmel","Keren HaYesod 2, Tirat Carmel",no
2269,ג'פניקה,"קהילת ציון 26, עפולה, Israel",Japanika,"Kehilat Tsiyon St 26, Afula, 1830126, Israel",ChIJa1JLoepTHBURlKa9UfSFIaQ,ג׳פניקה עפולה כשר | JAPANIKA AFULA KOSHER,iw,"קהילת ציון 26, עפולה, 1830126","קהילת ציון 26, עפולה",yes,Japanika,en,"Kehilat Tsiyon St 26, Afula, 1830126","Kehilat Zion 26, Afula",no
2271,אסתריקה,"קריית שמונה, Israel",Esterika,"אזור תעשיה דרומי, לשם 37, Qiryat Shemona, Israel",ChIJJQv_kq6iHhURfKPxC1lh1uU,אסתריקה | מסעדה בקרית שמונה | מסעדה כשרה למהדרין בקרית שמונה,iw,"אזור תעשיה דרומי, לשם 37, Qiryat Shemona","אזור תעשיה דרומי, לשם 37, קרית שמונה",yes,Esterika,en,"אזור תעשיה דרומי, לשם 37, Qiryat Shemona","אזור תעשיה דרומי, לשם 37, Kiryat Shmona",yes
2277,רוגלך מאפים,"הפלמ""ח 16, כרמיאל, Israel",רוגלך,"Ha-Palmakh St 16, Karmiel, 2199632, Israel",ChIJedrUYfUzHBURbq6Nd30QuX8,רוגלך,iw,"הפלמ""ח 16, כרמיאל, 2199632","הפלמ""ח 16, כרמיאל",yes,רוגלך,iw,"Ha-Palmakh St 16, Karmiel, 2199632","HaPalmach 16, Karmiel",no
2282,אצל קיזלר'ס,"השומר 28, חיפה, Israel",אצל קיזלר,"Ha-Shomer St 28, Haifa, 3317632, Israel",ChIJe43x8k-6HRURVReApbCa7Ro,אצל קיזלר,iw,"השומר 28, חיפה, 3317632","השומר 28, חיפה",yes,אצל קיזלר,en,"Ha-Shomer St 28, Haifa, 3317632","HaShomer 28, Haifa",no
2283,נגיסה,"יהושע חנקין 1, עפולה, Israel",Nagisa נגיסה עפולה,"Afula, Israel",ChIJd9PmfN1THBURK8LZrA2oKRQ,Nagisa נגיסה עפולה,en,עפולה,עפולה,yes,Nagisa נגיסה עפולה,en,Afula,Afula,no
2287,פיצה כמעט חינם,"שד' ארלוזורוב 22, עפולה, Israel",Almost Free Pizza,"Sderot Arlozorov 22, Afula, Israel",ChIJCYpsnJxTHBURWPUnZ8UTOEk,פיצה כמעט חינם,iw,"שדרות ארלוזורוב 22, עפולה","שדרות ארלוזורוב 22, עפולה",yes,Almost Free Pizza,en,"Sderot Arlozorov 22, Afula","Sderot Arlozorov 22, Afula",no
2291,בגט ניר,"דרך הגליל, ראש פינה, Israel",שאוורמה בראש פינה כשר-בגט ניר,"Derech HaGalil, Rosh Pina, Israel",ChIJqzg9TK4jHBURN82gB4skxe8,באגט ניר,iw,"דרך הגליל, ראש פינה","דרך הגליל, ראש פינה",yes,שאוורמה בראש פינה כשר-בגט ניר,en,"Derech HaGalil, Rosh Pina","Derech HaGalil, Rosh Pina",no
2294,על גחלים,"דרך העמק 13, מגדל העמק, Israel",על גחלים,"Derech HaEmek 13, Migdal HaEmek, Israel",ChIJZ9t1zJ5SHBUR-x1VxVZ_cNk,על גחלים,iw,"דרך העמק 13, מגדל העמק","דרך העמק 13, מגדל העמק",yes,על גחלים,iw,"Derech HaEmek 13, Migdal HaEmek","Derech HaEmek 13, Migdal HaEmek",no
2298,אוריון,"זבולון 5, קרית אתא, Israel",פלאפל אוריון,"Zevulun St 5, Kiryat Ata, Israel",ChIJnYmi8cq2HRURx4RwfFt1ohk,פלאפל אוריון,iw,"זבולון 5, קרית אתא","זבולון 5, קרית אתא",yes,פלאפל אוריון,iw,"Zevulun St 5, Kiryat Ata","Zevulun 5, Kiryat Ata",no
2303,קונדיטורית טיבי,"שד' הנשיא 35, חיפה, Israel",Tibi conditory & coffe קונדיטורית טיבי - בית קפה,"HaNassi Blvd 35, Haifa, Israel",ChIJkbzq27q7HRURzmEc4r6Euao,Tibi conditory & coffe קונדיטורית טיבי - בית קפה,en,"שדרות הנשיא 35, חיפה","שדרות הנשיא 35, חיפה",yes,Tibi conditory & coffe קונדיטורית טיבי - בית קפה,en,"HaNassi Blvd 35, Haifa","Sderot HaNassi 35, Haifa",no
2306,סנדוויץ' בר סמי הגדול עכו,"דרך הארבעה 22, עכו, Israel",Sammy Hagadol Sandwich Bar,"Derech HaArba'a 22, Akko, Israel",ChIJqev4s1XIHRUR-3eLCXO-gsg,סנדביץ בר סמי הגדול,iw,"דרך הארבעה 22, עכו","דרך הארבעה 22, עכו",yes,Sammy Hagadol Sandwich Bar,en,"Derech HaArba'a 22, Akko","Derech HaArba'a 22, Akko",no
2307,חומוס אליהו,"יקנעם, Israel",Hummus Eliyahu,"תחנת ""דלק"" פארק תעשיה יוקנעם, Yokne'am Illit, Israel",ChIJFQyF9r-uHRURUxiL-Eo9TmM,חומוס אליהו יוקנעם,iw,"תחנת ""דלק"" פארק תעשיה יוקנעם, יוקנעם עילית","תחנת ""דלק"" פארק תעשיה יוקנעם, יוקנעם עילית",yes,Hummus Eliyahu,en,"תחנת ""דלק"" פארק תעשיה יוקנעם, Yokne'am Illit","תחנת ""דלק"" פארק תעשיה יוקנעם, Yokne'am Illit",yes
2309,טעים בצמח,"קהילת ציון 4, צמח, Israel",טעים בצמח,"מתחם בית בנדל צמח, Israel",ChIJZbj_85RqHBURTNZU-81N03U,טעים בצמח,iw,מתחם בית בנדל צמח,מתחם בית בנדל צמח,yes,טעים בצמח,iw,מתחם בית בנדל צמח,מתחם בית בנדל צמח,yes
2316,חצ'פורי מאיה,"חלוצי התעשייה 12, חיפה, Israel",KHACHAPURI Maya,"Khalutzei HaTa'a'ssiya St 12, Haifa, Israel",ChIJ30A7acywHRURDsoRy2xkZBw,חצ'פורי מאיה,iw,"חלוצי התעשיה 12, חיפה","חלוצי התעשיה 12, חיפה",yes,KHACHAPURI Maya,en,"Khalutzei HaTa'a'ssiya St 12, Haifa","Khalutzei HaTa'a'ssiya 12, Haifa",no
2318,מפגש גיל,"ירושלים הבירה 3, בית שאן, Israel",Mifgash Gil,"Yerushalayim ha-Bira St 3, Beit She'an, Israel",ChIJG6t3fMBeHBURR0Wb-6VdFj8,Mifgash Gil,en,"ירושלים הבירה 3, בית שאן","ירושלים הבירה 3, בית שאן",yes,Mifgash Gil,en,"Yerushalayim ha-Bira St 3, Beit She'an","Yerushalayim HaBira 3, Beit She'an",no
2320,המרפסת של הרצל (סוד החלה),"יהודה המכבי 9, נהריה, Israel",סוד החלה,"Yehuda ha-Maccabi St 9, Nahariyya, Israel",ChIJBfSN567PHRUR7L5jnOe1n7w,סוד החלה,iw,"יהודה המכבי 9, נהריה","יהודה המכבי 9, נהריה",yes,סוד החלה,en,"Yehuda ha-Maccabi St 9, Nahariyya","Yehuda HaMaccabi 9, Nahariya",no
2322,פסטה פאסטה,"גדוד 22, עכו, Israel",פסטה פאסטה,"HaHaroshet St 2, Acre, Israel",ChIJ40fKc1PIHRURtmCulDi9JYc,פסטה פאסטה,iw,"החרושת 2, עכו","החרושת 2, עכו",yes,פסטה פאסטה,iw,"HaHaroshet St 2, Acre","HaHaroshet 2, Akko",no
2324,קונדיטורית אייל,"חלוצי התעשייה 92, חיפה, Israel",קונדיטוריה אייל,"Khalutzei HaTa'a'ssiya St 92, Haifa, 2629492, Israel",ChIJCY6wxSi3HRURlrYCP26AttI,קונדיטוריה אייל,iw,"חלוצי התעשיה 92, חיפה, 2629492","חלוצי התעשיה 92, חיפה",yes,קונדיטוריה אייל,iw,"Khalutzei HaTa'a'ssiya St 92, Haifa, 2629492","Khalutzei HaTa'a'ssiya 92, Haifa",no
2326,בורגראנץ',"תל חי 51, קריית שמונה, Israel",Burgeranch,"קניון, HaNasi 4, Kiryat Shmona, Israel",ChIJdZXdV129HhURgsI3ZY_v-Uk,בורגראנץ' קריית שמונה,iw,"קניון, הנשיא 4, קרית שמונה","קניון, הנשיא 4, קרית שמונה",yes,Burgeranch,en,"קניון, HaNasi 4, Kiryat Shmona","קניון, HaNasi 4, Kiryat Shmona",yes
2327,שווארמה פאפא לוסקי,"שד' הגעתון 19, נהריה, Israel",Shawarma Papa Luski,"Sderot HaGa'aton 19, Nahariya, Israel",ChIJf9zQr1nOHRURWbSgDqIWduM,שווארמה פאפא לוסקי,iw,"שדרות הגעתון 19, נהריה","שדרות הגעתון 19, נהריה",yes,Shawarma Papa Luski,en,"Sderot HaGa'aton 19, Nahariya","Sderot HaGa'aton 19, Nahariya",no
2328,פיצה העמק,"תל חי 106, קריית שמונה, Israel",Pizza HaEmek,"Tel Hai St 106, Qiryat Shemona, Israel",ChIJAbtaX1S9HhURbRXMN3UAaOE,פיצה העמק קרית שמונה,iw,"תל חי 106, קרית שמונה","תל חי 106, קרית שמונה",yes,Pizza HaEmek,en,"Tel Hai St 106, Qiryat Shemona","Tel Hai 106, Kiryat Shmona",no
2332,פיצה פדאל,"הרצל 26, טירת כרמל, Israel",פיצה פדאל,"Herzel St 26, Tirat Carmel, Israel",ChIJa74N57WkHRUR37kvs8QBmcE,פיצה פדאל,iw,"הרצל 26, טירת כרמל","הרצל 26, טירת כרמל",yes,פיצה פדאל,iw,"Herzel St 26, Tirat Carmel","Herzel 26, Tirat Carmel",no
2333,אורטוריו,"יאיר 1, זכרון יעקב, Israel",Oratorio,"Ya'ir St 1, Zikhron Ya'akov, Israel",ChIJzxeYaisKHRURMOmZk-zhuuY,אורטוריו,iw,"יאיר 1, זכרון יעקב","יאיר 1, זכרון יעקב",yes,Oratorio,en,"Ya'ir St 1, Zikhron Ya'akov","Yair 1, Zihron Ya'akov",no
2335,חומוס שהחיינו,"האריזה 3, מגדל העמק, Israel",שהחיינו (חומוס ועוד),"מתחם הום-סנטר 3, HaAriza St, Migdal HaEmek, Israel",ChIJ9-_pupdSHBURGy_2OVGja0E,שהחיינו (חומוס ועוד),iw,"מתחם הום-סנטר 3, HaAriza St, Migdal HaEmek","מתחם הום-סנטר 3, האריזה, מגדל העמק",yes,שהחיינו (חומוס ועוד),iw,"מתחם הום-סנטר 3, HaAriza St, Migdal HaEmek","מתחם הום-סנטר 3, HaAriza, Migdal HaEmek",yes
2336,300 גרם,"שדרות האקליפטוס 13, בוסתן הגליל, Israel",300 גרם - מסעדת בשרים כשרה,"33°00'26.6""N 35°13'15.1""E, Bustan HaGalil, Israel",ChIJAeK7Sy3SHRURifnzCxPgOrs,300 גרם,iw,"33°00'26.6""N 35°13'15.1""E, בוסתן הגליל","33°00'26.6""N 35°13'15.1""E, בוסתן הגליל",yes,300 גרם - מסעדת בשרים כשרה,en,"33°00'26.6""N 35°13'15.1""E, Bustan HaGalil","33°00'26.6""N 35°13'15.1""E, Bustan HaGalil",no
2339,סיצליאנו,"דרך הגליל 49, סנטר הגליל, ראש פינה, Israel",Pizza Siciliano,"Derech HaGalil 46, Rosh Pina, Israel",ChIJK17TeBciHBUR-e8YoLyNHM4,פיצה סיציליאנו,iw,"דרך הגליל 46, ראש פינה","דרך הגליל 46, ראש פינה",yes,Pizza Siciliano,en,"Derech HaGalil 46, Rosh Pina","Derech HaGalil 46, Rosh Pina",no
2340,פלאפל נטו,"התמר 2, קניון דרכים יקנעם, Israel",Falafel Neto,"Ha-Tamar St 1, Yokne'am Illit, Israel",ChIJ5ZgXVL-uHRURGBR9eYcUDCA,פלאפל נטו,iw,"התמר 1, יוקנעם עילית","התמר 1, יוקנעם עילית",yes,Falafel Neto,en,"Ha-Tamar St 1, Yokne'am Illit","HaTamar 1, Yokne'am Illit",no
2345,בר בכרם,"חזון, Israel",בר בכרם,"68, Hazon, Israel",ChIJMwP4PcM7HBUREsCt9-TAWrQ,בר בכרם,iw,"68, חזון","68, חזון",yes,בר בכרם,iw,"68, Hazon","68, Hazon",no
2348,מוקפץ תאילנדי,"שד' הגעתון 28, נהריה, Israel",מוקפץ תאילנדי,"Sderot HaGa'aton 28, Nahariya, Israel",ChIJg_2q0VnOHRURXqFY5fq1dj0,מוקפץ תאילנדי,iw,"שדרות הגעתון 28, נהריה","שדרות הגעתון 28, נהריה",yes,מוקפץ תאילנדי,iw,"Sderot HaGa'aton 28, Nahariya","Sderot HaGa'aton 28, Nahariya",no
2353,קפה בורדו,"שד' הגעתון 42, נהריה, Israel",Bordo,"Sderot HaGa'aton 42, Nahariya, Israel",ChIJ_ydfB1fOHRUR30Kc6I5rBwg,מסעדת בורדו נהריה,iw,"שדרות הגעתון 42, נהריה","שדרות הגעתון 42, נהריה",yes,Bordo,en,"Sderot HaGa'aton 42, Nahariya","Sderot HaGa'aton 42, Nahariya",no
2354,Cofizz,"שד' ארלוזורוב 4, עפולה, Israel",Cofix,"Ha-Nasi Weizman St 2, Afula, Israel",ChIJc1pFQcNTHBURmO9E6ulZPXc,קופיקס עפולה,iw,"הנשיא וייצמן 2, עפולה","הנשיא וייצמן 2, עפולה",yes,Cofix,en,"Ha-Nasi Weizman St 2, Afula","Ha-Nasi Weizman 2, Afula",no
2359,דודא לפיצה,"הרצל 46, חיפה, Israel",Duda LaPizza,"Herzl St 46, Haifa, Israel",ChIJW_Ildk66HRUR60_fUqGMxhU,דודא לפיצה,iw,"הרצל 46, חיפה","הרצל 46, חיפה",yes,Duda LaPizza,en,"Herzl St 46, Haifa","Hertsel 46, Haifa",no
2360,מפגש הפלאפל אחי,"העליה השניה 20, בת גלים, חיפה, Israel",פלאפל אחי,"HaAliya HaShniya St 20, Haifa, Israel",ChIJh7h6LMW7HRURI_vDfkOG4uQ,פלאפל אחי,iw,"העלייה השנייה 20, חיפה","העלייה השנייה 20, חיפה",yes,פלאפל אחי,en,"HaAliya HaShniya St 20, Haifa","HaAliya HaShniya 20, Haifa",no
2365,פיצה פנורמה,"שער הלבנון 6, חיפה, Israel",Panorama Pizza,"Sha'ar ha-Levanon St 6, Haifa, Israel",ChIJ-5qyS6m7HRURe4Hyc3rCQl4,פיצה פנורמה,iw,"שער הלבנון 6, חיפה","שער הלבנון 6, חיפה",yes,Panorama Pizza,en,"Sha'ar ha-Levanon St 6, Haifa","Sha'ar HaLevanon 6, Haifa",no
2370,להבות בעמק גריל בר,"שלום עליכם 1, מגדל העמק, Israel",להבות בעמק מגדל העמק,"Shalom Aleichem St 1, Migdal HaEmek, Israel",ChIJP5IMqqFSHBURkKmhkJ2M1xE,להבות בעמק מגדל העמק,iw,"שלום עליכם 1, מגדל העמק","שלום עליכם 1, מגדל העמק",yes,להבות בעמק מגדל העמק,iw,"Shalom Aleichem St 1, Migdal HaEmek","Shalom Aleichem 1, Migdal HaEmek",no
2371,ג'פניקה,"דרך בר יהודה 111, צ'ק פוסט, חיפה, Israel",Japanika,"Israel bar Yehuda Road 111, Haifa, Israel",ChIJPTuqp3iwHRURz-YqsIecbx8,ג׳פניקה צ׳ק פוסט כשר | JAPANIKA CHECK POST KOSHER,iw,"דרך ישראל בר יהודה 111, חיפה","דרך ישראל בר יהודה 111, חיפה",yes,Japanika,en,"Israel bar Yehuda Road 111, Haifa","Israel bar Yehuda Road 111, Haifa",no
2380,חומוס אליהו,"תל חי 61, קריית שמונה, Israel",חומוס אליהו - קריית שמונה,"Tel Hai St 61, Qiryat Shemona, Israel",ChIJvSygL1e9HhURkozf9QzlFgg,חומוס אליהו - קריית שמונה,iw,"תל חי 61, קרית שמונה","תל חי 61, קרית שמונה",yes,חומוס אליהו - קריית שמונה,iw,"Tel Hai St 61, Qiryat Shemona","Tel Hai 61, Kiryat Shmona",no
2382,הפינה של אריק,"החלוץ 32, חיפה, Israel",Shawarma Arik,"HeHaluts St 32, Haifa, Israel",ChIJf5qApTm7HRURRGtZCXocZ1E,שווארמה אריק,iw,"החלוץ 32, חיפה","החלוץ 32, חיפה",yes,Shawarma Arik,en,"HeHaluts St 32, Haifa","HeHaluts 32, Haifa",no
2383,חומוס אליהו,"גשר הזיו, Israel",חומוס אליהו גשר הזיו (למהדרין),"תחנת דלק דור אלון, גשר הזיו, Israel",ChIJjThBRufRHRURjywfCDEs_Tc,חומוס אליהו גשר הזיו (למהדרין),iw,"תחנת דלק דור אלון, גשר הזיו","תחנת דלק דור אלון, גשר הזיו",yes,חומוס אליהו גשר הזיו (למהדרין),iw,"תחנת דלק דור אלון, גשר הזיו","תחנת דלק דור אלון, Gesher HaZiv",yes
2384,פיצה מרסלו,"ההגנה 1, קריית מוצקין, Israel",Pizza Marcelo,"Ha-Hagana St 1, Kiryat Motzkin, Israel",ChIJWSt30CG3HRURufqsi67te0c,ניקוי ספות קרית מוצקין מרסלו ניקוי שטיחים,iw,"ההגנה 1, קרית מוצקין","ההגנה 1, קרית מוצקין",yes,Pizza Marcelo,en,"Ha-Hagana St 1, Kiryat Motzkin","HaHagana 1, Kiryat Motskin",no
2386,מזליקה,"יהושפט 28, עכו העתיקה, Israel",פלאפל מזליקה-כשר למהדרין,"Yehoshafat St 28, Acre, Israel",ChIJeSYNpFbIHRURnMzzjz2c88Y,פלאפל מזליקה-כשר למהדרין,iw,"יהושפט 28, עכו","יהושפט 28, עכו",yes,פלאפל מזליקה-כשר למהדרין,iw,"Yehoshafat St 28, Acre","Yehoshafat 28, Akko",no
2389,אהבתי,"השיש 49, חיפה, Israel",אהבתי - אולם אירועים וקייטרינג,"HaShayish St 49, Haifa, Israel",ChIJD_eCjbewHRURlPJnZSVphdE,אהבתי - אולם אירועים וקייטרינג,iw,"השיש 49, חיפה","השיש 49, חיפה",yes,אהבתי - אולם אירועים וקייטרינג,iw,"HaShayish St 49, Haifa","HaShayish 49, Haifa",no
2394,פיצה מור,"הרצל 4, טירת כרמל, Israel",פיצה מור,"Herzel St 4, Tirat Carmel, Israel",ChIJc8tiDfulHRUR1L1OEsjvBj4,פיצה מור,iw,"הרצל 4, טירת כרמל","הרצל 4, טירת כרמל",yes,פיצה מור,iw,"Herzel St 4, Tirat Carmel","Herzel 4, Tirat Carmel",no
2397,פיצה עגבניה,"חורב 15, מרכז חורב, חיפה, Israel",פיצה עגבניה,"Khorev St 15, Haifa, Israel",ChIJ8XU_Cxm7HRURTwK9oGyzYUI,עגבניה,iw,"חורב 15, חיפה","חורב 15, חיפה",yes,פיצה עגבניה,en,"Khorev St 15, Haifa","Khorev 15, Haifa",no
2399,פיצה הום,"יהודה הלוי 1, ביג פאשן דנילוף טבריה, Israel",פיצה הום,"Yehuda Halevi St 1, Tiberias, Israel",ChIJ97IXyk8-HBUR3fJ0GCqcvhs,פיצה הום,iw,"יהודה הלוי 1, טבריה","יהודה הלוי 1, טבריה",yes,פיצה הום,iw,"Yehuda Halevi St 1, Tiberias","Yehuda Halevi 1, Tverya",no
2408,בארכה גריל בר,"אירית 2, נהריה, Israel",בארכה גריל בר נהריה,"Irit St 2, Nahariyya, Israel",ChIJz2ufFO_OHRURC4EA9Ac4EU4,בארכה גריל בר נהריה,iw,"אירית 2, נהריה","אירית 2, נהריה",yes,בארכה גריל בר נהריה,iw,"Irit St 2, Nahariyya","Irit 2, Nahariya",no
2409,cofix,"הגליל 3, טבריה, Israel",cofix,"HaGalil St 3, Tiberias, Israel",ChIJJ-65JEk-HBUR7jLI1MTloiA,קופיקס,iw,"הגליל 3, טבריה","הגליל 3, טבריה",yes,cofix,en,"HaGalil St 3, Tiberias","HaGalil 3, Tverya",no
2410,מאמה מיה,"הבנים 1, טבריה, Israel",Mama Mia,"מדרחוב הבנים 1, טבריה, Israel",ChIJEQhwp0k-HBURs1brNBpj9oA,מאמה מיה Mamma Mia,iw,"מדרחוב הבנים 1, טבריה","מדרחוב הבנים 1, טבריה",yes,Mama Mia,en,"מדרחוב הבנים 1, טבריה","מדרחוב הבנים 1, Tverya",yes
2411,פיצה בעמק,"רמת גבריאל 11, מגדל העמק, Israel",גלידה בעמק / פיצה העמק,"Ramat Yizra'el St 13, Migdal HaEmek, Israel",ChIJP1U7Mu1THBURKRyUufFJQuw,גלידה בעמק / פיצה העמק,iw,"רמת יזרעאל 13, מגדל העמק","רמת יזרעאל 13, מגדל העמק",yes,גלידה בעמק / פיצה העמק,iw,"Ramat Yizra'el St 13, Migdal HaEmek","Ramat Yizra'el 13, Migdal HaEmek",no
2413,אצה,"העמל 7, בית שאן, Israel",אצה סושי בר בית שאן,"Ha-Amal St 7, Beit She'an, Israel",ChIJYyHOlZheHBUR3n-lu4qCsjU,אצה סושי בר בית שאן,iw,"העמל 7, בית שאן","העמל 7, בית שאן",yes,אצה סושי בר בית שאן,en,"Ha-Amal St 7, Beit She'an","Ha'Amal 7, Beit She'an",no
2415,קייטרינג מטעמי הבית,"השיש 4, מגדל העמק, Israel",קייטרינג מטעמי הבית,"Ha-Shayish St 4, Migdal HaEmek, Israel",ChIJx8yAJZFSHBURGt77d8rFAtk,קייטרינג מטעמי הבית,iw,"השיש 4, מגדל העמק","השיש 4, מגדל העמק",yes,קייטרינג מטעמי הבית,iw,"Ha-Shayish St 4, Migdal HaEmek","HaShayish 4, Migdal HaEmek",no
2416,יעקב קבב,"העליה השניה 20, בת גלים, חיפה, Israel",Jacob kebab,"HaAliya HaShniya St 20, Haifa, Israel",ChIJvxUjLMW7HRURwMAo157n7FE,יעקב קבב,iw,"העלייה השנייה 20, חיפה","העלייה השנייה 20, חיפה",yes,Jacob kebab,en,"HaAliya HaShniya St 20, Haifa","HaAliya HaShniya 20, Haifa",no
2425,לחם ארז,"דרך שמחה גולן 54, גרנד קניון חיפה, Israel",Lehem-Erez,"עופר גרנד קניון, דרך שמחה גולן 54, חיפה, Israel",ChIJr0IvCfS6HRUR4RyylQFvtWI,לחם ארז,iw,"עופר גרנד קניון, דרך שמחה גולן 54, חיפה","עופר גרנד קניון, דרך שמחה גולן 54, חיפה",yes,Lehem-Erez,en,"עופר גרנד קניון, דרך שמחה גולן 54, חיפה","עופר גרנד קניון, Derech Simha Golan 54, Haifa",yes
2427,בורקס בכר העגלה,"פלימן משה 4, קניון חיפה, Israel",בורקס בכר,"עזריאלי חיפה, דרך משה פלימן 4, חיפה, 3508416, Israel",ChIJ91L2Nmi7HRUR7ql22CiaioA,בורקס בכר,iw,"עזריאלי חיפה, דרך משה פלימן 4, חיפה, 3508416","עזריאלי חיפה, דרך משה פלימן 4, חיפה",yes,בורקס בכר,iw,"עזריאלי חיפה, דרך משה פלימן 4, חיפה, 3508416","עזריאלי חיפה, Flieman 4, Haifa",yes
2435,פיצה מייקר,"סוקולוב 40, קרית אתא, Israel",פיצה מייקר,"Sokolov St 40, Kiryat Ata, Israel",ChIJb3iKyLe2HRURAEuU-qDIS9E,פיצה מייקר,iw,"סוקולוב 40, קרית אתא","סוקולוב 40, קרית אתא",yes,פיצה מייקר,iw,"Sokolov St 40, Kiryat Ata","Sokolow 40, Kiryat Ata",no
2437,דונסון,"חוחית 16, זכרון יעקב, Israel",פיצה דונסון,"Hohit St 16, Zikhron Ya'akov, Israel",ChIJl7PtF3cJHRURcFt_Fs3eZ4o,פיצה דונסון,iw,"חוחית 16, זכרון יעקב","חוחית 16, זכרון יעקב",yes,פיצה דונסון,iw,"Hohit St 16, Zikhron Ya'akov","Hohit 16, Zihron Ya'akov",no
2445,פיצה טו גו,"הרצל 66, נהריה, Israel",Pizza To Go,"Herzl St 66, Nahariyya, Israel",ChIJ3YEpUFjOHRUR0NTC7oewIfI,פיצה טו גו,iw,"הרצל 66, נהריה","הרצל 66, נהריה",yes,Pizza To Go,en,"Herzl St 66, Nahariyya","Hertsel 66, Nahariya",no
2446,"""משבעה""","הגליל 34, טבריה, Israel",גיא המשבעה,"HaGalil St 34, Tiberias, Israel",ChIJW1Wl2Es-HBURNcIqNmcaY54,גיא המשבעה,iw,"הגליל 34, טבריה","הגליל 34, טבריה",yes,גיא המשבעה,iw,"HaGalil St 34, Tiberias","HaGalil 34, Tverya",no
2448,פיצה דה לה קאזה,"ניצנים 39, מגדל העמק, Israel",דה לה קאזה,"קניון מרכז העמק, Nitsanim 45, Migdal HaEmek, Israel",ChIJm67Vfv1NHBUR0xIPVh22Fbk,דה לה קאזה,iw,"קניון מרכז העמק, ניצנים 45, מגדל העמק","קניון מרכז העמק, ניצנים 45, מגדל העמק",yes,דה לה קאזה,iw,"קניון מרכז העמק, Nitsanim 45, Migdal HaEmek","קניון מרכז העמק, Nitsanim 45, Migdal HaEmek",yes
2449,פלאפל בללי,"שלומי, Israel",Falafel Balali,"HaRav Uziel St 42, Shlomi, Israel",ChIJHQLtlsnTHRURinRiRrpbTms,פלאפל בללי,iw,"הרב עוזיאל 42, שלומי","הרב עוזיאל 42, שלומי",yes,Falafel Balali,en,"HaRav Uziel St 42, Shlomi","HaRav Uziel 42, Shlomi",no
2451,ברוניתא,"הנדיב 27, זכרון יעקב, Israel",Baronita,"Ha-Nadiv St 27, Zikhron Ya'akov, Israel",ChIJCZvBwoEJHRURZXfV41gHbK4,ברוניתא,iw,"הנדיב 27, זכרון יעקב","הנדיב 27, זכרון יעקב",yes,Baronita,en,"Ha-Nadiv St 27, Zikhron Ya'akov","HaNadiv 27, Zihron Ya'akov",no
2452,בורגרים,"ויצמן 63, נהריה, Israel",בורגרים נהריה- כשר בדץ בית יוסף,"Weizman St 63, Nahariyya, Israel",ChIJ2VmJnlfOHRURhDFq0ZQbMTA,בורגרים נהריה- כשר בדץ בית יוסף,iw,"וייצמן 63, נהריה","וייצמן 63, נהריה",yes,בורגרים נהריה- כשר בדץ בית יוסף,iw,"Weizman St 63, Nahariyya","Weizman 63, Nahariya",no
2454,מאפיית ברכת משה,"העצמאות 35, קרית אתא, Israel",Birkat-Moshe Bakery,"Ha-Atsma'ut St 35, Kiryat Ata, Israel",ChIJUVF3s8q2HRURkvr0VK5r8qM,מאפיית ברכת משה,iw,"העצמאות 35, קרית אתא","העצמאות 35, קרית אתא",yes,Birkat-Moshe Bakery,en,"Ha-Atsma'ut St 35, Kiryat Ata","Ha-Atsma'ut 35, Kiryat Ata",no
2460,חומוס אליהו כרמיאל,"היוצרים 7, כרמיאל, Israel",חומוסיות בכרמיאל,"Ha-Yotsrim St 7, Karmiel, Israel",ChIJ6-pfYmMxHBUR9aa427VtYsY,חומוסיות בכרמיאל,iw,"היוצרים 7, כרמיאל","היוצרים 7, כרמיאל",yes,חומוסיות בכרמיאל,iw,"Ha-Yotsrim St 7, Karmiel","HaYotsrim 7, Karmiel",no
2466,קפה בשדה,"שדה אליהו, Israel",קפה בשדה בית קפה כשר ארוחות בוקר וסלי פיקניק,"קפה בשדה, Sde Eliyahu, 1081000, Israel",ChIJUUiyDHtfHBURZt5jrcpKylc,קפה בשדה בית קפה כשר ארוחות בוקר וסלי פיקניק,iw,"קפה בשדה, שדה אליהו, 1081000","קפה בשדה, שדה אליהו",yes,קפה בשדה בית קפה כשר ארוחות בוקר וסלי פיקניק,iw,"קפה בשדה, Sde Eliyahu, 1081000","קפה בשדה, Sde Eliyahu",yes
2468,שמוליק'ס גריל בר,"התמר 4, יקנעם, Israel",שמוליק'ס,"Ha-Tamar St 4, Yokne'am Illit, Israel",ChIJKyfhnuivHRURH8Ry72Y4z-c,שמוליק'ס,iw,"התמר 4, יוקנעם עילית","התמר 4, יוקנעם עילית",yes,שמוליק'ס,iw,"Ha-Tamar St 4, Yokne'am Illit","HaTamar 4, Yokne'am Illit",no
2469,סטקיית אלפסי,"הגליל 16, טבריה, Israel",סטקיית אלפסי,"HaGalil St 16, Tiberias, Israel",ChIJcSvwIJg_HBURGDTOxaDML5o,סטקיית אלפסי,iw,"הגליל 16, טבריה","גן שמעון, הגליל 16, טבריה",yes,סטקיית אלפסי,iw,"HaGalil St 16, Tiberias","Shim'on Garden, HaGalil 16, Tverya",no
2470,ברברי,"העצמאות 82, קרית אתא, Israel",ברברי,"Ha-Atsma'ut St 82, Kiryat Ata, Israel",ChIJ_eii48m2HRUR7tgoE5S-6aM,ברברי,iw,"העצמאות 82, קרית אתא","העצמאות 82, קרית אתא",yes,ברברי,iw,"Ha-Atsma'ut St 82, Kiryat Ata","Ha-Atsma'ut 82, Kiryat Ata",no
2471,הבן של סימו,"תל חי 111, קריית שמונה, Israel",הבן של סימו מסעדת בשרים,"ת.ד 8716, Tel Hai 108, Kiryat Shmona, Israel",ChIJ49H-W1S9HhURYSYMrX8sDD0,הבן של סימו מסעדת בשרים,iw,"ת.ד 8716, תל חי 108, קרית שמונה","ת.ד 8716, תל חי 108, קרית שמונה",yes,הבן של סימו מסעדת בשרים,iw,"ת.ד 8716, Tel Hai 108, Kiryat Shmona","ת.ד 8716, Tel Hai 108, Kiryat Shmona",yes
2474,אורי נתחים קייטרינג בוטיק,"בן צבי 16, בית שאן, Israel",אורי נתחים קייטרינג בוטיק,"Ben Tsvi St 16, Beit She'an, Israel",ChIJfexRXuxeHBURdYvbMJmlpl4,אורי נתחים קייטרינג בוטיק,iw,"בן צבי 16, בית שאן","בן צבי 16, בית שאן",yes,אורי נתחים קייטרינג בוטיק,iw,"Ben Tsvi St 16, Beit She'an","Ben Tsvi 16, Beit She'an",no
2478,מירו בשרים,"העצמאות 27, קרית אתא, Israel",מירו גריל בשרים,"Ha-Atsma'ut St 60, Kiryat Ata, Israel",ChIJOSZMPKm3HRUR1AmDDLX_sqY,מירו גריל בשרים,iw,"העצמאות 60, קרית אתא","העצמאות 60, קרית אתא",yes,מירו גריל בשרים,iw,"Ha-Atsma'ut St 60, Kiryat Ata","Ha-Atsma'ut 60, Kiryat Ata",no
2480,קולינאריק,"חורב 15, מרכז חורב, חיפה, Israel",קולינריק - Kulinarik - מעדניית בוטיק - אוכל מוכן,"Khorev St 15, Haifa, Israel",ChIJ1XEaTSi7HRURhKBX06InvKc,קולינריק - Kulinarik - מעדניית בוטיק - אוכל מוכן,iw,"חורב 15, חיפה","חורב 15, חיפה",yes,קולינריק - Kulinarik - מעדניית בוטיק - אוכל מוכן,iw,"Khorev St 15, Haifa","Khorev 15, Haifa",no
2481,שווארמת פרימי,"בן עמי 16, עכו העתיקה, Israel",שווארמת פרימי,"Ben Ami St 16, Acre, Israel",ChIJEzZdTlfIHRURjEjOpDKX0IY,שווארמת פרימי,iw,"בן עמי 16, עכו","בן עמי 16, עכו",yes,שווארמת פרימי,iw,"Ben Ami St 16, Acre","Ben Ami 16, Akko",no
2482,פיצה מיכאל אנג'לו אחוזת ברק (עפולה),"שושנים 6, אחוזת ברק, Israel",פיצה מיכאלאנג'לו,"Shoshanim St 6, Ahuzat Barak, Israel",ChIJM5QfKtFRHBURRiCx4BulWJ0,פיצה מיכאלאנג'לו,iw,"שושנים 6, אחוזת ברק","שושנים 6, אחוזת ברק",yes,פיצה מיכאלאנג'לו,iw,"Shoshanim St 6, Ahuzat Barak","Shoshanim 6, Ahuzat Barak",no
2485,גיליס,"נוב, Israel","Gillis - Beit Midrash meat, Golan Heights",Nov 1292100,ChIJzbv5BncFHBUR4PCX3mqX9AQ,"גיליס - בית מדרש לבשר, רמת הגולן",iw,נוב 1292100,נוב,yes,"Gillis - Beit Midrash meat, Golan Heights",en,Nov 1292100,נוב,no
2487,פיצה בכיכר,"ככר העצמאות 9, עפולה, Israel",פיצה בכיכר,"Kikar HaAtsmaut, Afula, Israel",ChIJ2c_WCWpTHBURnCl650buozE,פיצה בכיכר,iw,"כיכר העצמאות, עפולה","כיכר העצמאות, עפולה",yes,פיצה בכיכר,iw,"Kikar HaAtsmaut, Afula","Kikar HaAtsmaut, Afula",no
2493,פיצה טרמינל,"אילנות 1, כרמל מערבי, חיפה, Israel",פיצה טרמינל,"Ilanot St 1, Haifa, Israel",ChIJcT4_FaG7HRURWqb1EZ-FwTM,פיצה טרמינל,iw,"אילנות 1, חיפה","אילנות 1, חיפה",yes,פיצה טרמינל,en,"Ilanot St 1, Haifa","Ilanot 1, Haifa",no
2494,סחבק,"שד' הגעתון 20, נהריה, Israel",פיצה סחבק,"Sderot HaGa'aton 20, Nahariya, Israel",ChIJT9lcyTvPHRURdJ_8S2nA5xA,פיצה סחבק,iw,"שדרות הגעתון 20, נהריה","שדרות הגעתון 20, נהריה",yes,פיצה סחבק,iw,"Sderot HaGa'aton 20, Nahariya","Sderot HaGa'aton 20, Nahariya",no
2500,קונדיטוריה שני,"דרך החרושת 2, עכו, Israel",קונדיטוריית שני עכו,"HaHaroshet St 2, Acre, Israel",ChIJ8WliZZXJHRURpuQIuPnA4AI,קונדיטוריית שני עכו,iw,"החרושת 2, עכו","החרושת 2, עכו",yes,קונדיטוריית שני עכו,iw,"HaHaroshet St 2, Acre","HaHaroshet 2, Akko",no
2503,אצל אמנוני,"החרושת 11, כרמיאל, Israel",אצל אמנוני,"Ha-Kharoshet St 11, Karmiel, Israel",ChIJ_cseYXExHBURxaq7thPzuWg,אצל אמנוני,iw,"החרושת 11, כרמיאל","החרושת 11, כרמיאל",yes,אצל אמנוני,iw,"Ha-Kharoshet St 11, Karmiel","HaHaroshet 11, Karmiel",no
2508,השניצליה,"דרך הגליל 1, ראש פינה, Israel",השניצליה - ראש פינה,"Derech HaGalil, Rosh Pina, Israel",ChIJSatep0YjHBURDYaV7MuJBA8,השניצליה - ראש פינה,iw,"דרך הגליל, ראש פינה","דרך הגליל, ראש פינה",yes,השניצליה - ראש פינה,iw,"Derech HaGalil, Rosh Pina","Derech HaGalil, Rosh Pina",no
2513,קונדיטוריה שני,"שד' טרומפלדור 29, חיפה, Israel",Shany Bakery,"Sderot Trumpeldor 29, Haifa, Israel",ChIJZyLEzYy6HRUR6uUaercWxy4,קונדיטוריית שני,iw,"שדרות טרומפלדור 29, חיפה","שדרות טרומפלדור 29, חיפה",yes,Shany Bakery,en,"Sderot Trumpeldor 29, Haifa","Sderot Trumpeldor 29, Haifa",no
2515,סנדוויץ' מאמא,"הפלמ""ח 25, כרמיאל, Israel",סנדביץ מאמא,"Ha-Palmakh St 25, Karmiel, Israel",ChIJS4yhSfUzHBURdh8zO010dfI,סנדביץ מאמא,iw,"הפלמ""ח 25, כרמיאל","הפלמ""ח 25, כרמיאל",yes,סנדביץ מאמא,iw,"Ha-Palmakh St 25, Karmiel","HaPalmach 25, Karmiel",no
2516,פיצה אמאזונס,"גדליהו 6, חיפה, Israel",Amazonas,"Gdalyahu St 6, Haifa, Israel",ChIJuS6zev27HRURxuM1Ri_XFng,אמאזונס,iw,"גדליהו 6, חיפה","גדליהו 6, חיפה",yes,Amazonas,en,"Gdalyahu St 6, Haifa","Gedaliahu 6, Haifa",no
2517,ג'אפן ג'אפן,"יהודה הלוי 1, ביג פאשן דנילוף טבריה, Israel",Japan Japan,"Yehuda Halevi St 1, Tiberias, Israel",ChIJ1ZDptU8-HBUROES-SfmEmGY,ג'אפן ג'אפן - Japan Japan טבריה,iw,"יהודה הלוי 1, טבריה","יהודה הלוי 1, טבריה",yes,Japan Japan,en,"Yehuda Halevi St 1, Tiberias","Yehuda Halevi 1, Tverya",no
2520,סטיישן סנדביץ' קלאב-STATION SANDWICH CLUB,"דרך שמחה גולן 54, גרנד קניון חיפה, Israel",סנדוויץ' סטיישן חיפה,"Derech Simha Golan 54, Haifa, Israel",ChIJAQAAL_e6HRURjh7I-2NJcwE,סנדוויץ' סטיישן חיפה,en,"דרך שמחה גולן 54, חיפה","דרך שמחה גולן 54, חיפה",yes,סנדוויץ' סטיישן חיפה,en,"Derech Simha Golan 54, Haifa","Derech Simha Golan 54, Haifa",no
2524,זסטי,"שד' קק""ל 92, כרמיאל, Israel",זסטי כרמיאל,"Sderot Kakal 92, Karmiel, 2195102, Israel",ChIJQc70gPozHBURLIJdTYCmUfQ,זסטי כרמיאל,iw,"שדרות קק""ל 92, כרמיאל, 2195102","שדרות קק""ל 92, כרמיאל",yes,זסטי כרמיאל,iw,"Sderot Kakal 92, Karmiel, 2195102","Sderot Kakal 92, Karmiel",no
2531,מאור השמן,"מרכז צבי, קניון נחמיה, קריית שמונה, Israel",מאור השמן קייטרינג ובישולים - קייטרינג בקריית שמונה,"David Selinger St 4, Qiryat Shemona, 1103218, Israel",ChIJES6N9Ge9HhURLx1o3MtrAXo,מאור השמן קייטרינג ובישולים - קייטרינג בקריית שמונה,iw,"דוד סלינג'ר 4, קרית שמונה, 1103218","דוד סלינג'ר 4, קרית שמונה",yes,מאור השמן קייטרינג ובישולים - קייטרינג בקריית שמונה,iw,"David Selinger St 4, Qiryat Shemona, 1103218","David Salinger 4, Kiryat Shmona",no
2537,הוט HOT פיצה,"גן נר, Israel",Hot pizza - Gan Ner,"Shaked St, Gan Ner, Israel",ChIJD8GzxFlWHBURt9_g1jpGE2M,הוט פיצה - גן נר,iw,"שקד, גן נר","שקד, גן נר",yes,Hot pizza - Gan Ner,en,"Shaked St, Gan Ner","Shaked, Gan Ner",no
2545,שניצל 20 טעמים,"מעלה כמון 5, כרמיאל, Israel",שניצל 20 טעמים,"Ma'ale Kamon St 5, Karmiel, Israel",ChIJefd-6woxHBURLAlDOdDp9U4,שניצל 20 טעמים,en,"מעלה כמון 5, כרמיאל","מעלה כמון 5, כרמיאל",yes,שניצל 20 טעמים,en,"Ma'ale Kamon St 5, Karmiel","Ma'ale Kamon 5, Karmiel",no
2547,"יש פה פיצה, נהריה","שד' הגעתון 35, נהריה, Israel",יש פה פיצה,"Sderot HaGa'aton 35, Nahariya, Israel",ChIJx5WnyOHOHRURfDjclH59Rj0,יש פה פיצה,iw,"שדרות הגעתון 35, נהריה","שדרות הגעתון 35, נהריה",yes,יש פה פיצה,iw,"Sderot HaGa'aton 35, Nahariya","Sderot HaGa'aton 35, Nahariya",no
2548,פלאפל גולני,"הנשיא ויצמן 6, עפולה, Israel",Golani Falafel,"Ha-Nasi Weizman St 6, Afula, Israel",ChIJr2jpZxNTHBURA-mfBnUHCbI,מפגש פלאפל גולני,iw,"הנשיא וייצמן 6, עפולה","הנשיא וייצמן 6, עפולה",yes,Golani Falafel,en,"Ha-Nasi Weizman St 6, Afula","Ha-Nasi Weizman 6, Afula",no
2549,הסביח המקורי,"השוק 24, עפולה, Israel",הסביח עפולה,"HaShuk St 1-9, Afula, Israel",ChIJvz8E4NxTHBURSrgfhLKxAGY,הסביח עפולה,en,"השוק 1-9, עפולה","השוק 1-9, עפולה",yes,הסביח עפולה,en,"HaShuk St 1-9, Afula","HaShuk 1-9, Afula",no
2560,פיצה עידו,"ירושלים 27, עפולה, Israel",Pizza Ido,"Yerushalayim St 27, Afula, 1825127, Israel",ChIJf1oM38VTHBURXyYl71JtACM,פיצה עידו עפולה,iw,"ירושלים 27, עפולה, 1825127","ירושלים 27, עפולה",yes,Pizza Ido,en,"Yerushalayim St 27, Afula, 1825127","Yerushalayim 27, Afula",no
2562,"מאפית אגמי (נהמא) בע""מ","התמר 2, קניון דרכים יקנעם, Israel",Agami Bakery,"Ha-Tamar St 2, Yokne'am Illit, Israel",ChIJ1V_sqsCuHRUR3DkQXzUk0-0,אגמי,iw,"התמר 2, יוקנעם עילית","התמר 2, יוקנעם עילית",yes,Agami Bakery,en,"Ha-Tamar St 2, Yokne'am Illit","HaTamar 2, Yokne'am Illit",no
2564,מאפיית ברכת משה,"הנשיא ויצמן 17, עפולה, Israel",Birkat Moshe Bakery,"Ha-Nasi Weizman St 17, Afula, Israel",ChIJF0pJhsNTHBURau404pYkW4s,מאפיית ברכת משה (כשרות העדה החרדית),iw,"הנשיא וייצמן 17, עפולה","הנשיא וייצמן 17, עפולה",yes,Birkat Moshe Bakery,en,"Ha-Nasi Weizman St 17, Afula","Ha-Nasi Weizman 17, Afula",no
2565,סנדוויץ בר אור,"שפירא משה 26, עכו, Israel",סנדוויץ בר אור,"Chaim Moshe Shapira St 26, Acre, Israel",ChIJ_XQ6DUrJHRURBAlVRUCS7H4,סנדוויץ בר אור,iw,"חיים משה שפירא 26, עכו","חיים משה שפירא 26, עכו",yes,סנדוויץ בר אור,iw,"Chaim Moshe Shapira St 26, Acre","Chaim Moshe Shapira 26, Akko",no
2571,פאפא פיצה,"שד' קק""ל 92, כרמיאל, Israel",פאפא פיצה,"Sderot Kakal 92, Karmiel, Israel",ChIJF-ExlfozHBURqH7DqLnvCfc,פאפא פיצה,iw,"שדרות קק""ל 92, כרמיאל","שדרות קק""ל 92, כרמיאל",yes,פאפא פיצה,iw,"Sderot Kakal 92, Karmiel","Sderot Kakal 92, Karmiel",no
2572,פיקולו לה קאסה Piccolo la Casa,"אנפה 7, שלומי, Israel",פיקולו לה קאסה Piccolo La Casa,"Anafa St 7, Shlomi, Israel",ChIJD8ZjMr_THRURjPi4215xHWs,פיקולו לה קאסה Piccolo La Casa,iw,"אנפה 7, שלומי","אנפה 7, שלומי",yes,פיקולו לה קאסה Piccolo La Casa,iw,"Anafa St 7, Shlomi","Anafa 7, Shlomi",no
2575,בורגרים,"יהודה הלוי 4, טבריה, Israel","בורגרים טבריה, כשר בד""צ בית יוסף","Yehuda Halevi St 4, Tiberias, Israel",ChIJdbjnLU4-HBURKi7IBl3DT7U,"בורגרים טבריה, כשר בד""צ בית יוסף",iw,"יהודה הלוי 4, טבריה","יהודה הלוי 4, טבריה",yes,"בורגרים טבריה, כשר בד""צ בית יוסף",iw,"Yehuda Halevi St 4, Tiberias","Yehuda Halevi 4, Tverya",no
2580,ארקפה,"הרקיע 1, קיסריה, Israel",ארקפה קיסריה Arcaffe Caesarea,"ונוס קיסריה, Ha-Rakia St 1, Caesarea, 3070216, Israel",ChIJAXd8r5gNHRURoQCgzhBeBL0,ארקפה קיסריה Arcaffe Caesarea,iw,"C Center, הרקיע 1, קיסריה, 3070216","C Center, הרקיע 1, קיסריה",yes,ארקפה קיסריה Arcaffe Caesarea,iw,"ונוס קיסריה, Ha-Rakia St 1, Caesarea, 3070216","ונוס קיסריה, Ha-Rakia 1, Keisarya",yes
2584,טעמים גם על האש,"אתגר 2, טירת כרמל, Israel",טעמים גם על האש,"Etgar St 2, Tirat Carmel, Israel",ChIJ4_mIB0y7HRURO4OTQl1VIrc,טעמים גם על האש,iw,"אתגר 2, טירת כרמל","אתגר 2, טירת כרמל",yes,טעמים גם על האש,iw,"Etgar St 2, Tirat Carmel","Etgar 2, Tirat Carmel",no
2588,עתיקה שותים אוכלים,"העמקים 1, קריית ביאליק, Israel",Atika,"Ha-Amakim St 1, Kiryat Bialik, Israel",ChIJz7CZUim3HRUR0zOkdAor_6o,עתיקה,iw,"העמקים 1, קריית ביאליק","העמקים 1, קריית ביאליק",yes,Atika,en,"Ha-Amakim St 1, Kiryat Bialik","Ha-Amakim 1, Kiryat Bialik",no
2592,המאסטרו פיצרייה,"דרך העמק 16, מגדל העמק, Israel",המאסטרו פיצה במגדל העמק,"Derech HaEmek 16, Migdal HaEmek, Israel",ChIJVVWV35hSHBURXr7DCZOGVBw,המאסטרו פיצה במגדל העמק,iw,"דרך העמק 16, מגדל העמק","דרך העמק 16, מגדל העמק",yes,המאסטרו פיצה במגדל העמק,iw,"Derech HaEmek 16, Migdal HaEmek","Derech HaEmek 16, Migdal HaEmek",no
2597,בונז'ור בן עמי,"ירושלים הבירה 34, בית שאן, Israel",בונז'ור בן עמי,"Yerushalayim ha-Bira St 34, Beit She'an, Israel",ChIJL7AYV8JeHBURMM2o1tpBJ7A,בונז'ור בן עמי,iw,"ירושלים הבירה 34, בית שאן","ירושלים הבירה 34, בית שאן",yes,בונז'ור בן עמי,iw,"Yerushalayim ha-Bira St 34, Beit She'an","Yerushalayim HaBira 34, Beit She'an",no
2598,גולד בורגר,"דרך הארבעה 35, עכו העתיקה, Israel",גולד בורגר,"Derech HaArba'a 35, Akko, Israel",ChIJ9yLCTFTIHRURIKkf6rmlKPg,גולד בורגר,iw,"דרך הארבעה 35, עכו","דרך הארבעה 35, עכו",yes,גולד בורגר,iw,"Derech HaArba'a 35, Akko","Derech HaArba'a 35, Akko",no
2603,אבי רוזמרי,"קרן היסוד 8, קריית ביאליק, Israel",Rosmari,"Keren ha-Yesod St 8, Kiryat Bialik, Israel",ChIJQ5or5t-2HRURVenXadsD3q8,רוזמרי,iw,"קרן היסוד 8, קריית ביאליק","קרן היסוד 8, קריית ביאליק",yes,Rosmari,en,"Keren ha-Yesod St 8, Kiryat Bialik","Keren HaYesod 8, Kiryat Bialik",no
2611,נאפוליון,"אריה דושינסקי 1, עכו, Israel",נאפוליון Napolion,"דושניצקי 1 ( מול, מתחם המסילה, Motta Gur, Akko, Israel",ChIJ7VKGgqDJHRURL4igdcvCq8A,נאפוליון Napolion,iw,"דושניצקי 1 ( מול, מתחם המסילה, מוטה גור, עכו","מתחם המסילה, דושניצקי 1 ( מול, מוטה גור, עכו",yes,נאפוליון Napolion,iw,"דושניצקי 1 ( מול, מתחם המסילה, Motta Gur, Akko","מתחם המסילה, דושניצקי 1 ( מול, Motta Gur, Akko",yes
2612,העוגה,"הרצל 14, חיפה, Israel",העוגה קונדיטוריה,"Herzl St 14, Haifa, Israel",ChIJm4Kd9527HRURY5J2-qd_8QU,העוגה קונדיטוריה,en,"הרצל 14, חיפה","הרצל 14, חיפה",yes,העוגה קונדיטוריה,en,"Herzl St 14, Haifa","Hertsel 14, Haifa",no
2614,קייטרינג אזולאי,"קריית שמונה, Israel",Catering Azoulay,"Tel Khai St., קרית שמונה, Israel",ChIJO7OtEFS9HhURw5jf1LhIlLk,קייטרינג אזולאי,iw,"Tel Khai St., קרית שמונה","Tel Khai St., קרית שמונה",yes,Catering Azoulay,en,"Tel Khai St., קרית שמונה","Tel Khai St., Kiryat Shmona",yes
2618,דה וינצ'י,"הגולן 2, נהריה, Israel",פיצה דה וינצי,"HaGolan St 2, Nahariyya, Israel",ChIJvViMOGfOHRUR4e0kApvv55c,דה וינצי,iw,"הגולן 2, נהריה","הגולן 2, נהריה",yes,פיצה דה וינצי,en,"HaGolan St 2, Nahariyya","HaGolan 2, Nahariya",no
2620,נפגש אצל אילן,"הירדן 12, טבריה, Israel",פלאפל שווארמה בטבריה || נפגש אצל אילן,"Ha-Yarden St, Tiberias, Israel",ChIJzen6a2w_HBURW3zX8iOIV5k,פלאפל שווארמה בטבריה || נפגש אצל אילן,iw,"הירדן, טבריה","גן שמעון, הירדן, טבריה",yes,פלאפל שווארמה בטבריה || נפגש אצל אילן,iw,"Ha-Yarden St, Tiberias","Shim'on Garden, HaYarden, Tverya",no
2622,פיצה האט,"הנדיב 26, זכרון יעקב, Israel",Pizza Hut,"Ha-Nadiv St 26, Zikhron Ya'akov, Israel",ChIJh27Q7oEJHRURUYFG_2Xu4Ng,פיצה האט - זכרון יעקב,iw,"הנדיב 26, זכרון יעקב","הנדיב 26, זכרון יעקב",yes,Pizza Hut,en,"Ha-Nadiv St 26, Zikhron Ya'akov","HaNadiv 26, Zihron Ya'akov",no
2625,מנדרין,"שד' ההסתדרות 55, קניון סינמול, חיפה, Israel",קפה מנדרין,"HaHistadrut Ave 55, Haifa, Israel",ChIJk7z6XXi6HRURcFyWq6Ux5IY,מנדרין סינמול,iw,"שדרות ההסתדרות 55, חיפה","שדרות ההסתדרות 55, חיפה",yes,קפה מנדרין,en,"HaHistadrut Ave 55, Haifa","Sderot HaHistadrut 55, Haifa",no
2629,שרונה-קונדיטוריה,"ספיר 1, כפר חושן, Israel",שרונה קונדיטוריה ובית קפה,"Sapir St 1, Kfar Hoshen, Israel",ChIJ8UF6k34nHBUR0-BkKuHXl4E,שרונה קונדיטוריה ובית קפה,iw,"ספיר 1, ספסופה","ספיר 1, ספסופה",yes,שרונה קונדיטוריה ובית קפה,iw,"Sapir St 1, Kfar Hoshen","Sapir 1, Safsufa",no
2634,"אוכלים ב""רון""","רחוב, Israel",אוכלים ברון,"רחוב 19, Rehov, 10915, Israel",ChIJeTuS11tfHBURaXdr05WN2HU,אוכלים ברון,iw,"רחוב 19, רחוב, 10915","רחוב 19, רחוב",yes,אוכלים ברון,iw,"רחוב 19, Rehov, 10915","רחוב 19, Rehov",yes
2637,מוטה טורטיה רול בר,"יהושע חנקין 9, עפולה, Israel",Mota Bar,"Joshua Hankin St 9, Afula, Israel",ChIJycYfTBlTHBURMDfCW8qBa_k,מוטה טורטיה בר,iw,"יהושע חנקין 9, עפולה","יהושע חנקין 9, עפולה",yes,Mota Bar,en,"Joshua Hankin St 9, Afula","Joshua Hankin 9, Afula",no
2638,הרופטופ של עכותיקה,"רח' 10 31, עכו, Israel",מסעדת רופטופ עכותיקה,"עיר עתיקה 10, בית 31, Akko, 2471613, Israel",ChIJd8K7TvfJHRURBtdrMKb_glo,מסעדת רופטופ עכותיקה,iw,"עיר עתיקה 10, בית 31, עכו, 2471613","עיר עתיקה 10, בית 31, עכו",yes,מסעדת רופטופ עכותיקה,iw,"עיר עתיקה 10, בית 31, Akko, 2471613","עיר עתיקה 10, בית 31, Akko",yes
2639,חומוס פלאפל נ נח,"הגליל 100, חיפה, Israel",חומוס פלאפל נ נח,"HaGalil St 100, Haifa, Israel",ChIJmfWIsYu6HRURAdNpPRb6tSg,חומוס ופלאפל נ נח,iw,"הגליל 100, חיפה","הגליל 100, חיפה",yes,חומוס פלאפל נ נח,en,"HaGalil St 100, Haifa","HaGalil 100, Haifa",no
2640,קפה מהדרין,"המייסדים 56, זכרון יעקב, Israel",קפה מהדרין,"Ha-Meyasdim St 56, Zikhron Ya'akov, Israel",ChIJC4pt14EJHRURgsrZiZOXzgU,קפה מהדרין,iw,"המייסדים 56, זכרון יעקב","המייסדים 56, זכרון יעקב",yes,קפה מהדרין,iw,"Ha-Meyasdim St 56, Zikhron Ya'akov","HaMeyasedim 56, Zihron Ya'akov",no
2645,שווארמה פינטו,"העצמאות 17, עכו העתיקה, Israel",שווארמה פינטו,"HaAtsmaut St 17, Acre, Israel",ChIJmaJHQWnJHRUROHvHVkx16iY,שווארמה פינטו,iw,"העצמאות 17, עכו","העצמאות 17, עכו",yes,שווארמה פינטו,iw,"HaAtsmaut St 17, Acre","HaAtsmaut 17, Akko",no
2647,התבשילים של סיגל,"שד' הגעתון 32, נהריה, Israel",Sigal's Homemade Takeaway Meals and Diner,"Sderot HaGa'aton 32, Nahariya, 2240102, Israel",ChIJL0Up0EPPHRURnsmb8rLV6z8,התבשילים של סיגל,iw,"שדרות הגעתון 32, נהריה, 2240102","שדרות הגעתון 32, נהריה",yes,Sigal's Homemade Takeaway Meals and Diner,en,"Sderot HaGa'aton 32, Nahariya, 2240102","Sderot HaGa'aton 32, Nahariya",no
2649,שווארמה ג'יבלי,"דרך יפו 134, חיפה, Israel",Jibli,"Jaffa Road 135, Haifa, Israel",ChIJhRREwM67HRURwLmGxUh-gAk,שווארמה ג'יבלי,iw,"דרך יפו 135, חיפה","דרך יפו 135, חיפה",yes,Jibli,en,"Jaffa Road 135, Haifa","Jaffa Road 135, Haifa",no
2651,מיטבלים,"ראש פינה, Israel",Restaurant Meatbalim,"Derech HaGalil, Rosh Pina, 1201074, Israel",ChIJcxDlcBkiHBURNHB07RpNwEw,מסעדת ארץ כנען,iw,"דרך הגליל, ראש פינה, 1201074","דרך הגליל, ראש פינה",yes,Restaurant Meatbalim,en,"Derech HaGalil, Rosh Pina, 1201074","Derech HaGalil, Rosh Pina",no
2653,מסעדת רם,"דקר 5, קריית מוצקין, Israel",מסעדת רם,"Dakar St 5, Kiryat Motzkin, Israel",ChIJB95t-By3HRURQRUquyTqfuA,מסעדת רם,iw,"דקר 5, קרית מוצקין","דקר 5, קרית מוצקין",yes,מסעדת רם,iw,"Dakar St 5, Kiryat Motzkin","Dakar 5, Kiryat Motskin",no
2655,קייטרינג ספיר,"כרמיאל, Israel",ספיר קייטרינג,"HaMasger St, Karmiel, Israel",ChIJX2jMyhgxHBURXATO8yTEqP0,ספיר קייטרינג,iw,"המסגר, כרמיאל","המסגר, כרמיאל",yes,ספיר קייטרינג,iw,"HaMasger St, Karmiel","HaMasger, Karmiel",no
2660,Ten burgers,"הרצל 45, בית שאן, Israel",Ten Burgers,"Herzl St 45, Beit She'an, Israel",ChIJ_7FRhr9eHBURjPH7tTJy3uY,Ten Burgers,en,"הרצל 45, בית שאן","הרצל 45, בית שאן",yes,Ten Burgers,en,"Herzl St 45, Beit She'an","Hertsel 45, Beit She'an",no
2663,אדיס פיצה- Eddis Pizza,"גבעת אבני, Israel",פיצה אדיס - Eddi's Pizza,"מתחם מסחרי חדש, Giv'at Avni, 1522700, Israel",ChIJC_eQNgE5HBURw5aG6xo8PPU,פיצה אדיס - Eddi's Pizza,iw,"מתחם מסחרי חדש, גבעת אבני, 1522700","מתחם מסחרי חדש, גבעת אבני",yes,פיצה אדיס - Eddi's Pizza,iw,"מתחם מסחרי חדש, Giv'at Avni, 1522700","מתחם מסחרי חדש, Giv'at Avni",yes
2670,cofix,"מורד הגיא 100, קניון לב כרמיאל, Israel",cofix - כרמיאל,"Morad ha-Gai St 98-100, Karmiel, Israel",ChIJYZrv-fozHBURHxFa0fpZBvU,"קופיקס, כרמיאל",iw,"מורד הגיא 98-100, כרמיאל","מורד הגיא 98-100, כרמיאל",yes,cofix - כרמיאל,en,"Morad ha-Gai St 98-100, Karmiel","Morad HaGai 98-100, Karmiel",no
2674,פיצה פדאל,"התמר 4, יקנעם, Israel",פיצה פדאל יקנעם,"Ha-Tamar St 4, Yokne'am Illit, Israel",ChIJBcCfWPOvHRURsN0-2RLpDbY,פיצה פדאל יקנעם,iw,"התמר 4, יוקנעם עילית","התמר 4, יוקנעם עילית",yes,פיצה פדאל יקנעם,iw,"Ha-Tamar St 4, Yokne'am Illit","HaTamar 4, Yokne'am Illit",no
2675,פיצה האט,"העמל 7, בית שאן, Israel",Pizza Hut,"מרכז צים בית שאן, Beit She'an, Israel",ChIJt40mf5heHBURu4CymsuO5wk,פיצה האט - בית שאן,iw,"מרכז צים בית שאן, בית שאן","מרכז צים בית שאן, בית שאן",yes,Pizza Hut,en,"מרכז צים בית שאן, Beit She'an","מרכז צים בית שאן, Beit She'an",yes
2678,פיצה אמיגוס,"הרצל 39, טירת כרמל, Israel",Amigos Pizza,"לב העיר, הרצל 39, טירת כרמל, Israel",ChIJwVgcgLWkHRURVYBlET9jS5g,פיצה אמיגוס,iw,"לב העיר, הרצל 39, טירת כרמל","לב העיר, הרצל 39, טירת כרמל",yes,Amigos Pizza,en,"לב העיר, הרצל 39, טירת כרמל","לב העיר, Herzel 39, Tirat Carmel",yes
2680,גיוונים,"נחשולים, Israel",פיצה וחומוס + סלטים בריאים - מטבח גיוונים בנחשולים,"קיבוץ נחשולים - ד.נ. חוף הכרמל - מיקוד 3081500, Nahsholim, 3081500, Israel",ChIJyRMj8nEKHRUR0cDvHz1MnW8,פיצה וחומוס + סלטים בריאים - מטבח גיוונים בנחשולים,iw,"קיבוץ נחשולים - ד.נ. חוף הכרמל - מיקוד 3081500, נחשולים, 3081500","קיבוץ נחשולים - ד.נ. חוף הכרמל - מיקוד 3081500, נחשולים",yes,פיצה וחומוס + סלטים בריאים - מטבח גיוונים בנחשולים,iw,"קיבוץ נחשולים - ד.נ. חוף הכרמל - מיקוד 3081500, Nahsholim, 3081500","קיבוץ נחשולים - ד.נ. חוף הכרמל - מיקוד 3081500, Nahsholim",yes
2683,התרנגול,"יהודה הלוי 19, עכו, Israel",התרנגול שניצל בעכו,"Yehuda Halevi St 19, Acre, Israel",ChIJWRVyJa3JHRURVujop2bMjoQ,התרנגול שניצל בעכו,iw,"יהודה הלוי 19, עכו","יהודה הלוי 19, עכו",yes,התרנגול שניצל בעכו,iw,"Yehuda Halevi St 19, Acre","Yehuda Halevi 19, Akko",no
2685,מלך השניצל,"אלחדיף 5, טבריה, Israel",מלך השניצל,"פינת הירדן, Al Hadif St 1, Tiberias, Israel",ChIJF6OsGZc_HBURyWxgklT9x7A,מלך השניצל,en,"פינת הירדן, Al Hadif St 1, Tiberias","פינת הירדן, אלחדיף 1, טבריה",yes,מלך השניצל,en,"פינת הירדן, Al Hadif St 1, Tiberias","פינת הירדן, Al Hadif 1, Tverya",yes
2687,באגט ניר,"אלחדיף 3, טבריה, Israel",באגט ניר טבריה,"Al Hadif St 5, Tiberias, Israel",ChIJR511ZkU-HBURzy6LJNoQTw0,באגט ניר,iw,"אלחדיף 5, טבריה","אלחדיף 5, טבריה",yes,באגט ניר טבריה,en,"Al Hadif St 5, Tiberias","Al Hadif 5, Tverya",no
2691,קפה בוביס,"שלמה בן יוסף 6, חיפה, Israel",קפה בוביס,"Shlomo Ben Yosef St 6, Haifa, Israel",ChIJl0lkr326HRURtC5r9c-nRA0,קפה בוביס,iw,"שלמה בן יוסף 6, חיפה","שלמה בן יוסף 6, חיפה",yes,קפה בוביס,iw,"Shlomo Ben Yosef St 6, Haifa","Shlomo Ben Yosef 6, Haifa",no
2692,ברוקלין 17,"חיפה, Israel",Brooklyn 17 - Pizza Bar ברוקלין 17 - פיצה בר,"Moriah Ave 29, Haifa, 3457510, Israel",ChIJfUeUAny7HRURcOtBZCczg7E,ברוקלין 17 - פיצה בר,iw,"שדרות מוריה 29, חיפה, 3457510","שדרות מוריה 29, חיפה",yes,Brooklyn 17 - Pizza Bar ברוקלין 17 - פיצה בר,en,"Moriah Ave 29, Haifa, 3457510","Sderot Moriah 29, Haifa",no
2695,מלך ההמבורגר,"שדרות גושן 29, קריית מוצקין, Israel",מלך ההמבורגר קרית מוצקין,"Moshe Goshen Ave 29, Kiryat Motzkin, 2631218, Israel",ChIJ_WU8QiS3HRUR1HehVUmLJ1I,מלך ההמבורגר קרית מוצקין,iw,"שדרות משה גושן 29, קרית מוצקין, 2631218","שדרות משה גושן 29, קרית מוצקין",yes,מלך ההמבורגר קרית מוצקין,iw,"Moshe Goshen Ave 29, Kiryat Motzkin, 2631218","Moshe Goshen 29, Kiryat Motskin",no
2697,אלברטו,"בן גוריון 11, חצור הגלילית, Israel",אלברטו בשרים על גחלים חצור הגלילית,"Ben Gurion St, Hatzor HaGlilit, Israel",ChIJvXMLW4shHBURJihbebAsx3w,אלברטו בשרים על גחלים,iw,"בן גוריון, חצור הגלילית","בן גוריון, חצור הגלילית",yes,אלברטו בשרים על גחלים חצור הגלילית,en,"Ben Gurion St, Hatzor HaGlilit","Ben Gurion, Hatsor Haglilit",no
2702,מפגש מאור,"ירושלים הבירה 31, בית שאן, Israel",מפגש מאור,"Yerushalayim ha-Bira St 34, Beit She'an, Israel",ChIJmYTQpVJfHBURqIEECYvjq-M,מפגש מאור,iw,"ירושלים הבירה 34, בית שאן","ירושלים הבירה 34, בית שאן",yes,מפגש מאור,iw,"Yerushalayim ha-Bira St 34, Beit She'an","Yerushalayim HaBira 34, Beit She'an",no
2703,רובן,"אח""י אילת 10, קריית חיים, חיפה, Israel",Ruben,"אח""י אילת 10, חיפה, Israel",ChIJgYJf2jC3HRURPyeoNpiLaxQ,רובן- קרית חיים,iw,"אח""י אילת 10, חיפה","אח""י אילת 10, חיפה",yes,Ruben,en,"אח""י אילת 10, חיפה","אח""י אילת 10, Haifa",yes
2705,המשבעה,"העמקים 100, טבריה, Israel",המשבעה - כשר למהדרין - שווארמה גריל ישראלי,"335 St, Tiberias, Israel",ChIJwWFY5U4-HBURj6O2PAl45f8,המשבעה - כשר למהדרין - שווארמה גריל ישראלי,iw,"335, טבריה","335, טבריה",yes,המשבעה - כשר למהדרין - שווארמה גריל ישראלי,iw,"335 St, Tiberias","335, Tverya",no
2709,מלך הפיצה,"הפלמ""ח 12, כרמיאל, Israel",מלך הפיצה כרמיאל,"Mivtsa Ben Ami St 27, Karmiel, Israel",ChIJcZUhoo4zHBURNbkt3TpdDt8,מלך הפיצה כרמיאל,iw,"מבצע בן עמי 27, כרמיאל","מבצע בן עמי 27, כרמיאל",yes,מלך הפיצה כרמיאל,en,"Mivtsa Ben Ami St 27, Karmiel","Mivtsa Ben Ami 27, Karmiel",no
2714,פלאפל ירושלמי,"הרצל 62, חיפה, Israel",פלאפל חיפה ירושלמי כשר למהדרין/ Yerushalmi Falafel haifa,"Herzl St 62, Haifa, Israel",ChIJiSjgPp-7HRURs8Kq4z3Iz-c,פלאפל חיפה ירושלמי כשר למהדרין/ Yerushalmi Falafel haifa,iw,"הרצל 62, חיפה","הרצל 62, חיפה",yes,פלאפל חיפה ירושלמי כשר למהדרין/ Yerushalmi Falafel haifa,iw,"Herzl St 62, Haifa","Hertsel 62, Haifa",no
2720,חומוס זיו של דני חיפה,"שד' טרומפלדור 54, חיפה, Israel",Dani's hummus ZIV,"Sderot Trumpeldor 54, Haifa, Israel",ChIJQbi1kvK6HRURvfeIG5VusgI,חומוס זיו,iw,"שדרות טרומפלדור 54, חיפה","שדרות טרומפלדור 54, חיפה",yes,Dani's hummus ZIV,en,"Sderot Trumpeldor 54, Haifa","Sderot Trumpeldor 54, Haifa",no
2725,בורגרים,"הרקיע 1, קיסריה, Israel","בורגרים קיסריה, כשר בשר חלק","Ha-Rakia St 1, Caesarea, Israel",ChIJAWNdb0wNHRURmQH8JN-zS3M,"בורגרים קיסריה, כשר בשר חלק",iw,"הרקיע 1, קיסריה","הרקיע 1, קיסריה",yes,"בורגרים קיסריה, כשר בשר חלק",iw,"Ha-Rakia St 1, Caesarea","Ha-Rakia 1, Keisarya",no
2731,סטקיית העיר,"הרצל 33, טירת כרמל, Israel",City Steakhouse,"Herzel St 33, Tirat Carmel, Israel",ChIJ1dqlcLWkHRURwJFvdufhnyo,סטקיית העיר,iw,"הרצל 33, טירת כרמל","הרצל 33, טירת כרמל",yes,City Steakhouse,en,"Herzel St 33, Tirat Carmel","Herzel 33, Tirat Carmel",no
2735,האוכל של מאמא,"שד' ההסתדרות 8, חיפה, Israel",האוכל של מאמא,"HaHistadrut Ave 8, Haifa, Israel",ChIJA5e-EH26HRURz1B0Z2gJwH8,האוכל של מאמא,iw,"שדרות ההסתדרות 8, חיפה","שדרות ההסתדרות 8, חיפה",yes,האוכל של מאמא,iw,"HaHistadrut Ave 8, Haifa","Sderot HaHistadrut 8, Haifa",no
2737,פלאפל בנימין,"ככר צה""ל, קריית שמונה, Israel",פלאפל בנימין,"ככר צה""ל מיקוד: 11033 , מרכז מסחרי, Kiryat Shmona, Israel",ChIJO7OtEFS9HhUR0mLR3eXEQWI,פלאפל בנימין,iw,"ככר צה""ל מיקוד: 11033 , מרכז מסחרי, קרית שמונה","ככר צה""ל מיקוד: 11033 , מרכז מסחרי, קרית שמונה",yes,פלאפל בנימין,iw,"ככר צה""ל מיקוד: 11033 , מרכז מסחרי, Kiryat Shmona","ככר צה""ל מיקוד: 11033 , מרכז מסחרי, Kiryat Shmona",yes
2739,מלוואח בר MB,"העצמאות 76, קרית אתא, Israel",מלאווח בר MB,"Ha-Atsma'ut St 76, Kiryat Ata, Israel",ChIJswHgAcq2HRURZyRR9u-8R-w,מלאווח בר MB,iw,"העצמאות 76, קרית אתא","העצמאות 76, קרית אתא",yes,מלאווח בר MB,iw,"Ha-Atsma'ut St 76, Kiryat Ata","Ha-Atsma'ut 76, Kiryat Ata",no
2741,באגט שלומי,"הבנים 11, טבריה, Israel",באגט שלומי,"Ha-Banim St 11, Tiberias, Israel",ChIJ-RfLn0k-HBURKhsHDaRo0rk,באגט שלומי,iw,"הבנים 11, טבריה","הבנים 11, טבריה",yes,באגט שלומי,iw,"Ha-Banim St 11, Tiberias","Ha-Banim 11, Tverya",no
2745,דנגורי בורגר בר חריש,"דרך ארץ 49, חריש, Israel",Danguri Burger Bar,"Erets Rd 49, Harish, Israel",ChIJu6_e_IkFHRURNz-sc2WMUbk,דנגורי בורגר בר,iw,"דרך ארץ 49, חריש","דרך ארץ 49, חריש",yes,Danguri Burger Bar,en,"Erets Rd 49, Harish","Derech Erets 49, Harish",no
2748,אָלַגֹו דּוּלְסֶה אודל קפה מסעדה כשר למהדרין,"עוזי חיטמן 3, עכו, Israel",אלגו דולסה,"Uzi Hitman St 3 א, Acre, Israel",ChIJmTXBt57JHRURlxv3RVI36P8,אלגו דולסה,iw,"עוזי חיטמן 3 א, עכו","עוזי חיטמן 3 א, עכו",yes,אלגו דולסה,iw,"Uzi Hitman St 3 א, Acre","Uzi Hitman 3 א, Akko",yes
2749,פיצה רון,"שלומי, Israel",פיצה רון כשר למהדרין,"מרכז מסחרי חדש תחנת דלק והבנק שלומי, Shlomi, 22832, Israel",ChIJbS6BEGTTHRURVufDjhYsN80,פיצה רון כשר למהדרין,iw,"מרכז מסחרי חדש תחנת דלק והבנק שלומי, שלומי, 22832",מרכז מסחרי חדש תחנת דלק והבנק שלומי,yes,פיצה רון כשר למהדרין,iw,"מרכז מסחרי חדש תחנת דלק והבנק שלומי, Shlomi, 22832",מרכז מסחרי חדש תחנת דלק והבנק שלומי,yes
2750,קיסר ים,"קיסריה, Israel","קיסר ים אירועים וכנסים בע""מ","Caesarea, Keisarya, Israel",ChIJNT2LteVlAhURIzzYBTZvewk,"קיסר ים אירועים וכנסים בע""מ",iw,קיסריה,קיסריה,yes,"קיסר ים אירועים וכנסים בע""מ",iw,"Caesarea, Keisarya","Caesarea, Keisarya",no
2752,חומוס אליהו,"סנטר הגליל, ראש פינה, Israel",Humus Eliyahu,"קניון, סנטר הגליל, Rosh Pina, Israel",ChIJHxEv5RsiHBURhoTYq6A6Lbo,חומוס אליהו ראש פינה,iw,"קניון, סנטר הגליל, ראש פינה","סנטר הגליל, קניון, ראש פינה",yes,Humus Eliyahu,en,"קניון, סנטר הגליל, Rosh Pina","סנטר הגליל, קניון, Rosh Pina",yes
2764,קפה ריטואל,"פארק תעשיות בר-לב, Israel",ריטואל - ביסטרו & קפה,"הדולב 3, פארק תעשיות בר-לב, 2015600, Israel",ChIJ8Y5uRRfLHRURddfS5TdrzT0,ריטואל - ביסטרו & קפה,en,"הדולב 3, פארק תעשיות בר-לב, 2015600","הדולב 3, פארק תעשיות בר-לב",yes,ריטואל - ביסטרו & קפה,en,"הדולב 3, פארק תעשיות בר-לב, 2015600","הדולב 3, פארק תעשיות בר-לב",yes
2767,המטבח של נורה,"דאלית אל-כרמל, Israel",Nora's kitchen,"רחוב 6, דלית אל כרמל, Israel",ChIJpWJT7nmvHRUR6leCXbHH0v8,המטבח של נורה - דאלית אל כרמל NURAH'S KITCHEN,iw,"רחוב 6, דלית אל כרמל","רחוב 6, דלית אל כרמל",yes,Nora's kitchen,en,"רחוב 6, דלית אל כרמל","רחוב 6, דלית אל כרמל",yes
2775,בורגרים,"אלמוג 20, חיפה, Israel",Burgerim,"Shunit St 12, Haifa, Israel",ChIJAwPbEpu7HRURAsOfqeYIun4,בורגרים - רמת הנשיא,iw,"שונית 12, חיפה","שונית 12, חיפה",yes,Burgerim,en,"Shunit St 12, Haifa","Shunit 12, Haifa",no
2777,קפה גרג,"השוק 13, עפולה, Israel",Greg - Cafe,"HaShuk St 15, Afula, Israel",ChIJ7__XGd1THBUR89JuSgIlzVU,קפה גרג,iw,"השוק 15, עפולה","השוק 15, עפולה",yes,Greg - Cafe,en,"HaShuk St 15, Afula","HaShuk 15, Afula",no
2779,פיצה ספיישל,"גדיש יוסף 25, עכו, Israel",Pizza Special🍕,"Avnei ha-Khoshen St 11, Acre, Israel",ChIJ-xQ-CqrJHRURap4EmUMmBlA,פיצה ספיישל,iw,"אבני החושן 11, עכו","אבני החושן 11, עכו",yes,Pizza Special🍕,en,"Avnei ha-Khoshen St 11, Acre","Avnei HaHoshen 11, Akko",no
2782,סוויט סטור,"הבנים 16, טבריה, Israel",Sweet store,"HaGalil St 60, Tiberias, Israel",ChIJM0ngjH4_HBUR0NmBoQWs5SQ,Sweet store,en,"הגליל 60, טבריה","הגליל 60, טבריה",yes,Sweet store,en,"HaGalil St 60, Tiberias","HaGalil 60, Tverya",no
2786,ראמוס טורטיה בר,"שד' קק""ל 99, כרמיאל, Israel",ראמוס טורטיה בר,"Sderot Kakal 94-96, Karmiel, Israel",ChIJL84IFP8zHBURYO1B1P2ogVs,ראמוס טורטיה בר,iw,"שדרות קק""ל 94-96, כרמיאל","שדרות קק""ל 94-96, כרמיאל",yes,ראמוס טורטיה בר,iw,"Sderot Kakal 94-96, Karmiel","Sderot Kakal 94-96, Karmiel",no
2789,פיצה ברכת יוסף,"בן צבי 28, טבריה, Israel",ברכת יוסף,"Ben Zvi St 28, Tiberias, Israel",ChIJawiu3w4_HBURN2EKtseUNhI,ברכת יוסף,iw,"יצחק בן צבי 28, טבריה","יצחק בן צבי 28, טבריה",yes,ברכת יוסף,iw,"Ben Zvi St 28, Tiberias","Ben Zvi 28, Tverya",no
2790,פיצה פלוס,"משה חיים שפירא 12, חיפה, Israel",Pizza Plus,"Moshe Khayim Shapira St 12, קרית שמואל, 2634617, Israel",ChIJoYJYEky6HRURXjKAJZjD4dk,פיצה פלוס,iw,"משה חיים שפירא 12, קרית שמואל, 2634617","משה חיים שפירא 12, קרית שמואל",yes,Pizza Plus,en,"Moshe Khayim Shapira St 12, קרית שמואל, 2634617","Moshe Haim Shapira 12, קרית שמואל",yes
2791,פלאפל הנשיא,"שד' הנשיא 135, מרכז הכרמל, חיפה, Israel",Falafel President,"HaNassi Blvd 135, Haifa, Israel",ChIJ2a6eTai7HRURk-CW8El8OdY,פלאפל הנשיא,iw,"שדרות הנשיא 135, חיפה","שדרות הנשיא 135, חיפה",yes,Falafel President,en,"HaNassi Blvd 135, Haifa","Sderot HaNassi 135, Haifa",no
2792,מסעדת איסקנדר,"גדות, Israel",מסעדת איסקנדר כשרה למהדרין,Gadot,ChIJSZSaaSIiHBURXCGmwF9U-SU,מסעדת איסקנדר כשרה למהדרין,iw,גדות,גדות,yes,מסעדת איסקנדר כשרה למהדרין,iw,Gadot,غدوت,no
2793,בורגרים,"מורד הגיא 100, קניון לב כרמיאל, Israel","בורגרים כרמיאל, כשר בשר חלק","קניון לב כרמיאל, Morad HaGai 100, Karmiel, Israel",ChIJo8np8_ozHBUR6RP9Yky0pyc,בורגרים,iw,"קניון לב כרמיאל, מורד הגיא 100, כרמיאל","קניון לב כרמיאל, מורד הגיא 100, כרמיאל",yes,"בורגרים כרמיאל, כשר בשר חלק",en,"קניון לב כרמיאל, Morad HaGai 100, Karmiel","קניון לב כרמיאל, Morad HaGai 100, Karmiel",yes
2794,פלאפל ברטו,"דרך העמק 25, מגדל העמק, Israel",פלאפל ברטו,"Derech HaEmek 25, Migdal HaEmek, Israel",ChIJ14udIplSHBURMqkZYDDdEbI,פלאפל ברטו,iw,"דרך העמק 25, מגדל העמק","דרך העמק 25, מגדל העמק",yes,פלאפל ברטו,iw,"Derech HaEmek 25, Migdal HaEmek","Derech HaEmek 25, Migdal HaEmek",no
2798,קפה עלית-אספרסו בר,"אח""י אילת, קריית מוצקין, Israel",קפה עלית - תחנת רכבת קרית מוצקין,"Kiryat Motzkin, Israel",ChIJ_U_EIAa3HRURmLeIOw-9aY8,קפה עלית - תחנת רכבת קרית מוצקין,en,קרית מוצקין,קרית מוצקין,yes,קפה עלית - תחנת רכבת קרית מוצקין,en,Kiryat Motzkin,Kiryat Motzkin,no
2799,מרכז הפיצה- איטליה הקטנה,"הנשיא 4, קניון נחמיה, קריית שמונה, Israel",מרכז הפיצה,"HaNasi St 4, Qiryat Shemona, Israel",ChIJha7eV129HhURsBZz7u0yss0,מרכז הפיצה,iw,"הנשיא 4, קרית שמונה","הנשיא 4, קרית שמונה",yes,מרכז הפיצה,iw,"HaNasi St 4, Qiryat Shemona","HaNasi 4, Kiryat Shmona",no
2800,חומוס אבו לובס,"קהילת ציון 9, עפולה, Israel",Abulabas Hummus,"Kehilat Tsiyon St 9, Afula, Israel",ChIJGYiM-dxTHBURFF7g-VihieE,חומוס אבולובאס,iw,"קהילת ציון 9, עפולה","קהילת ציון 9, עפולה",yes,Abulabas Hummus,en,"Kehilat Tsiyon St 9, Afula","Kehilat Zion 9, Afula",no
2801,אמיגוס,"יובל יניב 1, קריית שמונה, Israel",AMIGOS,"Yuval Yaniv St 1, Qiryat Shemona, Israel",ChIJE-8fbKmiHhUR2P6WhSs07ek,אמיגוס - מסעדת בשרים על האש קריית שמונה - כשר למהדרין,iw,"יובל יניב 1, קרית שמונה","יובל יניב 1, קרית שמונה",yes,AMIGOS,en,"Yuval Yaniv St 1, Qiryat Shemona","Yuval Yaniv 1, Kiryat Shmona",no
2803,קפה טוב,"בת חן 63, חיפה, Israel",קפה טוב,"Bat Khen St 7, Haifa, Israel",ChIJ58PDKfC6HRUR4or8LMzvVyw,קפה טוב רמת חן,iw,"בת חן 7, חיפה","בת חן 7, חיפה",yes,קפה טוב,en,"Bat Khen St 7, Haifa","Bat Hen 7, Haifa",no
2806,מפגש הצפון,"שפירא משה 26, עכו, Israel",מפגש הצפון,"Moshe Boronstein St 26, Acre, Israel",ChIJp1l5X8rJHRURHbGhuYIK9v8,מפגש הצפון,iw,"משה בורונשטיין 26, עכו","משה בורונשטיין 26, עכו",yes,מפגש הצפון,iw,"Moshe Boronstein St 26, Acre","Moshe Boronstein 26, Akko",no
2808,קאזה ברונה,"צה""ל 4, זכרון יעקב, Israel",Casa Barone Restaurant | מסעדת קאזה ברונה,"Zahal 4, Zikhron Ya'akov, 30900, Israel",ChIJEV0kYNELHRURkaZa27mxv4I,קאזה ברונה,iw,"Zahal 4, Zikhron Ya'akov, 30900","Zahal 4, זכרון יעקב",no,Casa Barone Restaurant | מסעדת קאזה ברונה,en,"Zahal 4, Zikhron Ya'akov, 30900","Zahal 4, Zihron Ya'akov",no
2815,אומה,"הנדיב 29, זכרון יעקב, Israel",Uma Bar,"Ha-Nadiv St 29, Zikhron Ya'akov, Israel",ChIJgWg_6YEJHRURgKrbJAs5NLg,אומה,iw,"הנדיב 29, זכרון יעקב","הנדיב 29, זכרון יעקב",yes,Uma Bar,en,"Ha-Nadiv St 29, Zikhron Ya'akov","HaNadiv 29, Zihron Ya'akov",no
2818,פיצה בואנה,"הרצל 1, נהריה, Israel",פיצה בואנה,"Herzl St 1, Nahariyya, 2240801, Israel",ChIJw21vrkXOHRURDS4eOzmQ2vM,פיצה בואנה,iw,"הרצל 1, נהריה, 2240801","הרצל 1, נהריה",yes,פיצה בואנה,iw,"Herzl St 1, Nahariyya, 2240801","Hertsel 1, Nahariya",no
2820,חומוס אליהו,"העצמאות 28, קרית אתא, Israel",Hummus Eliyahu,"Ha-Atsma'ut St 28, Kiryat Ata, Israel",ChIJAwDwQTWxHRUR0cy7Bazy73o,חומוס אליהו קרית אתא,iw,"העצמאות 28, קרית אתא","העצמאות 28, קרית אתא",yes,Hummus Eliyahu,en,"Ha-Atsma'ut St 28, Kiryat Ata","Ha-Atsma'ut 28, Kiryat Ata",no
2824,אושי אושי,"פלימן משה 4, קניון חיפה, Israel",Oshi Oshi,"Flieman St 4, Haifa, Israel",ChIJXSwARJO7HRURwqq25rffHpE,אושי אושי חיפה,iw,"דרך משה פלימן 4, חיפה","דרך משה פלימן 4, חיפה",yes,Oshi Oshi,en,"Flieman St 4, Haifa","Flieman 4, Haifa",no
2826,בית המאפה של מוטי,"בן עמי 53, עכו, Israel",בית המאפה של מוטי,"Ben Ami St 55, Acre, Israel",ChIJxY9PG_PJHRURCnYG3moVGPM,בית המאפה של מוטי,iw,"בן עמי 55, עכו","בן עמי 55, עכו",yes,בית המאפה של מוטי,iw,"Ben Ami St 55, Acre","Ben Ami 55, Akko",no
2828,פיצה פרפקטו,"קפלן 17, עפולה עילית, Israel",Perfecto Pizza,"Kaplan St 17, Afula, Israel",ChIJXaPt5r9RHBUR9A2-ODmLIms,פיצה פרפקטו,iw,"קפלן 17, עפולה","קפלן 17, עפולה",yes,Perfecto Pizza,en,"Kaplan St 17, Afula","Kaplan 17, Afula",no
2837,בית האוכל של מושיקו,"קריית שמונה, Israel",מסעדת בית האוכל של מושיקו,"Ha-Plada St 14, Qiryat Shemona, Israel",ChIJw_Snb66iHhURekzb5s8J_tM,מסעדת בית האוכל של מושיקו,iw,"הפלדה 14, קרית שמונה","הפלדה 14, קרית שמונה",yes,מסעדת בית האוכל של מושיקו,iw,"Ha-Plada St 14, Qiryat Shemona","HaPlada 14, Kiryat Shmona",no
2840,ג'אפן ג'אפן,"שד' יצחק רבין 9, ביג יקנעם, Israel",ג'אפן ג'אפן יקנעם - JAPAN JAPAN,"Sderot Yitshak Rabin 9, Yokne'am Illit, Israel",ChIJLRTJaC6pHRURF43fQ6ix6nI,ג׳אפן ג׳אפן,iw,"שדרות יצחק רבין 9, יוקנעם עילית","שדרות יצחק רבין 9, יוקנעם עילית",yes,ג'אפן ג'אפן יקנעם - JAPAN JAPAN,en,"Sderot Yitshak Rabin 9, Yokne'am Illit","Sderot Yitshak Rabin 9, Yokne'am Illit",no
2845,חצ'פורי ליאון,"זבולון 2, קרית אתא, Israel",חצ'פורי לאון,"Zevulun St 9, Kiryat Ata, Israel",ChIJD436oZ63HRURmriAl4JS1fw,חצ'פורי לאון,yi,"זבולון 9, קרית אתא","זבולון 9, קרית אתא",yes,חצ'פורי לאון,yi,"Zevulun St 9, Kiryat Ata","Zevulun 9, Kiryat Ata",no
2849,איביזה בר,"התעשיה 26, קרית אתא, Israel",איביזה בר,"Ha-Ta'asiya St 26, Kiryat Ata, Israel",ChIJR0_V5MSwHRURV4Ko7n_83vY,איביזה בר,iw,"התעשייה 26, קרית אתא","התעשייה 26, קרית אתא",yes,איביזה בר,iw,"Ha-Ta'asiya St 26, Kiryat Ata","HaTa'asiya 26, Kiryat Ata",no
2855,טעימוס,"אברהם בן שושן 60, עכו, Israel",טעימוס,"Avraham Ben Shoshan St 60, Acre, Israel",ChIJIw2flZjJHRURbNcbRpk2rhw,טעימוס,iw,"אברהם בן שושן 60, עכו","אברהם בן שושן 60, עכו",yes,טעימוס,iw,"Avraham Ben Shoshan St 60, Acre","Avraham Ben Shoshan 60, Akko",no
2859,קטנה ומטריפה,"גת 4, חיפה, Israel",Shawarma Ktana VeTe'ima,"Gat St 4, Haifa, Israel",ChIJl4EbrBm7HRURp3vbBm1nQ6s,שווארמה קטנה וטעימה,iw,"גת 4, חיפה","גת 4, חיפה",yes,Shawarma Ktana VeTe'ima,iw-Latn,"Gat St 4, Haifa","Gat 4, Haifa",no
2860,סטקית האחים לוסקי,"שד' הגעתון 20, נהריה, Israel",Luski Brothers Steakhouse,"Sderot HaGa'aton 20, Nahariya, Israel",ChIJU9I-pVnOHRUROxxwIrEsWdg,סטקיית אחים לוסקי,iw,"שדרות הגעתון 20, נהריה","שדרות הגעתון 20, נהריה",yes,Luski Brothers Steakhouse,en,"Sderot HaGa'aton 20, Nahariya","Sderot HaGa'aton 20, Nahariya",no
2862,בא לי פיצה,"דרך יחיעם 5, נהריה, Israel",בא לי פיצה,"Derech Yehi'am 5, Nahariya, Israel",ChIJiQc3BAnPHRURT2QvzJYuwrI,בא לי פיצה,iw,"דרך יחיעם 5, נהריה","דרך יחיעם 5, נהריה",yes,בא לי פיצה,iw,"Derech Yehi'am 5, Nahariya","Derech Yehi'am 5, Nahariya",no
2870,בורקס בבא,"שד' קק""ל 99, כרמיאל, Israel",בורקס בבא,"Sderot Kakal 99, Karmiel, Israel",ChIJvS4gvPozHBURVi6yqH4RcA4,בורקס בבא,en,"שדרות קק""ל 99, כרמיאל","שדרות קק""ל 99, כרמיאל",yes,בורקס בבא,en,"Sderot Kakal 99, Karmiel","Sderot Kakal 99, Karmiel",no
2875,פיצה האט,"חטיבה תשע 1, עפולה, Israel",Pizza Hut,"Hativa TeSha St 1, Afula, Israel",ChIJ5VM2g8VTHBURWqi0UyQc5V8,פיצה האט - פיצה בעפולה,iw,"חטיבה תשע 1, עפולה","חטיבה תשע 1, עפולה",yes,Pizza Hut,en,"Hativa TeSha St 1, Afula","Hativa TeSha 1, Afula",no
2876,פלאפל ארמון,"הנביאים 13, חיפה, Israel",Armon Falafel,"Ha-Nevi'im St 13, Haifa, Israel",ChIJx1XBEUu6HRURsB5BtN-yajo,פלאפל ארמון,iw,"הנביאים 13, חיפה","הנביאים 13, חיפה",yes,Armon Falafel,en,"Ha-Nevi'im St 13, Haifa","HaNevi'im 13, Haifa",no
2879,סלופי בר,"שד' שאול עמור 77, פרץ סנטר מגדל העמק, Israel",סלופי בר,"Sha'ul Amor Ave 77, Migdal HaEmek, Israel",ChIJncga651SHBURqW8qcfqq4_w,סלופי בר,iw,"שדרות שאול עמור 77, מגדל העמק","שדרות שאול עמור 77, מגדל העמק",yes,סלופי בר,iw,"Sha'ul Amor Ave 77, Migdal HaEmek","Sderot Sha'ul Amor 77, Migdal HaEmek",no
2881,שווארמה יפה שמסתובבת,"ההגנה 35, כרמיאל, Israel",שווארמה ברמה-היפה שמסתובבת,"HaHagana St 35, Karmiel, Israel",ChIJ2xyFHKg1HBURAF7XdBkZ20Q,שווארמה ברמה-היפה שמסתובבת,iw,"ההגנה 35, כרמיאל","ההגנה 35, כרמיאל",yes,שווארמה ברמה-היפה שמסתובבת,iw,"HaHagana St 35, Karmiel","HaHagana 35, Karmiel",no
2882,השניצל של אבי,"שדרות גושן 2, קריית מוצקין, Israel",השניצליה בגושן,"Moshe Goshen Ave 2, Kiryat Motzkin, Israel",ChIJ-cKdoSq3HRURQIHlIW9s9Ws,השניצליה בגושן,iw,"שדרות משה גושן 2, קרית מוצקין","שדרות משה גושן 2, קרית מוצקין",yes,השניצליה בגושן,iw,"Moshe Goshen Ave 2, Kiryat Motzkin","Moshe Goshen 2, Kiryat Motskin",no
2885,הפסקת אוכל,"קריית שמונה, Israel",הפסקת אוכל,"Unnamed Road, Kiryat Shmona, Israel",ChIJ0eJvB66iHhUR39_PbWgCFj0,הפסקת אוכל,iw,"Unnamed Road, קרית שמונה","Unnamed Road, קרית שמונה",yes,הפסקת אוכל,iw,"Unnamed Road, Kiryat Shmona","Unnamed Road, Kiryat Shmona",no
2891,ויקטוריה,"הפלמ""ח 3, טבריה, Israel",ויקטוריה,"מלון אירופה 1917, הפלמ""ח 3, טבריה, Israel",ChIJJQJ8n0g-HBURlzRcNtBKy_Q,ויקטוריה,iw,"מלון אירופה 1917, הפלמ""ח 3, טבריה","מלון אירופה 1917, הפלמ""ח 3, טבריה",yes,ויקטוריה,iw,"מלון אירופה 1917, הפלמ""ח 3, טבריה","מלון אירופה 1917, HaPalmach 3, Tverya",yes
2892,המקסיקנית | כשר למהדרין,"אח""י אילת 59, קריית חיים, חיפה, Israel",The Mexican,"Sderot Achi Eilat 59, Haifa, 2626948, Israel",ChIJWxqkjC63HRURWCJNl52HSkw,המקסיקנית ⏐ כשר למהדרין בד״ץ יורה דעה הרב מחפוד,iw,"שדרות אח""י אילת 59, חיפה, 2626948","שדרות אח""י אילת 59, חיפה",yes,The Mexican,en,"Sderot Achi Eilat 59, Haifa, 2626948","Sderot Achi Eilat 59, Haifa",no
2900,אצה,"אח""י אילת 8, קריית חיים, חיפה, Israel",Atza Kiryat Haim,"Ahi Eilat St 8, Haifa, Israel",ChIJT0_FjdC3HRUREvAidm3Ty8M,אצה קריית חיים,iw,"אח""י אילת 8, חיפה","אח""י אילת 8, חיפה",yes,Atza Kiryat Haim,en,"Ahi Eilat St 8, Haifa","Ahi Eilat 8, Haifa",no
2909,בסט בורגר,"ארלוזורוב 3, קריית שמונה, Israel",בסט בורגר,"Haim Arlozorov St 3, Qiryat Shemona, 1101202, Israel",ChIJ83C5adi9HhURvP8hH0ctRUg,בסט בורגר,iw,"חיים ארלוזורוב 3, קרית שמונה, 1101202","חיים ארלוזורוב 3, קרית שמונה",yes,בסט בורגר,iw,"Haim Arlozorov St 3, Qiryat Shemona, 1101202","Haim Arlozorov 3, Kiryat Shmona",no
2914,חומוס יעקב,"ירושלים 5, עפולה, Israel",Yaakov Hummus,"Yerushalayim St 5, Afula, 1825105, Israel",ChIJ0SA29IlTHBURdJ-4OzCRjlo,חומוס יעקב,iw,"ירושלים 5, עפולה, 1825105","ירושלים 5, עפולה",yes,Yaakov Hummus,en,"Yerushalayim St 5, Afula, 1825105","Yerushalayim 5, Afula",no
2919,מקדונלד'ס,"שדרות הנשיא בן צבי 1, נהריה, Israel",McDonald's,"שדרות בן צבי 1, Nahariya, 2222214, Israel",ChIJWSABbFTPHRURHtT_SoQxQ9M,מקדונלד'ס - סטאר נהריה (כשר),iw,"שדרות בן צבי 1, נהריה, 2222214","שדרות בן צבי 1, נהריה",yes,McDonald's,en,"שדרות בן צבי 1, Nahariya, 2222214","שדרות בן צבי 1, Nahariya",yes
2927,שווארמה חנן,"הגלבוע 6, בית שאן, Israel","שווארמה חנן, בית שאן","Hanan Rabinovich St 6, Beit She'an, Israel",ChIJYbUDWqBeHBURP0MGeN_dVH4,"שווארמה חנן, בית שאן",iw,"חנן רבינוביץ 6, בית שאן","חנן רבינוביץ 6, בית שאן",yes,"שווארמה חנן, בית שאן",iw,"Hanan Rabinovich St 6, Beit She'an","Hanan Rabinovich 6, Beit She'an",no
2929,"קפה גלריה קמ""ה","הרדוף, Israel",קפה קמה,"הרדוף 10, הרדוף, 1793000, Israel",ChIJwzLWFAuzHRURaljcu1MpQ0I,קפה קמה,en,"הרדוף 10, הרדוף, 1793000","הרדוף 10, הרדוף",yes,קפה קמה,en,"הרדוף 10, הרדוף, 1793000","הרדוף 10, Harduf",yes
2930,מאפיית המפגש קריית חיים,"אח""י אילת 32, קריית חיים, חיפה, Israel",HaMifgash Bakery,"Sderot Achi Eilat 32, Haifa, Israel",ChIJmQemlrO3HRURMO19vVJnUGc,מאפיית המפגש סניף אחי אילת קרית חיים,iw,"שדרות אח""י אילת 32, חיפה","שדרות אח""י אילת 32, חיפה",yes,HaMifgash Bakery,en,"Sderot Achi Eilat 32, Haifa","Sderot Achi Eilat 32, Haifa",no
2931,מסעודה,"ברנר 3, עפולה, Israel",Masuda Restaurant,"Brenner St 3, Afula, Israel",ChIJ83XrPsNTHBURGY2vqlWFe5M,מסעדת מסעודה,iw,"ברנר 3, עפולה","ברנר 3, עפולה",yes,Masuda Restaurant,en,"Brenner St 3, Afula","Brener 3, Afula",no
2934,טוסטביף,"אהבת ישראל 36, בית שאן, Israel",טוסטביף בית שאן,"Ahavat Israel St 36, Beit She'an, Israel",ChIJn7Ga18NeHBURlkjfXfwL_pc,טוסטביף בית שאן,iw,"אהבת ישראל 36, בית שאן","אהבת ישראל 36, בית שאן",yes,טוסטביף בית שאן,iw,"Ahavat Israel St 36, Beit She'an","Ahavat Israel 36, Beit She'an",no
2936,שווארמלה,"חניתה 40, חיפה, Israel",שווארמלה,"Khanita St 40, Haifa, 3244022, Israel",ChIJFTUM8fW6HRUR7FLdYaZfhpg,שווארמלה,iw,"חניתה 40, חיפה, 3244022","חניתה 40, חיפה",yes,שווארמלה,iw,"Khanita St 40, Haifa, 3244022","Hanita 40, Haifa",no
2937,אוסישקין- Art food,"אוסישקין 30, קריית מוצקין, Israel",אוסישקין קייטרינג כשר לאירועים,"Ussishkin St 30, Kiryat Motzkin, Israel",ChIJIao7phi3HRURuVFRWXyI0lw,אוסישקין קייטרינג כשר לאירועים,iw,"אוסישקין 30, קרית מוצקין","אוסישקין 30, קרית מוצקין",yes,אוסישקין קייטרינג כשר לאירועים,iw,"Ussishkin St 30, Kiryat Motzkin","Ussishkin 30, Kiryat Motskin",no
2938,פיצה בריבוע,"הפלמ""ח 10, כרמיאל, Israel",פיצה בריבוע,"Ha-Palmakh St 10, Karmiel, Israel",ChIJmSHvyIozHBURJ110t_c3AqI,פיצה בריבוע,iw,"הפלמ""ח 10, כרמיאל","הפלמ""ח 10, כרמיאל",yes,פיצה בריבוע,en,"Ha-Palmakh St 10, Karmiel","HaPalmach 10, Karmiel",no
2941,פרשפוינט,"פלימן משה 4, קניון חיפה, Israel",Fresh Point,"Flieman St 4, Haifa, Israel",ChIJobxINGi7HRURWYoS3oqcRfI,פרש פוינט,iw,"דרך משה פלימן 4, חיפה","דרך משה פלימן 4, חיפה",yes,Fresh Point,en,"Flieman St 4, Haifa","Flieman 4, Haifa",no
2942,קייטרינג מעדני מלך,"דרך יחיעם 7, נהריה, Israel",קייטרינג מעדני מלך,"Derech Yehi'am 7, Nahariya, Israel",ChIJEX1AX8zPHRURpJL3r_qaX9o,קייטרינג מעדני מלך,iw,"דרך יחיעם 7, נהריה","דרך יחיעם 7, נהריה",yes,קייטרינג מעדני מלך,iw,"Derech Yehi'am 7, Nahariya","Derech Yehi'am 7, Nahariya",no
2946,אסתריקה,"העמקים 13, טבריה, Israel",אסתריקה,"Ha-Amakim St 13, Tiberias, Israel",ChIJcyN9GH0_HBURXpIcPEflm6k,אסתריקה,iw,"העמקים 13, טבריה","העמקים 13, טבריה",yes,אסתריקה,iw,"Ha-Amakim St 13, Tiberias","Ha'Amakim 13, Tverya",no
2947,אייל שלי,"המלאכה 11, עפולה, Israel",אייל שלי אקספרס,"Ha-Melakha St 11, Afula, Israel",ChIJHf2Mod1THBURqAdLclS9PwE,אייל שלי אקספרס,iw,"המלאכה 11, עפולה","המלאכה 11, עפולה",yes,אייל שלי אקספרס,iw,"Ha-Melakha St 11, Afula","HaMelacha 11, Afula",no
2948,דודו אוטמזגין,"הפלמ""ח 25, כרמיאל, Israel",Dudu Outmezgine,"Ha-Palmakh St 27, Karmiel, Israel",ChIJmfPLWvUzHBURppquc3TseWw,דודו אוטמזגין,iw,"הפלמ""ח 27, כרמיאל","הפלמ""ח 27, כרמיאל",yes,Dudu Outmezgine,en,"Ha-Palmakh St 27, Karmiel","HaPalmach 27, Karmiel",no
2951,ביגה חיפה,"אח""י אילת 15, קריית חיים, חיפה, Israel",Biga,"Sderot Achi Eilat 15, Haifa, Israel",ChIJvWw1qzG3HRURy6_c-9jFv0o,ביגה,iw,"שדרות אח""י אילת 15, חיפה","שדרות אח""י אילת 15, חיפה",yes,Biga,en,"Sderot Achi Eilat 15, Haifa","Sderot Achi Eilat 15, Haifa",no
2953,cofix,"בן עמי 16, עכו העתיקה, Israel",Cofix,"Ben Ami St 16, Acre, Israel",ChIJYf5iOsLJHRURNSjpgUKmeEs,Cofix,de,"בן עמי 16, עכו","בן עמי 16, עכו",yes,Cofix,de,"Ben Ami St 16, Acre","Ben Ami 16, Akko",no
2966,דקס,"דרך גדוד ברק, טבריה, Israel",Decks Restaurant,"Gdud Barak St 13, Tiberias, Israel",ChIJj8AA_Uc-HBUREDu9cnAVvXk,Decks Restaurant,en,"גדוד ברק 13, טבריה","גדוד ברק 13, טבריה",yes,Decks Restaurant,en,"Gdud Barak St 13, Tiberias","Gdud Barak 13, Tverya",no
2968,אצל בני,"החלוץ 23, חיפה, Israel",אצל בני,"HeHaluts St 23, Haifa, Israel",ChIJtal1cUy6HRURmviz5gr-QOo,אצל בני,iw,"החלוץ 23, חיפה","החלוץ 23, חיפה",yes,אצל בני,iw,"HeHaluts St 23, Haifa","HeHaluts 23, Haifa",no
2969,מסעדת רם,"האיצטדיון 6, חיפה, Israel",מסעדת רם,"Haitstadyon St 6, Haifa, Israel",ChIJP6PIZUu3HRUR47ib3uxdWPE,מסעדת רם,en,"האיצטדיון 6, חיפה","האיצטדיון 6, חיפה",yes,מסעדת רם,en,"Haitstadyon St 6, Haifa","Haitstadyon 6, Haifa",no
2971,שניצליאם,"שמעון דהאן 10, טבריה, Israel",שניצליאם,"Shim'on Dahan St 16, Tiberias, Israel",ChIJNegmgVk-HBURWDz9N_2hGQs,שניצליאם,iw,"שמעון דהאן 16, טבריה","שמעון דהאן 16, טבריה",yes,שניצליאם,en,"Shim'on Dahan St 16, Tiberias","Shim'on Dahan 16, Tverya",no
2989,חומוסון,"דרך יחיעם 4, נהריה, Israel",חומוסון,"Derech Yehi'am 17, Nahariya, Israel",ChIJVTfTyl3OHRURPn7jNuq9PpA,חומוסון,iw,"דרך יחיעם 17, נהריה","דרך יחיעם 17, נהריה",yes,חומוסון,en,"Derech Yehi'am 17, Nahariya","Derech Yehi'am 17, Nahariya",no
2992,שניצליין,"התמר 3, יקנעם, Israel",שניצל 20 טעמים,"קניון ג'י, צמוד למאפיית אגמי, HaTamar 2, Yokne'am Illit, Israel",ChIJWZ8NrOSvHRURlEslBDA7KrQ,שניצל 20 טעמים,iw,"קניון ג'י, צמוד למאפיית אגמי, התמר 2, יוקנעם עילית","צמוד למאפיית אגמי, קניון ג'י, התמר 2, יוקנעם עילית",yes,שניצל 20 טעמים,iw,"קניון ג'י, צמוד למאפיית אגמי, HaTamar 2, Yokne'am Illit","צמוד למאפיית אגמי, קניון ג'י, HaTamar 2, Yokne'am Illit",yes
2994,קפה אייזיק,"הרב ויינריב 23, טירת כרמל, Israel",Cafe Izik קפה אייזיק,"Ha-Rav Veinrob St 23, Tirat Carmel, Israel",ChIJGTimjrWkHRURZ5R4wmzKHFA,Cafe Izik קפה אייזיק,iw,"הרב וינרוב 23, טירת כרמל","הרב וינרוב 23, טירת כרמל",yes,Cafe Izik קפה אייזיק,en,"Ha-Rav Veinrob St 23, Tirat Carmel","HaRav Veinrob 23, Tirat Carmel",no
2995,"פיצה רשב""י","שד' קק""ל 98, כרמיאל, Israel",Pizza Rashbi Karmiel,"Sderot Kakal 98, Karmiel, Israel",ChIJQUszTeUzHBUR4TG48ddXA1U,פיצה רשבי,iw,"שדרות קק""ל 98, כרמיאל","שדרות קק""ל 98, כרמיאל",yes,Pizza Rashbi Karmiel,en,"Sderot Kakal 98, Karmiel","Sderot Kakal 98, Karmiel",no
2998,פיצה האט,"ויצמן 63, נהריה, Israel",Pizza Hut,"Weizman St 63, Nahariyya, Israel",ChIJ05pPnFfOHRURT3a012qzblg,פיצה האט - נהריה כשר בדץ,iw,"וייצמן 63, נהריה","וייצמן 63, נהריה",yes,Pizza Hut,en,"Weizman St 63, Nahariyya","Weizman 63, Nahariya",no
2999,רולדין,"מעלה כמון 5, כרמיאל, Israel",רולדין,"קניון חוצות, מעלה כמון 5, כרמיאל, Israel",ChIJtc-1G_4xHBUR3tP9MZerilo,רולדין,iw,"קניון חוצות, מעלה כמון 5, כרמיאל","קניון חוצות, מעלה כמון 5, כרמיאל",yes,רולדין,en,"קניון חוצות, מעלה כמון 5, כרמיאל","קניון חוצות, Ma'ale Kamon 5, Karmiel",yes
3011,המקום,"שאול המלך 27, בית שאן, Israel",המקום,"Sha'ul HaMelech St 27, Beit She'an, Israel",ChIJ16G70bheHBURjq7QaYsf4f8,המקום,iw,"שאול המלך 27, בית שאן","שאול המלך 27, בית שאן",yes,המקום,iw,"Sha'ul HaMelech St 27, Beit She'an","Sha'ul HaMelech 27, Beit She'an",no
3013,שירת הים,"שלומי, Israel",שירת הים,"האסיף, Shlomi, Israel",ChIJJf92CcnTHRURYKoAN9ergNw,שירת הים,iw,"האסיף, שלומי","האסיף, שלומי",yes,שירת הים,en,"האסיף, Shlomi","האסיף, Shlomi",yes
3015,השניצליה,"שד' קק""ל 99, כרמיאל, Israel",השניצליה של רונית,"Sderot Kakal 94, Karmiel, Israel",ChIJq7RYzK0zHBUR9zoRDjn1lJY,השניצליה של רונית,iw,"שדרות קק""ל 94, כרמיאל","שדרות קק""ל 94, כרמיאל",yes,השניצליה של רונית,iw,"Sderot Kakal 94, Karmiel","Sderot Kakal 94, Karmiel",no
3020,באפלו מסעדת בשרים,"אלחדיף, טבריה, Israel",באפלו מסעדת בשרים,"פינת מיכאל, אלחדיף, טבריה, 1410001, Israel",ChIJBWd3xnI_HBURx3ITa3Bm4bY,באפלו מסעדת בשרים,iw,"פינת מיכאל, אלחדיף, טבריה, 1410001","פינת מיכאל, אלחדיף, טבריה",yes,באפלו מסעדת בשרים,iw,"פינת מיכאל, אלחדיף, טבריה, 1410001","פינת מיכאל, Al Hadif, Tverya",yes
3024,מסעדת אמא,"רחבעם גנדי זאבי 5, בית שאן, Israel",Mother Restaurant,"רחבעם זאבי 5, Beit She'an, Israel",ChIJX6oDyZReHBURVjC3BvQsTM0,מסעדת אמא,iw,"רחבעם זאבי 5, בית שאן","רחבעם זאבי 5, בית שאן",yes,Mother Restaurant,en,"רחבעם זאבי 5, Beit She'an","רחבעם זאבי 5, Beit She'an",yes
3027,המעיינות (שיפודי בבילה),"כנסת ישראל 1, בית שאן, Israel",שיפודי בבילה,"Knesset Yisra'el St 1, Beit She'an, Israel",ChIJ7yO_mcdeHBUR7Kx7H-PUdMg,מסעדת בבילה,iw,"כנסת ישראל 1, בית שאן","כנסת ישראל 1, בית שאן",yes,שיפודי בבילה,en,"Knesset Yisra'el St 1, Beit She'an","Knesset Israel 1, Beit She'an",no
3029,מקסיקניז,"אח""י אילת 15, קריית חיים, חיפה, Israel",Mexicaneez- מקסיקניז קריות,"Sderot Achi Eilat 15, Haifa, 3229816, Israel",ChIJlWWPqzG3HRUR_YqiRe1tjkY,Mexicaneez- מקסיקניז קריות,en,"שדרות אח""י אילת 15, חיפה, 3229816","שדרות אח""י אילת 15, חיפה",yes,Mexicaneez- מקסיקניז קריות,en,"Sderot Achi Eilat 15, Haifa, 3229816","Sderot Achi Eilat 15, Haifa",no
3031,ויינר איטליאנו,"האיצטדיון 25, חיפה, Israel",ויינר איטליאנו - Vainer Italiano,"Haitstadyon St 25, Haifa, Israel",ChIJixMsY2y3HRUR-DcH6V97-uM,ויינר איטליאנו - Vainer Italiano,iw,"האיצטדיון 25, חיפה","האיצטדיון 25, חיפה",yes,ויינר איטליאנו - Vainer Italiano,iw,"Haitstadyon St 25, Haifa","Haitstadyon 25, Haifa",no
3033,פלאפל עמר,"ההסתדרות 5, קריית שמונה, Israel",Falafel Amar,"Kikar Hahistadrut 5, Kiryat Shmona, Israel",ChIJ8wtXV1S9HhURvFaYe--rti8,פלאפל עמר,iw,"כיכר ההסתדרות 5, קרית שמונה","כיכר ההסתדרות 5, קרית שמונה",yes,Falafel Amar,en,"Kikar Hahistadrut 5, Kiryat Shmona","Kikar Hahistadrut 5, Kiryat Shmona",no
3039,מפגש השף,"שאול המלך 70, בית שאן, Israel",מפגש השף,"Sha'ul HaMelech St 70, Beit She'an, Israel",ChIJca2pcL9eHBURgPCnmSCexDQ,מפגש השף,iw,"שאול המלך 70, בית שאן","שאול המלך 70, בית שאן",yes,מפגש השף,iw,"Sha'ul HaMelech St 70, Beit She'an","Sha'ul HaMelech 70, Beit She'an",no
3041,צנעני,"ז'בוטינסקי 92, בני ברק, Israel",מסעדת צנעני,"Jabotinsky St 92, Bnei Brak, Israel",ChIJZxcUaCZKHRURalelNPADbxA,מסעדת צנעני,iw,"רחוב זאב ז'בוטינסקי 92, בני ברק","רחוב זאב ז'בוטינסקי 92, בני ברק",yes,מסעדת צנעני,iw,"Jabotinsky St 92, Bnei Brak","Derech Zeev Jabutinsky 92, Bnei Brak",no
3047,שיפודי התקווה,"רוז'נסקי 11, ראשון לציון, Israel",שיפודי התקווה ראשון לציון,"Rozhanski St 11, Rishon LeZion, 7574516, Israel",ChIJ7-Pah9azAhURalVjIO1GOf8,שיפודי התקווה ראשון לציון,iw,"רוז'נסקי 11, ראשון לציון, 7574516","רוז'נסקי 11, ראשון לציון",yes,שיפודי התקווה ראשון לציון,iw,"Rozhanski St 11, Rishon LeZion, 7574516","Rozhanski 11, Rishon LeZion",no
3048,Who,"הטיילת 1, טיילת ראשון לציון, Israel",WHO - בר רופטופ כשר על הים בחוף ראשון לציון,"חוף דרומי, ראשון לציון, 7582081, Israel",ChIJbVH9tuOzAhURZB0ta8PHrsU,WHO - בר רופטופ כשר על הים בחוף ראשון לציון,iw,"חוף דרומי, ראשון לציון, 7582081","חוף דרומי, ראשון לציון",yes,WHO - בר רופטופ כשר על הים בחוף ראשון לציון,iw,"חוף דרומי, ראשון לציון, 7582081","חוף דרומי, Rishon LeZion",yes
3050,ניני האצי,"בן יהודה 228, תל אביב, Israel",Nini Hachi,"Ben Yehuda St 228, Tel Aviv-Yafo, Israel",ChIJp6l9o4pLHRURxZrZ71e-SHA,ניני האצ'י,iw,"בן יהודה 228, תל אביב-יפו","בן יהודה 228, תל אביב-יפו",yes,Nini Hachi,en,"Ben Yehuda St 228, Tel Aviv-Yafo","Ben Yehuda 228, Tel Aviv-Jaffa",no
3051,איציק הגדול,"דוד רזיאל 3, יפו, תל אביב, Israel",Big Itzik,"David Razi'el St 3, Tel Aviv-Yafo, Israel",ChIJBdOavb1MHRURXrhwAFa0ng8,איציק הגדול,iw,"דוד רזיאל 3, תל אביב-יפו","דוד רזיאל 3, תל אביב-יפו",yes,Big Itzik,en,"David Razi'el St 3, Tel Aviv-Yafo","David Raziel 3, Tel Aviv-Jaffa",no
3052,הולה,"העליה השניה 1, פתח תקווה, Israel",קפה הולה,"Ha-Aliya ha-Shinya St 1, Petah Tikva, 4936144, Israel",ChIJkUQq9Kk3HRURYfT_V3ZowuI,קפה הולה,iw,"העלייה השנייה 1, פתח תקווה, 4936144","העלייה השנייה 1, פתח תקווה",yes,קפה הולה,iw,"Ha-Aliya ha-Shinya St 1, Petah Tikva, 4936144","HaAliya HaShniya 1, Petah Tikva",no
3054,ניני צ'ו,"הסיבים 18, פתח תקווה, Israel",Nini Choo,"Ha-Sivim St 18, Petah Tikva, 4959376, Israel",ChIJwfOKPfJJHRURqvpC2I8mHMY,ניני צו Nini Choo | כשר,iw,"הסיבים 18, פתח תקווה, 4959376","הסיבים 18, פתח תקווה",yes,Nini Choo,en,"Ha-Sivim St 18, Petah Tikva, 4959376","HaSivim 18, Petah Tikva",no
3056,קומראן,"הארבעה 21, תל אביב, Israel",קומראן Qumran TLV,"Platinum Tower, HaArba'a 21, קומה 2, Tel Aviv-Jaffa, Israel",ChIJvwXhyCRLHRUR6RTC19wRwTk,קומראן Qumran TLV,iw,"Platinum Tower, הארבעה 21, קומה 2, תל אביב-יפו","Platinum Tower, מתחם שרונה, הארבעה 21, קומה 2, תל אביב-יפו",yes,קומראן Qumran TLV,iw,"Platinum Tower, HaArba'a 21, קומה 2, Tel Aviv-Jaffa","Platinum Tower, מתחם שרונה, HaArba'a 21, קומה 2, Tel Aviv-Jaffa",yes
3057,פינת השלושה,"דרך בן צבי 84, תל אביב, Israel",פינת השלושה | מסעדת בשרים בתל אביב| מאכלים בוכריים| כשר,"מרכז פנרמה, Derekh Ben-Zvi 84, Tel Aviv-Jaffa, Israel",ChIJlV_6T6hMHRURDXNGBkd9bSw,פינת השלושה | מסעדת בשרים בתל אביב| מאכלים בוכריים| כשר,iw,"מרכז פנרמה, דרך בן צבי 84, תל אביב-יפו","מרכז פנרמה, דרך בן צבי 84, תל אביב-יפו",yes,פינת השלושה | מסעדת בשרים בתל אביב| מאכלים בוכריים| כשר,iw,"מרכז פנרמה, Derekh Ben-Zvi 84, Tel Aviv-Jaffa","מרכז פנרמה, Derekh Ben-Zvi 84, Tel Aviv-Jaffa",yes
3060,סיזל,"שחם 30, פתח תקווה, Israel",סיזל SIZZLE פתח תקווה,"Shacham St 30, Petah Tikva, 4951726, Israel",ChIJlz5I7W1LHRURC-RtkWI74DE,סיזל SIZZLE פתח תקווה,iw,"שחם 30, פתח תקווה, 4951726","שחם 30, פתח תקווה",yes,סיזל SIZZLE פתח תקווה,iw,"Shacham St 30, Petah Tikva, 4951726","Shacham 30, Petah Tikva",no
3061,"רשל בנמל ת""א","יקותיאלי יוסף 3, נמל תל-אביב, Israel",Rashal,"רחוב יוסף יקותיאלי St 3, Tel Aviv-Yafo, Israel",ChIJn6PiGA5LHRURiJVDfn33eAg,רשל- נמל תל אביב,iw,"Yosef Yekuti'eli 3, תל אביב-יפו","Yosef Yekuti'eli 3, תל אביב-יפו",yes,Rashal,en,"רחוב יוסף יקותיאלי St 3, Tel Aviv-Yafo","רחוב יוסף יקותיאלי 3, Tel Aviv-Jaffa",yes
3062,הלובי,"לח""י 31, בני ברק, Israel","הלובי- מסעדה, קייטרינג, ואירועים.","Lekhi St 31, Bnei Brak, Israel",ChIJo4BAT4ZJHRURm_h5UO_J0qc,"הלובי- מסעדה, קייטרינג, ואירועים.",iw,"לח""י 31, בני ברק","לח""י 31, בני ברק",yes,"הלובי- מסעדה, קייטרינג, ואירועים.",iw,"Lekhi St 31, Bnei Brak","Lekhi 31, Bnei Brak",no
3063,מנואל הכשרה,"גיסין אבשלום 7, פתח תקווה, Israel",Manuel,"Avshalom Gissin St 7, Petah Tikva, 4922263, Israel",ChIJ8_cLUhU2HRURyu6Xr1f4JDc,Manuel,iw,"אבשלום גיסין 7, פתח תקווה, 4922263","אבשלום גיסין 7, פתח תקווה",yes,Manuel,en,"Avshalom Gissin St 7, Petah Tikva, 4922263","Avshalom Gissin 7, Petah Tikva",no
3064,אגאדיר,"מצדה (כנרת) 7, בני ברק, Israel",אגאדיר בורגר בסר בני ברק - כשר,"Metsada St 7, Bnei Brak, 5126201, Israel",ChIJjbAgcSRLHRUR0251K6sv4Zw,אגאדיר בורגר בסר בני ברק - כשר,iw,"מצדה 7, בני ברק, 5126201","מצדה 7, בני ברק",yes,אגאדיר בורגר בסר בני ברק - כשר,iw,"Metsada St 7, Bnei Brak, 5126201","Mesada 7, Bnei Brak",no
3065,"""ושבעת וברכת""","אצ""ל 47, שכונת התקווה, תל אביב, Israel",מסעדת ושבעת וברכת,"Etsel St 47, Tel Aviv-Yafo, Israel",ChIJ2bY7OXxLHRURttUsTIDd_eA,מסעדת ושבעת וברכת,iw,"אצ""ל 47, תל אביב-יפו","אצ""ל 47, תל אביב-יפו",yes,מסעדת ושבעת וברכת,en,"Etsel St 47, Tel Aviv-Yafo","Etsel 47, Tel Aviv-Jaffa",no
3068,בלה,"איינשטיין 10, צפון תל אביב, Israel",bella osteria בלה אוסטריה,"Einstein St 10, Tel Aviv-Yafo, Israel",ChIJmwRxlE9JHRURb16iBCxk_yc,bella osteria בלה אוסטריה,iw,"איינשטיין 10, תל אביב-יפו","איינשטיין 10, תל אביב-יפו",yes,bella osteria בלה אוסטריה,iw,"Einstein St 10, Tel Aviv-Yafo","Einstein 10, Tel Aviv-Jaffa",no
3069,בובוג׳ון מסעדת בשרים,"דרך בן צבי 106, תל אביב, Israel",בובו ג׳ון מסעדת בשרים כשרה - BoBoJon בובוג׳ון,"Derekh Ben-Zvi 106, Tel Aviv-Jaffa, Israel",ChIJfcnDn6BLHRUR85SV3tKKQwg,בובו ג׳ון מסעדת בשרים כשרה - BoBoJon בובוג׳ון,iw,"דרך בן צבי 106, תל אביב-יפו","דרך בן צבי 106, תל אביב-יפו",yes,בובו ג׳ון מסעדת בשרים כשרה - BoBoJon בובוג׳ון,iw,"Derekh Ben-Zvi 106, Tel Aviv-Jaffa","Derekh Ben-Zvi 106, Tel Aviv-Jaffa",no
3070,מיה,"איינשטיין 10, צפון תל אביב, Israel",מסעדת מיה Mia rest,"Einstein St 10, Tel Aviv-Yafo, Israel",ChIJjd2u6a5JHRURly9bE3kGRkg,מסעדת מיה Mia rest,iw,"איינשטיין 10, תל אביב-יפו","איינשטיין 10, תל אביב-יפו",yes,מסעדת מיה Mia rest,iw,"Einstein St 10, Tel Aviv-Yafo","Einstein 10, Tel Aviv-Jaffa",no
3071,רובן,"שחם 36, פתח תקווה, Israel",Ruben,"Shacham St 36, Petah Tikva, 4951729, Israel",ChIJVYZTuoFLHRURKS8DGw3HlIo,רובן פתח תקווה | כשר,iw,"שחם 36, פתח תקווה, 4951729","שחם 36, פתח תקווה",yes,Ruben,en,"Shacham St 36, Petah Tikva, 4951729","Shacham 36, Petah Tikva",no
3076,סלון יווני,"המאה ועשרים 4, ראשון לציון, Israel",סלון יווני על האגם - ראשון לציון,"HaMea VeEsrim St 4, Rishon LeZion, 87010, Israel",ChIJ63VDfHWzAhURYW0gY94YQog,סלון יווני על האגם - ראשון לציון,en,"המאה ועשרים 4, ראשון לציון, 87010","המאה ועשרים 4, ראשון לציון",yes,סלון יווני על האגם - ראשון לציון,en,"HaMea VeEsrim St 4, Rishon LeZion, 87010","HaMea VeEsrim 4, Rishon LeZion",no
3079,ג'מס ביר פקטורי,"החרט 1, ישפרו סנטר מודיעין, Israel",Jem's Beer Factory,"ישפרו סנטר, HaHarat 1, Modi'in Makabim-Re'ut, Israel",ChIJ2XBEA6bOAhUR3f0rxt8pxWA,ג'מס מודיעין,iw,"ישפרו סנטר, החרט 1, מודיעין מכבים רעות","ישפרו סנטר, החרט 1, מודיעין מכבים רעות",yes,Jem's Beer Factory,en,"ישפרו סנטר, HaHarat 1, Modi'in Makabim-Re'ut","ישפרו סנטר, HaHarat 1, Modi'in Makabim-Re'ut",yes
3082,רובן,"דם המכבים 47, מודיעין והסביבה, Israel",רובן מודיעין,"Dam HaMacbim St 47, Modi'in-Maccabim-Re'ut, Israel",ChIJp-fs7yvNAhURIJ0qKhAGQUw,רובן מודיעין,iw,"דם המכבים 47, מודיעין מכבים רעות","דם המכבים 47, מודיעין מכבים רעות",yes,רובן מודיעין,iw,"Dam HaMacbim St 47, Modi'in-Maccabim-Re'ut","Dam HaMacbim 47, Modi'in Makabim-Re'ut",no
3083,לוצ'נה ראשון לציון,"לח""י 2, ראשון לציון, Israel",לוצ׳נה ראשון לציון,"הלח״י 2, ראשון לציון, 7570686, Israel",ChIJweIAaS-zAhUR9rzjeGFWvqA,לוצ׳נה ראשון לציון,iw,"הלח״י 2, ראשון לציון, 7570686","הלח״י 2, ראשון לציון",yes,לוצ׳נה ראשון לציון,iw,"הלח״י 2, ראשון לציון, 7570686","הלח״י 2, Rishon LeZion",yes
3085,פטריקס PATRICKS פתח תקווה,"תוצרת הארץ 4, פתח תקווה, Israel",פטריקס פתח תקווה | Patrick's Rooftop | כשר | משלוחים,"Totseret ha-Arets St 4, Petah Tikva, Israel",ChIJdwUuaUpJHRURmpA1psuN-JM,פטריקס פתח תקווה | Patrick's Rooftop | כשר | משלוחים,iw,"תוצרת הארץ 4, פתח תקווה","תוצרת הארץ 4, פתח תקווה",yes,פטריקס פתח תקווה | Patrick's Rooftop | כשר | משלוחים,iw,"Totseret ha-Arets St 4, Petah Tikva","Totseret HaArets 4, Petah Tikva",no
3086,סורנטו Sorento,"ברשבסקי 8, ראשון לציון, Israel",Sorento,"Barshavski St 8, Rishon LeZion, Israel",ChIJc9Nes1G0AhURK5FA5ORe17k,סורנטו,iw,"ברשבסקי 8, ראשון לציון","ברשבסקי 8, ראשון לציון",yes,Sorento,en,"Barshavski St 8, Rishon LeZion","Barshavski 8, Rishon LeZion",no
3088,רג'ינה בתחנה,"המרד 3, תל אביב, Israel",Regina Restaurant - Kosher Restaurant in Tel Aviv (Mehadrin Kosher),"מבנה 10 מתחם התחנה, Tel Aviv-Jaffa, Israel",ChIJWf_1vpBMHRURhOAcwCM0aaQ,מסעדת רג'ינה - מסעדה כשרה בתל אביב (כשרות מהדרין),iw,"מבנה 10 מתחם התחנה, תל אביב-יפו","מבנה 10 מתחם התחנה, תל אביב-יפו",yes,Regina Restaurant - Kosher Restaurant in Tel Aviv (Mehadrin Kosher),en,"מבנה 10 מתחם התחנה, Tel Aviv-Jaffa","מבנה 10 מתחם התחנה, Tel Aviv-Jaffa",yes
3089,אוסליבן,"שד' המלאכות 121, מודיעין והסביבה, Israel",O'Sullivan,"ישפרו סנטר, שדרות המלאכות 121, מודיעין מכבים רעות, Israel",ChIJk9sxfebKAhURRt41lFSNfK0,אוסליבן בר מודיעין כשר,iw,"ישפרו סנטר, שדרות המלאכות 121, מודיעין מכבים רעות","ישפרו סנטר, שדרות המלאכות 121, מודיעין מכבים רעות",yes,O'Sullivan,en,"ישפרו סנטר, שדרות המלאכות 121, מודיעין מכבים רעות","ישפרו סנטר, Sderot HaMalhut 121, Modi'in Makabim-Re'ut",yes
3090,לורנץ ומינץ,"שלוש 42, נווה צדק, תל אביב, Israel",לורנץ ומינץ Lorenz and Mintz,"מכון שכטר schechter center, Aharon Chelouche St 42, Tel Aviv-Yafo, 6684521, Israel",ChIJu9q2C5lMHRUR3jpu5-9QCeQ,לורנץ ומינץ,iw,"מכון שכטר schechter center, Aharon Chelouche St 42, Tel Aviv-Yafo, 6684521","מכון שכטר schechter center, שלוש 42, תל אביב-יפו",yes,לורנץ ומינץ Lorenz and Mintz,en,"מכון שכטר schechter center, Aharon Chelouche St 42, Tel Aviv-Yafo, 6684521","מכון שכטר schechter center, Aharon Chelouche 42, Tel Aviv-Jaffa",yes
3091,נוצ'י,"ה באייר 10, כיכר המדינה תל אביב, Israel",נוצ׳י סושי בר,"Hei be-Iyar St 10, Tel Aviv-Yafo, Israel",ChIJQ2uczGVLHRURNxf96GQ1t58,נוצ׳י סושי בר,iw,"ה' באייר 10, תל אביב-יפו","ה' באייר 10, תל אביב-יפו",yes,נוצ׳י סושי בר,iw,"Hei be-Iyar St 10, Tel Aviv-Yafo","He Be'Iyar 10, Tel Aviv-Jaffa",no
3092,נייט שיפט,"ויטל חיים 9, פלורנטין, תל אביב, Israel",Night Shift,"Chayim Vital St 9, Tel Aviv-Yafo, Israel",ChIJ4dAivJBNHRURX2_gWy0JaNA,נייט שיפט - בר מסעדה כשר,iw,"חיים ויטאל 9, תל אביב-יפו","חיים ויטאל 9, תל אביב-יפו",yes,Night Shift,en,"Chayim Vital St 9, Tel Aviv-Yafo","Chayim Vital 9, Tel Aviv-Jaffa",no
3093,מסעדת יוסף,"הברזל 32, רמת החייל, תל אביב, Israel",יוסף רמת החייל,"HaBarzel St 32, Tel Aviv-Yafo, Israel",ChIJ9SJpIn1JHRURzrfwT6Ndub4,יוסף - מסעדת בשרים ברמת החייל | מסעדת שיפודים | שווארמה,iw,"הברזל 32, תל אביב-יפו","הברזל 32, תל אביב-יפו",yes,יוסף רמת החייל,en,"HaBarzel St 32, Tel Aviv-Yafo","HaBarzel 32, Tel Aviv-Jaffa",no
3094,קונה kona,"צאלון 21, מודיעין והסביבה, Israel",קונה סושי,"Tse'elon St 21, Modi'in-Maccabim-Re'ut, Israel",ChIJ_____7TNAhURga5s4ZXm0lA,קונה סושי,iw,"צאלון 21, מודיעין מכבים רעות","צאלון 21, מודיעין מכבים רעות",yes,קונה סושי,iw,"Tse'elon St 21, Modi'in-Maccabim-Re'ut","Tse'elon 21, Modi'in Makabim-Re'ut",no
3096,בוקריה,"דרך יצחק רבין 17, יכין סנטר פתח תקווה, Israel",Bokeria,"מתחם יכין, Derech Yitshak Rabin 17, Petah Tikva, Israel",ChIJK7FJsf9JHRURGL_YZamTpaE,בוקריה,iw,"מתחם יכין, דרך יצחק רבין 17, פתח תקווה","מתחם יכין, דרך יצחק רבין 17, פתח תקווה",yes,Bokeria,en,"מתחם יכין, Derech Yitshak Rabin 17, Petah Tikva","מתחם יכין, Derech Yitshak Rabin 17, Petah Tikva",yes
3099,אושי אושי חולון,"סוקולוב 49, חולון, Israel",Oshi Oshi,"סוקולוב 49 (רשמו בווייז שנקר 45, עמוס בשל עבודות הרכבת הקלה סניף נוסף בקניון חולון, Sokolow 7, Holon, 5826803, Israel",ChIJJbOI0Za2AhURDI3_JD1rhJI,אושי אושי חולון,iw,"סוקולוב 49 (רשמו בווייז שנקר 45, עמוס בשל עבודות הרכבת הקלה סניף נוסף בקניון חולון, סוקולוב 7, חולון, 5826803","עמוס בשל עבודות הרכבת הקלה סניף נוסף בקניון חולון, סוקולוב 49 (רשמו בווייז שנקר 45, סוקולוב 7, חולון",yes,Oshi Oshi,en,"סוקולוב 49 (רשמו בווייז שנקר 45, עמוס בשל עבודות הרכבת הקלה סניף נוסף בקניון חולון, Sokolow 7, Holon, 5826803","עמוס בשל עבודות הרכבת הקלה סניף נוסף בקניון חולון, סוקולוב 49 (רשמו בווייז שנקר 45, Sokolow 7, Holon",yes
3100,לה לזניה,"דיזנגוף 177, תל אביב, Israel",La Lasagna,"Dizengoff St 177, Tel Aviv-Yafo, Israel",ChIJb9QkL4hLHRURG8LPvPfgTKk,לה לזניה,iw,"דיזנגוף 177, תל אביב-יפו","דיזנגוף 177, תל אביב-יפו",yes,La Lasagna,en,"Dizengoff St 177, Tel Aviv-Yafo","Dizengoff 177, Tel Aviv-Jaffa",no
3101,"ד""ר שקשוקה","בית אשל 3, יפו, תל אביב, Israel",Dr Shakshuka,"Beit Eshel St 3, Tel Aviv-Yafo, 6802503, Israel",ChIJU4bks75MHRURY4u0g-aEkmo,"ד""ר שקשוקה",iw,"בית אשל 3, תל אביב-יפו, 6802503","בית אשל 3, תל אביב-יפו",yes,Dr Shakshuka,en,"Beit Eshel St 3, Tel Aviv-Yafo, 6802503","Beit Eshel 3, Tel Aviv-Jaffa",no
3102,רולה טורטיה בר,"כצנלסון 46, גבעתיים, Israel",Rolla Tortilla Bar,"Katzenelson St 46, Giv'atayim, 5320903, Israel",ChIJca3hKvdLHRURWtFjhUp0BGs,רולה טורטיה בר,iw,"כצנלסון 46, גבעתיים, 5320903","כצנלסון 46, גבעתיים",yes,Rolla Tortilla Bar,en,"Katzenelson St 46, Giv'atayim, 5320903","Katsanelson 46, Giv'atayim",no
3104,נגיסה סושי בר,"דרך בן גוריון 13, רמת גן, Israel",Nagisasushi,"David Ben Gurion Rd 13, Ramat Gan, Israel",ChIJ48Xw7StKHRUR3gkSsk_wIAU,נגיסה רמת גן,iw,"דוד בן גוריון 13, רמת גן","דוד בן גוריון 13, רמת גן",yes,Nagisasushi,en,"David Ben Gurion Rd 13, Ramat Gan","David Ben-Gurion 13, Ramat Gan",no
3105,אושי אושי,"האנגר 21, נמל תל-אביב, Israel",Oshi Oshi,"Nemal Tel Aviv St 20-22, Tel Aviv-Yafo, Israel",ChIJRSrzI_ZLHRUR85v7SxwlwMw,אושי אושי,iw,"נמל תל אביב 20-22, תל אביב-יפו","נמל תל אביב 20-22, תל אביב-יפו",yes,Oshi Oshi,en,"Nemal Tel Aviv St 20-22, Tel Aviv-Yafo","Nemal Tel Aviv 20-22, Tel Aviv-Jaffa",no
3106,ביגה,"שד' נים 2, קניון עזריאלי ראשונים, ראשון לציון, Israel",ביגה ראשונים,"Sderot Nim 2, Rishon LeZion, Israel",ChIJWQrBLCS0AhURb_7BJL-0c1w,ביגה,iw,"שדרות נים 2, ראשון לציון","חניון, שדרות נים 2, ראשון לציון",yes,ביגה ראשונים,en,"Sderot Nim 2, Rishon LeZion","Parking lot, Sderot Nim 2, Rishon LeZion",no
3107,רודיס בורגר בר,"זלמן שניאור 16, ראשון לציון, Israel",Rudies Burger Bar,"Sderot Zalman Shne'ur 16, Rishon LeZion, 11111, Israel",ChIJQeb6H-S1AhUR2FtJ0vjMgpg,רודיס בורגר בר,iw,"שדרות זלמן שניאור 16, ראשון לציון, 11111","שדרות זלמן שניאור 16, ראשון לציון",yes,Rudies Burger Bar,en,"Sderot Zalman Shne'ur 16, Rishon LeZion, 11111","Sderot Zalman Shne'ur 16, Rishon LeZion",no
3108,גרל'ה,"שמוטקין 1, ראשון לציון, Israel",גרל׳ה שווארמה,"Binyamin Shmotkin St 1, Rishon LeZion, Israel",ChIJOx3WT1a1AhURpxL8yN9Fn-4,גרל׳ה,iw,"בנימין שמוטקין 1, ראשון לציון","בנימין שמוטקין 1, ראשון לציון",yes,גרל׳ה שווארמה,en,"Binyamin Shmotkin St 1, Rishon LeZion","Binyamin Shmotkin 1, Rishon LeZion",no
3111,השיפוד והמנגל,"בן ציון גליס 4, פתח תקווה, Israel",השיפוד והמנגל,"Ben Tsiyon Galis St 4, Petah Tikva, Israel",ChIJ48WS5lo2HRURzBXbQ7KP2FA,השיפוד והמנגל,iw,"בן ציון גליס 4, פתח תקווה","בן ציון גליס 4, פתח תקווה",yes,השיפוד והמנגל,iw,"Ben Tsiyon Galis St 4, Petah Tikva","Ben Zion Galis 4, Petah Tikva",no
3113,לחם בשר נמל תל אביב,"האנגר 14, נמל תל-אביב, Israel",Lechem Basar,"Yorde Hasira 1, Hanger 14, Tel Aviv-Yafo, Israel",ChIJ9cF5eApMHRURdG7zR8RlAxA,לחם בשר,iw,"Yorde Hasira 1, Hanger 14, תל אביב-יפו","Yorde Hasira 1, Hanger 14, תל אביב-יפו",yes,Lechem Basar,en,"Yorde Hasira 1, Hanger 14, Tel Aviv-Yafo","Yorde Hasira 1, Hanger 14, Tel Aviv-Jaffa",no
3115,מפגש ובשר,"השדרה המרכזית 15, מודיעין והסביבה, Israel",מיט אנד מיט Meet&Meat,"השדירה המרכזית 15 ליגד סנטר 1, Modi'in Makabim-Re'ut, 7173002, Israel",ChIJRYKwaXbNAhURH3cRQSm93ls,מיט אנד מיט Meet&Meat,en,"השדירה המרכזית 15 ליגד סנטר 1, מודיעין מכבים רעות, 7173002","השדירה המרכזית 15 ליגד סנטר 1, מודיעין מכבים רעות",yes,מיט אנד מיט Meet&Meat,en,"השדירה המרכזית 15 ליגד סנטר 1, Modi'in Makabim-Re'ut, 7173002","השדירה המרכזית 15 ליגד סנטר 1, Modi'in Makabim-Re'ut",yes
3116,פדריק,"הקדר 2, מודיעין והסביבה, Israel",Fedrik,"Ha-Kadar St 2, Modi'in-Maccabim-Re'ut, Israel",ChIJP82s2qXOAhURvMnedlocMTY,פדריק,iw,"הקדר 2, מודיעין מכבים רעות","הקדר 2, מודיעין מכבים רעות",yes,Fedrik,en,"Ha-Kadar St 2, Modi'in-Maccabim-Re'ut","HaKadar 2, Modi'in Makabim-Re'ut",no
3117,הגלריה לאירועים בנמל,"יורדי הסירה 1, נמל תל-אביב, Israel",יורדי הסירה - אולם אירועים על הים בתל אביב,"Kaf Gimel Yordei ha-Sira St 1, Tel Aviv-Yafo, 6350801, Israel",ChIJebf5sKRNHRURPPDdS7sobMQ,יורדי הסירה - אולם אירועים על הים בתל אביב,iw,"יורדי הסירה 1, תל אביב-יפו, 6350801","יורדי הסירה 1, תל אביב-יפו",yes,יורדי הסירה - אולם אירועים על הים בתל אביב,iw,"Kaf Gimel Yordei ha-Sira St 1, Tel Aviv-Yafo, 6350801","Kaf Gimel Yordei HaSira 1, Tel Aviv-Jaffa",no
3119,טורקיש גריל,"העבודה 2, אור יהודה, Israel",טורקיש גריל אור יהודה,"Ha-Avoda St 2, Or Yehuda, 6026621, Israel",ChIJxWZRGANLHRURSH3IjDAEElo,טורקיש גריל אור יהודה,iw,"העבודה 2, אור יהודה, 6026621","העבודה 2, אור יהודה",yes,טורקיש גריל אור יהודה,iw,"Ha-Avoda St 2, Or Yehuda, 6026621","HaAvoda 2, Or Yehuda",no
3120,חומוס בנגל,"המכונאי 2, מודיעין והסביבה, Israel",Bengal Hummus,"Ha-Mekhonai St 2, Modi'in-Maccabim-Re'ut, Israel",ChIJddrLQK_OAhUR-7The2xPEyU,חומוס בנגל,iw,"המכונאי 2, מודיעין מכבים רעות","המכונאי 2, מודיעין מכבים רעות",yes,Bengal Hummus,en,"Ha-Mekhonai St 2, Modi'in-Maccabim-Re'ut","HaMechonai 2, Modi'in Makabim-Re'ut",no
3121,ג'אפן ג'אפן,"מנחם בגין 30, קניון עופר הגבעה, גבעת שמואל, Israel",ג'אפן ג'אפן גבעת שמואל | JAPAN JAPAN GIVAT SHMUEL,"Mota Gur St 14, Giv'at Shmuel, 5442214, Israel",ChIJeZchSIBLHRURYgfdByZ2ZAg,ג'אפן ג'אפן גבעת שמואל | JAPAN JAPAN GIVAT SHMUEL,iw,"מוטה גור 14, גבעת שמואל, 5442214","מוטה גור 14, גבעת שמואל",yes,ג'אפן ג'אפן גבעת שמואל | JAPAN JAPAN GIVAT SHMUEL,iw,"Mota Gur St 14, Giv'at Shmuel, 5442214","Mota Gur 14, Giv'at Shmu'el",no
3127,סאי סושי,"תובל 9, מתחם הבורסה, רמת גן, Israel",סאי סושי בר | כשר,"Tuval St 9, Ramat Gan, 5252224, Israel",ChIJA-TXPvlLHRURnvZAQpQBiUs,סאי סושי בר | כשר,iw,"תובל 9, רמת גן, 5252224","תובל 9, רמת גן",yes,סאי סושי בר | כשר,iw,"Tuval St 9, Ramat Gan, 5252224","Tuval 9, Ramat Gan",no
3128,הפינה של סער,"צבי ישי 10, יהוד, Israel",הפינה של סער,"Tsvi Yishai St 10, Yehud-Monosson, Israel",ChIJqTAl-As1HRUR00pXN89JrkA,הפינה של סער,iw,"צבי ישי 10, יהוד מונוסון","צבי ישי 10, יהוד מונוסון",yes,הפינה של סער,iw,"Tsvi Yishai St 10, Yehud-Monosson","Tsvi Yishai 10, Yahud Monoson",no
3130,מאנצ'י טוסט,"אבא אחימאיר 15, רמלה, Israel",מאנצ'י טוסט,"Abba Ahimeir St 15, Ramla, 7228408, Israel",ChIJy5SAGBLKAhURswyLl4c3QeQ,מאנצ'י טוסט,iw,"אבא אחימאיר 15, רמלה, 7228408","אבא אחימאיר 15, רמלה",yes,מאנצ'י טוסט,en,"Abba Ahimeir St 15, Ramla, 7228408","Abba Ahimeir 15, Ramla",no
3133,מיט סטריט,"הדקל 30, מרכז מסחרי שהם, שוהם, Israel",MEAT STREET,"Dekel St 30, Shoham, 6082280, Israel",ChIJsfyG-eIzHRURd8YLwSmGHro,MEAT STREET,iw,"דקל 30, שוהם, 6082280","דקל 30, שוהם",yes,MEAT STREET,iw,"Dekel St 30, Shoham, 6082280","Dekel 30, Shoham",no
3134,פיתה היט,"מבצע קדש 55, פרדס כץ, בני ברק, Israel",Pita Hit,"Mivtsa Kadesh St 55, Bnei Brak, Israel",ChIJS6xD0IdJHRUReedFz6XDb6A,פיתה היט,iw,"מבצע קדש 55, בני ברק","מבצע קדש 55, בני ברק",yes,Pita Hit,en,"Mivtsa Kadesh St 55, Bnei Brak","Mivtsa Kadesh 55, Bnei Brak",no
3136,ניו דלי,"ז'בוטינסקי 72, הקניון הגדול, פתח תקווה, Israel",ניודלי Newdeli,"הקניון הגדול, ז'בוטינסקי 72, Petah Tikva, 4968101, Israel",ChIJv9FOWV83HRURs32DswV9Jbg,ניודלי Newdeli,en,"הקניון הגדול, ז'בוטינסקי 72, פתח תקווה, 4968101","הקניון הגדול, ז'בוטינסקי 72",yes,ניודלי Newdeli,en,"הקניון הגדול, ז'בוטינסקי 72, Petah Tikva, 4968101","הקניון הגדול, ז'בוטינסקי 72",yes
3138,פיצה אנד טורטיה,"אלנבי 79, תל אביב, Israel",פיצה אנד טורטיה,"Allenby St 79, Tel Aviv-Yafo, Israel",ChIJNwTEVYJMHRURxHL9y-brYF0,פיצה אנד טורטיה,iw,"אלנבי 79, תל אביב-יפו","אלנבי 79, תל אביב-יפו",yes,פיצה אנד טורטיה,iw,"Allenby St 79, Tel Aviv-Yafo","Allenby 79, Tel Aviv-Jaffa",no
3143,ארקפה,"מצדה (כנרת) 5, פרדס כץ, בני ברק, Israel",Arcaffè,"Kinneret St 5, Bnei Brak, 6515252, Israel",ChIJPZfqeylKHRURu7w6lhJZ1eg,ארקפה,iw,"כינרת 5, בני ברק, 6515252","כינרת 5, בני ברק",yes,Arcaffè,en,"Kinneret St 5, Bnei Brak, 6515252","Kinneret 5, Bnei Brak",no
3144,הפלאפל של הרצל,"צאלון 21, מודיעין והסביבה, Israel",הפלאפל של הרצל,"Tse'elon St 21, Modi'in-Maccabim-Re'ut, Israel",ChIJ0xU1fb3NAhURuuTXx9dyANg,הפלאפל של הרצל,iw,"צאלון 21, מודיעין מכבים רעות","צאלון 21, מודיעין מכבים רעות",yes,הפלאפל של הרצל,iw,"Tse'elon St 21, Modi'in-Maccabim-Re'ut","Tse'elon 21, Modi'in Makabim-Re'ut",no
3146,"פאנץ' ליין-המלצרים המזמרים בע""מ","הארבעה 14, תל אביב, Israel",פאנץ' ליין תל אביב - המלצרים המזמרים - PunchLine TLV,"HaArba'a St 14, Tel Aviv-Yafo, 6473914, Israel",ChIJaS9EdnhLHRUR4LqwbtAUwQs,פאנץ' ליין תל אביב - המלצרים המזמרים - PunchLine TLV,iw,"הארבעה 14, תל אביב-יפו, 6473914","הארבעה 14, תל אביב-יפו",yes,פאנץ' ליין תל אביב - המלצרים המזמרים - PunchLine TLV,en,"HaArba'a St 14, Tel Aviv-Yafo, 6473914","HaArba'a 14, Tel Aviv-Jaffa",no
3148,גולן גורמה,"אצ""ל 33, ראשון לציון, Israel",גולן גורמה - קונדיטוריה,"Etsel St 33, Rishon LeZion, Israel",ChIJqaJE0oSzAhURAn5QxyVBaKw,גולן גורמה - קונדיטוריה,iw,"אצ""ל 33, ראשון לציון","אצ""ל 33, ראשון לציון",yes,גולן גורמה - קונדיטוריה,iw,"Etsel St 33, Rishon LeZion","Etsel 33, Rishon LeZion",no
3150,"קיוטו נאי ראשל""צ","ילדי טהרן 7, ראשון לציון, Israel",קיוטו נאי,"Yaldei Teheran St 7, Rishon LeZion, 7565843, Israel",ChIJUdujOQqzAhURz55t9xxFiA0,קיוטו נאי,en,"ילדי טהרן 7, ראשון לציון, 7565843","ילדי טהרן 7, ראשון לציון",yes,קיוטו נאי,en,"Yaldei Teheran St 7, Rishon LeZion, 7565843","Yaldei Teheran 7, Rishon LeZion",no
3155,חומוס הר הברכה,"ברקת 9, פתח תקווה, Israel",Hummus har-bracha,"Bareket St 9, Petah Tikva, Israel",ChIJn-yR4_5JHRURFLvnfFWioIk,חומוס הר ברכה,iw,"ברקת 9, פתח תקווה","ברקת 9, פתח תקווה",yes,Hummus har-bracha,en,"Bareket St 9, Petah Tikva","Bareket 9, Petah Tikva",no
3157,פלאפלנד,"ביאליק 77, רמת גן, Israel",פלאפלנד,"Bialik St 76, Ramat Gan, Israel",ChIJT9k3UYVLHRUR0JZn34Z9B_8,פלאפלנד,iw,"ביאליק 76, רמת גן","ביאליק 76, רמת גן",yes,פלאפלנד,iw,"Bialik St 76, Ramat Gan","Bialik 76, Ramat Gan",no
3159,בליקר בייקרי,"סחרוב דוד 21, קניון הזהב, ראשון לציון, Israel",Bleeker Bakery,"David Saharov St 19, Rishon LeZion, Israel",ChIJww34j4CzAhURXdRtwUyrrfQ,Bleeker Bakery,en,"דוד סחרוב 19, ראשון לציון","דוד סחרוב 19, ראשון לציון",yes,Bleeker Bakery,en,"David Saharov St 19, Rishon LeZion","David Saharov 19, Rishon LeZion",no
3161,קנסאי סושי,"רפאל איתן 3, פתח תקווה, Israel",Kansai,"Refa'el Eitan St 3, Petah Tikva, Israel",ChIJWXvUPD82HRURmNAs6sD9Iic,קנסאי פתח תקווה,iw,"רפאל איתן 3, פתח תקווה","רפאל איתן 3, פתח תקווה",yes,Kansai,en,"Refa'el Eitan St 3, Petah Tikva","Refa'el Eitan 3, Petah Tikva",no
3167,שמש,"התקוה 13, שכונת התקווה, תל אביב, Israel",מסעדת שמש,"HaTikva St 13, Tel Aviv-Yafo, Israel",ChIJiSs9VGlLHRURHoU6bDqWUCs,מסעדת שמש,iw,"התקווה 13, תל אביב-יפו","שוק התקווה, התקווה 13, תל אביב-יפו",yes,מסעדת שמש,iw,"HaTikva St 13, Tel Aviv-Yafo","Htikva market, HaTikva 13, Tel Aviv-Jaffa",no
3168,גשן,"נחלת בנימין 30, תל אביב, Israel",Goshen,"Nahalat Binyamin St 30, Tel Aviv-Yafo, Israel",ChIJt3P6GINMHRUR7IBCd_smT8U,גשן,iw,"נחלת בנימין 30, תל אביב-יפו","נחלת בנימין 30, תל אביב-יפו",yes,Goshen,en,"Nahalat Binyamin St 30, Tel Aviv-Yafo","Nahalat Binyamin 30, Tel Aviv-Jaffa",no
3173,פיצה בכיכר,"ארבע עונות 16, לוד, Israel",פיצה ארבע עונות,"Arba Onot St 16, Lod, Israel",ChIJNb9ykWHKAhURiLEsW-U1yxY,פיצה ארבע עונות,iw,"ארבע עונות 16, לוד","ארבע עונות 16, לוד",yes,פיצה ארבע עונות,iw,"Arba Onot St 16, Lod","Arba Onot 16, Lod",no
3174,פיצה שמש רמלה,"מבצע יונתן 8, רמלה, Israel",פיצה שמש רמלה מבצע יונתן 8,"Mivtsa Yehonatan St 8, Ramla, 7250414, Israel",ChIJW3xt_wC3AhURU_l5A7dEbU4,פיצה שמש רמלה מבצע יונתן 8,iw,"מבצע יהונתן 8, רמלה, 7250414","מבצע יהונתן 8, רמלה",yes,פיצה שמש רמלה מבצע יונתן 8,iw,"Mivtsa Yehonatan St 8, Ramla, 7250414","Mivtsa Yehonatan 8, Ramla",no
3175,קפה רומי,"צאלון 21, מודיעין והסביבה, Israel",קפה רומי,"מודיעין סנטר, Tse'elon 21, Modi'in Makabim-Re'ut, Israel",ChIJMWWB1VzNAhURp3AM097q40w,קפה רומי,iw,"מודיעין סנטר, צאלון 21, מודיעין מכבים רעות","מודיעין סנטר, צאלון 21, מודיעין מכבים רעות",yes,קפה רומי,iw,"מודיעין סנטר, Tse'elon 21, Modi'in Makabim-Re'ut","מודיעין סנטר, Tse'elon 21, Modi'in Makabim-Re'ut",yes
3177,אושי אושי מודיעין-מכבים-רעות,"שד' עומרים, מודיעין והסביבה, Israel",אושי אושי מודיעין מכבים רעות,"מרכז מסחרי לב, שדרות עומרים, מודיעין מכבים רעות, Israel",ChIJH3cPRH7NAhURgrkvit_WLSo,אושי אושי מודיעין מכבים רעות,iw,"מרכז מסחרי לב, שדרות עומרים, מודיעין מכבים רעות","מרכז מסחרי לב, שדרות עומרים, מודיעין מכבים רעות",yes,אושי אושי מודיעין מכבים רעות,en,"מרכז מסחרי לב, שדרות עומרים, מודיעין מכבים רעות","מרכז מסחרי לב, Sderot Omarim, Modi'in Makabim-Re'ut",yes
3180,רולדין,"פנחס אילון 13, חולון, Israel",Roladin,"MY MALL, Pinkhas Eilon St 13, Holon, Israel",ChIJiSQswp60AhURHM5mHTmLFD8,רולדין,iw,"MY MALL, Pinkhas Eilon St 13, Holon","MY MALL, פנחס אילון 13, חולון",no,Roladin,en,"MY MALL, Pinkhas Eilon St 13, Holon","MY MALL, Pinhas Eilon 13, Holon",no
3184,בית מאפה ברכת שמיים,"לנדאו חיים 16, חולון, Israel",פיצה ברכת שמיים,"Haim Landau St 16, Holon, Israel",ChIJkxsK6LizAhURAXMSA1vPPw8,פיצה ברכת שמיים,iw,"חיים לנדאו 16, חולון","חיים לנדאו 16, חולון",yes,פיצה ברכת שמיים,iw,"Haim Landau St 16, Holon","Haim Landau 16, Holon",no
3185,רוטיסרי צ'יקן קלאב שרונה תל אביב,"אלוף קלמן מגן 3, מתחם שרונה, תל אביב, Israel",Rotisserie Chicken Club,"Aluf Kalman Magen St 3, Tel Aviv-Yafo, 6107075, Israel",ChIJx_rfyJVLHRURjw039TC7t2k,רוטיסרי צ'יקן קלאב שרונה מרקט,iw,"אלוף קלמן מגן 3, תל אביב-יפו, 6107075","מתחם שרונה, אלוף קלמן מגן 3, תל אביב-יפו",yes,Rotisserie Chicken Club,en,"Aluf Kalman Magen St 3, Tel Aviv-Yafo, 6107075","מתחם שרונה, Aluf Kalman Magen 3, Tel Aviv-Jaffa",no
3189,קפה לוגאנו,"החוגה 2, רמת אפעל, Israel",Café Lugano,"Hahuga St 2, Ramat Gan, 5290370, Israel",ChIJhdpZpTlLHRURWdgPiXLbJk4,קפה לוגאנו,iw,"החוגה 2, רמת גן, 5290370","החוגה 2, רמת גן",yes,Café Lugano,en,"Hahuga St 2, Ramat Gan, 5290370","Hahuga 2, Ramat Gan",no
3190,דני בתי מאפה,"הזיתים 96, גבעת שמואל, Israel",דני בתי מאפה Danni's Bakery,"Ha-Zeitim St 96, Giv'at Shmuel, Israel",ChIJsVZ93wJKHRURHPRgaJCLTpo,דני בתי מאפה Danni's Bakery,iw,"הזיתים 96, גבעת שמואל","הזיתים 96, גבעת שמואל",yes,דני בתי מאפה Danni's Bakery,iw,"Ha-Zeitim St 96, Giv'at Shmuel","HaZeitim 96, Giv'at Shmu'el",no
3194,ג'אפו,"מצדה (כנרת) 9, פרדס כץ, בני ברק, Israel",ג'אפו בסר בני ברק- Japo,"Metsada St 9, Bnei Brak, Israel",ChIJsaQpwMpLHRURvg7RTmWhP88,ג'אפו בסר בני ברק- Japo,iw,"מצדה 9, בני ברק","מצדה 9, בני ברק",yes,ג'אפו בסר בני ברק- Japo,iw,"Metsada St 9, Bnei Brak","Mesada 9, Bnei Brak",no
3195,רחל המבשלת-אוכל טבעוני,"כהנמן 104, בני ברק, Israel",פיצה רחל,"Bar Yohai St 4, Bnei Brak, Israel",ChIJAy81y5BLHRUR6Q2UdmcKaAk,פיצה רחל,iw,"בר יוחאי 4, בני ברק","בר יוחאי 4, בני ברק",yes,פיצה רחל,iw,"Bar Yohai St 4, Bnei Brak","Bar Yohai 4, Bnei Brak",no
3198,מיסטיק פיצה דופלוס,"כצנלסון 9, גבעתיים, Israel",Mystic Pizza Douplus,"Katzenelson St 9, Giv'atayim, Israel",ChIJ7ZpzP7tLHRURFljFHl9W0Us,מיסטיק פיצה,iw,"כצנלסון 9, גבעתיים","כצנלסון 9, גבעתיים",yes,Mystic Pizza Douplus,en,"Katzenelson St 9, Giv'atayim","Katsanelson 9, Giv'atayim",no
3201,מאפו,"מאפו 9, תל אביב, Israel",Mapu St 9,"Mapu St 9, Tel Aviv-Yafo, Israel",ChIJP6sNRHlMHRURgyTZNTKVzTY,מאפו 9,,"מאפו 9, תל אביב-יפו","מאפו 9, תל אביב-יפו",yes,Mapu St 9,,"Mapu St 9, Tel Aviv-Yafo","Mapu 9, Tel Aviv-Jaffa",no
3202,פיצה P2,"כצנלסון 45, גבעתיים, Israel",Pizza P2 גבעתיים,"Katzenelson St 45, Giv'atayim, Israel",ChIJ9e2ckrpLHRUR_OXIGmb65Bk,"פיצה פי 2 בד""צ",iw,"כצנלסון 45, גבעתיים","כצנלסון 45, גבעתיים",yes,Pizza P2 גבעתיים,en,"Katzenelson St 45, Giv'atayim","Katsanelson 45, Giv'atayim",no
3204,דומינו'ס פיצה,"העצמאות 65, פתח תקווה, Israel",Domino's Pizza,"קניון גנים, HaAtsmaut 65, Petah Tikva, Israel",ChIJ85qzQfo1HRURrW4TpOUHlaA,דומינו'ס פיצה פתח תקווה כפר גנים - כשר למהדרין,iw,"קניון גנים, העצמאות 65, פתח תקווה","קניון גנים, העצמאות 65, פתח תקווה",yes,Domino's Pizza,en,"קניון גנים, HaAtsmaut 65, Petah Tikva","קניון גנים, HaAtsmaut 65, Petah Tikva",yes
3205,בא לי קובה,"שד' קוגל חיים 29, חולון, Israel",בא לי קובה,"Sderot Kugel 29, Holon, Israel",ChIJOfzEAai0AhURTgpU5-K3dpg,בא לי קובה,iw,"שדרות קוגל 29, חולון","שדרות קוגל 29, חולון",yes,בא לי קובה,en,"Sderot Kugel 29, Holon","Sderot Kugel 29, Holon",no
3206,בונז'ור מלך השווארמה,"הרצל 64, לוד, Israel",Shawarma king,"Herzl St 64, Lod, Israel",ChIJrUxtSfjKAhURrZF4NoL4En4,מלך השווארמה לוד-מסעדה כשרה בלוד | שווארמה בלוד | מסעדת בשרים בלוד |,iw,"הרצל 64, לוד","הרצל 64, לוד",yes,Shawarma king,en,"Herzl St 64, Lod","Herzl 64, Lod",no
3210,קיורטוש,"הכרמל 11, שוק הכרמל, תל אביב, Israel",קיורטוש,"HaCarmel St 11, Tel Aviv-Yafo, 6560455, Israel",ChIJpxtdi4NNHRUR98JOxv85kQc,קיורטוש,en,"הכרמל 11, תל אביב-יפו, 6560455","הכרמל 11, תל אביב-יפו",yes,קיורטוש,en,"HaCarmel St 11, Tel Aviv-Yafo, 6560455","HaCarmel 11, Tel Aviv-Jaffa",no
3211,אחים חירק,"שטמפפר 39, פתח תקווה, Israel",מסעדת האחים חירק,"Yehoshua Shtampfer St 39, Petah Tikva, Israel",ChIJRbZnXmw2HRURvNjkRItuPhY,מסעדת האחים חירק,iw,"יהושע שטמפפר 39, פתח תקווה","יהושע שטמפפר 39, פתח תקווה",yes,מסעדת האחים חירק,iw,"Yehoshua Shtampfer St 39, Petah Tikva","Yehoshua Shtampfer 39, Petah Tikva",no
3214,בורה בורה,"דרך בן גוריון 96, טיילת בת ים, Israel",בורה בורה בת ים,"Derech Ben Gurion 96, Bat Yam, Israel",ChIJY_-KzAWzAhURtpb1JLrZJK4,בורה בורה בת ים,iw,"דרך בן גוריון 96, בת ים","דרך בן גוריון 96, בת ים",yes,בורה בורה בת ים,iw,"Derech Ben Gurion 96, Bat Yam","Derech Ben Gurion 96, Bat Yam",no
3215,בית הפרגית פתח תקווה,"בר כוכבא 35, פתח תקווה, Israel",בית הפרגית,"Bar Kochva St 35, Petah Tikva, Israel",ChIJTy577Wg3HRURURLYaG6plGk,בית הפרגית,iw,"בר כוכבא 35, פתח תקווה","בר כוכבא 35, פתח תקווה",yes,בית הפרגית,iw,"Bar Kochva St 35, Petah Tikva","Bar Kochva 35, Petah Tikva",no
3218,מיץ מרק,"כצנלסון 49, גבעתיים, Israel",Juice Soup,"Katzenelson St 49, Giv'atayim, Israel",ChIJ14hNjrpLHRUR9iBrr3GrVCs,מיץ מרק,iw,"כצנלסון 49, גבעתיים","כצנלסון 49, גבעתיים",yes,Juice Soup,en,"Katzenelson St 49, Giv'atayim","Katsanelson 49, Giv'atayim",no
3223,שווארמה ויקטור,"שנקר אריה 5, פתח תקווה, Israel",שוארמה ויקטור,"Arye Shenkar St 5, Petah Tikva, Israel",ChIJFYdWxvtJHRURsmzZ4-Bzf8E,שוארמה ויקטור,iw,"אריה שנקר 5, פתח תקווה","אריה שנקר 5, פתח תקווה",yes,שוארמה ויקטור,iw,"Arye Shenkar St 5, Petah Tikva","Arieh Shenkar 5, Petah Tikva",no
3225,האופה מבגדד,"רוטשילד 45, בת ים, Israel",האופה מבגדד,"Rothschild St 40, Bat Yam, 59876, Israel",ChIJ_a1ANAezAhURRKM1qpUK5q8,האופה מבגדד,iw,"רוטשילד 40, בת ים, 59876","רוטשילד 40, בת ים",yes,האופה מבגדד,iw,"Rothschild St 40, Bat Yam, 59876","Rothschild 40, Bat Yam",no
3227,רולדין,"העצמאות 65, פתח תקווה, Israel",Roladin,"HaAtsmaut St 65, Petah Tikva, Israel",ChIJdUJ3aPo1HRURG2DMxaDP17s,רולדין | כשר,iw,"העצמאות 65, פתח תקווה","העצמאות 65, פתח תקווה",yes,Roladin,en,"HaAtsmaut St 65, Petah Tikva","HaAtsmaut 65, Petah Tikva",no
3229,בשר 34,"שד' ישראל גורי 34, תל אביב, Israel",Meat 34,"Israel Guri, תל אביב-יפו, 6683015, Israel",ChIJD-UKyPZLHRUROZjy_H7-o6s,Meat 34,en,"Israel Guri, תל אביב-יפו, 6683015","Israel Guri, תל אביב-יפו",yes,Meat 34,en,"Israel Guri, תל אביב-יפו, 6683015","Israel Guri, Tel Aviv-Jaffa",yes
3231,פלאפל שווארמה נדב,"חיים עוזר 38, פתח תקווה, Israel","Falafel, shawarma Nadav","Khayim Ozer St 38, Petah Tikva, Israel",ChIJDQXNUHI2HRUR9AJg4NAlkuw,נדב שווארמה & פלאפל - פלאפל שווארמה בפתח תקווה כשר,iw,"חיים עוזר 38, פתח תקווה","חיים עוזר 38, פתח תקווה",yes,"Falafel, shawarma Nadav",en,"Khayim Ozer St 38, Petah Tikva","Haim Ozer 38, Petah Tikva",no
3232,מקדונלד'ס,"נחלת יצחק 20, תל אביב, Israel",McDonald's,"Nakhalat Yitskhak St 20, Tel Aviv-Yafo, 6744818, Israel",ChIJK-q7waJLHRUR2-xcYwKJCuA,מקדונלד'ס - מגדלי תל אביב,iw,"נחלת יצחק 20, תל אביב-יפו, 6744818","נחלת יצחק 20, תל אביב-יפו",yes,McDonald's,en,"Nakhalat Yitskhak St 20, Tel Aviv-Yafo, 6744818","Nahalat Yitshak 20, Tel Aviv-Jaffa",no
3235,טורק לחמג'ון,"נחלת בנימין 77, תל אביב, Israel",Turk Lahmajoun,"Nahalat Binyamin St 77, Tel Aviv-Yafo, Israel",ChIJ87mRDp1MHRURw9D2LPLGRCE,טורק לחמג'ון,iw,"נחלת בנימין 77, תל אביב-יפו","נחלת בנימין 77, תל אביב-יפו",yes,Turk Lahmajoun,en,"Nahalat Binyamin St 77, Tel Aviv-Yafo","Nahalat Binyamin 77, Tel Aviv-Jaffa",no
3236,אווז 6,"המלאכה 6, אזור תעשייה צפוני, לוד, Israel",אווז 6,"HaMelacha St 6, Lod, Israel",ChIJHzFzdubKAhURYksTfl0trmo,אווז 6,iw,"המלאכה 6, לוד","המלאכה 6, לוד",yes,אווז 6,iw,"HaMelacha St 6, Lod","HaMelacha 6, Lod",no
3237,פיצה כמעט חינם,"ז'בוטינסקי 12, פרדס כץ, בני ברק, Israel",פיצה כמעט חינם בני ברק,"Jabotinsky St 12, Bnei Brak, Israel",ChIJj7LyD5BLHRURen3XhEcLhu4,פיצה כמעט חינם בני ברק,iw,"רחוב זאב ז'בוטינסקי 12, בני ברק","רחוב זאב ז'בוטינסקי 12, בני ברק",yes,פיצה כמעט חינם בני ברק,iw,"Jabotinsky St 12, Bnei Brak","Derech Zeev Jabutinsky 12, Bnei Brak",no
3241,פנקינה,"גורדון 39, דיזנגוף, תל אביב, Israel",Pankina,"J. L. Gordon St 39, Tel Aviv-Yafo, Israel",ChIJ5xxpcXhMHRUR8MwMg2WAlAc,פנקינה,iw,"גורדון 39, תל אביב-יפו","גורדון 39, תל אביב-יפו",yes,Pankina,en,"J. L. Gordon St 39, Tel Aviv-Yafo","Gordon 39, Tel Aviv-Jaffa",no
3242,cofix,"חיים עוזר 12, פתח תקווה, Israel",cofix,"Khayim Ozer St 12, Petah Tikva, Israel",ChIJmfbuem02HRURte2yxNepkF4,"קופיקס, חיים עוזר, פתח תקווה",iw,"חיים עוזר 12, פתח תקווה","חיים עוזר 12, פתח תקווה",yes,cofix,en,"Khayim Ozer St 12, Petah Tikva","Haim Ozer 12, Petah Tikva",no
3244,חומוס אליהו,"שד' עמק איילון 32, שוהם, Israel",חומוס אליהו שוהם,"Sderot Emek Ayalon 32, Shoham, Israel",ChIJUYOuT9k1HRURrGw1iSYWKtI,חומוס אליהו שוהם,iw,"שדרות עמק איילון 32, שוהם","שדרות עמק איילון 32, שוהם",yes,חומוס אליהו שוהם,iw,"Sderot Emek Ayalon 32, Shoham","Sderot Emek Ayalon 32, Shoham",no
3245,חומוס אליהו רמת גן,"זיסמן שלום 3, מתחם הבורסה, רמת גן, Israel",Hummus Eliyahu,"Zisman Shalom St 3, Ramat Gan, Israel",ChIJiSoZOb9LHRURvN81ls7EDBA,חומוס אליהו בורסה,iw,"זיסמן שלום 3, רמת גן","זיסמן שלום 3, רמת גן",yes,Hummus Eliyahu,en,"Zisman Shalom St 3, Ramat Gan","Zisman Shalom 3, Ramat Gan",no
3249,בית התבשיל והסנדוויץ,"נורדאו מקס 3, טיילת בת ים, Israel",בית הסנדביץ,"Max Nordau St 3, Bat Yam, Israel",ChIJ-R46wxqzAhURcQlPu6wJ94c,בית התבשיל,iw,"מקס נורדאו 3, בת ים","מקס נורדאו 3, בת ים",yes,בית הסנדביץ,en,"Max Nordau St 3, Bat Yam","Max Nordau 3, Bat Yam",no
3250,פיצה שמש,"צרעה 3, תל אביב, Israel",פיצה שמש כפר שלם צרעה 3,"Tsora St 3, Tel Aviv-Yafo, Israel",ChIJJZxEX4hLHRURjGvrChwq6xU,פיצה שמש כפר שלם צרעה 3,iw,"צרעה 3, תל אביב-יפו","צרעה 3, תל אביב-יפו",yes,פיצה שמש כפר שלם צרעה 3,iw,"Tsora St 3, Tel Aviv-Yafo","Tsora 3, Tel Aviv-Jaffa",no
3251,אצל ציון,"הירקון 61, תל אביב, Israel",אצל ציון שניצל,"HaYarkon St 61, Tel Aviv-Yafo, Israel",ChIJn2nxYodMHRURwVrNCIuCaqo,אצל ציון שניצל,iw,"הירקון 61, תל אביב-יפו","הירקון 61, תל אביב-יפו",yes,אצל ציון שניצל,iw,"HaYarkon St 61, Tel Aviv-Yafo","HaYarkon 61, Tel Aviv-Jaffa",no
3252,פלאפל גוזל וציונה,"המכבים 29, פתח תקווה, Israel",גוזל וציונה,"HaMaccabim St 29, Petah Tikva, Israel",ChIJVVVVVRQ2HRURCz7gdJsEYsE,גוזל וציונה,iw,"המכבים 29, פתח תקווה","המכבים 29, פתח תקווה",yes,גוזל וציונה,iw,"HaMaccabim St 29, Petah Tikva","HaMaccabim 29, Petah Tikva",no
3256,טוקיו סושי,"תובל 21, מתחם הבורסה, רמת גן, Israel","טוקיו סושי, בורסת היהלומים","Tuval St 21, Ramat Gan, Israel",ChIJFcNItLhLHRURbj6T-_UK_Vc,"טוקיו סושי, בורסת היהלומים",iw,"תובל 21, רמת גן","תובל 21, רמת גן",yes,"טוקיו סושי, בורסת היהלומים",iw,"Tuval St 21, Ramat Gan","Tuval 21, Ramat Gan",no
3257,פלאפל יקי'ס,"ארלוזורוב 81, רמת גן, Israel",פלאפל יקי'ס,"Arlozorov St 81, Ramat Gan, Israel",ChIJoyfaWrhLHRUR-28G_xizcpM,פלאפל יקי'ס,en,"ארלוזורוב 81, רמת גן","ארלוזורוב 81, רמת גן",yes,פלאפל יקי'ס,en,"Arlozorov St 81, Ramat Gan","Arlozorov 81, Ramat Gan",no
3258,זד בורגר Z BURGER חולון,"שנקר אריה 46, חולון, Israel",Z Burger,"Arye Shenkar St 46, Holon, Israel",ChIJTfEvxae0AhURxfCzOauzCkM,זד בורגר חולון,iw,"אריה שנקר 46, חולון","אריה שנקר 46, חולון",yes,Z Burger,en,"Arye Shenkar St 46, Holon","Arieh Shenkar 46, Holon",no
3259,יאמי יאמי,"שד' הרצל 54, רמלה, Israel",יאמי יאמי,"Sderot Herzl 54, Ramla, Israel",ChIJF9iySQXKAhURP9uAEbX-Nww,יאמי יאמי,iw,"שדרות הרצל 54, רמלה","שדרות הרצל 54, רמלה",yes,יאמי יאמי,iw,"Sderot Herzl 54, Ramla","Sderot Herzl 54, Ramla",no
3262,פיצה מאמא & פאפא,"שילה 99, ראש העין, Israel",פיצה מאמא אנד פאפא,"Shilo St 99, Rosh Haayin, Israel",ChIJQ35RUi4xHRURal-sZqh_hIo,פיצה מאמא אנד פאפא,iw,"שילה 99, ראש העין","שילה 99, ראש העין",yes,פיצה מאמא אנד פאפא,iw,"Shilo St 99, Rosh Haayin","Shilo 99, Rosh Haayin",no
3263,חומוס אליהו אור יהודה,"המפעל 13, אור יהודה, Israel",חומוס אליהו אור יהודה,"Ha-Mif'al St 13, Or Yehuda, Israel",ChIJ4ToWoAFLHRURiHBvj5kjXCU,חומוס אליהו אור יהודה,iw,"המפעל 13, אור יהודה","המפעל 13, אור יהודה",yes,חומוס אליהו אור יהודה,iw,"Ha-Mif'al St 13, Or Yehuda","HaMif'al 13, Or Yehuda",no
3268,פיצה שמש,"כהנמן 104, בני ברק, Israel",Pizza Shemesh Bnei brak,"HaRav Kahanman St 104, Bnei Brak, Israel",ChIJ_Z--cRZKHRURENevx4tJkb8,פיצה שמש בני ברק,iw,"הרב כהנמן 104, בני ברק","הרב כהנמן 104, בני ברק",yes,Pizza Shemesh Bnei brak,en,"HaRav Kahanman St 104, Bnei Brak","HaRav Kahanman 104, Bnei Brak",no
3269,קונפי&קו,"רקפת 1, שוהם, Israel",קונפי & קו- Confi&co,"איזור התעשייה, Shoham, Israel",ChIJhcZWoaszHRURsBLUezwjeU4,קונפי & קו,iw,"איזור התעשייה, שוהם","איזור התעשייה, שוהם",yes,קונפי & קו- Confi&co,en,"איזור התעשייה, Shoham","איזור התעשייה, Shoham",yes
3271,פיצה שמש,"יוספטל גיורא 31, רמלה, Israel",פיצה שמש רמלה יוספטל 31,"Shoping Center, Yoseftal St 31, Ramla, 7224531, Israel",ChIJSxGvY_i1AhURARzOHbebz50,פיצה שמש רמלה יוספטל 31,iw,"Shoping Center, Yoseftal St 31, Ramla, 7224531","Shoping Center, יוספטל 31, רמלה",no,פיצה שמש רמלה יוספטל 31,iw,"Shoping Center, Yoseftal St 31, Ramla, 7224531","Shoping Center, Yoseftal 31, Ramla",no
3275,עראיס,"משה בקר 14, ראשון לציון, Israel",עראיס אקספרס,"Moshe Beker St 14, Rishon LeZion, Israel",ChIJa39YkcG1AhURv_kntKwUTbs,עראיס אקספרס,iw,"משה בקר 14, ראשון לציון","משה בקר 14, ראשון לציון",yes,עראיס אקספרס,iw,"Moshe Beker St 14, Rishon LeZion","Moshe Beker 14, Rishon LeZion",no
3282,פיצה ירושלים 2,"שמעון פרס 33, ראשון לציון, Israel",פיצה ירושלים 2,"Shim'on Peres St 33, Rishon LeZion, 7579932, Israel",ChIJHeP_FfCzAhURfbE4LGQY4eU,פיצה ירושלים 2,en,"שמעון פרס 33, ראשון לציון, 7579932","שמעון פרס 33, ראשון לציון",yes,פיצה ירושלים 2,en,"Shim'on Peres St 33, Rishon LeZion, 7579932","Shim'on Peres 33, Rishon LeZion",no
3284,פנה פסטה בר,"בוגרשוב 21, תל אביב, Israel",PennePasta Bar - Kosher,"Bograshov St 21, Tel Aviv-Yafo, Israel",ChIJ009uYX5MHRURmFgFL0XMFUw,פנה פסטה בר,iw,"בוגרשוב 21, תל אביב-יפו","בוגרשוב 21, תל אביב-יפו",yes,PennePasta Bar - Kosher,en,"Bograshov St 21, Tel Aviv-Yafo","Bograshov 21, Tel Aviv-Jaffa",no
3285,פיצה האט,"משה אדרת 1, קניון רמלוד, רמלה, Israel",Pizza Hut,"משה אדרת 1 רמלה, Lod, Israel",ChIJcR6M9TvKAhURftxFK8pDpHo,פיצה האט - רמלה לוד,iw,"משה אדרת 1 רמלה, לוד","משה אדרת 1 רמלה, לוד",yes,Pizza Hut,en,"משה אדרת 1 רמלה, Lod","משה אדרת 1 רמלה, Lod",yes
3286,bella bar,"יד חרוצים 14, תל אביב, Israel",Pitta Bella פיתה בלה,"Yad Harutsim St 14, Tel Aviv-Yafo, Israel",ChIJM2WXyxxLHRURXQm6zauDZFM,Pitta Bella פיתה בלה,en,"יד חרוצים 14, תל אביב-יפו","יד חרוצים 14, תל אביב-יפו",yes,Pitta Bella פיתה בלה,en,"Yad Harutsim St 14, Tel Aviv-Yafo","Yad Harutsim 14, Tel Aviv-Jaffa",no
3292,הישראליה,"הפלד 26, חולון, Israel",מסעדת הישראליה (מסעדת פועלים הטובה באזור !),"HaPeled St 26, Holon, Israel",ChIJS2tzA2C1AhURlG7yPrfl42A,מסעדת הישראליה (מסעדת פועלים הטובה באזור !),iw,"הפלד 26, חולון","הפלד 26, חולון",yes,מסעדת הישראליה (מסעדת פועלים הטובה באזור !),iw,"HaPeled St 26, Holon","HaPeled 26, Holon",no
3293,דאנלין,"דרך אבא הלל סילבר 7, מתחם הבורסה, רמת גן, Israel",קפה דאנלין,"Abba Hillel Silver Rd 7, Ramat Gan, Israel",ChIJKdV1YcdLHRURlaeSxTDH2Jg,קפה דאנלין,iw,"דרך אבא הלל 7, רמת גן","דרך אבא הלל 7, רמת גן",yes,קפה דאנלין,iw,"Abba Hillel Silver Rd 7, Ramat Gan","Derech Aba Hillel 7, Ramat Gan",no
3296,bite 110,"זיתן, Israel",Bite 110,"HaShlosha St 110, Zeitan, Israel",ChIJldMahMLKAhURT_kzB-YO9cQ,Bite 110,en,"השלושה 110, זיתן","השלושה 110, זיתן",yes,Bite 110,en,"HaShlosha St 110, Zeitan","HaShlosha 110, Zeitan",no
3305,מאמא קוקה,"רוסלאן 30, יפו, תל אביב, Israel",Mama Kuka Restaurant,"Russlan St 30, Tel Aviv-Yafo, Israel",ChIJL62Rz75MHRUR-nkXKpcuqDg,מסעדת מאמא קוקה,iw,"רוסלאן 30, תל אביב-יפו","רוסלאן 30, תל אביב-יפו",yes,Mama Kuka Restaurant,en,"Russlan St 30, Tel Aviv-Yafo","Russlan 30, Tel Aviv-Jaffa",no
3307,קונדיטוריה שני,"ז'בוטינסקי 5, מתחם הבורסה, רמת גן, Israel",Shani Bakery,"Jabotinsky St 5, Ramat Gan, Israel",ChIJZyTwzLhLHRUR5MNUXKuXqZ0,קונדיטורית שני בבורסה,iw,"רחוב זאב ז'בוטינסקי 5, רמת גן","רחוב זאב ז'בוטינסקי 5, רמת גן",yes,Shani Bakery,en,"Jabotinsky St 5, Ramat Gan","Derech Zeev Jabutinsky 5, Ramat Gan",no
3309,בית מאפה ליאור,"מונטיפיורי 5, פתח תקווה, Israel",בית מאפה ליאור,"Montefiore St 5, Petah Tikva, Israel",ChIJH2Z-dw02HRURQ6YEscMAEco,בית מאפה ליאור,iw,"מונטיפיורי 5, פתח תקווה","מונטיפיורי 5, פתח תקווה",yes,בית מאפה ליאור,iw,"Montefiore St 5, Petah Tikva","Montefiore 5, Petah Tikva",no
3311,זפלין בר,"שד' עמק איילון 47, שוהם, Israel",זפלין בר - Zeppelin Bar - בר מסעדה שכונתי,"Sderot Emek Ayalon 47, Shoham, Israel",ChIJD1NGUJ80HRURj89p79eKFPQ,זפלין בר,iw,"שדרות עמק איילון 47, שוהם","שדרות עמק איילון 47, שוהם",yes,זפלין בר - Zeppelin Bar - בר מסעדה שכונתי,en,"Sderot Emek Ayalon 47, Shoham","Sderot Emek Ayalon 47, Shoham",no
3313,מסי,"השרון 10, תל אביב, Israel",Maze TLV,"HaSharon St 12, Tel Aviv-Yafo, Israel",ChIJz6p8lxlLHRURyquhxnRKYc8,Maze TLV,iw,"השרון 12, תל אביב-יפו","השרון 12, תל אביב-יפו",yes,Maze TLV,iw,"HaSharon St 12, Tel Aviv-Yafo","HaSharon 12, Tel Aviv-Jaffa",no
3315,פיצה וירטואוז,"ז'בוטינסקי 16, קניון לב ראשון, ראשון לציון, Israel",פיצה וירטואוז,"Jabotinsky St 16, Rishon LeZion, Israel",ChIJ0TeL8EC0AhUR_4dScU4jZIM,פיצה וירטואוז,iw,"ז'בוטינסקי 16, ראשון לציון","ז'בוטינסקי 16, ראשון לציון",yes,פיצה וירטואוז,iw,"Jabotinsky St 16, Rishon LeZion","Jabotinsky 16, Rishon LeZion",no
3319,קופי דון,"שפיגל זוסיה 1, קניון כיכר העיר פתח תקווה, Israel",Coffee don,"Spiegel Zosia St 1, Petah Tikva, Israel",ChIJsUsZgHI2HRURG6szqWtvQQA,קופי דון | כשר,iw,"שפיגל זוסיה 1, פתח תקווה","שפיגל זוסיה 1, פתח תקווה",yes,Coffee don,en,"Spiegel Zosia St 1, Petah Tikva","Spiegel Zosia 1, Petah Tikva",no
3325,מפגש צמרת ג'קו ובניו,"סוקולוב 47, חולון, Israel",מפגש צמרת ג'קו ובניו,"Sderot Kugel 31, Holon, Israel",ChIJYQP_5Ke0AhURF9gsZO2sOBc,מפגש צמרת ג'קו ובניו,iw,"שדרות קוגל 31, חולון","שדרות קוגל 31, חולון",yes,מפגש צמרת ג'קו ובניו,iw,"Sderot Kugel 31, Holon","Sderot Kugel 31, Holon",no
3327,פלאפל 4 טעמים,"אבן גבירול 93, תל אביב, Israel",פלאפל 4 טעמים,"Shlomo Ibn Gabirol St 93, Tel Aviv-Yafo, Israel",ChIJgZM7hY5LHRURCJKTRPLeGo0,פלאפל 4 טעמים,iw,"שלמה אבן גבירול 93, תל אביב-יפו","שלמה אבן גבירול 93, תל אביב-יפו",yes,פלאפל 4 טעמים,iw,"Shlomo Ibn Gabirol St 93, Tel Aviv-Yafo","Shlomo Ibn Gabirol 93, Tel Aviv-Jaffa",no
3330,בורגרים,"בן ציון גליס 30, B סנטר פתח תקווה, Israel","בורגרים פתח תקווה סגולה, כשר בשר חלק.","מתחם B סנטר, Ben Zion Galis 30, Petah Tikva, Israel",ChIJkTQweU82HRURqSMRveMaczg,בורגרים – בן ציון גליס,iw,"מתחם B סנטר, בן ציון גליס 30, פתח תקווה","מתחם B סנטר, בן ציון גליס 30, פתח תקווה",yes,"בורגרים פתח תקווה סגולה, כשר בשר חלק.",en,"מתחם B סנטר, Ben Zion Galis 30, Petah Tikva","מתחם B סנטר, Ben Zion Galis 30, Petah Tikva",yes
3331,שווארמה נורמן,"החשמונאים 96, תל אביב, Israel",נורמן,"HaHashmonaim St 96, Tel Aviv-Yafo, Israel",ChIJwSfZ8AtLHRURbzJ7AoauZNc,נורמן שניצל בתל אביב | שווארמה | שניצל בחלה,iw,"החשמונאים 96, תל אביב-יפו","חניון, החשמונאים 96, תל אביב-יפו",yes,נורמן,en,"HaHashmonaim St 96, Tel Aviv-Yafo","Parking lot, HaHashmonaim 96, Tel Aviv-Jaffa",no
3333,עופר פלאפל,"עמק דותן 66, מודיעין והסביבה, Israel",עופר פלאפל,"דונה סנטר, Shmu'el ha-Navi St 6, Modi'in-Maccabim-Re'ut, Israel",ChIJNRBm8a_NAhUR19iSXeJE9Y4,Felafel Ofer,iw,"דונה סנטר, Shmu'el ha-Navi St 6, Modi'in-Maccabim-Re'ut","דונה סנטר, שמואל הנביא 6, מודיעין מכבים רעות",yes,עופר פלאפל,en,"דונה סנטר, Shmu'el ha-Navi St 6, Modi'in-Maccabim-Re'ut","דונה סנטר, Shmu'el HaNavi 6, Modi'in Makabim-Re'ut",yes
3337,בית הבורגר,"קרן היסוד 20, בת ים, Israel",בית הבורגר,"Keren HaYesod St 20, Bat Yam, Israel",ChIJnWIXTRezAhURFr2ctQXaCWw,בית הבורגר,iw,"קרן היסוד 20, בת ים","קרן היסוד 20, בת ים",yes,בית הבורגר,iw,"Keren HaYesod St 20, Bat Yam","Keren HaYesod 20, Bat Yam",no
3338,"ד""ר פיצה","מורדי הגטאות 42, שיכון המזרח, ראשון לציון, Israel",Dr Pizza,"Mordei ha-Geta'ot St 42, Rishon LeZion, Israel",ChIJxeMQ68u1AhURXJzQAhLnEj4,"ד""ר פיצה",iw,"מורדי הגטאות 42, ראשון לציון","מורדי הגטאות 42, ראשון לציון",yes,Dr Pizza,en,"Mordei ha-Geta'ot St 42, Rishon LeZion","Mordei HaGetaot 42, Rishon LeZion",no
3339,DREAMERIE,"הסיבים 49, פתח תקווה, Israel",Dreamerie Bakery,"Ha-Sivim St 49, Petah Tikva, Israel",ChIJfYKWO21LHRURy85suTk-UXs,דרימרי,iw,"הסיבים 49, פתח תקווה","הסיבים 49, פתח תקווה",yes,Dreamerie Bakery,en,"Ha-Sivim St 49, Petah Tikva","HaSivim 49, Petah Tikva",no
3340,פיתה בשר & פיתה פיקניק שיכון המזרח,"הרב חיים דוד הלוי 5, ראשון לציון, Israel",פיתה בשר & פיתה פיקניק שיכון המזרח,"Ha-Rav Khayim David ha-Levi St 5, Rishon LeZion, 7552003, Israel",ChIJCUtXiDu1AhUR_Wx3i93QjoA,פיתה בשר & פיתה פיקניק שיכון המזרח,iw,"הרב חיים דוד הלוי 5, ראשון לציון, 7552003","הרב חיים דוד הלוי 5, ראשון לציון",yes,פיתה בשר & פיתה פיקניק שיכון המזרח,iw,"Ha-Rav Khayim David ha-Levi St 5, Rishon LeZion, 7552003","HaRav Haim David HaLevi 5, Rishon LeZion",no
3349,פלאפל בריבוע,"בזק 1, מרכז G אפק (לב אפק), ראש העין, Israel",Falafel Square,"מרכז מסחרי לב אפר, מבצע בזק 1, ראש העין, 4863087, Israel",ChIJI8opIN4wHRURIz5ohbXbNMI,פלאפל בריבוע - ראש העין,iw,"מרכז מסחרי לב אפר, מבצע בזק 1, ראש העין, 4863087","מרכז מסחרי לב אפר, מבצע בזק 1, ראש העין",yes,Falafel Square,en,"מרכז מסחרי לב אפר, מבצע בזק 1, ראש העין, 4863087","מרכז מסחרי לב אפר, Mivtsa Bazak 1, Rosh Haayin",yes
3350,בהדונס חומוס,"יד חרוצים 11, תל אביב, Israel",Bahadunas,"Yad Harutsim St 11, Tel Aviv-Yafo, Israel",ChIJdU5-8HpLHRUR6_7pUuUQgww,בהדונס,iw,"יד חרוצים 11, תל אביב-יפו","יד חרוצים 11, תל אביב-יפו",yes,Bahadunas,en,"Yad Harutsim St 11, Tel Aviv-Yafo","Yad Harutsim 11, Tel Aviv-Jaffa",no
3352,עופלה,"הברון הירש 8, פתח תקווה, Israel",עופל'ה,"Baron Hirsch St 8, Petah Tikva, Israel",ChIJ1eIWgBI2HRURsNXjp0Om45Y,עופל'ה,iw,"ברון הירש 8, פתח תקווה","ברון הירש 8, פתח תקווה",yes,עופל'ה,iw,"Baron Hirsch St 8, Petah Tikva","Baron Hirsch 8, Petah Tikva",no
3353,פיצה בטטה,"נופך 12, נופך, Israel",פיצה בטטה,"Nofech St 12, Nofekh, Israel",ChIJK3x2W2A1HRURilbcCJ-gsis,פיצה בטטה,iw,"נופך 12, נופך","נופך 12, נופך",yes,פיצה בטטה,en,"Nofech St 12, Nofekh","Nofech 12, Nofech",no
3358,רולדין,"יוני נתניהו 23, קניון עופר הגבעה, גבעת שמואל, Israel",Roladin,"קניון עופר הגבעה, יוני נתניהו 23, גבעת שמואל, Israel",ChIJxWhbGQ9KHRURkh-N02Lc9q0,רולדין,iw,"קניון עופר הגבעה, יוני נתניהו 23, גבעת שמואל","קניון עופר הגבעה, יוני נתניהו 23, גבעת שמואל",yes,Roladin,en,"קניון עופר הגבעה, יוני נתניהו 23, גבעת שמואל","קניון עופר הגבעה, Yoni Netanyahu 23, Giv'at Shmu'el",yes
3360,מרכז אסיה,"מסילת ישרים 41, תל אביב, Israel",Central Asia,"Mesilat Yesharim St 41, Tel Aviv-Yafo, Israel",ChIJ6YVAsl9LHRURg3YV1NPAhQc,מרכז אסיה,iw,"מסילת ישרים 41, תל אביב-יפו","מסילת ישרים 41, תל אביב-יפו",yes,Central Asia,en,"Mesilat Yesharim St 41, Tel Aviv-Yafo","Mesilat Yesharim 41, Tel Aviv-Jaffa",no
3362,בי12 בשר קצבייה ויין,"שד' שלמה המלך 2, ראש העין, Israel",B12 prime קצביה ומסעדה בראש העין,"Sderot Shlomo HaMelech 2, Rosh Haayin, 4802914, Israel",ChIJGUAznXI3HRURpITP1WL0TIM,B12 prime קצביה ומסעדה בראש העין,iw,"שדרות שלמה המלך 2, ראש העין, 4802914","שדרות שלמה המלך 2, ראש העין",yes,B12 prime קצביה ומסעדה בראש העין,iw,"Sderot Shlomo HaMelech 2, Rosh Haayin, 4802914","Sderot Shlomo HaMelech 2, Rosh Haayin",no
3364,אמיגו פיצריה,"שטמפפר 73, פתח תקווה, Israel",Amigo Pizza,"Yehoshua Shtampfer St 73, Petah Tikva, Israel",ChIJkx0aY2k2HRUR9di-tGzSG68,פיצה אמיגו,iw,"יהושע שטמפפר 73, פתח תקווה","יהושע שטמפפר 73, פתח תקווה",yes,Amigo Pizza,en,"Yehoshua Shtampfer St 73, Petah Tikva","Yehoshua Shtampfer 73, Petah Tikva",no
3365,MOR 66,"שד' הרצל 66, רמלה, Israel",MOR 66 רמלה,"Sderot Herzl 66, Ramla, Israel",ChIJq_1NqXfLAhUR2KzaLRo_uPE,MOR 66 רמלה,iw,"שדרות הרצל 66, רמלה","שדרות הרצל 66, רמלה",yes,MOR 66 רמלה,iw,"Sderot Herzl 66, Ramla","Sderot Herzl 66, Ramla",no
3366,פיצה עגבניה,"אבן גבירול 88, תל אביב, Israel",Agvania Pizza,"Shlomo Ibn Gabirol St 88, Tel Aviv-Yafo, Israel",ChIJFyeXE49LHRURf8Gipvl1b2A,פיצה עגבניה,iw,"שלמה אבן גבירול 88, תל אביב-יפו","שלמה אבן גבירול 88, תל אביב-יפו",yes,Agvania Pizza,en,"Shlomo Ibn Gabirol St 88, Tel Aviv-Yafo","Shlomo Ibn Gabirol 88, Tel Aviv-Jaffa",no
3369,באצ'יס בת ים טורטיה בר,"יוספטל 92, קניון בת ים, Israel",באצ'יס רול מקסיקני - Bachi's,"קניון, יוספטל 92, בת ים, Israel",ChIJ-z9FBMWzAhUR3XQVC5ZqUeA,באצ'יס רול מקסיקני - Bachi's,iw,"קניון, יוספטל 92, בת ים","קניון, יוספטל 92, בת ים",yes,באצ'יס רול מקסיקני - Bachi's,iw,"קניון, יוספטל 92, בת ים","קניון, Yoseftal 92, Bat Yam",yes
3370,פיצה Pizza USA,"ברנשטיין 3, ראשון לציון, Israel",Pizza USA,"Bernstein St 3, Rishon LeZion, Israel",ChIJCzcIz0q0AhURkLc_RvHHBSk,Pizza USA,iw,"ברנשטיין 3, ראשון לציון","ברנשטיין 3, ראשון לציון",yes,Pizza USA,en,"Bernstein St 3, Rishon LeZion","Bernstein 3, Rishon LeZion",no
3371,פלאפל רבי עקיבא,"רבי עקיבא 31, בני ברק, Israel",Falafel Rabbi Akiva,"Rabi Akiva St 31, Bnei Brak, 5131207, Israel",ChIJvY6irS9KHRUR_saouj_X3nM,פלאפל רבי עקיבא,iw,"רבי עקיבא 31, בני ברק, 5131207","רבי עקיבא 31, בני ברק",yes,Falafel Rabbi Akiva,en,"Rabi Akiva St 31, Bnei Brak, 5131207","Rabbi Akiva 31, Bnei Brak",no
3374,חומוס ג'וליה,"הרצל 62, רמת גן, Israel",חומוס ג׳וליה,"Herzl St 64, Ramat Gan, Israel",ChIJ18tKCwBLHRUReWJ19bJ3ITc,חומוס ג׳וליה,iw,"הרצל 64, רמת גן","הרצל 64, רמת גן",yes,חומוס ג׳וליה,iw,"Herzl St 64, Ramat Gan","Rehov Herzl 64, Ramat Gan",no
3375,פיצה גרפיטי,"ז'בוטינסקי 16, קניון לב ראשון, ראשון לציון, Israel",פיצה גרפיטי,"Jabotinsky St 16, Rishon LeZion, Israel",ChIJKahw75e1AhUR1beswj36TXQ,פיצה גרפיטי,iw,"ז'בוטינסקי 16, ראשון לציון","ז'בוטינסקי 16, ראשון לציון",yes,פיצה גרפיטי,iw,"Jabotinsky St 16, Rishon LeZion","Jabotinsky 16, Rishon LeZion",no
3380,מאפה צרפתי דהרי,"ז'בוטינסקי 16, קניון לב ראשון, ראשון לציון, Israel",מאפה צרפתי דהרי,"Jabotinsky St 16, Rishon LeZion, Israel",ChIJHR99ZA61AhURU1TKM2EDESY,מאפה צרפתי דהרי,iw,"ז'בוטינסקי 16, ראשון לציון","ז'בוטינסקי 16, ראשון לציון",yes,מאפה צרפתי דהרי,en,"Jabotinsky St 16, Rishon LeZion","Jabotinsky 16, Rishon LeZion",no
3382,בית השוארמה והשניצל,"שמוטקין 20, ראשון לציון, Israel",The Shawarma Shack,"Binyamin Shmotkin St 20-24, Rishon LeZion, Israel",ChIJCxWTDVG0AhURdynUwqzBHmc,בית השווארמה והשניצל,iw,"בנימין שמוטקין 20-24, ראשון לציון","בנימין שמוטקין 20-24, ראשון לציון",yes,The Shawarma Shack,en,"Binyamin Shmotkin St 20-24, Rishon LeZion","Binyamin Shmotkin 20-24, Rishon LeZion",no
3385,וג'י,"הברזל 32, רמת החייל, תל אביב, Israel",וג'י Veggie,"HaBarzel St 32, Tel Aviv-Yafo, Israel",ChIJy6XM2-pJHRURsVPGm_o4V_U,וג'י Veggie,iw,"הברזל 32, תל אביב-יפו","הברזל 32, תל אביב-יפו",yes,וג'י Veggie,iw,"HaBarzel St 32, Tel Aviv-Yafo","HaBarzel 32, Tel Aviv-Jaffa",no
3386,גולדות,"רוטשילד 83, ראשון לציון, Israel",Garden 83 - Beer & Burger,"Rothschild St 83, Rishon LeZion, Israel",ChIJH01p0z-0AhURGyN6PKf0sgE,ביר גארדן ראשון לציון,iw,"רוטשילד 83, ראשון לציון","רוטשילד 83, ראשון לציון",yes,Garden 83 - Beer & Burger,en,"Rothschild St 83, Rishon LeZion","Rothschild 83, Rishon LeZion",no
3395,מאפית הכרמל,"הכרמל 9, שוק הכרמל, תל אביב, Israel",מאפית הכרמל,"HaCarmel St 9, Tel Aviv-Yafo, Israel",ChIJm_77fIRMHRUR9geqcmk6bpM,מאפית הכרמל,iw,"הכרמל 9, תל אביב-יפו","הכרמל 9, תל אביב-יפו",yes,מאפית הכרמל,iw,"HaCarmel St 9, Tel Aviv-Yafo","HaCarmel 9, Tel Aviv-Jaffa",no
3399,פונדק בני,"דרך בן גוריון 109, טיילת בת ים, Israel",Pundak Benny,"Derech Ben Gurion 109, Bat Yam, Israel",ChIJLeCecT2zAhURPtOj_cVhTWo,פונדק בני,iw,"דרך בן גוריון 109, בת ים","דרך בן גוריון 109, בת ים",yes,Pundak Benny,en,"Derech Ben Gurion 109, Bat Yam","Derech Ben Gurion 109, Bat Yam",no
3400,פרוסת לחם ומאפים,"אנה פרנק 29, בת ים, Israel",פרוסת לחם ומאפים,"Anne Frank St 29, Bat Yam, Israel",ChIJwQS6BXOzAhUR-gw2OB6lImo,פרוסת לחם ומאפים,iw,"אנה פרנק 29, בת ים","אנה פרנק 29, בת ים",yes,פרוסת לחם ומאפים,iw,"Anne Frank St 29, Bat Yam","Anne Frank 29, Bat Yam",no
3401,פיצה צ'יז,"עמק דותן 66, מודיעין והסביבה, Israel",Pizza Cheese,"מרכז קניות מרלז, עמק דותן 66, מודיעין מכבים רעות, Israel",ChIJD8bG8K_NAhUR9o4wJtPFeFQ,פיצה צ'יז מרלז מודיעין,iw,"מרכז קניות מרלז, עמק דותן 66, מודיעין מכבים רעות","מרכז קניות מרלז, עמק דותן 66, מודיעין מכבים רעות",yes,Pizza Cheese,en,"מרכז קניות מרלז, עמק דותן 66, מודיעין מכבים רעות","מרכז קניות מרלז, Emek Dotan 66, Modi'in Makabim-Re'ut",yes
3404,עבדאללה,"המפעל 17, אור יהודה, Israel",עבדאללה גריל בשרים,"Ha-Mif'al St 17, Or Yehuda, Israel",ChIJKX3KrwNLHRURWUrMqBIFnqg,עבדאללה גריל בשרים,iw,"המפעל 17, אור יהודה","המפעל 17, אור יהודה",yes,עבדאללה גריל בשרים,iw,"Ha-Mif'al St 17, Or Yehuda","HaMif'al 17, Or Yehuda",no
3405,צ'יינה טאון,"דרך אבא הלל סילבר 301, קניון איילון, רמת גן, Israel",China Town,"קניון איילון, דרך אבא הלל 301, רמת גן, 5259408, Israel",ChIJIdxRUIZJHRURv42Ec4FeI4M,צ'יינה טאון,iw,"קניון איילון, דרך אבא הלל 301, רמת גן, 5259408","קניון איילון, דרך אבא הלל 301, רמת גן",yes,China Town,en,"קניון איילון, דרך אבא הלל 301, רמת גן, 5259408","קניון איילון, Derech Aba Hillel 301, Ramat Gan",yes
3406,יענקל'ה,"הקדר 1, מודיעין והסביבה, Israel",יענקל'ה,"Ha-Kadar St 1, Modi'in-Maccabim-Re'ut, Israel",ChIJt1sgjrnPAhURpCNCSjQgIAQ,יענקל'ה,iw,"הקדר 1, מודיעין מכבים רעות","הקדר 1, מודיעין מכבים רעות",yes,יענקל'ה,iw,"Ha-Kadar St 1, Modi'in-Maccabim-Re'ut","HaKadar 1, Modi'in Makabim-Re'ut",no
3410,מפגש בר,"תובל 16, מתחם הבורסה, רמת גן, Israel",מפגש בר - לין בורסה | כשר,"Tuval St 16, Ramat Gan, Israel",ChIJ46X6jMZLHRURX3V45fqeUXw,מפגש בר - לין בורסה | כשר,iw,"תובל 16, רמת גן","תובל 16, רמת גן",yes,מפגש בר - לין בורסה | כשר,iw,"Tuval St 16, Ramat Gan","Tuval 16, Ramat Gan",no
3411,שניצל קוקי,"שטמפפר 18, פתח תקווה, Israel",Schnitzel Kuki,"Yehoshua Shtampfer St 18, Petah Tikva, Israel",ChIJfw2jZGk2HRURWtdK-q0Pzqo,שניצל קוקי,iw,"יהושע שטמפפר 18, פתח תקווה","יהושע שטמפפר 18, פתח תקווה",yes,Schnitzel Kuki,en,"Yehoshua Shtampfer St 18, Petah Tikva","Yehoshua Shtampfer 18, Petah Tikva",no
3415,סושיק 26,"כהנמן 22, בני ברק, Israel",סושיק 26,"HaRav Kahanman St 22, Bnei Brak, Israel",ChIJVQ7XZCJKHRURvtzZhi8b5Eo,סושיק 26,iw,"הרב כהנמן 22, בני ברק","הרב כהנמן 22, בני ברק",yes,סושיק 26,iw,"HaRav Kahanman St 22, Bnei Brak","HaRav Kahanman 22, Bnei Brak",no
3416,עוף בגריל שמעון,"טשרניחובסקי 6, תל אביב, Israel",עופות שמעון,"Tchernikhovski St 6, Tel Aviv-Yafo, Israel",ChIJW2vL0MtNHRUR8IB22CCr67g,עופות שמעון,en,"טשרניחובסקי 6, תל אביב-יפו","טשרניחובסקי 6, תל אביב-יפו",yes,עופות שמעון,en,"Tchernikhovski St 6, Tel Aviv-Yafo","Tchernichovsky 6, Tel Aviv-Jaffa",no
3420,פלורנטינה,"אברבנאל 56, פלורנטין, תל אביב, Israel",Florentina,"Abarbanel St 56, Tel Aviv-Yafo, Israel",ChIJcVF66phMHRURqVgw7iKaPXM,פלורנטינה,iw,"אברבנאל 56, תל אביב-יפו","אברבנאל 56, תל אביב-יפו",yes,Florentina,en,"Abarbanel St 56, Tel Aviv-Yafo","Abarbanel 56, Tel Aviv-Jaffa",no
3421,סנדביץ' בר,"שד' הרצל 23, רמלה, Israel",Sandwich Bar Ramle,"Sderot Herzl 23, Ramla, Israel",ChIJF9iySQXKAhURedenpSTlpco,סנדביץ בר,iw,"שדרות הרצל 23, רמלה","שדרות הרצל 23, רמלה",yes,Sandwich Bar Ramle,en,"Sderot Herzl 23, Ramla","Sderot Herzl 23, Ramla",no
3423,הפונדק,"המלך שאול 14, בני ברק, Israel",Hapundak,"Sha'ul ha-Melekh St 14, Bnei Brak, Israel",ChIJhZa_BBZKHRURBgmNPlWqCbw,הפונדק היהודי,iw,"שאול המלך 14, בני ברק","שאול המלך 14, בני ברק",yes,Hapundak,en,"Sha'ul ha-Melekh St 14, Bnei Brak","Sha'ul HaMelech 14, Bnei Brak",no
3426,גריל טיים,"יחזקאל קזז 12, אור יהודה, Israel",Grill Time - Frishman,"Yehezkel Kazaz St 12, Or Yehuda, Israel",ChIJQbcmEZZKHRURYPjQ6cxGQVs,גריל טיים,iw,"יחזקאל קזז 12, אור יהודה","יחזקאל קזז 12, אור יהודה",yes,Grill Time - Frishman,en,"Yehezkel Kazaz St 12, Or Yehuda","Yehezkel Kazaz 12, Or Yehuda",no
3427,ענק הסביח והסמבוסק,"בר כוכבא 27, פתח תקווה, Israel",Bar Kochva - South American Sandwich,"Bar Kochva St 27, Petah Tikva, Israel",ChIJv5DCpGw2HRURaBdf0o0pK3g,Bar Kochva - South American Sandwich,en,"בר כוכבא 27, פתח תקווה","בר כוכבא 27, פתח תקווה",yes,Bar Kochva - South American Sandwich,en,"Bar Kochva St 27, Petah Tikva","Bar Kochva 27, Petah Tikva",no
3428,קייטרינג איתמר,"ראש העין, Israel",קייטרינג איתמר,"HaNevi'im St 35, Rosh Haayin, Israel",ChIJvTrPyAw3HRUR-CKI3WCDo4Q,קייטרינג איתמר,iw,"הנביאים 35, ראש העין","הנביאים 35, ראש העין",yes,קייטרינג איתמר,iw,"HaNevi'im St 35, Rosh Haayin","HaNevi'im 35, Rosh Haayin",no
3429,קפה גרג,"ז'בוטינסקי 72, הקניון הגדול, פתח תקווה, Israel",Greg Cafe,"Jabotinsky St 72, Petah Tikva, Israel",ChIJA__EFwM2HRURr0ZVLIF2fdE,קפה גרג,iw,"רחוב זאב ז'בוטינסקי 72, פתח תקווה","רחוב זאב ז'בוטינסקי 72, פתח תקווה",yes,Greg Cafe,en,"Jabotinsky St 72, Petah Tikva","Derech Zeev Jabutinsky 72, Petah Tikva",no
3431,מדאמס חומוס,"מנחם בגין 23, גבעת שמואל, Israel",חומוס מדאמס,"מתחם רוגוזין, שדרות מנחם בגין 38, גבעת שמואל, Israel",ChIJ-Zlrdw9KHRURE2kgr-xHsoA,חומוס מדאמס,iw,"מתחם רוגוזין, שדרות מנחם בגין 38, גבעת שמואל","מתחם רוגוזין, שדרות מנחם בגין 38, גבעת שמואל",yes,חומוס מדאמס,iw,"מתחם רוגוזין, שדרות מנחם בגין 38, גבעת שמואל","מתחם רוגוזין, Sderot Menachem Begin 38, Giv'at Shmu'el",yes
3432,ג'ק ביי בלאק,"שד' נים 2, קניון עזריאלי ראשונים, ראשון לציון, Israel",ג׳ק ביי בלאק,"Sderot Nim 2, Rishon LeZion, Israel",ChIJtU7NmXq1AhURrJ_10IMOf0k,ג׳ק ביי בלאק,iw,"שדרות נים 2, ראשון לציון","חניון, שדרות נים 2, ראשון לציון",yes,ג׳ק ביי בלאק,iw,"Sderot Nim 2, Rishon LeZion","Parking lot, Sderot Nim 2, Rishon LeZion",no
3436,לחמים,"החשמונאים 103, תל אביב, Israel",Lehamim,"HaHashmonaim St 103, Tel Aviv-Yafo, 67133, Israel",ChIJ5bnfD3hLHRUR_16EL0XKrmo,מאפיית לחמים - החשמונאים,iw,"החשמונאים 103, תל אביב-יפו, 67133","החשמונאים 103, תל אביב-יפו",yes,Lehamim,en,"HaHashmonaim St 103, Tel Aviv-Yafo, 67133","HaHashmonaim 103, Tel Aviv-Jaffa",no
3437,קאסה דל פפה,"ככר סטרומה 1, חולון, Israel",Casa del Pepe,"כיכר סטרומה 1, חולון, Israel",ChIJa7iHnKi0AhURukEzZRbWiF4,קאסה דל פפה כשר בדץ בית יוסף מהדרין,iw,"כיכר סטרומה 1, חולון","כיכר סטרומה 1, חולון",yes,Casa del Pepe,en,"כיכר סטרומה 1, חולון","כיכר סטרומה 1, Holon",yes
3442,פיתה רחוב שוק צפון,"ראול וולנברג 20, רמת החייל, תל אביב, Israel",Shuk Tzafon,"Raoul Wallenberg St 20, Tel Aviv-Yafo, Israel",ChIJvddvWJRJHRURCITRG85x-bo,שוק צפון,iw,"ראול ולנברג 20, תל אביב-יפו","ראול ולנברג 20, תל אביב-יפו",yes,Shuk Tzafon,en,"Raoul Wallenberg St 20, Tel Aviv-Yafo","Raoul Wallenberg 20, Tel Aviv-Jaffa",no
3444,הגברת השמנה,"המלך ג'ורג' 51, תל אביב, Israel",הגברת השמנה,"Bograshov St 91, Tel Aviv-Yafo, Israel",ChIJ2b4CFYBLHRURV9Xm31J4WME,הגברת השמנה,iw,"בוגרשוב 91, תל אביב-יפו","בוגרשוב 91, תל אביב-יפו",yes,הגברת השמנה,iw,"Bograshov St 91, Tel Aviv-Yafo","Bograshov 91, Tel Aviv-Jaffa",no
3447,מאפית בית הלחם,"משורר השואה 18, ראשון לציון, Israel",מאפית בית הלחם,"Meshorer ha-Sho'a St 18, Rishon LeZion, Israel",ChIJG7r3xWa0AhURE7NC5GKtm2c,מאפית בית הלחם,iw,"משורר השואה 18, ראשון לציון","משורר השואה 18, ראשון לציון",yes,מאפית בית הלחם,iw,"Meshorer ha-Sho'a St 18, Rishon LeZion","Meshorer HaShoa 18, Rishon LeZion",no
3448,טורטיוס,"אליהו סעדון 128, אור יהודה, Israel",טורטיוס בר אור יהודה,"Sderot Eliyahu Sa'adon 128, Or Yehuda, 6039729, Israel",ChIJx4BQVvdLHRUR7pg5QHpJlXg,טורטיוס בר אור יהודה,iw,"שדרות אליהו סעדון 128, אור יהודה, 6039729","שדרות אליהו סעדון 128, אור יהודה",yes,טורטיוס בר אור יהודה,iw,"Sderot Eliyahu Sa'adon 128, Or Yehuda, 6039729","Sderot Eliyahu Sa'adon 128, Or Yehuda",no
3450,בריא- סלט ישראלי,"אבן גבירול 30, תל אביב, Israel",בריא - סלט ישראלי,"Sderot Sha'ul HaMelech 4, Tel Aviv-Jaffa, Israel",ChIJkTDQZhVLHRURhfxL37iwies,בריא - סלט ישראלי,iw,"שדרות שאול המלך 4, תל אביב-יפו","שדרות שאול המלך 4, תל אביב-יפו",yes,בריא - סלט ישראלי,iw,"Sderot Sha'ul HaMelech 4, Tel Aviv-Jaffa","Sderot Sha'ul HaMelech 4, Tel Aviv-Jaffa",no
3452,פפה דפוליס,"אהרונוביץ 82, חולון, Israel",פיצה פפה דפוליס,"Yosef Aharonovich St 82, Holon, 58582, Israel",ChIJEf8UZnuzAhURsXdYpAQAR3M,פיצה פפה דפוליס,iw,"יוסף אהרונוביץ' 82, חולון, 58582","יוסף אהרונוביץ' 82, חולון",yes,פיצה פפה דפוליס,iw,"Yosef Aharonovich St 82, Holon, 58582","Yosef Aharonovich 82, Holon",no
3460,ממפיס,"קרליבך 20, תל אביב, Israel","Memphis ממפיס תל אביב | המבורגר פרימיום כשר בד""צ בית יוסף","Carlebach St 20, Tel Aviv-Yafo, 6473005, Israel",ChIJj3oKf4JLHRURIgPsZjdaUQI,ממפיס,iw,"קרליבך 20, תל אביב-יפו, 6473005","קרליבך 20, תל אביב-יפו",yes,"Memphis ממפיס תל אביב | המבורגר פרימיום כשר בד""צ בית יוסף",en,"Carlebach St 20, Tel Aviv-Yafo, 6473005","Carlebach 20, Tel Aviv-Jaffa",no
3468,מרסלוס,"ריב""ל 7, תל אביב, Israel",Marcelos,"Rival St 7, Tel Aviv-Yafo, 6777840, Israel",ChIJfyW3AntLHRUR4EFv_Wy4X1o,מרסלוס תל אביב,iw,"ריב""ל 7, תל אביב-יפו, 6777840","ריב""ל 7, תל אביב-יפו",yes,Marcelos,en,"Rival St 7, Tel Aviv-Yafo, 6777840","Rival 7, Tel Aviv-Jaffa",no
3470,אמריקן פיצה,"ז'בוטינסקי 65, רמת גן, Israel",אמריקן פיצה רמת גן,"Jabotinsky St 65, Ramat Gan, Israel",ChIJX8VYS8lLHRURog2uBlvF1LI,אמריקן פיצה רמת גן,iw,"רחוב זאב ז'בוטינסקי 65, רמת גן","רחוב זאב ז'בוטינסקי 65, רמת גן",yes,אמריקן פיצה רמת גן,iw,"Jabotinsky St 65, Ramat Gan","Derech Zeev Jabutinsky 65, Ramat Gan",no
3471,ILAN'S,"דרך מנחם בגין 7, מתחם הבורסה, רמת גן, Israel",ILAN'S - Gibor House,"Menachem Begin 7, Ramat Gan, 5268102, Israel",ChIJ1QAhzopb-hQRPfOKvmYfXZE,רשת בתי הקפה אילן'ס,iw,"רח’ מנחם בגין 7, רמת גן, 5268102","רח’ מנחם בגין 7, רמת גן",yes,ILAN'S - Gibor House,en,"Menachem Begin 7, Ramat Gan, 5268102","Menachem Begin 7, Ramat Gan",no
3475,כל טעם,"רוטשילד 64, ראשון לציון, Israel",Rotch,"Rothschild St 64, Rishon LeZion, Israel",ChIJfYEH6K-1AhURam-i9Bglq_A,רוטצ',iw,"רוטשילד 64, ראשון לציון","רוטשילד 64, ראשון לציון",yes,Rotch,en,"Rothschild St 64, Rishon LeZion","Rothschild 64, Rishon LeZion",no
3479,חלון לים,"יורדי הסירה 1, נמל תל-אביב, Israel",חלון לים - בית לאירועים בנמל תל אביב,"Kaf Gimel Yordei ha-Sira St 1, Tel Aviv-Yafo, Israel",ChIJL4xPeApMHRUR-UqDn6A1lkA,חלון לים - בית לאירועים בנמל תל אביב,iw,"יורדי הסירה 1, תל אביב-יפו","יורדי הסירה 1, תל אביב-יפו",yes,חלון לים - בית לאירועים בנמל תל אביב,iw,"Kaf Gimel Yordei ha-Sira St 1, Tel Aviv-Yafo","Kaf Gimel Yordei HaSira 1, Tel Aviv-Jaffa",no
3483,מקדונלד'ס,"העצמאות 65, פתח תקווה, Israel",McDonald's,"HaAtsmaut St 65, Petah Tikva, 4937999, Israel",ChIJxxNjafo1HRURf_FFmACyaNk,"מקדונלד'ס - כפר גנים, פתח-תקווה (כשר)",iw,"העצמאות 65, פתח תקווה, 4937999","העצמאות 65, פתח תקווה",yes,McDonald's,en,"HaAtsmaut St 65, Petah Tikva, 4937999","HaAtsmaut 65, Petah Tikva",no
3487,קייטרינג שי ורוני,"היוזמים 11, אור יהודה, Israel",קייטרינג בוריס מטעמים,"Ha-Melakha St 7, Or Yehuda, Israel",ChIJIQsN5Z1KHRUReQIxUWAFVrM,קייטרינג בוריס מטעמים,iw,"המלאכה 7, אור יהודה","המלאכה 7, אור יהודה",yes,קייטרינג בוריס מטעמים,iw,"Ha-Melakha St 7, Or Yehuda","HaMelacha 7, Or Yehuda",no
3489,פלאפל עזרא,"אהרונוביץ 59, בני ברק, Israel",פלאפל עזרא,"Aharonovich St 59, Bnei Brak, Israel",ChIJT8MLZSJKHRURijY3K33WgQw,פלאפל עזרא,iw,"אהרונוביץ' 59, בני ברק","אהרונוביץ' 59, בני ברק",yes,פלאפל עזרא,iw,"Aharonovich St 59, Bnei Brak","Aharonovich 59, Bnei Brak",no
3491,סלטים,"סחרוב דוד 19, קניון ערי החוף, ראשון לציון, Israel",סלטים,"David Saharov St 19, Rishon LeZion, 7570723, Israel",ChIJzfyxl4CzAhURq5B9CPza3RA,סלטים,iw,"דוד סחרוב 19, ראשון לציון, 7570723","דוד סחרוב 19, ראשון לציון",yes,סלטים,iw,"David Saharov St 19, Rishon LeZion, 7570723","David Saharov 19, Rishon LeZion",no
3493,במבו,"סחרוב דוד 21, קניון הזהב, ראשון לציון, Israel",Bamboo Sushi,"קניון הזהב, דוד סחרוב 21, ראשון לציון, Israel",ChIJWcLjfH-0AhURskKuKh6Yt6o,במבו סושי,iw,"קניון הזהב, דוד סחרוב 21, ראשון לציון","קניון הזהב, דוד סחרוב 21, ראשון לציון",yes,Bamboo Sushi,en,"קניון הזהב, דוד סחרוב 21, ראשון לציון","קניון הזהב, David Saharov 21, Rishon LeZion",yes
3494,נגיסה סושי בר,"עמל 13, פארק תעשיות אפק, ראש העין, Israel",נגיסה סושי בר,"Amal St 13, Rosh Haayin, Israel",ChIJE7lX6ioxHRURCZ1Uf0q7JnU,נגיסה סושי בר,iw,"עמל 13, ראש העין","עמל 13, ראש העין",yes,נגיסה סושי בר,iw,"Amal St 13, Rosh Haayin","Amal 13, Rosh Haayin",no
3505,קריו בר,"דוד חכמי 12, תל אביב, Israel",קריו בר הכל באהבה,"David Khakhami St 12, Tel Aviv-Yafo, Israel",ChIJ-y0YCHtLHRURlOcan99965M,קריו בר הכל באהבה,iw,"דוד חכמי 12, תל אביב-יפו","דוד חכמי 12, תל אביב-יפו",yes,קריו בר הכל באהבה,iw,"David Khakhami St 12, Tel Aviv-Yafo","David Hahami 12, Tel Aviv-Jaffa",no
3506,מרכז המאפה,"אהוד קנמון 27, בת ים, Israel",מרכז המאפה,"Ehud Kinnamon St 27, Bat Yam, Israel",ChIJp-6SnRKzAhURbRZxnUhTlfs,מרכז המאפה,iw,"אהוד קינמון 27, בת ים","אהוד קינמון 27, בת ים",yes,מרכז המאפה,iw,"Ehud Kinnamon St 27, Bat Yam","Ehud Kinnamon 27, Bat Yam",no
3507,ג'פניקה,"לב העיר 2, מודיעין והסביבה, Israel",ג'פניקה מודיעין | JAPANIKA MODIIN,"Dam HaMacbim St 32, Modi'in-Maccabim-Re'ut, Israel",ChIJjaMuRTXNAhURsviqfBSkYsM,ג'פניקה מודיעין | JAPANIKA MODIIN,iw,"דם המכבים 32, מודיעין מכבים רעות","דם המכבים 32, מודיעין מכבים רעות",yes,ג'פניקה מודיעין | JAPANIKA MODIIN,iw,"Dam HaMacbim St 32, Modi'in-Maccabim-Re'ut","Dam HaMacbim 32, Modi'in Makabim-Re'ut",no
3508,פיצה לה מאמא,"שד' העצמאות 79, בת ים, Israel",Pizza La Mamma,"Ha'Atsmaut Blvd 79, Bat Yam, Israel",ChIJOUwqQRKzAhUR5BiwZS6SHHg,פיצה לה מאמא,iw,"שדרות העצמאות 79, בת ים","שדרות העצמאות 79, בת ים",yes,Pizza La Mamma,en,"Ha'Atsmaut Blvd 79, Bat Yam","Sderot Ha'Atsmaut 79, Bat Yam",no
3510,בהדונס חומוס,"אודם 3, פתח תקווה, Israel",בהדונס,"Odem St 3, Petah Tikva, Israel",ChIJo6lDxP5JHRURJvwox_0In_Y,בהדונס,iw,"אודם 3, פתח תקווה","אודם 3, פתח תקווה",yes,בהדונס,iw,"Odem St 3, Petah Tikva","Odem 3, Petah Tikva",no
3512,cofix,"שד' העצמאות 67, בת ים, Israel",cofix,"Ha'Atsmaut Blvd 67, Bat Yam, 5931501, Israel",ChIJ1_N4PTmzAhURjtyU3J7MpCE,קופיקס,iw,"שדרות העצמאות 67, בת ים, 5931501","שדרות העצמאות 67, בת ים",yes,cofix,en,"Ha'Atsmaut Blvd 67, Bat Yam, 5931501","Sderot Ha'Atsmaut 67, Bat Yam",no
3516,סארפסייד,"הירקון 115, תל אביב, Israel",Surfside Seaview Restaurant,"HaYarkon St 115, Tel Aviv-Yafo, 63573, Israel",ChIJueA5UwdNHRUR2AVteRJE0ik,Surfside Seaview Restaurant,iw,"הירקון 115, תל אביב-יפו, 63573","הירקון 115, תל אביב-יפו",yes,Surfside Seaview Restaurant,iw,"HaYarkon St 115, Tel Aviv-Yafo, 63573","HaYarkon 115, Tel Aviv-Jaffa",no
3517,אינגליש קייק,"ז'בוטינסקי 72, הקניון הגדול, פתח תקווה, Israel",English Cake,"Jabotinsky St 72, Petah Tikva, Israel",ChIJS3edHAM2HRURGkx0dsR-PJE,English Cake,en,"רחוב זאב ז'בוטינסקי 72, פתח תקווה","רחוב זאב ז'בוטינסקי 72, פתח תקווה",yes,English Cake,en,"Jabotinsky St 72, Petah Tikva","Derech Zeev Jabutinsky 72, Petah Tikva",no
3520,בכור את שושי,"יד חרוצים 13, תל אביב, Israel",Bechor & Shoshi,"Yad Harutsim St 13, Tel Aviv-Yafo, Israel",ChIJPZTl63pLHRURQLyDfTsiQ2w,בכור את שושי,iw,"יד חרוצים 13, תל אביב-יפו","יד חרוצים 13, תל אביב-יפו",yes,Bechor & Shoshi,en,"Yad Harutsim St 13, Tel Aviv-Yafo","Yad Harutsim 13, Tel Aviv-Jaffa",no
3521,פרנקו גריל בר,"הנשיא 6, לוד, Israel",Franko Grill Bar,"Ha-Nasi St 6, Lod, Israel",ChIJPw8D_1rKAhUR99G-8U8eaaU,פרנקו גריל בר,iw,"הנשיא 6, לוד","הנשיא 6, לוד",yes,Franko Grill Bar,en,"Ha-Nasi St 6, Lod","Ha-Nasi 6, Lod",no
3522,שווארמה שמש,"תובל 9, מתחם הבורסה, רמת גן, Israel",Shemesh,"Tuval St 9, Ramat Gan, Israel",ChIJDU777cZLHRURFm8yWx-IzeU,שווארמה שמש | כשר,iw,"תובל 9, רמת גן","תובל 9, רמת גן",yes,Shemesh,en,"Tuval St 9, Ramat Gan","Tuval 9, Ramat Gan",no
3525,שיפודי חן,"מוטה גור 7, הקניון הגדול, פתח תקווה, Israel",Shipudey Hen,"Mota Gur St 7, Petah Tikva, Israel",ChIJJY-k3QI2HRURuN0jHFxQyaw,שיפודי חן,iw,"מוטה גור 7, פתח תקווה","מוטה גור 7, פתח תקווה",yes,Shipudey Hen,en,"Mota Gur St 7, Petah Tikva","Motta Gur 7, Petah Tikva",no
3527,פיצה סופר מחיר,"צלח שלום 30, פתח תקווה, Israel",פיצה סופר מחיר | כשר,"Shalom Tsalah St 28-30, Petah Tikva, Israel",ChIJR9MPuYY2HRURyxPOIxN8umI,פיצה סופר מחיר | כשר,iw,"שלום צלח 28-30, פתח תקווה","שלום צלח 28-30, פתח תקווה",yes,פיצה סופר מחיר | כשר,iw,"Shalom Tsalah St 28-30, Petah Tikva","Shalom Tsalah 28-30, Petah Tikva",no
3533,מסטינג,"הרוקמים 26, חולון, Israel",מסטינג,"Harokmim St 26, Holon, Israel",ChIJdSZc-hy1AhURL37h4G3H6l8,מסטינג,iw,"הרוקמים 26, חולון","הרוקמים 26, חולון",yes,מסטינג,iw,"Harokmim St 26, Holon","Harokmim 26, Holon",no
3535,אליס בר בשר,"דרך בן גוריון 34, רמת גן, Israel",בר בשר,"David Ben Gurion Rd 34, Ramat Gan, Israel",ChIJYTUZTcBLHRUR1VPzmGCptug,בר בשר,iw,"דוד בן גוריון 34, רמת גן","דוד בן גוריון 34, רמת גן",yes,בר בשר,iw,"David Ben Gurion Rd 34, Ramat Gan","David Ben-Gurion 34, Ramat Gan",no
3537,בליקר בייקרי פתח תקווה,"שחם 17, יכין סנטר פתח תקווה, Israel",Bleecker Bakery,"יכין סנטר, דרך יצחק רבין 17, פתח תקווה, Israel",ChIJAcnjyP9JHRURenBUbfNQHaQ,בליקר בייקרי | כשר,iw,"יכין סנטר, דרך יצחק רבין 17, פתח תקווה","יכין סנטר, דרך יצחק רבין 17, פתח תקווה",yes,Bleecker Bakery,en,"יכין סנטר, דרך יצחק רבין 17, פתח תקווה","יכין סנטר, Derech Yitshak Rabin 17, Petah Tikva",yes
3538,כפר המכביה אירועים וכנסים,"ברנשטיין פרץ 7, רמת גן, Israel",Kfar Maccabiah Events and Convention Center,"Perets Bernstein St 7, Ramat Gan, Israel",ChIJ9SCm1A5LHRURTo_yniNUUmA,מרכז הכנסים כפר המכביה,iw,"פרץ ברנשטיין 7, רמת גן","פרץ ברנשטיין 7, רמת גן",yes,Kfar Maccabiah Events and Convention Center,en,"Perets Bernstein St 7, Ramat Gan","Perets Bernstein 7, Ramat Gan",no
3544,המסעדה שלנו,"בן ציון גליס 15, פתח תקווה, Israel",המסעדה שלנו,"Ben Tsiyon Galis St 15, Petah Tikva, Israel",ChIJeS-OO0U2HRUReDof8gWwNWA,המסעדה שלנו,iw,"בן ציון גליס 15, פתח תקווה","בן ציון גליס 15, פתח תקווה",yes,המסעדה שלנו,iw,"Ben Tsiyon Galis St 15, Petah Tikva","Ben Zion Galis 15, Petah Tikva",no
3555,סנדביץ בר,"יחזקאל קזז 12, אור יהודה, Israel",סנדביץ בר,"Yehezkel Kazaz St 12, Or Yehuda, Israel",ChIJTaDYFpZKHRURGdGEipZXRVE,סנדביץ בר,iw,"יחזקאל קזז 12, אור יהודה","יחזקאל קזז 12, אור יהודה",yes,סנדביץ בר,iw,"Yehezkel Kazaz St 12, Or Yehuda","Yehezkel Kazaz 12, Or Yehuda",no
3558,מקדונלד'ס,"שד' עמק איילון 30, שוהם, Israel",McDonald's,"Sderot Emek Ayalon 30, Shoham, 6083530, Israel",ChIJX2O_5qE0HRUR3IS8IFG0wd0,מקדונלד'ס - שוהם (כשר),iw,"שדרות עמק איילון 30, שוהם, 6083530","שדרות עמק איילון 30, שוהם",yes,McDonald's,en,"Sderot Emek Ayalon 30, Shoham, 6083530","Sderot Emek Ayalon 30, Shoham",no
3559,דונר,"אברהם גירון 20, יהוד, Israel",דונר/שווארמה טורקית ועל האש,"Avraham Giron St 15, Yehud-Monosson, Israel",ChIJES2blQU1HRURZH-TiNGGyhk,דונר/שווארמה טורקית ועל האש,iw,"אברהם גירון 15, יהוד מונוסון","אברהם גירון 15, יהוד מונוסון",yes,דונר/שווארמה טורקית ועל האש,iw,"Avraham Giron St 15, Yehud-Monosson","Avraham Giron 15, Yahud Monoson",no
3560,פיצה פפה,"בן אליעזר 31, ראשון לציון, Israel",Papa Pizza,"Arye Ben Eli'ezer St 31, Rishon LeZion, Israel",ChIJ27R7Gha0AhURIjazGIDXNZs,פיצה פפה,iw,"אריה בן אליעזר 31, ראשון לציון","אריה בן אליעזר 31, ראשון לציון",yes,Papa Pizza,en,"Arye Ben Eli'ezer St 31, Rishon LeZion","Arieh Ben Eliezer 31, Rishon LeZion",no
3561,מאפה נאמן,"דוד רזיאל 1, קניון רמלה, Israel",Neeman Bakery,"Sderot David Razi'el 1, Ramla, Israel",ChIJDd42DLfLAhURNqdorgvFVqs,מאפה נאמן,iw,"שדרות דוד רזיאל 1, רמלה","שדרות דוד רזיאל 1, רמלה",yes,Neeman Bakery,en,"Sderot David Razi'el 1, Ramla","Sderot David Razi'el 1, Ramla",no
3563,המעיין בית הבירה,"סוקולוב נחום 2, חולון, Israel",מעיין בית הבירה,"Sokolov St 2, Holon, Israel",ChIJa1R3nQ-zAhURCmvx87_NY2c,מעיין בית הבירה,iw,"סוקולוב 2, חולון","סוקולוב 2, חולון",yes,מעיין בית הבירה,iw,"Sokolov St 2, Holon","Sokolow 2, Holon",no
3564,ליאתי.לשבת.לקחת,"השל""ה 5, מתחם בזל, תל אביב, Israel",Liati,"HaShla St 5, Tel Aviv-Yafo, Israel",ChIJJfqCXotLHRURbx-eHcuMksE,קפה ליאתי Liati cafe,iw,"השל""ה 5, תל אביב-יפו","השל""ה 5, תל אביב-יפו",yes,Liati,en,"HaShla St 5, Tel Aviv-Yafo","HaShla 5, Tel Aviv-Jaffa",no
3565,פיצה שמש,"ז'בוטינסקי 2, פתח תקווה, Israel",Shemesh Pizza,"Jabotinsky St 2, Petah Tikva, Israel",ChIJK9tIVPA3HRURXn20PeZ0Ajs,פיצה שמש פתח תקווה,iw,"רחוב זאב ז'בוטינסקי 2, פתח תקווה","רחוב זאב ז'בוטינסקי 2, פתח תקווה",yes,Shemesh Pizza,en,"Jabotinsky St 2, Petah Tikva","Derech Zeev Jabutinsky 2, Petah Tikva",no
3568,פינת הצלע אזור,"השיקמה 2, אזור, Israel",פינת הצלע,"השקמה 2, Azor, 00000, Israel",ChIJ14UWT-tLHRUR_mfwx_32c6U,פינת הצלע,iw,"השקמה 2, אזור, 00000","השקמה 2, אזור",yes,פינת הצלע,iw,"השקמה 2, Azor, 00000","השקמה 2, Azor",yes
3569,הטורקיה והכבש,"אבן גבירול 92, תל אביב, Israel",Haturkiya & Hakeves,"Shlomo Ibn Gabirol St 92, Tel Aviv-Yafo, Israel",ChIJRcKjEI9LHRUROaDO9NccNkI,הטורקיה והכבש,iw,"שלמה אבן גבירול 92, תל אביב-יפו","שלמה אבן גבירול 92, תל אביב-יפו",yes,Haturkiya & Hakeves,en,"Shlomo Ibn Gabirol St 92, Tel Aviv-Yafo","Shlomo Ibn Gabirol 92, Tel Aviv-Jaffa",no
3570,אווזי,"אצ""ל 54, שכונת התקווה, תל אביב, Israel",Avazi,"Etsel St 54, Tel Aviv-Yafo, Israel",ChIJW6tZPnxLHRURHQzVXXo51eg,אווזי,iw,"אצ""ל 54, תל אביב-יפו","אצ""ל 54, תל אביב-יפו",yes,Avazi,en,"Etsel St 54, Tel Aviv-Yafo","Etsel 54, Tel Aviv-Jaffa",no
3571,אל דנטה,"ויצמן 14, ויצמן סיטי, תל אביב, Israel",Al Dente,"Weizmann St 14, Tel Aviv-Yafo, Israel",ChIJj3ZsFJFLHRURqeso8e05Nwk,אל דנטה,iw,"ויצמן‬ 14, תל אביב-יפו","ויצמן‬ 14, תל אביב-יפו",yes,Al Dente,en,"Weizmann St 14, Tel Aviv-Yafo","Weizmann 14, Tel Aviv-Jaffa",no
3573,שניצל קוקי,"שלמה המלך 37, קניון קרית אונו, Israel",שניצל קוקי קריית אונו,"Shlomo ha-Melekh St 37, Kiryat Ono, Israel",ChIJOWVyCYg1HRUR1a_H2p6b_4k,שניצל קוקי קריית אונו,iw,"שלמה המלך 37, קרית אונו","שלמה המלך 37, קרית אונו",yes,שניצל קוקי קריית אונו,iw,"Shlomo ha-Melekh St 37, Kiryat Ono","Shlomo HaMelech 37, Kiryat Ono",no
3575,מקדונלד'ס,"יוספטל 92, קניון בת ים, Israel",McDonald's,"Yoseftal St 92, Bat Yam, 5964101, Israel",ChIJtxSUmGuzAhURBQHFs2EE0ew,מקדונלד'ס - ביג פאשן בת ים (כשר),iw,"יוספטל 92, בת ים, 5964101","יוספטל 92, בת ים",yes,McDonald's,en,"Yoseftal St 92, Bat Yam, 5964101","Yoseftal 92, Bat Yam",no
3576,אושי אושי,"שלמה המלך 37, קניון קרית אונו, Israel",Oshi Oshi,"קניון, Shlomo HaMelech 38, Kiryat Ono, Israel",ChIJ8Ztd_Yc1HRURFG20lG2hLMc,אושי אושי קריית אונו- סושי איכותי,iw,"קניון, שלמה המלך 38, קרית אונו","קניון, שלמה המלך 38, קרית אונו",yes,Oshi Oshi,en,"קניון, Shlomo HaMelech 38, Kiryat Ono","קניון, Shlomo HaMelech 38, Kiryat Ono",yes
3580,צלילי האש,"ז'בוטינסקי 100, בני ברק, Israel",Fire sounds Restaurant - צלילי האש,"Jabotinsky St 100, Bnei Brak, Israel",ChIJS3v7wbRLHRURQLlA0tycl-g,אצל זלבוך,iw,"רחוב זאב ז'בוטינסקי 100, בני ברק","רחוב זאב ז'בוטינסקי 100, בני ברק",yes,Fire sounds Restaurant - צלילי האש,en,"Jabotinsky St 100, Bnei Brak","Derech Zeev Jabutinsky 100, Bnei Brak",no
3581,מתוקה,"הברזל 20, רמת החייל, תל אביב, Israel",מתוקה,"HaBarzel St 20, Tel Aviv-Yafo, Israel",ChIJTSvNetxJHRURFQrEGtZ2jxs,מתוקה,ru,"הברזל 20, תל אביב-יפו","הברזל 20, תל אביב-יפו",yes,מתוקה,ru,"HaBarzel St 20, Tel Aviv-Yafo","HaBarzel 20, Tel Aviv-Jaffa",no
3582,ירושלים,"דוד רזיאל 18, רמלה, Israel",מסעדת ארמון ירושלים,"Sderot David Razi'el 18, Ramla, 72000, Israel",ChIJdQqoLvXJAhURV_j7yFv9mWc,מסעדת ארמון ירושלים,iw,"שדרות דוד רזיאל 18, רמלה, 72000","שדרות דוד רזיאל 18, רמלה",yes,מסעדת ארמון ירושלים,iw,"Sderot David Razi'el 18, Ramla, 72000","Sderot David Razi'el 18, Ramla",no
3584,לטורטיה בר,"שד' הרצל 56, רמלה, Israel",La Tortilla Bar,"Sderot Herzl 56, Ramla, Israel",ChIJe06kBwbKAhURH_52zz0ZOD4,טורטיה בר רמלה,iw,"שדרות הרצל 56, רמלה","שדרות הרצל 56, רמלה",yes,La Tortilla Bar,en,"Sderot Herzl 56, Ramla","Sderot Herzl 56, Ramla",no
3587,יעקב סנדוויצ'ים,"רוטשילד 28, בת ים, Israel",יעקב סנדביצ'ים,"Rothschild St 28, Bat Yam, Israel",ChIJ5RJBqz6zAhURoL8Qttcs4U8,יעקב סנדביצ'ים,iw,"רוטשילד 28, בת ים","רוטשילד 28, בת ים",yes,יעקב סנדביצ'ים,iw,"Rothschild St 28, Bat Yam","Rothschild 28, Bat Yam",no
3589,קומה 49,"דרך מנחם בגין 132, תל אביב, Israel",הקומה ה-49 עזריאלי | אולם אירועים בתל אביב | אירועים פרטיים ועסקיים במרכז,"בניין עגול כניסה מקומה 3 בתוך הקניון, דרך מנחם בגין 132, תל אביב-יפו, Israel",ChIJA7W_TbZLHRUR-YGVRVzqdgU,הקומה ה-49 עזריאלי | אולם אירועים בתל אביב | אירועים פרטיים ועסקיים במרכז,iw,"בניין עגול כניסה מקומה 3 בתוך הקניון, דרך מנחם בגין 132, תל אביב-יפו","בניין עגול כניסה מקומה 3 בתוך הקניון, מגדלי עזריאלי, דרך מנחם בגין 132, תל אביב-יפו",yes,הקומה ה-49 עזריאלי | אולם אירועים בתל אביב | אירועים פרטיים ועסקיים במרכז,iw,"בניין עגול כניסה מקומה 3 בתוך הקניון, דרך מנחם בגין 132, תל אביב-יפו","בניין עגול כניסה מקומה 3 בתוך הקניון, Azrieli Center, Derech Menachem Begin 132, Tel Aviv-Jaffa",yes
3591,שניצל פוינט,"יד חרוצים 13, תל אביב, Israel",Schnitzel Point,"Yad Harutsim St 13, Tel Aviv-Yafo, Israel",ChIJ34YD6XpLHRURTLAGAQFWaQE,"שניצל פוינט סניף יד-חרוצים ת""א (כשר)",iw,"יד חרוצים 13, תל אביב-יפו","יד חרוצים 13, תל אביב-יפו",yes,Schnitzel Point,en,"Yad Harutsim St 13, Tel Aviv-Yafo","Yad Harutsim 13, Tel Aviv-Jaffa",no
3593,בגט הזהב,"שד' הרצל 87, רמלה, Israel",בגט הזהב של גרשון,"Sderot Herzl 87, Ramla, Israel",ChIJ5RqgmRzKAhUReMUddVZ3xWc,בגט הזהב של גרשון,iw,"שדרות הרצל 87, רמלה","שדרות הרצל 87, רמלה",yes,בגט הזהב של גרשון,iw,"Sderot Herzl 87, Ramla","Sderot Herzl 87, Ramla",no
3595,צ'יק צ'ק צ'יקן,"אבן גבירול 30, תל אביב, Israel",Chick Chack Chicken,"Shlomo Ibn Gabirol St 30, Tel Aviv-Yafo, Israel",ChIJy1yMmYNLHRURYDL-BScRJuQ,צ'יק צ'ק צ'יקן,iw,"שלמה אבן גבירול 30, תל אביב-יפו","שלמה אבן גבירול 30, תל אביב-יפו",yes,Chick Chack Chicken,en,"Shlomo Ibn Gabirol St 30, Tel Aviv-Yafo","Shlomo Ibn Gabirol 30, Tel Aviv-Jaffa",no
3596,מנטה בייגל,"ירושלים 23, בני ברק, Israel",Mint Bagel,"Jerusalem St 23, Bnei Brak, Israel",ChIJm_89pTpKHRUR_7CySOtlRPs,מנטה בייגל,iw,"רחוב ירושלים 23, בני ברק","רחוב ירושלים 23, בני ברק",yes,Mint Bagel,en,"Jerusalem St 23, Bnei Brak","Rehov Jerusalem 23, Bnei Brak",no
3597,סלון דבורה,"רוקח 25, רמת גן, Israel",סלון דבורה,"Rokach St 25, Ramat Gan, Israel",ChIJ85bS_xxLHRURNCD5hXFD2u8,סלון דבורה,iw,"רוקח 25, רמת גן","רוקח 25, רמת גן",yes,סלון דבורה,iw,"Rokach St 25, Ramat Gan","Rokach 25, Ramat Gan",no
3598,קייטרינג פודיז,"תושיה 18, תל אביב, Israel",קייטרינג פודיז,"Tushiya St, Tel Aviv-Yafo, Israel",ChIJ0UhNZHZLHRURFqzIIhgqYe8,קייטרינג פודיז,iw,"תושיה, תל אביב-יפו","תושיה, תל אביב-יפו",yes,קייטרינג פודיז,iw,"Tushiya St, Tel Aviv-Yafo","Tushiya, Tel Aviv-Jaffa",no
3601,מאפיית פארין,"קהילת ונציה 12, נאות אפקה, תל אביב, Israel",Farin Bakery,"Kehilat Venezia St 12, Tel Aviv-Yafo, Israel",ChIJOXiJxp5JHRURFvut3K2vQUI,מאפיית פארין,iw,"קהילת ונציה 12, תל אביב-יפו","קהילת ונציה 12, תל אביב-יפו",yes,Farin Bakery,en,"Kehilat Venezia St 12, Tel Aviv-Yafo","Kehilat Venezia 12, Tel Aviv-Jaffa",no
3619,טיפיקו,"נחלת בנימין 1, תל אביב, Israel",טיפיקו,"Nahalat Binyamin St 1, Tel Aviv-Yafo, Israel",ChIJo5x1Y4FMHRURQdIFRNGNelg,טיפיקו,iw,"נחלת בנימין 1, תל אביב-יפו","נחלת בנימין 1, תל אביב-יפו",yes,טיפיקו,iw,"Nahalat Binyamin St 1, Tel Aviv-Yafo","Nahalat Binyamin 1, Tel Aviv-Jaffa",no
3622,שטיסל,"הרב ש""ך 14, בני ברק, Israel",Shtisl - Jewish food center,"HaRav Shach St 14, Bnei Brak, Israel",ChIJNd2xnCNKHRURLypeXdgZWcw,שטיסל - מרכז האוכל היהודי,iw,"הרב ש""ך 14, בני ברק","הרב ש""ך 14, בני ברק",yes,Shtisl - Jewish food center,en,"HaRav Shach St 14, Bnei Brak","HaRav Shach 14, Bnei Brak",no
3624,מעדני יאיר,"צלח שלום 30, פתח תקווה, Israel",מעדני יאיר,"Shalom Tsalah St 30, Petah Tikva, Israel",ChIJqaTBu4Y2HRURLAhz6V8nJgQ,מעדני יאיר,iw,"שלום צלח 30, פתח תקווה","שלום צלח 30, פתח תקווה",yes,מעדני יאיר,en,"Shalom Tsalah St 30, Petah Tikva","Shalom Tsalah 30, Petah Tikva",no
3625,שיפודי ציפורה,"הרב בר שאול 5, בת ים, Israel",Shipudei Tzipora,"Sha'ul Bar St 5, Bat Yam, Israel",ChIJ0aNl4juzAhURtlCn8pMud0k,"שיפודי ציפורה בת ים בד""ץ בת יוסף",iw,"שאול בר 5, בת ים","שאול בר 5, בת ים",yes,Shipudei Tzipora,en,"Sha'ul Bar St 5, Bat Yam","Sha'ul Bar 5, Bat Yam",no
3629,חצ'אפורי,"שמחה הולצברג 16, רמלה, Israel",Mamuka's Khachapuri,"Hativat Kiryati St, Ramla, Israel",ChIJT04cfPy1AhUR8H2KlYr3XHo,החצ'אפורי של ממוקה,iw,"חטיבת קרייתי, רמלה","חטיבת קרייתי, רמלה",yes,Mamuka's Khachapuri,en,"Hativat Kiryati St, Ramla","Hativat Kiryati, Ramla",no
3630,יוניתה,"נחלת בנימין, תל אביב, Israel",Yonita,"נחלת בנימין 12, פינת, HaShomer 7, Tel Aviv-Jaffa, Israel",ChIJ-SruwYNMHRURFUUOU2zLdbU,יוניתה,iw,"נחלת בנימין 12, פינת, השומר 7, תל אביב-יפו","פינת, נחלת בנימין 12, השומר 7, תל אביב-יפו",yes,Yonita,en,"נחלת בנימין 12, פינת, HaShomer 7, Tel Aviv-Jaffa","פינת, נחלת בנימין 12, HaShomer 7, Tel Aviv-Jaffa",yes
3633,פיצה פרגו,"רחל אמנו 1, מודיעין והסביבה, Israel",פרגו פיצה במודיעין,"Lea Imenu St 1, Modi'in-Maccabim-Re'ut, 7176250, Israel",ChIJhwIrWNfNAhURZs1fDUiH08c,פרגו פיצה במודיעין,en,"לאה אמנו 1, מודיעין מכבים רעות, 7176250","לאה אמנו 1, מודיעין מכבים רעות",yes,פרגו פיצה במודיעין,en,"Lea Imenu St 1, Modi'in-Maccabim-Re'ut, 7176250","Lea Imenu 1, Modi'in Makabim-Re'ut",no
3637,דניאלוס פיצה,"יהושע רבינוביץ 11, מרכז סאדאב חולון, Israel",Danielo's Pizza,"IL 5867115, Yehoshua Rabinovich 11, Holon, Israel",ChIJo0VY9y6zAhURCM5dJruZAIM,דניאלוס פיצה,iw,"IL 5867115, יהושע רבינוביץ 11, חולון","IL 5867115, יהושע רבינוביץ 11, חולון",yes,Danielo's Pizza,en,"IL 5867115, Yehoshua Rabinovich 11, Holon","IL 5867115, Yehoshua Rabinovich 11, Holon",no
3640,שווארמת השף פתח תקווה,"חיים עוזר 4, קניון לב העיר פתח תקווה, Israel",Shawarma Chef,"Khayim Ozer St 4, Petah Tikva, 4936104, Israel",ChIJTwvLbG02HRURwBct51tOjQ4,Shawarma Chef (שווארמת השף),iw,"חיים עוזר 4, פתח תקווה, 4936104","חיים עוזר 4, פתח תקווה",yes,Shawarma Chef,en,"Khayim Ozer St 4, Petah Tikva, 4936104","Haim Ozer 4, Petah Tikva",no
3644,פיצה סיציליאנה חולון,"ההסתדרות 171, חולון, Israel",פיצה - פיצרייה בחולון - פיצה הכי טעימה בעיר,"Ha-Histadrut St 169, Holon, Israel",ChIJbcXfdgq1AhURcUpx0uKUGaQ,פיצה - פיצרייה בחולון - פיצה הכי טעימה בעיר,iw,"ההסתדרות 169, חולון","ההסתדרות 169, חולון",yes,פיצה - פיצרייה בחולון - פיצה הכי טעימה בעיר,iw,"Ha-Histadrut St 169, Holon","Hahistadrut 169, Holon",no
3646,קפה עלית-אספרסו בר,"דרך אם המושבות 12, פתח תקווה, Israel",קפה עלית- אספרסו בר,"אצטדיון שלמה ביטוח פתח תקווה, Derech Em Hamoshavot 12, Petah Tikva, Israel",ChIJ95TRwu9JHRURPAm8ba5SeVI,קפה עלית- אספרסו בר,iw,"אצטדיון שלמה ביטוח פתח תקווה, דרך אם המושבות 12, פתח תקווה","אצטדיון שלמה ביטוח פתח תקווה, דרך אם המושבות 12, פתח תקווה",yes,קפה עלית- אספרסו בר,iw,"אצטדיון שלמה ביטוח פתח תקווה, Derech Em Hamoshavot 12, Petah Tikva","אצטדיון שלמה ביטוח פתח תקווה, Derech Em Hamoshavot 12, Petah Tikva",yes
3650,פיצה עגבניה,"ז'בוטינסקי 155, רמת גן, Israel",Agvania Pizza,"Jabotinsky St 155, Ramat Gan, Israel",ChIJD98PSyxKHRURRHroJNWgYzs,פיצה עגבניה,iw,"רחוב זאב ז'בוטינסקי 155, רמת גן","רחוב זאב ז'בוטינסקי 155, רמת גן",yes,Agvania Pizza,en,"Jabotinsky St 155, Ramat Gan","Derech Zeev Jabutinsky 155, Ramat Gan",no
3653,מאפיות אנג'ל,"בארי 8, בני ברק, Israel",בייקרי בארי,"Be'eri St 8, Bnei Brak, Israel",ChIJ85k8jjdKHRUR-GKSsqGp0og,בייקרי בארי,iw,"בארי 8, בני ברק","בארי 8, בני ברק",yes,בייקרי בארי,iw,"Be'eri St 8, Bnei Brak","Be'eri 8, Bnei Brak",no
3654,סנדר,"לוינסקי 54, תל אביב, Israel",Sender,"Levinski St 54, Tel Aviv-Yafo, Israel",ChIJVQoh63pLHRURnKx7hpCrQPc,מסעדת סנדר,iw,"לוינסקי 54, תל אביב-יפו","לוינסקי 54, תל אביב-יפו",yes,Sender,en,"Levinski St 54, Tel Aviv-Yafo","Levinski 54, Tel Aviv-Jaffa",no
3656,החומה הסינית,"מקוה ישראל 26, תל אביב, Israel",The Chinese Wall,"Mikve Israel St 26, Tel Aviv-Yafo, Israel",ChIJ__8kt5tMHRURR292kl1EvIw,The Chinese Wall,en,"מקווה ישראל 26, תל אביב-יפו","מקווה ישראל 26, תל אביב-יפו",yes,The Chinese Wall,en,"Mikve Israel St 26, Tel Aviv-Yafo","Mikve Israel 26, Tel Aviv-Jaffa",no
3658,פיצה כמעט חינם,"רוטשילד 121, ראשון לציון, Israel",פיצה ראשון לציון כמעט חינם משלוחים 24,"Rothschild St 121, Rishon LeZion, Israel",ChIJF9ANQhS0AhURQ4MKoRZKQVQ,פיצה ראשון לציון כמעט חינם משלוחים 24,iw,"רוטשילד 121, ראשון לציון","רוטשילד 121, ראשון לציון",yes,פיצה ראשון לציון כמעט חינם משלוחים 24,iw,"Rothschild St 121, Rishon LeZion","Rothschild 121, Rishon LeZion",no
3659,סבתא לינה,"העלייה השנייה 43, אזור, Israel",סבתא לינה,"Ha-Aliya ha-Shinya St 43, Azor, 5800239, Israel",ChIJi7nyuwVLHRUR4JyP5qo-IXY,סבתא לינה,iw,"העלייה השנייה 43, אזור, 5800239","העלייה השנייה 43, אזור",yes,סבתא לינה,iw,"Ha-Aliya ha-Shinya St 43, Azor, 5800239","HaAliya HaShniya 43, Azor",no
3660,תירס,"דרך מנחם בגין 132, קניון עזריאלי, תל אביב, Israel",תירס,"Azrieli Center, Menakhem Begin Rd 132, Tel Aviv-Yafo, Israel",ChIJU8pNF9hLHRURpkUZTTp4i8c,תירס,iw,"מגדלי עזריאלי, דרך מנחם בגין 132, תל אביב-יפו","מגדלי עזריאלי, דרך מנחם בגין 132, תל אביב-יפו",yes,תירס,iw,"Azrieli Center, Menakhem Begin Rd 132, Tel Aviv-Yafo","Azrieli Center, Derech Menachem Begin 132, Tel Aviv-Jaffa",no
3661,מאפה צרפתי דהרי,"רוטשילד 77, פתח תקווה, Israel",מאפה צרפתי זכיין פתח תקווה,"Rothschild St 77, Petah Tikva, 4947347, Israel",ChIJ7aPc_gw2HRUR5uaz-10K-_I,מאפה צרפתי זכיין פתח תקווה,iw,"רוטשילד 77, פתח תקווה, 4947347","רוטשילד 77, פתח תקווה",yes,מאפה צרפתי זכיין פתח תקווה,iw,"Rothschild St 77, Petah Tikva, 4947347","Rothschild 77, Petah Tikva",no
3665,נון,"תובל 30, מתחם הבורסה, רמת גן, Israel",Noon,"Tuval St 30, Ramat Gan, Israel",ChIJUbFwH8dLHRURsCiyFQZOZME,נון,iw,"תובל 30, רמת גן","תובל 30, רמת גן",yes,Noon,en,"Tuval St 30, Ramat Gan","Tuval 30, Ramat Gan",no
3666,פיצה פנאן,"התנאים 5, חולון, Israel",פיצה פנאן,"HaTana'im St 5, Holon, Israel",ChIJScSvonqzAhURNCrYfFfIo5g,פיצה פנאן,iw,"התנאים 5, חולון","התנאים 5, חולון",yes,פיצה פנאן,iw,"HaTana'im St 5, Holon","HaTana'im 5, Holon",no
3668,צ'נטרו חומוס פול,"שד' דב הוז 33, חולון, Israel",חומוס פול צנטרו,"Sderot Dov Hoz 33, Holon, Israel",ChIJm3WisluzAhURmFhBFNVLl0I,חומוס פול צנטרו,iw,"שדרות דב הוז 33, חולון","שדרות דב הוז 33, חולון",yes,חומוס פול צנטרו,iw,"Sderot Dov Hoz 33, Holon","Sderot Dov Hoz 33, Holon",no
3673,הרצל 2,"לוי משה 7, ראשון לציון, Israel",שווארמה הרצל 2,"Moshe Levi St 7, Rishon LeZion, Israel",ChIJU_DVQACzAhURR_xhd-i-O6I,שווארמה הרצל 2,iw,"משה לוי 7, ראשון לציון","משה לוי 7, ראשון לציון",yes,שווארמה הרצל 2,iw,"Moshe Levi St 7, Rishon LeZion","Moshe Levi 7, Rishon LeZion",no
3674,הום בורגר,"עוזי חיטמן 44, רמלה, Israel",הום בורגר רמלה - HomeBurger,"Uzi Hitman St 44, Ramla, Israel",ChIJb-BqhvvJAhURuDt1Iw64o9Q,הום בורגר רמלה - HomeBurger,iw,"עוזי חיטמן 44, רמלה","עוזי חיטמן 44, רמלה",yes,הום בורגר רמלה - HomeBurger,iw,"Uzi Hitman St 44, Ramla","Uzi Hitman 44, Ramla",no
3676,פיצה זיתים,"אצ""ל 44, שכונת התקווה, תל אביב, Israel",פיצה זיתים,"Etsel St 44, Tel Aviv-Yafo, 6712828, Israel",ChIJSfAFzGtLHRURRxNSErw200s,פיצה זיתים,iw,"אצ""ל 44, תל אביב-יפו, 6712828","אצ""ל 44, תל אביב-יפו",yes,פיצה זיתים,iw,"Etsel St 44, Tel Aviv-Yafo, 6712828","Etsel 44, Tel Aviv-Jaffa",no
3678,עלים ירוקים,"תל אביב, Israel",Alim yerukim,"אוניברסיטה, תל אביב-יפו, Israel",ChIJdc2SnG9JHRURrbJ11GsW3Dk,עלים ירוקים,iw,"אוניברסיטה, תל אביב-יפו","אוניברסיטה, תל אביב-יפו",yes,Alim yerukim,en,"אוניברסיטה, תל אביב-יפו","אוניברסיטה, Tel Aviv-Jaffa",yes
3679,מאפיית סלמן,"השלהבת 6, אור יהודה, Israel",מאפיית סלמן,"Ha-Shalhevet St 4, Or Yehuda, Israel",ChIJf3ieuHk1HRURpEEjILZIicA,מאפיית סלמן,iw,"השלהבת 4, אור יהודה","השלהבת 4, אור יהודה",yes,מאפיית סלמן,en,"Ha-Shalhevet St 4, Or Yehuda","HaShalhevet 4, Or Yehuda",no
3680,בורקס תורכי אורגינלי,"ז'בוטינסקי 3, רמלה, Israel",בורקס תורכי- רמלה,"Jabotinski St 3, Ramla, Israel",ChIJqUs8vRzKAhUREJBwnQj3J5I,בורקס תורכי- רמלה,iw,"ז'בוטינסקי 3, רמלה","ז'בוטינסקי 3, רמלה",yes,בורקס תורכי- רמלה,iw,"Jabotinski St 3, Ramla","Jabotinsky 3, Ramla",no
3682,הפלאפל של ניסן,"מרבד הקסמים 2, ראש העין, Israel",הפלאפל של ניסן,"Marvad HaKsamim St 2, Rosh Haayin, Israel",ChIJl9HOltY2HRURh1K5omcd7vY,הפלאפל של ניסן,iw,"מרבד הקסמים 2, ראש העין","מרבד הקסמים 2, ראש העין",yes,הפלאפל של ניסן,iw,"Marvad HaKsamim St 2, Rosh Haayin","Marvad HaKsamim 2, Rosh Haayin",no
3686,הצ'ולנט של דודי,"אלעד, Israel",הטשולנט של דודי,"Radak St 3, El'ad, Israel",ChIJPSAke_gzHRURI5MrfQI42bc,הטשולנט של דודי,iw,"רד""ק 3, אלעד","רד""ק 3, אלעד",yes,הטשולנט של דודי,iw,"Radak St 3, El'ad","Radak 3, El'ad",no
3688,חומוס כספי,"יהודה המכבי 61, תל אביב, Israel",Hummus 616,"Yehuda HaMakkabbi St 61, Tel Aviv-Yafo, Israel",ChIJl-CpculLHRUR-Efhyyf84yY,Hummus 616,en,"יהודה המכבי 61, תל אביב-יפו","יהודה המכבי 61, תל אביב-יפו",yes,Hummus 616,en,"Yehuda HaMakkabbi St 61, Tel Aviv-Yafo","Yehuda HaMakkabbi 61, Tel Aviv-Jaffa",no
3690,מאפיית רומן,"לזרוב 29, ראשון לציון, Israel",מאפיית רומן,"Lazarov St 29, Rishon LeZion, Israel",ChIJ4bDOZ4CzAhURy8BW2SS5aEY,מאפיית רומן,ru,"לזרוב 29, ראשון לציון","לזרוב 29, ראשון לציון",yes,מאפיית רומן,ru,"Lazarov St 29, Rishon LeZion","Lazarov 29, Rishon LeZion",no
3691,הבגט הלוהט,"שד' מנחם בגין 4, ראשון לציון, Israel",Habaget halohet,"Sderot Begin 4, Rishon LeZion, Israel",ChIJE0KpF0K0AhURE-VvcdOvAoU,הבגט הלוהט,iw,"שדרות בגין 4, ראשון לציון","שדרות בגין 4, ראשון לציון",yes,Habaget halohet,en,"Sderot Begin 4, Rishon LeZion","Sderot Begin 4, Rishon LeZion",no
3693,מפגש הסטייק,"דרך מנחם בגין 37, תל אביב, Israel",Mifgash HaSteak,"חנייה חינם משעה 4 אחה""צ, בכתובת סעדיה גאון 10, Menakhem Begin Rd 37, Tel Aviv-Yafo, Israel",ChIJgbadzHtLHRUR2fY18keuzd8,מפגש הסטייק,iw,"חנייה חינם משעה 4 אחה""צ, בכתובת סעדיה גאון 10, Menakhem Begin Rd 37, Tel Aviv-Yafo","חנייה חינם משעה 4 אחה""צ, בכתובת סעדיה גאון 10, דרך מנחם בגין 37, תל אביב-יפו",yes,Mifgash HaSteak,en,"חנייה חינם משעה 4 אחה""צ, בכתובת סעדיה גאון 10, Menakhem Begin Rd 37, Tel Aviv-Yafo","חנייה חינם משעה 4 אחה""צ, בכתובת סעדיה גאון 10, Derech Menachem Begin 37, Tel Aviv-Jaffa",yes
3695,פלאפל המזרח,"תובל 36, מתחם הבורסה, רמת גן, Israel",שווארמה-פלאפל המזרח | כשר,"Tuval St 36, Ramat Gan, Israel",ChIJgX3VPMdLHRURCfsUbBc2WUk,שווארמה-פלאפל המזרח | כשר,iw,"תובל 36, רמת גן","תובל 36, רמת גן",yes,שווארמה-פלאפל המזרח | כשר,iw,"Tuval St 36, Ramat Gan","Tuval 36, Ramat Gan",no
3701,גלידת רוביניק,"מנחם בגין 30, קניון עופר הגבעה, גבעת שמואל, Israel",גלידת רוביניק גליל ים,"Menachem Begin St 30, Giv'at Shmuel, Israel",ChIJfQJ8IyZKHRURKJ2bwqxKseA,גלידת רוביניק גליל ים,iw,"מנחם בגין 30, גבעת שמואל","מנחם בגין 30, גבעת שמואל",yes,גלידת רוביניק גליל ים,iw,"Menachem Begin St 30, Giv'at Shmuel","Menachem Begin 30, Giv'at Shmu'el",no
3702,קפה הדס,"לח""י 2, בני ברק, Israel",Hadas Cafe,"Lekhi St 2, Bnei Brak, Israel",ChIJxWHFl49JHRURSVWo465iNJ0,קפה הדס,iw,"לח""י 2, בני ברק","לח""י 2, בני ברק",yes,Hadas Cafe,en,"Lekhi St 2, Bnei Brak","Lekhi 2, Bnei Brak",no
3706,בישולים במרומים,"היצירה 25, מתחם הבורסה, רמת גן, Israel",בישולים במרומים,"Ha-Yetsira St 25, Ramat Gan, Israel",ChIJsVBFPZ1LHRUR1bVWEu9XYew,בישולים במרומים,iw,"היצירה 25, רמת גן","היצירה 25, רמת גן",yes,בישולים במרומים,iw,"Ha-Yetsira St 25, Ramat Gan","HaYetsira 25, Ramat Gan",no
3709,מפגש ברלין,"ז'בוטינסקי 61, רמת גן, Israel",'Berlin' Burger Joint,"Jabotinsky St 61, Ramat Gan, Israel",ChIJ8zUDN8lLHRURcEw3vbpExxU,מפגש ברלין זבוטינסקי כשר למהדרין,iw,"רחוב זאב ז'בוטינסקי 61, רמת גן","רחוב זאב ז'בוטינסקי 61, רמת גן",yes,'Berlin' Burger Joint,en,"Jabotinsky St 61, Ramat Gan","Derech Zeev Jabutinsky 61, Ramat Gan",no
3711,באגטינו,"ירושלים 18, בני ברק, Israel",באגטינו,"Jerusalem St 14, Bnei Brak, Israel",ChIJTU9oUiVKHRURxwa-doQ2BVI,באגטינו,iw,"רחוב ירושלים 14, בני ברק","רחוב ירושלים 14, בני ברק",yes,באגטינו,iw,"Jerusalem St 14, Bnei Brak","Rehov Jerusalem 14, Bnei Brak",no
3712,ליון,"שד' יצחק רבין 5, אור יהודה, Israel",Lyon Cafe,"מתחם מיני, Itzhak rabin 5, Or Yehuda, Israel",ChIJyydD2Ns1HRURsirXLPV3FmI,קפה ליון אור יהודה,iw,"מתחם מיני, יצחק רבין 5, אור יהודה","מתחם מיני, יצחק רבין 5, אור יהודה",yes,Lyon Cafe,en,"מתחם מיני, Itzhak rabin 5, Or Yehuda","מתחם מיני, Itzhak rabin 5, Or Yehuda",yes
3715,חומוס הבוטקה,"הסיבים 18, פתח תקווה, Israel",הבוטקה - חומוסיה יזרעאלית,"Ha-Sivim St 18, Petah Tikva, Israel",ChIJe2QDufhJHRURSqPBrZsr8LU,הבוטקה - חומוסיה יזרעאלית,iw,"הסיבים 18, פתח תקווה","הסיבים 18, פתח תקווה",yes,הבוטקה - חומוסיה יזרעאלית,iw,"Ha-Sivim St 18, Petah Tikva","HaSivim 18, Petah Tikva",no
3720,אמא סנדוויץ,"בן יהודה 38, תל אביב, Israel",אמא סנדוויץ,"Ben Yehuda St 38, Tel Aviv-Yafo, Israel",ChIJEc8Z2H1MHRURE--EULU3zUM,אמא סנדוויץ,iw,"בן יהודה 38, תל אביב-יפו","בן יהודה 38, תל אביב-יפו",yes,אמא סנדוויץ,iw,"Ben Yehuda St 38, Tel Aviv-Yafo","Ben Yehuda 38, Tel Aviv-Jaffa",no
3721,הפינה החלבית,"המלאכה 8, פארק תעשיות אפק, ראש העין, Israel",הפינה החלבית,"HaMelacha St 8, Rosh Haayin, Israel",ChIJ69650sYwHRURbbCUuViAIPw,הפינה החלבית,iw,"המלאכה 8, ראש העין","המלאכה 8, ראש העין",yes,הפינה החלבית,iw,"HaMelacha St 8, Rosh Haayin","HaMelacha 8, Rosh Haayin",no
3728,פיצה בכפר מוצרלה,"אלנקוה 78, תל אביב, Israel",מוצרלה בכפר,"Ha-Rav Alnekave St 78, Tel Aviv-Yafo, Israel",ChIJHUOizRFLHRUR9ReJL87_Sd4,מוצרלה בכפר,iw,"הרב אלנקווה 78, תל אביב-יפו","הרב אלנקווה 78, תל אביב-יפו",yes,מוצרלה בכפר,iw,"Ha-Rav Alnekave St 78, Tel Aviv-Yafo","HaRav Alnekave 78, Tel Aviv-Jaffa",no
3734,ג'בטה בגטה,"שנקר אריה 2, פתח תקווה, Israel",ג'בטה בגטה,"Arye Shenkar St 2, Petah Tikva, Israel",ChIJqSKI1vtJHRURpG5w-QBJ47Y,ג'בטה בגטה,iw,"אריה שנקר 2, פתח תקווה","אריה שנקר 2, פתח תקווה",yes,ג'בטה בגטה,iw,"Arye Shenkar St 2, Petah Tikva","Arieh Shenkar 2, Petah Tikva",no
3736,חומוס אליהו תל אביב,"בית אשל 7, יפו, תל אביב, Israel",חומוס אליהו - שוק הפשפשים,"Ami'ad St 14, Tel Aviv-Yafo, Israel",ChIJU7wVwKtNHRURDabgBwddySU,חומוס אליהו - שוק הפשפשים,iw,"עמיעד 14, תל אביב-יפו","עמיעד 14, תל אביב-יפו",yes,חומוס אליהו - שוק הפשפשים,iw,"Ami'ad St 14, Tel Aviv-Yafo","Ami'ad 14, Tel Aviv-Jaffa",no
3739,מיסטר פיצה,"חיים עוזר 18, פתח תקווה, Israel",Mister Pizza,"Khayim Ozer St 20, Petah Tikva, Israel",ChIJF6rtqLE3HRURVzE1bBBAbng,מיסטר פיצה,iw,"חיים עוזר 20, פתח תקווה","חיים עוזר 20, פתח תקווה",yes,Mister Pizza,en,"Khayim Ozer St 20, Petah Tikva","Haim Ozer 20, Petah Tikva",no
3744,מאפיית הצבי,"השומר 78, בני ברק, Israel",HaZvi Bakery,"HaRav Kahanman St 78, Bnei Brak, Israel",ChIJIdR7OjRKHRURy9FMJTVmMSk,מאפיית הצבי,iw,"הרב כהנמן 78, בני ברק","הרב כהנמן 78, בני ברק",yes,HaZvi Bakery,en,"HaRav Kahanman St 78, Bnei Brak","HaRav Kahanman 78, Bnei Brak",no
3745,אצל הטורקי,"הראשונים 2, אור יהודה, Israel",אצל הטורקי,"Ha-Rishonim St 2, Or Yehuda, Israel",ChIJPQZRapZKHRURzB4vUcRWIVk,אצל הטורקי,iw,"הראשונים 2, אור יהודה","הראשונים 2, אור יהודה",yes,אצל הטורקי,iw,"Ha-Rishonim St 2, Or Yehuda","HaRishonim 2, Or Yehuda",no
3746,פלאפל חתוכה,"בלפור 122, בת ים, Israel",פלאפל חתוכה,"Balfour St 122, Bat Yam, Israel",ChIJH_gjPBCzAhURhHAvhYR1AAk,פלאפל חתוכה,iw,"בלפור 122, בת ים","בלפור 122, בת ים",yes,פלאפל חתוכה,iw,"Balfour St 122, Bat Yam","Balfour 122, Bat Yam",no
3747,"""אוה""","אלנבי 91, תל אביב, Israel",אוה שניצליה,"Allenby St 91, Tel Aviv-Yafo, Israel",ChIJmQcffO1NHRURaRROlq1POCY,אוה שניצליה,en,"אלנבי 91, תל אביב-יפו","אלנבי 91, תל אביב-יפו",yes,אוה שניצליה,en,"Allenby St 91, Tel Aviv-Yafo","Allenby 91, Tel Aviv-Jaffa",no
3748,פזל פוד,"ויצמן 14, ויצמן סיטי, תל אביב, Israel",PUZZLE FOOD,"Weizmann St 14, Tel Aviv-Yafo, 64239, Israel",ChIJLU1mJJFLHRUR4T7o2J91JZQ,פאזל פוד,iw,"ויצמן‬ 14, תל אביב-יפו, 64239","ויצמן‬ 14, תל אביב-יפו",yes,PUZZLE FOOD,en,"Weizmann St 14, Tel Aviv-Yafo, 64239","Weizmann 14, Tel Aviv-Jaffa",no
3749,קופי טו יו,"מוטה גור 9, הקניון הגדול, פתח תקווה, Israel",קופי טו יו Coffee2You,"Mota Gur St 9, Petah Tikva, Israel",ChIJt67n2wI2HRURojokILLe21c,קופי טו יו Coffee2You,iw,"מוטה גור 9, פתח תקווה","מוטה גור 9, פתח תקווה",yes,קופי טו יו Coffee2You,iw,"Mota Gur St 9, Petah Tikva","Motta Gur 9, Petah Tikva",no
3750,הפינה הלבנה,"הרצל 7, יהוד, Israel","The White Corner, Ltd.","Herzl St 7, Yehud-Monosson, Israel",ChIJIXNmag01HRURSn9lFSkKe0Q,"הפינה הלבנה בע""מ",iw,"הרצל 7, יהוד מונוסון","הרצל 7, יהוד מונוסון",yes,"The White Corner, Ltd.",en,"Herzl St 7, Yehud-Monosson","Hertsel 7, Yahud Monoson",no
3751,מאיר בשרים (מחבוז'),"ז'בוטינסקי 65, רמת גן, Israel",מאיר בשרים,"Jabotinsky St 65, Ramat Gan, Israel",ChIJQ93V-PFLHRURIQ-qfuC4LH4,מאיר בשרים,iw,"רחוב זאב ז'בוטינסקי 65, רמת גן","רחוב זאב ז'בוטינסקי 65, רמת גן",yes,מאיר בשרים,iw,"Jabotinsky St 65, Ramat Gan","Derech Zeev Jabutinsky 65, Ramat Gan",no
3752,קאן-קאי סושי ומטבח אסייאתי,"משה דיין 2, ראש העין, Israel",Kan Kai - Sushi Wok Bar,"Moshe Dayan St 2, Rosh Haayin, Israel",ChIJTxgD9Mc2HRURBwO5RA4ZxZ8,קאן קאי,iw,"משה דיין 2, ראש העין","משה דיין 2, ראש העין",yes,Kan Kai - Sushi Wok Bar,en,"Moshe Dayan St 2, Rosh Haayin","Moshe Dayan 2, Rosh Haayin",no
3755,חומוס הכרם,"הרכבת 28, תל אביב, Israel",חומוס הכרם,"HaRakevet St 28, Tel Aviv-Yafo, Israel",ChIJ4S7IoHxLHRUR-Cdhqktd8iY,חומוס הכרם,ru,"הרכבת 28, תל אביב-יפו","הרכבת 28, תל אביב-יפו",yes,חומוס הכרם,ru,"HaRakevet St 28, Tel Aviv-Yafo","HaRakevet 28, Tel Aviv-Jaffa",no
3757,Pacapaca,"עמישב 45, גבעתיים, Israel",Paca Paca,"Amishav St 45, Giv'atayim, Israel",ChIJf8UxpDBLHRURuGjFyMQc2Ho,פקה פקה Paca Paca,iw,"עמישב 45, גבעתיים","עמישב 45, גבעתיים",yes,Paca Paca,en,"Amishav St 45, Giv'atayim","Amishav 45, Giv'atayim",no
3759,גן הורדים,"ראשון לציון, Israel",גן הורדים,"Herzl St 150, Rishon LeZion, Israel",ChIJCYn-2yC0AhURt4ZIDw7K6u4,גן הורדים,iw,"הרצל 150, ראשון לציון","הרצל 150, ראשון לציון",yes,גן הורדים,iw,"Herzl St 150, Rishon LeZion","Herzl 150, Rishon LeZion",no
3762,קנקי סושי בר יין,"בוגרשוב 23, תל אביב, Israel",Kanki Sushi Wine Bar,"Bograshov St 23, Tel Aviv-Yafo, Israel",ChIJ8WYTYX5MHRURabUyh6PtKl4,קנקי סושי בר יין,iw,"בוגרשוב 23, תל אביב-יפו","בוגרשוב 23, תל אביב-יפו",yes,Kanki Sushi Wine Bar,en,"Bograshov St 23, Tel Aviv-Yafo","Bograshov 23, Tel Aviv-Jaffa",no
3764,פלאפל שרעבי,"לח""י 91, תל אביב, Israel",פלאפל שרעבי,"Lehi Rd 91, Tel Aviv-Yafo, Israel",ChIJbQ4iQBVLHRURK02XBwzYyWM,פלאפל שרעבי,iw,"דרך לח""י 91, תל אביב-יפו","דרך לח""י 91, תל אביב-יפו",yes,פלאפל שרעבי,iw,"Lehi Rd 91, Tel Aviv-Yafo","Derech Lehi 91, Tel Aviv-Jaffa",no
3766,מפגשולה,"משה שרת 32, ראשון לציון, Israel",מפגשולה,"Moshe Sharett St 32, Rishon LeZion, Israel",ChIJQyW5F5mzAhUR9wlWTgkFfv0,מפגשולה,iw,"משה שרת 32, ראשון לציון","משה שרת 32, ראשון לציון",yes,מפגשולה,iw,"Moshe Sharett St 32, Rishon LeZion","Moshe Sharett 32, Rishon LeZion",no
3768,פיצה פצץ,"חיים בר לב 10, אור יהודה, Israel",פיצה פצץ,"جادة حييم بر لف 10 يهود، Or Yehuda, Israel",ChIJ11COyZ5KHRURqaWX41W9s3w,פיצה פצץ,iw,جادة حييم بر لف 10 يهود، Or Yehuda,"جادة حييم بر لف 10 يهود, Or Yehuda",no,פיצה פצץ,iw,جادة حييم بر لف 10 يهود، Or Yehuda,"جادة حييم بر لف 10 يهود, Or Yehuda",no
3772,פטבויז,"קרליבך 39, תל אביב, Israel",שווארמה קרליבך 39,"Carlebach St 39, Tel Aviv-Yafo, Israel",ChIJo9eX98xLHRURKKmn6xrL-vQ,שווארמה קרליבך 39,iw,"קרליבך 39, תל אביב-יפו","קרליבך 39, תל אביב-יפו",yes,שווארמה קרליבך 39,iw,"Carlebach St 39, Tel Aviv-Yafo","Carlebach 39, Tel Aviv-Jaffa",no
3777,קפטן,"בורוכוב 54, גבעתיים, Israel",Captain Burger,"Borochov St 54, Giv'atayim, Israel",ChIJ7VHVKYZLHRURy1DgZgXTFGo,קפטן בורגר גבעתיים,iw,"בורוכוב 54, גבעתיים","בורוכוב 54, גבעתיים",yes,Captain Burger,en,"Borochov St 54, Giv'atayim","Borochov 54, Giv'atayim",no
3778,פיצה בריבוע,"חיים עוזר 4, קניון לב העיר פתח תקווה, Israel",פיצה בריבוע,"Khayim Ozer St 4, Petah Tikva, Israel",ChIJRwXLbG02HRURf1trObjZ1gQ,פיצה בריבוע,iw,"חיים עוזר 4, פתח תקווה","חיים עוזר 4, פתח תקווה",yes,פיצה בריבוע,iw,"Khayim Ozer St 4, Petah Tikva","Haim Ozer 4, Petah Tikva",no
3779,אנטריקוטי,"גורדון 28, פתח תקווה, Israel",Entrecote Kosher Grill House,"A.D. Gordon St 28, Petah Tikva, Israel",ChIJ70BTLWQ2HRUR5iEB0KNYm0Y,אנטריקוטי | כשר,iw,"א.ד. גורדון 28, פתח תקווה","א.ד. גורדון 28, פתח תקווה",yes,Entrecote Kosher Grill House,en,"A.D. Gordon St 28, Petah Tikva","Alef Dalet Gordon 28, Petah Tikva",no
3782,קפה קפה,"הצופית 40, קניון רמלוד, רמלה, Israel",קפה קפה,"Tsofit St 40, Ramla, Israel",ChIJUwBQoD7KAhUR0n_OJHmbRnk,קפה קפה,iw,"צופית 40, רמלה","צופית 40, רמלה",yes,קפה קפה,iw,"Tsofit St 40, Ramla","Tsofit 40, Ramla",no
3785,איל פרסקו,"דרך אבא הלל סילבר 301, קניון איילון, רמת גן, Israel",El Fresco,"Abba Hillel Silver Rd 301, Ramat Gan, 5259408, Israel",ChIJQXI5UIZJHRURFU96Riyvc1E,אל פרסקו,iw,"דרך אבא הלל 301, רמת גן, 5259408","דרך אבא הלל 301, רמת גן",yes,El Fresco,en,"Abba Hillel Silver Rd 301, Ramat Gan, 5259408","Derech Aba Hillel 301, Ramat Gan",no
3788,פנינת הפיצה,"קרית שמונה 27, חולון, Israel",פנינת הפיצה,"Kiryat Shmona St 27, Holon, Israel",ChIJQXm9UZe0AhURl_2Z7wbSk4E,פנינת הפיצה,iw,"קרית שמונה 27, חולון","קרית שמונה 27, חולון",yes,פנינת הפיצה,iw,"Kiryat Shmona St 27, Holon","Kiryat Shmona 27, Holon",no
3789,פולקלה,"שד' יהודית 11, תל אביב, Israel",פולקלה,"HaNatsiv St 18, Tel Aviv-Yafo, Israel",ChIJO4Ce2p1LHRURWoEpKpKBDfY,פולקלה,iw,"הנצי""ב 18, תל אביב-יפו","הנצי""ב 18, תל אביב-יפו",yes,פולקלה,en,"HaNatsiv St 18, Tel Aviv-Yafo","HaNatsiv 18, Tel Aviv-Jaffa",no
3790,"פיצה מאמי ראשון לציון בע""מ","העצמאות 21, ראשון לציון, Israel",Pizza Mami,"HaAtsmaut St 21, Rishon LeZion, Israel",ChIJ4b9ibwm1AhURMuLZnZk4Va4,Pizza Mami,en,"העצמאות 21, ראשון לציון","העצמאות 21, ראשון לציון",yes,Pizza Mami,en,"HaAtsmaut St 21, Rishon LeZion","HaAtsmaut 21, Rishon LeZion",no
3791,אמדאוס,"הלילך 1, רמלה, Israel",Amadeus Events,"HaLilach St 1, Ramla, 7249701, Israel",ChIJ48dZAP7JAhUR6HXkT3__VTM,אמדאוס אירועים,iw,"הלילך 1, רמלה, 7249701","הלילך 1, רמלה",yes,Amadeus Events,en,"HaLilach St 1, Ramla, 7249701","HaLilach 1, Ramla",no
3793,החומוס של ארז,"פריימן יעקב 18, ראשון לציון, Israel",Hummus Erez,"א.ת. ישן - תחנת דלק מיקה, פרימן 18, ראשון לציון, Israel",ChIJmyP_4VO0AhURyM8wcgiaQBk,החומוס של ארז,iw,"א.ת. ישן - תחנת דלק מיקה, פרימן 18, ראשון לציון","א.ת. ישן - תחנת דלק מיקה, פרימן 18, ראשון לציון",yes,Hummus Erez,en,"א.ת. ישן - תחנת דלק מיקה, פרימן 18, ראשון לציון","א.ת. ישן - תחנת דלק מיקה, פרימן 18, Rishon LeZion",yes
3795,עמית בית מאפה,"מרדכי מוטה גור 4, גבעת שמואל, Israel",מאפיית עמית,"Mota Gur St 4, Giv'at Shmuel, Israel",ChIJMZ8XAA9KHRUR71ljjo1fmWo,מאפיית עמית,iw,"מוטה גור 4, גבעת שמואל","מוטה גור 4, גבעת שמואל",yes,מאפיית עמית,iw,"Mota Gur St 4, Giv'at Shmuel","Motta Gur 4, Giv'at Shmu'el",no
3798,רוטיסרי מילאנו,"יהודה המכבי 4, תל אביב, Israel",Rotisserie Milano,"Yehuda HaMakkabbi St 4, Tel Aviv-Yafo, Israel",ChIJ0Zeo9u1LHRUR5nzzyHzPR7o,רוטיסרי מילאנו,iw,"יהודה המכבי 4, תל אביב-יפו","יהודה המכבי 4, תל אביב-יפו",yes,Rotisserie Milano,en,"Yehuda HaMakkabbi St 4, Tel Aviv-Yafo","Yehuda HaMakkabbi 4, Tel Aviv-Jaffa",no
3800,שיפודי סמי ובניו בכשרות חלק מהדרין,"דרך בן גוריון 173, רמת גן, Israel",שווארמה שיפודי סמי ובניו רמת גן,"David Ben Gurion Rd 173, Ramat Gan, Israel",ChIJX68ON0tKHRURPM1EDVhdX00,שווארמה שיפודי סמי ובניו רמת גן,iw,"דוד בן גוריון 173, רמת גן","דוד בן גוריון 173, רמת גן",yes,שווארמה שיפודי סמי ובניו רמת גן,iw,"David Ben Gurion Rd 173, Ramat Gan","David Ben-Gurion 173, Ramat Gan",no
3801,פיצה עגבניה חולון,"הרוקמים 26, חולון, Israel",Agvania Pizza,"פארק עזריאלי, Harokmim 26, Holon, Israel",ChIJKwxHvcG0AhURzMLWYQszUiM,פיצה עגבניה חולון,iw,"פארק עזריאלי, הרוקמים 26, חולון","פארק עזריאלי, הרוקמים 26, חולון",yes,Agvania Pizza,en,"פארק עזריאלי, Harokmim 26, Holon","פארק עזריאלי, Harokmim 26, Holon",yes
3806,פיצה גולדה,"ז'בוטינסקי 178, בני ברק, Israel",Pizza Golda - Badatz Harav Lando,"Jabotinsky St 178, Bnei Brak, Israel",ChIJAQXtVfVJHRURKAaA3aAFiqs,"פיצה גולדה - בד""ץ הרב לנדא",iw,"רחוב זאב ז'בוטינסקי 178, בני ברק","רחוב זאב ז'בוטינסקי 178, בני ברק",yes,Pizza Golda - Badatz Harav Lando,en,"Jabotinsky St 178, Bnei Brak","Derech Zeev Jabutinsky 178, Bnei Brak",no
3807,חומוס נרי,"הרב שלום שבזי 60, ראש העין, Israel",חומוס נרי ראש העין,"Ha-Rav Shalom Shabazi St 58, Rosh Haayin, Israel",ChIJlXFmjbY3HRURihnDdXCj0uU,חומוס נרי ראש העין,iw,"הרב שלום שבזי 58, ראש העין","הרב שלום שבזי 58, ראש העין",yes,חומוס נרי ראש העין,iw,"Ha-Rav Shalom Shabazi St 58, Rosh Haayin","HaRav Shalom Shabazi 58, Rosh Haayin",no
3809,לה וויס,"המרץ 13, ראש העין, Israel",La Voice - לה ווייס קריוקי,"HaMerEts St 13, Rosh Haayin, 4801713, Israel",ChIJ246Vtig3HRURn2l9ZFWiaU8,La Voice - לה ווייס קריוקי,iw,"המרץ 13, ראש העין, 4801713","המרץ 13, ראש העין",yes,La Voice - לה ווייס קריוקי,iw,"HaMerEts St 13, Rosh Haayin, 4801713","HaMerEts 13, Rosh Haayin",no
3812,אסלאן,"המעגל 58, קריית אונו, Israel",Aslan meats,"Ha-Ma'agal St 58, Kiryat Ono, Israel",ChIJP6XXE4E1HRURkSEsCnhxRXY,אסלאן בשרים,iw,"המעגל 58, קרית אונו","המעגל 58, קרית אונו",yes,Aslan meats,en,"Ha-Ma'agal St 58, Kiryat Ono","HaMa'agal 58, Kiryat Ono",no
3814,מאפה נאמן,"יוספטל 92, קניון בת ים, Israel","מאפה נאמן, בת ים","Yoseftal St 92, Bat Yam, Israel",ChIJOfjX6muzAhUR2zfNCYFHNE0,"מאפה נאמן, בת ים",iw,"יוספטל 92, בת ים","יוספטל 92, בת ים",yes,"מאפה נאמן, בת ים",en,"Yoseftal St 92, Bat Yam","Yoseftal 92, Bat Yam",no
3818,מקדונלד'ס,"יוני נתניהו 29, קניון עופר הגבעה, גבעת שמואל, Israel",McDonald's -Kosher,"Giv'at Shmuel, Israel",ChIJeWJ7bg9KHRURx9tV3_SLRvQ,מקדונלד'ס הכשר,iw,גבעת שמואל,גבעת שמואל,yes,McDonald's -Kosher,en,Giv'at Shmuel,Giv'at Shmuel,no
3819,גולדה,"הערבה 1, גבעת שמואל, Israel",Golda,"Ha'arava St 1, Giv'at Shmuel, Israel",ChIJE0DCLm5LHRURdUpViDSjoU8,גולדה - כשר,iw,"הערבה 1, גבעת שמואל","הערבה 1, גבעת שמואל",yes,Golda,en,"Ha'arava St 1, Giv'at Shmuel","Ha'arava 1, Giv'at Shmu'el",no
3829,פיצה ניו-יורק,"ההגנה 9, פתח תקווה, Israel",Pizza New York,"Mohaliver St 9, Petah Tikva, Israel",ChIJow10q3I2HRURDYmep1LCfyY,פיצה ניו יורק,iw,"מוהליבר 9, פתח תקווה","מוהליבר 9, פתח תקווה",yes,Pizza New York,en,"Mohaliver St 9, Petah Tikva","Mohilever 9, Petah Tikva",no
3830,אושפלאו,"דרך ששת הימים 4, פרדס כץ, בני ברק, Israel",אושפלאו | Oshpalao - בר אוכל אוזבקי,"Derech Sheshet HaYamim 4, Bnei Brak, Israel",ChIJdcu58NhJHRURd-grIvq82T8,אושפלאו | Oshpalao - בר אוכל אוזבקי,iw,"דרך ששת הימים 4, בני ברק","דרך ששת הימים 4, בני ברק",yes,אושפלאו | Oshpalao - בר אוכל אוזבקי,iw,"Derech Sheshet HaYamim 4, Bnei Brak","Derech Sheshet HaYamim 4, Bnei Brak",no
3833,הפלאפל של דוד,"שד' יהודית 13, תל אביב, Israel",Falafel David,"Yehudit Blvd 13, Tel Aviv-Yafo, Israel",ChIJpz1X151LHRURN6eWEEOm3wE,Falafel David,en,"יהודיתשד' 13, תל אביב-יפו","יהודיתשד' 13, תל אביב-יפו",yes,Falafel David,en,"Yehudit Blvd 13, Tel Aviv-Yafo","Yehudit Blvd 13, Tel Aviv-Jaffa",no
3834,פיצה אנג'ל,"עמק דותן 66, מודיעין והסביבה, Israel",Angel Pizza,"Marlaz Centre, Emek Dotan St 66, Modi'in-Maccabim-Re'ut, Israel",ChIJUwgFC7_NAhURJvdFbjLG4rQ,פיצה אנג'ל מרלז מודיעין,iw,"מרכז מרלז, עמק דותן 66, מודיעין מכבים רעות","מרכז מרלז, עמק דותן 66, מודיעין מכבים רעות",yes,Angel Pizza,en,"Marlaz Centre, Emek Dotan St 66, Modi'in-Maccabim-Re'ut","Marlaz Centre, Emek Dotan 66, Modi'in Makabim-Re'ut",no
3836,פינת המפגש,"המלך ג'ורג' 21, תל אביב, Israel",פינת המפגש,"King George St 21, Tel Aviv-Yafo, Israel",ChIJ2bY7OXxLHRURDjpMzDLHy-0,פינת המפגש,iw,"המלך ג'ורג' 21, תל אביב-יפו","המלך ג'ורג' 21, תל אביב-יפו",yes,פינת המפגש,iw,"King George St 21, Tel Aviv-Yafo","King George 21, Tel Aviv-Jaffa",no
3843,דומיניק,"תובל 11, מתחם הבורסה, רמת גן, Israel",Dominik,"Tuval St 11, Ramat Gan, Israel",ChIJWYn7E05KHRURL-Xusrycggc,דומיניק,iw,"תובל 11, רמת גן","תובל 11, רמת גן",yes,Dominik,en,"Tuval St 11, Ramat Gan","Tuval 11, Ramat Gan",no
3850,רוז'נסקי,"רוז'נסקי 3, ראשון לציון, Israel",Rozhanski St 3,"Rozhanski St 3, Rishon LeZion, Israel",ChIJc0bZ9IazAhUR0Uqrvm7Ef1Y,רוז'נסקי 3,,"רוז'נסקי 3, ראשון לציון","רוז'נסקי 3, ראשון לציון",yes,Rozhanski St 3,,"Rozhanski St 3, Rishon LeZion","Rozhanski 3, Rishon LeZion",no
3852,פיצה 1+1,"הרא""ה 104, רמת גן, Israel",Pizza 1 + 1,"Haroe St 104, Ramat Gan, Israel",ChIJWYn7E05KHRURqjWGeCWpHeY,פיצה 1+1,iw,"הרא""ה 104, רמת גן","הרא""ה 104, רמת גן",yes,Pizza 1 + 1,en,"Haroe St 104, Ramat Gan","Haroe 104, Ramat Gan",no
3865,גולדה,"אריק איינשטיין 1, אור יהודה, Israel",גולדה אור יהודה כשר בד״ץ קינוחים ויוגורט נסגרים שעה לפני שעת הסגירה🙏🏻,"Yehadut Canada St 1, Or Yehuda, Israel",ChIJwd7MGKdKHRURGAUL5i6VVbo,גלידת גולדה,iw,"יהדות קנדה 1, אור יהודה","יהדות קנדה 1, אור יהודה",yes,גולדה אור יהודה כשר בד״ץ קינוחים ויוגורט נסגרים שעה לפני שעת הסגירה🙏🏻,en,"Yehadut Canada St 1, Or Yehuda","Yehadut Canada 1, Or Yehuda",no
3866,אצל מזרחי,"קלישר 28, פתח תקווה, Israel",אצל מזרחי,"Zvi Hirsch Kalischer St 28, Petah Tikva, Israel",ChIJ_8f1KHE2HRUROm0u_gnwU8Q,אצל מזרחי,iw,"קלישר‬‎ 28, פתח תקווה","קלישר‬‎ 28, פתח תקווה",yes,אצל מזרחי,iw,"Zvi Hirsch Kalischer St 28, Petah Tikva","Zvi Hirsch Kalischer 28, Petah Tikva",no
3871,אחלה,"גיסין אבשלום 9, פתח תקווה, Israel",מסעדת אחלה פתח תקווה,"Avshalom Gissin St 9, Petah Tikva, Israel",ChIJecmbbBU2HRUR_HvXTFhtcuk,מסעדת אחלה פתח תקווה,iw,"אבשלום גיסין 9, פתח תקווה","אבשלום גיסין 9, פתח תקווה",yes,מסעדת אחלה פתח תקווה,iw,"Avshalom Gissin St 9, Petah Tikva","Avshalom Gissin 9, Petah Tikva",no
3872,קיבוץ אירועים על הים,"הטיילת 19, טיילת ראשון לציון, Israel",קיבוץ אירועים על הים,"HaTayelet 19, Rishon LeZion, Israel",ChIJXW5rZ4qzAhURAfiU4sr7kPQ,קיבוץ אירועים על הים,iw,"הטיילת 19, ראשון לציון","הטיילת 19, ראשון לציון",yes,קיבוץ אירועים על הים,iw,"HaTayelet 19, Rishon LeZion","HaTayelet 19, Rishon LeZion",no
3874,New Deli ניו דלי קניון עזריאלי רמלה,"דוד רזיאל 1, קניון רמלה, Israel",New Deli,"Sderot David Razi'el 1, Ramla, Israel",ChIJtyruW0LLAhURmxQgLzS4Nw4,New Deli,iw,"שדרות דוד רזיאל 1, רמלה","שדרות דוד רזיאל 1, רמלה",yes,New Deli,en,"Sderot David Razi'el 1, Ramla","Sderot David Razi'el 1, Ramla",no
3876,פיצה שמש,"שד' דב הוז 63, חולון, Israel",Pizza Shemesh,"Sderot Dov Hoz 63, Holon, Israel",ChIJDyIXK0S0AhURqxq9t5cwW8g,פיצה שמש,iw,"שדרות דב הוז 63, חולון","שדרות דב הוז 63, חולון",yes,Pizza Shemesh,en,"Sderot Dov Hoz 63, Holon","Sderot Dov Hoz 63, Holon",no
3879,פיצה פאפאס,"שולמית 2, פתח תקווה, Israel",פיצה פאפאס,"Shulamit St 2, Petah Tikva, 4949402, Israel",ChIJIWXSMHk2HRURVYsSxzOYLJA,פיצה פאפאס,iw,"שולמית 2, פתח תקווה, 4949402","שולמית 2, פתח תקווה",yes,פיצה פאפאס,iw,"Shulamit St 2, Petah Tikva, 4949402","Shulamit 2, Petah Tikva",no
3885,המסעדה של בני,"הנרייטה סולד 25, תל אביב, Israel",Benny's restaurant,"Henrietta Szold St 25, Tel Aviv-Yafo, Israel",ChIJ01oWoZZLHRURpQSqC1RJuCU,המסעדה של בני,iw,"הנרייטה סולד 25, תל אביב-יפו","הנרייטה סולד 25, תל אביב-יפו",yes,Benny's restaurant,en,"Henrietta Szold St 25, Tel Aviv-Yafo","Henrietta Szold 25, Tel Aviv-Jaffa",no
3894,אבולעפיה,"הסיבים 19, פתח תקווה, Israel",Abouelafia Petah Tikva,"Ha-Sivim St 19, Petah Tikva, Israel",ChIJVW1czfhJHRURVmEglIhu0Uc,אבולעפיה פתח תקווה | כשר,iw,"הסיבים 19, פתח תקווה","הסיבים 19, פתח תקווה",yes,Abouelafia Petah Tikva,en,"Ha-Sivim St 19, Petah Tikva","HaSivim 19, Petah Tikva",no
3896,פיצה בנדס,"בלפור 144, בת ים, Israel",בנד'ס,"Balfour St 144, Bat Yam, Israel",ChIJsTedkw-zAhUR5mZbq6ZlMME,בנד'ס,iw,"בלפור 144, בת ים","בלפור 144, בת ים",yes,בנד'ס,iw,"Balfour St 144, Bat Yam","Balfour 144, Bat Yam",no
3897,הלו תימן בני ברק,"ז'בוטינסקי 114, בני ברק, Israel",Hello Yemen,"Jabotinsky St 108-114, Bnei Brak, Israel",ChIJhw6k4SZKHRURQPXFqTif54E,הלו תימן,iw,"רחוב זאב ז'בוטינסקי 108-114, בני ברק","רחוב זאב ז'בוטינסקי 108-114, בני ברק",yes,Hello Yemen,en,"Jabotinsky St 108-114, Bnei Brak","Derech Zeev Jabutinsky 108-114, Bnei Brak",no
3909,המקום של שי,"שד' המלך דוד 17/1, לוד, Israel",Shai's Place,"Sderot David HaMelech 17, Lod, Israel",ChIJZbzW4lzKAhURLbyHm_n93_E,המקום של שי,iw,"שדרות דוד המלך 17, לוד","שדרות דוד המלך 17, לוד",yes,Shai's Place,en,"Sderot David HaMelech 17, Lod","Sderot David HaMelech 17, Lod",no
3912,האופה מבגדד,"המצודה 5, אזור, Israel",- האופה מבגדד לשעבר - סניף אזור - המאפיה של שולי,"Ha-Metsuda St 5, Azor, Israel",ChIJhSHrlTVLHRURJNX67fleyUU,- האופה מבגדד לשעבר - סניף אזור - המאפיה של שולי,iw,"המצודה 5, אזור","המצודה 5, אזור",yes,- האופה מבגדד לשעבר - סניף אזור - המאפיה של שולי,iw,"Ha-Metsuda St 5, Azor","HaMetsuda 5, Azor",no
3914,אליזבת,"השדרה המרכזית 15, מודיעין והסביבה, Israel",אליזבת,"HaShdera HaMerkazit 15, Modi'in Makabim-Re'ut, Israel",ChIJ4X5uW1LNAhURbKf-3XZ-3R0,אליזבת,iw,"השדרה המרכזית 15, מודיעין מכבים רעות","השדרה המרכזית 15, מודיעין מכבים רעות",yes,אליזבת,iw,"HaShdera HaMerkazit 15, Modi'in Makabim-Re'ut","HaShdera HaMerkazit 15, Modi'in Makabim-Re'ut",no
3915,פיצה נווה יהושע,"נוה יהושע 23, רמת גן, Israel",Pizza Neve Yehoshua,"Neveh Yehoshua St 25, Ramat Gan, Israel",ChIJgdCyf1lKHRURhgfq3UbG6CQ,פיצה נווה יהושוע,iw,"נווה יהושע 25, רמת גן","נווה יהושע 25, רמת גן",yes,Pizza Neve Yehoshua,en,"Neveh Yehoshua St 25, Ramat Gan","Neveh Yehoshua 25, Ramat Gan",no
3917,מעדני המלך,"האורגים 21, חולון, Israel",Delicate King,"HaOrgim St 21, Holon, Israel",ChIJ25elB8S0AhURq7Euf_59VWs,מעדני המלך,iw,"האורגים 21, חולון","האורגים 21, חולון",yes,Delicate King,en,"HaOrgim St 21, Holon","HaOrgim 21, Holon",no
3920,פיתה מונטנה,"התערוכה 7, נמל תל-אביב, Israel",Pita Montana,"HaTa'arucha St 7, Tel Aviv-Yafo, Israel",ChIJiZu2NAFLHRURZsmskTd6DQI,פיתה מונטנה,iw,"התערוכה 7, תל אביב-יפו","התערוכה 7, תל אביב-יפו",yes,Pita Montana,en,"HaTa'arucha St 7, Tel Aviv-Yafo","HaTa'arucha 7, Tel Aviv-Jaffa",no
3924,פיצה צ'מפיון,"חיים ברלב 7, רמלה, Israel",Pizza Champion,"Khayim Barlev St 7, Ramla, Israel",ChIJ37cv_d21AhURLerUGGuz-5o,פיצה צ'מפיון,iw,"חיים ברלב 7, רמלה","חיים ברלב 7, רמלה",yes,Pizza Champion,en,"Khayim Barlev St 7, Ramla","Haim Barlev 7, Ramla",no
3926,בלאק צ'רי,"אור יהודה, Israel",בלאק צ'רי,"Ha-Melakha St 11, Or Yehuda, Israel",ChIJ6WCxpSo1HRURtoTta8PNEk0,בלאק צ'רי,iw,"המלאכה 11, אור יהודה","המלאכה 11, אור יהודה",yes,בלאק צ'רי,en,"Ha-Melakha St 11, Or Yehuda","HaMelacha 11, Or Yehuda",no
3927,פיצה סופרנוס,"הנשיא 17, גבעת שמואל, Israel",Sopranos pizza,"HaNasi St 17, Giv'at Shmuel, Israel",ChIJRRpZzBpKHRURT5MJ1LiNQPE,פיצה סופרנוס גבעת שמואל,iw,"הנשיא 17, גבעת שמואל","הנשיא 17, גבעת שמואל",yes,Sopranos pizza,en,"HaNasi St 17, Giv'at Shmuel","HaNasi 17, Giv'at Shmu'el",no
3930,ספאגוס בר,"השרון 14, תל אביב, Israel",ספאגוס,"HaSharon St 14, Tel Aviv-Yafo, Israel",ChIJkwCfpnxLHRUR6wYDR16yLFw,ספאגוס,iw,"השרון 14, תל אביב-יפו","השרון 14, תל אביב-יפו",yes,ספאגוס,iw,"HaSharon St 14, Tel Aviv-Yafo","HaSharon 14, Tel Aviv-Jaffa",no
3933,אצל אדרי,"ויצמן 44, יהוד, Israel","אצל אדרי, יהוד","Weizman St 44, Yehud-Monosson, Israel",ChIJ61YFSwg1HRURdTfaCAazcSw,"אצל אדרי, יהוד",iw,"וייצמן 44, יהוד מונוסון","וייצמן 44, יהוד מונוסון",yes,"אצל אדרי, יהוד",iw,"Weizman St 44, Yehud-Monosson","Weizman 44, Yahud Monoson",no
3937,פול'ס,"התקוה 10, שכונת התקווה, תל אביב, Israel",Ful's,"HaTikva St 10, Tel Aviv-Yafo, Israel",ChIJ73EVVWlLHRURmQ8n81GbTyY,התקווה 10 - חומוס בשוק (פול'ס),iw,"התקווה 10, תל אביב-יפו","שוק התקווה, התקווה 10, תל אביב-יפו",yes,Ful's,en,"HaTikva St 10, Tel Aviv-Yafo","Htikva market, HaTikva 10, Tel Aviv-Jaffa",no
3941,בורקס לאון,"עולי ציון 17, יפו, תל אביב, Israel",Leon Bakery,"Olei Zion St 17, Tel Aviv-Yafo, Israel",ChIJl3ywxbtMHRURLHjHXIfeP8k,מאפיית ליאון ובניו,iw,"עולי ציון 17, תל אביב-יפו","עולי ציון 17, תל אביב-יפו",yes,Leon Bakery,en,"Olei Zion St 17, Tel Aviv-Yafo","Olei Zion 17, Tel Aviv-Jaffa",no
3942,פיצה מילאנו,"שד' הרצל 45, רמלה, Israel",פיצה מילאנו,"Sderot Herzl 45, Ramla, 7240613, Israel",ChIJHRwjv1lLHRURolEy97DPbu0,פיצה מילאנו,iw,"שדרות הרצל 45, רמלה, 7240613","שדרות הרצל 45, רמלה",yes,פיצה מילאנו,en,"Sderot Herzl 45, Ramla, 7240613","Sderot Herzl 45, Ramla",no
3945,בהדונס חומוס,"בר כוכבא 14, פרדס כץ, בני ברק, Israel",Bahadones,"Bar Kochva St 14, Bnei Brak, Israel",ChIJeSCU4ytKHRURuvZzEJ6MNo8,בהדונס בני ברק,iw,"בר כוכבא 14, בני ברק","בר כוכבא 14, בני ברק",yes,Bahadones,en,"Bar Kochva St 14, Bnei Brak","Bar Kochva 14, Bnei Brak",no
3946,קפה ג'ו,"חיים לנדאו 7, מרום סנטר, רמת גן, Israel",Cafe Joe,"Marom Mall, Khayim Landau St 7א, Ramat Gan, Israel",ChIJlcfRtUhKHRURcUakuMbCBs0,קפה ג'ו,iw,"קניון עופר מרום, חיים לנדאו 7א, רמת גן","קניון עופר מרום, חיים לנדאו 7א, רמת גן",yes,Cafe Joe,en,"Marom Mall, Khayim Landau St 7א, Ramat Gan","Marom Mall, Haim Landau 7א, Ramat Gan",yes
3948,שווארמה סטריט,"ביאליק 77, רמת גן, Israel",שווארמה סטריט,"Bialik St 77, Ramat Gan, Israel",ChIJVyKhTfZLHRURXqMl2o7Ltys,שווארמה סטריט,ru,"ביאליק 77, רמת גן","ביאליק 77, רמת גן",yes,שווארמה סטריט,ru,"Bialik St 77, Ramat Gan","Bialik 77, Ramat Gan",no
3949,אינגליש קייק,"עמק דותן 66, מודיעין והסביבה, Israel",English cake,"Emek Dotan St 70, Modi'in-Maccabim-Re'ut, Israel",ChIJJz_aDr_NAhUR8Xgd5j32hIQ,אינגליש קייק,iw,"עמק דותן 70, מודיעין מכבים רעות","עמק דותן 70, מודיעין מכבים רעות",yes,English cake,en,"Emek Dotan St 70, Modi'in-Maccabim-Re'ut","Emek Dotan 70, Modi'in Makabim-Re'ut",no
3950,פיצה רמת חן,"העצמאות 65, אור יהודה, Israel",פיצה רמת חן אור יהודה,"העצמאות 65 אור יהודה, שירות משלוחים וישיבה, במקום, 6026650, Israel",ChIJt5nMnWE1HRURstKMQ42A6sw,פיצה רמת חן אור יהודה,iw,"העצמאות 65 אור יהודה, שירות משלוחים וישיבה, במקום, 6026650","שירות משלוחים וישיבה, העצמאות 65 אור יהודה, במקום",yes,פיצה רמת חן אור יהודה,iw,"העצמאות 65 אור יהודה, שירות משלוחים וישיבה, במקום, 6026650","שירות משלוחים וישיבה, העצמאות 65 אור יהודה, במקום",yes
3952,מקור הברכה,"הכרמל 11, שוק הכרמל, תל אביב, Israel",makor ha-bracha,"Khayim Khavshush St 39-35, Tel Aviv-Yafo, Israel",ChIJdauxQyJNHRURWAZlqOXOONs,מקור הברכה,iw,"חיים חבשוש 39-35, תל אביב-יפו","חיים חבשוש 39-35, תל אביב-יפו",yes,makor ha-bracha,en,"Khayim Khavshush St 39-35, Tel Aviv-Yafo","Haim Havshush 39-35, Tel Aviv-Jaffa",no
3955,קפה ג'ו,"דרך משה דיין 3, קניון סביונים, יהוד, Israel",קפה ג'ו יהוד Joe Cafe,"Derech Moshe Dayan 3, Yahud Monoson, Israel",ChIJM3z8Am41HRUREco3sAP2XOQ,קפה ג'ו יהוד Joe Cafe,en,"דרך משה דיין 3, יהוד מונוסון","דרך משה דיין 3, יהוד מונוסון",yes,קפה ג'ו יהוד Joe Cafe,en,"Derech Moshe Dayan 3, Yahud Monoson","Derech Moshe Dayan 3, Yahud Monoson",no
3959,המאפייה בית של אוכל וקפה,"דרך העצמאות 50, יהוד, Israel",המאפייה בית של אוכל וקפה,"Derech HaAtsma'ut 50, Yahud Monoson, 5630202, Israel",ChIJB0CcDQ41HRURZ1FlhRHjChM,המאפייה בית של אוכל וקפה,iw,"דרך העצמאות 50, יהוד מונוסון, 5630202","דרך העצמאות 50, יהוד מונוסון",yes,המאפייה בית של אוכל וקפה,iw,"Derech HaAtsma'ut 50, Yahud Monoson, 5630202","Derech HaAtsma'ut 50, Yahud Monoson",no
3960,מאפיית חלום יעקב,"לאה אמנו 1, מודיעין והסביבה, Israel",Halom Jacob,"Lea Imenu St 1, Modi'in-Maccabim-Re'ut, Israel",ChIJCf415NnNAhURAYGpSIjRLnk,חלום יעקוב - הקונדיטוריה,iw,"לאה אמנו 1, מודיעין מכבים רעות","לאה אמנו 1, מודיעין מכבים רעות",yes,Halom Jacob,en,"Lea Imenu St 1, Modi'in-Maccabim-Re'ut","Lea Imenu 1, Modi'in Makabim-Re'ut",no
3964,פלאפל התאומים,"דרך בן גוריון 184, גבעתיים, Israel",פלאפל התאומים,"David Ben Gurion Rd 184, Giv'atayim, Israel",ChIJlbS83q9LHRUReNpNHcBfspI,פלאפל התאומים,en,"דוד בן גוריון 184, גבעתיים","דוד בן גוריון 184, גבעתיים",yes,פלאפל התאומים,en,"David Ben Gurion Rd 184, Giv'atayim","David Ben-Gurion 184, Giv'atayim",no
3965,סביח השרון רמלה,"שד' הרצל 114, רמלה, Israel",סביח השרון רמלה,"Sderot Herzl 114, Ramla, Israel",ChIJHZrT9QTLAhURfiWg1jTVVts,סביח השרון רמלה,iw,"שדרות הרצל 114, רמלה","שדרות הרצל 114, רמלה",yes,סביח השרון רמלה,iw,"Sderot Herzl 114, Ramla","Sderot Herzl 114, Ramla",no
3968,מאפית קציר חיטים,"ז'בוטינסקי 56, בני ברק, Israel",Ktzir Chitim,"Jabotinsky St 56, Bnei Brak, Israel",ChIJuwNwsihKHRURDK2_VFI9zGk,מאפיית קציר חיטים,iw,"רחוב זאב ז'בוטינסקי 56, בני ברק","רחוב זאב ז'בוטינסקי 56, בני ברק",yes,Ktzir Chitim,en,"Jabotinsky St 56, Bnei Brak","Derech Zeev Jabutinsky 56, Bnei Brak",no
3969,פלאפל שושנה ראשון לציון,"זלמן שניאור 16, ראשון לציון, Israel",Falafel Shoshana,"Sderot Zalman Shne'ur 16, Rishon LeZion, Israel",ChIJPRE6m2S0AhUR5nUVHE1_9Yk,פלאפל שושנה רמת אליהו,iw,"שדרות זלמן שניאור 16, ראשון לציון","שדרות זלמן שניאור 16, ראשון לציון",yes,Falafel Shoshana,en,"Sderot Zalman Shne'ur 16, Rishon LeZion","Sderot Zalman Shne'ur 16, Rishon LeZion",no
3970,צ'ומה,"אבן גבירול 71, קניון גן העיר, תל אביב, Israel",Chuma,"Shlomo Ibn Gabirol St 71, Tel Aviv-Yafo, Israel",ChIJtUWnFY9LHRURkto_9KD98-k,צ'ומה,iw,"שלמה אבן גבירול 71, תל אביב-יפו","שלמה אבן גבירול 71, תל אביב-יפו",yes,Chuma,en,"Shlomo Ibn Gabirol St 71, Tel Aviv-Yafo","Shlomo Ibn Gabirol 71, Tel Aviv-Jaffa",no
3976,RUDI'S פיצה ראשונים,"זלמן שניאור 16, ראשון לציון, Israel",Pizza Rishonim,"Sderot Zalman Shne'ur 16, Rishon LeZion, Israel",ChIJ2ZLpYmO0AhURU5VeWp9E9F4,פיצה ראשונים,iw,"שדרות זלמן שניאור 16, ראשון לציון","שדרות זלמן שניאור 16, ראשון לציון",yes,Pizza Rishonim,en,"Sderot Zalman Shne'ur 16, Rishon LeZion","Sderot Zalman Shne'ur 16, Rishon LeZion",no
3980,פיקנסין,"דרך מנחם בגין 132, קניון עזריאלי, תל אביב, Israel",Picensin Tel Aviv,"קניון עזריאלי, דרך מנחם בגין 132, תל אביב-יפו, Israel",ChIJwREub5lLHRURa0aNGUmLEbE,פיקנסין עזריאלי תל אביב,iw,"קניון עזריאלי, דרך מנחם בגין 132, תל אביב-יפו","מגדלי עזריאלי, קניון עזריאלי, דרך מנחם בגין 132, תל אביב-יפו",yes,Picensin Tel Aviv,en,"קניון עזריאלי, דרך מנחם בגין 132, תל אביב-יפו","Azrieli Center, קניון עזריאלי, Derech Menachem Begin 132, Tel Aviv-Jaffa",yes
3981,הפינה הירוקה,"שד' רוקח ישראל 80, צפון תל אביב, Israel",Hapina,"Rokach Blvd 80, Tel Aviv-Yafo, Israel",ChIJK0kx391LHRUR8-JATKVYKwE,הפינה הירוקה אירועים,iw,"שדרות רוקח 80, תל אביב-יפו","שדרות רוקח 80, תל אביב-יפו",yes,Hapina,en,"Rokach Blvd 80, Tel Aviv-Yafo","Sderot Rokach 80, Tel Aviv-Jaffa",no
3982,פלאפל צמרת,"בר כוכבא 74, פתח תקווה, Israel",פלאפל צמרת,"Bar Kochva St 74, Petah Tikva, Israel",ChIJjWrenmo2HRURqia-ixqFvRw,פלאפל צמרת,iw,"בר כוכבא 74, פתח תקווה","בר כוכבא 74, פתח תקווה",yes,פלאפל צמרת,iw,"Bar Kochva St 74, Petah Tikva","Bar Kochva 74, Petah Tikva",no
3985,קפה בראלי,"בראלי 18, צפון תל אביב, Israel",קפה בראלי,"Bareli St 18, Tel Aviv-Yafo, Israel",ChIJ37z64eNLHRURHRGW501ucPY,קפה בראלי,iw,"בראלי 18, תל אביב-יפו","בראלי 18, תל אביב-יפו",yes,קפה בראלי,en,"Bareli St 18, Tel Aviv-Yafo","Bareli 18, Tel Aviv-Jaffa",no
3989,פיצה רימון,"המעגל 58, קריית אונו, Israel",Pizza Rimon,"מרכז מסחרי רימון 58, Ha-Ma'agal St, Kiryat Ono, Israel",ChIJbWPgE4E1HRURhBAmBqdkWMI,פיצה רימון,iw,"מרכז מסחרי רימון 58, Ha-Ma'agal St, Kiryat Ono","מרכז מסחרי רימון 58, המעגל, קרית אונו",yes,Pizza Rimon,en,"מרכז מסחרי רימון 58, Ha-Ma'agal St, Kiryat Ono","מרכז מסחרי רימון 58, HaMa'agal, Kiryat Ono",yes
3990,שיפודי אהובה,"ירושלים 11, בת ים, Israel",שיפודי אהובה,"Yerushalayim St 11, Bat Yam, Israel",ChIJi7MrQRKzAhURdtGo3mQZ5Ps,שיפודי אהובה,iw,"ירושלים 11, בת ים","ירושלים 11, בת ים",yes,שיפודי אהובה,iw,"Yerushalayim St 11, Bat Yam","Jerusalem 11, Bat Yam",no
3992,ביגה BIGA כפר גנים,"העצמאות 63, פתח תקווה, Israel",ביגה כפר גנים - קניון הכיכר | כשר למהדרין,"HaAtsmaut St 63, Petah Tikva, Israel",ChIJZ_H032c1HRURUWiIKZYxqe4,ביגה כפר גנים - קניון הכיכר | כשר למהדרין,iw,"העצמאות 63, פתח תקווה","העצמאות 63, פתח תקווה",yes,ביגה כפר גנים - קניון הכיכר | כשר למהדרין,iw,"HaAtsmaut St 63, Petah Tikva","HaAtsmaut 63, Petah Tikva",no
3994,פיצה שמש,"בן גוריון 5, לוד, Israel",פיצה שמש לוד,"Ben Gurion 5, לוד, Israel",ChIJlWKG30DKAhURMJALAIG5TLc,פיצה שמש לוד,iw,"Ben Gurion 5, לוד","Ben Gurion 5, לוד",yes,פיצה שמש לוד,en,"Ben Gurion 5, לוד","Ben Gurion 5, Lod",yes
3995,פיצה דומינו,"הרב קוק 14, בני ברק, Israel",Domino Pizza,"Ha-Rav Avraham Yitskhak ha-Cohen Kook St 14, Bnei Brak, Israel",ChIJddj1LzFKHRUROeJkWGncRN0,פיצה דומינו,iw,"הרב אברהם יצחק הכהן קוק 14, בני ברק","הרב אברהם יצחק הכהן קוק 14, בני ברק",yes,Domino Pizza,en,"Ha-Rav Avraham Yitskhak ha-Cohen Kook St 14, Bnei Brak","Ha-Rav Avraham Yitskhak ha-Cohen Kook 14, Bnei Brak",no
3997,ישר על האש רמלה,"משה אדרת 1, קניון רמלוד, רמלה, Israel",Yashar Lapita,"Moshe Aderet St 1, Ramla, Israel",ChIJ5UXZf1DLAhUREorchMRhqR8,ישר לפיתה,iw,"משה אדרת 1, רמלה","משה אדרת 1, רמלה",yes,Yashar Lapita,en,"Moshe Aderet St 1, Ramla","Moshe Aderet 1, Ramla",no
3998,ביסטרו 3,"הבונים 3, מתחם הבורסה, רמת גן, Israel",Bistro3,"הבונים 3, Ramat Gan, Israel",ChIJd9DLwcZLHRURrDD_CmQWzpI,מעדנייה בוטיק - ביסטרו 3 | כשר,iw,"הבונים 3, רמת גן","הבונים 3, רמת גן",yes,Bistro3,en,"הבונים 3, Ramat Gan","הבונים 3, Ramat Gan",yes
3999,אווזים,"המאה ועשרים 4, ראשון לציון, Israel",Avazim Restaurant,"יס פלאנט, HaMea VeEsrim 4, Rishon LeZion, Israel",ChIJOZYbRRSzAhURSKY0rSDfUxc,מסעדה לאירועים אווזים,iw,"יס פלאנט, המאה ועשרים 4, ראשון לציון","יס פלאנט, המאה ועשרים 4, ראשון לציון",yes,Avazim Restaurant,en,"יס פלאנט, HaMea VeEsrim 4, Rishon LeZion","יס פלאנט, HaMea VeEsrim 4, Rishon LeZion",yes
4000,השניצליה,"המשביר 1, חולון, Israel",Hashnizelia,"המשביר 1 חולון IL 5885214, HaMashbir 1, Holon, Israel",ChIJAQewqMi0AhURaG6R6n-3Ktg,השניצליה,iw,"המשביר 1 חולון IL 5885214, המשביר 1, חולון","המשביר 1 חולון IL 5885214, המשביר 1, חולון",yes,Hashnizelia,en,"המשביר 1 חולון IL 5885214, HaMashbir 1, Holon","המשביר 1 חולון IL 5885214, HaMashbir 1, Holon",yes
4001,אושי אושי גבעתיים,"דרך יצחק רבין 53, קניון גבעתיים, Israel",Oshi Oshi,"עזריאלי גבעתיים, Derech Yitshak Rabin 53, Giv'atayim, Israel",ChIJqX6BJ6lLHRURaX17EiblnJk,אושי אושי,iw,"עזריאלי גבעתיים, דרך יצחק רבין 53, גבעתיים","עזריאלי גבעתיים, דרך יצחק רבין 53, גבעתיים",yes,Oshi Oshi,en,"עזריאלי גבעתיים, Derech Yitshak Rabin 53, Giv'atayim","עזריאלי גבעתיים, Derech Yitshak Rabin 53, Giv'atayim",yes
4003,צ'נטרו,"שד' דב הוז 29, חולון, Israel",צנטרו - הבוריק של צ'ונה,"Sderot Dov Hoz 29, Holon, Israel",ChIJL0eWSlqzAhURGucHSSTGdSQ,צנטרו - הבוריק של צ'ונה,iw,"שדרות דב הוז 29, חולון","שדרות דב הוז 29, חולון",yes,צנטרו - הבוריק של צ'ונה,iw,"Sderot Dov Hoz 29, Holon","Sderot Dov Hoz 29, Holon",no
4004,פיצה מילי,"ארלוזורוב 2, פתח תקווה, Israel",פיצה מילי פתח תקווה,"Haim Arlozorov St 2, Petah Tikva, Israel",ChIJURUUTgk2HRURG93VrpyO5N8,פיצה מילי,iw,"חיים ארלוזורוב 2, פתח תקווה","חיים ארלוזורוב 2, פתח תקווה",yes,פיצה מילי פתח תקווה,en,"Haim Arlozorov St 2, Petah Tikva","Haim Arlozorov 2, Petah Tikva",no
4007,פיצה פאקל'ה,"כצנלסון 123, גבעתיים, Israel",Pakale Pizza,"Katzenelson St 123, Giv'atayim, Israel",ChIJNwDiWLRLHRURPA4StSYAizE,פיצה פאקל'ה,iw,"כצנלסון 123, גבעתיים","כצנלסון 123, גבעתיים",yes,Pakale Pizza,en,"Katzenelson St 123, Giv'atayim","Katsanelson 123, Giv'atayim",no
4008,אמריקן פיצה,"הרב שלום שבזי 45, ראש העין, Israel",American Pizza,"Ha-Rav Shalom Shabazi St 45, Rosh Haayin, Israel",ChIJbbJoANQ2HRUR11IL--HQQlw,אמריקן פיצה,iw,"הרב שלום שבזי 45, ראש העין","הרב שלום שבזי 45, ראש העין",yes,American Pizza,en,"Ha-Rav Shalom Shabazi St 45, Rosh Haayin","HaRav Shalom Shabazi 45, Rosh Haayin",no
4011,שפ ע חומוס,"ביאליק 53, רמת גן, Israel",שפ ע חומוס,"Bialik St 53, Ramat Gan, Israel",ChIJK_ZSxMtLHRURnAasss9te-E,שפ ע חומוס,iw,"ביאליק 53, רמת גן","ביאליק 53, רמת גן",yes,שפ ע חומוס,iw,"Bialik St 53, Ramat Gan","Bialik 53, Ramat Gan",no
4013,קונדטוריה עוזי,"שד' יהודית 7, תל אביב, Israel",Uzi קונדיטוריית עוזי,"Yehudit Blvd 7, Tel Aviv-Yafo, Israel",ChIJ2bY7OXxLHRURscyoX4Dcfb4,קונדיטוריה עוזי,iw,"יהודיתשד' 7, תל אביב-יפו","יהודיתשד' 7, תל אביב-יפו",yes,Uzi קונדיטוריית עוזי,en,"Yehudit Blvd 7, Tel Aviv-Yafo","Yehudit Blvd 7, Tel Aviv-Jaffa",no
4014,סקיצה,"דרך האורנים 13, רינתיה, Israel",סקיצה אירועים וקייטרינג,"האורנים 13 derech haoranim 13, 7316500:, Derech HaOranim 13, Rinatya, Israel",ChIJraVbjYc2HRUR7iq_BVZWtV0,סקיצה אירועים וקייטרינג Skitzza Events & Catering,iw,"האורנים 13 derech haoranim 13, 7316500:, דרך האורנים 13, רינתיה","האורנים 13 derech haoranim 13, 7316500:, דרך האורנים 13, רינתיה",yes,סקיצה אירועים וקייטרינג,en,"האורנים 13 derech haoranim 13, 7316500:, Derech HaOranim 13, Rinatya","האורנים 13 derech haoranim 13, 7316500:, Derech HaOranim 13, Rinatya",yes
4018,מאמא מטעמים,"הרב דנגור 41, בני ברק, Israel",שפע מטעמים,"HaRav Dangur St 41, Bnei Brak, Israel",ChIJV8VqoXc3HRURarxljRdmAzE,שפע מטעמים,iw,"הרב דנגור 41, בני ברק","הרב דנגור 41, בני ברק",yes,שפע מטעמים,iw,"HaRav Dangur St 41, Bnei Brak","HaRav Dangur 41, Bnei Brak",no
4019,פלאפל בריבוע,"יוני נתניהו 23, קניון עופר הגבעה, גבעת שמואל, Israel",Falafel Baribua,"Yoni Netanyahu St 23, Giv'at Shmuel, Israel",ChIJxWhbGQ9KHRUReK6PqXR1HqE,פלאפל בריבוע - גבעת שמואל,iw,"יוני נתניהו 23, גבעת שמואל","יוני נתניהו 23, גבעת שמואל",yes,Falafel Baribua,en,"Yoni Netanyahu St 23, Giv'at Shmuel","Yoni Netanyahu 23, Giv'at Shmu'el",no
4020,רגע לפלאפל,"ארלוזורוב 2, רמת גן, Israel",רגע לפלאפל,"Arlozorov St 2, Ramat Gan, Israel",ChIJEZIivbVLHRURJ02CB63FUzU,רגע לפלאפל,iw,"ארלוזורוב 2, רמת גן","ארלוזורוב 2, רמת גן",yes,רגע לפלאפל,iw,"Arlozorov St 2, Ramat Gan","Arlozorov 2, Ramat Gan",no
4021,פיצה פצץ,"שד' הציונות 1, קניון לוד סנטר, Israel",פיצה פצץ,"Sderot Hatsiyonut 1, Lod, Israel",ChIJoQbRWlzKAhURUGvtYTxBVAI,פיצה פצץ,iw,"שדרות הציונות 1, לוד","שדרות הציונות 1, לוד",yes,פיצה פצץ,iw,"Sderot Hatsiyonut 1, Lod","Sderot Hatsiyonut 1, Lod",no
4023,לאנץ' בוקס,"מצדה (כנרת) 5, פרדס כץ, בני ברק, Israel",Lunch Box,"Kinneret St 5, Bnei Brak, Israel",ChIJJReSeylKHRURcsb1bNQovbI,Lunch Box,en,"כינרת 5, בני ברק","כינרת 5, בני ברק",yes,Lunch Box,en,"Kinneret St 5, Bnei Brak","Kinneret 5, Bnei Brak",no
4025,פיצת השף פופל ראשון לציון,"מרדכי פופל 7, ראשון לציון, Israel",פיצה השף,"Mordehai Popel St 7, Rishon LeZion, Israel",ChIJ52SgcgC1AhURnfzYO2KsLBY,פיצה השף,iw,"מרדכי פופל 7, ראשון לציון","מרדכי פופל 7, ראשון לציון",yes,פיצה השף,iw,"Mordehai Popel St 7, Rishon LeZion","Mordehai Popel 7, Rishon LeZion",no
4028,צ'יצ'ו גריל ישראלי,"כצנלסון 42, גבעתיים, Israel",Chicho Grill,"Katzenelson St 42, Giv'atayim, Israel",ChIJ3-JghbpLHRURYaq9BSzEHEU,צ'יצ'ו גריל,iw,"כצנלסון 42, גבעתיים","כצנלסון 42, גבעתיים",yes,Chicho Grill,en,"Katzenelson St 42, Giv'atayim","Katsanelson 42, Giv'atayim",no
4029,עז'ורה,"מקוה ישראל 1, תל אביב, Israel",Azura Restaurant,"Mikve Israel St 1, Tel Aviv-Yafo, Israel",ChIJZbOntmJLHRURNL-lo-nrukk,מסעדת עזורה,iw,"מקווה ישראל 1, תל אביב-יפו","מקווה ישראל 1, תל אביב-יפו",yes,Azura Restaurant,en,"Mikve Israel St 1, Tel Aviv-Yafo","Mikve Israel 1, Tel Aviv-Jaffa",no
4036,שיפודי דרור,"הרא""ה 85, רמת גן, Israel",שיפודי דרור,"הרא""ה 85 רמת גן, 52401, Haroe 85, Ramat Gan, Israel",ChIJ9Y2x4DhLHRURiPP1kmCM_6s,שיפודי דרור,iw,"הרא""ה 85 רמת גן, 52401, הרא""ה 85, רמת גן","הרא""ה 85 רמת גן, 52401, הרא""ה 85, רמת גן",yes,שיפודי דרור,iw,"הרא""ה 85 רמת גן, 52401, Haroe 85, Ramat Gan","הרא""ה 85 רמת גן, 52401, Haroe 85, Ramat Gan",yes
4042,פיצה האט,"הרי יהודה 56, קריית אונו, Israel",Pizza Hut,"Harei Yehuda St 56, Kiryat Ono, Israel",ChIJJ0fs-Yw1HRURup5bEf2ACk8,פיצה האט,iw,"הרי יהודה 56, קרית אונו","הרי יהודה 56, קרית אונו",yes,Pizza Hut,en,"Harei Yehuda St 56, Kiryat Ono","Harei Yehuda 56, Kiryat Ono",no
4044,טוצ'קה,"דרך יצחק רבין 6, פתח תקווה, Israel",Tuchka,"Derech Yitshak Rabin 6, Petah Tikva, Israel",ChIJc1Ma_f1JHRURaecSjeriQYY,טוצ'קה,iw,"דרך יצחק רבין 6, פתח תקווה","דרך יצחק רבין 6, פתח תקווה",yes,Tuchka,en,"Derech Yitshak Rabin 6, Petah Tikva","Derech Yitshak Rabin 6, Petah Tikva",no
4045,מפגש הפיצה,"גרוסמן מאיר 25, תל אביב, Israel",מפגש הפיצה,"Me'ir Grossman St 25, Tel Aviv-Yafo, Israel",ChIJC7v1f65MHRURNE9KHImDSgY,מפגש הפיצה,iw,"מאיר גרוסמן 25, תל אביב-יפו","מאיר גרוסמן 25, תל אביב-יפו",yes,מפגש הפיצה,iw,"Me'ir Grossman St 25, Tel Aviv-Yafo","Meir Grossman 25, Tel Aviv-Jaffa",no
4046,הירקון 99,"הירקון 99, תל אביב, Israel",HaYarkon St 99,"HaYarkon St 99, Tel Aviv-Yafo, Israel",ChIJsb81EXxMHRURbQDh6dG2TNk,הירקון 99,,"הירקון 99, תל אביב-יפו","הירקון 99, תל אביב-יפו",yes,HaYarkon St 99,,"HaYarkon St 99, Tel Aviv-Yafo","HaYarkon 99, Tel Aviv-Jaffa",no
4048,קפה גרג,"לב העיר 2, קניון מודיעין, Israel",קיטשן ביי גרג קניון עזריאלי מודיעין,"קניון עזריאלי, Lev ha-Ir St 2, Modi'in-Maccabim-Re'ut, Israel",ChIJyZFsYTrNAhURoogAGxaiziM,קיטשן בראסרי מודיעין,iw,"קניון עזריאלי, Lev ha-Ir St 2, Modi'in-Maccabim-Re'ut","קניון עזריאלי, לב העיר 2, מודיעין מכבים רעות",yes,קיטשן ביי גרג קניון עזריאלי מודיעין,en,"קניון עזריאלי, Lev ha-Ir St 2, Modi'in-Maccabim-Re'ut","קניון עזריאלי, Lev ha-Ir 2, Modi'in Makabim-Re'ut",yes
4049,פיתה בשר,"נחלת בנימין 75, תל אביב, Israel",פיתה בשר,"Nahalat Binyamin St 75, Tel Aviv-Yafo, Israel",ChIJvYGGE7pNHRURaUHU_rvsgO0,פיתה בשר,iw,"נחלת בנימין 75, תל אביב-יפו","נחלת בנימין 75, תל אביב-יפו",yes,פיתה בשר,iw,"Nahalat Binyamin St 75, Tel Aviv-Yafo","Nahalat Binyamin 75, Tel Aviv-Jaffa",no
4052,MILK BAKERY,"בית אשל 5, יפו, תל אביב, Israel",Milk bakery,"Beit Eshel St 5, Tel Aviv-Yafo, Israel",ChIJd5hQsr5MHRURYYsT_gW97Ew,מילק בייקרי,iw,"בית אשל 5, תל אביב-יפו","בית אשל 5, תל אביב-יפו",yes,Milk bakery,en,"Beit Eshel St 5, Tel Aviv-Yafo","Beit Eshel 5, Tel Aviv-Jaffa",no
4055,ארומה,"ז'בוטינסקי 72, הקניון הגדול, פתח תקווה, Israel",Aroma Espresso Bar ארומה אספרסו בר,"Jabotinsky St 72, Petah Tikva, Israel",ChIJMWOQAgM2HRURzORSTBQ4HOQ,ארומה,iw,"רחוב זאב ז'בוטינסקי 72, פתח תקווה","רחוב זאב ז'בוטינסקי 72, פתח תקווה",yes,Aroma Espresso Bar ארומה אספרסו בר,en,"Jabotinsky St 72, Petah Tikva","Derech Zeev Jabutinsky 72, Petah Tikva",no
4056,פיצה P2,"סוקולוב 94, חולון, Israel",Pizza P2 חולון,"Sokolov St 94, Holon, Israel",ChIJI-gwT6-0AhURAGo7zAZxWOw,פיצה פי 2 חולון,iw,"סוקולוב 94, חולון","סוקולוב 94, חולון",yes,Pizza P2 חולון,en,"Sokolov St 94, Holon","Sokolow 94, Holon",no
4057,שלום פלאפל,"שד' המלאכות, מודיעין והסביבה, Israel",שלום פלאפל,"Ha-Mekhonai St 9-15, Modi'in-Maccabim-Re'ut, Israel",ChIJRXYcnK_OAhURiBTbyxmFWBw,שלום פלאפל,iw,"המכונאי 9-15, מודיעין מכבים רעות","המכונאי 9-15, מודיעין מכבים רעות",yes,שלום פלאפל,iw,"Ha-Mekhonai St 9-15, Modi'in-Maccabim-Re'ut","HaMechonai 9-15, Modi'in Makabim-Re'ut",no
4058,ביג בורגר,"צבי ישי 1, יהוד, Israel",Big Burger,"Tsvi Yishai St 1, Yehud-Monosson, Israel",ChIJjQWeigs1HRURuWnruK-GAbI,ביג בורגר,iw,"צבי ישי 1, יהוד מונוסון","צבי ישי 1, יהוד מונוסון",yes,Big Burger,en,"Tsvi Yishai St 1, Yehud-Monosson","Tsvi Yishai 1, Yahud Monoson",no
4061,פלאפל מרדכי,"חיים עוזר 7, פתח תקווה, Israel",Falafel Mordecai,"Khayim Ozer St 7, Petah Tikva, Israel",ChIJkYCzE202HRURdMjnA6jkQns,פלאפל מרדכי,iw,"חיים עוזר 7, פתח תקווה","חיים עוזר 7, פתח תקווה",yes,Falafel Mordecai,en,"Khayim Ozer St 7, Petah Tikva","Haim Ozer 7, Petah Tikva",no
4064,פארוק,"שד' מרדכי בן פורת 70, אור יהודה, Israel",Faruk Kosher Grill,"Sderot Mordehai Ben Porat 70, Or Yehuda, Israel",ChIJGzcqzqJKHRURNmATu8zmpys,"פארוק-מסעדת גריל בשרית כשרה (בד""ץ)",iw,"שדרות מרדכי בן פורת 70, אור יהודה","שדרות מרדכי בן פורת 70, אור יהודה",yes,Faruk Kosher Grill,en,"Sderot Mordehai Ben Porat 70, Or Yehuda","Sderot Mordehai Ben Porat 70, Or Yehuda",no
4065,הרצל 50,"שד' הרצל 50, רמלה, Israel",הרצל 50,"Sderot Herzl 50, Ramla, Israel",ChIJpUTFAwbKAhURALtz8dt_Q7I,הרצל 50,iw,"שדרות הרצל 50, רמלה","שדרות הרצל 50, רמלה",yes,הרצל 50,iw,"Sderot Herzl 50, Ramla","Sderot Herzl 50, Ramla",no
4067,מאפיית הכפר,"הרב שלום שבזי 26, ראש העין, Israel",מאפיית הכפר,"Ha-Rav Shalom Shabazi St 26, Rosh Haayin, Israel",ChIJaUXB69Y2HRURLD08RX7ZM4c,מאפיית הכפר,iw,"הרב שלום שבזי 26, ראש העין","הרב שלום שבזי 26, ראש העין",yes,מאפיית הכפר,iw,"Ha-Rav Shalom Shabazi St 26, Rosh Haayin","HaRav Shalom Shabazi 26, Rosh Haayin",no
4070,ארומה,"אליהו סעדון 120, עזריאלי אור יהודה אאוטלט, Israel",Aroma Espresso Bar ארומה אספרסו בר,"Sderot Eliyahu Sa'adon 120, Or Yehuda, Israel",ChIJfZyVlaFKHRURSOlETzoTD14,Aroma Espresso Bar ארומה אספרסו בר,iw,"שדרות אליהו סעדון 120, אור יהודה","שדרות אליהו סעדון 120, אור יהודה",yes,Aroma Espresso Bar ארומה אספרסו בר,iw,"Sderot Eliyahu Sa'adon 120, Or Yehuda","Sderot Eliyahu Sa'adon 120, Or Yehuda",no
4073,גריל עוף,"הרצל 86, רמת גן, Israel",גריל עוף רמת גן,"Herzl St 86, Ramat Gan, Israel",ChIJkfA0UMxLHRURTYZxyLIJtVE,גריל עוף רמת גן,iw,"הרצל 86, רמת גן","הרצל 86, רמת גן",yes,גריל עוף רמת גן,iw,"Herzl St 86, Ramat Gan","Rehov Herzl 86, Ramat Gan",no
4074,קינטו,"יחזקאל קויפמן 6, תל אביב, Israel",KINTO - GEORGIAN CUISIN & WINE,"Kaufmann St 6, Tel Aviv-Yafo, Israel",ChIJKSYjkJBMHRURyuSQQL6J0JY,קינטו,iw,"פרופסור יחזקאל קויפמן 6, תל אביב-יפו","פרופסור יחזקאל קויפמן 6, תל אביב-יפו",yes,KINTO - GEORGIAN CUISIN & WINE,en,"Kaufmann St 6, Tel Aviv-Yafo","Kaufmann 6, Tel Aviv-Jaffa",no
4076,מזנון חן,"רמת חן 32, רמת גן, Israel",מזנון חן מנש,"Ramat Hen St 32, Ramat Gan, Israel",ChIJw2_yiblLHRURV_5T6JPYraI,מזנון חן מנש,iw,"רמת חן 32, רמת גן","רמת חן 32, רמת גן",yes,מזנון חן מנש,iw,"Ramat Hen St 32, Ramat Gan","Ramat Hen 32, Ramat Gan",no
4077,פיתה רחוב פתח תקווה,"הסיבים 2, פתח תקווה, Israel",פיתה רחוב פתח תקוה,"Ha-Sivim St 2, Petah Tikva, Israel",ChIJ0x3x601JHRURRI0oKVvaSJk,פיתה רחוב פתח תקוה,iw,"הסיבים 2, פתח תקווה","הסיבים 2, פתח תקווה",yes,פיתה רחוב פתח תקוה,iw,"Ha-Sivim St 2, Petah Tikva","HaSivim 2, Petah Tikva",no
4080,מיטוסט,"יוסף לישנסקי 20, ראשון לציון, Israel",מיטוסט ראשון לציון,"Yosef Lishanski Blvd 20, Rishon LeZion, Israel",ChIJja65voOzAhUR8S5dl23fTtE,מיטוסט ראשון לציון,iw,"שדרות יוסף לישנסקי 20, ראשון לציון","שדרות יוסף לישנסקי 20, ראשון לציון",yes,מיטוסט ראשון לציון,iw,"Yosef Lishanski Blvd 20, Rishon LeZion","Sderot Yosef Lishanski 20, Rishon LeZion",no
4085,אקסטרא דונר ראשון לציון,"רוטשילד 36, ראשון לציון, Israel",אקסטרא דונר,"Rothschild St 36, Rishon LeZion, Israel",ChIJJ3pJbcO1AhURful5Ts7AgnA,אקסטרא דונר,iw,"רוטשילד 36, ראשון לציון","רוטשילד 36, ראשון לציון",yes,אקסטרא דונר,iw,"Rothschild St 36, Rishon LeZion","Rothschild 36, Rishon LeZion",no
4088,מאפית תפארת,"שלמה המלך 40, קיראון, קריית אונו, Israel",מאפיית תפארת,"Shlomo ha-Melekh St, Kiryat Ono, Israel",ChIJVZdvmOg1HRUR0hUwbxeqes4,מאפיית תפארת,iw,"שלמה המלך, קרית אונו","שלמה המלך, קרית אונו",yes,מאפיית תפארת,iw,"Shlomo ha-Melekh St, Kiryat Ono","Shlomo HaMelech, Kiryat Ono",no
4090,קבבורגר,"החשמונאים 107, תל אביב, Israel",קבבורגר,"HaHashmonaim St 107, Tel Aviv-Yafo, Israel",ChIJp9NWAnhLHRURfHEi0uCGWyg,שישבורגר קבבורגר,iw,"החשמונאים 107, תל אביב-יפו","החשמונאים 107, תל אביב-יפו",yes,קבבורגר,en,"HaHashmonaim St 107, Tel Aviv-Yafo","HaHashmonaim 107, Tel Aviv-Jaffa",no
4091,כף קפה,"שד' ירושלים 214, פארק פרס, Israel",כף קפה,"Sderot Yerushalayim 214, Holon, Israel",ChIJzVNkK8C0AhURrkcm_75ClGA,כף קפה,iw,"שדרות ירושלים 214, חולון","שדרות ירושלים 214, חולון",yes,כף קפה,iw,"Sderot Yerushalayim 214, Holon","Sderot Yerushalayim 214, Holon",no
4094,הסורי חומוס פול,"מצודת בית""ר 8, בת ים, Israel",הסורי חומוס פול,"Metsudat Betar St 8, Bat Yam, Israel",ChIJeRfSPROzAhUR9kwdvkxcHr0,הסורי חומוס פול,iw,"מצודת בית""ר 8, בת ים","מצודת בית""ר 8, בת ים",yes,הסורי חומוס פול,iw,"Metsudat Betar St 8, Bat Yam","Metsudat Betar 8, Bat Yam",no
4096,תאטרו אירועי בוטיק,"יוסף לישנסקי 27, קניוכל, ראשון לציון, Israel",Teatro - Ballroom Rishon Lezion,"Yosef Lishanski Blvd 27, Rishon LeZion, Israel",ChIJMV-u80O0AhUR3aHCsJCvY1k,TEATRO - אולם אירועים בראשון לציון,iw,"שדרות יוסף לישנסקי 27, ראשון לציון","שדרות יוסף לישנסקי 27, ראשון לציון",yes,Teatro - Ballroom Rishon Lezion,en,"Yosef Lishanski Blvd 27, Rishon LeZion","Sderot Yosef Lishanski 27, Rishon LeZion",no
4098,ריבר בורסה,"ז'בוטינסקי 7, מתחם הבורסה, רמת גן, Israel",ריבר סושי רמת גן River,"Jabotinsky St 7, Ramat Gan, Israel",ChIJSX6SjrhLHRURvHv6nYySXxs,ריבר סושי רמת גן River,iw,"רחוב זאב ז'בוטינסקי 7, רמת גן","רחוב זאב ז'בוטינסקי 7, רמת גן",yes,ריבר סושי רמת גן River,iw,"Jabotinsky St 7, Ramat Gan","Derech Zeev Jabutinsky 7, Ramat Gan",no
4099,פיצה זברה,"מבצע סיני 16, בת ים, Israel",פיצה זברה,"Mivtsa Sinai St 16, Bat Yam, Israel",ChIJo9aC1kOzAhURsLKe80To8kI,בת ים פיצה זברה,iw,"מבצע סיני 16, בת ים","מבצע סיני 16, בת ים",yes,פיצה זברה,en,"Mivtsa Sinai St 16, Bat Yam","Mivtsa Sinai 16, Bat Yam",no
4105,הבלינצ'ס ההונגרי,"ירמיהו 35, תל אביב, Israel",Hungarian Blintzes,"Yirmeyahu St 35, Tel Aviv-Yafo, Israel",ChIJDWHYVfRLHRUR2HIJkg-gaAE,הבלינצ'ס ההונגרי,iw,"ירמיהו 35, תל אביב-יפו","ירמיהו 35, תל אביב-יפו",yes,Hungarian Blintzes,en,"Yirmeyahu St 35, Tel Aviv-Yafo","Yirmeyahu 35, Tel Aviv-Jaffa",no
4106,פיצה כמעט חינם,"ז'בוטינסקי 89, רמת גן, Israel",פיצה כמעט חינם,"Jabotinsky St 89, Ramat Gan, Israel",ChIJQ6dxNcxLHRURRHXPkHhymjo,פיצה הרמנוס,iw,"רחוב זאב ז'בוטינסקי 89, רמת גן","רחוב זאב ז'בוטינסקי 89, רמת גן",yes,פיצה כמעט חינם,en,"Jabotinsky St 89, Ramat Gan","Derech Zeev Jabutinsky 89, Ramat Gan",no
4107,פיצה האט,"ז'בוטינסקי 3, פרדס כץ, בני ברק, Israel",Pizza Hut,"Jabotinsky St 2, Bnei Brak, Israel",ChIJOf7if-dLHRUR1FhVI4qPtzI,pizza hut - פיצה בבני ברק,iw,"רחוב זאב ז'בוטינסקי 2, בני ברק","רחוב זאב ז'בוטינסקי 2, בני ברק",yes,Pizza Hut,en,"Jabotinsky St 2, Bnei Brak","Derech Zeev Jabutinsky 2, Bnei Brak",no
4112,טוקו יוקו,"ז'בוטינסקי 12, פרדס כץ, בני ברק, Israel",טוקו יוקו,"Jabotinsky St 12, Bnei Brak, Israel",ChIJ1YR7lS5KHRURNla-QDxJed4,טוקו יוקו,iw,"רחוב זאב ז'בוטינסקי 12, בני ברק","רחוב זאב ז'בוטינסקי 12, בני ברק",yes,טוקו יוקו,iw,"Jabotinsky St 12, Bnei Brak","Derech Zeev Jabutinsky 12, Bnei Brak",no
4113,אושי אושי,"רוטשילד 85, ראשון לציון, Israel",Oshi Oshi Sushi & Bar Rotchild,"Rothschild St 85, Rishon LeZion, Israel",ChIJlZYJCD-0AhURA3OHUjCoUvE,אושי אושי,iw,"רוטשילד 85, ראשון לציון","רוטשילד 85, ראשון לציון",yes,Oshi Oshi Sushi & Bar Rotchild,en,"Rothschild St 85, Rishon LeZion","Rothschild 85, Rishon LeZion",no
4115,מאפיית הנביאים,"לוי משה 16, ראשון לציון, Israel",מאפיית הנביאים,"Moshe Levi St 9, Rishon LeZion, Israel",ChIJW_jxq4CzAhUR8d3TV-oEuBQ,מאפיית הנביאים,uk,"משה לוי 9, ראשון לציון","משה לוי 9, ראשון לציון",yes,מאפיית הנביאים,uk,"Moshe Levi St 9, Rishon LeZion","Moshe Levi 9, Rishon LeZion",no
4121,סביח השרון,"ככר רמב""ם 3, רמת גן, Israel",Sabich Hasharon,"Kikar Rambam 3, Ramat Gan, Israel",ChIJfxp5t8tLHRURMzdTqw6dcvU,סביח פלאפל בכיכר,iw,"כיכר רמב""ם 3, רמת גן","כיכר רמב""ם 3, רמת גן",yes,Sabich Hasharon,en,"Kikar Rambam 3, Ramat Gan","Kikar Rambam 3, Ramat Gan",no
4123,בית מאפה שלומי א.פ.,"יהושע רבינוביץ 11, מרכז סאדאב חולון, Israel",בית מאפה שלומי א.פ,"Yehoshu'a Rabinovich St 11, Holon, Israel",ChIJqWgWS3mzAhUR0ukpzr2nrfE,בית מאפה שלומי א.פ,iw,"יהושע רבינוביץ 11, חולון","יהושע רבינוביץ 11, חולון",yes,בית מאפה שלומי א.פ,iw,"Yehoshu'a Rabinovich St 11, Holon","Yehoshua Rabinovich 11, Holon",no
4124,פיצריית האומנים,"עוזי חיטמן 44, רמלה, Israel",פיצריית האומנים,"Uzi Hitman St 44, Ramla, Israel",ChIJ6zoej_vJAhURXo_sZlHSin0,פיצריית האומנים,iw,"עוזי חיטמן 44, רמלה","עוזי חיטמן 44, רמלה",yes,פיצריית האומנים,iw,"Uzi Hitman St 44, Ramla","Uzi Hitman 44, Ramla",no
4126,קסאנאדו Xanadu,"בן ציון גליס 50, פתח תקווה, Israel",Xanadu,"Ben Tsiyon Galis St 50, Petah Tikva, Israel",ChIJcy6xgUg2HRURc5mazfV2mgI,קסאנאדו גן אירועים,iw,"בן ציון גליס 50, פתח תקווה","בן ציון גליס 50, פתח תקווה",yes,Xanadu,en,"Ben Tsiyon Galis St 50, Petah Tikva","Ben Zion Galis 50, Petah Tikva",no
4127,הבורגנים,"שד' המלאכות, מודיעין והסביבה, Israel",Haburganim,"HaMelahot Blvd 13, Modi'in-Maccabim-Re'ut, Israel",ChIJWzBeiKbOAhURfIydoiOvzlk,הבורגנים,iw,"שדרות המלאכות 13, מודיעין מכבים רעות","שדרות המלאכות 13, מודיעין מכבים רעות",yes,Haburganim,en,"HaMelahot Blvd 13, Modi'in-Maccabim-Re'ut","Sderot HaMalhut 13, Modi'in Makabim-Re'ut",no
4128,בכור את שושי,"הרב אבו חצירא 10, פרדס כץ, בני ברק, Israel",behor et shosi,"הרב ישראל אבו חצירא 10, בני ברק, 51285, Israel",ChIJL2LPCydKHRURUj6vo0Jz8A0,בכור את שושי סניף הבית,iw,"הרב ישראל אבו חצירא 10, בני ברק, 51285","הרב ישראל אבו חצירא 10, בני ברק",yes,behor et shosi,en,"הרב ישראל אבו חצירא 10, בני ברק, 51285","הרב ישראל אבו חצירא 10, Bnei Brak",yes
4129,חומוס אליהו,"שד' נים 2, קניון עזריאלי ראשונים, ראשון לציון, Israel",Humus Eliyahu,"Sderot Nim 2, Rishon LeZion, Israel",ChIJ-6fNKCS0AhURAP72h2qqCIM,חומוס אליהו ראשון לציון,iw,"שדרות נים 2, ראשון לציון","חניון, שדרות נים 2, ראשון לציון",yes,Humus Eliyahu,en,"Sderot Nim 2, Rishon LeZion","Parking lot, Sderot Nim 2, Rishon LeZion",no
4131,באגטוסט,"רבי עקיבא 94, בני ברק, Israel",באגטוסט,"Rabi Akiva St 94, Bnei Brak, Israel",ChIJwfVx1fhLHRURB4GHu1f4NK8,באגטוסט,iw,"רבי עקיבא 94, בני ברק","רבי עקיבא 94, בני ברק",yes,באגטוסט,iw,"Rabi Akiva St 94, Bnei Brak","Rabbi Akiva 94, Bnei Brak",no
4135,אצל עובד בכפר,"חטיבת אלכסנדרוני 2, אור יהודה, Israel",Oved Bakfar,"Khativat Alexandroni St 2, Or Yehuda, Israel",ChIJh6SH2phKHRURozkWbOBJo6U,אצל עובד בכפר,iw,"חטיבת אלכסנדרוני 2, אור יהודה","חטיבת אלכסנדרוני 2, אור יהודה",yes,Oved Bakfar,en,"Khativat Alexandroni St 2, Or Yehuda","Hativat Alexandroni 2, Or Yehuda",no
4143,קפה בעלמא,"שחם 17, יכין סנטר פתח תקווה, Israel",קפה בעלמא,"יכין סנטר, Derech Yitshak Rabin 17, Petah Tikva, Israel",ChIJX-e-Nw02HRURxThg34cpNFY,קפה בעלמא,en,"יכין סנטר, דרך יצחק רבין 17, פתח תקווה","יכין סנטר, דרך יצחק רבין 17, פתח תקווה",yes,קפה בעלמא,en,"יכין סנטר, Derech Yitshak Rabin 17, Petah Tikva","יכין סנטר, Derech Yitshak Rabin 17, Petah Tikva",yes
4146,סבתות מבשלות,"קלישר 1, שוק הכרמל, תל אביב, Israel",סבתות מבשלות,"Kalischer St 1, Tel Aviv-Yafo, 6560354, Israel",ChIJofihk4RMHRURPoSE7Jff3CM,סבתות מבשלות,iw,"קלישר 1, תל אביב-יפו, 6560354","קלישר 1, תל אביב-יפו",yes,סבתות מבשלות,iw,"Kalischer St 1, Tel Aviv-Yafo, 6560354","Kalischer 1, Tel Aviv-Jaffa",no
4150,ברכה משולשת,"יעקב נחמיאס 4, ראשון לציון, Israel",Bracha Meshooleshet,"Ya'akov Nakhmias St 4, Rishon LeZion, Israel",ChIJB4QVKiG0AhURxEBBULOWKOE,ברכה משולשת,iw,"יעקב נחמיאס 4, ראשון לציון","יעקב נחמיאס 4, ראשון לציון",yes,Bracha Meshooleshet,en,"Ya'akov Nakhmias St 4, Rishon LeZion","Ya'akov Nakhmias 4, Rishon LeZion",no
4153,פונדק סבבה,"הסדנא 2, פתח תקווה, Israel",מסעדת סבבה,"HaSadna St 2, Petah Tikva, Israel",ChIJuVMHo3M2HRURtZ6Jh6IBhbI,מסעדת סבבה,iw,"הסדנא 2, פתח תקווה","הסדנא 2, פתח תקווה",yes,מסעדת סבבה,iw,"HaSadna St 2, Petah Tikva","HaSadna 2, Petah Tikva",no
4155,"פיצה רומא ראשל""צ","יואל דרובין 17, ראשון לציון, Israel",Pizza Roma,"Yo'el Drubin St 17, Rishon LeZion, Israel",ChIJERDZ1D-0AhURhm_9-1yWfSE,פיצה רומא דרובין,iw,"יואל דרובין 17, ראשון לציון","יואל דרובין 17, ראשון לציון",yes,Pizza Roma,en,"Yo'el Drubin St 17, Rishon LeZion","Yoel Drubin 17, Rishon LeZion",no
4156,קפה לנדוור,"מנחם בגין 38, גבעת שמואל, Israel",Landwer Cafe,"מתחם רוגובין, שדרות מנחם בגין 38, גבעת שמואל, 5442116, Israel",ChIJRzt2OCZKHRUR_4hhgY4Hafg,Landwer Cafe,en,"מתחם רוגובין, שדרות מנחם בגין 38, גבעת שמואל, 5442116","מתחם רוגובין, שדרות מנחם בגין 38, גבעת שמואל",yes,Landwer Cafe,en,"מתחם רוגובין, שדרות מנחם בגין 38, גבעת שמואל, 5442116","מתחם רוגובין, Sderot Menachem Begin 38, Giv'at Shmu'el",yes
4160,פסאדור,"יגאל אלון 94, תל אביב, Israel",פסאדור - Passador,"Yigal Alon St 94, Tel Aviv-Yafo, 6789139, Israel",ChIJtzHmzjFLHRURD-OvfXusIik,פסאדור - Passador,en,"יגאל אלון 94, תל אביב-יפו, 6789139","יגאל אלון 94, תל אביב-יפו",yes,פסאדור - Passador,en,"Yigal Alon St 94, Tel Aviv-Yafo, 6789139","Yigal Alon 94, Tel Aviv-Jaffa",no
4163,שווארמה הטבון,"המלאכה 19, חולון, Israel",שווארמה בטעם של עוד..,"HaOrgim St 1, Holon, Israel",ChIJN6b-MtO1AhURjSQ00P-egEw,שווארמה בטעם של עוד..,iw,"האורגים 1, חולון","האורגים 1, חולון",yes,שווארמה בטעם של עוד..,iw,"HaOrgim St 1, Holon","HaOrgim 1, Holon",no
4166,פיצה סיציליאנה,"ההסתדרות 171, חולון, Israel",Holon Pizza,"Ha-Histadrut St 169, Holon, Israel",ChIJdQ2ZyVW1AhURYITtwXuji20,פיצה סיציליאנה חולון,iw,"ההסתדרות 169, חולון","ההסתדרות 169, חולון",yes,Holon Pizza,en,"Ha-Histadrut St 169, Holon","Hahistadrut 169, Holon",no
4167,ג'ורנו,"ז'בוטינסקי 20, בני ברק, Israel",yoni ג'ורנו,"Jabotinsky St 20, Bnei Brak, Israel",ChIJHRZMOJ5LHRURoEgmTS7ENiY,yoni ג'ורנו,iw,"רחוב זאב ז'בוטינסקי 20, בני ברק","רחוב זאב ז'בוטינסקי 20, בני ברק",yes,yoni ג'ורנו,iw,"Jabotinsky St 20, Bnei Brak","Derech Zeev Jabutinsky 20, Bnei Brak",no
4172,פיצה דומינו,"הרב חורי חיים 29, לוד, Israel",פיצה דומינו לוד,"Ha-Rav Khayim Khuri St 29, Lod, Israel",ChIJAQAA6UTKAhURVk_XpRzdtVA,פיצה דומינו לוד,iw,"הרב חיים חורי 29, לוד","הרב חיים חורי 29, לוד",yes,פיצה דומינו לוד,iw,"Ha-Rav Khayim Khuri St 29, Lod","HaRav Haim Huri 29, Lod",no
4178,סביח פרישמן,"פרישמן 44, דיזנגוף, תל אביב, Israel",Sabich Frishman,"Frishman St 42, Tel Aviv-Yafo, Israel",ChIJ5_6wvXhMHRURT2GMyDEO1ig,סביח פרישמן,iw,"פרישמן 42, תל אביב-יפו","פרישמן 42, תל אביב-יפו",yes,Sabich Frishman,en,"Frishman St 42, Tel Aviv-Yafo","Frishman 42, Tel Aviv-Jaffa",no
4179,פיצה איטליאנו,"שד' המלך דוד 2, לוד, Israel",Pizza Italiano,"Sderot David HaMelech 2, Lod, Israel",ChIJtwnRWlzKAhUR5TS3mo9AZCU,פיצה איטליאנו-לוד,iw,"שדרות דוד המלך 2, לוד","שדרות דוד המלך 2, לוד",yes,Pizza Italiano,en,"Sderot David HaMelech 2, Lod","Sderot David HaMelech 2, Lod",no
4181,פנינת השף,"מבצע קדש 55, פרדס כץ, בני ברק, Israel",פנינת השף,"Mivtsa Kadesh St 55, Bnei Brak, Israel",ChIJ7aPJ0YdJHRUR_ENaaoo4Slk,פנינת השף,iw,"מבצע קדש 55, בני ברק","מבצע קדש 55, בני ברק",yes,פנינת השף,iw,"Mivtsa Kadesh St 55, Bnei Brak","Mivtsa Kadesh 55, Bnei Brak",no
4189,מאיה עוגות ועוגיות מיוחדות,"מבצע יפתח 4, פתח תקווה, Israel",מאיה - קונדיטוריה ביתית,"Mivtza Yiftah St, Petah Tikva, Israel",ChIJ7xCfxz82HRURy4cDrRSaXCE,מאיה - קונדיטוריה ביתית,en,"מבצע יפתח, פתח תקווה","מבצע יפתח, פתח תקווה",yes,מאיה - קונדיטוריה ביתית,en,"Mivtza Yiftah St, Petah Tikva","Mivtza Yiftah, Petah Tikva",no
4190,פסטלט,"מנחם בגין 5, בית דגן, Israel",פיצה patalat,"Sderot Menachem Begin 5, Beit Dagan, Israel",ChIJd4qnkiS1AhUR8c4fs8SiLkU,פסטלט,iw,"שדרות מנחם בגין 5, בית דגן","שדרות מנחם בגין 5, בית דגן",yes,פיצה patalat,en,"Sderot Menachem Begin 5, Beit Dagan","Sderot Menachem Begin 5, Beit Dagan",no
4196,פלאפל בריבוע,"פנחס אילון 13, חולון, Israel",Falafel Square,"Pinkhas Eilon St 13, Holon, Israel",ChIJs34o6p60AhUROIoKOlWAHlI,פלאפל בריבוע - חולון,iw,"פנחס אילון 13, חולון","פנחס אילון 13, חולון",yes,Falafel Square,en,"Pinkhas Eilon St 13, Holon","Pinhas Eilon 13, Holon",no
4202,מיט נייט,"תובל 15, מתחם הבורסה, רמת גן, Israel",Meat Night - מיט נייט,"Tuval St 15, Ramat Gan, 5252230, Israel",ChIJpYbVH8dLHRUR9J531THiiCc,מיט נייט (כשר),iw,"תובל 15, רמת גן, 5252230","תובל 15, רמת גן",yes,Meat Night - מיט נייט,en,"Tuval St 15, Ramat Gan, 5252230","Tuval 15, Ramat Gan",no
4206,פלאפל חתוכה,"שד' עמק איילון 30, שוהם, Israel",פלאפל חתוכה,"Sderot Emek Ayalon 30, Shoham, Israel",ChIJiWzA5qE0HRURqg-G9pYXCkA,פלאפל חתוכה,iw,"שדרות עמק איילון 30, שוהם","שדרות עמק איילון 30, שוהם",yes,פלאפל חתוכה,iw,"Sderot Emek Ayalon 30, Shoham","Sderot Emek Ayalon 30, Shoham",no
4215,פלאפל אלי,"מוהליבר שמואל 12, פתח תקווה, Israel",פלאפל אלי,"Mohaliver St 12, Petah Tikva, Israel",ChIJuVMHo3M2HRURI-w78JD3daM,פלאפל אלי | כשר,iw,"מוהליבר 12, פתח תקווה","מוהליבר 12, פתח תקווה",yes,פלאפל אלי,en,"Mohaliver St 12, Petah Tikva","Mohilever 12, Petah Tikva",no
4218,פרש קיטשן,"רוטשילד 45, קניון G רוטשילד, ראשון לציון, Israel",B-Fresh,"קניון, רוטשילד 45, ראשון לציון, Israel",ChIJvTe9dau1AhURfDObsR-yY3A,B-FRESH קניון רוטשילד,iw,"קניון, רוטשילד 45, ראשון לציון","קניון, רוטשילד 45, ראשון לציון",yes,B-Fresh,en,"קניון, רוטשילד 45, ראשון לציון","קניון, Rothschild 45, Rishon LeZion",yes
4225,טאבון המזרח,"קלויזנר 4, רמלה, Israel",טאבון המזרח,"Klausner Yosef St 4, Ramla, Israel",ChIJBTAm0x3KAhUR2fmISZbqgCU,טאבון המזרח,iw,"יוסף קלוזנר 4, רמלה","יוסף קלוזנר 4, רמלה",yes,טאבון המזרח,en,"Klausner Yosef St 4, Ramla","Yosef Klausner 4, Ramla",no
4227,בישולים,"קרליבך 15, תל אביב, Israel",בישולים,"Carlebach St, Tel Aviv-Yafo, Israel",ChIJnxyjUnhLHRURNuQ2Ya_s-Io,בישולים,iw,"קרליבך, תל אביב-יפו","קרליבך, תל אביב-יפו",yes,בישולים,iw,"Carlebach St, Tel Aviv-Yafo","Carlebach, Tel Aviv-Jaffa",no
4238,מסעדת יוסי,"משה שרת 14, ראשון לציון, Israel",יוסי בפינה,"Moshe Sharett St 14, Rishon LeZion, Israel",ChIJDQL_pJizAhURCLCVwnc9EUU,יוסי בפינה,iw,"משה שרת 14, ראשון לציון","משה שרת 14, ראשון לציון",yes,יוסי בפינה,iw,"Moshe Sharett St 14, Rishon LeZion","Moshe Sharett 14, Rishon LeZion",no
4240,לה-קוקט,"נחלת בנימין 13, תל אביב, Israel",Le Coquette - Restaurant,"Nahalat Binyamin St 13, Tel Aviv-Yafo, Israel",ChIJxyJdvoNMHRURLk8Qu0wBzRA,לה קוקט - בית קפה קונדיטוריה,iw,"נחלת בנימין 13, תל אביב-יפו","נחלת בנימין 13, תל אביב-יפו",yes,Le Coquette - Restaurant,en,"Nahalat Binyamin St 13, Tel Aviv-Yafo","Nahalat Binyamin 13, Tel Aviv-Jaffa",no
4242,ג'ט לק,"העצמאות 21, ראשון לציון, Israel",Jet Lek,"HaAtsmaut St 21, Rishon LeZion, Israel",ChIJg7kO5ly0AhURq2UwePDkOLQ,גלידה בראשון לציון - ג'ט לק,iw,"העצמאות 21, ראשון לציון","העצמאות 21, ראשון לציון",yes,Jet Lek,en,"HaAtsmaut St 21, Rishon LeZion","HaAtsmaut 21, Rishon LeZion",no
4243,סביח פרישמן,"שלמה המלך 37, קניון קרית אונו, Israel",סביח פרישמן,"Shlomo ha-Melekh St 37, Kiryat Ono, Israel",ChIJD7YF4Yc1HRUR9d1dd48aHJE,סביח פרישמן,iw,"שלמה המלך 37, קרית אונו","שלמה המלך 37, קרית אונו",yes,סביח פרישמן,en,"Shlomo ha-Melekh St 37, Kiryat Ono","Shlomo HaMelech 37, Kiryat Ono",no
4245,המעורב שאין עליו,"הרב שלום שבזי 28, ראש העין, Israel",המעורב שאין עליו,"Ha-Rav Shalom Shabazi St 28, Rosh Haayin, Israel",ChIJy_f26tY2HRUR0gP3QxknII0,המעורב שאין עליו,iw,"הרב שלום שבזי 28, ראש העין","הרב שלום שבזי 28, ראש העין",yes,המעורב שאין עליו,iw,"Ha-Rav Shalom Shabazi St 28, Rosh Haayin","HaRav Shalom Shabazi 28, Rosh Haayin",no
4250,פיצה אנג'ל,"החלמונית 30, ראשון לציון, Israel",פיצה אנג'ל ראשון לציון,"Ha-Khelmonit St 30, Rishon LeZion, Israel",ChIJWWKw0XK0AhURaYRlkhOpSZg,פיצה אנג'ל ראשון לציון,iw,"החלמונית 30, ראשון לציון","החלמונית 30, ראשון לציון",yes,פיצה אנג'ל ראשון לציון,iw,"Ha-Khelmonit St 30, Rishon LeZion","Hahelmonit 30, Rishon LeZion",no
4253,משתה,"לשם 7, פתח תקווה, Israel",המשתה,"Leshem St 7, Petah Tikva, Israel",ChIJXfQ-I_9JHRURrqMac3CgIEY,המשתה,iw,"לשם 7, פתח תקווה","לשם 7, פתח תקווה",yes,המשתה,iw,"Leshem St 7, Petah Tikva","Leshem 7, Petah Tikva",no
4254,פיצה קשת,"הרב בר שאול 3, בת ים, Israel",פיצה קשת בת ים,"Sha'ul Bar St 3, Bat Yam, Israel",ChIJlwIkQq-zAhURavCeJYsjowM,פיצה קשת בת ים,iw,"שאול בר 3, בת ים","שאול בר 3, בת ים",yes,פיצה קשת בת ים,iw,"Sha'ul Bar St 3, Bat Yam","Sha'ul Bar 3, Bat Yam",no
4258,ריבר נודלס בר,"אריאל שרון 3, אור יהודה, Israel",River,"Ariel Sharon Blvd 3, Or Yehuda, Israel",ChIJj39UIKdKHRURm6NVS8fJsxk,ריבר סושי בר אור יהודה River,iw,"שדרות אריאל שרון 3, אור יהודה","שדרות אריאל שרון 3, אור יהודה",yes,River,en,"Ariel Sharon Blvd 3, Or Yehuda","Sderot Ariel Sharon 3, Or Yehuda",no
4260,פלאפל אריה,"רוטשילד 29, בת ים, Israel",פלאפל שרעבי,"Rothschild St 42, Bat Yam, Israel",ChIJwbUgYJCzAhURR87E749bsac,פלאפל שרעבי,iw,"רוטשילד 42, בת ים","רוטשילד 42, בת ים",yes,פלאפל שרעבי,iw,"Rothschild St 42, Bat Yam","Rothschild 42, Bat Yam",no
4263,הטאבון,"גיסין אבשלום 64, פתח תקווה, Israel",HaTabun Petah Tikva,"Avshalom Gissin St 64, Petah Tikva, Israel",ChIJ5dx4Ehk2HRURlNOQkLrezyg,הטאבון פתח תקווה,iw,"אבשלום גיסין 64, פתח תקווה","אבשלום גיסין 64, פתח תקווה",yes,HaTabun Petah Tikva,en,"Avshalom Gissin St 64, Petah Tikva","Avshalom Gissin 64, Petah Tikva",no
4266,סושי בכפר,"כפר חב""ד, Israel","סושי בכפר, כפר חב""ד","HaShlichut Rd 1, Kfar Habad, Israel",ChIJdf0HA0O1AhURbj3RLiQYPw4,"סושי בכפר, כפר חב""ד",iw,"השליחות 1, כפר חב""ד","השליחות 1, כפר חב""ד",yes,"סושי בכפר, כפר חב""ד",iw,"HaShlichut Rd 1, Kfar Habad","HaShlichut 1, Kfar Habad",no
4268,פיצה קראסט,"קריניצי 12, רמת גן, Israel",פיצה קראסט - Pizza crust,"Krinitsi St 12, Ramat Gan, 5245324, Israel",ChIJ_yOLvCZLHRURCnwxt8KnVnw,פיצה קראסט - Pizza crust,iw,"קריניצי 12, רמת גן, 5245324","קריניצי 12, רמת גן",yes,פיצה קראסט - Pizza crust,iw,"Krinitsi St 12, Ramat Gan, 5245324","Krinitsi 12, Ramat Gan",no
4269,לחם בשר,"תוצרת הארץ 3, פתח תקווה, Israel",לחם בשר פתח תקווה,"Totseret ha-Arets St 3, Petah Tikva, Israel",ChIJ1eqPV91JHRURL61o5s0EAFQ,לחם בשר פתח תקווה,iw,"תוצרת הארץ 3, פתח תקווה","תוצרת הארץ 3, פתח תקווה",yes,לחם בשר פתח תקווה,iw,"Totseret ha-Arets St 3, Petah Tikva","Totseret HaArets 3, Petah Tikva",no
4270,חומוס אליהו,"רבי אליעזר בן הורקנוס 3, אזור תעשייה צפוני, לוד, Israel",חומוס אליהו,"Rabi Eli'ezer Ben Horkanos St 3, Lod, Israel",ChIJlTwec-_KAhURAAHCRihaqMs,חומוס אליהו לוד,iw,"רבי אליעזר בן הורקנוס 3, לוד","רבי אליעזר בן הורקנוס 3, לוד",yes,חומוס אליהו,en,"Rabi Eli'ezer Ben Horkanos St 3, Lod","Rabbi Eliezer ben Hurcanus 3, Lod",no
4271,סודוך,"קרליבך 20, תל אביב, Israel",Suduch,"Carlebach St 20, Tel Aviv-Yafo, 64730, Israel",ChIJPTmef4JLHRURT95iJgBzbSY,סודוך,iw,"קרליבך 20, תל אביב-יפו, 64730","קרליבך 20, תל אביב-יפו",yes,Suduch,en,"Carlebach St 20, Tel Aviv-Yafo, 64730","Carlebach 20, Tel Aviv-Jaffa",no
4274,מקדונלד'ס,"היצירה 3, מתחם הבורסה, רמת גן, Israel",McDonald's,"Ha-Yetsira St 3, Ramat Gan, 5252141, Israel",ChIJ02EDaMdLHRURwEM3Bq6BIe8,"מקדונלד'ס - מתחם הבורסה, רמת-גן (כשר)",iw,"היצירה 3, רמת גן, 5252141","היצירה 3, רמת גן",yes,McDonald's,en,"Ha-Yetsira St 3, Ramat Gan, 5252141","HaYetsira 3, Ramat Gan",no
4276,פצץ פצץ כשר בד״ץ,"שד' עמק איילון 161, מרכז מסחרי שהם, שוהם, Israel",Pizza Pazzaz,"Sderot Emek Ayalon 161, Shoham, Israel",ChIJ-Y5POZw0HRURKncOMyN9Vi4,פיצה פצץ שוהם,iw,"שדרות עמק איילון 161, שוהם","שדרות עמק איילון 161, שוהם",yes,Pizza Pazzaz,en,"Sderot Emek Ayalon 161, Shoham","Sderot Emek Ayalon 161, Shoham",no
4277,ספייסי גריל בר,"הרא""ה 133, רמת גן, Israel",Spicy Grill Bar,"Haroe St 133, Ramat Gan, Israel",ChIJgaoePDZKHRURTSuxmhFbG6M,ספייסי גריל בר,iw,"הרא""ה 133, רמת גן","הרא""ה 133, רמת גן",yes,Spicy Grill Bar,en,"Haroe St 133, Ramat Gan","Haroe 133, Ramat Gan",no
4282,רוסטיק לחמים וקפה,"יגאל אלון 65, תל אביב, Israel",Rustic Cafe,"Yigal Alon St 65, Tel Aviv-Yafo, Israel",ChIJK74vunVLHRURxKhp4xsbYi0,Rustic Cafe,en,"יגאל אלון 65, תל אביב-יפו","יגאל אלון 65, תל אביב-יפו",yes,Rustic Cafe,en,"Yigal Alon St 65, Tel Aviv-Yafo","Yigal Alon 65, Tel Aviv-Jaffa",no
4283,קיסר,"אצ""ל 43, תל אביב, Israel",מסעדת קיסר,"Etsel St 43, Tel Aviv-Yafo, Israel",ChIJmXdIwmtLHRUR9tlNi90ViwY,מסעדת קיסר,iw,"אצ""ל 43, תל אביב-יפו","אצ""ל 43, תל אביב-יפו",yes,מסעדת קיסר,iw,"Etsel St 43, Tel Aviv-Yafo","Etsel 43, Tel Aviv-Jaffa",no
4285,favela,"ויצמן 39, גבעתיים, Israel",Favela,"Weizman St 39, Giv'atayim, Israel",ChIJO6YG3q9LHRUR91BpVwqYcTI,פאבלה,iw,"וייצמן 39, גבעתיים","וייצמן 39, גבעתיים",yes,Favela,en,"Weizman St 39, Giv'atayim","Weizman 39, Giv'atayim",no
4287,ביס קפה,"הצפירה 10, תל אביב, Israel",ביס קפה,"HaTsfira St 10, Tel Aviv-Yafo, Israel",ChIJT6xfK2VLHRURwnke-k6OK9c,ביס קפה,iw,"הצפירה 10, תל אביב-יפו","הצפירה 10, תל אביב-יפו",yes,ביס קפה,iw,"HaTsfira St 10, Tel Aviv-Yafo","HaTsfira 10, Tel Aviv-Jaffa",no
4290,הברברי,"יוסף לישנסקי 6, ראשון לציון, Israel",HaBarbari,"Yosef Lishanski Blvd 6, Rishon LeZion, Israel",ChIJgQx_pHuzAhUR1UFa-b8t-v8,HaBarbari,en,"שדרות יוסף לישנסקי 6, ראשון לציון","שדרות יוסף לישנסקי 6, ראשון לציון",yes,HaBarbari,en,"Yosef Lishanski Blvd 6, Rishon LeZion","Sderot Yosef Lishanski 6, Rishon LeZion",no
4292,קדירה חמה,"שוהם 7, פתח תקווה, Israel",קדירה חמה,"Shoham St 7, Petah Tikva, Israel",ChIJFbG86v5JHRURh-4oGuyJAKk,קדירה חמה,iw,"שוהם 7, פתח תקווה","שוהם 7, פתח תקווה",yes,קדירה חמה,en,"Shoham St 7, Petah Tikva","Shoham 7, Petah Tikva",no
4293,בריא-בא,"יד חרוצים 1, תל אביב, Israel",בריא בר,"Yad Harutsim St 13, Tel Aviv-Yafo, Israel",ChIJP8mIFXtLHRURQcDGLnHMNJE,בריא בר,iw,"יד חרוצים 13, תל אביב-יפו","יד חרוצים 13, תל אביב-יפו",yes,בריא בר,iw,"Yad Harutsim St 13, Tel Aviv-Yafo","Yad Harutsim 13, Tel Aviv-Jaffa",no
4294,הסביח של עובדיה,"בר כוכבא 17, פרדס כץ, בני ברק, Israel",הסביח של עובדיה,"Bar Kochva St 17, Bnei Brak, Israel",ChIJUy6pASxKHRURxW6DfsI_llA,הסביח של עובדיה,iw,"בר כוכבא 17, בני ברק","בר כוכבא 17, בני ברק",yes,הסביח של עובדיה,iw,"Bar Kochva St 17, Bnei Brak","Bar Kochva 17, Bnei Brak",no
4297,מאדי'ס,"מנורת המאור 4, תל אביב, Israel",Madi's,"Menorat HaMa'or St 4, Tel Aviv-Yafo, Israel",ChIJSdvZnKJLHRUR82WVaaZKucM,מאדי'ס בר מסעדה | Madi's,iw,"מנורת המאור 4, תל אביב-יפו","מנורת המאור 4, תל אביב-יפו",yes,Madi's,en,"Menorat HaMa'or St 4, Tel Aviv-Yafo","Menorat HaMa'or 4, Tel Aviv-Jaffa",no
4298,הסולטן,"הירדן 94, רמת גן, Israel",שווארמה הסולטן רמת גן,"Ha-Yarden St 94, Ramat Gan, Israel",ChIJi7WIQVdKHRURSdsl9ZjeIl0,שווארמה הסולטן רמת גן,iw,"הירדן 94, רמת גן","הירדן 94, רמת גן",yes,שווארמה הסולטן רמת גן,iw,"Ha-Yarden St 94, Ramat Gan","HaYarden 94, Ramat Gan",no
4299,מכביס,"נוף קדומים 99, מודיעין והסביבה, Israel",מכביס Maccabis,"99 Nof Kdumim St, Modi'in-Maccabim-Re'ut",ChIJkwZC0PTNAhURQvLNOtdyQgc,מכביס Maccabis,en,"99 נוף קדומים, מודיעין מכבים רעות","נוף קדומים 99, מודיעין מכבים רעות",yes,מכביס Maccabis,en,"99 Nof Kdumim St, Modi'in-Maccabim-Re'ut","Nof Kdumim 99, Modi'in Makabim-Re'ut",no
4302,פלאפל בטעם של עוד,"שד' ירושלים 170, חולון, Israel",פלאפל בטעם של עוד,"Sderot Yerushalayim 170, Holon, Israel",ChIJQ4pU0b60AhURxAodftX2Leg,פלאפל בטעם של עוד,iw,"שדרות ירושלים 170, חולון","שדרות ירושלים 170, חולון",yes,פלאפל בטעם של עוד,iw,"Sderot Yerushalayim 170, Holon","Sderot Yerushalayim 170, Holon",no
4303,פיצה רומא,"דרך בן גוריון 112, רמת גן, Israel",Pizza Roma,"David Ben Gurion Rd 112, Ramat Gan, Israel",ChIJu2b9fjRKHRURMa1Lp3Ib3Qo,פיצה רומא רמת גן,iw,"דוד בן גוריון 112, רמת גן","דוד בן גוריון 112, רמת גן",yes,Pizza Roma,en,"David Ben Gurion Rd 112, Ramat Gan","David Ben-Gurion 112, Ramat Gan",no
4304,עוגות דה לה פה,"תובל 26, מתחם הבורסה, רמת גן, Israel",Cakes de la Paix,"Tuval St 26, Ramat Gan, Israel",ChIJZy2l4cZLHRUR9cSKQRwL44Q,עוגות דה לה פה,iw,"תובל 26, רמת גן","תובל 26, רמת גן",yes,Cakes de la Paix,en,"Tuval St 26, Ramat Gan","Tuval 26, Ramat Gan",no
4306,דהן בשרים,"אסתר המלכה 19, רמלה, Israel",Dahan Butcher,"Ester ha-Malka St 19, Ramla, Israel",ChIJC5P06hzKAhURpk_BZzk2RE8,אטליז דהן,iw,"אסתר המלכה 19, רמלה","אסתר המלכה 19, רמלה",yes,Dahan Butcher,en,"Ester ha-Malka St 19, Ramla","Ester HaMalka 19, Ramla",no
4311,השמן,"רוטשילד 61, ראשון לציון, Israel",Hashamen,"Rothschild St 61, Rishon LeZion, 7520141, Israel",ChIJ77TjBz-0AhURmwt0DgrUh_k,השמן ראשון,iw,"רוטשילד 61, ראשון לציון, 7520141","רוטשילד 61, ראשון לציון",yes,Hashamen,en,"Rothschild St 61, Rishon LeZion, 7520141","Rothschild 61, Rishon LeZion",no
4313,פיצה רומא חולון,"שאלתיאל 16, חולון, Israel",Pizza Roma פיצה רומא חולון,"David She'alti'el St 16, Holon, Israel",ChIJb0Km5ae0AhUR7aJTJEZ81tU,פיצה רומא חולון,iw,"שאלתיאל דוד 16, חולון","שאלתיאל דוד 16, חולון",yes,Pizza Roma פיצה רומא חולון,en,"David She'alti'el St 16, Holon","Shaltiel David 16, Holon",no
4316,מאפיה מזרחית,"מורדי הגטאות 59, שיכון המזרח, ראשון לציון, Israel",מאפיה מזרחית,"Mordei ha-Geta'ot St 59, Rishon LeZion, Israel",ChIJYUot5su1AhURX-XXXbLJ0ks,מאפיה מזרחית,iw,"מורדי הגטאות 59, ראשון לציון","מורדי הגטאות 59, ראשון לציון",yes,מאפיה מזרחית,iw,"Mordei ha-Geta'ot St 59, Rishon LeZion","Mordei HaGetaot 59, Rishon LeZion",no
4317,סמרקנד,"דרך בן צבי 34, תל אביב, Israel",Samarkand,"Derekh Ben-Zvi 34, Tel Aviv-Jaffa, Israel",ChIJNxozI6VMHRURH6HqWaJd5uU,סמרקנד,iw,"דרך בן צבי 34, תל אביב-יפו","דרך בן צבי 34, תל אביב-יפו",yes,Samarkand,en,"Derekh Ben-Zvi 34, Tel Aviv-Jaffa","Derekh Ben-Zvi 34, Tel Aviv-Jaffa",no
4318,הדרים,"דרך יעקב דורי 7, קריית אונו, Israel",Hadarim Kiryat-Ono,"Derech Rav Aluf Ya'akov Dori 7, Kiryat Ono, Israel",ChIJ5T6pK3xKHRUROAAZbXIAtes,הדרים קריית אונו,iw,"דרך רב אלוף יעקב דורי 7, קרית אונו","דרך רב אלוף יעקב דורי 7, קרית אונו",yes,Hadarim Kiryat-Ono,en,"Derech Rav Aluf Ya'akov Dori 7, Kiryat Ono","Derech Rav Aluf Ya'akov Dori 7, Kiryat Ono",no
4319,טורטינו בונז'ור,"יוספטל גיורא 31, רמלה, Israel",טורטינו בונז׳ור - קונדיטוריה ברמלה,"Yoseftal St 31, Ramla, 7224531, Israel",ChIJ28WtY_i1AhURJhh-lo562G4,טורטינו בונז׳ור - קונדיטוריה ברמלה,iw,"יוספטל 31, רמלה, 7224531","יוספטל 31, רמלה",yes,טורטינו בונז׳ור - קונדיטוריה ברמלה,iw,"Yoseftal St 31, Ramla, 7224531","Yoseftal 31, Ramla",no
4327,בטר בורגר,"רוטשילד 83, פתח תקווה, Israel",Better Burger,"Rothschild St 83, Petah Tikva, Israel",ChIJcVu2jAw2HRURg_bmavTVDhQ,בטר בורגר,iw,"רוטשילד 83, פתח תקווה","רוטשילד 83, פתח תקווה",yes,Better Burger,en,"Rothschild St 83, Petah Tikva","Rothschild 83, Petah Tikva",no
4330,מרלין,"לשם 7, פתח תקווה, Israel",מרלין | MERLIN,"Leshem St 7, Petah Tikva, 4951768, Israel",ChIJcxhSNJlJHRURXoRL09DLNfA,מרלין | MERLIN,iw,"לשם 7, פתח תקווה, 4951768","לשם 7, פתח תקווה",yes,מרלין | MERLIN,iw,"Leshem St 7, Petah Tikva, 4951768","Leshem 7, Petah Tikva",no
4331,שניצליין,"אורנים 1, רמת אילן, גבעת שמואל, Israel",שניצלאנו,"Oranim St 1, Giv'at Shmuel, Israel",ChIJHxo4gWtKHRURqmvJc1qzKFA,שניצלאנו,iw,"אורנים 1, גבעת שמואל","אורנים 1, גבעת שמואל",yes,שניצלאנו,iw,"Oranim St 1, Giv'at Shmuel","Oranim 1, Giv'at Shmu'el",no
4332,קפה פנקס,"פנקס 24, קריית אונו, Israel",Coffee Pinkas,"Pinkas St 24, Kiryat Ono, Israel",ChIJTUDOOnJKHRURjCLp-GQS7S4,קפה פינקס,iw,"פנקס 24, קרית אונו","פנקס 24, קרית אונו",yes,Coffee Pinkas,en,"Pinkas St 24, Kiryat Ono","Pinkas 24, Kiryat Ono",no
4338,החומוסיה,"אסתר המלכה 19, רמלה, Israel",החומוסיה,"ester hamalca 19 אסתר המלכה, Ramla, Israel",ChIJic6BkhzKAhUR-SZSzwp39Y8,החומוסיה,iw,"ester hamalca 19 אסתר המלכה, Ramla","ester hamalca 19 אסתר המלכה, רמלה",yes,החומוסיה,iw,"ester hamalca 19 אסתר המלכה, Ramla","ester hamalca 19 אסתר המלכה, Ramla",yes
4339,שף סלט,"יהודה הלוי 47, תל אביב, Israel",Chef Salad,"Yehuda ha-Levi St 47, Tel Aviv-Yafo, Israel",ChIJZUmOZp1MHRURDxdcS0sbBk0,"שף סלט ת""א",iw,"יהודה הלוי 47, תל אביב-יפו","יהודה הלוי 47, תל אביב-יפו",yes,Chef Salad,en,"Yehuda ha-Levi St 47, Tel Aviv-Yafo","Yehuda Halevi 47, Tel Aviv-Jaffa",no
4340,סחבק,"דרך בן גוריון 73, טיילת בת ים, Israel",סחבק,"Derech Ben Gurion 73, Bat Yam, Israel",ChIJhe2EvxmzAhUR3-MF49G_nk0,סחבק,iw,"דרך בן גוריון 73, בת ים","דרך בן גוריון 73, בת ים",yes,סחבק,iw,"Derech Ben Gurion 73, Bat Yam","Derech Ben Gurion 73, Bat Yam",no
4341,רנסאנס,"שוהם 4, מתחם הבורסה, רמת גן, Israel",מסעדת רנסאנס,"Shoham St 4, Ramat Gan, Israel",ChIJ_y1lZ79LHRURhkqkHQCk-P4,מסעדת רנסאנס,iw,"שוהם 4, רמת גן","שוהם 4, רמת גן",yes,מסעדת רנסאנס,iw,"Shoham St 4, Ramat Gan","Shoham 4, Ramat Gan",no
4350,חומוס פול יהלום,"שמאי 1, אלעד, Israel",חומוס פול יהלום,"Shamai St 1, El'ad, Israel",ChIJDxH_fgc0HRURSx-c_Qwtyn8,חומוס פול יהלום,iw,"שמאי 1, אלעד","שמאי 1, אלעד",yes,חומוס פול יהלום,iw,"Shamai St 1, El'ad","Shamai 1, El'ad",no
4351,פיצה DIVINO,"הרב שלום שבזי 180, ראש העין, Israel",פיצה דיווינו Pizza Divino ראש העין,"Ha-Rav Shalom Shabazi St 180, Rosh Haayin, Israel",ChIJ_49kkSQxHRURjCGQUOILezw,פיצה דיווינו Pizza Divino,iw,"הרב שלום שבזי 180, ראש העין","הרב שלום שבזי 180, ראש העין",yes,פיצה דיווינו Pizza Divino ראש העין,en,"Ha-Rav Shalom Shabazi St 180, Rosh Haayin","HaRav Shalom Shabazi 180, Rosh Haayin",no
4353,ניו דלי,"לב העיר 2, קניון מודיעין, Israel",ניודלי Newdeli,"קניון מודיעין, לב העיר 2 מודיעין, ירושלים, 7177806, Israel",ChIJ6-q-gM3NAhURl_YKMGphQHw,ניודלי Newdeli,en,"קניון מודיעין, לב העיר 2 מודיעין, ירושלים, 7177806","קניון מודיעין, לב העיר 2 מודיעין, ירושלים",yes,ניודלי Newdeli,en,"קניון מודיעין, לב העיר 2 מודיעין, ירושלים, 7177806","קניון מודיעין, לב העיר 2 מודיעין, ירושלים",yes
4355,לחם ארטיזן,"הנחושת 3, רמת החייל, תל אביב, Israel",לחם ארטיזן,"HaNechoshet St 3, Tel Aviv-Yafo, Israel",ChIJJ86j5ZRJHRURXc7-Kzf_mxw,לחם ארטיזן,iw,"הנחושת 3, תל אביב-יפו","הנחושת 3, תל אביב-יפו",yes,לחם ארטיזן,iw,"HaNechoshet St 3, Tel Aviv-Yafo","HaNechoshet 3, Tel Aviv-Jaffa",no
4359,ברנצ'יס,"יגאל אלון 96, תל אביב, Israel",Boulangerie 96,"Yigal Alon St 96, Tel Aviv-Yafo, Israel",ChIJ5RIEp59LHRURM1zZZBAFxfs,בולנז'רי 96,iw,"יגאל אלון 96, תל אביב-יפו","יגאל אלון 96, תל אביב-יפו",yes,Boulangerie 96,en,"Yigal Alon St 96, Tel Aviv-Yafo","Yigal Alon 96, Tel Aviv-Jaffa",no
4363,קפה לנדוור,"ז'בוטינסקי 72, הקניון הגדול, פתח תקווה, Israel",לנדוור הקניון הגדול פתח תקווה,"Jabotinsky St 72, Petah Tikva, Israel",ChIJ65dQBAM2HRURDhxJ2iGoNas,לנדוור,iw,"רחוב זאב ז'בוטינסקי 72, פתח תקווה","רחוב זאב ז'בוטינסקי 72, פתח תקווה",yes,לנדוור הקניון הגדול פתח תקווה,en,"Jabotinsky St 72, Petah Tikva","Derech Zeev Jabutinsky 72, Petah Tikva",no
4365,רדמיט,"נחלת בנימין 75, תל אביב, Israel",רד מיט תל אביב,"Nahalat Binyamin St 75, Tel Aviv-Yafo, Israel",ChIJF-z_DZ1MHRURd4QaSpnwDI4,רד מיט תל אביב,iw,"נחלת בנימין 75, תל אביב-יפו","נחלת בנימין 75, תל אביב-יפו",yes,רד מיט תל אביב,iw,"Nahalat Binyamin St 75, Tel Aviv-Yafo","Nahalat Binyamin 75, Tel Aviv-Jaffa",no
4367,בורגרים,"שד' עמק איילון 161, מרכז מסחרי שהם, שוהם, Israel",Burgerim,"Mall, שדרות עמק איילון 161, שוהם, Israel",ChIJh1EMPZw0HRUR2Pn_VRdCqew,"בורגרים שוהם, כשר למהדרין בד""צ בית יוסף",iw,"Mall, שדרות עמק איילון 161, שוהם","Mall, שדרות עמק איילון 161, שוהם",yes,Burgerim,en,"Mall, שדרות עמק איילון 161, שוהם","Mall, Sderot Emek Ayalon 161, Shoham",yes
4368,RAMA רמה,"המלך ג'ורג' 38, תל אביב, Israel",Rama - ראמה,"King George St 38, Tel Aviv-Yafo, 6329802, Israel",ChIJdQJ2939LHRURZmSMcBu4tfo,Rama - ראמה,en,"המלך ג'ורג' 38, תל אביב-יפו, 6329802","המלך ג'ורג' 38, תל אביב-יפו",yes,Rama - ראמה,en,"King George St 38, Tel Aviv-Yafo, 6329802","King George 38, Tel Aviv-Jaffa",no
4369,הטאבון והמנגל,"יוני נתניהו 29, קניון עופר הגבעה, גבעת שמואל, Israel",HaTabun vehaMangal,"Yoni Netanyahu St 31, Giv'at Shmuel, Israel",ChIJrefIUhBKHRURVPi38JLVoTY,הטאבון והמנגל,iw,"יוני נתניהו 31, גבעת שמואל","יוני נתניהו 31, גבעת שמואל",yes,HaTabun vehaMangal,en,"Yoni Netanyahu St 31, Giv'at Shmuel","Yoni Netanyahu 31, Giv'at Shmu'el",no
4372,פיצה האט,"דרך החורש 4, יהוד, Israel",Pizza Hut,"Derech Hahoresh 4, Yahud Monoson, Israel",ChIJZYNHOHE1HRURLKxMjnfirgA,פיצה האט - יהוד,iw,"דרך החורש 4, יהוד מונוסון","דרך החורש 4, יהוד מונוסון",yes,Pizza Hut,en,"Derech Hahoresh 4, Yahud Monoson","Derech Hahoresh 4, Yahud Monoson",no
4373,טורו גריל,"סחרוב דוד 20, ראשון לציון, Israel",Toro Grill,"David Saharov St 20, Rishon LeZion, Israel",ChIJZynzwoCzAhUR8Mb-T6R5pi8,טורו גריל,iw,"דוד סחרוב 20, ראשון לציון","דוד סחרוב 20, ראשון לציון",yes,Toro Grill,en,"David Saharov St 20, Rishon LeZion","David Saharov 20, Rishon LeZion",no
4374,אמריקן פיצה,"שטמפפר 24, פתח תקווה, Israel",American Pizza אמריקן פיצה פתח תקווה,"Yehoshua Shtampfer St 22, Petah Tikva, Israel",ChIJUVcK-Gw2HRURcHdGiuLeQwY,אמריקן פיצה,iw,"יהושע שטמפפר 22, פתח תקווה","יהושע שטמפפר 22, פתח תקווה",yes,American Pizza אמריקן פיצה פתח תקווה,en,"Yehoshua Shtampfer St 22, Petah Tikva","Yehoshua Shtampfer 22, Petah Tikva",no
4375,שווארמה רוטשילד,"רוטשילד 39, ראשון לציון, Israel",שווארמה רוטשילד שווארמה ובשרים על האש,"Rothschild St 39, Rishon LeZion, Israel",ChIJ_3a5ci-1AhUR020vNlUgZgY,שווארמה רוטשילד שווארמה ובשרים על האש,iw,"רוטשילד 39, ראשון לציון","רוטשילד 39, ראשון לציון",yes,שווארמה רוטשילד שווארמה ובשרים על האש,iw,"Rothschild St 39, Rishon LeZion","Rothschild 39, Rishon LeZion",no
4382,גרין רול,"מונטיפיורי 30, תל אביב, Israel",The Green Roll,"Ahad Ha'Am St 15, Tel Aviv-Yafo, 6514101, Israel",ChIJI05k64JMHRURZyM5KsdQ_1U,GREEN ROLL סושי טבעוני - סושי לנשים הריוניות -סושי צמחוני,iw,"אחד העם 15, תל אביב-יפו, 6514101","אחד העם 15, תל אביב-יפו",yes,The Green Roll,en,"Ahad Ha'Am St 15, Tel Aviv-Yafo, 6514101","Ahad Ha'Am 15, Tel Aviv-Jaffa",no
4383,סושי בזל,"בוגרשוב 33, תל אביב, Israel",Sushi Bar Bazel,"Bograshov St 33, Tel Aviv-Yafo, 6334224, Israel",ChIJd47NuoxLHRUR7w4dz4t6GfA,סושי בר בזל,iw,"בוגרשוב 33, תל אביב-יפו, 6334224","בוגרשוב 33, תל אביב-יפו",yes,Sushi Bar Bazel,en,"Bograshov St 33, Tel Aviv-Yafo, 6334224","Bograshov 33, Tel Aviv-Jaffa",no
4384,קפאו,"פתח תקווה, Israel",קפאו פתח תקווה KAPAO THAI FOOD,"מתחם ב.ס.ר סיטי, תוצרת הארץ 3, פתח תקווה, Israel",ChIJDWPusA1JHRURDyxXJ5zeVB0,קפאו פתח תקווה KAPAO THAI FOOD,iw,"מתחם ב.ס.ר סיטי, תוצרת הארץ 3, פתח תקווה","מתחם ב.ס.ר סיטי, תוצרת הארץ 3, פתח תקווה",yes,קפאו פתח תקווה KAPAO THAI FOOD,iw,"מתחם ב.ס.ר סיטי, תוצרת הארץ 3, פתח תקווה","מתחם ב.ס.ר סיטי, Totseret HaArets 3, Petah Tikva",yes
4385,מרקי תימן,"קלוזנר יוסף 6, ראשון לציון, Israel",מרקי תימן,"Yosef Klausner St 6, Rishon LeZion, Israel",ChIJBZeGvma1AhURCr81g9nrRFw,מרקי תימן,iw,"יוסף קלוזנר 6, ראשון לציון","יוסף קלוזנר 6, ראשון לציון",yes,מרקי תימן,en,"Yosef Klausner St 6, Rishon LeZion","Yosef Klausner 6, Rishon LeZion",no
4389,פלאנצ'ו וילה,"דרך קיבוץ גלויות 45, תל אביב, Israel",Plancho Villa,"Kibbutz Galuyot Rd 45, Tel Aviv-Yafo, Israel",ChIJ5T00xaNMHRURN-W_TCpv2YE,Plancho Villa,en,"דרך קיבוץ גלויות 45, תל אביב-יפו","דרך קיבוץ גלויות 45, תל אביב-יפו",yes,Plancho Villa,en,"Kibbutz Galuyot Rd 45, Tel Aviv-Yafo","Derech Qibbutz 45, Tel Aviv-Jaffa",no
4392,פלאפל גבאי,"בוגרשוב 25, תל אביב, Israel",Falafel Gabay,"Bograshov St 25, Tel Aviv-Yafo, Israel",ChIJE89csn9MHRURzRj6q_ODBHI,פלאפל גבאי,iw,"בוגרשוב 25, תל אביב-יפו","בוגרשוב 25, תל אביב-יפו",yes,Falafel Gabay,en,"Bograshov St 25, Tel Aviv-Yafo","Bograshov 25, Tel Aviv-Jaffa",no
4398,הו מאמא,"בן יהודה 69, תל אביב, Israel",Oh Mama! Ben Yehuda St,"Ben Yehuda St 69, Tel Aviv-Yafo, Israel",ChIJbV9aOHlMHRURb97MrAXzT8c,Oh Mama! Ben Yehuda St,en,"בן יהודה 69, תל אביב-יפו","בן יהודה 69, תל אביב-יפו",yes,Oh Mama! Ben Yehuda St,en,"Ben Yehuda St 69, Tel Aviv-Yafo","Ben Yehuda 69, Tel Aviv-Jaffa",no
4401,שניצליין,"החילזון 2, מתחם הבורסה, רמת גן, Israel",Shnitzel Company,"Abba Hillel Silver Rd 7, Ramat Gan, Israel",ChIJWYn7E05KHRURGt7gaC3QEqk,שניצל קומפני,iw,"דרך אבא הלל 7, רמת גן","דרך אבא הלל 7, רמת גן",yes,Shnitzel Company,en,"Abba Hillel Silver Rd 7, Ramat Gan","Derech Aba Hillel 7, Ramat Gan",no
4404,ביסקוטי,"העצמאות 104, פתח תקווה, Israel",Biscotti,"HaAtsmaut St 104, Petah Tikva, Israel",ChIJiYNSo_c1HRURC2mEx4BPc9k,ביסקוטי,iw,"העצמאות 104, פתח תקווה","העצמאות 104, פתח תקווה",yes,Biscotti,en,"HaAtsmaut St 104, Petah Tikva","HaAtsmaut 104, Petah Tikva",no
4409,פיצה מוצרלה,"שד' יצחק רבין 5, אור יהודה, Israel",פיצה מוצרלה,"Itzhak Rabin St 5, Or Yehuda, Israel",ChIJMX4yvmM1HRURVqY964wcagA,פיצה מוצרלה,iw,"יצחק רבין 5, אור יהודה","יצחק רבין 5, אור יהודה",yes,פיצה מוצרלה,iw,"Itzhak Rabin St 5, Or Yehuda","Itzhak rabin 5, Or Yehuda",no
4412,פיצה התחנה,"דרך מנחם בגין 116, תל אביב, Israel",פיצה התחנה הישראלית,"Menakhem Begin Rd 116, Tel Aviv-Yafo, Israel",ChIJF8wpTvtLHRUR87wly-BV-Xw,פיצה התחנה הישראלית,iw,"דרך מנחם בגין 116, תל אביב-יפו","דרך מנחם בגין 116, תל אביב-יפו",yes,פיצה התחנה הישראלית,iw,"Menakhem Begin Rd 116, Tel Aviv-Yafo","Derech Menachem Begin 116, Tel Aviv-Jaffa",no
4413,מאמא פיצה,"דרך השלום 101, תל אביב, Israel",מאמא פיצה תל אביב,"HaShalom Rd 101, Tel Aviv-Yafo, Israel",ChIJi4ARQwhLHRURb4Kup7vWpew,מאמא פיצה תל אביב,iw,"דרך השלום 101, תל אביב-יפו","דרך השלום 101, תל אביב-יפו",yes,מאמא פיצה תל אביב,iw,"HaShalom Rd 101, Tel Aviv-Yafo","Derech HaShalom 101, Tel Aviv-Jaffa",no
4414,קומל טורטיה בר,"הרב שלום שבזי 30, ראש העין, Israel",קומל טורטיה,"Ha-Rav Shalom Shabazi St 30, Rosh Haayin, Israel",ChIJMzpLAy43HRURxxwsE71mKKE,קומל טורטיה,iw,"הרב שלום שבזי 30, ראש העין","הרב שלום שבזי 30, ראש העין",yes,קומל טורטיה,iw,"Ha-Rav Shalom Shabazi St 30, Rosh Haayin","HaRav Shalom Shabazi 30, Rosh Haayin",no
4417,פלאפל חתוכה,"ז'בוטינסקי 16, קניון לב ראשון, ראשון לציון, Israel",Hatuca Falafel,"Jabotinsky St 16, Rishon LeZion, Israel",ChIJ_WgWxD60AhURLswzSzHYTZk,פלאפל חתוכה,iw,"ז'בוטינסקי 16, ראשון לציון","ז'בוטינסקי 16, ראשון לציון",yes,Hatuca Falafel,en,"Jabotinsky St 16, Rishon LeZion","Jabotinsky 16, Rishon LeZion",no
4420,חומוס פרג'י חולון,"אילת 52, חולון, Israel",חומוס פרג'י,"Eilat St 52, Holon, Israel",ChIJzbqDcQazAhURX7xVSYEkqrs,חומוס פרג'י,iw,"אילת 52, חולון","אילת 52, חולון",yes,חומוס פרג'י,iw,"Eilat St 52, Holon","Eilat 52, Holon",no
4421,Dosh גריל בשרים ישראלי,"העמל 15, בת ים, Israel",Dosh meat grill,"Ha-Amal St 15, Bat Yam, Israel",ChIJlxpF4QuzAhURRpGUaGNcStw,דוש גריל בשרים ישראלי,iw,"העמל 15, בת ים","העמל 15, בת ים",yes,Dosh meat grill,en,"Ha-Amal St 15, Bat Yam","Ha'Amal 15, Bat Yam",no
4423,פיצה מרקט (חתוכה),"ההגנה 13, רמת גן, Israel",חתוכה מרקט,"Ha-Hagana St 13, Ramat Gan, Israel",ChIJWQ84qEZKHRURxlXg3h6bs6c,חתוכה מרקט,iw,"ההגנה 13, רמת גן","ההגנה 13, רמת גן",yes,חתוכה מרקט,iw,"Ha-Hagana St 13, Ramat Gan","HaHagana 13, Ramat Gan",no
4424,בלאק אאוט סעודה בחושך,"רציף העלייה השנייה 6, יפו, תל אביב, Israel",מסעדת בלקאאוט - Blackout restaurant,"רציף העלייה השנייה, נמל, חניה קרובה: חניון נמל יפו, Tel Aviv-Yafo, Israel",ChIJAXBgocdMHRURJd6Qr07F5_8,מסעדת בלקאאוט - Blackout restaurant,en,"רציף העלייה השנייה, נמל, חניה קרובה: חניון נמל יפו, Tel Aviv-Yafo","רציף העלייה השנייה, נמל, חניה קרובה: חניון נמל יפו, תל אביב-יפו",yes,מסעדת בלקאאוט - Blackout restaurant,en,"רציף העלייה השנייה, נמל, חניה קרובה: חניון נמל יפו, Tel Aviv-Yafo","רציף העלייה השנייה, נמל, חניה קרובה: חניון נמל יפו, Tel Aviv-Jaffa",yes
4426,סטייל ביס,"שד' הציונות 1, קניון לוד סנטר, Israel",סטייל ביס,"קניון לוד, שדרות הציונות 1, לוד, Israel",ChIJoQbRWlzKAhURaKpg4qH6PhY,סטייל ביס,iw,"קניון לוד, שדרות הציונות 1, לוד","קניון לוד, שדרות הציונות 1, לוד",yes,סטייל ביס,iw,"קניון לוד, שדרות הציונות 1, לוד","קניון לוד, Sderot Hatsiyonut 1, Lod",yes
4427,פיתה בסטה תל אביב,"אלוף קלמן מגן 3, מתחם שרונה, תל אביב, Israel",Pita Basta,"Aluf Kalman Magen St 3, Tel Aviv-Yafo, Israel",ChIJHd0W0bBLHRURETTgMZ0K5EU,פיתה בסטה - סניף שרונה מרקט,iw,"אלוף קלמן מגן 3, תל אביב-יפו","מתחם שרונה, אלוף קלמן מגן 3, תל אביב-יפו",yes,Pita Basta,en,"Aluf Kalman Magen St 3, Tel Aviv-Yafo","מתחם שרונה, Aluf Kalman Magen 3, Tel Aviv-Jaffa",no
4428,פיצה רוטשילד,"חזית חמש 11, חולון, Israel",פיצה רוטשילד חולון,"Khazit Khamesh St 11, Holon, Israel",ChIJDxnUL06zAhURFizO6gomUCA,פיצה רוטשילד חולון,iw,"חזית חמש 11, חולון","חזית חמש 11, חולון",yes,פיצה רוטשילד חולון,iw,"Khazit Khamesh St 11, Holon","Hazt Hamesh 11, Holon",no
4429,ביס בס,"המלאכה 6, פארק תעשיות אפק, ראש העין, Israel",ביסבס,"HaMelacha St 6, Rosh Haayin, Israel",ChIJTbFX6ioxHRURiR3dN3jk_eE,ביסבס,iw,"המלאכה 6, ראש העין","המלאכה 6, ראש העין",yes,ביסבס,iw,"HaMelacha St 6, Rosh Haayin","HaMelacha 6, Rosh Haayin",no
4430,שמשירי,"נחלת בנימין 99, פלורנטין, תל אביב, Israel",שמשירי מסעדה פרסית בתל אביב,"Nahalat Binyamin St 99, Tel Aviv-Yafo, Israel",ChIJD_dEwJ1MHRURj-DvLj2_jUw,שמשירי מסעדה פרסית בתל אביב,iw,"נחלת בנימין 99, תל אביב-יפו","נחלת בנימין 99, תל אביב-יפו",yes,שמשירי מסעדה פרסית בתל אביב,iw,"Nahalat Binyamin St 99, Tel Aviv-Yafo","Nahalat Binyamin 99, Tel Aviv-Jaffa",no
4431,סמי ואליס,"אהוד קנמון 37, בת ים, Israel",מסעדת סמי ואליס,"Ehud Kinnamon St 37, Bat Yam, Israel",ChIJIb9tCA2zAhURskLCy-PDoqM,מסעדת סמי ואליס,iw,"אהוד קינמון 37, בת ים","אהוד קינמון 37, בת ים",yes,מסעדת סמי ואליס,iw,"Ehud Kinnamon St 37, Bat Yam","Ehud Kinnamon 37, Bat Yam",no
4433,סביח זיסמן הבורסה,"זיסמן שלום 3, מתחם הבורסה, רמת גן, Israel",Sabih Frishman Branch Exchange,"Zisman Shalom St 3, Ramat Gan, Israel",ChIJERV4ar9LHRURDjxoKhetrsw,סביח זיסמן הבורסה,iw,"זיסמן שלום 3, רמת גן","זיסמן שלום 3, רמת גן",yes,Sabih Frishman Branch Exchange,en,"Zisman Shalom St 3, Ramat Gan","Zisman Shalom 3, Ramat Gan",no
4435,שווארמה פלאפל אלי,"לוינסקי 38, פלורנטין, תל אביב, Israel",Shawarma Falafel Eli,"Levinski St 38, Tel Aviv-Yafo, Israel",ChIJn0oTxZ1MHRURuiMkWSohh-8,שווארמה פלאפל אלי,iw,"לוינסקי 38, תל אביב-יפו","לוינסקי 38, תל אביב-יפו",yes,Shawarma Falafel Eli,en,"Levinski St 38, Tel Aviv-Yafo","Levinski 38, Tel Aviv-Jaffa",no
4436,באביה חומוס פול,"בן ציון גליס 6, פתח תקווה, Israel",Gayo Babiya Hummus,"Ben Tsiyon Galis St 6, Petah Tikva, Israel",ChIJwTWB51o2HRURqaiRQGM6S4I,גאיו - פשוט טעים (לשעבר באביה החומוס והפול),iw,"בן ציון גליס 6, פתח תקווה","בן ציון גליס 6, פתח תקווה",yes,Gayo Babiya Hummus,en,"Ben Tsiyon Galis St 6, Petah Tikva","Ben Zion Galis 6, Petah Tikva",no
4437,שוארמה מלאבס,"חיים עוזר 4, קניון לב העיר פתח תקווה, Israel",Shawarma Melabes,"Khayim Ozer St 4, Petah Tikva, Israel",ChIJTwvLbG02HRURarOdtSfG7C4,שווארמה מלאבס,iw,"חיים עוזר 4, פתח תקווה","חיים עוזר 4, פתח תקווה",yes,Shawarma Melabes,en,"Khayim Ozer St 4, Petah Tikva","Haim Ozer 4, Petah Tikva",no
4439,פוליבה,"הר עצמון 3, רמלה, Israel",Poliva,"Har Atsmon St 1, Ramla, Israel",ChIJ76a7c4rJAhURG9hFrhWhGos,פוליבה - חומרי גלם לאפייה,iw,"הר עצמון 1, רמלה","הר עצמון 1, רמלה",yes,Poliva,en,"Har Atsmon St 1, Ramla","Har Atsmon 1, Ramla",no
4442,סביח סוויסה,"הברזל 1, רמת החייל, תל אביב, Israel",swissa סביח * שניצל * פלאפל,"HaBarzel St 1, Tel Aviv-Yafo, Israel",ChIJY9_xgJFJHRUR0adyr_5lFrg,swissa סביח * שניצל * פלאפל,iw,"הברזל 1, תל אביב-יפו","הברזל 1, תל אביב-יפו",yes,swissa סביח * שניצל * פלאפל,iw,"HaBarzel St 1, Tel Aviv-Yafo","HaBarzel 1, Tel Aviv-Jaffa",no
4445,מקסיקנה,"פתח תקווה, Israel",מקסיקנה פתח תקווה (כשר) - Mexicana Petah Tikva (Kosher),"Totseret ha-Arets St 3, Petah Tikva, 4951734, Israel",ChIJ_68O9_5JHRURlIPGlbFRJus,מקסיקנה פתח תקווה (כשר) - Mexicana Petah Tikva (Kosher),iw,"תוצרת הארץ 3, פתח תקווה, 4951734","תוצרת הארץ 3, פתח תקווה",yes,מקסיקנה פתח תקווה (כשר) - Mexicana Petah Tikva (Kosher),iw,"Totseret ha-Arets St 3, Petah Tikva, 4951734","Totseret HaArets 3, Petah Tikva",no
4447,הטוניסאי של אלי,"שלמה המלך 3, רמלה, Israel",Hatunisai Shel Eli,"Sderot Shlomo HaMelech 3, Ramla, Israel",ChIJtWChClzKAhURVuzboAWjeuE,"הטוניסאי של אלי בע""מ",iw,"שדרות שלמה המלך 3, רמלה","שדרות שלמה המלך 3, רמלה",yes,Hatunisai Shel Eli,en,"Sderot Shlomo HaMelech 3, Ramla","Sderot Shlomo HaMelech 3, Ramla",no
4448,המטבח הכפול,"נחלת בנימין 2, תל אביב, Israel",Kaful,"Nahalat Binyamin St 2, Tel Aviv-Yafo, Israel",ChIJe6iZY4FMHRUR9wC-Dc01At0,Kaful,en,"נחלת בנימין 2, תל אביב-יפו","נחלת בנימין 2, תל אביב-יפו",yes,Kaful,en,"Nahalat Binyamin St 2, Tel Aviv-Yafo","Nahalat Binyamin 2, Tel Aviv-Jaffa",no
4450,Neo after dark,"כצנלסון 55, גבעתיים, Israel",Neo Sushi Bar,"Katzenelson St 55, Giv'atayim, Israel",ChIJbYy-gbpLHRURwnf1ynU2GYA,נאו סושי - סושי כשר,iw,"כצנלסון 55, גבעתיים","כצנלסון 55, גבעתיים",yes,Neo Sushi Bar,en,"Katzenelson St 55, Giv'atayim","Katsanelson 55, Giv'atayim",no
4451,קאסה דל-פפה,"סנפיר 1, תל אביב, Israel",קאסה דל פפה,"Snapir St 1, Tel Aviv-Yafo, Israel",ChIJJ2VsNQVLHRURd8jdjrLLU7g,קאסה דל פפה,iw,"סנפיר 1, תל אביב-יפו","סנפיר 1, תל אביב-יפו",yes,קאסה דל פפה,iw,"Snapir St 1, Tel Aviv-Yafo","Snapir 1, Tel Aviv-Jaffa",no
4452,צ'וקה,"דרך משה דיין 3, קניון סביונים, יהוד, Israel",צ'וקה יהוד,"Derech Moshe Dayan 3, Yahud Monoson, Israel",ChIJkeOCHZ5KHRUR2n_WmtYfUhQ,צ'וקה יהוד,iw,"דרך משה דיין 3, יהוד מונוסון","דרך משה דיין 3, יהוד מונוסון",yes,צ'וקה יהוד,iw,"Derech Moshe Dayan 3, Yahud Monoson","Derech Moshe Dayan 3, Yahud Monoson",no
4454,פסטה פסטה,"מרכז רפואי שיבא, רמת גן, Israel",Fasta Pasta,"שיבא תל השומר, רמת גן, Israel",ChIJQ7A6_xpLHRURD4VKTIc1luI,Fasta Pasta,iw,"שיבא תל השומר, רמת גן","שיבא תל השומר, רמת גן",yes,Fasta Pasta,en,"שיבא תל השומר, רמת גן","שיבא תל השומר, Ramat Gan",yes
4455,טוסט אקספרס,"מפרץ שלמה 100, חולון, Israel",Toast Express,"Mifrats Shlomo St 100, Holon, Israel",ChIJOXsQTpe0AhURKA88HARcW2s,טוסט אקספרס,iw,"מפרץ שלמה 100, חולון","מפרץ שלמה 100, חולון",yes,Toast Express,en,"Mifrats Shlomo St 100, Holon","Mifrats Shlomo 100, Holon",no
4457,פיצה פאנן,"נחל זוהר 22, מודיעין והסביבה, Israel",פיצה פנאן,"Nahal Zohar St 22, Modi'in-Maccabim-Re'ut, Israel",ChIJV24EEMXNAhURs-AhbG_SCcE,פיצה פנאן,iw,"נחל זוהר 22, מודיעין מכבים רעות","נחל זוהר 22, מודיעין מכבים רעות",yes,פיצה פנאן,iw,"Nahal Zohar St 22, Modi'in-Maccabim-Re'ut","Nahal Zohar 22, Modi'in Makabim-Re'ut",no
4458,"פיתה בשר ""פז""","שד' לוי אשכול 1, חולון, Israel",פיתה בשר חולון,"Levi Eshkol Blvd 1, Holon, Israel",ChIJ1-p15wtLHRURViTOuw3rRxs,פיתה בשר חולון,iw,"שדרות לוי אשכול 1, חולון","שדרות לוי אשכול 1, חולון",yes,פיתה בשר חולון,iw,"Levi Eshkol Blvd 1, Holon","Sderot Levi Eshkol 1, Holon",no
4460,מאפה נאמן,"חיים סוטין 4, פתח תקווה, Israel",Neeman Bakery,"Khayim Soutin St 4, Petah Tikva, Israel",ChIJX9F9_lo2HRURb5ZjFk56364,מאפה נאמן,iw,"חיים סוטין 4, פתח תקווה","חיים סוטין 4, פתח תקווה",yes,Neeman Bakery,en,"Khayim Soutin St 4, Petah Tikva","Haim Soutin 4, Petah Tikva",no
4461,בייקשופ,"נחלת יצחק 18, תל אביב, Israel",Bakeshop,"מגדלי תל אביב, נחלת יצחק 20, תל אביב-יפו, Israel",ChIJ4XmZwqJLHRURyoJSSf7BhV4,בייקשופ,iw,"מגדלי תל אביב, נחלת יצחק 20, תל אביב-יפו","מגדלי תל אביב, נחלת יצחק 20, תל אביב-יפו",yes,Bakeshop,en,"מגדלי תל אביב, נחלת יצחק 20, תל אביב-יפו","מגדלי תל אביב, Nahalat Yitshak 20, Tel Aviv-Jaffa",yes
4462,מסעדת התימני,"יהודה הלוי 39, תל אביב, Israel",Hateimani התימני תל אביב,"Yehuda ha-Levi St 39, Tel Aviv-Yafo, Israel",ChIJoZVqDJ1MHRURgRKLLv47wvg,התימני,iw,"יהודה הלוי 39, תל אביב-יפו","יהודה הלוי 39, תל אביב-יפו",yes,Hateimani התימני תל אביב,en,"Yehuda ha-Levi St 39, Tel Aviv-Yafo","Yehuda Halevi 39, Tel Aviv-Jaffa",no
4464,מרכז הסנדוויץ' הטוניסאי,"הפטיש 9, תל אביב, Israel",מרכז הסנדוויץ הטונסאי תל אביב,"Ha-Patish St 9, Tel Aviv-Yafo, Israel",ChIJY4NQ-KBMHRURel49NxipeQY,מרכז הסנדוויץ הטונסאי תל אביב,iw,"הפטיש 9, תל אביב-יפו","הפטיש 9, תל אביב-יפו",yes,מרכז הסנדוויץ הטונסאי תל אביב,iw,"Ha-Patish St 9, Tel Aviv-Yafo","HaPatish 9, Tel Aviv-Jaffa",no
4470,חומוס אליהו,"המצודה 8, אזור, Israel",חומוס אליהו אזור,"Ha-Metsuda St 8, Azor, Israel",ChIJ5y0ZlTVLHRUR0oBcrd4VdrE,חומוס אליהו אזור,iw,"המצודה 8, אזור","המצודה 8, אזור",yes,חומוס אליהו אזור,iw,"Ha-Metsuda St 8, Azor","HaMetsuda 8, Azor",no
4472,קפה גרג,"מנחם בגין 30, קניון עופר הגבעה, גבעת שמואל, Israel",Cafe Greg,"Sderot Menachem Begin 30, Giv'at Shmu'el, Israel",ChIJs2XtCg9KHRURhgOqISEUmJA,קפה גרג,iw,"שדרות מנחם בגין 30, גבעת שמואל","שדרות מנחם בגין 30, גבעת שמואל",yes,Cafe Greg,en,"Sderot Menachem Begin 30, Giv'at Shmu'el","Sderot Menachem Begin 30, Giv'at Shmu'el",no
4477,עידן הפיצה,"פרופ' שור 16, חולון, Israel",עידן הפיצה,"Professor Moshe Schorr St 16, Holon, Israel",ChIJrz4gtLC0AhURqyTouuKjt9g,עידן הפיצה,iw,"פרופסור משה שור 16, חולון","פרופסור משה שור 16, חולון",yes,עידן הפיצה,iw,"Professor Moshe Schorr St 16, Holon","Professor Moshe Schorr 16, Holon",no
4478,DUKU Meat Bar דוקו מיט בר,"שד' המלך דוד 17, לוד, Israel",DUKU Meat Bar דוקו בר בשרים,"Sderot David HaMelech 17, Lod, Israel",ChIJw9Xs88HLAhURS3fCX_UM_kA,DUKU Meat Bar דוקו בר בשרים,iw,"שדרות דוד המלך 17, לוד","שדרות דוד המלך 17, לוד",yes,DUKU Meat Bar דוקו בר בשרים,iw,"Sderot David HaMelech 17, Lod","Sderot David HaMelech 17, Lod",no
4483,מטעמי הארץ,"ז'בוטינסקי 59, גבעת שמואל, Israel",מטעמי הארץ,"Jabotinsky St 59, Giv'at Shmuel, Israel",ChIJ0S7oW21KHRUR24NjFtngomw,מטעמי הארץ,iw,"ז'בוטינסקי 59, גבעת שמואל","ז'בוטינסקי 59, גבעת שמואל",yes,מטעמי הארץ,iw,"Jabotinsky St 59, Giv'at Shmuel","Jabotinsky 59, Giv'at Shmu'el",no
4484,חומוס מדר,"שטמפפר 29, פתח תקווה, Israel",Hummus Mader,"Yehoshua Shtampfer St 29, Petah Tikva, Israel",ChIJO_B4_Gw2HRUR-5RfHSMFkPY,חומוס מדר,iw,"יהושע שטמפפר 29, פתח תקווה","יהושע שטמפפר 29, פתח תקווה",yes,Hummus Mader,en,"Yehoshua Shtampfer St 29, Petah Tikva","Yehoshua Shtampfer 29, Petah Tikva",no
4490,לה גרדיה גריל בר,"לה גווארדיה 76, תל אביב, Israel",La Guardia Grill Bar,"La Guardia St 76, Tel Aviv-Yafo, Israel",ChIJH7T057hMHRURbDLHuhsVLz0,לה גרדיה גריל בר,iw,"לה גווארדיה 76, תל אביב-יפו","לה גווארדיה 76, תל אביב-יפו",yes,La Guardia Grill Bar,en,"La Guardia St 76, Tel Aviv-Yafo","La Guardia 76, Tel Aviv-Jaffa",no
4491,ריבר נודלס בר,"סחרוב דוד 26, ראשון לציון, Israel",ריבר,"David Saharov St 26, ראשל״צ, Israel",ChIJB1wxLHq1AhURyrehdFdsqXc,ריבר סושי בר ראשון לציון River,iw,"דוד סחרוב 26, ראשל״צ","דוד סחרוב 26, ראשל״צ",yes,ריבר,en,"David Saharov St 26, ראשל״צ","David Saharov 26, ראשל״צ",yes
4492,שניצל קומפני,"דרך בן גוריון 1, פרדס כץ, בני ברק, Israel",Schnitzel Company,"David Ben Gurion Rd 1, Ramat Gan, Israel",ChIJf5fz4c5LHRURavuPvyVhKXg,שניצל קומפני - משלוחי אוכל ברמת גן.,iw,"דוד בן גוריון 1, רמת גן","דוד בן גוריון 1, רמת גן",yes,Schnitzel Company,en,"David Ben Gurion Rd 1, Ramat Gan","David Ben-Gurion 1, Ramat Gan",no
4493,ג'בטה סנדוויץ',"רוטשילד 102, ראשון לציון, Israel",גבטה ראשון לציון,"Rothschild St 102, Rishon LeZion, Israel",ChIJN9wirRW0AhURSx6_7QbB84s,גבטה ראשון לציון,iw,"רוטשילד 102, ראשון לציון","רוטשילד 102, ראשון לציון",yes,גבטה ראשון לציון,iw,"Rothschild St 102, Rishon LeZion","Rothschild 102, Rishon LeZion",no
4494,מאפה נאמן,"מצדה (כנרת) 4, פרדס כץ, בני ברק, Israel",Ne'eman Bakery,"Kinneret St 2, Bnei Brak, Israel",ChIJvQWgcylKHRURm3jXv8BSCwo,מאפה נאמן,iw,"כינרת 2, בני ברק","כינרת 2, בני ברק",yes,Ne'eman Bakery,en,"Kinneret St 2, Bnei Brak","Kinneret 2, Bnei Brak",no
4495,פיצה P2,"שלמה המלך 37, קניון קרית אונו, Israel",פיצה פי 2 קרית אונו,"Shlomo ha-Melekh St 37, Kiryat Ono, 5542133, Israel",ChIJ6QI_wVQ1HRURPMhvRx00wLg,פיצה פי 2 קרית אונו,iw,"שלמה המלך 37, קרית אונו, 5542133","שלמה המלך 37, קרית אונו",yes,פיצה פי 2 קרית אונו,iw,"Shlomo ha-Melekh St 37, Kiryat Ono, 5542133","Shlomo HaMelech 37, Kiryat Ono",no
4496,פיצה פוד,"ירושלים 41, בני ברק, Israel",פיצה פוד,"Jerusalem St 50, Bnei Brak, Israel",ChIJW8pcfzpKHRURy7ZtESt7e3s,פיצה פוד,iw,"רחוב ירושלים 50, בני ברק","רחוב ירושלים 50, בני ברק",yes,פיצה פוד,iw,"Jerusalem St 50, Bnei Brak","Rehov Jerusalem 50, Bnei Brak",no
4499,מאפיית הבראשית,"אילת 36, חולון, Israel",מאפיית בראשית,"Eilat St 36, Holon, 5836111, Israel",ChIJ4eShB6qzAhURMnwRV_IcvYU,מאפיית בראשית,iw,"אילת 36, חולון, 5836111","אילת 36, חולון",yes,מאפיית בראשית,iw,"Eilat St 36, Holon, 5836111","Eilat 36, Holon",no
4500,פלאפל השדרה,"דרך אבא הלל סילבר 2, מתחם הבורסה, רמת גן, Israel",פלאפל השדרה,"Abba Hillel Silver Rd 2, Ramat Gan, Israel",ChIJ4R1Ol7hLHRURxmTx_pr8Rf4,פלאפל השדרה,iw,"דרך אבא הלל 2, רמת גן","דרך אבא הלל 2, רמת גן",yes,פלאפל השדרה,iw,"Abba Hillel Silver Rd 2, Ramat Gan","Derech Aba Hillel 2, Ramat Gan",no
4504,סטיישן מרקט 21,"בר כוכבא 21, פרדס כץ, בני ברק, Israel",Station Market,"Bar Kochva St 21, Bnei Brak, Israel",ChIJhZuP4ytKHRURuYgy6slTHJk,סטיישן מרקט,iw,"בר כוכבא 21, בני ברק","בר כוכבא 21, בני ברק",yes,Station Market,en,"Bar Kochva St 21, Bnei Brak","Bar Kochva 21, Bnei Brak",no
4506,פיצה תמר,"יוטבתה 7, חולון, Israel",Pizza Tamar,"Yotvata St, Holon, Israel",ChIJUz7Hkm-zAhURbrTGfQH-pDw,Pizza Tamar,en,"יוטבתה, חולון","יוטבתה, חולון",yes,Pizza Tamar,en,"Yotvata St, Holon","Yotvata, Holon",no
4509,מוגרבי,"כפר חב""ד, Israel",שי מוגרבי אירועי גריל,"Kfar Habad, Israel",ChIJD-iKNFC1AhUR1Rkf7z8xK9Y,שי מוגרבי אירועי גריל,iw,"כפר חב""ד","כפר חב""ד",yes,שי מוגרבי אירועי גריל,iw,Kfar Habad,Kfar Habad,no
4511,ILAN'S,"קרליבך 4, תל אביב, Israel",Ilan's Coffee,"Carlebach St 4, Tel Aviv-Yafo, Israel",ChIJQyONRJxLHRURyBhSKG9J31E,Ilan's cafe || קפה אילנס - קרליבך תל אביב,iw,"קרליבך 4, תל אביב-יפו","חניון, קרליבך 4, תל אביב-יפו",yes,Ilan's Coffee,en,"Carlebach St 4, Tel Aviv-Yafo","Parking lot, Carlebach 4, Tel Aviv-Jaffa",no
4512,תחנת לחםם,"המלך ג'ורג' 20, תל אביב, Israel",תחנת לחם,"King George St 20, Tel Aviv-Yafo, Israel",ChIJgYlZtYFMHRURXoKQdgTKXww,תחנת לחם,iw,"המלך ג'ורג' 20, תל אביב-יפו","המלך ג'ורג' 20, תל אביב-יפו",yes,תחנת לחם,iw,"King George St 20, Tel Aviv-Yafo","King George 20, Tel Aviv-Jaffa",no
4514,מסעדת שמוליק כהן,"הרצל 146, תל אביב, Israel",מסעדת שמוליק כהן,"Herzl St 146, Tel Aviv-Yafo, 6607029, Israel",ChIJl21GDKFMHRURd2QdU5RJpME,מסעדת שמוליק כהן,iw,"הרצל 146, תל אביב-יפו, 6607029","הרצל 146, תל אביב-יפו",yes,מסעדת שמוליק כהן,en,"Herzl St 146, Tel Aviv-Yafo, 6607029","Herzl 146, Tel Aviv-Jaffa",no
4517,חנן מרגילן,"מסילת ישרים 15, תל אביב, Israel",Hanan Margilan,"Mesilat Yesharim St 15, Tel Aviv-Yafo, Israel",ChIJISQ0BV9LHRURk1EZrgr204s,חנן מרגילן,iw,"מסילת ישרים 15, תל אביב-יפו","מסילת ישרים 15, תל אביב-יפו",yes,Hanan Margilan,en,"Mesilat Yesharim St 15, Tel Aviv-Yafo","Mesilat Yesharim 15, Tel Aviv-Jaffa",no
4518,אלוני שווארמה,"שלמה המלך 37, קניון קרית אונו, Israel",Aloni Shawarma,"Shlomo ha-Melekh St 37, Kiryat Ono, Israel",ChIJ0T7r44c1HRUR7AdrAiIVGOg,שווארמה אלוני,iw,"שלמה המלך 37, קרית אונו","שלמה המלך 37, קרית אונו",yes,Aloni Shawarma,en,"Shlomo ha-Melekh St 37, Kiryat Ono","Shlomo HaMelech 37, Kiryat Ono",no
4520,פיצה פורטובלו,"דרך בן גוריון 59, בת ים, Israel",Portobello Pizza,"Derech Ben Gurion 59, Bat Yam, Israel",ChIJ7bwvqSKzAhURehwFD0ICq7w,פיצה פורטובלו,iw,"דרך בן גוריון 59, בת ים","דרך בן גוריון 59, בת ים",yes,Portobello Pizza,en,"Derech Ben Gurion 59, Bat Yam","Derech Ben Gurion 59, Bat Yam",no
4523,חנות לחם,"דרך המכבים 16, ראשון לציון, Israel",Bread Shop חנות לחם,"אזור התעשיה הישן, דרך המכבים 16, ראשון לציון, Israel",ChIJD4bdhVC0AhURAkEol_R0KA8,חנות לחם,iw,"אזור התעשיה הישן, דרך המכבים 16, ראשון לציון","אזור התעשיה הישן, דרך המכבים 16, ראשון לציון",yes,Bread Shop חנות לחם,en,"אזור התעשיה הישן, דרך המכבים 16, ראשון לציון","אזור התעשיה הישן, Derech HaMaccabim 16, Rishon LeZion",yes
4524,בליקר בייקרי,"לב העיר 2, קניון מודיעין, Israel",Bleecker Bakery,"Lev ha-Ir St 2, Modi'in-Maccabim-Re'ut, Israel",ChIJd1qy_DPNAhUR_KSEoar2G_g,בליקר בייקרי מודיעין - כשר למהדרין חלבי,iw,"לב העיר 2, מודיעין מכבים רעות","לב העיר 2, מודיעין מכבים רעות",yes,Bleecker Bakery,en,"Lev ha-Ir St 2, Modi'in-Maccabim-Re'ut","Lev ha-Ir 2, Modi'in Makabim-Re'ut",no
4528,פיצה סטאר,"פפר יוסף 9, פתח תקווה, Israel",פיצה סטאר,"Yosef Fefer St 9, Petah Tikva, 4938517, Israel",ChIJRU1eIGY2HRURnQod6-q88N0,פיצה סטאר,iw,"יוסף פפר 9, פתח תקווה, 4938517","יוסף פפר 9, פתח תקווה",yes,פיצה סטאר,iw,"Yosef Fefer St 9, Petah Tikva, 4938517","Yosef Fefer 9, Petah Tikva",no
4533,פיצה עגבניה,"סירקין 15, גבעתיים, Israel",פיצה עגבניה,"Sirkin St 15, Giv'atayim, Israel",ChIJr9udrbVLHRURai8xLunT9D0,פיצה עגבניה גבעתיים,iw,"סירקין 15, גבעתיים","סירקין 15, גבעתיים",yes,פיצה עגבניה,en,"Sirkin St 15, Giv'atayim","Sirkin 15, Giv'atayim",no
4534,הפלאפל של הג'ינג'י,"חיים ויצמן 1, חולון, Israel",פלאפל הג'ינג'י - פלאפל חולון - שניצל חולון,"Haim Weizman St 1, Holon, Israel",ChIJIyyp9ae0AhURuleZkggzaJA,פלאפל הג'ינג'י - פלאפל חולון - שניצל חולון,iw,"חיים וייצמן 1, חולון","חיים וייצמן 1, חולון",yes,פלאפל הג'ינג'י - פלאפל חולון - שניצל חולון,iw,"Haim Weizman St 1, Holon","Haim Weizman 1, Holon",no
4535,פיצה משלנו,"עין גנים 69, פתח תקווה, Israel",פיצה משלנו,"Ein Ganim St 69, Petah Tikva, Israel",ChIJk38pxHo2HRURemHcAP3f9wU,פיצה משלנו,iw,"עין גנים 69, פתח תקווה","עין גנים 69, פתח תקווה",yes,פיצה משלנו,iw,"Ein Ganim St 69, Petah Tikva","Ein Ganim 69, Petah Tikva",no
4538,סקאי,"הברזל 10, רמת החייל, תל אביב, Israel",Sekai סקאי,"HaBarzel St 10, Tel Aviv-Yafo, 6971014, Israel",ChIJL842MG9JHRURiqrqw9Fjvw0,Sekai סקאי,ru,"הברזל 10, תל אביב-יפו, 6971014","הברזל 10, תל אביב-יפו",yes,Sekai סקאי,ru,"HaBarzel St 10, Tel Aviv-Yafo, 6971014","HaBarzel 10, Tel Aviv-Jaffa",no
4539,פיצה היורש,"קפלן 43, פתח תקווה, Israel",פיצה היורש,"Kaplan St 43, Petah Tikva, Israel",ChIJc2zJdf41HRURWfdHgL6KBFo,פיצה היורש,iw,"קפלן 43, פתח תקווה","קפלן 43, פתח תקווה",yes,פיצה היורש,iw,"Kaplan St 43, Petah Tikva","Kaplan 43, Petah Tikva",no
4540,פיצה רונדו,"יצחק שדה 34, פתח תקווה, Israel","פיצה רונדו פ""ת","Yitskhak Sadeh St 34, Petah Tikva, 4946521, Israel",ChIJa9QRkQ42HRURxTB99oYfxLY,פיצה רונדו פתח תקווה,iw,"יצחק שדה 34, פתח תקווה, 4946521","יצחק שדה 34, פתח תקווה",yes,"פיצה רונדו פ""ת",en,"Yitskhak Sadeh St 34, Petah Tikva, 4946521","Yitshak Sadeh 34, Petah Tikva",no
4542,פטרוזיליס סנדויץ בר,"בניהו 30, רמת גן, Israel",פטרוזיליס,"Bnayahu St 30, Ramat Gan, Israel",ChIJzxMxfSJLHRUR9ebOKa4PeUU,פטרוזיליס,iw,"בניהו 30, רמת גן","בניהו 30, רמת גן",yes,פטרוזיליס,iw,"Bnayahu St 30, Ramat Gan","Bnayahu 30, Ramat Gan",no
4543,קראמבל,"אצ""ל 26, ראשון לציון, Israel",קראמבל,"Etsel St 26, Rishon LeZion, Israel",ChIJP-q9uCqzAhURgrxf7lgAwSo,קראמבל,en,"אצ""ל 26, ראשון לציון","אצ""ל 26, ראשון לציון",yes,קראמבל,en,"Etsel St 26, Rishon LeZion","Etsel 26, Rishon LeZion",no
4544,ביגה,"גולדה מאיר 7, קניון חולון, Israel",Biga קניון עזריאלי חולון,"Golda Me'ir St 7, Holon, Israel",ChIJc2qEmJC1AhURzkvRrXO69Qk,Biga קניון עזריאלי חולון,en,"גולדה מאיר 7, חולון","גולדה מאיר 7, חולון",yes,Biga קניון עזריאלי חולון,en,"Golda Me'ir St 7, Holon","Golda Meir 7, Holon",no
4549,מאפיית שאשא בייקרי,"בצלאל 7, מתחם הבורסה, רמת גן, Israel",שאשא בייקרי,"Menachem Begin 22, Ramat Gan, Israel",ChIJS-3TPlBLHRUROokr2bkACPA,שאשא בייקרי,iw,"רח’ מנחם בגין 22, רמת גן","רח’ מנחם בגין 22, רמת גן",yes,שאשא בייקרי,iw,"Menachem Begin 22, Ramat Gan","Menachem Begin 22, Ramat Gan",no
4552,מלאווח אדיר,"ראש העין, Israel",מלאווח אדיר,"Yehoshu'a Bin Nun St 71, Rosh Haayin, Israel",ChIJS2AWVSk3HRUR5yAwY-EUn0c,מלאווח אדיר,iw,"יהושע בן נון 71, ראש העין","יהושע בן נון 71, ראש העין",yes,מלאווח אדיר,iw,"Yehoshu'a Bin Nun St 71, Rosh Haayin","Yehoshua Bin Nun 71, Rosh Haayin",no
4555,פיצה פרגו,"הלוחמים 62, תל אביב, Israel",Pizza Prego,"Ha-Lokhamim St 62, Tel Aviv-Yafo, Israel",ChIJmeOZT1SzAhURM5Zprs8715c,פרגו פיצה ביפו,iw,"הלוחמים 62, תל אביב-יפו","הלוחמים 62, תל אביב-יפו",yes,Pizza Prego,en,"Ha-Lokhamim St 62, Tel Aviv-Yafo","HaLohamim 62, Tel Aviv-Jaffa",no
4556,שניצליין,"מצדה (כנרת) 9, פרדס כץ, בני ברק, Israel",שניצל שף,"Jerusalem St 8, Bnei Brak, Israel",ChIJHaouzBBLHRURKVEl9NKTlPs,שניצל שף,iw,"רחוב ירושלים 8, בני ברק","רחוב ירושלים 8, בני ברק",yes,שניצל שף,iw,"Jerusalem St 8, Bnei Brak","Rehov Jerusalem 8, Bnei Brak",no
4560,מאמי'ס,"הנביאים 47, פתח תקווה, Israel",מאמיס שווארמה,"HaNevi'im St 47, Petah Tikva, Israel",ChIJIaoPM9Y1HRURbEkcp7sHTkY,מאמיס שווארמה,iw,"הנביאים 47, פתח תקווה","הנביאים 47, פתח תקווה",yes,מאמיס שווארמה,iw,"HaNevi'im St 47, Petah Tikva","HaNevi'im 47, Petah Tikva",no
4563,NIRO לחם בר,"כצנלסון 148, גבעתיים, Israel",נירו קפה,"Katzenelson St 148, Giv'atayim, Israel",ChIJE3aqpLRLHRURP0SOYco2Azw,נירו קפה,en,"כצנלסון 148, גבעתיים","כצנלסון 148, גבעתיים",yes,נירו קפה,en,"Katzenelson St 148, Giv'atayim","Katsanelson 148, Giv'atayim",no
4565,פונדק מטלון,"הסיבים 6, פתח תקווה, Israel",פונדק מטלון,"Ha-Sivim St 6, Petah Tikva, Israel",ChIJS0DaMvlJHRURC27Qa_7NnmA,פונדק מטלון,iw,"הסיבים 6, פתח תקווה","הסיבים 6, פתח תקווה",yes,פונדק מטלון,iw,"Ha-Sivim St 6, Petah Tikva","HaSivim 6, Petah Tikva",no
4576,פיצה קיד,"שד' דב הוז 63, חולון, Israel",Pizza Kid,"Sderot Dov Hoz 63, Holon, 5830209, Israel",ChIJQ7szDLu0AhUR-LAHoUOJQ0Y,פיצה קיד,iw,"שדרות דב הוז 63, חולון, 5830209","שדרות דב הוז 63, חולון",yes,Pizza Kid,en,"Sderot Dov Hoz 63, Holon, 5830209","Sderot Dov Hoz 63, Holon",no
4578,פיצה דון פרדו,"פרידמן אלעזר 9, קניון סירקין, פתח תקווה, Israel",פיצה דון פרדו,"Kaplan St 15, Petah Tikva, 4945108, Israel",ChIJQTtupQY2HRUR-RzSgICa2zo,פיצה דון פרדו,iw,"קפלן 15, פתח תקווה, 4945108","קפלן 15, פתח תקווה",yes,פיצה דון פרדו,iw,"Kaplan St 15, Petah Tikva, 4945108","Kaplan 15, Petah Tikva",no
4582,מקדונלד'ס,"בזק 1, מרכז G אפק (לב אפק), ראש העין, Israel",McDonald's,"בזק 1, נווה אפק, ראש העין, Rosh Haayin, Israel",ChIJvYe2heAwHRURUgmADTEtVfc,מקדונלד'ס - ראש העין לב אפק (כשר),iw,"בזק 1, נווה אפק, ראש העין, ראש העין","בזק 1, נווה אפק, ראש העין, ראש העין",yes,McDonald's,en,"בזק 1, נווה אפק, ראש העין, Rosh Haayin","בזק 1, נווה אפק, ראש העין, Rosh Haayin",yes
4585,פלאפל חתוכה,"ההסתדרות 4, פתח תקווה, Israel",Falafel Hatuka,"Hahistadrut St 4, Petah Tikva, Israel",ChIJuVMHo3M2HRUR4JEXVtw0EVw,פלאפל חתוכה | כשר,iw,"ההסתדרות 4, פתח תקווה","ההסתדרות 4, פתח תקווה",yes,Falafel Hatuka,en,"Hahistadrut St 4, Petah Tikva","Hahistadrut 4, Petah Tikva",no
4587,רולדין,"לח""י 2, ראשון לציון, Israel",Roladin,"Yaldei Teheran St 7, Rishon LeZion, Israel",ChIJ47elYIWzAhURv7NZcyXv2JY,רולדין,iw,"ילדי טהרן 7, ראשון לציון","ילדי טהרן 7, ראשון לציון",yes,Roladin,en,"Yaldei Teheran St 7, Rishon LeZion","Yaldei Teheran 7, Rishon LeZion",no
4588,שניצל עולמי,"שלמה המלך 2, ראשון לציון, Israel",Global Schnitzel,"Shlomo HaMelech St 2, Rishon LeZion, Israel",ChIJjSrUvmW0AhURePo6WLChYug,שניצל עולמי,iw,"שלמה המלך 2, ראשון לציון","שלמה המלך 2, ראשון לציון",yes,Global Schnitzel,en,"Shlomo HaMelech St 2, Rishon LeZion","Shlomo HaMelech 2, Rishon LeZion",no
4590,פלאפל כיד המלך,"שד' דב הוז 72, חולון, Israel",פלאפל כיד המלך,"Sderot Dov Hoz 72, Holon, Israel",ChIJQ7szDLu0AhURnhiKG_eFKFc,פלאפל כיד המלך,iw,"שדרות דב הוז 72, חולון","שדרות דב הוז 72, חולון",yes,פלאפל כיד המלך,iw,"Sderot Dov Hoz 72, Holon","Sderot Dov Hoz 72, Holon",no
4591,מיתוס פיש מרקט,"שד' שאול המלך 33, תל אביב, Israel",Fish Market by Meatos,"Sderot Sha'ul HaMelech 33, Tel Aviv-Jaffa, Israel",ChIJ_0bjFZpLHRUREQnslzgMEuo,פיש מרקט,iw,"שדרות שאול המלך 33, תל אביב-יפו","שדרות שאול המלך 33, תל אביב-יפו",yes,Fish Market by Meatos,en,"Sderot Sha'ul HaMelech 33, Tel Aviv-Jaffa","Sderot Sha'ul HaMelech 33, Tel Aviv-Jaffa",no
4595,חומוס אשכרה,"ירמיהו 45, תל אביב, Israel",חומוס אשכרה Hummus Ashkara,"Yirmeyahu St 45, Tel Aviv-Yafo, 63117, Israel",ChIJXY7_XPRLHRURO3gGLMXdOrQ,חומוס אשכרה,iw,"ירמיהו 45, תל אביב-יפו, 63117","ירמיהו 45, תל אביב-יפו",yes,חומוס אשכרה Hummus Ashkara,en,"Yirmeyahu St 45, Tel Aviv-Yafo, 63117","Yirmeyahu 45, Tel Aviv-Jaffa",no
4596,פיצה גולדה,"אצ""ל 83, שכונת התקווה, תל אביב, Israel",פיצה גולדה,"Etsel St 83, Tel Aviv-Yafo, Israel",ChIJb882tjhLHRURqouoLaong9Q,פיצה גולדה,iw,"אצ""ל 83, תל אביב-יפו","אצ""ל 83, תל אביב-יפו",yes,פיצה גולדה,iw,"Etsel St 83, Tel Aviv-Yafo","Etsel 83, Tel Aviv-Jaffa",no
4599,איטבר,"משה דיין 2, ראש העין, Israel",EatBar,"Moshe Dayan St 2, Rosh Haayin, Israel",ChIJsV2fQtwxHRURRZHZpB7lQSc,EatBar,en,"משה דיין 2, ראש העין","משה דיין 2, ראש העין",yes,EatBar,en,"Moshe Dayan St 2, Rosh Haayin","Moshe Dayan 2, Rosh Haayin",no
4601,פיצה FIX,"קרן היסוד 1, חולון, Israel",PIZZA FIX חולון,"קרן היסוד 1, מרכז מסחרי קרית שרת, Giv'at HaTahmoshet 9, Holon, 5848930, Israel",ChIJiZt--5W0AhURpFJ2-9gGyiE,PIZZA FIX חולון,iw,"קרן היסוד 1, מרכז מסחרי קרית שרת, גבעת התחמושת 9, חולון, 5848930","קרן היסוד 1, מרכז מסחרי קרית שרת, גבעת התחמושת 9, חולון",yes,PIZZA FIX חולון,iw,"קרן היסוד 1, מרכז מסחרי קרית שרת, Giv'at HaTahmoshet 9, Holon, 5848930","קרן היסוד 1, מרכז מסחרי קרית שרת, Giv'at HaTahmoshet 9, Holon",yes
4604,מאפיית לחם,"ברקת ראובן 24, חולון, Israel",לחם חולון Lehem Holon,"Re'uven Barkat St 24, Holon, Israel",ChIJf9baKJ60AhURmpAhowSP0uA,לחם חולון Lehem Holon,iw,"ראובן ברקת 24, חולון","ראובן ברקת 24, חולון",yes,לחם חולון Lehem Holon,iw,"Re'uven Barkat St 24, Holon","Reuven Barkat 24, Holon",no
4607,המטבח של איריס,"הרצל 76, רמת גן, Israel",Iris's Kitchen,"הרצל 76 פינת, Elimelech 1, Ramat Gan, Israel",ChIJcXxMYcxLHRUR7uWzd6C4Zhk,המטבח של איריס,iw,"הרצל 76 פינת, אלימלך 1, רמת גן","הרצל 76 פינת, אלימלך 1, רמת גן",yes,Iris's Kitchen,en,"הרצל 76 פינת, Elimelech 1, Ramat Gan","הרצל 76 פינת, Elimelech 1, Ramat Gan",yes
4608,בית החומוס והפול,"החשמונאים 119, תל אביב, Israel",Hummus Beit Ha-Ful,"HaHashmonaim St 119, Tel Aviv-Yafo, Israel",ChIJAeIP43dLHRURdpsVdB_X7h4,בית החומוס והפול,iw,"החשמונאים 119, תל אביב-יפו","החשמונאים 119, תל אביב-יפו",yes,Hummus Beit Ha-Ful,en,"HaHashmonaim St 119, Tel Aviv-Yafo","HaHashmonaim 119, Tel Aviv-Jaffa",no
4609,מפגש שמש רמת גן,"ז'בוטינסקי 155, רמת גן, Israel",Sun meeting,"Jabotinsky St 155, Ramat Gan, Israel",ChIJPyCWmS5KHRURVXxYlUghzDg,מפגש שמש,iw,"רחוב זאב ז'בוטינסקי 155, רמת גן","רחוב זאב ז'בוטינסקי 155, רמת גן",yes,Sun meeting,en,"Jabotinsky St 155, Ramat Gan","Derech Zeev Jabutinsky 155, Ramat Gan",no
4610,ארוגולה שף אזור,"השיקמה 5, אזור, Israel",Arugula Chef Azur,"HaShikma St 5, Azor, Israel",ChIJ0-tCgXJLHRURF7_wDDBMnwI,ארוגולה שף אזור,iw,"השיקמה 5, אזור","השיקמה 5, אזור",yes,Arugula Chef Azur,en,"HaShikma St 5, Azor","HaShikma 5, Azor",no
4611,חומוס כספי,"יעל רום 8, פתח תקווה, Israel",חומוס כספי,"Ya'el Rom St 8, Petah Tikva, 6203214, Israel",ChIJzYe2mRU2HRUR0ATd5mKTsIA,כספי,iw,"יעל רום 8, פתח תקווה, 6203214","יעל רום 8, פתח תקווה",yes,חומוס כספי,en,"Ya'el Rom St 8, Petah Tikva, 6203214","Ya'el Rom 8, Petah Tikva",no
4612,בשרים,"הברזל 33, רמת החייל, תל אביב, Israel",מסעדת בשרים נטו,"HaBarzel St 33, Tel Aviv-Yafo, Israel",ChIJuRs3wOpJHRUR6GbbMj_qcY0,מסעדת בשרים נטו,iw,"הברזל 33, תל אביב-יפו","הברזל 33, תל אביב-יפו",yes,מסעדת בשרים נטו,iw,"HaBarzel St 33, Tel Aviv-Yafo","HaBarzel 33, Tel Aviv-Jaffa",no
4613,גלילי תל אביב,"עולי ציון 17, יפו, תל אביב, Israel",מסעדת גלילי,"Olei Zion St 17, Tel Aviv-Yafo, Israel",ChIJF25_w7tMHRURzzhNSKnqFlw,מסעדת גלילי,iw,"עולי ציון 17, תל אביב-יפו","עולי ציון 17, תל אביב-יפו",yes,מסעדת גלילי,iw,"Olei Zion St 17, Tel Aviv-Yafo","Olei Zion 17, Tel Aviv-Jaffa",no
4614,פיצה פרגו,"התזמורת 29, ראשון לציון, Israel",פרגו פיצה בראשון לציון,"HaTizmoret St 29, Rishon LeZion, 7556104, Israel",ChIJVUpRMwi0AhURpgstgsDq0T0,פרגו פיצה בראשון לציון,iw,"התזמורת 29, ראשון לציון, 7556104","התזמורת 29, ראשון לציון",yes,פרגו פיצה בראשון לציון,iw,"HaTizmoret St 29, Rishon LeZion, 7556104","HaTizmoret 29, Rishon LeZion",no
4617,נוסטלגיה מאכלים בוכריים,"דרך המכבים 56, ראשון לציון, Israel",נוסטלגי,"Derech HaMaccabim 56, Rishon LeZion, Israel",ChIJZd_2jvi0AhURvKQqqNp--pc,נוסטלגי,iw,"דרך המכבים 56, ראשון לציון","דרך המכבים 56, ראשון לציון",yes,נוסטלגי,iw,"Derech HaMaccabim 56, Rishon LeZion","Derech HaMaccabim 56, Rishon LeZion",no
4620,פיצה דון פאפא,"פיינשטיין 25, ראשון לציון, Israel",Don Papa Pizza,"Yona Tsvi Feinstein St, Rishon LeZion, Israel",ChIJY3HRHy60AhURivMv5yXyYdw,פיצה דון פאפא,iw,"יונה צבי פיינשטיין, ראשון לציון","יונה צבי פיינשטיין, ראשון לציון",yes,Don Papa Pizza,en,"Yona Tsvi Feinstein St, Rishon LeZion","Yona Tsvi Feinstein, Rishon LeZion",no
4624,בן עמי,"נחמני 21, תל אביב, Israel",Ben Ami,"Nachmani St 21, Tel Aviv-Yafo, 6579435, Israel",ChIJ1QGDhH1LHRURDphh5aWpuD0,קונדיטוריה בן עמי - סניף תל אביב,iw,"נחמני 21, תל אביב-יפו, 6579435","נחמני 21, תל אביב-יפו",yes,Ben Ami,en,"Nachmani St 21, Tel Aviv-Yafo, 6579435","Nachmani 21, Tel Aviv-Jaffa",no
4626,ארומה,"שלמה המלך 37, קניון קרית אונו, Israel",Aroma Espresso Bar ארומה אספרסו בר,"קניון, Shlomo ha-Melekh St 37, Kiryat Ono, 5542133, Israel",ChIJ4VIVDYg1HRURkyXwMCTmKKk,ארומה,iw,"קניון, Shlomo ha-Melekh St 37, Kiryat Ono, 5542133","קניון, שלמה המלך 37, קרית אונו",yes,Aroma Espresso Bar ארומה אספרסו בר,en,"קניון, Shlomo ha-Melekh St 37, Kiryat Ono, 5542133","קניון, Shlomo HaMelech 37, Kiryat Ono",yes
4628,מאמא שושה,"רודנסקי שמואל 5, צפון תל אביב, Israel",מאמא שושה | mama shusha,"Rodenski St 5, Tel Aviv-Yafo, Israel",ChIJ6ZFz2lhJHRURilrbmFJ02lU,מאמא שושה | mama shusha,iw,"רודנסקי 5, תל אביב-יפו","רודנסקי 5, תל אביב-יפו",yes,מאמא שושה | mama shusha,iw,"Rodenski St 5, Tel Aviv-Yafo","Rodenski 5, Tel Aviv-Jaffa",no
4629,חומוס אליהו בני ברק,"הירקון 10, פרדס כץ, בני ברק, Israel",Hummus Eliyahu,"Ha-Yarkon St 10, Bnei Brak, Israel",ChIJb7hMlilKHRURMcRqdOeTjw0,חומוס אליהו בני ברק,iw,"הירקון 10, בני ברק","הירקון 10, בני ברק",yes,Hummus Eliyahu,en,"Ha-Yarkon St 10, Bnei Brak","Rehov Ha-Yarkon 10, Bnei Brak",no
4636,באגט ניר,"יוסף לישנסקי 5, ראשון לציון, Israel",Nir baguette,"Yosef Lishanski Blvd 5, Rishon LeZion, Israel",ChIJ2zKlP4WzAhURSIMqGQ5nFiM,באגט ניר ראשון לציון,iw,"שדרות יוסף לישנסקי 5, ראשון לציון","שדרות יוסף לישנסקי 5, ראשון לציון",yes,Nir baguette,en,"Yosef Lishanski Blvd 5, Rishon LeZion","Sderot Yosef Lishanski 5, Rishon LeZion",no
4638,ווק אווי,"שוהם 7, פתח תקווה, Israel",Wok A Way,"Shoham St 7, Petah Tikva, Israel",ChIJXa-RwP5JHRURjBr4tesWft0,ווק אווי פתח תקווה,iw,"שוהם 7, פתח תקווה","שוהם 7, פתח תקווה",yes,Wok A Way,en,"Shoham St 7, Petah Tikva","Shoham 7, Petah Tikva",no
4639,וין אנד ויאנדה,"שחם 1, פתח תקווה, Israel",Vin & Viande | וין אנד ויאנדה,"Shacham St 1, Petah Tikva, 4951701, Israel",ChIJodFZX2FJHRUR5lH5PXrNO6Y,Vin & Viande | וין אנד ויאנדה,en,"שחם 1, פתח תקווה, 4951701","שחם 1, פתח תקווה",yes,Vin & Viande | וין אנד ויאנדה,en,"Shacham St 1, Petah Tikva, 4951701","Shacham 1, Petah Tikva",no
4640,גריל עוף,"שנקר אריה 46, חולון, Israel",מרכז העוף בגריל,"Arye Shenkar St 46, Holon, Israel",ChIJrYv8z6e0AhURL77lzyBY-E4,מרכז העוף בגריל,iw,"אריה שנקר 46, חולון","אריה שנקר 46, חולון",yes,מרכז העוף בגריל,iw,"Arye Shenkar St 46, Holon","Arieh Shenkar 46, Holon",no
4643,בורגרים,"מצדה 9, פרדס כץ, בני ברק, Israel",Burgerim,"מגדלי בסר 3, מצדה 9, Bnei Brak, Israel",ChIJe8jQcylKHRURb_aN0ShtucY,"בורגרים בסר בני ברק, כשר בשר חלק",iw,"מגדלי בסר 3, מצדה 9, בני ברק","מגדלי בסר 3, מצדה 9, בני ברק",yes,Burgerim,en,"מגדלי בסר 3, מצדה 9, Bnei Brak","מגדלי בסר 3, מצדה 9, Bnei Brak",yes
4646,מוכן ומזומן,"חזון איש 17, בני ברק, Israel",Muchan Umezuman - Kurnik,"Chason Ish St 17, Bnei Brak, Israel",ChIJpUQstTxKHRURPy_tdv5abJk,מוכן ומזומן - קורניק,iw,"חזון אי""ש 17, בני ברק","חזון אי""ש 17, בני ברק",yes,Muchan Umezuman - Kurnik,en,"Chason Ish St 17, Bnei Brak","Chason Ish 17, Bnei Brak",no
4647,דרקון הזהב,"שד' העצמאות 67, בת ים, Israel",Golden Dragon,"Ha'Atsmaut Blvd 67, Bat Yam, 5931501, Israel",ChIJOUwqQRKzAhURdNxyYjQQCmw,דרקון הזהב,iw,"שדרות העצמאות 67, בת ים, 5931501","שדרות העצמאות 67, בת ים",yes,Golden Dragon,en,"Ha'Atsmaut Blvd 67, Bat Yam, 5931501","Sderot Ha'Atsmaut 67, Bat Yam",no
4648,הולי בייגל,"אבני חושן 15, מודיעין והסביבה, Israel",קייטרינג חלבי כשר למהדרין - הולי בייגל - Holy Bagel,"Avnei Khoshen St 15, Modi'in-Maccabim-Re'ut, Israel",ChIJb4SjjsrNAhURMSWEKEeEqvQ,הולי בייגל,iw,"אבני חושן 15, מודיעין מכבים רעות","אבני חושן 15, מודיעין מכבים רעות",yes,קייטרינג חלבי כשר למהדרין - הולי בייגל - Holy Bagel,en,"Avnei Khoshen St 15, Modi'in-Maccabim-Re'ut","Avnei Hoshen 15, Modi'in Makabim-Re'ut",no
4652,דניאל קינוחים,"יוסף לישנסקי 5, ראשון לציון, Israel",Daniel desserts,"Yosef Lishanski Blvd 5, Rishon LeZion, Israel",ChIJc1o4J3u0AhURLe8pSvfksnA,דניאל קינוחים(קפה דניאל),iw,"שדרות יוסף לישנסקי 5, ראשון לציון","שדרות יוסף לישנסקי 5, ראשון לציון",yes,Daniel desserts,en,"Yosef Lishanski Blvd 5, Rishon LeZion","Sderot Yosef Lishanski 5, Rishon LeZion",no
4655,רד מיט,"בוגרשוב 9, תל אביב, Israel",Red Meat,"Bograshov St 9, Tel Aviv-Yafo, Israel",ChIJpxdV1X1MHRURqf6jYQu5y9w,רד מיט,iw,"בוגרשוב 9, תל אביב-יפו","בוגרשוב 9, תל אביב-יפו",yes,Red Meat,en,"Bograshov St 9, Tel Aviv-Yafo","Bograshov 9, Tel Aviv-Jaffa",no
4658,שירת הלחם,"שד' הרצל 92, רמלה, Israel",שירת הלחם,"Sderot Herzl 92, Ramla, Israel",ChIJS2u_UQPKAhUR9UA7d3TTLtU,שירת הלחם,iw,"שדרות הרצל 92, רמלה","שדרות הרצל 92, רמלה",yes,שירת הלחם,iw,"Sderot Herzl 92, Ramla","Sderot Herzl 92, Ramla",no
4660,קפה מדרש,"בן ציון גליס 37, פתח תקווה, Israel",קפה מדרש,"Ben Tsiyon Galis St 37, Petah Tikva, Israel",ChIJk2B8lEU2HRURigL4zyBQFmA,קפה מדרש,iw,"בן ציון גליס 37, פתח תקווה","בן ציון גליס 37, פתח תקווה",yes,קפה מדרש,iw,"Ben Tsiyon Galis St 37, Petah Tikva","Ben Zion Galis 37, Petah Tikva",no
4661,קפה גנים,"לוחמי הגיטו 28, פתח תקווה, Israel",קפה גנים,"Lohamei HaGhetto St 28, Petah Tikva, Israel",ChIJK3jYjeI1HRURgrecN2SMVio,קפה גנים,iw,"לוחמי הגטו 28, פתח תקווה","לוחמי הגטו 28, פתח תקווה",yes,קפה גנים,iw,"Lohamei HaGhetto St 28, Petah Tikva","Lohamei HaGhetto 28, Petah Tikva",no
4667,meat & deli,"הדקל 30, שוהם, Israel",מיט אנד דלי,"Dekel St 30, Shoham, Israel",ChIJ0YuemWIzHRURo4kPXIdgb_E,מיט אנד דלי,iw,"דקל 30, שוהם","דקל 30, שוהם",yes,מיט אנד דלי,iw,"Dekel St 30, Shoham","Dekel 30, Shoham",no
4671,פיצה פצץ,"אודם 23, מודיעין והסביבה, Israel",Pizza Pazzaz,"Odem St 23, Modi'in-Maccabim-Re'ut, Israel",ChIJxzDNV7XNAhUR1kPr6GOa34I,פיצה פצץ,iw,"אודם 23, מודיעין מכבים רעות","אודם 23, מודיעין מכבים רעות",yes,Pizza Pazzaz,en,"Odem St 23, Modi'in-Maccabim-Re'ut","Odem 23, Modi'in Makabim-Re'ut",no
4672,קולינאריק,"המייסדים 3, קריית אונו, Israel",Kulinarik,"HaMeyasedim St 3, Kiryat Ono, Israel",ChIJGSQElo5LHRURXLmwaajXD4c,קולינריק - קרית אונו,iw,"המייסדים 3, קרית אונו","Reisfeld Park, המייסדים 3, קרית אונו",yes,Kulinarik,en,"HaMeyasedim St 3, Kiryat Ono","Reisfeld Park, HaMeyasedim 3, Kiryat Ono",no
4675,טורוס בורגר,"אצ""ל 57, שכונת התקווה, תל אביב, Israel",טורוס אנטריקוט המבורגר,"Etsel St 57, Tel Aviv-Yafo, Israel",ChIJ0bg3elVLHRURPWP7dZ2SyGw,טורוס אנטריקוט המבורגר,iw,"אצ""ל 57, תל אביב-יפו","אצ""ל 57, תל אביב-יפו",yes,טורוס אנטריקוט המבורגר,iw,"Etsel St 57, Tel Aviv-Yafo","Etsel 57, Tel Aviv-Jaffa",no
4676,הטאבון,"יגאל אלון 155, תל אביב, Israel",הטאבון בעיר,"Yigal Alon St 155, Tel Aviv-Yafo, Israel",ChIJ08d3cb1LHRURLFcDGjpe-Wg,הטאבון בעיר,iw,"יגאל אלון 155, תל אביב-יפו","יגאל אלון 155, תל אביב-יפו",yes,הטאבון בעיר,iw,"Yigal Alon St 155, Tel Aviv-Yafo","Yigal Alon 155, Tel Aviv-Jaffa",no
4677,Shimmy's מודיעין,"דם המכבים 28, מודיעין והסביבה, Israel",Shimmys Burger / שימיס בורגר,"Dam HaMacbim St 28, Modi'in-Maccabim-Re'ut, 7178594, Israel",ChIJJ3cmeA7NAhURffAc0vymelY,Shimmys Burger / שימיס בורגר,en,"דם המכבים 28, מודיעין מכבים רעות, 7178594","דם המכבים 28, מודיעין מכבים רעות",yes,Shimmys Burger / שימיס בורגר,en,"Dam HaMacbim St 28, Modi'in-Maccabim-Re'ut, 7178594","Dam HaMacbim 28, Modi'in Makabim-Re'ut",no
4678,פיצריית הגוש,"ישה חפץ 9, צפון תל אביב, Israel",Hagush (The Bloc) Pizzeria,"Yasha Hefetz St 9, Tel Aviv-Yafo, Israel",ChIJfa_GAFtJHRURV6PO_KDU3fU,פיצריה הגוש תל אביב,iw,"ישה חפץ 9, תל אביב-יפו","ישה חפץ 9, תל אביב-יפו",yes,Hagush (The Bloc) Pizzeria,en,"Yasha Hefetz St 9, Tel Aviv-Yafo","Yasha Hefetz 9, Tel Aviv-Jaffa",no
4680,מקסיקנה,"אלוף קלמן מגן 3, מתחם שרונה, תל אביב, Israel",Mexicana,"Aluf Kalman Magen St 3, Tel Aviv-Yafo, Israel",ChIJWYfg8VdLHRURj7HSCRs7f-4,מקסיקנה שרונה מרקט,iw,"אלוף קלמן מגן 3, תל אביב-יפו","מתחם שרונה, אלוף קלמן מגן 3, תל אביב-יפו",yes,Mexicana,en,"Aluf Kalman Magen St 3, Tel Aviv-Yafo","מתחם שרונה, Aluf Kalman Magen 3, Tel Aviv-Jaffa",no
4682,פיצליקו,"יואל דרובין 17, ראשון לציון, Israel",פיצה אליקו,"Yo'el Drubin St 17, Rishon LeZion, Israel",ChIJgxYUMcq1AhUREVuyh5X1SX8,פיצה אליקו,iw,"יואל דרובין 17, ראשון לציון","יואל דרובין 17, ראשון לציון",yes,פיצה אליקו,iw,"Yo'el Drubin St 17, Rishon LeZion","Yoel Drubin 17, Rishon LeZion",no
4685,Cofizz,"רוטשילד 30, בת ים, Israel",Cofizz,"Rothschild St 30, Bat Yam, Israel",ChIJq0ckrT6zAhURIcn34Oi7ppQ,Cofizz,iw,"רוטשילד 30, בת ים","רוטשילד 30, בת ים",yes,Cofizz,iw,"Rothschild St 30, Bat Yam","Rothschild 30, Bat Yam",no
4686,תבשילי גן עדן,"יהודה 2, ראשון לציון, Israel",שירותי קייטרינג בראשון לציון - תבשילי גן עדן,"Yehuda St 2, Rishon LeZion, 7530702, Israel",ChIJvWas_ae1AhURJymjU1A-sGY,שירותי קייטרינג בראשון לציון - תבשילי גן עדן,iw,"יהודה 2, ראשון לציון, 7530702","יהודה 2, ראשון לציון",yes,שירותי קייטרינג בראשון לציון - תבשילי גן עדן,iw,"Yehuda St 2, Rishon LeZion, 7530702","Yehuda 2, Rishon LeZion",no
4687,פלאפל בטעם של פעם,"סוקולוב 98, חולון, Israel",פלאפל בטעם של פעם,"Sokolov St 98, Holon, Israel",ChIJuSfKRq-0AhURMgEi6B1RqsU,פלאפל בטעם של פעם,iw,"סוקולוב 98, חולון","סוקולוב 98, חולון",yes,פלאפל בטעם של פעם,iw,"Sokolov St 98, Holon","Sokolow 98, Holon",no
4688,פסקרה,"תוצרת הארץ 3, פתח תקווה, Israel",פאסקרה,"Totseret ha-Arets St 3, Petah Tikva, Israel",ChIJ8ejuFNBJHRURSXcD_tTrstE,פאסקרה,iw,"תוצרת הארץ 3, פתח תקווה","תוצרת הארץ 3, פתח תקווה",yes,פאסקרה,iw,"Totseret ha-Arets St 3, Petah Tikva","Totseret HaArets 3, Petah Tikva",no
4690,Miznon,"23 Ibn Gavirol St, Tel Aviv",Miznon,"Shlomo Ibn Gabirol St 23, Tel Aviv-Yafo, Israel",ChIJX22xbllLHRURB9DonNGP8yI,Miznon by Eyal Shani מזנון,iw,"שלמה אבן גבירול 23, תל אביב-יפו","שלמה אבן גבירול 23, תל אביב-יפו",yes,Miznon,en,"Shlomo Ibn Gabirol St 23, Tel Aviv-Yafo","Shlomo Ibn Gabirol 23, Tel Aviv-Jaffa",no
4691,Meshek Barzilay,"6 Ahad Ha'am St, Tel Aviv",Meshek Barzilay,"Ahad Ha'Am St 6, Tel Aviv-Yafo, Israel",ChIJVV3QfJtMHRURPY_eDNKOXIY,משק ברזילי,iw,"אחד העם 6, תל אביב-יפו","אחד העם 6, תל אביב-יפו",yes,Meshek Barzilay,en,"Ahad Ha'Am St 6, Tel Aviv-Yafo","Ahad Ha'Am 6, Tel Aviv-Jaffa",no
4711,קאבלרו,"המרפא 1, הר חוצבים, ירושלים, Israel",Caballero/ קאבלרו,"Ha-Marpe St 1, Jerusalem, Israel",ChIJVRc4hwDXAhURNt1ChcVwjlw,Caballero/ קאבלרו,en,"המרפא 1, ירושלים","המרפא 1, ירושלים",yes,Caballero/ קאבלרו,en,"Ha-Marpe St 1, Jerusalem","HaMarpe 1, Jerusalem",no
4712,הודיה,"נעמי 4, ירושלים, Israel",הודיה אירועים,"פלאנט ירושלים, Naomi St 4, Jerusalem, 9355204, Israel",ChIJT2lEveQpAxURrr6SP7n-wUA,הודיה אירועים,en,"פלאנט ירושלים, Naomi St 4, Jerusalem, 9355204","פלאנט ירושלים, נעמי 4, ירושלים",yes,הודיה אירועים,en,"פלאנט ירושלים, Naomi St 4, Jerusalem, 9355204","פלאנט ירושלים, Naomi 4, Jerusalem",yes
4713,לחם בשר,"דוד רמז 4, המושבה הגרמנית, ירושלים, Israel",Lechem Basar,"מתחם התחנה הראשונה, דוד רמז 4, ירושלים, Israel",ChIJ06o1dS4oAxURd5xfYdzQmrM,לחם בשר ירושלים,iw,"מתחם התחנה הראשונה, דוד רמז 4, ירושלים","מתחם התחנה הראשונה, דוד רמז 4, ירושלים",yes,Lechem Basar,en,"מתחם התחנה הראשונה, דוד רמז 4, ירושלים","מתחם התחנה הראשונה, David Remez 4, Jerusalem",yes
4715,סלון יווני ירושלים,"דוד רמז 4, המושבה הגרמנית, ירושלים, Israel",סלון יווני ירושלים,"מתחם התחנה הראשונה, David Remez St 4, Jerusalem, 9354102, Israel",ChIJbYLbZIwpAxURA6gN57rptAQ,סלון יווני ירושלים,en,"מתחם התחנה הראשונה, David Remez St 4, Jerusalem, 9354102","מתחם התחנה הראשונה, דוד רמז 4, ירושלים",yes,סלון יווני ירושלים,en,"מתחם התחנה הראשונה, David Remez St 4, Jerusalem, 9354102","מתחם התחנה הראשונה, David Remez 4, Jerusalem",yes
4719,חצר עין כרם,"מדרגות הרומאים 1, עין כרם, ירושלים, Israel",HaTzar Ein Kerem,"Haromaim Stairs, Jerusalem, 9574534, Israel",ChIJv6G4DiDXAhUR34Z9Ysc2Y_U,חצר עין כרם,iw,"מדרגות הרומאים, ירושלים, 9574534","מדרגות הרומאים, ירושלים",yes,HaTzar Ein Kerem,en,"Haromaim Stairs, Jerusalem, 9574534","Haromaim Stairs, Jerusalem",no
4720,נוקטורנו,"בצלאל 7, ירושלים, Israel",נוקטורנו בית וקפה - Nocturno,"Betsal'el St 7, Jerusalem, Israel",ChIJDU0iHCrWAhUR3tMWlyxziyE,נוקטורנו,iw,"בצלאל 7, ירושלים","בצלאל 7, ירושלים",yes,נוקטורנו בית וקפה - Nocturno,en,"Betsal'el St 7, Jerusalem","Bezalel 7, Jerusalem",no
4722,מסעדת צדקיהו,"יד חרוצים 21, קניון ישראל תלפיות, ירושלים, Israel",מסעדת צדקיהו Tzidkiyahu Resturant,"Yad Harutsim St 21, Jerusalem, Israel",ChIJS1oDEh4oAxURdy5Qkzxy2CE,מסעדת צדקיהו Tzidkiyahu Resturant,iw,"יד חרוצים 21, ירושלים","יד חרוצים 21, ירושלים",yes,מסעדת צדקיהו Tzidkiyahu Resturant,iw,"Yad Harutsim St 21, Jerusalem","Yad Harutsim 21, Jerusalem",no
4723,אברמיטו,"שד' יגאל אלון 6, בית שמש, Israel",אברמיטו | מסעדת בשרים משפחתית,"Yig'al Alon Ave 6, Beit Shemesh, 99023, Israel",ChIJVYribEfFAhURsVhOnbYPm_E,אברמיטו | מסעדת בשרים משפחתית,iw,"שדרות יגאל אלון 6, בית שמש, 99023","שדרות יגאל אלון 6, בית שמש",yes,אברמיטו | מסעדת בשרים משפחתית,iw,"Yig'al Alon Ave 6, Beit Shemesh, 99023","Yig'al Alon Ave 6, Beit Shemesh",no
4725,סושי אנד בייגלס,"בית שמש, Israel",Sushi N Bagels,"Hashdera Mall, Menachem Porush 1, Bet Shemesh, 9964114, Israel",ChIJ_5UcLz_DAhURQkm4O-kb1v4,Sushi N Bagels,en,"Hashdera Mall, Menachem Porush 1, Bet Shemesh, 9964114","Hashdera Mall, Menachem Porush 1, בית שמש",no,Sushi N Bagels,en,"Hashdera Mall, Menachem Porush 1, Bet Shemesh, 9964114","Hashdera Mall, Menachem Porush 1, Beit Shemesh",no
4726,מודרן מוזיאון ישראל,"דרך רופין 11, ירושלים, Israel",Modern,"מוזיאון ישראל, דרך רופין 11, ירושלים, 9370621, Israel",ChIJnRFQ2dHXAhURihE8RX0BgTA,"מסעדת מודרן, מוזיאון ישראל-ירושלים",iw,"מוזיאון ישראל, דרך רופין 11, ירושלים, 9370621","מוזיאון ישראל, דרך רופין 11, ירושלים",yes,Modern,en,"מוזיאון ישראל, דרך רופין 11, ירושלים, 9370621","מוזיאון ישראל, Derech Ruppin 11, Jerusalem",yes
4728,ריוויירה,"ירמיהו 33, ירושלים, Israel",RivierA,"Yirmiyahu St 33, Jerusalem, 9446718, Israel",ChIJX6tCroLXAhURFTQRxy7v5bw,RivierA,iw,"ירמיהו 33, ירושלים, 9446718","ירמיהו 33, ירושלים",yes,RivierA,iw,"Yirmiyahu St 33, Jerusalem, 9446718","Yirmiyahu 33, Jerusalem",no
4729,פאפאגאיו ירושלים,"יד חרוצים 3, ירושלים, Israel",Papagaio - Brazilian Steak House,"Yad Harutsim St 3, Jerusalem, Israel",ChIJPWFRmx8oAxUR8_GyhSy3490,פאפאגאיו ירושלים,iw,"יד חרוצים 3, ירושלים","יד חרוצים 3, ירושלים",yes,Papagaio - Brazilian Steak House,en,"Yad Harutsim St 3, Jerusalem","Yad Harutsim 3, Jerusalem",no
4732,לה סטורי,"האייל 16, ירושלים, Israel",La story,"HaAyal St 16, Jerusalem, Israel",ChIJ-_9GNo7XAhURfegCk9N8gN8,La story,iw,"האייל 16, ירושלים","האייל 16, ירושלים",yes,La story,en,"HaAyal St 16, Jerusalem","HaAyal 16, Jerusalem",no
4733,פלומינו,"המלך ג'ורג' 41, ירושלים, Israel",Palomino - פלומינו,"King George St 41, Jerusalem, Israel",ChIJ-Y0ItawpAxURkTCDFuUSuVs,Palomino - פלומינו,iw,"המלך ג'ורג' 41, ירושלים","גן מאיר שרמן, המלך ג'ורג' 41, ירושלים",yes,Palomino - פלומינו,iw,"King George St 41, Jerusalem","Meir Sherman Garden, King George 41, Jerusalem",no
4734,המבורגר ברלין,"ממילא 13, שדרות אלרוב ממילא, ירושלים, Israel",המבורגר ברלין,"Mamilla Rd 13, Jerusalem, Israel",ChIJHwYO76cpAxURPQUbfRRinbc,המבורגר ברלין,iw,"ממילא 13, ירושלים","ממילא 13, ירושלים",yes,המבורגר ברלין,iw,"Mamilla Rd 13, Jerusalem","Derech Mamilla 13, Jerusalem",no
4739,מיט טיים,"הערמונים 2, מחנה יהודה, ירושלים, Israel",מיט טיים Meat time - ירושלים,"HaArmonim St 2, Jerusalem, 9432249, Israel",ChIJ3cuZk7zXAhURmLH8mqrbKkY,מיט טיים Meat time - ירושלים,iw,"הערמונים 2, ירושלים, 9432249","הערמונים 2, ירושלים",yes,מיט טיים Meat time - ירושלים,iw,"HaArmonim St 2, Jerusalem, 9432249","HaArmonim 2, Jerusalem",no
4740,שיאן,"רמב""ן 8, ירושלים, Israel",Sheyan,"Ramban St 8, Jerusalem, Israel",ChIJ-3jQM9UpAxURIkPPX5VR4G0,Sheyan,iw,"רמב""ן 8, ירושלים","רמב""ן 8, ירושלים",yes,Sheyan,en,"Ramban St 8, Jerusalem","Ramban 8, Jerusalem",no
4741,קפית,"עמק רפאים 36, ירושלים, Israel",Caffit,"Emek Refa'im St 36, Jerusalem, Israel",ChIJt2W3yaAF-hQRQfQfh4oPn9M,קפית,iw,"עמק רפאים 36, ירושלים","עמק רפאים 36, ירושלים",yes,Caffit,en,"Emek Refa'im St 36, Jerusalem","Emek Refaim 36, Jerusalem",no
4742,אנטוני'ס פיצה,"שושן 4, ירושלים, Israel",Anthony's Pizza,"Shoshan St 4, Jerusalem, Israel",ChIJ_RnY-zApAxURiArKrBJ_n_s,Anthony's Pizza,iw,"שושן 4, ירושלים","שושן 4, ירושלים",yes,Anthony's Pizza,en,"Shoshan St 4, Jerusalem","Shoshan 4, Jerusalem",no
4743,הרווי'ס,"יפו 33, ירושלים, Israel",Harvey's Smokehouse,"Jaffa St 33, Jerusalem, Israel",ChIJB2f8O9EpAxUR3iVuatfeodY,"הארווי""ס",iw,"יפו 33, ירושלים","יפו 33, ירושלים",yes,Harvey's Smokehouse,en,"Jaffa St 33, Jerusalem","Yafo 33, Jerusalem",no
4744,רודריגז,"קרית מדע 3, הר חוצבים, ירושלים, Israel",Rodriguez,"מגדל ג.ט.י, Kiryat HaMada 3, Jerusalem, Israel",ChIJ86fOmR7WAhURVWjR29uIEYA,רודריגז מסעדת בשרים,iw,"מגדל ג.ט.י, קרית המדע 3, ירושלים","מגדל ג.ט.י, קרית המדע 3, ירושלים",yes,Rodriguez,en,"מגדל ג.ט.י, Kiryat HaMada 3, Jerusalem","מגדל ג.ט.י, Kiryat HaMada 3, Jerusalem",yes
4745,סאם בורגר ירושלים,"קרית מדע 3, הר חוצבים, ירושלים, Israel",Sam's Burgers,"Kiryat HaMada St 3, Jerusalem, Israel",ChIJG7x89jbXAhURnZ64QEysB8s,Sam's bugers סאם בורגר,iw,"קרית המדע 3, ירושלים","קרית המדע 3, ירושלים",yes,Sam's Burgers,en,"Kiryat HaMada St 3, Jerusalem","Kiryat HaMada 3, Jerusalem",no
4746,קיטשן בראסרי,"ממילא 13, שדרות אלרוב ממילא, ירושלים, Israel",מסעדת קיטשן ממילא ירושלים,"בתוך הקניון הסגור, שדרות אלרוב, Derech Mamilla 8, Jerusalem, 9414904, Israel",ChIJ9XMFViQpAxUR_QW_ppqZHm8,מסעדת קיטשן ממילא ירושלים,iw,"בתוך הקניון הסגור, שדרות אלרוב, ממילא 8, ירושלים, 9414904","שדרות אלרוב, בתוך הקניון הסגור, ממילא 8, ירושלים",yes,מסעדת קיטשן ממילא ירושלים,iw,"בתוך הקניון הסגור, שדרות אלרוב, Derech Mamilla 8, Jerusalem, 9414904","שדרות אלרוב, בתוך הקניון הסגור, Derech Mamilla 8, Jerusalem",yes
4749,חומוס אליהו ירושלים,"ירמיהו 43, קניון סנטר 1, ירושלים, Israel",חומוס אליהו סנטר 1,"Yirmiyahu St 43, Jerusalem, Israel",ChIJA199gjDWAhURIIk1b4KlbvA,חומוס אליהו סנטר 1,iw,"ירמיהו 43, ירושלים","ירמיהו 43, ירושלים",yes,חומוס אליהו סנטר 1,iw,"Yirmiyahu St 43, Jerusalem","Yirmiyahu 43, Jerusalem",no
4754,פיצה רימני פלוס,"פארן 9, ירושלים, Israel",PIZZA RIMINI PLUS,"Paran St 11, Jerusalem",ChIJTz_j4O8pAxURDBJuSxjBSKU,PIZZA RIMINI PLUS,es,"פארן 11, ירושלים","פארן 11, ירושלים",yes,PIZZA RIMINI PLUS,es,"Paran St 11, Jerusalem","Paran 11, Jerusalem",no
4758,יוסף הדייג,"עמק רפאים 42, ירושלים, Israel",יוסף הדייג Fishstore,"Emek Refa'im St 42, Jerusalem, Israel",ChIJRWFp0r4pAxURyAjSge7XZCI,יוסף הדייג - חנות דגים,iw,"עמק רפאים 42, ירושלים","עמק רפאים 42, ירושלים",yes,יוסף הדייג Fishstore,en,"Emek Refa'im St 42, Jerusalem","Emek Refaim 42, Jerusalem",no
4760,בורקס טורקי,"התעשיה 5, ירושלים, Israel",בורקס טורקי,"HaTa'asiya St 5, Jerusalem, Israel",ChIJbxZgeeLXAhURpK1VCShkD-0,בורקס טורקי,iw,"התעשייה 5, ירושלים","התעשייה 5, ירושלים",yes,בורקס טורקי,iw,"HaTa'asiya St 5, Jerusalem","HaTa'asiya 5, Jerusalem",no
4761,רחל בשדרה,"שד' בן מימון 13, ירושלים, Israel",Rachel Ba-Sdera,"Sderot Ben Maimon 13, Jerusalem, Israel",ChIJE0hQZNXXAhURR6KPDlbk0yM,רחל בשדרה,iw,"שדרות בן מיימון 13, ירושלים","שדרות בן מיימון 13, ירושלים",yes,Rachel Ba-Sdera,en,"Sderot Ben Maimon 13, Jerusalem","Sderot Ben Maimon 13, Jerusalem",no
4770,החאן גלריה לאירועים,"דוד רמז 2, המושבה הגרמנית, ירושלים, Israel",Khan Theatre,"David Remez St 2, Jerusalem, Israel",ChIJS7DIvS0oAxUR_MqlEkwd9Ts,תיאטרון החאן,iw,"דוד רמז 2, ירושלים","דוד רמז 2, ירושלים",yes,Khan Theatre,en,"David Remez St 2, Jerusalem","David Remez 2, Jerusalem",no
4771,עזרא גריל בשרים,"יד חרוצים 14, ירושלים, Israel",Ezra Grill,"Yad Harutsim St 14, Jerusalem, Israel",ChIJbZqeth8oAxURblzzDiur38o,עזרא גריל בשרים,iw,"יד חרוצים 14, ירושלים","יד חרוצים 14, ירושלים",yes,Ezra Grill,en,"Yad Harutsim St 14, Jerusalem","Yad Harutsim 14, Jerusalem",no
4776,הלחם של תומר,"הל""ה 22, ירושלים, Israel",Tomer's Bread,"הלחם של תומר-קטמון, Halamed Hei 22, Jerusalem, Israel",ChIJXZwSh9nXAhURaZbSg91GKaw,הלחם של תומר-קטמון-הישנה,iw,"הלחם של תומר-קטמון, הל""ה 22, ירושלים","הלחם של תומר-קטמון, הל""ה 22, ירושלים",yes,Tomer's Bread,en,"הלחם של תומר-קטמון, Halamed Hei 22, Jerusalem","הלחם של תומר-קטמון, Halamed Hei 22, Jerusalem",yes
4778,הארזים פיצה בייקרי ירושלים,"הארזים 13, ירושלים, Israel",הארזים Pizza Bakery,"HaArazim St 13, Jerusalem, Israel",ChIJ-65dYrHXAhURHunqFr-oEDQ,הארזים Pizza Bakery,iw,"הארזים 13, ירושלים","הארזים 13, ירושלים",yes,הארזים Pizza Bakery,iw,"HaArazim St 13, Jerusalem","HaArazim 13, Jerusalem",no
4783,רולדין,"אגודת ספורט בית""ר 1, ירושלים, Israel",רולדין,"Derech Agudat Sport Beitar 1, Jerusalem, Israel",ChIJ_646h47XAhURE6kAYKLKvpY,רולדין,iw,"דרך אגודת ספורט בית""ר 1, ירושלים","דרך אגודת ספורט בית""ר 1, ירושלים",yes,רולדין,en,"Derech Agudat Sport Beitar 1, Jerusalem","Derech Agudat Sport Beitar 1, Jerusalem",no
4785,באבוש,"דרך חברון 101, ירושלים, Israel",באבוש,"Hebron Rd 101, Jerusalem, Israel",ChIJPcuMzQQpAxURddSuGXnKGPk,באבוש,iw,"דרך חברון 101, ירושלים","דרך חברון 101, ירושלים",yes,באבוש,iw,"Hebron Rd 101, Jerusalem","Derech Hevron 101, Jerusalem",no
4786,שווארמיס,"כנפי נשרים 66, ירושלים, Israel",שוארמיס,"Kanfei Nesharim St 66, Jerusalem, Israel",ChIJ1Y0JqzPXAhUR2ks6-k9UjAg,שוארמיס,iw,"כנפי נשרים 66, ירושלים","כנפי נשרים 66, ירושלים",yes,שוארמיס,iw,"Kanfei Nesharim St 66, Jerusalem","Kanfei Nesharim 66, Jerusalem",no
4787,הלו תימן,"שד' ויצמן 1, גבעת שאול, ירושלים, Israel",מסעדת הלו תימן,"מתחם תחנת דלק פז, ויצמן 3, ירושלים, Israel",ChIJuxYyUzfWAhUR9KCN627tLGE,מסעדת הלו תימן,iw,"מתחם תחנת דלק פז, ויצמן 3, ירושלים","מתחם תחנת דלק פז, ויצמן 3, ירושלים",yes,מסעדת הלו תימן,iw,"מתחם תחנת דלק פז, ויצמן 3, ירושלים","מתחם תחנת דלק פז, ויצמן 3, Jerusalem",yes
4788,פלאפל דורון,"רחל אמנו 2, עמק רפאים, ירושלים, Israel",Doron Falafel,"Rachel Imenu St 2, Jerusalem, Israel",ChIJ5VdtOSYoAxURrtJOCjXQBG4,פלאפל דורון,iw,"רחל אמנו 2, ירושלים","רחל אמנו 2, ירושלים",yes,Doron Falafel,en,"Rachel Imenu St 2, Jerusalem","Rachel Imenu 2, Jerusalem",no
4789,ג'אפן ג'אפן JAPAN JAPAN,"ההגנה 21, ירושלים, Israel",Japan Japan,"Ha-Hagana St 21, Jerusalem",ChIJL35emYwpAxURB7Cc6rQIcEQ,ג'אפן ג'אפן,iw,"רחוב ההגנה 21, ירושלים","רחוב ההגנה 21, ירושלים",yes,Japan Japan,en,"Ha-Hagana St 21, Jerusalem","HaHagana 21, Jerusalem",no
4791,יהודה ושרלי,"שטנר 5, גבעת שאול, ירושלים, Israel",מסעדת יהודה ושרלי,"Shatner St 5, Jerusalem, 95461, Israel",ChIJeWt9z0vWAhURBbpR2aL8ZNY,מסעדת יהודה ושרלי,iw,"שטנר 5, ירושלים, 95461","שטנר 5, ירושלים",yes,מסעדת יהודה ושרלי,iw,"Shatner St 5, Jerusalem, 95461","Shatner 5, Jerusalem",no
4792,בארכה ממילא,"כורש 7, ירושלים, Israel",Baraka,"Koresh St 7, Jerusalem, Israel",ChIJ2zQAp9EpAxUR4tbu_xJTPEg,בארכה ממילא - מסעדה לאירועים ליד הכותל,iw,"כורש 7, ירושלים","כורש 7, ירושלים",yes,Baraka,en,"Koresh St 7, Jerusalem","Koresh 7, Jerusalem",no
4794,חצר ברובע,"תפארת ישראל 2, הרובע היהודי, ירושלים, Israel",חצר ברובע,"Misgav Ladakh St 36, Jerusalem",ChIJa93IjIEpAxURkia-yEv0lWU,חצר ברובע,en,"רחוב משגב לדך 36, ירושלים","רחוב משגב לדך 36, ירושלים",yes,חצר ברובע,en,"Misgav Ladakh St 36, Jerusalem","Misgav Ladach 36, Jerusalem",no
4795,פיצה גבעת יערים,"מרבד הקסמים, גבעת יערים, Israel",פיצה גבעת יערים,"Marvad ha-Ksamim St 4, Giv'at Ye'arim, 9097000, Israel",ChIJqeSJ7dXRAhURsl83qmKVSHU,פיצה גבעת יערים,iw,"מרבד הקסמים 4, גבעת יערים, 9097000","מרבד הקסמים 4, גבעת יערים",yes,פיצה גבעת יערים,iw,"Marvad ha-Ksamim St 4, Giv'at Ye'arim, 9097000","Marvad HaKsamim 4, Giv'at Ye'arim",no
4797,סושי רחביה,"עזה 31, ירושלים, Israel",Sushi Rehavia,"Azza St 31, Jerusalem, Israel",ChIJwUCsm6AF-hQRDqG0nq6-Gtw,סושי רחביה,iw,"דרך עזה 31, ירושלים","דרך עזה 31, ירושלים",yes,Sushi Rehavia,en,"Azza St 31, Jerusalem","Azza 31, Jerusalem",no
4799,Urban Cafe,"השקמה 5, מחנה יהודה, ירושלים, Israel",Urbun Cafe Jerusalem,"Ha-Shikma St 5, Jerusalem, Israel",ChIJ78mI8yjWAhURuYaGTWVXwnI,קפה אורבן,iw,"השיקמה 5, ירושלים","השיקמה 5, ירושלים",yes,Urbun Cafe Jerusalem,en,"Ha-Shikma St 5, Jerusalem","HaShikma 5, Jerusalem",no
4802,טאקוס לואיס,"שלומציון המלכה 11, ירושלים, Israel",Tacos Luis,"Queen Shlomziyon St 11, Jerusalem, Israel",ChIJkyHOnvspAxURwpJo1rbUuQU,Tacos Luis,iw,"שלומציון המלכה 11, ירושלים","שלומציון המלכה 11, ירושלים",yes,Tacos Luis,iw,"Queen Shlomziyon St 11, Jerusalem","Queen Shlomziyon 11, Jerusalem",no
4805,משק עפאים,"בית הכרם 19, ירושלים, Israel",Ofaimme farm cafe,"Beit HaKerem St 19, Jerusalem, Israel",ChIJtVSsALXXAhURoVzOZPMWRTU,משק עפאים,iw,"בית הכרם 19, ירושלים","בית הכרם 19, ירושלים",yes,Ofaimme farm cafe,en,"Beit HaKerem St 19, Jerusalem","Beit HaKerem 19, Jerusalem",no
4806,מפגש הסדנא,"הסדנא 5, ירושלים, Israel",מפגש הסדנא,"Ha-Sadna St 5, Jerusalem, Israel",ChIJ5_Bg-R0oAxURv_RkVhIqvyM,מפגש הסדנא,iw,"הסדנא 5, ירושלים","הסדנא 5, ירושלים",yes,מפגש הסדנא,iw,"Ha-Sadna St 5, Jerusalem","HaSadna 5, Jerusalem",no
4807,מסעדת ורנדה,"המלך דוד 7, ירושלים, Israel",Veranda Fine Grill Restaurant - Jerusalem,"King David St 7, Jerusalem, 9410119, Israel",ChIJ94KR7XgpAxURI6W_bi5yDSQ,Veranda Fine Grill Restaurant - Jerusalem,en,"דוד המלך 7, ירושלים, 9410119","דוד המלך 7, ירושלים",yes,Veranda Fine Grill Restaurant - Jerusalem,en,"King David St 7, Jerusalem, 9410119","David HaMelech 7, Jerusalem",no
4808,בלינדה,"דיסקין 9, ירושלים, Israel",Belinda Cafe,"מרכז שלומ מאיר, דיסקין 9א, קומה 2, ירושלים, Israel",ChIJTXtP-irXAhUR532tje_2yXA,Belinda Cafe,en,"מרכז שלומ מאיר, דיסקין 9א, קומה 2, ירושלים","מרכז שלומ מאיר, דיסקין 9א, קומה 2, ירושלים",yes,Belinda Cafe,en,"מרכז שלומ מאיר, דיסקין 9א, קומה 2, ירושלים","מרכז שלומ מאיר, Diskin 9א, קומה 2, Jerusalem",yes
4809,דולפין ים,"בן שטח שמעון 9, ירושלים, Israel",Sea Dolphin,"Shim'on Ben Shatakh St 9, Jerusalem, Israel",ChIJS0JoOtEpAxUR3gll6vATzhw,דולפין ים הכשרה - Sea dolphin kosher,iw,"שמעון בן שטח 9, ירושלים","שמעון בן שטח 9, ירושלים",yes,Sea Dolphin,en,"Shim'on Ben Shatakh St 9, Jerusalem","Shim'on Ben Shetach 9, Jerusalem",no
4810,פיצה בומבה ירושלים,"אגריפס 97, ירושלים, Israel",Pizza Bomba,"Agripas St 97, Jerusalem, Israel",ChIJpZs8TijWAhURbGCfzX6x6Y8,פיצה בומבה Pizza Bomba,iw,"אגריפס 97, ירושלים","אגריפס 97, ירושלים",yes,Pizza Bomba,en,"Agripas St 97, Jerusalem","Agripas 97, Jerusalem",no
4811,פיצה בר גילה,"הגננת 216, ירושלים, Israel",פיצה בר גילה,"הגננת 216, Jerusalem",ChIJL6OamDXZAhURDKn-GDU5ycw,פיצה בר גילה,iw,"הגננת 216, ירושלים","הגננת 216, ירושלים",yes,פיצה בר גילה,iw,"הגננת 216, Jerusalem","הגננת 216, Jerusalem",yes
4816,ג'אפן ג'אפן JAPAN JAPAN,"שד' יגאל אלון 3, ביג פאשן בית שמש, Israel",Japan Japan,"Yig'al Alon Ave 3, Beit Shemesh, Israel",ChIJi3tbAFrEAhURXJB_ENiXnGQ,ג’אפן ג’אפן בית שמש,iw,"שדרות יגאל אלון 3, בית שמש","שדרות יגאל אלון 3, בית שמש",yes,Japan Japan,en,"Yig'al Alon Ave 3, Beit Shemesh","Yig'al Alon Ave 3, Beit Shemesh",no
4818,ניו דלי,"עמק רפאים 44, ירושלים, Israel",ניודלי Newdeli,"Emek Refa'im St 44, Jerusalem, Israel",ChIJIYeSRSYoAxURpZ4I4zpHcbY,ניו דלי,iw,"עמק רפאים 44, ירושלים","עמק רפאים 44, ירושלים",yes,ניודלי Newdeli,en,"Emek Refa'im St 44, Jerusalem","Emek Refaim 44, Jerusalem",no
4819,ROASTERS רוסטרס,"האפרסק 20, מחנה יהודה, ירושלים, Israel",Roasters רוסטרס מחנה יהודה,"HaAfarsek St 20, Jerusalem, Israel",ChIJF_Q2aCjWAhURR9emCFI_yxs,Roasters,iw,"האפרסק 20, ירושלים","האפרסק 20, ירושלים",yes,Roasters רוסטרס מחנה יהודה,en,"HaAfarsek St 20, Jerusalem","HaAfarsek 20, Jerusalem",no
4824,גבריאל מטבח גורמה וגריל,"עמק ברכה 12, נוה דניאל, Israel",גבריאל מטבח וגריל gavriel kitchen and grill,"עמק ברכה 12, נווה דניאל, 90909, Israel",ChIJmXqWZJ9LHRURGzJX0oBqLys,גבריאל מטבח וגריל gavriel kitchen and grill,iw,"עמק ברכה 12, נווה דניאל, 90909","עמק ברכה 12, נווה דניאל",yes,גבריאל מטבח וגריל gavriel kitchen and grill,iw,"עמק ברכה 12, נווה דניאל, 90909","עמק ברכה 12, נווה דניאל",yes
4825,כנאפ,"האגוז 15, ירושלים, Israel",Knaf,"HaEgoz St 15, Jerusalem, Israel",ChIJp8wR1yXXAhURr_oOU794SZU,כנאף knaf,iw,"האגוז 15, ירושלים","האגוז 15, ירושלים",yes,Knaf,en,"HaEgoz St 15, Jerusalem","HaEgoz 15, Jerusalem",no
4826,משולשים,"נחל קישון 48, בית שמש, Israel",Meshulashim,"רמת, Nachal HaKishon Ave 48, Bet Shemesh, Israel",ChIJVZ-YWbDDAhURaRFMByLGoKg,משולשים,iw,"רמת, Nachal HaKishon Ave 48, Bet Shemesh","רמת, שדרות נחל הקישון 48, בית שמש",yes,Meshulashim,en,"רמת, Nachal HaKishon Ave 48, Bet Shemesh","רמת, Sderot Nachal HaKishon 48, Beit Shemesh",yes
4828,דובשנית,"הפלמ""ח 42, ירושלים, Israel",מגדניה דובשנית,"HaPalmach St 42, Jerusalem, Israel",ChIJwyxfGdrXAhURakTKknamrkM,מגדניה דובשנית,iw,"הפלמ""ח 42, ירושלים","הפלמ""ח 42, ירושלים",yes,מגדניה דובשנית,en,"HaPalmach St 42, Jerusalem","HaPalmach 42, Jerusalem",no
4831,זיסלק רמות ירושלים,"גולדה מאיר 255, רמות אלון, ירושלים, Israel",זיסלק קניון רמות,"Golda Me'ir Boulevard 255, • ירושלים, القدس, Jerusalem, Yerushalayim, أورشليم, י-ם, जेरूसलम, జేరుసలం, Ерусалим, Jeruzalém, Jérusalem, Jeruzalem, Ιερουσαλήμ, Jeruzsálem, Yerusal…JerusalemJerusalem",ChIJH0RobQvWAhURLKZB2YIcPyg,זיסלק קניון רמות,iw,"שדרות גולדה מאיר 255, • ירושלים, القدس, Jerusalem, Yerushalayim, أورشليم, י-ם, जेरूसलम, జేరుసలం, Ерусалим, Jeruzalém, Jérusalem, Jeruzalem, Ιερουσαλήμ, Jeruzsálem, Yerusal…JerusalemJerusalem","שדרות גולדה מאיר 255, • ירושלים, القدس, Jerusalem, Yerushalayim, أورشليم, י-ם, जेरूसलम, జేరుసలం, Ерусалим, Jeruzalém, Jérusalem, Jeruzalem, Ιερουσαλήμ, Jeruzsálem, Yerusal…JerusalemJerusalem",yes,זיסלק קניון רמות,iw,"Golda Me'ir Boulevard 255, • ירושלים, القدس, Jerusalem, Yerushalayim, أورشليم, י-ם, जेरूसलम, జేరుసలం, Ерусалим, Jeruzalém, Jérusalem, Jeruzalem, Ιερουσαλήμ, Jeruzsálem, Yerusal…JerusalemJerusalem","Golda Me'ir Boulevard 255, • ירושלים, القدس, Jerusalem, Yerushalayim, أورشليم, י-ם, जेरूसलम, జేరుసలం, Ерусалим, Jeruzalém, Jérusalem, Jeruzalem, Ιερουσαλήμ, Jeruzsálem, Yerusal…JerusalemJerusalem",yes
4832,cofix,"דרך יצחק רבין 2, קניון נעימי, בית שמש, Israel",Cofix,"Derech Yitshak Rabin 2, Beit Shemesh, Israel",ChIJkwfGul_EAhUR-Q1Hfg5qfgI,קופיקס,iw,"דרך יצחק רבין 2, בית שמש","דרך יצחק רבין 2, בית שמש",yes,Cofix,en,"Derech Yitshak Rabin 2, Beit Shemesh","Derech Yitshak Rabin 2, Beit Shemesh",no
4834,שניצל ג'ורדי,"שד' יגאל אלון 6, בית שמש, Israel",Jordi Schnitzel,"Yig'al Alon Ave 6, Beit Shemesh, Israel",ChIJ68peOWxLHRURqea3QUVqALs,שניצל ג'ורדי,iw,"שדרות יגאל אלון 6, בית שמש","קניון שער העיר, שדרות יגאל אלון 6, בית שמש",yes,Jordi Schnitzel,en,"Yig'al Alon Ave 6, Beit Shemesh","קניון שער העיר, Yig'al Alon Ave 6, Beit Shemesh",no
4839,מקסיקני בורגרס,"דהומיי 3, ירושלים, Israel","מקסיקני בורגרס, ירושלים","Dahomey St 3, Jerusalem, Israel",ChIJdfQ9PnnXAhURGDqfy1EQjHA,"מקסיקני בורגרס, ירושלים",iw,"דהומיי 3, ירושלים","דהומיי 3, ירושלים",yes,"מקסיקני בורגרס, ירושלים",iw,"Dahomey St 3, Jerusalem","Dahomey 3, Jerusalem",no
4844,ביג אפל פיצה,"בן זכאי 7, ירושלים, Israel",ביג אפל פיצה,"Raban Yohanan ben Zakai St 7, Jerusalem, Israel",ChIJO-ImDt_XAhURFZ2WFkes3N8,ביג אפל פיצה,iw,"רבן יוחנן בן זכאי 7, ירושלים","רבן יוחנן בן זכאי 7, ירושלים",yes,ביג אפל פיצה,en,"Raban Yohanan ben Zakai St 7, Jerusalem","Raban Yohanan ben Zakai 7, Jerusalem",no
4845,בר יין,"עזה 82, ירושלים, Israel",Wine Bar,"Azza St 28, Jerusalem, Israel",ChIJoaeRf9XXAhURVlhY86AV2i4,Wine Bar,iw,"דרך עזה 28, ירושלים","דרך עזה 28, ירושלים",yes,Wine Bar,en,"Azza St 28, Jerusalem","Azza 28, Jerusalem",no
4851,מיסטר גרין,"יפו 38, ירושלים, Israel",Mr. Green,"Jaffa St 38, Jerusalem, Israel",ChIJj1PM0tApAxURE5BgoLSXhVg,Mr Green Salads & Bagels,iw,"יפו 38, ירושלים","יפו 38, ירושלים",yes,Mr. Green,en,"Jaffa St 38, Jerusalem","Yafo 38, Jerusalem",no
4852,אצה,"שד' יגאל אלון 1, ביג פאשן בית שמש, Israel",אצה סושי בר בית שמש,"מרכז ביג, שדרות יגאל אלון 1, בית שמש, Israel",ChIJSUzujlrEAhURyYLC1MxS2mE,אצה סושי בר בית שמש,iw,"מרכז ביג, שדרות יגאל אלון 1, בית שמש","מרכז ביג, שדרות יגאל אלון 1, בית שמש",yes,אצה סושי בר בית שמש,iw,"מרכז ביג, שדרות יגאל אלון 1, בית שמש","מרכז ביג, Yig'al Alon Ave 1, Beit Shemesh",yes
4853,כורש 3,"כורש 3, ירושלים, Israel",Koresh St 3,"Koresh St 3, Jerusalem, Israel",ChIJzZ4JBdEpAxURGcu9o029VH4,כורש 3,,"כורש 3, ירושלים","כורש 3, ירושלים",yes,Koresh St 3,,"Koresh St 3, Jerusalem","Koresh 3, Jerusalem",no
4854,מיט בר Meat Bar,"נחל מאור 10, בית שמש, Israel",בר בשרים,"Nahal Maor St 10, Bet Shemesh, Israel",ChIJdS4bTXHDAhUR9U3w7TxsG3A,בר בשרים,en,"נחל מאור 10, בית שמש","נחל מאור 10, בית שמש",yes,בר בשרים,en,"Nahal Maor St 10, Bet Shemesh","Nahal Maor 10, Beit Shemesh",no
4856,גרליץ זישא מגדניה,"מעבר המיתלה 5, ירושלים, Israel",מגדנית גרליץ Gerlitz bakery,"מעבר המיתלה 5, Jerusalem",ChIJBYtDDKkpAxURL0g1rzCZCJE,מגדנית גרליץ Gerlitz bakery,en,"מעבר המיתלה 5, ירושלים","מעבר המיתלה 5, ירושלים",yes,מגדנית גרליץ Gerlitz bakery,en,"מעבר המיתלה 5, Jerusalem","מעבר המיתלה 5, Jerusalem",yes
4857,מנפיס,"שד' בן צבי 11, ירושלים, Israel",Menfis,"Sderot Ben Tsvi 11, Jerusalem, Israel",ChIJn835zy7WAhURJ4NF6DEgEKk,מנפיס,iw,"שדרות בן צבי 11, ירושלים","שדרות בן צבי 11, ירושלים",yes,Menfis,en,"Sderot Ben Tsvi 11, Jerusalem","Sderot Ben Tsvi 11, Jerusalem",no
4860,גניר,"ההר 2, אזור תעשייה הר טוב, Israel",מסעדת גניר,"Ha-Har St 2, Bet Shemesh, 9980101, Israel",ChIJ3_279V3EAhURPv3DgYdJUfU,מסעדת גניר,iw,"ההר 2, בית שמש, 9980101","ההר 2, בית שמש",yes,מסעדת גניר,iw,"Ha-Har St 2, Bet Shemesh, 9980101","HaHar 2, Beit Shemesh",no
4862,קפית בגן הבוטני,"בורלא 1, ירושלים, Israel",Caffit,"Jerusalem Botanical Gardens, Yehuda Burla St 1, Jerusalem, Israel",ChIJlfH68MTXAhURGcXILeTy_p4,קפית הגן הבוטני,iw,"הגן הבוטני האוניברסיטאי בגבעת רם, יהודה בורלא 1, ירושלים","הגן הבוטני האוניברסיטאי בגבעת רם, יהודה בורלא 1, ירושלים",yes,Caffit,en,"Jerusalem Botanical Gardens, Yehuda Burla St 1, Jerusalem","Jerusalem Botanical Gardens, Yehuda Burla 1, Jerusalem",no
4863,ברדק,"קרן היסוד 38, ירושלים, Israel",Bardak Pizza Bar,"Keren HaYesod St 38, Jerusalem, Israel",ChIJ8xzywiwoAxURNWUrJBrkuxs,ברדק פיצה בר,iw,"קרן היסוד 38, ירושלים","קרן היסוד 38, ירושלים",yes,Bardak Pizza Bar,en,"Keren HaYesod St 38, Jerusalem","Keren HaYesod 38, Jerusalem",no
4868,"אינגליש קייק בע""מ","פארן 15, ירושלים, Israel",English cake,"15 Faran St, Ramat Eshcol, Jerusalem, Jerusalem",ChIJ-7Wr-u8pAxURnHI80afIUvY,אינגליש קייק,iw,"15 Faran St, Ramat Eshcol, Jerusalem, ירושלים","15 Faran St, Ramat Eshcol, Jerusalem",yes,English cake,en,"15 Faran St, Ramat Eshcol, Jerusalem, Jerusalem","15 Faran St, Ramat Eshcol, Jerusalem",no
4870,פיצליאנו,"הראל 1, מבשרת ציון, Israel",Pizza Pizzliano - פיצה פיצליאנו,"קניון הראל, Har'el 1, Mevaseret Zion, Israel",ChIJUxSfsPDWAhUREwE09tqLSq8,פיצה פיצליאנו,iw,"קניון הראל, הראל 1, מבשרת ציון","קניון הראל, הראל 1, מבשרת ציון",yes,Pizza Pizzliano - פיצה פיצליאנו,en,"קניון הראל, Har'el 1, Mevaseret Zion","קניון הראל, Har'el 1, Mevaseret Zion",yes
4872,סבא ג'בטה,"יפו 216, ירושלים, Israel",סבא ג'בטה,"יפו 216 בנייו שערי העיר, קומה 1, Jerusalem, Israel",ChIJq6SraSXWAhUR0G_PssVlZf0,סבא ג'בטה,iw,"יפו 216 בנייו שערי העיר, קומה 1, ירושלים","יפו 216 בנייו שערי העיר, קומה 1, ירושלים",yes,סבא ג'בטה,iw,"יפו 216 בנייו שערי העיר, קומה 1, Jerusalem","יפו 216 בנייו שערי העיר, קומה 1, Jerusalem",yes
4873,הבורגנים,"דרך חברון 101, ירושלים, Israel",HaBurganim,"Hebron Rd 101, Jerusalem, Israel",ChIJ41UTGyIoAxURh8LxSOUlm04,הבורגנים,iw,"דרך חברון 101, ירושלים","דרך חברון 101, ירושלים",yes,HaBurganim,en,"Hebron Rd 101, Jerusalem","Derech Hevron 101, Jerusalem",no
4875,מוסלין,"הנשיא 10, ירושלים, Israel",Mousseline - Hanassi - Jerusalem,"HaNasi St 10, Jerusalem, Israel",ChIJDU1Ba9bXAhUR3arcXMXldfI,מוסלין - הנשיא,iw,"הנשיא 10, ירושלים","הנשיא 10, ירושלים",yes,Mousseline - Hanassi - Jerusalem,en,"HaNasi St 10, Jerusalem","HaNasi 10, Jerusalem",no
4877,מסעדת תמנע,"וילנאי 6, ירושלים, Israel",מסעדת תמנע 'רמדה',"Jerusalem, Israel",ChIJ5SDWHsHXAhURMddI7bZXlp0,מסעדת תמנע 'רמדה',iw,ירושלים,ירושלים,yes,מסעדת תמנע 'רמדה',iw,Jerusalem,Jerusalem,no
4878,מאפין בוטיק,"בן יהודה 16, ירושלים, Israel",Muffin Boutique,"Ben Yehuda St 16, Jerusalem, Israel",ChIJ4yYAWtYpAxURSV45IYmbqgc,המאפין בוטיק,iw,"בן יהודה 16, ירושלים","בן יהודה 16, ירושלים",yes,Muffin Boutique,en,"Ben Yehuda St 16, Jerusalem","Ben Yehuda 16, Jerusalem",no
4881,מוסקט,"כנפי נשרים 24, ירושלים, Israel",Muscat,"Kanfei Nesharim St 24, Jerusalem, Israel",ChIJSRvCbkzWAhURhH7Ph2GPArg,Muscat,iw,"כנפי נשרים 24, ירושלים","כנפי נשרים 24, ירושלים",yes,Muscat,en,"Kanfei Nesharim St 24, Jerusalem","Kanfei Nesharim 24, Jerusalem",no
4885,סטקיית ציון הגדול,"גולדה מאיר 255, ירושלים, Israel",ציון הגדול,"Golda Me'ir Boulevard 255, Jerusalem",ChIJG5aPEgvWAhURiRr9C6VFySM,ציון הגדול,en,"שדרות גולדה מאיר 255, ירושלים","שדרות גולדה מאיר 255, ירושלים",yes,ציון הגדול,en,"Golda Me'ir Boulevard 255, Jerusalem","Golda Me'ir Boulevard 255, Jerusalem",no
4889,סטקיית ירושלים,"אגריפס 101, מחנה יהודה, ירושלים, Israel",Jerusalem Steakhouse,"Agripas St 101, Jerusalem, Israel",ChIJZ8dxUSjWAhUR95CrzuPYRuY,סטקיית ירושלים,iw,"אגריפס 101, ירושלים","אגריפס 101, ירושלים",yes,Jerusalem Steakhouse,en,"Agripas St 101, Jerusalem","Agripas 101, Jerusalem",no
4890,ברמן,"בית הדפוס 24, ירושלים, Israel",Berman Bakery,"Beit Ha-Defus St 24, Jerusalem, 9548329, Israel",ChIJL41OHE3WAhURbLHDzMvoaVI,מאפיית ברמן,iw,"בית הדפוס 24, ירושלים, 9548329","בית הדפוס 24, ירושלים",yes,Berman Bakery,en,"Beit Ha-Defus St 24, Jerusalem, 9548329","Beit Ha-Defus 24, Jerusalem",no
4891,אוכלים אצל שמיל,"עליאש 5, ירושלים, Israel",Shmil,"Mordehai A'liash St 5, Jerusalem, Israel",ChIJ8cxBItYpAxURZo8RPv0khcE,שמיל,iw,"מרדכי עליאש 5, ירושלים","מרדכי עליאש 5, ירושלים",yes,Shmil,en,"Mordehai A'liash St 5, Jerusalem","Mordehai A'liash 5, Jerusalem",no
4893,ציון הקטן,"כנפי נשרים 15, ירושלים, Israel",Little Zion Steakhouse,"Kanfei Nesharim St 15, Jerusalem, Israel",ChIJfRYsZE3WAhURRskXiOpQYBs,סטקיית ציון הקטן,iw,"כנפי נשרים 15, ירושלים","כנפי נשרים 15, ירושלים",yes,Little Zion Steakhouse,en,"Kanfei Nesharim St 15, Jerusalem","Kanfei Nesharim 15, Jerusalem",no
4895,קפה מלכה,"הרטום 9, הר חוצבים, ירושלים, Israel",קפה מלכה,"Hartom St 9, Jerusalem, Israel",ChIJcX5PvB3WAhURwc7CKnj8X_A,קפה מלכה,iw,"הרטום 9, ירושלים","הרטום 9, ירושלים",yes,קפה מלכה,iw,"Hartom St 9, Jerusalem","Hartom 9, Jerusalem",no
4898,באגט הרכבת ירושלים,"פייר קניג 30, ירושלים, Israel",baguette Harakevet,"General Pierre Koenig St 30, Jerusalem, 9346938, Israel",ChIJMc5X1EnXAhURRMwBFYFNGbw,הרכבת - שווארמה וגריל בשרים,iw,"גנרל פייר קניג 30, ירושלים, 9346938","גנרל פייר קניג 30, ירושלים",yes,baguette Harakevet,en,"General Pierre Koenig St 30, Jerusalem, 9346938","General Pierre Koenig 30, Jerusalem",no
4901,לה מוצרלה LAMOZZARELLA,"צביה ויצחק 8, ירושלים, Israel",פיצה לה מוצרלה la mozzarella,"Tsviya Ve-Yitshak St 8, Jerusalem",ChIJ738ZizzYAhURX5jtl1KnLow,פיצה לה מוצרלה la mozzarella,iw,"צביה ויצחק 8, ירושלים","צביה ויצחק 8, ירושלים",yes,פיצה לה מוצרלה la mozzarella,iw,"Tsviya Ve-Yitshak St 8, Jerusalem","Tsviya Ve-Yitshak 8, Jerusalem",no
4906,פיצה נאני,"אלקחי מרדכי 2, ירושלים, Israel",פיצה נאני,"Mordekhy Elqahi St 2, Jerusalem",ChIJzwFkKxQoAxURFa_9Dk6vWx8,פיצה נאני,iw,"רח' מרדכי אלקחי 2, ירושלים","רח' מרדכי אלקחי 2, ירושלים",yes,פיצה נאני,iw,"Mordekhy Elqahi St 2, Jerusalem","Mordehai Elkahi 2, Jerusalem",no
4908,אוכלים בשוק,"יפו 97, ירושלים, Israel",Food in the Shuk,"מרכז כלל, יפו, ירושלים, Israel",ChIJqaqqqinWAhURA5kAIqHxD44,אוכלים בשוק,iw,"מרכז כלל, יפו, ירושלים","מרכז כלל, יפו, ירושלים",yes,Food in the Shuk,en,"מרכז כלל, יפו, ירושלים","מרכז כלל, Yafo, Jerusalem",yes
4911,פרש,"אורוגואי 1, ירושלים, Israel",Parash Coffee and Confectionery,"Uruguay St 1, Jerusalem, 96701, Israel",ChIJ0f-acJzXAhUR0m71IoF9iq8,פרש בית קפה ומגדנייה,iw,"אורוגואי 1, ירושלים, 96701","אורוגואי 1, ירושלים",yes,Parash Coffee and Confectionery,en,"Uruguay St 1, Jerusalem, 96701","Uruguay 1, Jerusalem",no
4912,כמו בבית- מאכלים ביתיים,"האומן 18, רב מכר תלפיות, ירושלים, Israel",כמו בבית,"HaUman St 18, Jerusalem, Israel",ChIJ0e1oFB4oAxUR64GZeUa4TsI,כמו בבית,iw,"האומן 18, ירושלים","האומן 18, ירושלים",yes,כמו בבית,iw,"HaUman St 18, Jerusalem","HaUman 18, Jerusalem",no
4914,ביסטרו חלבי יודה,"ההגנה 21, ירושלים, Israel",Yuda Bistro Dairy,"Ha-Hagana St 21, Jerusalem",ChIJiVqrmIwpAxURzeryyBO97gQ,יודה ביסטרו חלבי,iw,"רחוב ההגנה 21, ירושלים","רחוב ההגנה 21, ירושלים",yes,Yuda Bistro Dairy,en,"Ha-Hagana St 21, Jerusalem","HaHagana 21, Jerusalem",no
4917,110 בורגר,"שד' יגאל אלון 6, בית שמש, Israel",110 Burger,"קניון שער העיר, Yig'al Alon Ave 6, Beit Shemesh, Israel",ChIJv0W3aVrEAhURplXMyYe9keY,110 בורגר בית שמש,iw,"קניון שער העיר, שדרות יגאל אלון 6, בית שמש","קניון שער העיר, שדרות יגאל אלון 6, בית שמש",yes,110 Burger,en,"קניון שער העיר, Yig'al Alon Ave 6, Beit Shemesh","קניון שער העיר, Yig'al Alon Ave 6, Beit Shemesh",yes
4918,פומפידו,"עמק רפאים 27, ירושלים, Israel",Pompidou Bistro and Bar,"Emek Refa'im St 27, Jerusalem, Israel",ChIJNeUHOy8oAxURiNt4XzFQnAY,פומפידו,iw,"עמק רפאים 27, ירושלים","עמק רפאים 27, ירושלים",yes,Pompidou Bistro and Bar,en,"Emek Refa'im St 27, Jerusalem","Emek Refaim 27, Jerusalem",no
4919,פרסטו פיצה,"חקלאי זאב 4, ירושלים, Israel",Presto Pizza,"Ze'ev Khaklai St 4, Jerusalem, Israel",ChIJC6VnALvXAhURrokuuzog5N0,פיצה פרסטו,iw,"זאב חקלאי 4, ירושלים","זאב חקלאי 4, ירושלים",yes,Presto Pizza,en,"Ze'ev Khaklai St 4, Jerusalem","Ze'ev Haklai 4, Jerusalem",no
4928,טומיס',"קרן קיימת לישראל 21, ירושלים, Israel",Tommy's - טומי'ס,"HaKeren HaKayemet Le-Israel St 21, Jerusalem, Israel",ChIJg4KfvirWAhURqvpsFDlm9Y0,Tommy's,iw,"הקרן הקימת לישראל 21, ירושלים","הקרן הקימת לישראל 21, ירושלים",yes,Tommy's - טומי'ס,en,"HaKeren HaKayemet Le-Israel St 21, Jerusalem","HaKeren HaKayemet Le-Israel 21, Jerusalem",no
4929,תמול שלשום,"יואל משה סלומון 5, כיכר המוזיקה, ירושלים, Israel",Tmol Shilshom,"בחצר קומה שנייה, יואל משה סלומון 5, ירושלים, Israel",ChIJvWw9KNcpAxURFJ8K7gIzQ-o,תמול שלשום,iw,"בחצר קומה שנייה, יואל משה סלומון 5, ירושלים","בחצר קומה שנייה, יואל משה סלומון 5, ירושלים",yes,Tmol Shilshom,en,"בחצר קומה שנייה, יואל משה סלומון 5, ירושלים","בחצר קומה שנייה, Yoel Moshe Salomon 5, Jerusalem",yes
4931,פיצה בר אילן,"בר אילן 6, ירושלים, Israel",Pizza Bar Ilan,"Bar Ilan 6, Jerusalem, Israel",ChIJ8Ud7weApAxUR9XnGhgMMjio,פיצה בר אילן,iw,"בר אילן 6, ירושלים","בר אילן 6, ירושלים",yes,Pizza Bar Ilan,en,"Bar Ilan 6, Jerusalem","Bar Ilan 6, Jerusalem",no
4934,קפה קדוש,"שלומציון המלכה 6, ירושלים, Israel",Kadosh Café Patisserie,"Queen Shlomziyon St 6, Jerusalem, Israel",ChIJbwepItEpAxURH24Tq6weFp8,קדוש,iw,"שלומציון המלכה 6, ירושלים","שלומציון המלכה 6, ירושלים",yes,Kadosh Café Patisserie,en,"Queen Shlomziyon St 6, Jerusalem","Queen Shlomziyon 6, Jerusalem",no
4935,פיצה איטליאנו,"יפו 218, ירושלים, Israel",Pizza Italiano,"תחנת מרכזית, Yafo 218, Jerusalem, Israel",ChIJVd2TWSXWAhURgaA8NpfQHOc,Pizza Italiano,iw,"תחנת מרכזית, יפו 218, ירושלים","תחנת מרכזית, יפו 218, ירושלים",yes,Pizza Italiano,en,"תחנת מרכזית, Yafo 218, Jerusalem","תחנת מרכזית, Yafo 218, Jerusalem",yes
4936,המקום של תום,"האומן 6, בית שמש, Israel",Tom's Place,"HaUman St 13, Bet Shemesh, Israel",ChIJCcyXHw7FAhUR91rwwEKyK2Y,המקום של תום,iw,"האומן 13, בית שמש","האומן 13, בית שמש",yes,Tom's Place,en,"HaUman St 13, Bet Shemesh","HaUman 13, Beit Shemesh",no
4938,אליז,"שמואל הנביא 114, ירושלים, Israel","אליז, ירושלים","Shmu'el ha-Navi St 114, Jerusalem, 91503, Israel",ChIJjb3hI-EpAxURFfnka21_7EM,"אליז, ירושלים",iw,"שמואל הנביא 114, ירושלים, 91503","שמואל הנביא 114, ירושלים",yes,"אליז, ירושלים",iw,"Shmu'el ha-Navi St 114, Jerusalem, 91503","Shmu'el ha-Navi 114, Jerusalem",no
4941,אצה,"ירמיהו 9, ירושלים, Israel",Atza sushi mehadrin אצה סושי מהדרין,"Yirmiyahu St 9, Jerusalem, Israel",ChIJPdrB_SPWAhURUqgK_K2tt8w,אצה סושי בר,iw,"ירמיהו 9, ירושלים","ירמיהו 9, ירושלים",yes,Atza sushi mehadrin אצה סושי מהדרין,en,"Yirmiyahu St 9, Jerusalem","Yirmiyahu 9, Jerusalem",no
4948,מורדוך,"אגריפס 70, מחנה יהודה, ירושלים, Israel",Morduch,"Mahaneh Yehudah Market, Agripas St 70, Jerusalem, Israel",ChIJ0_fz-ijWAhURgBsn8jdlCTw,מורדוך,iw,"שוק מחנה יהודה, אגריפס 70, ירושלים","שוק מחנה יהודה, אגריפס 70, ירושלים",yes,Morduch,en,"Mahaneh Yehudah Market, Agripas St 70, Jerusalem","Mahaneh Yehudah Market, Agripas 70, Jerusalem",no
4949,הפלאפל התימני,"יואל 22, שכונת גאולה, ירושלים, Israel",הפלאפל התימני,"Yoel St 22, Jerusalem, Israel",ChIJLTery90pAxUR78e4879CFmg,הפלאפל התימני,en,"יואל 22, ירושלים","יואל 22, ירושלים",yes,הפלאפל התימני,en,"Yoel St 22, Jerusalem","Yoel 22, Jerusalem",no
4951,zariffa,"הורקניה 8, ירושלים, Israel",Zariffa - בית קפה ירושלמי,"Horkanya St 8, Jerusalem, Israel",ChIJuVSM8ujXAhURLc0gTidwuTw,זריפה,iw,"הורקניה 8, ירושלים","הורקניה 8, ירושלים",yes,Zariffa - בית קפה ירושלמי,en,"Horkanya St 8, Jerusalem","Hyrcania 8, Jerusalem",no
4954,פיש אנד צ'יפס,"האגוז 12, ירושלים, Israel",Fish'en Chips,"Ha-Tut St, Jerusalem, Israel",ChIJuS0HUCjWAhURX9D_emibrGw,פישנצ'יפס,iw,"התות, ירושלים","התות, ירושלים",yes,Fish'en Chips,en,"Ha-Tut St, Jerusalem","HaTut, Jerusalem",no
4956,מאפה נאמן,"שד' יגאל אלון 24, בית שמש, Israel",Ne'eman Bakery,"Yig'al Alon Ave 24, Beit Shemesh, Israel",ChIJ58L4F1jEAhURH0oOVsu2xCY,מאפה נאמן בית שמש,iw,"שדרות יגאל אלון 24, בית שמש","שדרות יגאל אלון 24, בית שמש",yes,Ne'eman Bakery,en,"Yig'al Alon Ave 24, Beit Shemesh","Yig'al Alon Ave 24, Beit Shemesh",no
4957,פלאפל מירו,"זוננפלד 10, ירושלים, Israel",Miro's Falafel,"Ha-Rav Zonenfeld St 10, Jerusalem, Israel",ChIJJ-47gNwpAxURZCu6IIywzlo,פלאפל מירו,iw,"הרב זוננפלד 10, ירושלים","הרב זוננפלד 10, ירושלים",yes,Miro's Falafel,en,"Ha-Rav Zonenfeld St 10, Jerusalem","Ha-Rav Zonenfeld 10, Jerusalem",no
4958,ג'קו סטריט,"אגריפס 74, מחנה יהודה, ירושלים, Israel",ג'קו סטריט - מסעדת שף כשרה,"Agripas St 74, Jerusalem, Israel",ChIJqaqqqinWAhURABhx0T1LoGU,ג'קו סטריט,iw,"אגריפס 74, ירושלים","אגריפס 74, ירושלים",yes,ג'קו סטריט - מסעדת שף כשרה,en,"Agripas St 74, Jerusalem","Agripas 74, Jerusalem",no
4959,ארומה,"שד' יגאל אלון 2, בית שמש, Israel",Aroma Espresso Bar ארומה אספרסו בר,"יגאל אלון 1, ביג בית שמש, Bet Shemesh, Israel",ChIJEY7S9FrEAhURDjdF3WrPtfI,ארומה,iw,"יגאל אלון 1, ביג בית שמש, Bet Shemesh","יגאל אלון 1, ביג בית שמש, בית שמש",yes,Aroma Espresso Bar ארומה אספרסו בר,en,"יגאל אלון 1, ביג בית שמש, Bet Shemesh","יגאל אלון 1, ביג בית שמש, Beit Shemesh",yes
4962,קייטרינג הים התיכון,"ינובסקי דניאל 4, ירושלים, Israel",מגדלי הים התיכון,"Daniel Yanovski St 4, Jerusalem, Israel",ChIJ39LtE2M1HRURhQTAhSxVgw4,מגדלי הים התיכון ירושלים - דיור מוגן,iw,"רחוב דניאל ינובסקי 4, ירושלים","רחוב דניאל ינובסקי 4, ירושלים",yes,מגדלי הים התיכון,en,"Daniel Yanovski St 4, Jerusalem","Daniel Yanovski 4, Jerusalem",no
4964,פיצה חייט,"אליהו קורן 29, ירושלים, Israel",פיצה חייט,"Eliyahu Koren St 29, Jerusalem",ChIJvRIjGQUnAxURig9vOD8L_gY,פיצה חייט,en,"אליהו קורן 29, ירושלים","אליהו קורן 29, ירושלים",yes,פיצה חייט,en,"Eliyahu Koren St 29, Jerusalem","Eliyahu Koren 29, Jerusalem",no
4971,טוב טעם,"הר""ן 6, ביתר עילית, Israel",טוב טעם,"הר""ן 6, Betar Illit",ChIJUwyWyOfbAhURzIjlb9Afzz4,טוב טעם,iw,"הר""ן 6, ביתר עילית","הר""ן 6, ביתר עילית",yes,טוב טעם,iw,"הר""ן 6, Betar Illit","הר""ן 6, Betar Illit",yes
4973,נפגשים בבורקס,"האומן 26, ירושלים, Israel",נפגשים בבורקס,"HaUman St 26, Jerusalem, Israel",ChIJi9TLGuPXAhURDKrKvglQyRQ,נפגשים בבורקס,iw,"האומן 26, ירושלים","האומן 26, ירושלים",yes,נפגשים בבורקס,iw,"HaUman St 26, Jerusalem","HaUman 26, Jerusalem",no
4978,אריכא סביח,"אגריפס 83, מחנה יהודה, ירושלים, Israel",Aricha Sabich,"Agripas St 83, Jerusalem, Israel",ChIJHawsSSjWAhURsovQoZ2YsfU,אריכא סביח,iw,"אגריפס 83, ירושלים","אגריפס 83, ירושלים",yes,Aricha Sabich,en,"Agripas St 83, Jerusalem","Agripas 83, Jerusalem",no
4980,פיצה הום ירושלים,"אגודת ספורט בית""ר 1, קניון ירושלים, Israel",Home Pizza,"Derech Agudat Sport Beitar 1, Jerusalem, 9695989, Israel",ChIJs_pShI7XAhUR4ErC3cnKbDA,הום פיצה,iw,"דרך אגודת ספורט בית""ר 1, ירושלים, 9695989","דרך אגודת ספורט בית""ר 1, ירושלים",yes,Home Pizza,en,"Derech Agudat Sport Beitar 1, Jerusalem, 9695989","Derech Agudat Sport Beitar 1, Jerusalem",no
4982,מאפה נאמן,"אגודת ספורט בית""ר 1, קניון ירושלים, Israel",Neeman Bakery,"Derech Agudat Sport Beitar 1, Jerusalem, Israel",ChIJibrR0o3XAhURb_pd-4F2zNM,קפה נאמן,iw,"דרך אגודת ספורט בית""ר 1, ירושלים","דרך אגודת ספורט בית""ר 1, ירושלים",yes,Neeman Bakery,en,"Derech Agudat Sport Beitar 1, Jerusalem","Derech Agudat Sport Beitar 1, Jerusalem",no
4983,לה פטיסייר,"דרך החורש 90, רמות אלון, ירושלים, Israel",לה פטיסייר - רמות - קונדיטוריה ירושלים,"Derech Hahoresh 90, Jerusalem, 9727130, Israel",ChIJu6wJKhPWAhURUCyHAegt_O8,לה פטיסייר - La Pâtissière,iw,"דרך החורש 90, ירושלים, 9727130","דרך החורש 90, ירושלים",yes,לה פטיסייר - רמות - קונדיטוריה ירושלים,en,"Derech Hahoresh 90, Jerusalem, 9727130","Derech Hahoresh 90, Jerusalem",no
4985,סבתא סנדוויץ,"הלל 28, ירושלים, Israel",Safta Sandwich,"Hillel St 28, Jerusalem, Israel",ChIJ1_84vNYpAxURCCgciDvoBUg,סבתא סנדוויץ,iw,"הלל 28, ירושלים","הלל 28, ירושלים",yes,Safta Sandwich,en,"Hillel St 28, Jerusalem","Hillel 28, Jerusalem",no
4991,מרכז הפלאפל התימני,"הנביאים 48, ירושלים, Israel",The Yemenite Falafel,"Ha-Nevi'im St 48, Jerusalem, Israel",ChIJZZd6ctopAxURtmGOhZWNG8k,מרכז הפלאפל התימני,iw,"הנביאים 48, ירושלים","הנביאים 48, ירושלים",yes,The Yemenite Falafel,en,"Ha-Nevi'im St 48, Jerusalem","HaNevi'im 48, Jerusalem",no
4993,ביג בייט,"שמגר 16, קניון רב שפע, ירושלים, Israel",Big Bite,"Shamgar St 16, Jerusalem, Israel",ChIJr-Q4zCPWAhURKUitFT4_NKw,ביג בייט,iw,"שמגר 16, ירושלים","שמגר 16, ירושלים",yes,Big Bite,en,"Shamgar St 16, Jerusalem","Shamgar 16, Jerusalem",no
4999,אנג'ליקה,"וושינגטון 4, ירושלים, Israel",Angelica,"George Washington St 4, Jerusalem, Israel",ChIJgarW_tUpAxURCqyLLxhFH8g,אנג'ליקה,iw,"ג'ורג' וושינגטון 4, ירושלים","ג'ורג' וושינגטון 4, ירושלים",yes,Angelica,en,"George Washington St 4, Jerusalem","George Washington 4, Jerusalem",no
5000,רולדין,"החוצבים 10, מבשרת ציון, Israel",Roladin - Mevasseret Mall - Mevasseret-Zion,"קניון מבשרת החדש, שדרות החוצבים 10, מבשרת ציון, 9079129, Israel",ChIJZ453a1rXAhURgtDi2WWSik4,רולדין - קניון מבשרת - מבשרת-ציון,iw,"קניון מבשרת החדש, שדרות החוצבים 10, מבשרת ציון, 9079129","קניון מבשרת החדש, שדרות החוצבים 10, מבשרת ציון",yes,Roladin - Mevasseret Mall - Mevasseret-Zion,en,"קניון מבשרת החדש, שדרות החוצבים 10, מבשרת ציון, 9079129","קניון מבשרת החדש, HaHotsvim Avenue 10, Mevaseret Zion",yes
5004,פסגת הבגט,"שד' משה דיין 100, פסגת זאב, ירושלים, Israel",פסגת הבאגט תחנת דלק פז פ.זאב,"Moshe Dayan 98, Jerusalem",ChIJW_eNWSXWAhUR7Tvtz5GDzHY,פסגת הבאגט תחנת דלק פז פ.זאב,iw,"שדרות משה דיין 98, ירושלים","שדרות משה דיין 98, ירושלים",yes,פסגת הבאגט תחנת דלק פז פ.זאב,iw,"Moshe Dayan 98, Jerusalem","Sderot Moshe Dayan 98, Jerusalem",no
5005,פיצה לארי,"כנפי נשרים 66, ירושלים, Israel",פיצה לארי,"Kanfei Nesharim St 66, Jerusalem, Israel",ChIJy9LrnVLWAhURFdk2pRZy-Cg,פיצה לארי,iw,"כנפי נשרים 66, ירושלים","כנפי נשרים 66, ירושלים",yes,פיצה לארי,iw,"Kanfei Nesharim St 66, Jerusalem","Kanfei Nesharim 66, Jerusalem",no
5010,סימה,"אגריפס 82, מחנה יהודה, ירושלים, Israel",Sima Steak House 1969,"Agripas St 82, Jerusalem, Israel",ChIJpWrpwijWAhURoI3Sdjlk5bA,מסעדת וסטקיית סימה,iw,"אגריפס 82, ירושלים","אגריפס 82, ירושלים",yes,Sima Steak House 1969,en,"Agripas St 82, Jerusalem","Agripas 82, Jerusalem",no
5011,סיאול האוס,"חב""ד 34, ירושלים העתיקה, Israel",Seoul House,"Habad St 34, Jerusalem",ChIJP5Rf98YpAxURWZVwajZrKMM,סיאול האוס - Seoul House,iw,"חב""ד 34, ירושלים","חב""ד 34, ירושלים",yes,Seoul House,en,"Habad St 34, Jerusalem","Habad 34, Jerusalem",no
5012,דיצה פיצה,"קובובי 55, ירושלים, Israel",דיצה פיצה,"Leon Kubovi St 55, Jerusalem, Israel",ChIJY1wF5JnXAhURMhCueZdFhH8,דיצה פיצה-רמת דניה,iw,"אריה ל. קובובי 55, ירושלים","אריה ל. קובובי 55, ירושלים",yes,דיצה פיצה,en,"Leon Kubovi St 55, Jerusalem","Leon Kubovi 55, Jerusalem",no
5013,פלאפל לוי התימני,"שטנר 3, גבעת שאול, ירושלים, Israel",Falafel at the Yemenite’s,"Shatner St 3, Jerusalem, Israel",ChIJoySTtEvWAhUR3GyIAGaEEYA,פלאפל אצל התימני,iw,"שטנר 3, ירושלים","שטנר 3, ירושלים",yes,Falafel at the Yemenite’s,en,"Shatner St 3, Jerusalem","Shatner 3, Jerusalem",no
5015,אהבת הים,"שד' בן צבי 11, ירושלים, Israel",Ahavat Hayam,"Sderot Ben Tsvi 11, Jerusalem, 9455519, Israel",ChIJFfOy2p_XAhURwixCSpkdJRI,אהבת הים,iw,"שדרות בן צבי 11, ירושלים, 9455519","שדרות בן צבי 11, ירושלים",yes,Ahavat Hayam,en,"Sderot Ben Tsvi 11, Jerusalem, 9455519","Sderot Ben Tsvi 11, Jerusalem",no
5023,אורי פיצה,"מלכי ישראל 6, ירושלים, Israel",פיצה אורי,"Levush Mordehai St 2, Jerusalem, Israel",ChIJma5fJtkpAxURNvTAJSLxHZ8,פיצה אורי,iw,"לבוש מרדכי 2, ירושלים","לבוש מרדכי 2, ירושלים",yes,פיצה אורי,en,"Levush Mordehai St 2, Jerusalem","Levush Mordehai 2, Jerusalem",no
5025,פיצה מיי,"הפלמ""ח 45, ירושלים, Israel",Pizza May,"9254268, HaPalmach St 45, Jerusalem, Israel",ChIJS_zBNNbXAhURjxim7h7m05Y,פיצה מיי,iw,"9254268, HaPalmach St 45, Jerusalem","9254268, הפלמ""ח 45, ירושלים",no,Pizza May,en,"9254268, HaPalmach St 45, Jerusalem","9254268, HaPalmach 45, Jerusalem",no
5027,פיצה בלה,"בנימין מטודלה 1, ירושלים, Israel",Pizza Metudela,"Binyamin mi-Tudela St 1, Jerusalem, Israel",ChIJ00JeldXXAhURXAlzMg7IcA4,פיצה מטודלה,iw,"בנימין מטודלה 1, ירושלים","בנימין מטודלה 1, ירושלים",yes,Pizza Metudela,en,"Binyamin mi-Tudela St 1, Jerusalem","Binyamin Metudela 1, Jerusalem",no
5028,באגט שילת,"דהומיי 3, ירושלים, Israel",Baguette Shilat,"Dahomey St 3, Jerusalem, Israel",ChIJ3VoOQXnXAhUR-LWVwznAPwg,באגט שילת,iw,"דהומיי 3, ירושלים","דהומיי 3, ירושלים",yes,Baguette Shilat,en,"Dahomey St 3, Jerusalem","Dahomey 3, Jerusalem",no
5030,קפה עגנון,"שד' ש""י עגנון 20, ירושלים, Israel",Coffee Agnon,"Sderot Shai Agnon 20, Jerusalem, 93589, Israel",ChIJMzcwFd3XAhURdPFTESoE1yw,קפה עגנון,iw,"שדרות ש""י עגנון 20, ירושלים, 93589","שדרות ש""י עגנון 20, ירושלים",yes,Coffee Agnon,en,"Sderot Shai Agnon 20, Jerusalem, 93589","Sderot Shai Agnon 20, Jerusalem",no
5031,ג'ורג'י אוכל רחוב,"הלל 8, ירושלים, Israel",Georgie,"Hillel St 8, Jerusalem, Israel",ChIJDeGnDtYpAxURssY_g2meq98,ג׳ורג׳י,iw,"הלל 8, ירושלים","הלל 8, ירושלים",yes,Georgie,en,"Hillel St 8, Jerusalem","Hillel 8, Jerusalem",no
5032,דניה,"כנפי נשרים 35, גבעת שאול, ירושלים, Israel",קפה דניה - גבעת שאול,"Kanfei Nesharim St 35, Jerusalem, Israel",ChIJD1Mmn1LWAhURvzQHqdXcaNA,קפה דניה גבעת שאול,iw,"כנפי נשרים 35, ירושלים","כנפי נשרים 35, ירושלים",yes,קפה דניה - גבעת שאול,en,"Kanfei Nesharim St 35, Jerusalem","Kanfei Nesharim 35, Jerusalem",no
5034,פיצה רומי,"השישה עשר 9, פסגת זאב, ירושלים, Israel",פיצה רומי פסגת זאב | Pizza Romi Pisgat Ze'ev,"Ha-Shisha Asar St 9, Jerusalem",ChIJZ43VfqwrAxUR5XBx6OeKlkw,פיצה רומי פסגת זאב | Pizza Romi Pisgat Ze'ev,iw,"רחוב השישה עשר 9, ירושלים","רחוב השישה עשר 9, ירושלים",yes,פיצה רומי פסגת זאב | Pizza Romi Pisgat Ze'ev,iw,"Ha-Shisha Asar St 9, Jerusalem","HaShisha Asar 9, Jerusalem",no
5035,מטעמי זוהר,"כרמים 7, מבשרת ציון, Israel",Zohar Delights - מטעמי זוהר,"Kramim St 7, Mevaseret Zion, Israel",ChIJW9GcklXXAhURMZ7uDIsvwsw,מטעמי זוהר,iw,"כרמים 7, מבשרת ציון","כרמים 7, מבשרת ציון",yes,Zohar Delights - מטעמי זוהר,en,"Kramim St 7, Mevaseret Zion","Kramim 7, Mevaseret Zion",no
5036,נוגטין,"הרב עוזיאל 28, ירושלים, Israel",Nougatine,"הרב עוזיאל 86, הרב ש. שאולזון 51, HaMarpe 1, Jerusalem, Israel",ChIJ01Q3f7zXAhURpJwM6a7Lf80,קונדטוריה נוגטין,iw,"הרב עוזיאל 86, הרב ש. שאולזון 51, המרפא 1, ירושלים","הרב עוזיאל 86, הרב ש. שאולזון 51, המרפא 1, ירושלים",yes,Nougatine,en,"הרב עוזיאל 86, הרב ש. שאולזון 51, HaMarpe 1, Jerusalem","הרב עוזיאל 86, הרב ש. שאולזון 51, HaMarpe 1, Jerusalem",yes
5038,קפה גלאטה,"יפו 97, ירושלים, Israel",Galata Coffee,"Jaffa St 97, Jerusalem, Israel",ChIJf-VrBJcpAxURlrV8hUTnGXI,קפה גלאטה,iw,"יפו 97, ירושלים","יפו 97, ירושלים",yes,Galata Coffee,en,"Jaffa St 97, Jerusalem","Yafo 97, Jerusalem",no
5041,משולשים,"הר""ן 7, ביתר עילית, Israel",משולשים,"Haran St 7, Betar Illit",ChIJG6sdJobbAhURSMdLI8yZIUU,משולשים,iw,"רח' הר""ן 7, ביתר עילית","רח' הר""ן 7, ביתר עילית",yes,משולשים,iw,"Haran St 7, Betar Illit","Haran 7, Betar Illit",no
5042,מגדנית בריזל,"מאה שערים 9, שכונת גאולה, ירושלים, Israel",מגדנית בריזל,"Me'a She'arim St 9, Jerusalem, Israel",ChIJ_ckdLtspAxUR-0WzfjSr3BE,מגדנית בריזל,iw,"מאה שערים 9, ירושלים","מאה שערים 9, ירושלים",yes,מגדנית בריזל,iw,"Me'a She'arim St 9, Jerusalem","Me'a She'arim 9, Jerusalem",no
5043,פיצה טרוי,"הרב עוזיאל 94, ירושלים, Israel",Trevi's Pizza,"Ha-Rav Uzi'el St 94, Jerusalem, Israel",ChIJmzvwIr7XAhUR_9NjzkFDrJ4,פיצה טרווי,iw,"הרב עוזיאל 94, ירושלים","הרב עוזיאל 94, ירושלים",yes,Trevi's Pizza,en,"Ha-Rav Uzi'el St 94, Jerusalem","HaRav Uziel 94, Jerusalem",no
5052,פלאפל שלמה,"מלכי ישראל 5, ירושלים, Israel",Shlomo's Falafel,"Malkei Israel St 5, Jerusalem, Israel",ChIJ5df1JtkpAxURwKP5EVlCIWM,פלאפל שלמה מלכי ישראל 5,iw,"מלכי ישראל 5, ירושלים","מלכי ישראל 5, ירושלים",yes,Shlomo's Falafel,en,"Malkei Israel St 5, Jerusalem","Malchei Israel 5, Jerusalem",no
5054,פיצה ירושלים,"מלכי ישראל 43, ירושלים, Israel",Jerusalem Pizza,"Malkei Israel St 43, Jerusalem, Israel",ChIJVXLuo9gpAxURurWCmaEY0Cc,פיצה ירושלים,iw,"מלכי ישראל 43, ירושלים","מלכי ישראל 43, ירושלים",yes,Jerusalem Pizza,en,"Malkei Israel St 43, Jerusalem","Malchei Israel 43, Jerusalem",no
5056,ג'אפן ג'אפן JAPAN JAPAN ירושלים בית הנציב,"דרך חברון 101, ירושלים, Israel",Japan Japan Jerusalem,"Hebron Rd 101, Jerusalem, Israel",ChIJESO41CwpAxURJk7M6gx4InQ,Japan Japan Jerusalem,en,"דרך חברון 101, ירושלים","דרך חברון 101, ירושלים",yes,Japan Japan Jerusalem,en,"Hebron Rd 101, Jerusalem","Derech Hevron 101, Jerusalem",no
5059,bon appetito,"אליהו קורן 29, ירושלים, Israel",Bon appetito,"Eliyahu Koren St 29, Jerusalem",ChIJ8UCUr_onAxURxugZcorxycs,Bon Appetito,iw,"אליהו קורן 29, ירושלים","אליהו קורן 29, ירושלים",yes,Bon appetito,en,"Eliyahu Koren St 29, Jerusalem","Eliyahu Koren 29, Jerusalem",no
5065,מאפיית אבחיל,"פרי חדש 8, ירושלים, Israel",Avichail Bakery,"Pri Hadash St 8, Jerusalem, Israel",ChIJnfxS_tgpAxURQn1K_MqdX8M,"מאפית אביחיל (1981) בע""מ",iw,"פרי חדש 8, ירושלים","פרי חדש 8, ירושלים",yes,Avichail Bakery,en,"Pri Hadash St 8, Jerusalem","Pri Hadash 8, Jerusalem",no
5067,מרכז השווארמה,"הדקל 11, בית שמש, Israel",Mercaz HaShwarma,"HaDekel Ave 12, Bet Shemesh, Israel",ChIJY4IH9W7EAhURf1kYP2wdOHc,מרכז השווארמה,iw,"שדרות הדקל 12, בית שמש","שדרות הדקל 12, בית שמש",yes,Mercaz HaShwarma,en,"HaDekel Ave 12, Bet Shemesh","Sderot HaDekel 12, Beit Shemesh",no
5072,קפה עלית-אספרסו בר,"הר הצופים 1, ירושלים, Israel",Aroma Espresso Bar ארומה אספרסו בר,"שדרות צ'רצ'יל 1, האוניברסיטה העברית, קמפוס הר הצופים, בניין גולדשמיט, הר הצופים, Jerusalem 9765415",ChIJAQCUB9HXAhURbuH2arrUV_E,ארומה,iw,"שדרות צ'רצ'יל 1, האוניברסיטה העברית, קמפוס הר הצופים, בניין גולדשמיט, הר הצופים, Jerusalem 9765415","שדרות צ'רצ'יל 1, האוניברסיטה העברית, קמפוס הר הצופים, בניין גולדשמיט, הר הצופים, ירושלים",yes,Aroma Espresso Bar ארומה אספרסו בר,en,"שדרות צ'רצ'יל 1, האוניברסיטה העברית, קמפוס הר הצופים, בניין גולדשמיט, הר הצופים, Jerusalem 9765415","שדרות צ'רצ'יל 1, האוניברסיטה העברית, קמפוס הר הצופים, בניין גולדשמיט, הר הצופים, Jerusalem",yes
5075,בורקס מוסא,"יפו 30, ירושלים, Israel",Burekas Musa,"Jaffa St 30, Jerusalem, Israel",ChIJi3a02dApAxURS7dhV5te0dY,בורקס מוסא,iw,"יפו 30, ירושלים","יפו 30, ירושלים",yes,Burekas Musa,en,"Jaffa St 30, Jerusalem","Yafo 30, Jerusalem",no
5076,שינזו shinzu ירושלים,"גולדה מאיר 255, רמות אלון, ירושלים, Israel",שינזו shinzu,"Golda Me'ir Boulevard 225 st, Jerusalem",ChIJS1repcPXAhURbu1bXftUlmY,שינזו shinzu,iw,"שדרות גולדה מאיר 225 st, ירושלים","שדרות גולדה מאיר 225 st, ירושלים",yes,שינזו shinzu,iw,"Golda Me'ir Boulevard 225 st, Jerusalem","Golda Me'ir Boulevard 225 st, Jerusalem",no
5080,גראנד קפה,"דרך בית לחם 70, המושבה הגרמנית, ירושלים, Israel",Grand Café,"Beit Lehem Rd 70, Jerusalem, 9350419, Israel",ChIJVcaCCyQoAxUReCGFkV9ymY8,גראנד קפה,iw,"בית לחם 70, ירושלים, 9350419","בית לחם 70, ירושלים",yes,Grand Café,en,"Beit Lehem Rd 70, Jerusalem, 9350419","Derech Beit Lehem 70, Jerusalem",no
5081,מסעדת טרסה,"נכון 6, ירושלים, Israel",מסעדת טרסה,"Sh.A. Nakhon St 6, Jerusalem, Israel",ChIJSVqDUy0oAxURKrqiz9u61IU,מסעדת טרסה,iw,"ש.א. נכון 6, ירושלים","ש.א. נכון 6, ירושלים",yes,מסעדת טרסה,iw,"Sh.A. Nakhon St 6, Jerusalem","Sh.A. Nachon 6, Jerusalem",no
5082,ארומה,"הראל 1, קניון הראל, מבשרת ציון, Israel",Aroma Espresso Bar ארומה אספרסו בר,"קניון הראל, הראל 1, מבשרת ציון, Israel",ChIJKQZnkO_WAhURmlB8R5NECdE,Aroma Espresso Bar ארומה אספרסו בר,en,"קניון הראל, הראל 1, מבשרת ציון","קניון הראל, הראל 1, מבשרת ציון",yes,Aroma Espresso Bar ארומה אספרסו בר,en,"קניון הראל, הראל 1, מבשרת ציון","קניון הראל, Har'el 1, Mevaseret Zion",yes
5086,מסעדת 02,"ז'בוטינסקי 3, ירושלים, Israel",מסעדת 02,"Jabotinski St 3, Jerusalem, Israel",ChIJ_TBv-FjEAhURA_l5d2E-p9Q,מסעדת 02,iw,"ז'בוטינסקי 3, ירושלים","ז'בוטינסקי 3, ירושלים",yes,מסעדת 02,iw,"Jabotinski St 3, Jerusalem","Jabotinski St 3, Jerusalem",no
5088,ג'וחא,"הר גילה, Israel","ג'וחא- קפה ומשתלה, מתחם לאירועים קטנים","Mish'ol HaHelmonit 3, Har Gillo",ChIJnzUDDTHZAhURssAZ8oI9gP0,"ג'וחא- קפה ומשתלה, מתחם לאירועים קטנים",iw,"משעול החלמונית 3, הר גילה","משעול החלמונית 3, הר גילה",yes,"ג'וחא- קפה ומשתלה, מתחם לאירועים קטנים",iw,"Mish'ol HaHelmonit 3, Har Gillo","Mish'ol HaHelmonit 3, Har Gillo",no
5089,עין חמד קפה ביער,"עין חמד, Israel",רחוב ירושלמי ביער עין חמד,"יער עין חמד, בית נקופה, Israel",ChIJi_hdfR3RAhURSql82GEk9VM,רחוב ירושלמי ביער עין חמד,iw,"יער עין חמד, בית נקופה","יער עין חמד, בית נקופה",yes,רחוב ירושלמי ביער עין חמד,iw,"יער עין חמד, בית נקופה","יער עין חמד, Beit Nekofa",yes
5092,סוס יאור,"האגוז 17, מחנה יהודה, ירושלים, Israel",סוס יאור,"HaEgoz St 17, Jerusalem, Israel",ChIJGzk9WyjWAhURIIOreDobao8,סוס יאור,en,"האגוז 17, ירושלים","האגוז 17, ירושלים",yes,סוס יאור,en,"HaEgoz St 17, Jerusalem","HaEgoz 17, Jerusalem",no
5093,דניה קפה בכיכר,"שד' הרצל 102, ירושלים, Israel",Denya cafe,"Shderot Herzl 102, Jerusalem, Israel",ChIJu3EUDLTXAhURsEFHTrGAs8g,קפה דניה - בית הכרם,iw,"שדרות הרצל 102, ירושלים","שדרות הרצל 102, ירושלים",yes,Denya cafe,en,"Shderot Herzl 102, Jerusalem","Sderot Herzl 102, Jerusalem",no
5095,פלאפל 4 טעמים,"בית הדפוס 12, גבעת שאול, ירושלים, Israel",פלאפל ושניצל 4 טעמים,"Beit Ha-Defus St 12, Jerusalem, Israel",ChIJMZK1n0vWAhURtbG6VV9gfQM,פלאפל ושניצל 4 טעמים,iw,"בית הדפוס 12, ירושלים","בית הדפוס 12, ירושלים",yes,פלאפל ושניצל 4 טעמים,iw,"Beit Ha-Defus St 12, Jerusalem","Beit Ha-Defus 12, Jerusalem",no
5096,פיצריה אפרת,"אפרת, Israel",Pizzeria Efrat,"מרכז מסחרי, HaTe'ena 1, Efrat",ChIJMffsQ-veAhURvX6V-EKyg-A,פיצריה אפרת - פיצריה משפחתית בסגנון אמריקאי שהוקמה ב 1988,iw,"מרכז מסחרי, התאנה 1, אפרת","מרכז מסחרי, התאנה 1, אפרת",yes,Pizzeria Efrat,en,"מרכז מסחרי, HaTe'ena 1, Efrat","מרכז מסחרי, HaTe'ena 1, Efrat",yes
5097,חומוס בן סירא ירושלים,"בן סירא 3, ירושלים, Israel",Ben-Sira Hummus,"Ben Sira St 3, Jerusalem, 9418103, Israel",ChIJIyRMQNEpAxURtZJ59FrYWVE,חומוס בן סירא,iw,"בן סירא 3, ירושלים, 9418103","בן סירא 3, ירושלים",yes,Ben-Sira Hummus,en,"Ben Sira St 3, Jerusalem, 9418103","Ben Sira 3, Jerusalem",no
5098,פיצה דומינו,"ההגנה 21, ירושלים, Israel",פיצה דומינו,"Ha-Hagana St 21, Jerusalem",ChIJKbcfd4ApAxURIpcdi4Uhk6A,פיצה דומינו,iw,"רחוב ההגנה 21, ירושלים","רחוב ההגנה 21, ירושלים",yes,פיצה דומינו,iw,"Ha-Hagana St 21, Jerusalem","HaHagana 21, Jerusalem",no
5099,בן יהודה 2,"בן יהודה 2, ירושלים, Israel",Ben Yehuda St 2,"Ben Yehuda St 2, Jerusalem, Israel",ChIJ97ANItcpAxURVdqfA8c0j4U,בן יהודה 2,,"בן יהודה 2, ירושלים","בן יהודה 2, ירושלים",yes,Ben Yehuda St 2,,"Ben Yehuda St 2, Jerusalem","Ben Yehuda 2, Jerusalem",no
5101,פיצה הלל,"זכרון יעקב 1, ירושלים, Israel",Pizza Hallel,"Zikhron Ya'akov St 1, Jerusalem, Israel",ChIJISzADDzWAhURMoQz31AUFIo,פיצה הלל Pizza Halel,iw,"זכרון יעקב 1, ירושלים","זכרון יעקב 1, ירושלים",yes,Pizza Hallel,en,"Zikhron Ya'akov St 1, Jerusalem","Zihron Ya'akov 1, Jerusalem",no
5102,קצפת,"בן יהודה 2, ירושלים, Israel",Katsefet Ice Cream,"Ben Yehuda St 2, Jerusalem, Israel",ChIJa04nNDHWAhURpLqJGTvwafk,גלידריית קצפת - Katsefet ice cream,iw,"בן יהודה 2, ירושלים","בן יהודה 2, ירושלים",yes,Katsefet Ice Cream,en,"Ben Yehuda St 2, Jerusalem","Ben Yehuda 2, Jerusalem",no
5104,Power Coffeeworks,"אגריפס 111, מחנה יהודה, ירושלים, Israel",Power CoffeeWorks,"Jaffa St 105, Jerusalem, Israel",ChIJAbVG_yjWAhURjqvQMTROcvo,Power Coffee Works,iw,"יפו 105, ירושלים","יפו 105, ירושלים",yes,Power CoffeeWorks,en,"Jaffa St 105, Jerusalem","Yafo 105, Jerusalem",no
5105,הולי בייגל,"נחל דולב 19, בית שמש, Israel",Holy Bagel RBS,"Nachal Dolev St 19, Bet Shemesh, Israel",ChIJa-70e3fDAhURtujaIv9AeVs,הולי בייגל,iw,"נחל דולב 19, בית שמש","נחל דולב 19, בית שמש",yes,Holy Bagel RBS,en,"Nachal Dolev St 19, Bet Shemesh","Nachal Dolev 19, Beit Shemesh",no
5107,ביר בזאר,"עץ חיים 3, ירושלים, Israel",BeerBazaar Jerusalem,"3 9431803, Etz Hayyim St, Jerusalem, Israel",ChIJQVMbeijWAhURX50ZUWMGnuU,ביר בזאר ירושלים,iw,"3 9431803, Etz Hayyim St, Jerusalem","3 9431803, עץ חיים, ירושלים",no,BeerBazaar Jerusalem,en,"3 9431803, Etz Hayyim St, Jerusalem","3 9431803, Etz Hayyim, Jerusalem",no
5108,חביבי ובניו,"בן יהודה 2, ירושלים, Israel",Chabibi חביבי ירושלים,"Ben Yehuda St 2, Jerusalem, Israel",ChIJTcZ6qKUpAxUR28jvvmEvk3w,חביבי - מעורב עסלי,iw,"בן יהודה 2, ירושלים","בן יהודה 2, ירושלים",yes,Chabibi חביבי ירושלים,en,"Ben Yehuda St 2, Jerusalem","Ben Yehuda 2, Jerusalem",no
5109,שווארמת השמן,"שד' יגאל אלון 24, בית שמש, Israel",השמן בית שמש,"Yig'al Alon Ave 24, Beit Shemesh, Israel",ChIJ90cmPFjEAhUR9jGaaPf4gbM,השמן,iw,"שדרות יגאל אלון 24, בית שמש","שדרות יגאל אלון 24, בית שמש",yes,השמן בית שמש,en,"Yig'al Alon Ave 24, Beit Shemesh","Yig'al Alon Ave 24, Beit Shemesh",no
5110,פאפא לה פיצה,"החוצבים 5, מבשרת ציון, Israel",Papa La Pizza,"HaHotsvim Avenue 7, Mevaseret Zion, Israel",ChIJkS1zCyTXAhUROXRcL9x66IQ,פאפא לה פיצה,iw,"שדרות החוצבים 7, מבשרת ציון","שדרות החוצבים 7, מבשרת ציון",yes,Papa La Pizza,en,"HaHotsvim Avenue 7, Mevaseret Zion","HaHotsvim Avenue 7, Mevaseret Zion",no
5113,חומוס רחביה,"הרב ברלין 1, ירושלים, Israel",Hummus Rechavia,"HaRav Haim Berlin St 1, Jerusalem, Israel",ChIJuTPr13jXAhURsZN8SDXtE7E,חומוס רחביה,iw,"הרב חיים ברלין 1, ירושלים","הרב חיים ברלין 1, ירושלים",yes,Hummus Rechavia,en,"HaRav Haim Berlin St 1, Jerusalem","HaRav Haim Berlin 1, Jerusalem",no
5117,דולצ'ה קאסה בית מתוק,"אריה דולצין 26, ירושלים, Israel",Dolce Casa,"מרכז מסחרי, אריה דולצ'ין 26, ירושלים, Israel",ChIJO2fN33_XAhUREEsJwRfgHqA,דולצ'ה קאסה,iw,"מרכז מסחרי, אריה דולצ'ין 26, ירושלים","מרכז מסחרי, אריה דולצ'ין 26, ירושלים",yes,Dolce Casa,en,"מרכז מסחרי, אריה דולצ'ין 26, ירושלים","מרכז מסחרי, Arieh Dulzin 26, Jerusalem",yes
5127,בורגנים,"פארן 9, ירושלים, Israel",אין בורגר - In burger,"פארן 9, Jerusalem",ChIJM7saqbIpAxUROP9RRnBNIoo,אין בורגר - In burger,iw,"פארן 9, ירושלים","פארן 9, ירושלים",yes,אין בורגר - In burger,iw,"פארן 9, Jerusalem","פארן 9, Jerusalem",yes
5132,"א.ר. מאפה קפה בע""מ","אורוגואי 6, ירושלים, Israel",מאפה קפה היובל,"Uruguay St 6, Jerusalem, Israel",ChIJjXfTe5zXAhURbJUWPZwyfco,מאפה קפה היובל,iw,"אורוגואי 6, ירושלים","אורוגואי 6, ירושלים",yes,מאפה קפה היובל,iw,"Uruguay St 6, Jerusalem","Uruguay 6, Jerusalem",no
5138,תפוס מנה,"הסדנא 10, ירושלים, Israel",תפוס מנה,"Ha-Sadna St 12, Jerusalem, Israel",ChIJfwDcBuLXAhUR6-IsdOFz0F0,תפוס מנה,en,"הסדנא 12, ירושלים","הסדנא 12, ירושלים",yes,תפוס מנה,en,"Ha-Sadna St 12, Jerusalem","HaSadna 12, Jerusalem",no
5140,פיצה ביתית,"צפניה 72, ירושלים, Israel",Homemade Pizza,"Tsfanya St 72, Jerusalem, 9530151, Israel",ChIJCbLJjt8pAxUR9stZMbivU0c,פיצה ביתית,iw,"צפניה 72, ירושלים, 9530151","צפניה 72, ירושלים",yes,Homemade Pizza,en,"Tsfanya St 72, Jerusalem, 9530151","Tsfanya 72, Jerusalem",no
5141,רד פיצה,"הצפירה 19, ירושלים, Israel",Red Pizza,"HaZefira St 19, Jerusalem, 9310227, Israel",ChIJ8yNzcCgoAxUR1auxWVWKTBg,רד פיצה,iw,"הצפירה 19, ירושלים, 9310227","הצפירה 19, ירושלים",yes,Red Pizza,en,"HaZefira St 19, Jerusalem, 9310227","HaZefira 19, Jerusalem",no
5144,פיצה סיטי,"גולדה מאיר 1, ירושלים, Israel",Pizza City,"Sderot Golda Me'ir 1, Jerusalem, Israel",ChIJS50yHOEpAxURDPN4S0LozRw,פיצה סיטי,iw,"שדרות גולדה מאיר 1, ירושלים","שדרות גולדה מאיר 1, ירושלים",yes,Pizza City,en,"Sderot Golda Me'ir 1, Jerusalem","Sderot Golda Me'ir 1, Jerusalem",no
5145,הארוויס בורגר שאק,"שלומציון המלכה 1, ירושלים, Israel",Harvey's Burger Shack,"Queen Shlomziyon St 1, Jerusalem, 9414601, Israel",ChIJW7_JKNMpAxURdRI1HEnvCbI,Harvey's Burger Shack,en,"שלומציון המלכה 1, ירושלים, 9414601","שלומציון המלכה 1, ירושלים",yes,Harvey's Burger Shack,en,"Queen Shlomziyon St 1, Jerusalem, 9414601","Queen Shlomziyon 1, Jerusalem",no
5146,יקב אבנר,"הרימון, גבעת זאב, Israel",יקב אבנר,"Harimon St, Giv'at Ze'ev",ChIJVTjb7rLVAhURriy_hbfjtCo,יקב אבנר,iw,"הרימון, גבעת זאב","הרימון, גבעת זאב",yes,יקב אבנר,iw,"Harimon St, Giv'at Ze'ev","Harimon, Giv'at Ze'ev",no
5148,פלאפל אבישי,"דב גרונר 2, ירושלים, Israel",Avishai Falafel,"מרכז מסחרי ארמון הנציב 2, דוב גרונר, Jerusalem",ChIJzckOHz8oAxURL82QwuDie9Q,פלאפל אבישי,iw,"מרכז מסחרי ארמון הנציב 2, דוב גרונר, ירושלים","מרכז מסחרי ארמון הנציב 2, דוב גרונר, ירושלים",yes,Avishai Falafel,en,"מרכז מסחרי ארמון הנציב 2, דוב גרונר, Jerusalem","מרכז מסחרי ארמון הנציב 2, דוב גרונר, Jerusalem",yes
5149,בייגלס,"שאולזון 58, ירושלים, Israel",Bagels Har Nof,"Ha-Rav S Sha'ulzon St 58, Jerusalem, Israel",ChIJU9bVA6vXAhURP2suC5VchOw,בייגל׳ס - בית קפה וקייטרינג לאירועים,iw,"הרב ש. שאולזון 58, ירושלים","הרב ש. שאולזון 58, ירושלים",yes,Bagels Har Nof,en,"Ha-Rav S Sha'ulzon St 58, Jerusalem","Ha-Rav S Sha'ulzon 58, Jerusalem",no
5153,"קצפת, דרך חברון ירושלים","דרך חברון 105, ירושלים, Israel",Katsefet,"Hebron Rd 105, Jerusalem, 9348003, Israel",ChIJiWDEACIoAxUR6P3r4mry2dQ,גלידריית קצפת - Katsefet ice cream,iw,"דרך חברון 105, ירושלים, 9348003","דרך חברון 105, ירושלים",yes,Katsefet,en,"Hebron Rd 105, Jerusalem, 9348003","Derech Hevron 105, Jerusalem",no
5154,פיצה פורמג'ו,"המלך ג'ורג' 15, ירושלים, Israel",Pizza Formaggio,"King George St 15, Jerusalem, Israel",ChIJ_frhTtYpAxURrjvB1j1K4fA,פיצה פורמג'ו,iw,"המלך ג'ורג' 15, ירושלים","המלך ג'ורג' 15, ירושלים",yes,Pizza Formaggio,en,"King George St 15, Jerusalem","King George 15, Jerusalem",no
5155,בייגל קפה,"עמק רפאים 54, ירושלים, Israel",Bagel Cafe,"Emek Refa'im St 54, Jerusalem, Israel",ChIJ_2hLtMIpAxURPzabC0YTgvM,בייגל קפה Bagel Cafe - עמק רפאים,iw,"עמק רפאים 54, ירושלים","עמק רפאים 54, ירושלים",yes,Bagel Cafe,en,"Emek Refa'im St 54, Jerusalem","Emek Refaim 54, Jerusalem",no
5160,הטאג'ין,"יד חרוצים 15, ירושלים, Israel",Hatagin,"Yad Harutsim St 15, Jerusalem, Israel",ChIJCf5PRx4oAxUR9DEWauCaLaU,הטאג'ין,iw,"יד חרוצים 15, ירושלים","יד חרוצים 15, ירושלים",yes,Hatagin,en,"Yad Harutsim St 15, Jerusalem","Yad Harutsim 15, Jerusalem",no
5161,פיצה רום,"בורוכוב 61, ירושלים, Israel",פיצה רום,"Borochov St 61, Jerusalem, 96781, Israel",ChIJ1aYwSpzXAhUR0Rg2XqP2z_U,פיצה רום,iw,"בורוכוב 61, ירושלים, 96781","בורוכוב 61, ירושלים",yes,פיצה רום,iw,"Borochov St 61, Jerusalem, 96781","Borochov 61, Jerusalem",no
5163,מסעדת נחמן,"מעבר בית הכנסת 8, כיכר המוזיקה, ירושלים, Israel",נחמן מסעדה חלבית,"Ze'ev Raban St, Jerusalem, Israel",ChIJQ3hDxNYpAxURy4l-mAARcIM,נחמן מסעדה חלבית,iw,"זאב רבן, ירושלים","זאב רבן, ירושלים",yes,נחמן מסעדה חלבית,iw,"Ze'ev Raban St, Jerusalem","Ze'ev Raban, Jerusalem",no
5167,פיצה פיאטו,"מאיר גרשון 42, פסגת זאב, ירושלים, Israel",פיצה פיאטו,"Meir Gershon St 42, Jerusalem",ChIJs0MGMDcqAxURK_GAlmGyVJg,פיצה פיאטו,iw,"מאיר גרשון 42, ירושלים","מאיר גרשון 42, ירושלים",yes,פיצה פיאטו,iw,"Meir Gershon St 42, Jerusalem","Meir Gershon 42, Jerusalem",no
5169,עינוגים,"יד חרוצים 4, ירושלים, Israel",Inugim Pastry Shop,"Mavo Sam Spiegel, Jerusalem, Israel",ChIJw8s4gR8oAxUREa8Fk53cB7E,עינוגים,iw,"מבוא סם שפיגל, ירושלים","מבוא סם שפיגל, ירושלים",yes,Inugim Pastry Shop,en,"Mavo Sam Spiegel, Jerusalem","Mavo Sam Spiegel, Jerusalem",no
5172,קפה אלה,"הרב הרצוג 69, ירושלים, Israel",Cafe Ella,"Ha-Rav Herzog St 69, Jerusalem, Israel",ChIJZaGMLtvXAhUR3r2CW-D6yPs,קפה אלה,iw,"הרב הרצוג 69, ירושלים","הרב הרצוג 69, ירושלים",yes,Cafe Ella,en,"Ha-Rav Herzog St 69, Jerusalem","HaRav Herzog 69, Jerusalem",no
5174,צ'וקולטה,"פועלי צדק 2, ירושלים, Israel",צ'וקולטה,"Po'alei Tsedek St 2, Jerusalem, Israel",ChIJEWp5KeDXAhURz2KdUHSTDlw,צ'וקולטה,iw,"פועלי צדק 2, ירושלים","פועלי צדק 2, ירושלים",yes,צ'וקולטה,iw,"Po'alei Tsedek St 2, Jerusalem","Po'alei Tsedek 2, Jerusalem",no
5188,שאבעס ביסטרו,"אבן שפרוט 5, ירושלים, Israel",SHABES BISTRO,"Ibn Shaprut St 5, Jerusalem, Israel",ChIJefJu0tTXAhURp_vIqCfRP8s,שאבעס ביסטרו SHABES BISTRO,iw,"אבן שפרוט 5, ירושלים","אבן שפרוט 5, ירושלים",yes,SHABES BISTRO,en,"Ibn Shaprut St 5, Jerusalem","Ibn Shaprut 5, Jerusalem",no
5189,עז'ורה,"האשכול 4, מחנה יהודה, ירושלים, Israel",Azura,"Ha-Eshkol St 4, Jerusalem, Israel",ChIJ8epn9SjWAhUR6infQ_h30kw,עזורה,iw,"האשכול 4, ירושלים","האשכול 4, ירושלים",yes,Azura,en,"Ha-Eshkol St 4, Jerusalem","HaEshkol 4, Jerusalem",no
5190,אלמה בשר עם מסעדה,"דרך יצחק רבין 19, בית שמש, Israel",Alma Meat Restaurant,"Derech Yitshak Rabin 19, Beit Shemesh, Israel",ChIJfynD41_EAhURzZP6CNzra6Y,"אלמה, בשר עם מסעדה",iw,"דרך יצחק רבין 19, בית שמש","דרך יצחק רבין 19, בית שמש",yes,Alma Meat Restaurant,en,"Derech Yitshak Rabin 19, Beit Shemesh","Derech Yitshak Rabin 19, Beit Shemesh",no
5191,פיצה מבוא חורון -המקום של דידי,"מבוא חורון, Israel",פיצה מבוא חורון,Mevo Horon,ChIJ8UuKSSLOAhURCAafaFo6-Fo,פיצה מבוא חורון,iw,מבוא חורון,מבוא חורון,yes,פיצה מבוא חורון,iw,Mevo Horon,מבוא חורון,no
5192,טלביה פטיסרי,"ירושלים, Israel",Talbiye Patisserie,"David Marcus St 20, Jerusalem, Israel",ChIJX-lMJVcpAxURIt7fTG3lk0w,טלביה פטיסרי,iw,"דוד מרכוס 20, ירושלים","דוד מרכוס 20, ירושלים",yes,Talbiye Patisserie,en,"David Marcus St 20, Jerusalem","David Marcus 20, Jerusalem",no
5193,פורטובלו,"לבוש מרדכי 2, ירושלים, Israel",פורטבלו,"Levush Mordehai St 4, Jerusalem, Israel",ChIJKx43L9kpAxURIIF1YrEZfU4,פורטבלו,iw,"לבוש מרדכי 4, ירושלים","לבוש מרדכי 4, ירושלים",yes,פורטבלו,iw,"Levush Mordehai St 4, Jerusalem","Levush Mordehai 4, Jerusalem",no
5194,פלאפל אבדר,"אלעזר המודעי 7, ביתר עילית, Israel",פלאפל אבדר,"Hamoda'i, Rabbi El'azar Hamoda'i St 7, Betar Illit",ChIJr9jgKPvbAhURJbm2yZwgb-s,פלאפל אבדר,iw,"Hamoda'i, Rabbi El'azar Hamoda'i St 7, Betar Illit","Hamoda'i, רחוב רבי אלעזר המודעי 7, ביתר עילית",no,פלאפל אבדר,iw,"Hamoda'i, Rabbi El'azar Hamoda'i St 7, Betar Illit","Hamoda'i, Rabbi Elazar Hamoda'i 7, Betar Illit",no
5195,הסלטיה הלל,"הלל 23, ירושלים, Israel",הסלטיה,"Hillel St 23, Jerusalem, Israel",ChIJ0-obitYpAxURbWUisvhW0YQ,הסלטיה,iw,"הלל 23, ירושלים","הלל 23, ירושלים",yes,הסלטיה,iw,"Hillel St 23, Jerusalem","Hillel 23, Jerusalem",no
5196,פלאפל עובד,"דרך בית לחם 78, המושבה הגרמנית, ירושלים, Israel",Falafel Oved,"Beit Lehem Rd 78, Jerusalem, Israel",ChIJPyq26CMoAxURg3uMDbL7KkY,פלאפל עובד,iw,"בית לחם 78, ירושלים","בית לחם 78, ירושלים",yes,Falafel Oved,en,"Beit Lehem Rd 78, Jerusalem","Derech Beit Lehem 78, Jerusalem",no
5198,פיצה אורי ירושלים,"ירמיהו 9, ירושלים, Israel",פיצה אורי החדש ירמיהו,"חניון פסגות, לואיס בריינדס 3, Yirmiyahu 9, Jerusalem, Israel",ChIJe3Xn_yPWAhURli9pKovw45Y,פיצה אורי החדש ירמיהו,iw,"חניון פסגות, לואיס בריינדס 3, ירמיהו 9, ירושלים","חניון פסגות, לואיס בריינדס 3, ירמיהו 9, ירושלים",yes,פיצה אורי החדש ירמיהו,en,"חניון פסגות, לואיס בריינדס 3, Yirmiyahu 9, Jerusalem","חניון פסגות, לואיס בריינדס 3, Yirmiyahu 9, Jerusalem",yes
5199,בובעס ביר הצבע,"הצבע 2, בית שמש, Israel",בובעס ביר הצבע 2 בית שמש צ׳ולנט,"Ha-Tzaba St 2, Bet Shemesh, Israel",ChIJYesNk4zFAhURhvdTdnPyL68,בובעס ביר הצבע 2 בית שמש צ׳ולנט,iw,"הצבע 2, בית שמש","הצבע 2, בית שמש",yes,בובעס ביר הצבע 2 בית שמש צ׳ולנט,iw,"Ha-Tzaba St 2, Bet Shemesh","Ha-Tzaba 2, Beit Shemesh",no
5202,פיצה דיל,"אודם 30, ירושלים, Israel",פיצה דיל,"Odem St 30, Jerusalem",ChIJQdiQki_YAhURvtM63fx1T3s,פיצה דיל,iw,"אודם 30, ירושלים","אודם 30, ירושלים",yes,פיצה דיל,iw,"Odem St 30, Jerusalem","Odem 30, Jerusalem",no
5203,אשתנור Grill,"יפו 210, ירושלים, Israel",Eshtanur,"Jaffa St 210, Jerusalem, Israel",ChIJ4ewjgiXWAhURwVDdI5g8Scs,אשתנור גריל,iw,"יפו 210, ירושלים","יפו 210, ירושלים",yes,Eshtanur,en,"Jaffa St 210, Jerusalem","Yafo 210, Jerusalem",no
5204,רנדבו,"דרך בית לחם 110, ירושלים, Israel",Rendez-Vous Restaurant רנדבו,"Beit Lehem Rd 110, Jerusalem, Israel",ChIJRaN44iEoAxURQP1Z8p_Fq9E,Rendez-Vous Restaurant,iw,"בית לחם 110, ירושלים","בית לחם 110, ירושלים",yes,Rendez-Vous Restaurant רנדבו,en,"Beit Lehem Rd 110, Jerusalem","Derech Beit Lehem 110, Jerusalem",no
5205,הפיצריה,"נוף הרים, מבשרת ציון, Israel",HaPizzeria,"Nof Harim St 1, Mevaseret Zion, Israel",ChIJ0eGDt93WAhURYn7s5X4k1_8,הפיצריה מבשרת ציון,iw,"נוף הרים 1, מבשרת ציון","נוף הרים 1, מבשרת ציון",yes,HaPizzeria,en,"Nof Harim St 1, Mevaseret Zion","Nof Harim 1, Mevaseret Zion",no
5213,אושי אושי מבשרת ציון,"החוצבים 10, מבשרת ציון, Israel",Oshi Oshi - Mevasseret-Zion אושי אושי - מבשרת-ציון,"HaHotsvim Avenue 10, Mevaseret Zion, 9079129, Israel",ChIJbawkrp_XAhURsSJIa_D5bqA,אושי אושי - סושי במבשרת ציון,iw,"שדרות החוצבים 10, מבשרת ציון, 9079129","שדרות החוצבים 10, מבשרת ציון",yes,Oshi Oshi - Mevasseret-Zion אושי אושי - מבשרת-ציון,en,"HaHotsvim Avenue 10, Mevaseret Zion, 9079129","HaHotsvim Avenue 10, Mevaseret Zion",no
5215,פינת השובע,"נחל זוהר 12, בית שמש, Israel",פינת השובע,"Nachal Zohar St 12, Bet Shemesh, Israel",ChIJSQlrgZvDAhURb2J3Der088Y,פינת השובע,iw,"נחל זוהר 12, בית שמש","נחל זוהר 12, בית שמש",yes,פינת השובע,iw,"Nachal Zohar St 12, Bet Shemesh","Nachal Zohar 12, Beit Shemesh",no
5218,קפה קרוסלה,"בנימין מטודלה 1, ירושלים, Israel",Carousela,"Binyamin mi-Tudela St 1, Jerusalem, 92305, Israel",ChIJJ92CldXXAhURquVNy0zrV7M,קפה קרוסלה‎,iw,"בנימין מטודלה 1, ירושלים, 92305","בנימין מטודלה 1, ירושלים",yes,Carousela,en,"Binyamin mi-Tudela St 1, Jerusalem, 92305","Binyamin Metudela 1, Jerusalem",no
5221,גרליץ מן,"מלכי ישראל 35, ירושלים, Israel","גרליץ איכות בע""מ","Touval St 5, Jerusalem, 94466, Israel",ChIJcxig7iTWAhURC6aZHcO0cq4,"גרליץ איכות בע""מ",iw,"תובל 5, ירושלים, 94466","תובל 5, ירושלים",yes,"גרליץ איכות בע""מ",iw,"Touval St 5, Jerusalem, 94466","Touval 5, Jerusalem",no
5224,"גאגו דה פריז (1994) בע""מ","המלך ג'ורג' 14, ירושלים, Israel",Gagou De Paris,"King George St 14, Jerusalem, Israel",ChIJzdyRTtYpAxURRT6N_R3Olow,בית מאפה יהודה - Gagou De Paris,iw,"המלך ג'ורג' 14, ירושלים","המלך ג'ורג' 14, ירושלים",yes,Gagou De Paris,en,"King George St 14, Jerusalem","King George 14, Jerusalem",no
5226,אגריפס 15,"אגריפס 15, ירושלים, Israel",אגריפס 15,"Agripas St 15, Jerusalem, 9314103, Israel",ChIJLYeoYpUpAxURhvudO0d-orE,אגריפס 15,iw,"אגריפס 15, ירושלים, 9314103","אגריפס 15, ירושלים",yes,אגריפס 15,iw,"Agripas St 15, Jerusalem, 9314103","Agripas 15, Jerusalem",no
5229,סטקיית הקצבים,"אגריפס 34, ירושלים, Israel",מסעדת הקצבים,"Agripas St 46, Jerusalem, Israel",ChIJoWsM0NcpAxURUrpfp5BZQfg,מסעדת הקצבים,iw,"אגריפס 46, ירושלים","אגריפס 46, ירושלים",yes,מסעדת הקצבים,iw,"Agripas St 46, Jerusalem","Agripas 46, Jerusalem",no
5234,ג'אפן ג'אפן,"יפו 224, תחנה מרכזית ירושלים, Israel",ג׳אפן ג׳אפן יפו 224 ירושלים,"Jaffa St 224, Jerusalem, Israel",ChIJAUKY5uTXAhURZAdrVINuBcA,ג׳אפן ג׳אפן יפו 224 ירושלים,iw,"יפו 224, ירושלים","יפו 224, ירושלים",yes,ג׳אפן ג׳אפן יפו 224 ירושלים,iw,"Jaffa St 224, Jerusalem","Yafo 224, Jerusalem",no
5235,עראיס מחניודה,"אגריפס 115, מחנה יהודה, ירושלים, Israel",Arais Machane Yehuda,"Agripas St 115, Jerusalem, Israel",ChIJHWcb-yjWAhURAOmLsH1hlc8,עראיס מחנה יהודה,iw,"אגריפס 115, ירושלים","אגריפס 115, ירושלים",yes,Arais Machane Yehuda,en,"Agripas St 115, Jerusalem","Agripas 115, Jerusalem",no
5237,תופיניי,"בית הכרם 29, ירושלים, Israel",תופיניי - קונדיטוריה וקפה (בית הכרם),"Beit HaKerem St 29, Jerusalem, Israel",ChIJl7xLarTXAhURDF6E6UMlVnQ,תופיניי - קונדיטוריה וקפה (בית הכרם),iw,"בית הכרם 29, ירושלים","בית הכרם 29, ירושלים",yes,תופיניי - קונדיטוריה וקפה (בית הכרם),iw,"Beit HaKerem St 29, Jerusalem","Beit HaKerem 29, Jerusalem",no
5240,קדמה כיכר המוסיקה,"מעבר בית הכנסת 8, ירושלים, Israel",קדמה כיכר המוסיקה - KEDMA Kikar Hamuzika,"Ma'avar Beit HaKnesset 8, Jerusalem, 9462701, Israel",ChIJS_zBNNbXAhURiJygkkuoi5c,קדמה ממילא,iw,"מעבר בית הכנסת 8, ירושלים, 9462701","מעבר בית הכנסת 8, ירושלים",yes,קדמה כיכר המוסיקה - KEDMA Kikar Hamuzika,en,"Ma'avar Beit HaKnesset 8, Jerusalem, 9462701","Ma'avar Beit HaKnesset 8, Jerusalem",no
5247,קראנץ' בגט,"מאיר גרשון 34, פסגת זאב, ירושלים, Israel",קראנץ' באגט,"Meir Gershon St 34, Jerusalem",ChIJW7J9TDcqAxURQU9PAKQMLpE,קראנץ' באגט,iw,"מאיר גרשון 34, ירושלים","מאיר גרשון 34, ירושלים",yes,קראנץ' באגט,iw,"Meir Gershon St 34, Jerusalem","Meir Gershon 34, Jerusalem",no
5250,פיצה האט,"דרך יצחק רבין 13, בית שמש, Israel",Pizza Hut,"Derech Yitshak Rabin 13, Beit Shemesh, Israel",ChIJYx4qmV_EAhUR9GKSONKzHYw,פיצה האט - פיצה בבית שמש,iw,"דרך יצחק רבין 13, בית שמש","דרך יצחק רבין 13, בית שמש",yes,Pizza Hut,en,"Derech Yitshak Rabin 13, Beit Shemesh","Derech Yitshak Rabin 13, Beit Shemesh",no
5251,בין המטעים,"רמת רחל, Israel",בין המטעים | קפה בקיבוץ,"קיבוץ רמת רחל 5 Ramat Rachel, Ramat Rachel, Israel",ChIJ-4lDBQ0pAxURWV6IUL7-ow4,בין המטעים | קפה בקיבוץ,en,"קיבוץ רמת רחל 5 Ramat Rachel, רמת רחל",קיבוץ רמת רחל 5 Ramat Rachel,yes,בין המטעים | קפה בקיבוץ,en,"קיבוץ רמת רחל 5 Ramat Rachel, Ramat Rachel",קיבוץ רמת רחל 5 Ramat Rachel,yes
5253,אספרסו גאולה אלבז,"מלכי ישראל 8, ירושלים, Israel",מזנון גאולה אספרסו גאולה,"Malkei Israel St 8, Jerusalem, Israel",ChIJQR6bJ9kpAxURAVeptydcBq8,מזנון גאולה אספרסו גאולה,iw,"מלכי ישראל 8, ירושלים","מלכי ישראל 8, ירושלים",yes,מזנון גאולה אספרסו גאולה,iw,"Malkei Israel St 8, Jerusalem","Malchei Israel 8, Jerusalem",no
5258,בליקר בייקרי,"שד' יגאל אלון 6, בית שמש, Israel",Bleeker's Bakery,"מתחם שער העיר, קניון שער העיר, Yig'al Alon Ave 6, Beit Shemesh, Israel",ChIJjwQ0Z1rEAhURgY8oUluRgeA,בליקר בייקרי,iw,"מתחם שער העיר, קניון שער העיר, שדרות יגאל אלון 6, בית שמש","מתחם שער העיר, קניון שער העיר, שדרות יגאל אלון 6, בית שמש",yes,Bleeker's Bakery,en,"מתחם שער העיר, קניון שער העיר, Yig'al Alon Ave 6, Beit Shemesh","מתחם שער העיר, קניון שער העיר, Yig'al Alon Ave 6, Beit Shemesh",yes
5260,איל פרסקו,"אגודת ספורט בית""ר 1, קניון ירושלים, Israel",Il Fresco,"Derech Agudat Sport Beitar 1, Jerusalem, 9695989, Israel",ChIJNw5phY7XAhURYaoCC3fH7TM,איל פרסקו ירושלים,iw,"דרך אגודת ספורט בית""ר 1, ירושלים, 9695989","דרך אגודת ספורט בית""ר 1, ירושלים",yes,Il Fresco,en,"Derech Agudat Sport Beitar 1, Jerusalem, 9695989","Derech Agudat Sport Beitar 1, Jerusalem",no
5263,בין הקשתות,"הגיא 174, הרובע היהודי, ירושלים, Israel",Between the Arches Restaurant,"Al-Wad St 174, Jerusalem",ChIJtau_VMgpAxUR6gB96BmPfPw,מסעדת בין הקשתות,iw,"רחוב הגיא 174, ירושלים","רחוב הגיא 174, ירושלים",yes,Between the Arches Restaurant,en,"Al-Wad St 174, Jerusalem","El Wad HaGai 174, Jerusalem",no
5264,מסעדת שמולה,"אגריפס 34, ירושלים, Israel",Shmula,"Agripas St 32, Jerusalem, Israel",ChIJr9QL0NcpAxURt7fuQjqGNn8,שמולה,iw,"אגריפס 32, ירושלים","אגריפס 32, ירושלים",yes,Shmula,en,"Agripas St 32, Jerusalem","Agripas 32, Jerusalem",no
5269,הדר גאולה,"גבעת משה 5, ירושלים, Israel",Hadar Geula,"Giv'at Moshe St 5, Jerusalem, Israel",ChIJ5QhNsOEpAxURV71pORS7EXE,הדר גאולה,iw,"גבעת משה 5, ירושלים","גבעת משה 5, ירושלים",yes,Hadar Geula,en,"Giv'at Moshe St 5, Jerusalem","Giv'at Moshe 5, Jerusalem",no
5274,שוקולין,"גבירצמן משה 21, פסגת זאב, ירושלים, Israel",שוקולין,"Moshe Gvirtsman St 21, Jerusalem",ChIJnYYvWzYqAxURGrdYoZIcDI8,שוקולין,en,"משה גבירצמן 21, ירושלים","משה גבירצמן 21, ירושלים",yes,שוקולין,en,"Moshe Gvirtsman St 21, Jerusalem","Moshe Gvirtsman 21, Jerusalem",no
5276,בין עזה לברלין,"עזה 19, ירושלים, Israel",From Gaza to Berlin,"Azza St 19, Jerusalem, Israel",ChIJq6qqqtfXAhUR9fnLoG-7j7k,בין עזה לברלין,iw,"דרך עזה 19, ירושלים","דרך עזה 19, ירושלים",yes,From Gaza to Berlin,en,"Azza St 19, Jerusalem","Azza 19, Jerusalem",no
5277,קאלו קפה,"דרך בית לחם 31, המושבה הגרמנית, ירושלים, Israel",Kalo,"Beit Lehem Rd 31, Jerusalem, 93553, Israel",ChIJr43cQSQoAxURXGqiK6AeCJw,KALO CAFE MARKET קאלו קפה מרקט,iw,"בית לחם 31, ירושלים, 93553","בית לחם 31, ירושלים",yes,Kalo,en,"Beit Lehem Rd 31, Jerusalem, 93553","Derech Beit Lehem 31, Jerusalem",no
5278,בורגר בר טוב,"אזור תעשייה הר טוב, Israel",בר טוב - Bar Tuv Meat Chef Bar,"התעשייה 7-5, איזו""ת הר טוב, 9988700, Israel",ChIJU3-AoQfFAhURoSPw9HFTiwA,בר טוב - Bar Tuv Meat Chef Bar,iw,"התעשייה 7-5, איזו""ת הר טוב, 9988700","התעשייה 7-5, איזו""ת הר טוב",yes,בר טוב - Bar Tuv Meat Chef Bar,iw,"התעשייה 7-5, איזו""ת הר טוב, 9988700","התעשייה 7-5, איזו""ת הר טוב",yes
5282,אימפריאל רד,"קריית ענבים, Israel",Imperial Red אימפריאל רד,"Kiryat Anavim, Israel",ChIJm5j5Ii_RAhURn-S-Jk_TbtI,Imperial Red אימפריאל רד,iw,קרית ענבים,קרית ענבים,yes,Imperial Red אימפריאל רד,en,Kiryat Anavim,Kiryat Anavim,no
5285,פיצה עוז,"יוסי בן יועזר 55, ירושלים, Israel",פיצה עוז,"Yossi Ben Yo'ezer St 55, Jerusalem, Israel",ChIJKeid1uXXAhURFplT3cMwv9E,פיצה עוז,iw,"יוסי בן יועזר 55, ירושלים","יוסי בן יועזר 55, ירושלים",yes,פיצה עוז,iw,"Yossi Ben Yo'ezer St 55, Jerusalem","Yossi Ben Yo'ezer 55, Jerusalem",no
5286,פיצה הדקלים,"הרב ריינס 12, גבעת שאול, ירושלים, Israel",Palm Pizza,"HaRav Reines St 12, Jerusalem, Israel",ChIJ-1UiqDfWAhURwHFG6oDpM3U,פיצריית הדקלים,iw,"הרב ריינס 12, ירושלים","הרב ריינס 12, ירושלים",yes,Palm Pizza,en,"HaRav Reines St 12, Jerusalem","HaRav Reines 12, Jerusalem",no
5290,מסוב,"יפו 234, ירושלים, Israel",Massov Burger,"Jaffa St 234, Jerusalem, Israel",ChIJs6AdezDWAhUR7tMWMpS61d8,שווארמה מסוב - כשר למהדרין,iw,"יפו 234, ירושלים","יפו 234, ירושלים",yes,Massov Burger,en,"Jaffa St 234, Jerusalem","Yafo 234, Jerusalem",no
5292,סושי רחביה ירושלים,"עמק רפאים 48, ירושלים, Israel",סושי רחביה,"Rachel Imenu St 2, Jerusalem, Israel",ChIJ81_jSwApAxURK0wG7eRp95o,סושי רחביה,en,"רחל אמנו 2, ירושלים","רחל אמנו 2, ירושלים",yes,סושי רחביה,en,"Rachel Imenu St 2, Jerusalem","Rachel Imenu 2, Jerusalem",no
5294,פיצה פצץ,"רכסים 15, צור הדסה, Israel",פיצה פצץ,"Rekhasim St 15, Tzur Hadassah, 9987500, Israel",ChIJGVH54L3bAhURYihCo7XDXFQ,פיצה פצץ,iw,"רכסים 15, צור הדסה, 9987500","רכסים 15, צור הדסה",yes,פיצה פצץ,iw,"Rekhasim St 15, Tzur Hadassah, 9987500","Rehasim 15, Tsur Hadasa",no
5295,קפאו בית שמש,"שד' יגאל אלון 6, בית שמש, Israel",קפאו בית שמש KAPAO THAI FOOD,"Yig'al Alon Ave 6, Beit Shemesh, Israel",ChIJGbVCa1rEAhURI17DCF_ntGw,KAPAO THAI FOOD,iw,"שדרות יגאל אלון 6, בית שמש","שדרות יגאל אלון 6, בית שמש",yes,קפאו בית שמש KAPAO THAI FOOD,en,"Yig'al Alon Ave 6, Beit Shemesh","Yig'al Alon Ave 6, Beit Shemesh",no
5299,נשנושים,"שואבה, Israel",נשנושים,"Ha-Meyasdim St, Sho'eva, Israel",ChIJP-FB8F3QAhURU3ffL8DUl9o,נשנושים,iw,"המייסדים, שואבה","המייסדים, שואבה",yes,נשנושים,iw,"Ha-Meyasdim St, Sho'eva","HaMeyasedim, Sho'eva",no
5300,מזנון רוקפלר,"סולטן סולימן, ירושלים העתיקה, Israel",Rockefeller Garden,"Bab e-Zahra, Opposite, Harun al-Rashid 21, Jerusalem",ChIJj-ukuMApAxURY4KpBgvr56I,גן רוקפלר,iw,"Bab e-Zahra, Opposite, הארון א רשיד 21, ירושלים","Bab e-Zahra, Opposite, הארון א רשיד 21, ירושלים",yes,Rockefeller Garden,en,"Bab e-Zahra, Opposite, Harun al-Rashid 21, Jerusalem","Bab e-Zahra, Opposite, Harun al-Rashid 21, Jerusalem",no
5304,פיצה ביאנקו,"הגננת 238, ירושלים, Israel",פיצה ביאנקו,"הגננת 238, Jerusalem",ChIJ6fEG8RfYAhURrhez3vyACBM,פיצה ביאנקו,iw,"הגננת 238, ירושלים","הגננת 238, ירושלים",yes,פיצה ביאנקו,en,"הגננת 238, Jerusalem","הגננת 238, Jerusalem",yes
5308,תאילנדי במושבה,"עמק רפאים 42, ירושלים, Israel",Thailandi Bemoshava,"Emek Refa'im St 42, Jerusalem, Israel",ChIJAw8mHSYoAxURvuMre03-_KU,תאילנדי במושבה מהדרין,iw,"עמק רפאים 42, ירושלים","עמק רפאים 42, ירושלים",yes,Thailandi Bemoshava,en,"Emek Refa'im St 42, Jerusalem","Emek Refaim 42, Jerusalem",no
5309,מייקס פלייס,"יפו 33, ירושלים, Israel",Mike's Place,"Jaffa St 33, Jerusalem, Israel",ChIJC5HsLdcpAxUR2fy3AFA0viA,מייקס פלייס,iw,"יפו 33, ירושלים","יפו 33, ירושלים",yes,Mike's Place,en,"Jaffa St 33, Jerusalem","Yafo 33, Jerusalem",no
5315,רגעים אולם בוטיק,"בית הדפוס 11, גבעת שאול, ירושלים, Israel",Moments halls,"Beit Ha-Defus St 11, Jerusalem, Israel",ChIJ7bdmd0vWAhURSdC8NTKOB9o,ארויה AROYA - אולם אירועי בוטיק בירושלים,iw,"בית הדפוס 11, ירושלים","בית הדפוס 11, ירושלים",yes,Moments halls,en,"Beit Ha-Defus St 11, Jerusalem","Beit Ha-Defus 11, Jerusalem",no
5316,אוריינטופ,"עמק רפאים 3, ירושלים, Israel",Orient Top,"Emek Refa'im St 3, Jerusalem, Israel",ChIJic6UWW0pAxURe5qCZmLgZyM,Orient Top,iw,"עמק רפאים 3, ירושלים","עמק רפאים 3, ירושלים",yes,Orient Top,en,"Emek Refa'im St 3, Jerusalem","Emek Refaim 3, Jerusalem",no
5317,קפה בתיאטרון,"מרכוס 20, ירושלים, Israel",Fringe,"David Marcus St 20, Jerusalem, Israel",ChIJWcgN7O4pAxURc6CTFFcX_uc,פרינג' Fringe,iw,"דוד מרכוס 20, ירושלים","דוד מרכוס 20, ירושלים",yes,Fringe,en,"David Marcus St 20, Jerusalem","David Marcus 20, Jerusalem",no
5323,פיצה כמעט חינם,"הרצל 37, בית שמש, Israel",פיצה כמעט חינם,"Herzl St 5, Bet Shemesh, Israel",ChIJjxs8sl3EAhURsxzM9l4m-iw,פיצה כמעט חינם,iw,"הרצל 5, בית שמש","הרצל 5, בית שמש",yes,פיצה כמעט חינם,iw,"Herzl St 5, Bet Shemesh","Hertsel 5, Beit Shemesh",no
5326,אישטבח,"השקמה 1, מחנה יהודה, ירושלים, Israel",Ishtabach,"השקמה פינת, Beit Ya'akov St 1, Jerusalem, Israel",ChIJPyQ7jSjWAhURLaRI4ORCohc,אישטבח,iw,"השקמה פינת, Beit Ya'akov St 1, Jerusalem","השקמה פינת, בית יעקב 1, ירושלים",yes,Ishtabach,en,"השקמה פינת, Beit Ya'akov St 1, Jerusalem","השקמה פינת, Beit Ya'akov 1, Jerusalem",yes
5328,פיצה בפארק,"דהומיי 3, ירושלים, Israel",Pizza BaPark,"Dahomey St 3, Jerusalem, Israel",ChIJEVsOQXnXAhURLe8yZ_RO2O0,פיצה בפארק,iw,"דהומיי 3, ירושלים","דהומיי 3, ירושלים",yes,Pizza BaPark,en,"Dahomey St 3, Jerusalem","Dahomey 3, Jerusalem",no
5330,"""מעוז"" (פלאפל)","המלך ג'ורג' 19, ירושלים, Israel",Maoz FALAFEL & SHAWARMA,"King George St 19, Jerusalem, Israel",ChIJS_YQFdYpAxURK3ku4X-yJtw,מעוז פלאפל ושווארמה,iw,"המלך ג'ורג' 19, ירושלים","המלך ג'ורג' 19, ירושלים",yes,Maoz FALAFEL & SHAWARMA,en,"King George St 19, Jerusalem","King George 19, Jerusalem",no
5332,מרינדה,"קרית מדע 11, הר חוצבים, ירושלים, Israel",מרינדה,"בית אמות, קרית המדע 11, ירושלים, Israel",ChIJS_zBNNbXAhURICOiL1JvuHY,מרינדה,iw,"בית אמות, קרית המדע 11, ירושלים","בית אמות, קרית המדע 11, ירושלים",yes,מרינדה,iw,"בית אמות, קרית המדע 11, ירושלים","בית אמות, Kiryat HaMada 11, Jerusalem",yes
5334,הסנדוויץ' של צ'וצ'י,"דהומיי 14, ראשית, ירושלים, Israel",Schnitzel of Tzotzi,"Dahomey St 16, Jerusalem, Israel",ChIJKeVzjnvXAhURZNXZdeFbHrk,השניצל של צוצי,iw,"דהומיי 16, ירושלים","דהומיי 16, ירושלים",yes,Schnitzel of Tzotzi,en,"Dahomey St 16, Jerusalem","Dahomey 16, Jerusalem",no
5337,פיצה שמש,"אגריפס 42, ירושלים, Israel",Pizza Shemesh Jerusalem,"Agripas St 42, Jerusalem, Israel",ChIJccOfOijWAhURdzmqYxOyQhc,פיצה שמש ירושלים,iw,"אגריפס 42, ירושלים","אגריפס 42, ירושלים",yes,Pizza Shemesh Jerusalem,en,"Agripas St 42, Jerusalem","Agripas 42, Jerusalem",no
5339,פסגת הפיצה,"הראל 1, מבשרת ציון, Israel",פסגת הפיצה,"קניון הראל, Har'el 1, Mevaseret Zion, Israel",ChIJo5j2HS7YAhURV-dmD-MfJzw,פסגת הפיצה,iw,"קניון הראל, הראל 1, מבשרת ציון","קניון הראל, הראל 1, מבשרת ציון",yes,פסגת הפיצה,iw,"קניון הראל, Har'el 1, Mevaseret Zion","קניון הראל, Har'el 1, Mevaseret Zion",yes
5348,פיצה סביון,"רחמילביץ משה 106, פסגת זאב, ירושלים, Israel",Savion Pizza,"Moshe Rakhmilevich St 106, Jerusalem",ChIJV_kcEEoqAxURh-12g9YWpzc,פיצה סביון,iw,"משה רחמילביץ' 106, ירושלים","משה רחמילביץ' 106, ירושלים",yes,Savion Pizza,en,"Moshe Rakhmilevich St 106, Jerusalem","Moshe Rachmilevich 106, Jerusalem",no
5349,JLM,"המלך דוד 10, ירושלים, Israel",JLM סושי מקומי,"King David St 10, Jerusalem, Israel",ChIJVVWWx9MpAxURj0ePJrBx7EM,JLM סושי מקומי,iw,"דוד המלך 10, ירושלים","דוד המלך 10, ירושלים",yes,JLM סושי מקומי,en,"King David St 10, Jerusalem","David HaMelech 10, Jerusalem",no
5351,ביג אפל פיצה,"שד' יגאל אלון 1, ביג פאשן בית שמש, Israel",Big Apple Pizza,"Yig'al Alon Ave 1, Beit Shemesh, Israel",ChIJDXqcelrEAhURPrU5eY0AwsE,ביג אפל פיצה,iw,"שדרות יגאל אלון 1, בית שמש","שדרות יגאל אלון 1, בית שמש",yes,Big Apple Pizza,en,"Yig'al Alon Ave 1, Beit Shemesh","Yig'al Alon Ave 1, Beit Shemesh",no
5353,פיצה ממילא,"יפו 17, ירושלים, Israel",פיצה ממילא,"Jaffa St 17, Jerusalem, Israel",ChIJR3QOxtEpAxURAdwCBLC9knY,פיצה ממילא,iw,"יפו 17, ירושלים","יפו 17, ירושלים",yes,פיצה ממילא,iw,"Jaffa St 17, Jerusalem","Yafo 17, Jerusalem",no
5354,אושי אושי,"אגודת ספורט בית""ר 1, קניון ירושלים, Israel",Oshi Oshi,"Derech Agudat Sport Beitar 1, Jerusalem, Israel",ChIJM7K_KozXAhUR9ws5qP3Lj3o,אושי אושי,iw,"דרך אגודת ספורט בית""ר 1, ירושלים","דרך אגודת ספורט בית""ר 1, ירושלים",yes,Oshi Oshi,en,"Derech Agudat Sport Beitar 1, Jerusalem","Derech Agudat Sport Beitar 1, Jerusalem",no
5355,פוקצ'ה בר הכשרה במושבה,"עמק רפאים 35, ירושלים, Israel",Focaccia Moshava,"Emek Refa'im St 35, Jerusalem, 9310418, Israel",ChIJqV7IGyYoAxURvjP-68PPtxc,פוקצ'ה מושבה הכשרה,iw,"עמק רפאים 35, ירושלים, 9310418","עמק רפאים 35, ירושלים",yes,Focaccia Moshava,en,"Emek Refa'im St 35, Jerusalem, 9310418","Emek Refaim 35, Jerusalem",no
5356,נפתולי'ס,"רבי יהודה הנשיא 13, בית שמש, Israel",נפתליס,"Sderot Rabi Yehuda HaNassi 15, Beit Shemesh, Israel",ChIJWQGdKjjFAhURzLmUm3W3G-E,נפתליס,iw,"שדרות רבי יהודה הנשיא 15, בית שמש","שדרות רבי יהודה הנשיא 15, בית שמש",yes,נפתליס,iw,"Sderot Rabi Yehuda HaNassi 15, Beit Shemesh","Sderot Rabi Yehuda HaNassi 15, Beit Shemesh",no
5357,סופר המזרח,"ירושלים, Israel",Super HaMizrah,"Beit Lehem Rd 34, Jerusalem, 9350401, Israel",ChIJ7dKnRJ8pAxURNneF7d3lzn8,סופר המזרח,iw,"בית לחם 34, ירושלים, 9350401","בית לחם 34, ירושלים",yes,Super HaMizrah,en,"Beit Lehem Rd 34, Jerusalem, 9350401","Derech Beit Lehem 34, Jerusalem",no
5359,אושי אושי,"דרך יצחק רבין 2, קניון נעימי, בית שמש, Israel",Oshi Oshi,"Naimi Mall, Derech Yitshak Rabin 2, Bet Shemesh, Israel",ChIJ_bp5-V7FAhURt0ru5KtxZb8,Oshi Oshi אושי אושי סניף בית שמש,iw,"קניון נעימי, דרך יצחק רבין 2, בית שמש","קניון נעימי, דרך יצחק רבין 2, בית שמש",yes,Oshi Oshi,en,"Naimi Mall, Derech Yitshak Rabin 2, Bet Shemesh","Naimi Mall, Derech Yitshak Rabin 2, Beit Shemesh",no
5360,סטקיית ג`ינג'י,"פייר קניג 37, קניון הדר, ירושלים, Israel",סטקיית ג'ינג'י,"Jerusalem, Israel",ChIJI--Cz-HXAhURdQxSq4Ig7Xs,סטקיית ג'ינג'י,iw,ירושלים,ירושלים,yes,סטקיית ג'ינג'י,iw,Jerusalem,Jerusalem,no
5362,קייטרינג האיטלקיה,"בית שמש, Israel",האיטלקיה,"Ha-Banai St 7, Bet Shemesh, Israel",ChIJs0fUpgHFAhUR8CjYNM1tcnU,האיטלקיה,iw,"הבנאי 7, בית שמש","הבנאי 7, בית שמש",yes,האיטלקיה,iw,"Ha-Banai St 7, Bet Shemesh","HaBanay 7, Beit Shemesh",no
5363,פיצה שמש,"דרך יצחק רבין 15, בית שמש, Israel",Pizza Shemesh,"Derech Yitshak Rabin 15, Beit Shemesh, Israel",ChIJ4ZsUll_EAhURCvrgCD4VEww,פיצה שמש,iw,"דרך יצחק רבין 15, בית שמש","דרך יצחק רבין 15, בית שמש",yes,Pizza Shemesh,en,"Derech Yitshak Rabin 15, Beit Shemesh","Derech Yitshak Rabin 15, Beit Shemesh",no
5364,ההמבורגר של שגב,"יד חרוצים 4, ירושלים, Israel",Segev Hamburger - Talpiyot,"Yad Harutsim St 4, Jerusalem, Israel",ChIJ_wRVsx8oAxURE8fNEJQ1HR0,ההמבורגר של שגב תלפיות,iw,"יד חרוצים 4, ירושלים","יד חרוצים 4, ירושלים",yes,Segev Hamburger - Talpiyot,en,"Yad Harutsim St 4, Jerusalem","Yad Harutsim 4, Jerusalem",no
5366,מסעדת יהודית,"הערמונים 5, מחנה יהודה, ירושלים, Israel",Yehudit,"HaArmonim St 5, Jerusalem, 9432254, Israel",ChIJWwSi8yjWAhURaLXseYQ7z1E,יהודית,iw,"הערמונים 5, ירושלים, 9432254","הערמונים 5, ירושלים",yes,Yehudit,en,"HaArmonim St 5, Jerusalem, 9432254","HaArmonim 5, Jerusalem",no
5371,קפה שלוה,"דרך שלוה 1, ירושלים, Israel",Cafè Shalva - קפה שלוה,"Shalva Rd 1, Jerusalem, Israel",ChIJbQt0nb7XAhURTd2dA92hfXw,קפה שלווה,iw,"דרך שלווה 1, ירושלים","דרך שלווה 1, ירושלים",yes,Cafè Shalva - קפה שלוה,en,"Shalva Rd 1, Jerusalem","Derech Shalva 1, Jerusalem",no
5373,עופרה בשרים,"הפרסה 16, רב מכר תלפיות, ירושלים, Israel",Ofra,"Ha-Aparsa St 16, Jerusalem, Israel",ChIJUwQnQADXAhUROBr3zOQuRcY,עופרה - מסעדת גריל בשרים,iw,"הפרסה 16, ירושלים","הפרסה 16, ירושלים",yes,Ofra,en,"Ha-Aparsa St 16, Jerusalem","HaParsa 16, Jerusalem",no
5375,קוריץ,"רלב""ח 5, ירושלים, Israel",מסעדת קוריץ,"Ralbah St 5, Jerusalem, Israel",ChIJmVrNndgpAxURLHGLWQlCGk4,מסעדת קוריץ,iw,"רלב""ח 5, ירושלים","רלב""ח 5, ירושלים",yes,מסעדת קוריץ,en,"Ralbah St 5, Jerusalem","Ralbah 5, Jerusalem",no
5377,לימונצ'לו,"אשדוד, Israel",לימונצ׳לו - limoncello,"חוף הפרחים, אשדוד, Israel",ChIJLbLEIUmjAhURLdqUPfqmWwI,לימונצ׳לו - limoncello,iw,"חוף הפרחים, אשדוד","חוף הפרחים, אשדוד",yes,לימונצ׳לו - limoncello,iw,"חוף הפרחים, אשדוד","חוף הפרחים, Ashdod",yes
5378,מייק בורגר,"אסתר המלכה 19, רמלה, Israel",מייק בורגר,"Ester ha-Malka St 19, Ramla, Israel",ChIJh_jztQXKAhUReErcX6HOIb8,מייק בורגר,iw,"אסתר המלכה 19, רמלה","אסתר המלכה 19, רמלה",yes,מייק בורגר,iw,"Ester ha-Malka St 19, Ramla","Ester HaMalka 19, Ramla",no
5379,פטריקס קריית אונו,"קריית אונו, Israel",פטריקס קרית אונו - Patrick's כשר,"נעמי שמר 2, Kiryat Ono, Israel",ChIJv50pQwA1HRURZOmBK07CJ8U,פטריקס קרית אונו - Patrick's כשר,iw,"נעמי שמר 2, קרית אונו","נעמי שמר 2, קרית אונו",yes,פטריקס קרית אונו - Patrick's כשר,iw,"נעמי שמר 2, Kiryat Ono","נעמי שמר 2, Kiryat Ono",yes
5383,לה ריספקט,"השקמה 1, סביון, Israel",ביסטרו לה רספקט - סביון,"HaShikma St 1, Savyon, 5651801, Israel",ChIJvcRG8PBLHRURr8TskXJrPoo,ביסטרו לה רספקט - סביון,iw,"השיקמה 1, סביון, 5651801","השיקמה 1, סביון",yes,ביסטרו לה רספקט - סביון,iw,"HaShikma St 1, Savyon, 5651801","HaShikma 1, Savyon",no
5384,קנטו,"אלטלף 1, יהוד, Israel",Canto - קנטו יהוד,"Altalef St 1, Yehud-Monosson, Israel",ChIJSzuKoag1HRURNs-_BfdpJRw,Canto - קנטו יהוד,en,"אלטלף 1, יהוד מונוסון","אלטלף 1, יהוד מונוסון",yes,Canto - קנטו יהוד,en,"Altalef St 1, Yehud-Monosson","Altalef 1, Yahud Monoson",no
5385,לאמור,"ילדי טהרן 8, ראשון לציון, Israel",לאמור - מסעדה איטלקית - L’amore,"Yaldei Teheran St 8, Rishon LeZion, Israel",ChIJZ96iuyqzAhURyla0mVcr2YU,לאמור - מסעדה איטלקית - L’amore,iw,"ילדי טהרן 8, ראשון לציון","ילדי טהרן 8, ראשון לציון",yes,לאמור - מסעדה איטלקית - L’amore,iw,"Yaldei Teheran St 8, Rishon LeZion","Yaldei Teheran 8, Rishon LeZion",no
5386,דז'ה וו,"דם המכבים 53, מודיעין והסביבה, Israel",דז׳ה וו | Deja Vu,"Dam HaMacbim St 53, Modi'in-Maccabim-Re'ut, Israel",ChIJkcmgpTbNAhURA8UqilKU-JU,דז׳ה וו | Deja Vu,iw,"דם המכבים 53, מודיעין מכבים רעות","דם המכבים 53, מודיעין מכבים רעות",yes,דז׳ה וו | Deja Vu,iw,"Dam HaMacbim St 53, Modi'in-Maccabim-Re'ut","Dam HaMacbim 53, Modi'in Makabim-Re'ut",no
5387,הבית התימני גדרה,"הביל""ויים 12, גדרה, Israel",מסעדת הבית התימני גדרה,"Ha-Biluyim St 12, Gedera, Israel",ChIJy87hjC-7AhURr2nh1_wnYhY,מסעדת הבית התימני גדרה,iw,"הביל""ויים 12, גדרה","הביל""ויים 12, גדרה",yes,מסעדת הבית התימני גדרה,iw,"Ha-Biluyim St 12, Gedera","HaBiluyim 12, Gedera",no
5388,טוקופיה,"המזמרה 11, נס ציונה, Israel",Tokopaya,"HaMazmera St 11, Ness Ziona, Israel",ChIJw1-FLsK2AhURwtAW7Pdnk1g,טוקופיה,iw,"המזמרה 11, נס ציונה","המזמרה 11, נס ציונה",yes,Tokopaya,en,"HaMazmera St 11, Ness Ziona","HaMazmera 11, Ness Ziona",no
5390,בישיקיו,"האלון 26, משמר איילון, Israel",בישיק המבשלה - מסעדת בשרים,"26, Mishmar Ayalon, Israel",ChIJobKAfzPJAhURh20VRzsu2Kk,בישיקיו,iw,"26, משמר איילון","26, משמר איילון",yes,בישיק המבשלה - מסעדת בשרים,en,"26, Mishmar Ayalon","26, Mishmar Ayalon",no
5391,קפה גיטה,"אמונים, Israel",קפה גיטה,"HaTe'ena St 201, Emunim, 7926500, Israel",ChIJP4BbQ5-ZAhURbcwkmH7oB9Y,קפה גיטה,iw,"התאנה 201, אמונים, 7926500","התאנה 201, אמונים",yes,קפה גיטה,iw,"HaTe'ena St 201, Emunim, 7926500","HaTe'ena 201, Emunim",no
5392,שיפודי התקווה,"הקישון 7, יבנה, Israel",שיפודי התקווה,"קניון G, HaKishon, Yavne, Israel",ChIJW9MRWwC7AhURNDZYK9d7JQI,שיפודי התקווה,en,"קניון G, הקישון, יבנה","קניון G, הקישון, יבנה",yes,שיפודי התקווה,en,"קניון G, HaKishon, Yavne","קניון G, HaKishon, Yavne",yes
5394,גולדה,"שד' מנחם בגין 12, גדרה, Israel",גלידה גולדה גדרה,"Sderot Menachem Begin 12, Gedera, Israel",ChIJk0a2Ixu5AhUR2BbG9eAssd4,גלידה גולדה גדרה,iw,"שדרות מנחם בגין 12, גדרה","שדרות מנחם בגין 12, גדרה",yes,גלידה גולדה גדרה,en,"Sderot Menachem Begin 12, Gedera","Sderot Menachem Begin 12, Gedera",no
5396,בוזי,"הרצל 185, רחובות, Israel",Buzzi,"Herzl St 185, Rehovot, Israel",ChIJN6XzBwO3AhUReWqDXlFmZpQ,בוזי גריל בר אסייתי,iw,"הרצל 185, רחובות","הרצל 185, רחובות",yes,Buzzi,en,"Herzl St 185, Rehovot","Herzl 185, Rehovot",no
5397,פיצריית איטליקו זוהר,"העצמאות 5, גן יבנה, Israel",איטליקו זוהר - פיצה בגן יבנה | משלוחים בגן יבנה,"Ha-Atsma'ut St 5, Gan Yavne, Israel",ChIJpzzK1ue8AhURInz-RvoFAQ8,איטליקו זוהר - פיצה בגן יבנה | משלוחים בגן יבנה,iw,"העצמאות 5, גן יבנה","העצמאות 5, גן יבנה",yes,איטליקו זוהר - פיצה בגן יבנה | משלוחים בגן יבנה,iw,"Ha-Atsma'ut St 5, Gan Yavne","HaAtsmaut 5, Gan Yavne",no
5400,איטליינוס,"הדובדבן 1, מזכרת בתיה, Israel",איטליינוס פיצה מטבח איטלקי אותנטי מזכרת בתיה,"Duvdevan St 1, Mazkeret Batya, Israel",ChIJUV2bqfe3AhURU222vTURSfk,איטליינוס פיצה מטבח איטלקי אותנטי מזכרת בתיה,iw,"דובדבן 1, מזכרת בתיה","דובדבן 1, מזכרת בתיה",yes,איטליינוס פיצה מטבח איטלקי אותנטי מזכרת בתיה,iw,"Duvdevan St 1, Mazkeret Batya","Duvdevan 1, Mazkeret Batya",no
5401,בורגרים,"הביל""ויים 22, גדרה, Israel",Burgerim,"Ha-Biluyim St 22, Gedera, Israel",ChIJF66skt-7AhURduwqGrWipNg,"בורגרים גדרה, כשר למהדרין בד״צ בית יוסף",iw,"הביל""ויים 22, גדרה","הביל""ויים 22, גדרה",yes,Burgerim,en,"Ha-Biluyim St 22, Gedera","HaBiluyim 22, Gedera",no
5403,פיצה דומינו,"הרצל 42, גן יבנה, Israel",פיצה דומינו,"Herzl St 42, Gan Yavne, Israel",ChIJs2K1ZOy8AhURxC8xIFZ9yMM,פיצה דומינו,iw,"הרצל 42, גן יבנה","הרצל 42, גן יבנה",yes,פיצה דומינו,iw,"Herzl St 42, Gan Yavne","Hertsel 42, Gan Yavne",no
5404,פיצה אדסו,"שד' העצמאות 15, יבנה, Israel",פיצה אדסו,"HaAtsma'ut Ave 15, Yavne, Israel",ChIJPfmXeXK6AhURzwKEjwH1Fso,פיצה אדסו,iw,"שדרות העצמאות 15, יבנה","שדרות העצמאות 15, יבנה",yes,פיצה אדסו,iw,"HaAtsma'ut Ave 15, Yavne","Sderot HaAtsma'ut 15, Yavne",no
5405,ארטורוס,"האומן 1, יבנה, Israel",ARTUROS,"HaUman St 1, Yavne, Israel",ChIJdXtAjGi6AhURZaJuTElTD2s,ארטורוס,iw,"האומן 1, יבנה","האומן 1, יבנה",yes,ARTUROS,en,"HaUman St 1, Yavne","HaUman 1, Yavne",no
5407,דני בתי מאפה,"רוטשילד 48, מזכרת בתיה, Israel",דני בתי מאפה - מזכרת בתיה,"Sderot Rothschild 50, Mazkeret Batya, Israel",ChIJpaNUF4a3AhURk6-Bpo-RpWM,דני בתי מאפה - מזכרת בתיה,iw,"שדרות רוטשילד 50, מזכרת בתיה","שדרות רוטשילד 50, מזכרת בתיה",yes,דני בתי מאפה - מזכרת בתיה,iw,"Sderot Rothschild 50, Mazkeret Batya","Sderot Rothschild 50, Mazkeret Batya",no
5408,צ'ופצ'ולה,"הרימון 3, עשרת, Israel",צ'פצ'ולה,"Harimon St 3, Aseret, Israel",ChIJe6OXAby7AhURGvV9_E83YBs,צ'פצ'ולה,iw,"הרימון 3, עשרת","הרימון 3, עשרת",yes,צ'פצ'ולה,iw,"Harimon St 3, Aseret","Harimon 3, Aseret",no
5412,מקדונלד'ס,"הקישון 9, יבנה, Israel","McDonald""s","HaKishon St 9, Yavne, 8122002, Israel",ChIJM-13F4CwAhURKYpv2Yvr-r0,מקדונלד'ס - קניון G יבנה (כשר),iw,"הקישון 9, יבנה, 8122002","הקישון 9, יבנה",yes,"McDonald""s",en,"HaKishon St 9, Yavne, 8122002","HaKishon 9, Yavne",no
5414,בומבה,"החרש 16, נס ציונה, Israel",Bomba Sandwich Bar,"HaHarash St 16, Ness Ziona, Israel",ChIJoaWWguy2AhURwxLmvhjuaxI,בומבה סנדוויץ בר,iw,"החרש 16, נס ציונה","החרש 16, נס ציונה",yes,Bomba Sandwich Bar,en,"HaHarash St 16, Ness Ziona","HaHarash 16, Ness Ziona",no
5415,אייל מאפים טובים,"האירוסים 53, קניון קניותר, נס ציונה, Israel",Eyal Baked Goods,"Ha-Irusim St 53, Ness Ziona, Israel",ChIJAbg6WJa2AhURDXV1T5jGANY,אייל מאפים טובים,iw,"האירוסים 53, נס ציונה","האירוסים 53, נס ציונה",yes,Eyal Baked Goods,en,"Ha-Irusim St 53, Ness Ziona","Hairusim 53, Ness Ziona",no
5420,פיאצה,"יונתן 1, בית חשמונאי, Israel",פיצה פיאצה,"Yonatan St 1, Beit Hashmonai, Israel",ChIJySAfpnLJAhURXwgopYZL05E,פיצה פיאצה,iw,"יונתן 1, בית חשמונאי","יונתן 1, בית חשמונאי",yes,פיצה פיאצה,en,"Yonatan St 1, Beit Hashmonai","Yonatan 1, Beit Hashmonai",no
5422,מר בורגר mr. burger,"הרצל 42, גן יבנה, Israel",מר בורגר,"Herzl St 42, Gan Yavne, Israel",ChIJ-5UlIei8AhURUGPE7jQsQNA,מר בורגר,iw,"הרצל 42, גן יבנה","הרצל 42, גן יבנה",yes,מר בורגר,iw,"Herzl St 42, Gan Yavne","Hertsel 42, Gan Yavne",no
5427,וייט,"שידלובסקי 1, יבנה, Israel",סושי וייט,"Shidlovski St 1, Yavne, Israel",ChIJAS_fLoGwAhURqmb4h83EXAw,White Sushi Yavne | ווייט סושי ינה,iw,"שידלובסקי 1, יבנה","שידלובסקי 1, יבנה",yes,סושי וייט,en,"Shidlovski St 1, Yavne","Shidlovski 1, Yavne",no
5428,אחוזת מרגו,"יעקב 20, רחובות, Israel",Ahuzat Margo,"Ya'akov St 20, Rehovot, Israel",ChIJDcGU-QK3AhUR3z6HL7E4sJ4,אחוזת מרגו,iw,"יעקב 20, רחובות","יעקב 20, רחובות",yes,Ahuzat Margo,en,"Ya'akov St 20, Rehovot","Ya'akov 20, Rehovot",no
5429,להתענג,"וינר יוסף 2, רחובות, Israel",L'Hitaneg,"Yosef Weiner St 2, Rehovot, Israel",ChIJ1z0Qram3AhURDvwOgulegRY,להתענג,iw,"יוסף ויינר 2, רחובות","יוסף ויינר 2, רחובות",yes,L'Hitaneg,en,"Yosef Weiner St 2, Rehovot","Yosef Weiner 2, Rehovot",no
5430,רוני ודני-בתי מאפה,"הר הצופים 74, קניון רחובות ההולנדית, Israel",דני בתי מאפה סניף רחובות,"Har HaTsofim St 74, Rehovot, Israel",ChIJAcqz0zC3AhUR3U8M5hIOz-I,דני בתי מאפה סניף רחובות,iw,"הר הצופים 74, רחובות","הר הצופים 74, רחובות",yes,דני בתי מאפה סניף רחובות,iw,"Har HaTsofim St 74, Rehovot","Har HaTsofim 74, Rehovot",no
5431,פיצה כמעט חינם,"שד' מנחם בגין 36, גדרה, Israel",פיצה כמעט חינם,"Sderot Menachem Begin 40, Gedera, Israel",ChIJ4-DeECu5AhURpZY_YAdZXTI,פיצה כמעט חינם,iw,"שדרות מנחם בגין 40, גדרה","שדרות מנחם בגין 40, גדרה",yes,פיצה כמעט חינם,iw,"Sderot Menachem Begin 40, Gedera","Sderot Menachem Begin 40, Gedera",no
5432,להלה,"הרצל 202, רחובות, Israel",LaLa,"Herzl St 202, Rehovot, Israel",ChIJkWXtCdu3AhURqwxZ0tc2_HM,להלה,iw,"הרצל 202, רחובות","הרצל 202, רחובות",yes,LaLa,en,"Herzl St 202, Rehovot","Herzl 202, Rehovot",no
5433,פיצה האט,"הביל""ויים 10, גדרה, Israel",Pizza Hut,"Ha-Biluyim St 10, Gedera, Israel",ChIJeaV6z9-7AhURvpstDLV_6GM,פיצה האט - גדרה,iw,"הביל""ויים 10, גדרה","הביל""ויים 10, גדרה",yes,Pizza Hut,en,"Ha-Biluyim St 10, Gedera","HaBiluyim 10, Gedera",no
5436,בליקר בייקרי,"בן גוריון 105, מרכז מסחרי המושבה, Israel",Bleecker Bakery - Gedera Branch,"Sderot Ben Gurion 105, Gedera, Israel",ChIJJbKfNmi5AhURYTVwnBWgrZA,בליקר בייקרי - סניף גדרה,iw,"שדרות בן גוריון 105, גדרה","שדרות בן גוריון 105, גדרה",yes,Bleecker Bakery - Gedera Branch,en,"Sderot Ben Gurion 105, Gedera","Sderot Ben Gurion 105, Gedera",no
5439,פיתה רחוב רחובות,"המדע 3, פארק המדע רחובות, Israel",Pita Street,"HaMada St 3, Rehovot, 7670303, Israel",ChIJoYa4OQS3AhURo94xpf5CpCo,פיתה רחוב רחובות,iw,"המדע 3, רחובות, 7670303","המדע 3, רחובות",yes,Pita Street,en,"HaMada St 3, Rehovot, 7670303","HaMada 3, Rehovot",no
5441,קאסה דל-פפה,"ש. בן ציון 50, רחובות, Israel",קאסה דל פפה פיצה ברחובות כשרה,"Shin Ben Zion St 50, Rehovot, 7647232, Israel",ChIJIwq3_AK3AhUR22V20DSiylI,קאסה דל פפה,iw,"ש. בן ציון 50, רחובות, 7647232","ש. בן ציון 50, רחובות",yes,קאסה דל פפה פיצה ברחובות כשרה,en,"Shin Ben Zion St 50, Rehovot, 7647232","Sh. Ben Tsiyon 50, Rehovot",no
5444,ריבר נודלס בר,"הדוגית 16, יבנה, Israel",River Noodles Bar,"מרכז רוגובין, הדוגית 16, יבנה, Israel",ChIJfRNSSme6AhUREknrvewWjTs,ריבר סושי - בר יבנה River,iw,"מרכז רוגובין, הדוגית 16, יבנה","מרכז רוגובין, הדוגית 16, יבנה",yes,River Noodles Bar,en,"מרכז רוגובין, הדוגית 16, יבנה","מרכז רוגובין, HaDugit 16, Yavne",yes
5445,פיצה כמעט חינם גן יבנה,"הרצל 29, גן יבנה, Israel",פיצה כמעט חינם גן יבנה כשר למהדרין,"Herzl St 42/19, Gan Yavne, Israel",ChIJZRzCycK8AhURICO__y2wXlU,פיצה כמעט חינם גן יבנה כשר למהדרין,iw,"הרצל 42/19, גן יבנה","הרצל 42/19, גן יבנה",yes,פיצה כמעט חינם גן יבנה כשר למהדרין,iw,"Herzl St 42/19, Gan Yavne","Hertsel 42/19, Gan Yavne",no
5448,פלאפל ענבים,"הפטיש 6, נס ציונה, Israel",פלאפל ענבים,"Ha-Patish St 6, Ness Ziona, Israel",ChIJn4P7ScK2AhURGs2eVuC0MT0,פלאפל ענבים,en,"הפטיש 6, נס ציונה","הפטיש 6, נס ציונה",yes,פלאפל ענבים,en,"Ha-Patish St 6, Ness Ziona","HaPatish 6, Ness Ziona",no
5449,שיפודי מושון,"ויצמן 28, נס ציונה, Israel",שיפודי מושון,"גן המייסדים, עצמאות 3, נס ציונה, Israel",ChIJQ5JgB5W2AhURgIPwMgvQn5Q,שיפודי מושון,iw,"גן המייסדים, עצמאות 3, נס ציונה","גן המייסדים, עצמאות 3, נס ציונה",yes,שיפודי מושון,iw,"גן המייסדים, עצמאות 3, נס ציונה","גן המייסדים, Atsmaut 3, Ness Ziona",yes
5451,פאפוס בשרים,"גבריאלוב קלמן 38, רחובות, Israel",PAPOS,"Kalman Gavrielov St 38, Rehovot, Israel",ChIJ4Q5sOUi3AhURCyC9KELD8So,פאפוס בשרים,iw,"קלמן גבריאלוב 38, רחובות","קלמן גבריאלוב 38, רחובות",yes,PAPOS,en,"Kalman Gavrielov St 38, Rehovot","Kalman Gavrielov 38, Rehovot",no
5455,הבית של זוהרה,"לוזית, Israel",Zoara's Homemade Marrocan Food,"8, Luzit, Israel",ChIJWT2qCCLAAhURyaCmQ4G8sWg,Zoara's Homemade Marrocan Food,en,"8, לוזית",לוזית,yes,Zoara's Homemade Marrocan Food,en,"8, Luzit",Luzit,no
5460,צ'וקה,"ביל""ו 2, קניון רחובות, Israel",Chooka,"Bilu St 2, Rehovot, Israel",ChIJa2OYTgW3AhURBMIdu_3WL_M,צ'וקה רחובות,iw,"ביל""ו 2, רחובות","ביל""ו 2, רחובות",yes,Chooka,en,"Bilu St 2, Rehovot","Bilu 2, Rehovot",no
5461,מאפיית פארין,"הרצל 192, רחובות, Israel",מאפית פארין,"Herzl St 192, Rehovot, Israel",ChIJ9YK5RR63AhURQy_EL6BOeQI,מאפית פארין,iw,"הרצל 192, רחובות","הרצל 192, רחובות",yes,מאפית פארין,iw,"Herzl St 192, Rehovot","Herzl 192, Rehovot",no
5462,בורגרים,"מוטי קינד 10, רחובות, Israel",Burgerim,"Moti Kind St 10, Rehovot, Israel",ChIJHdmXmAO3AhURy3FJOelkv1k,"בורגרים רחובות, כשר",iw,"מוטי קינד 10, רחובות","מוטי קינד 10, רחובות",yes,Burgerim,en,"Moti Kind St 10, Rehovot","Moti Kind 10, Rehovot",no
5463,פאוזה,"דרך מאיר ויסגל 2, רחובות, Israel",פאוזה,"Derech Meir Weisgal 2, Rehovot, Israel",ChIJx_m7i6C3AhURRR_yTwrI6h8,פאוזה רחובות,iw,"דרך מאיר וייסגל 2, רחובות","דרך מאיר וייסגל 2, רחובות",yes,פאוזה,en,"Derech Meir Weisgal 2, Rehovot","Derech Meir Weisgal 2, Rehovot",no
5468,חוות אלנבי,"נצר סרני, Israel",Allenby Farm - חוות אלנבי,"Netzer Sereni, Israel",ChIJAQDA3_K2AhUR2zt76Otr-Qo,חוות אלנבי,iw,נצר סרני,נצר סרני,yes,Allenby Farm - חוות אלנבי,en,Netzer Sereni,Netzer Sereni,no
5473,מקסיקנו,"שד' בן גוריון 9, קריית מלאכי, Israel",מקסיקנו,"Sderot David Ben Gurion 9, Kiryat Malakhi, Israel",ChIJM9otno69AhURXg0RJNP5gcU,מקסיקנו,iw,"שדרות דוד בן גוריון 9, קרית מלאכי","שדרות דוד בן גוריון 9, קרית מלאכי",yes,מקסיקנו,iw,"Sderot David Ben Gurion 9, Kiryat Malakhi","Sderot David Ben Gurion 9, Kiryat Malakhi",no
5474,פיצה כמעט חינם,"הרצל 121, רחובות, Israel",פיצה כמעט חינם רחובות,"Herzl St 121, Rehovot, Israel",ChIJD2rJ-wW3AhURWVnITSQADaE,פיצה כמעט חינם רחובות,iw,"הרצל 121, רחובות","הרצל 121, רחובות",yes,פיצה כמעט חינם רחובות,iw,"Herzl St 121, Rehovot","Herzl 121, Rehovot",no
5478,אלריי בשרים רחובות,"הלל וחנן אופנהיימר 10, פארק המדע רחובות, Israel",Crazy Meat,"Prof. Hillel ve-Khanan Oppenheimer St 2, Rehovot, Israel",ChIJFyOQAeW2AhURCDiHy8IANKM,Beef Man - ביף מן,iw,"פרופ' הלל וחנן אופנהיימר 2, רחובות","פארק המדע, פרופ' הלל וחנן אופנהיימר 2, רחובות",yes,Crazy Meat,en,"Prof. Hillel ve-Khanan Oppenheimer St 2, Rehovot","פארק המדע, Prof. Hillel Vehanan Oppenheimer 2, Rehovot",no
5479,Pampas,"המיסב 2, יבנה, Israel",Pampas - South American Sandwich,"Ha-Meisav St 2, Yavne, Israel",ChIJRVtBJGi6AhURWIz6Vbkd7gc,פאמפאס - כריך דרום אמריקאי,iw,"המיסב 2, יבנה","המיסב 2, יבנה",yes,Pampas - South American Sandwich,en,"Ha-Meisav St 2, Yavne","HaMeisav 2, Yavne",no
5483,פיצה כמעט חינם קריית מלאכי,"שד' בן גוריון 28, קריית מלאכי, Israel",פיצה כמעט חינם קרית מלאכי,"Sderot David Ben Gurion 28, Kiryat Malakhi, Israel",ChIJrx08Toy9AhURIs7uOgRxKHM,פיצה כמעט חינם קרית מלאכי,iw,"שדרות דוד בן גוריון 28, קרית מלאכי","שדרות דוד בן גוריון 28, קרית מלאכי",yes,פיצה כמעט חינם קרית מלאכי,iw,"Sderot David Ben Gurion 28, Kiryat Malakhi","Sderot David Ben Gurion 28, Kiryat Malakhi",no
5485,שומשום בר בריאות,"ספיר פנחס 7, פארק המדע נס ציונה, Israel",שומשום בר בריאות,"Pinhas Sapir St 7, Ness Ziona, Israel",ChIJYzrHCO-2AhUREawxQHvBwME,שומשום בר בריאות,iw,"פנחס ספיר 7, נס ציונה","פנחס ספיר 7, נס ציונה",yes,שומשום בר בריאות,iw,"Pinhas Sapir St 7, Ness Ziona","Pinhas Sapir 7, Ness Ziona",no
5487,מאפיית שיבולת השרון,"שבזי 2, יבנה, Israel",מאפיית שיבולת השרון,"Shabazi St 2, Yavne, Israel",ChIJM1HPAcC7AhURHbRdtvUnXvA,מאפיית שיבולת השרון,iw,"שבזי 2, יבנה","שבזי 2, יבנה",yes,מאפיית שיבולת השרון,iw,"Shabazi St 2, Yavne","Shabazi 2, Yavne",no
5490,התרבוש,"בנימין 4, רחובות, Israel",Hatarbosh,"Binyamin St 4, Rehovot, Israel",ChIJ8eg1zQW3AhURLpP_FT2C5Bo,התרבוש,iw,"בנימין 4, רחובות","בנימין 4, רחובות",yes,Hatarbosh,en,"Binyamin St 4, Rehovot","Binyamin 4, Rehovot",no
5492,מייק בורגר,"ויצמן 22, נס ציונה, Israel",Mike Burger מייק בורגר נס ציונה,"Weizman St 22, Ness Ziona, 7403019, Israel",ChIJ8X4fBZW2AhUR9O57BMQePRM,מייק בורגר נס ציונה,iw,"וייצמן 22, נס ציונה, 7403019","וייצמן 22, נס ציונה",yes,Mike Burger מייק בורגר נס ציונה,en,"Weizman St 22, Ness Ziona, 7403019","Weizman 22, Ness Ziona",no
5493,Levy's BBQ,"נחלה, Israel",House of smoked meats - Levy's BBQ,"81, Nahala, Israel",ChIJJQIkgp6WAhURmy74IM_WevY,בית של בשרים מעושנים - Levy's BBQ,iw,"81, נחלה","81, נחלה",yes,House of smoked meats - Levy's BBQ,en,"81, Nahala","81, Nahala",no
5495,ג'ק ביי בלאק,"שא נס 17, באר יעקב, Israel",Jack by Black המבורגרים באר יעקב,"קניון, Sa Nes St 17, Be'er Ya'akov, Israel",ChIJm0xe1d61AhURMgm2pJCRytA,Jack by Black המבורגרים באר יעקב,iw,"קניון, Sa Nes St 17, Be'er Ya'akov","קניון, שא נס 17, באר יעקב",yes,Jack by Black המבורגרים באר יעקב,iw,"קניון, Sa Nes St 17, Be'er Ya'akov","קניון, Sa Nes 17, Be'er Ya'akov",yes
5498,שווארמה הקריה,"הרצל 83, קרית עקרון, Israel",שווארמה בקריה - קריית עקרון,"Herzl St 82, Kiryat Ekron, Israel",ChIJV4_ZdAC3AhUR_LvRaydK_wY,שווארמה בקריה - קריית עקרון,iw,"הרצל 82, קרית עקרון","הרצל 82, קרית עקרון",yes,שווארמה בקריה - קריית עקרון,iw,"Herzl St 82, Kiryat Ekron","Hertsel 82, Kiryat Ekron",no
5500,פינת הבילויים,"שכביץ 1, גדרה, Israel",פינת הבילויים,"Shkhevits St 1, Gedera, Israel",ChIJa7WbOGC5AhURZOxreaqdQl0,פינת הבילויים,iw,"שכביץ 1, גדרה","שכביץ 1, גדרה",yes,פינת הבילויים,iw,"Shkhevits St 1, Gedera","Shchevits 1, Gedera",no
5501,רטטוי,"הזית 90, אמונים, Israel",Ratatui Restaurant,"Ha-Zayit St 90, Emunim, 7926500, Israel",ChIJ0bTjzdOiAhURA0xw3FGDMHw,רטטוי,iw,"הזית 90, אמונים, 7926500","הזית 90, אמונים",yes,Ratatui Restaurant,en,"Ha-Zayit St 90, Emunim, 7926500","HaZayit 90, Emunim",no
5507,בית הפיצה,"הזית 20, עזריה, Israel",בית הפיצה מושב עזריה,"HaZayit St 20, Azaria, 9978900, Israel",ChIJBcq_9HnJAhURj9KFiIN37VA,בית הפיצה מושב עזריה,iw,"הזית 20, עזריה, 9978900","הזית 20, עזריה",yes,בית הפיצה מושב עזריה,iw,"HaZayit St 20, Azaria, 9978900","HaZayit 20, Azarya",no
5510,מסעדת בוכרה,"הרצל 23, רחובות, Israel",Bukhara Restaurant,"Herzl St 23, Rehovot, Israel",ChIJi9NfwSy3AhURq2ochNCKqCA,מסעדת בוכרה רחובות,iw,"הרצל 23, רחובות","הרצל 23, רחובות",yes,Bukhara Restaurant,en,"Herzl St 23, Rehovot","Herzl 23, Rehovot",no
5511,שבעת וברכת,"עזרא 4, רחובות, Israel",שבעת וברכת,"Ezra St 4, Rehovot, Israel",ChIJXaBGrAi3AhURLbLWAFe_0Kg,שבעת וברכת,iw,"עזרא 4, רחובות","עזרא 4, רחובות",yes,שבעת וברכת,iw,"Ezra St 4, Rehovot","Ezra 4, Rehovot",no
5512,בן אנד ג'ריס,"המיסב 5, יבנה, Israel",Ben & Jerry's,"Ha-Meisav St 5, Yavne, Israel",ChIJs32SQXq6AhURXwco4YACBj8,בן & ג'ריס - חנות המפעל יבנה,iw,"המיסב 5, יבנה","המיסב 5, יבנה",yes,Ben & Jerry's,en,"Ha-Meisav St 5, Yavne","HaMeisav 5, Yavne",no
5515,פלאפל בריבוע,"הדוגית 16, יבנה, Israel",פלאפל בריבוע - יבנה,"מרכז רוגובין, הדוגית 16, יבנה, Israel",ChIJ60dbSme6AhURKobSnVeKdT4,פלאפל בריבוע - יבנה,iw,"מרכז רוגובין, הדוגית 16, יבנה","מרכז רוגובין, הדוגית 16, יבנה",yes,פלאפל בריבוע - יבנה,iw,"מרכז רוגובין, הדוגית 16, יבנה","מרכז רוגובין, HaDugit 16, Yavne",yes
5517,שיפודי לב המושבה,"הבנים 87, נס ציונה, Israel",פיצה לב המושבה,"HaBanim St 84, Ness Ziona, Israel",ChIJZwgUl1O3AhURqFCo5OqLOEk,פיצה לב המושבה,iw,"הבנים 84, נס ציונה","הבנים 84, נס ציונה",yes,פיצה לב המושבה,en,"HaBanim St 84, Ness Ziona","HaBanim 84, Ness Ziona",no
5518,גוג'ו,"טלר 32, רחובות, Israel",Gojo Restaurant,"Israel Teller St 32, Rehovot, Israel",ChIJMduiRAS3AhURdSWx8DsptL4,גוג'ו מסעדה אתיופית רחובות,iw,"ישראל טלר 32, רחובות","ישראל טלר 32, רחובות",yes,Gojo Restaurant,en,"Israel Teller St 32, Rehovot","Israel Teller 32, Rehovot",no
5520,B boss,"ויצמן 3, גדרה, Israel",B Boss,"Weizman St 3, Gedera, Israel",ChIJN6s8HmK5AhUR0tSjlP8WzRw,B Boss,iw,"וייצמן 3, גדרה","וייצמן 3, גדרה",yes,B Boss,iw,"Weizman St 3, Gedera","Weizman 3, Gedera",no
5521,ג'ילברט,"נען, Israel",Gilbert,"פנימי, נען, 7682900, Israel",ChIJY9lcDdS3AhUR0-p_mvg1frg,ג׳ילברט,iw,"פנימי, נען, 7682900","פנימי, נען",yes,Gilbert,en,"פנימי, נען, 7682900","פנימי, Na'an",yes
5522,פיצה קיד באר יעקב,"אפרים קישון 9, באר יעקב, Israel",Pizza Kid,"מרכז אלמוג, Ephraim Kishon 9, Be'er Ya'akov, Israel",ChIJncyemOi1AhURhrGwzYKnd1U,פיצה קיד,iw,"מרכז אלמוג, אפרים קישון 9, באר יעקב","מרכז אלמוג, אפרים קישון 9, באר יעקב",yes,Pizza Kid,en,"מרכז אלמוג, Ephraim Kishon 9, Be'er Ya'akov","מרכז אלמוג, Ephraim Kishon 9, Be'er Ya'akov",yes
5524,פיצה שפע וברכה גן יבנה,"הרצל 39, גן יבנה, Israel",Shefa Bracha,"Herzl St 39, Gan Yavne, Israel",ChIJX5DeB928AhUR4Lm5rJ_lPPY,שפע וברכה,iw,"הרצל 39, גן יבנה","הרצל 39, גן יבנה",yes,Shefa Bracha,en,"Herzl St 39, Gan Yavne","Hertsel 39, Gan Yavne",no
5525,פיצה כפרית בטאבון,"ברכיה, Israel",כפרית בטאבון,"רחוב חבצלת השרון, ברכיה, 79852, Israel",ChIJKfUIDtubAhURKdqHXhqgVNw,כפרית בטאבון,iw,"רחוב חבצלת השרון, ברכיה, 79852","רחוב חבצלת השרון, ברכיה",yes,כפרית בטאבון,iw,"רחוב חבצלת השרון, ברכיה, 79852","רחוב חבצלת השרון, Brehya",yes
5526,רחלי תבשל לי,"הרצל 6, גן יבנה, Israel",רחלי תבשל לי,"Herzl St 6, Gan Yavne, Israel",ChIJQ_hq6-u8AhURL6S9OBDMus4,רחלי תבשל לי,iw,"הרצל 6, גן יבנה","הרצל 6, גן יבנה",yes,רחלי תבשל לי,iw,"Herzl St 6, Gan Yavne","Hertsel 6, Gan Yavne",no
5527,מאפית צנעני,"גד 3, גדרה, Israel",מאפית צנעני,"Gad 5-15, Gedera, Israel",ChIJHVWgVW65AhURtb4T8Ct_5mU,מאפית צנעני,en,"גד 5-15, גדרה","גד 5-15, גדרה",yes,מאפית צנעני,en,"Gad 5-15, Gedera","Gad 5-15, Gedera",no
5528,פונדק ורדה,"צומת ראם, Israel",פונדק ורדה,"צומת מסמיה, Bnei Re'em, 7981300, Israel",ChIJ53zbdZC-AhUR08_JJarcXLY,פונדק ורדה,iw,"צומת מסמיה, Bnei Re'em, 7981300","צומת מסמיה, בני רא""ם",yes,פונדק ורדה,en,"צומת מסמיה, Bnei Re'em, 7981300","צומת מסמיה, Bnei Re'em",yes
5529,Yooma טעם של בית,"אפרים קישון 9, באר יעקב, Israel",Yooma,"Efrayim Kishon St 9, Be'er Ya'akov, Israel",ChIJdXRHPke1AhURKE_zPrAOUhg,יומה אוכל ביתי באר יעקב - Yooma,iw,"אפרים קישון 9, באר יעקב","אפרים קישון 9, באר יעקב",yes,Yooma,en,"Efrayim Kishon St 9, Be'er Ya'akov","Ephraim Kishon 9, Be'er Ya'akov",no
5530,השדרה,"הרצל 203, רחובות, Israel",Hasdera Pub,"Herzl St 203, Rehovot, Israel",ChIJvYaG6wK3AhURlucWqaYPgjw,פאב השדרה (יש תעודת כשרות),iw,"הרצל 203, רחובות","הרצל 203, רחובות",yes,Hasdera Pub,en,"Herzl St 203, Rehovot","Herzl 203, Rehovot",no
5532,פיצה ראובן,"הרצל 122, רחובות, Israel",Reuven Pizza,"Herzl St 126, Rehovot, Israel",ChIJMYUgzAi3AhURUTrce6vuniI,פיצה ראובן,iw,"הרצל 126, רחובות","הרצל 126, רחובות",yes,Reuven Pizza,en,"Herzl St 126, Rehovot","Herzl 126, Rehovot",no
5534,ליון,"הנחשול 22, יבנה, Israel",Café LYON,"HaNahshol St 22, Yavne, Israel",ChIJddWqFl26AhURJShBdUnSG8k,קפה ליון - יבנה,iw,"הנחשול 22, יבנה","הנחשול 22, יבנה",yes,Café LYON,en,"HaNahshol St 22, Yavne","HaNahshol 22, Yavne",no
5537,אושי אושי נס ציונה,"הפטיש 6, נס ציונה, Israel",Oshi Oshi,"ישפרו סנטר, הפטיש 6, נס ציונה, Israel",ChIJwVQvLMK2AhURnM3Nzf5s7qo,אושי אושי,iw,"ישפרו סנטר, הפטיש 6, נס ציונה","ישפרו סנטר, הפטיש 6, נס ציונה",yes,Oshi Oshi,en,"ישפרו סנטר, הפטיש 6, נס ציונה","ישפרו סנטר, HaPatish 6, Ness Ziona",yes
5538,טרי,"הרצל 194, רחובות, Israel",Tree Brasserie,"Herzl St 194, Rehovot, 7626814, Israel",ChIJpTtZ-fO3AhURoPBAHBSIKZE,Tree Brasserie,iw,"הרצל 194, רחובות, 7626814","הרצל 194, רחובות",yes,Tree Brasserie,iw,"Herzl St 194, Rehovot, 7626814","Herzl 194, Rehovot",no
5540,שווארמה אצל תומר,"שד' העצמאות 15, יבנה, Israel",שווארמה תומר,"HaAtsma'ut Ave 15, Yavne, Israel",ChIJ1fisfHK6AhURWoSbSBYz24o,שווארמה תומר,iw,"שדרות העצמאות 15, יבנה","שדרות העצמאות 15, יבנה",yes,שווארמה תומר,iw,"HaAtsma'ut Ave 15, Yavne","Sderot HaAtsma'ut 15, Yavne",no
5544,מסעדת השפע,"קריית מלאכי, Israel",מסעדת השפע,"Ha-Negev St, Kiryat Malakhi, Israel",ChIJQ_0-w429AhURTAj6KlAH7Ho,מסעדת השפע,iw,"הנגב, קרית מלאכי","הנגב, קרית מלאכי",yes,מסעדת השפע,iw,"Ha-Negev St, Kiryat Malakhi","HaNegev, Kiryat Malakhi",no
5545,פיצה נינג'ה,"הרצל 82, קרית עקרון, Israel",Pizza Ninja,"Herzl St, Kiryat Ekron, Israel",ChIJoQv-HWa3AhURPjBiTOrQBFk,פיצה נינג'ה,iw,"הרצל, קרית עקרון","הרצל, קרית עקרון",yes,Pizza Ninja,en,"Herzl St, Kiryat Ekron","Hertsel, Kiryat Ekron",no
5547,דלי קרים,"ביל""ויים 9, גדרה, Israel",דלי קרים,"Ha-Biluyim St 9, Gedera, Israel",ChIJO-gT6t-7AhURcXhYeIvjeiE,דלי קרים,iw,"הביל""ויים 9, גדרה","הביל""ויים 9, גדרה",yes,דלי קרים,iw,"Ha-Biluyim St 9, Gedera","HaBiluyim 9, Gedera",no
5549,פיצריה אסתריקה,"שד' בן גוריון 6, קריית מלאכי, Israel",אסתריקה קרית מלאכי,"חניון מרכז הוד, Sderot David Ben Gurion 6, Kiryat Malakhi, Israel",ChIJKX4FJ4y9AhURu5H_wEWTKVI,אסתריקה קרית מלאכי,iw,"חניון מרכז הוד, שדרות דוד בן גוריון 6, קרית מלאכי","חניון מרכז הוד, שדרות דוד בן גוריון 6, קרית מלאכי",yes,אסתריקה קרית מלאכי,iw,"חניון מרכז הוד, Sderot David Ben Gurion 6, Kiryat Malakhi","חניון מרכז הוד, Sderot David Ben Gurion 6, Kiryat Malakhi",yes
5550,המסעדה הישראלית,"הרצל 53, רחובות, Israel",מסעדה הישראלית,"Herzl St 53, Rehovot, Israel",ChIJyRCqQgm3AhURo5dw0LS9jU8,מסעדה הישראלית,iw,"הרצל 53, רחובות","הרצל 53, רחובות",yes,מסעדה הישראלית,iw,"Herzl St 53, Rehovot","Herzl 53, Rehovot",no
5551,כריך,"שד' פנחס בן דוד 1, רחובות, Israel",הכריך רחובות,"Sderot Pinhas Ben David Kapra 1, Rehovot, Israel",ChIJ-y8HHt23AhURL4xYM7mlCS4,הכריך רחובות,iw,"שדרות פנחס בן דוד קפרא 1, רחובות","שדרות פנחס בן דוד קפרא 1, רחובות",yes,הכריך רחובות,iw,"Sderot Pinhas Ben David Kapra 1, Rehovot","Sderot Pinhas Ben David Kapra 1, Rehovot",no
5554,יוגו,"ביל""ו 2, קניון רחובות, Israel",Yogo,"Bilu St 2, Rehovot, Israel",ChIJD5kbARC3AhURc-GIEwAFoBw,Yogo,iw,"ביל""ו 2, רחובות","ביל""ו 2, רחובות",yes,Yogo,en,"Bilu St 2, Rehovot","Bilu 2, Rehovot",no
5557,רולדין,"הפטיש 6, נס ציונה, Israel",Roladin,"מתחם ישפרו סנטר, הפטיש 6, נס ציונה, Israel",ChIJhZFzmcO2AhURhtFHCZvx3pU,רולדין,iw,"מתחם ישפרו סנטר, הפטיש 6, נס ציונה","מתחם ישפרו סנטר, הפטיש 6, נס ציונה",yes,Roladin,en,"מתחם ישפרו סנטר, הפטיש 6, נס ציונה","מתחם ישפרו סנטר, HaPatish 6, Ness Ziona",yes
5558,גולדה,"יהלום 3, באר יעקב, Israel",גולדה באר יעקב - כשר,"Yahalom St 3, Be'er Ya'akov, Israel",ChIJC4itoR-3AhUR1pu9IU6cAOQ,גולדה באר יעקב - כשר,iw,"יהלום 3, באר יעקב","יהלום 3, באר יעקב",yes,גולדה באר יעקב - כשר,iw,"Yahalom St 3, Be'er Ya'akov","Yahalom 3, Be'er Ya'akov",no
5559,חומוסמיה הכשרה,"צומת ראם, Israel",חומוסמיה,"יואב, צומת ראם, Israel",ChIJSWoqoIW-AhURHEhZXUgxFbA,חומוסמיה,iw,"יואב, צומת ראם","יואב, צומת ראם",yes,חומוסמיה,iw,"יואב, צומת ראם","יואב, צומת ראם",yes
5566,ארוחות קטנות,"ההדר 94, קדרון, Israel",ארוחות קטנות,"Hadar St 94, Kidron, 70795, Israel",ChIJxUJpqvS5AhURoWdM5qr_69k,ארוחות קטנות,iw,"הדר 94, קדרון, 70795","הדר 94, קדרון",yes,ארוחות קטנות,en,"Hadar St 94, Kidron, 70795","Hadar 94, Kidron",no
5567,הרצל street food,"הרצל 210, רחובות, Israel",Hertzel Bar Cafe,"Herzl St 209, Rehovot, Israel",ChIJnXM0lAK3AhURbClqQtHmpGc,הרצל בר קפה,iw,"הרצל 209, רחובות","הרצל 209, רחובות",yes,Hertzel Bar Cafe,en,"Herzl St 209, Rehovot","Herzl 209, Rehovot",no
5568,פביוס פיצה,"שד' דואני 20, מרכז מסחרי לב יבנה, Israel",פיצה פביוס יבנה Fabios Pizza Yavne,"מרכז מסחרי לב, שדרות דואני 20, יבנה, 81551, Israel",ChIJm2MEamW6AhURdly9NEPoUN8,פביוס פיצה יבנה Fabio's Pizza Yavne,iw,"מרכז מסחרי לב, שדרות דואני 20, יבנה, 81551","מרכז מסחרי לב, שדרות דואני 20, יבנה",yes,פיצה פביוס יבנה Fabios Pizza Yavne,en,"מרכז מסחרי לב, שדרות דואני 20, יבנה, 81551","מרכז מסחרי לב, Sderot Du'ani 20, Yavne",yes
5569,אצל שלמה,"ביל""ויים 22, גדרה, Israel",אצל שלמה,"Habiluim St 22, Gadera, Israel",ChIJrwmqkt-7AhURbv_akJRrDDY,אצל שלמה,iw,"Habiluim St 22, Gadera","Habiluim St 22, Gadera",no,אצל שלמה,iw,"Habiluim St 22, Gadera","Habiluim St 22, Gadera",no
5571,פיצה בענק,"שד' דואני 18, יבנה סנטר, Israel",פיצה בענק,"Sderot Du'ani 18, Yavne, Israel",ChIJuavMImW6AhURn-t8oFXXiaQ,פיצה בענק,iw,"שדרות דואני 18, יבנה","שדרות דואני 18, יבנה",yes,פיצה בענק,iw,"Sderot Du'ani 18, Yavne","Sderot Du'ani 18, Yavne",no
5573,קונדיטורית צמרת,"בית הפועלים 6, רחובות, Israel",קונדיטוריה צמרת,"Beit ha-Po'alim St 6, Rehovot, Israel",ChIJR4meeAS3AhURbXSD9T_TMS8,קונדיטוריה צמרת,iw,"בית הפועלים 6, רחובות","בית הפועלים 6, רחובות",yes,קונדיטוריה צמרת,iw,"Beit ha-Po'alim St 6, Rehovot","Beit HaPoalim 6, Rehovot",no
5580,מטעמי תימן,"הרצל 103, רחובות, Israel",מטעמי תימן,"Herzl St 103, Rehovot, Israel",ChIJtUYgtQi3AhURpbbVuay8Bg8,מטעמי תימן,iw,"הרצל 103, רחובות","הרצל 103, רחובות",yes,מטעמי תימן,iw,"Herzl St 103, Rehovot","Herzl 103, Rehovot",no
5581,פיצה רומא,"שד' מנחם בגין 42, גדרה, Israel",פיצה רומא גדרה,"Sderot Menachem Begin 42, Gedera, Israel",ChIJr7-nOVu5AhURHIytvqF6aic,פיצה רומא,iw,"שדרות מנחם בגין 42, גדרה","שדרות מנחם בגין 42, גדרה",yes,פיצה רומא גדרה,en,"Sderot Menachem Begin 42, Gedera","Sderot Menachem Begin 42, Gedera",no
5582,המשכן,"ספיר פנחס 7, פארק המדע נס ציונה, Israel",HaMeshkan,"Pinhas Sapir St 7, Ness Ziona, Israel",ChIJo9G5fLa3AhURZJ-SS1-P-D8,המשכן,iw,"פנחס ספיר 7, נס ציונה","פנחס ספיר 7, נס ציונה",yes,HaMeshkan,en,"Pinhas Sapir St 7, Ness Ziona","Pinhas Sapir 7, Ness Ziona",no
5586,סומבררו גן יבנה,"צה""ל 28, גן יבנה, Israel",סומבררו גן יבנה,"Tsahal St 28, Gan Yavne, Israel",ChIJzQfj8sG8AhUR0bgN7RF2ryM,סומבררו גן יבנה,iw,"צה""ל 28, גן יבנה","צה""ל 28, גן יבנה",yes,סומבררו גן יבנה,iw,"Tsahal St 28, Gan Yavne","Tsahal 28, Gan Yavne",no
5587,פיצה מתי רחובות,"הרצל 163, רחובות, Israel",Pizza Mati,"Herzl St 165, Rehovot, 76267, Israel",ChIJg4SmcAS3AhURPq1fzwVYi-I,פיצה מתי,iw,"הרצל 165, רחובות, 76267","הרצל 165, רחובות",yes,Pizza Mati,en,"Herzl St 165, Rehovot, 76267","Herzl 165, Rehovot",no
5588,מרכז הפלאפל והשווארמה הבוכרי,"שד' בן גוריון 2, קריית מלאכי, Israel",הבוכרי - מרכז הפלאפל והשאוורמה,"Sderot David Ben Gurion 2, Kiryat Malakhi, Israel",ChIJUdvsZYy9AhURGePdfkDWLJs,הבוכרי - מרכז הפלאפל והשאוורמה,iw,"שדרות דוד בן גוריון 2, קרית מלאכי","שדרות דוד בן גוריון 2, קרית מלאכי",yes,הבוכרי - מרכז הפלאפל והשאוורמה,iw,"Sderot David Ben Gurion 2, Kiryat Malakhi","Sderot David Ben Gurion 2, Kiryat Malakhi",no
5591,פיצה רומא,"שד' פנחס בן דוד 1, רחובות, Israel",פיצה רומא אזורים סנטר,"Sderot Pinhas Ben David Kapra 1, Rehovot, Israel",ChIJj-W_kgW3AhURMGJu0bORJxs,פיצה רומא אזורים סנטר,iw,"שדרות פנחס בן דוד קפרא 1, רחובות","שדרות פנחס בן דוד קפרא 1, רחובות",yes,פיצה רומא אזורים סנטר,iw,"Sderot Pinhas Ben David Kapra 1, Rehovot","Sderot Pinhas Ben David Kapra 1, Rehovot",no
5593,נועם שירותים לקייטרינג,"ניצנים, Israel",נועם שרותי מזון,"Nitzanim, 7929000, Israel",ChIJUzKCpmqZAhURD5QKRbNH1c4,נועם שרותי מזון,iw,"ניצנים, 7929000",ניצנים,yes,נועם שרותי מזון,iw,"Nitzanim, 7929000",Nitzanim,no
5595,קונדיטורית אזולאי ובניו,"שד' דואני 50, יבנה, Israel",קונדיטוריה אזולאי ובניו,"Sderot Du'ani 50, Yavne, Israel",ChIJ-_mM5m66AhURWH1Kx1EkCAI,קונדיטוריה אזולאי ובניו,iw,"שדרות דואני 50, יבנה","שדרות דואני 50, יבנה",yes,קונדיטוריה אזולאי ובניו,iw,"Sderot Du'ani 50, Yavne","Sderot Du'ani 50, Yavne",no
5601,פיצריה בית תמר,"ביל""ויים 9, גדרה, Israel",Beit tamar Gedera,"Ha-Biluyim St 9, Gedera, Israel",ChIJ01avgGW5AhURK77L-yJpgrA,בית תמר,iw,"הביל""ויים 9, גדרה","הביל""ויים 9, גדרה",yes,Beit tamar Gedera,en,"Ha-Biluyim St 9, Gedera","HaBiluyim 9, Gedera",no
5608,חומוס אליהו,"אסיף 1, באר טוביה, Israel",Hummus Eliyahu,"Asif St 1, Be'er Tuvia, 8381500, Israel",ChIJJTZd_Ym9AhURnPSS9Lqx32k,חומוס אליהו - באר טוביה,iw,"אסיף 1, באר טוביה, 8381500","אסיף 1, באר טוביה",yes,Hummus Eliyahu,en,"Asif St 1, Be'er Tuvia, 8381500","Asif 1, Be'er Tuvya",no
5610,שווארמה אקספרס,"ביל""ו 2, קניון רחובות, Israel",שווארמה אקספרס,"Bilu St, Rehovot, Israel",ChIJLWXnMuS3AhURlMGJdBgfR-A,שווארמה אקספרס,iw,"ביל""ו, רחובות","ביל""ו, רחובות",yes,שווארמה אקספרס,iw,"Bilu St, Rehovot","Bilu, Rehovot",no
5612,פיצה לולה,"חרות 2, יבנה, Israel",פיצה לולה,"Kherut St 2, Yavne, Israel",ChIJQ6Zns3O7AhUR2qi39OTaE20,פיצה לולה,iw,"חרות 2, יבנה","חרות 2, יבנה",yes,פיצה לולה,iw,"Kherut St 2, Yavne","Herut 2, Yavne",no
5614,עוגות דה לה פה,"יעקב 26, רחובות, Israel",Cakes de la Paix,"Ya'akov St 26, Rehovot, Israel",ChIJ0ZRXqAa3AhURjH_6y69S7aY,עוגות דה לה פה,iw,"יעקב 26, רחובות","יעקב 26, רחובות",yes,Cakes de la Paix,en,"Ya'akov St 26, Rehovot","Ya'akov 26, Rehovot",no
5615,הרצל 2,"הדוגית 16, יבנה, Israel",הרצל 2,"HaDugit St 16, Yavne, Israel",ChIJ93WqAMG7AhURl7Wd9SOak4A,הרצל 2,iw,"הדוגית 16, יבנה","הדוגית 16, יבנה",yes,הרצל 2,iw,"HaDugit St 16, Yavne","HaDugit 16, Yavne",no
5618,שווארמה קריטי,"הרצל 135, רחובות, Israel",Kariti,"Herzl St 135, Rehovot, Israel",ChIJY7KvyAW3AhURvn0ZHZ_wc8E,שווארמה קריטי ובניו,iw,"הרצל 135, רחובות","הרצל 135, רחובות",yes,Kariti,en,"Herzl St 135, Rehovot","Herzl 135, Rehovot",no
5620,בראנצו'ס קריית מלאכי,"שד' בן גוריון 8, קריית מלאכי, Israel",בראנצ'וס - מטבח חלבי & מתוקים,"Sderot David Ben Gurion 8, Kiryat Malakhi, Israel",ChIJCbJbnY69AhURMSg--d4SCAM,בראנצ'וס - מטבח חלבי & מתוקים,iw,"שדרות דוד בן גוריון 8, קרית מלאכי","שדרות דוד בן גוריון 8, קרית מלאכי",yes,בראנצ'וס - מטבח חלבי & מתוקים,iw,"Sderot David Ben Gurion 8, Kiryat Malakhi","Sderot David Ben Gurion 8, Kiryat Malakhi",no
5623,המסעדה של יפה,"נגבה, Israel",yaffa's restaurant,"0, Negba, 79856, Israel",ChIJj5C3BQKaAhURtkdpxSEML-k,המסעדה של יפה,iw,"0, נגבה, 79856","0, נגבה",yes,yaffa's restaurant,en,"0, Negba, 79856","0, Negba",no
5624,סטקיית 72,"הרצל 89, רחובות, Israel",Steak House 72,"Herzl St 89, Rehovot, Israel",ChIJj-W_kgW3AhURejUi0GWaPOs,סטקיית 72,iw,"הרצל 89, רחובות","הרצל 89, רחובות",yes,Steak House 72,en,"Herzl St 89, Rehovot","Herzl 89, Rehovot",no
5625,במבולה,"אגוז 2, יבנה, Israel",במבולה,"Egoz St 2, Yavne, Israel",ChIJrVvkdnu6AhURtoJsRfv03RY,במבולה,iw,"אגוז 2, יבנה","אגוז 2, יבנה",yes,במבולה,iw,"Egoz St 2, Yavne","Egoz 2, Yavne",no
5629,ערמונים,"שדה יואב, Israel",מסעדת ערמונים,"Sde Yoav, 7935100, Israel",ChIJ2fLJPy6bAhUR5bf40xk0EQc,מסעדת ערמונים,iw,"שדה יואב, 7935100",שדה יואב,yes,מסעדת ערמונים,en,"Sde Yoav, 7935100",Sde Yoav,no
5631,לוצ'נה,"גיאה, Israel",לוצ׳נה גיאה,"משק 42, גיאה, Israel",ChIJc8FZKl6bAhUREMyGoeQqC8g,לוצ׳נה גיאה,iw,"משק 42, גיאה","משק 42, גיאה",yes,לוצ׳נה גיאה,iw,"משק 42, גיאה","משק 42, Ge'a",yes
5632,מאמא גרג,"ביל""ו, רחובות, Israel",MAMA greg,"Bilu St 2, Rehovot, Israel",ChIJheV41263AhURhq4Q2HpaQyI,מאמא גרג רחובות,iw,"ביל""ו 2, רחובות","ביל""ו 2, רחובות",yes,MAMA greg,en,"Bilu St 2, Rehovot","Bilu 2, Rehovot",no
5635,פרמז'נו,"סנונית 18, נס ציונה, Israel",פרמז׳נו,"Snunit St 18, Ness Ziona, Israel",ChIJBXH4lCi3AhURokIZC7m4qAY,פרמז׳נו,iw,"סנונית 18, נס ציונה","סנונית 18, נס ציונה",yes,פרמז׳נו,iw,"Snunit St 18, Ness Ziona","Snunit 18, Ness Ziona",no
5636,ספייס,"הזית 104, אמונים, Israel",ספייס,"Ha-Zayit St 104, Emunim, Israel",ChIJD5BwSaeiAhUR40s1QlgKdkU,ספייס,iw,"הזית 104, אמונים","הזית 104, אמונים",yes,ספייס,iw,"Ha-Zayit St 104, Emunim","HaZayit 104, Emunim",no
5637,מפגש דודו סטייק,"אמונים, Israel",מפגש דודו סטייק,"כביש 3711, Emunim, Israel",ChIJi04gEU-9AhURwjIbnDTyI6o,מפגש דודו סטייק,iw,"כביש 3711, אמונים","כביש 3711, אמונים",yes,מפגש דודו סטייק,iw,"כביש 3711, Emunim","כביש 3711, Emunim",yes
5640,קפה בעגלא,"הברוש 73, גמזו, Israel",קייטרינג קפה בעגלא,"Ha-Brosh St 73, Gimzo, Israel",ChIJ19KL3JHLAhURDEinTKopklg,קייטרינג קפה בעגלא,iw,"הברוש 73, גמזו","הברוש 73, גמזו",yes,קייטרינג קפה בעגלא,iw,"Ha-Brosh St 73, Gimzo","HaBrosh 73, Gimzo",no
5642,טוקיו סושי בר,"הרצל 220, רחובות, Israel",טוקיו רחובות,"Herzl St 220, Rehovot, Israel",ChIJcx-Lo-G3AhURyadSkoCj2xA,טוקיו רחובות,iw,"הרצל 220, רחובות","הרצל 220, רחובות",yes,טוקיו רחובות,iw,"Herzl St 220, Rehovot","Herzl 220, Rehovot",no
5644,פיצה סמיילי,"שד' ירושלים 2, רחובות, Israel",Pizza Smiley,"מרכז שרונה, דרך ירושלים 2, רחובות, Israel",ChIJvVVEr6-3AhURcNAckybERkM,פיצה סמיילי,iw,"מרכז שרונה, דרך ירושלים 2, רחובות","מרכז שרונה, דרך ירושלים 2, רחובות",yes,Pizza Smiley,en,"מרכז שרונה, דרך ירושלים 2, רחובות","מרכז שרונה, Derech Jerusalem 2, Rehovot",yes
5646,שווארמה שמש,"ויצמן 24, נס ציונה, Israel",שווארמה שמש וייצמן נס ציונה,"Weizman St 24, Ness Ziona, Israel",ChIJ7UTwqZW2AhURNjiNVx_4Ob4,שווארמה שמש וייצמן נס ציונה,iw,"וייצמן 24, נס ציונה","וייצמן 24, נס ציונה",yes,שווארמה שמש וייצמן נס ציונה,iw,"Weizman St 24, Ness Ziona","Weizman 24, Ness Ziona",no
5649,שוארמה שמש,"הפטיש 6, נס ציונה, Israel",Shoarma Shemesh,"Ha-Patish St, Ness Ziona, Israel",ChIJJbOI0Za2AhUR6q5Md-SMtBw,שווארמה שמש נס ציונה ישפרו סנטר,iw,"הפטיש, נס ציונה","הפטיש, נס ציונה",yes,Shoarma Shemesh,en,"Ha-Patish St, Ness Ziona","HaPatish, Ness Ziona",no
5650,אושי אושי רחובות,"הרצל 191, רחובות, Israel",Oshi Oshi,"Herzl St 191, Rehovot, Israel",ChIJpef4_AK3AhURYEs9jyY1G24,אושי אושי,iw,"הרצל 191, רחובות","הרצל 191, רחובות",yes,Oshi Oshi,en,"Herzl St 191, Rehovot","Herzl 191, Rehovot",no
5651,מר. פרצל,"ביל""ו 2, קניון רחובות, Israel",Mr pretzels,"Bilu St 2, Rehovot, Israel",ChIJPSXxtIy3AhURPE-PKNXPQwk,Mr pretzels,en,"ביל""ו 2, רחובות","ביל""ו 2, רחובות",yes,Mr pretzels,en,"Bilu St 2, Rehovot","Bilu 2, Rehovot",no
5657,לאציו,"הרצל 42, גן יבנה, Israel",פיצה לאציו,"Herzl St 42, Gan Yavne, Israel",ChIJZRzCycK8AhURi3kaglQuPjM,פיצה לאציו,en,"הרצל 42, גן יבנה","הרצל 42, גן יבנה",yes,פיצה לאציו,en,"Herzl St 42, Gan Yavne","Hertsel 42, Gan Yavne",no
5664,פיקולו טוסט,"איריס 6, גן יבנה, Israel",פיקולו טוסט,"Iris St 6, Gan Yavne, 7083216, Israel",ChIJ7_CSmeC8AhURq9QRSLlxeWk,פיקולו טוסט,iw,"איריס 6, גן יבנה, 7083216","איריס 6, גן יבנה",yes,פיקולו טוסט,iw,"Iris St 6, Gan Yavne, 7083216","Iris 6, Gan Yavne",no
5671,פיצה USA צמרות,"יהלום 3, באר יעקב, Israel",פיצה USA צמרות,"Yahalom St 3, Be'er Ya'akov, Israel",ChIJPWACkZ63AhURYoASonlSalM,פיצה USA - יו אס אי . באר יעקוב כשר למהדרין- צמרות,iw,"יהלום 3, באר יעקב","יהלום 3, באר יעקב",yes,פיצה USA צמרות,en,"Yahalom St 3, Be'er Ya'akov","Yahalom 3, Be'er Ya'akov",no
5676,M Burger יבנה,"שד' דואני 20, מרכז מסחרי לב יבנה, Israel",M אם בורגר יבנה,"Sderot Du'ani 20, Yavne, 8155110, Israel",ChIJJ-tZH3y7AhURWvoGnqoe_jQ,M אם בורגר יבנה,iw,"שדרות דואני 20, יבנה, 8155110","שדרות דואני 20, יבנה",yes,M אם בורגר יבנה,iw,"Sderot Du'ani 20, Yavne, 8155110","Sderot Du'ani 20, Yavne",no
5677,פיצה האט,"הנחשול 21, יבנה, Israel",Pizza Hut,"HaNahshol St 22, Yavne, Israel",ChIJs98TgX-6AhURR0eGK44CEuQ,pizza hut - פיצה ביבנה,iw,"הנחשול 22, יבנה","הנחשול 22, יבנה",yes,Pizza Hut,en,"HaNahshol St 22, Yavne","HaNahshol 22, Yavne",no
5680,סאנסט קיטצ'ן הרצליה Sunset Kitchen,"אלי לנדאו 60, הרצליה פיתוח, Israel",Sunset Kitchen,"שד' אלי לנדאו 60, Hertsliya, Israel",ChIJyTevw5ZIHRUR72QuV_JucFE,סאנסט קיטצ'ן הרצליה - כשר | Sunset Kitchen Herzliya,iw,"שד' אלי לנדאו 60, הרצליה","שד' אלי לנדאו 60, הרצליה",yes,Sunset Kitchen,en,"שד' אלי לנדאו 60, Hertsliya","שד' אלי לנדאו 60, Hertsliya",yes
5681,קפה ברנר,"ברנר 6, רעננה, Israel",Cafe Brener,"מתחם קולינר, ברנר 6, רעננה, Israel",ChIJx5A1aBM4HRURg-vqGwYXzEQ,אספרסו בר,iw,"מתחם קולינר, ברנר 6, רעננה","מתחם קולינר, ברנר 6, רעננה",yes,Cafe Brener,en,"מתחם קולינר, ברנר 6, רעננה","מתחם קולינר, Brener 6, Ra'anana",yes
5684,סלון יווני,"אלי לנדאו 60, הרצליה פיתוח, Israel",סלון יווני הרצליה פיתוח,"שד' אלי לנדאו 60, Hertsliya, 4685160, Israel",ChIJw45gmvBJHRUR2t1JjTkRemw,סלון יווני הרצליה פיתוח,iw,"שד' אלי לנדאו 60, הרצליה, 4685160","שד' אלי לנדאו 60, הרצליה",yes,סלון יווני הרצליה פיתוח,iw,"שד' אלי לנדאו 60, Hertsliya, 4685160","שד' אלי לנדאו 60, Hertsliya",yes
5685,קוויין לו,"ברנר 6, רעננה, Israel",Queen Lu,"Brener St 6, Ra'anana, Israel",ChIJgzBsQ9M5HRUR23BXXHUP8Tg,קווין לו,iw,"ברנר 6, רעננה","ברנר 6, רעננה",yes,Queen Lu,en,"Brener St 6, Ra'anana","Brener 6, Ra'anana",no
5686,קזן בראסרי,"אחוזה 71, רעננה, Israel",Brasserie Kazan,"Ahuza St 71, Ra'anana, 4360011, Israel",ChIJOT3c0RQ4HRURLtlgDBQMLnw,קזן בראסרי,iw,"אחוזה 71, רעננה, 4360011","אחוזה 71, רעננה",yes,Brasserie Kazan,en,"Ahuza St 71, Ra'anana, 4360011","Ahuza 71, Ra'anana",no
5688,חוות אלבואדי מסעדת אג'אויד,"זמר, Israel",אג׳אויד - חוות אלבואדי,"Zemer, Israel",ChIJd3VPx6YQHRUR5cA0cyCQets,אג׳אויד - חוות אלבואדי,iw,זמר,זמר,yes,אג׳אויד - חוות אלבואדי,iw,Zemer,Zemer,no
5689,בני הדייג,"יורדי ים 1, מרינה הרצליה, Israel",Benny HaDayag,"מרינה, Hertsliya, 4676401, Israel",ChIJmUjw8upIHRURlWqhu0OXwSg,בני הדייג - מרינה הרצליה כשר - Benny Hadayag Marina Herzliya Kosher,iw,"מרינה, הרצליה, 4676401","מרינה, הרצליה",yes,Benny HaDayag,en,"מרינה, Hertsliya, 4676401","מרינה, Hertsliya",yes
5690,רובן,"רפפורט 3, כפר סבא, Israel",רובן כפר סבא Ruben Kfar Saba,"Rapaport St 3, Kefar Sava, Israel",ChIJqXhuh345HRURoZtVntkn-R8,רובן כפר סבא Ruben Kfar Saba,iw,"רפפורט 3, כפר סבא","רפפורט 3, כפר סבא",yes,רובן כפר סבא Ruben Kfar Saba,iw,"Rapaport St 3, Kefar Sava","Rapaport 3, Kfar Saba",no
5691,דליקזן,"השוק 6, רעננה, Israel",Delikazan,"Ha-Shuk St 6, Ra'anana, Israel",ChIJD0pcfmk5HRUR2JgnVtFdSaQ,Delikazan - דליקזן,iw,"השוק 6, רעננה","השוק 6, רעננה",yes,Delikazan,en,"Ha-Shuk St 6, Ra'anana","HaShuk 6, Ra'anana",no
5692,רונן בשרים,"שכטרמן 28, נתניה, Israel",Ronen Meat,"Shechterman Tzvi St 28, Netanya, Israel",ChIJ0_-nn18VHRURh_UMOjKePsY,רונן בשרים,iw,"צבי שכטרמן 28, נתניה","צבי שכטרמן 28, נתניה",yes,Ronen Meat,en,"Shechterman Tzvi St 28, Netanya","Shechterman Tzvi 28, Netanya",no
5694,עידו בשרים רעננה,"ירושלים 13, רעננה, Israel",עידו בשרים,"Yerushalaim Rd 13, Ra'anana, Israel",ChIJCeLKQwBHHRURgKMOCj67Aug,עידו בשרים,iw,"דרך ירושלים 13, רעננה","דרך ירושלים 13, רעננה",yes,עידו בשרים,en,"Yerushalaim Rd 13, Ra'anana","Derech Yerushalayim 13, Ra'anana",no
5695,פיורי,"ויצמן 125, כפר סבא, Israel",Fiori,"Weizmann St 125, Kefar Sava, Israel",ChIJoULwdLQ5HRURZIIHmLcBWRU,פיורי,iw,"ויצמן 125, כפר סבא","ויצמן 125, כפר סבא",yes,Fiori,en,"Weizmann St 125, Kefar Sava","Weizmann 125, Kfar Saba",no
5696,לה טוסקנה,"רעננה, Israel",La Toscana Raanana - לה טוסקנה רעננה,"Ha-Shuk St 2, Ra'anana, Israel",ChIJD37xvso5HRURgvEdLV4Q2AE,La Toscana Raanana - לה טוסקנה רעננה,iw,"השוק 2, רעננה","השוק 2, רעננה",yes,La Toscana Raanana - לה טוסקנה רעננה,iw,"Ha-Shuk St 2, Ra'anana","HaShuk 2, Ra'anana",no
5697,ברנס,"פרידלנדר 8, חדרה, Israel",מסעדת ברנס,"Friedlander St 12, Hadera, Israel",ChIJ3RxvGIMTHRURmho4grBtaYk,מסעדת ברנס,iw,"פרידלנדר 12, חדרה","פרידלנדר 12, חדרה",yes,מסעדת ברנס,iw,"Friedlander St 12, Hadera","Friedlander 12, Hadera",no
5700,שווארמה צארום,"סוקולוב 35, שופינג סנטר רמת השרון, רמת השרון, Israel",Tzarum,"Sokolov St 35, Ramat Hasharon, Israel",ChIJhxC9Df5HHRURgL_-oWjXnz8,צארום,iw,"סוקולוב 35, רמת השרון","סוקולוב 35, רמת השרון",yes,Tzarum,en,"Sokolov St 35, Ramat Hasharon","Sokolov 35, Ramat HaSharon",no
5701,מרקש,"דוד המלך 5, נתניה, Israel",Marrakesh,"David HaMelech St 5, Netanya, 42264, Israel",ChIJSXcOqKhqHRURFo9Ot0UrwsY,מסעדת מרקש,iw,"דוד המלך 5, נתניה, 42264","דוד המלך 5, נתניה",yes,Marrakesh,en,"David HaMelech St 5, Netanya, 42264","David HaMelech 5, Netanya",no
5704,יגאל בגט,"הנשיא וייצמן 54, קניון לב חדרה, Israel",יגאל בגט,"HaNassi St 54, Hadera, Israel",ChIJfe6iG0QSHRURXxzXe_ZqBjc,יגאל בגט,iw,"הנשיא 54, חדרה","הנשיא 54, חדרה",yes,יגאל בגט,en,"HaNassi St 54, Hadera","HaNassi 54, Hadera",no
5705,שיקגו,"שבזי 33, אליכין, Israel",שיקגו בורגר,"Shalom Shabazi St 33, Elyakhin, 3890800, Israel",ChIJH3oFq3UTHRURupjBVp9DaqA,שיקגו בורגר,iw,"שלום שבזי 33, אליכין, 3890800","שלום שבזי 33, אליכין",yes,שיקגו בורגר,iw,"Shalom Shabazi St 33, Elyakhin, 3890800","Shalom Shabazi 33, Elyachin",no
5706,ג'וקר פיצה,"קלאוזנר 1, נתניה, Israel",Pizza Joker,"Professor Yosef Klausner St, Netanya, Israel",ChIJj2wHXO4_HRURn45s9db3oQQ,פיצה ג'וקר,iw,"פרופסור יוסף קלאוזנר, נתניה","פרופסור יוסף קלאוזנר, נתניה",yes,Pizza Joker,en,"Professor Yosef Klausner St, Netanya","Professor Joseph Klausner, Netanya",no
5708,קפה 111,"סוקולוב 111, רמת השרון, Israel",Cafe 111,"Sokolov St 111, Ramat Hasharon, Israel",ChIJTUKFnEBIHRURZThD9Lcejoc,קפה 111,iw,"סוקולוב 111, רמת השרון","סוקולוב 111, רמת השרון",yes,Cafe 111,en,"Sokolov St 111, Ramat Hasharon","Sokolov 111, Ramat HaSharon",no
5709,יומה,"המייסדים 4, בנימינה, Israel",Yume,"Ha-Meyasdim St 4, Binyamina-Giv'at Ada, 3053804, Israel",ChIJCa2CQxwMHRURrXtqOndVpSI,יומה YUME בנימינה,iw,"המייסדים 4, בנימינה גבעת עדה, 3053804","המייסדים 4, בנימינה גבעת עדה",yes,Yume,en,"Ha-Meyasdim St 4, Binyamina-Giv'at Ada, 3053804","HaMeyasedim 4, Binyamina Giv'at Ada",no
5711,פיצה השף,"תל חי 33, כפר סבא, Israel",Pizza Chef,"Tel-Hay St 33, Kefar Sava, Israel",ChIJwf9LzLY5HRURcvJNkIOxHFE,פיצה השף,iw,"תל חי 33, כפר סבא","תל חי 33, כפר סבא",yes,Pizza Chef,en,"Tel-Hay St 33, Kefar Sava","Tel-Hay 33, Kfar Saba",no
5712,חומוס יוסף,"האסיף 31, בנימינה, Israel",Hummus Yosef,"Ha-Asif St 31, Binyamina-Giv'at Ada, Israel",ChIJIWKVN2gOHRURsoaNJdn7DtY,חומוס יוסף - בנימינה,iw,"האסיף 31, בנימינה גבעת עדה","האסיף 31, בנימינה גבעת עדה",yes,Hummus Yosef,en,"Ha-Asif St 31, Binyamina-Giv'at Ada","HaAsif 31, Binyamina Giv'at Ada",no
5715,ונציה,"שער הגיא 7, נתניה, Israel",קונדיטוריה ונציה,"Yosef Sapir St 4, Netanya, Israel",ChIJ48OAGKpqHRURqONh7qZFKG0,ונציה,iw,"יוסף ספיר 4, נתניה","יוסף ספיר 4, נתניה",yes,קונדיטוריה ונציה,en,"Yosef Sapir St 4, Netanya","Yosef Sapir 4, Netanya",no
5717,בסט ביס,"סוקולוב 58, הרצליה, Israel",בסט ביס,"Sokolov St 58, Herzliya, 4649787, Israel",ChIJc0tuZQlIHRUR4bM1XXUeHiE,בסט ביס,iw,"סוקולוב 58, הרצליה, 4649787","סוקולוב 58, הרצליה",yes,בסט ביס,iw,"Sokolov St 58, Herzliya, 4649787","Sokolov 58, Hertsliya",no
5718,אצל גלי,"פנקס דוד 6, נתניה, Israel",אצל גלי,"David Pinkas St 6, Netanya, Israel",ChIJAZ8HOlgVHRURb3R1E9ZOcRE,אצל גלי,iw,"דוד פנקס 6, נתניה","דוד פנקס 6, נתניה",yes,אצל גלי,iw,"David Pinkas St 6, Netanya","David Pinkas 6, Netanya",no
5722,נתי,"ש""י עגנון 2, נתניה, Israel",Nati Bakery Netanya מאפיית נתי,"Sderot Pinhas Lavon 28, Netanya, Israel",ChIJjRoGmoVAHRUR-xygqxLT1sk,Nati Bakery Netanya מאפיית נתי,iw,"שדרות פנחס לבון 28, נתניה","שדרות פנחס לבון 28, נתניה",yes,Nati Bakery Netanya מאפיית נתי,en,"Sderot Pinhas Lavon 28, Netanya","Sderot Pinhas Lavon 28, Netanya",no
5725,המעדנייה,"המייסדים 63, אבן יהודה, Israel",המעדניה,"Ha-Meyasdim St 63, Even Yehuda, Israel",ChIJtdyM_ww_HRURjcX45ykJYeU,המעדניה,iw,"המייסדים 63, אבן יהודה","המייסדים 63, אבן יהודה",yes,המעדניה,iw,"Ha-Meyasdim St 63, Even Yehuda","HaMeyasedim 63, Even Yehuda",no
5727,פיצה כמעט חינם,"הדקלים 99, פרדס חנה-כרכור, Israel",פיצה כמעט חינם פרדס חנה,"Ha-Dkalim St 99, Pardes Hanna-Karkur, Israel",ChIJnUloBEIOHRURSQtQnghDkSs,פיצה כמעט חינם פרדס חנה,iw,"הדקלים 99, פרדס חנה כרכור","הדקלים 99, פרדס חנה כרכור",yes,פיצה כמעט חינם פרדס חנה,iw,"Ha-Dkalim St 99, Pardes Hanna-Karkur","HaDkalim 99, Pardes Hana-Karkur",no
5729,פלאפל יעל,"פתח תקוה 82, נתניה, Israel",Falafel Yael,"Petah Tikva St 82, Netanya, Israel",ChIJ1XXAkwRAHRURg9mC-lKr7_8,פלאפל יעל,iw,"פתח תקווה 82, נתניה","פתח תקווה 82, נתניה",yes,Falafel Yael,en,"Petah Tikva St 82, Netanya","Petah Tikva 82, Netanya",no
5735,טלסלט,"התרופה 14, נתניה, Israel","טלסלט, נתניה","Ha-Trufa St 14, Netanya, 4250519, Israel",ChIJHeNFvH8_HRUR6yzNa3-8zjY,"טלסלט, נתניה",iw,"התרופה 14, נתניה, 4250519","התרופה 14, נתניה",yes,"טלסלט, נתניה",iw,"Ha-Trufa St 14, Netanya, 4250519","HaTrufa 14, Netanya",no
5741,שיר הפיצה,"הגיבורים 47, חדרה, Israel",שיר הפיצה,"HaGiborim St 47, Hadera, Israel",ChIJxbQN90USHRURk3rF8b5JZzk,שיר הפיצה,iw,"הגיבורים 47, חדרה","הגיבורים 47, חדרה",yes,שיר הפיצה,iw,"HaGiborim St 47, Hadera","HaGiborim 47, Hadera",no
5742,ג'ודי קייטרינג פמפה,"הפרחים 31, רשפון, Israel",Judy Pampa Catering,"Ha-Prakhim St 31, Rishpon, 4691500, Israel",ChIJx5gH5bVHHRURB180TqKMC6M,Judy קייטרינג פמפה,iw,"הפרחים 31, רשפון, 4691500","הפרחים 31, רשפון",yes,Judy Pampa Catering,en,"Ha-Prakhim St 31, Rishpon, 4691500","HaPerahim 31, Rishpon",no
5745,פיצה לה ורה,"גבעת עדה, Israel",La Vera Pizza,"Rehov Hai 67, Binyamina Giv'at Ada, Israel",ChIJwQMasjIPHRUR4-aSvMZfUbA,פיצה לה ורה,iw,"רחוב חי 67, בנימינה גבעת עדה","רחוב חי 67, בנימינה גבעת עדה",yes,La Vera Pizza,en,"Rehov Hai 67, Binyamina Giv'at Ada","Rehov Hai 67, Binyamina Giv'at Ada",no
5747,הסביח של סומך,"הרברט סמואל 76, חדרה, Israel",הסביח של הסומך,"Herbert Samuel St 76, Hadera, Israel",ChIJiQB_70USHRUR5bIjVKvKF54,הסביח של הסומך,iw,"הרברט סמואל 76, חדרה","הרברט סמואל 76, חדרה",yes,הסביח של הסומך,iw,"Herbert Samuel St 76, Hadera","Herbert Samuel 76, Hadera",no
5752,פיצה שופ,"שד' עובד בן עמי 10, נתניה, Israel",Pizzashop,"Sderot Oved Ben Ami 10, Netanya, Israel",ChIJXaJUdRRAHRURyF-kJ3nfsXs,פיצה שופ,iw,"שדרות עובד בן עמי 10, נתניה","שדרות עובד בן עמי 10, נתניה",yes,Pizzashop,en,"Sderot Oved Ben Ami 10, Netanya","Sderot Oved Ben Ami 10, Netanya",no
5753,דודא לפיצה,"יקינטון 14, כפר יונה, Israel",Duda LaPizza,"Yakinton St 14, Kfar Yona, Israel",ChIJA5R4d-UVHRUR3n0Dos5FArI,דודא לפיצה,iw,"יקינטון 14, כפר יונה","יקינטון 14, כפר יונה",yes,Duda LaPizza,en,"Yakinton St 14, Kfar Yona","Yakinton 14, Kfar Yona",no
5756,שניצלס,"אחוזה 117, רעננה, Israel",Shnitzels,"Ahuza St 117, Ra'anana, Israel",ChIJJy_VvhI4HRURuRZcnjSHkSY,שניצלס,iw,"אחוזה 117, רעננה","אחוזה 117, רעננה",yes,Shnitzels,en,"Ahuza St 117, Ra'anana","Ahuza 117, Ra'anana",no
5757,מרפי'ס,"גיבורי ישראל 17, יכין סנטר נתניה, נתניה, Israel",Murphy's,"מרכז יכין, Sderot Giborei Israel 17, Netanya, Israel",ChIJW6ao4IFAHRURAroBo08VTQ4,מרפיס פולג פאב אירי כשר,iw,"מרכז יכין, שדרות גיבורי ישראל 17, נתניה","מרכז יכין, שדרות גיבורי ישראל 17, נתניה",yes,Murphy's,en,"מרכז יכין, Sderot Giborei Israel 17, Netanya","מרכז יכין, Sderot Giborei Israel 17, Netanya",yes
5764,תנעמי,"אחוזה 133, רעננה, Israel",Hummus Tanami,"Ahuza St 133, Ra'anana, Israel",ChIJUT8qXA04HRURGkSNeFyMins,תנעמי חומוס-בר,iw,"אחוזה 133, רעננה","אחוזה 133, רעננה",yes,Hummus Tanami,en,"Ahuza St 133, Ra'anana","Ahuza 133, Ra'anana",no
5767,Jimmy's bar,"הנוטע 1, נתניה, Israel",Jimmy's,"Ha-Note'a St 1, Netanya, Israel",ChIJP_dsIKpqHRURzGWufduEPJg,ג'ימיס,iw,"הנוטע 1, נתניה","הנוטע 1, נתניה",yes,Jimmy's,en,"Ha-Note'a St 1, Netanya","HaNote'a 1, Netanya",no
5772,שווארמה כיפה אדומה רעננה,"אחוזה 87, רעננה, Israel",Kipa Aduma,"Ahuza St 87, Ra'anana, Israel",ChIJE-_0TxM4HRURH0u6JqxNqiI,כיפה אדומה,iw,"אחוזה 87, רעננה","אחוזה 87, רעננה",yes,Kipa Aduma,en,"Ahuza St 87, Ra'anana","Ahuza 87, Ra'anana",no
5775,פיצה מאסטרו,"רוטשילד 57, כפר סבא, Israel",Pizza Maestro - Kfar Saba,"Rothschild St 57, Kefar Sava, Israel",ChIJbRDFY7M5HRURwQ8zo8_G24g,פיצה מאסטרו כפר סבא,iw,"רוטשילד 57, כפר סבא","רוטשילד 57, כפר סבא",yes,Pizza Maestro - Kfar Saba,en,"Rothschild St 57, Kefar Sava","Rothschild 57, Kfar Saba",no
5776,ניו דלי רעננה,"המלאכה 2, אזור תעשייה רעננה, Israel",ניודלי Newdeli,"Ha-Melakha St 2, Ra'anana, Israel",ChIJebirzmM4HRURw9bB-gEFBpM,ניודלי Newdeli,en,"המלאכה 2, רעננה","המלאכה 2, רעננה",yes,ניודלי Newdeli,en,"Ha-Melakha St 2, Ra'anana","HaMelacha 2, Ra'anana",no
5779,נורי,"הצורן 4, נתניה, Israel",Nori | מסעדה אסיאתית וסושי בר,"Ha-Tsoran St 4, Netanya, Israel",ChIJH_ov1cI_HRURVQ07GTKeBvM,Nori | מסעדה אסיאתית וסושי בר,iw,"הצורן 4, נתניה","הצורן 4, נתניה",yes,Nori | מסעדה אסיאתית וסושי בר,iw,"Ha-Tsoran St 4, Netanya","HaTsoran 4, Netanya",no
5784,שמחה,"ברל כצנלסון 23, הרצליה, Israel",קפה שמחה,"Berel Katzenelson St 23, Herzliya, Israel",ChIJrbtldP5HHRUR18zGzhRbaE4,קפה שמחה,en,"רחוב ברל כצנלסון 23, הרצליה","רחוב ברל כצנלסון 23, הרצליה",yes,קפה שמחה,en,"Berel Katzenelson St 23, Herzliya","Berl Katsnelson 23, Hertsliya",no
5786,העוגות של שושנה,"כפר הרא""ה, Israel",העוגות של שושנה,"Shivtei Israel St 19, Kfar Haroeh, Israel",ChIJfcfs3oATHRUR4fUlameR26s,העוגות של שושנה,iw,"שבטי ישראל 19, כפר הרא""ה","שבטי ישראל 19, כפר הרא""ה",yes,העוגות של שושנה,iw,"Shivtei Israel St 19, Kfar Haroeh","Shivtei Israel 19, Kfar HaRo'e",no
5790,אושי אושי חדרה,"פרופסור דן שכטמן 10, חדרה, Israel",oshi-oshi,"פרופ דן שכטמן 10, Hadera, Israel",ChIJ-xktsEUSHRURbH5kHIDP2t4,oshi-oshi,iw,"פרופ דן שכטמן 10, חדרה","פרופ דן שכטמן 10, חדרה",yes,oshi-oshi,iw,"פרופ דן שכטמן 10, Hadera","פרופ דן שכטמן 10, Hadera",yes
5791,פיצה פארטי,"ביל""ו 21, רעננה, Israel",Pizza Party פיצה פרטי,"Bilu St 21, Ra'anana, Israel",ChIJWcSo2ws4HRUR1bW6k-blQ4g,Pizza Party פיצה פרטי,en,"ביל""ו 21, רעננה","ביל""ו 21, רעננה",yes,Pizza Party פיצה פרטי,en,"Bilu St 21, Ra'anana","Bilu 21, Ra'anana",no
5793,גונס,"ככר העצמאות 8, נתניה, Israel",Goons - גונס פיצה ובירה,"Kikar HaAtsmaut 8, Netanya, Israel",ChIJ75yU16dqHRUR175YJ_om7gc,גונס,iw,"כיכר העצמאות 8, נתניה","כיכר העצמאות 8, נתניה",yes,Goons - גונס פיצה ובירה,en,"Kikar HaAtsmaut 8, Netanya","Kikar HaAtsmaut 8, Netanya",no
5794,חומוס הרצל,"הסדנאות 2, הרצליה פיתוח, Israel",חומוס הרצל,"Ha-Sadna'ot St 2, Herzliya, Israel",ChIJYXyePjtJHRURkgBU9HpmmGc,חומוס הרצל,iw,"הסדנאות 2, הרצליה","הסדנאות 2, הרצליה",yes,חומוס הרצל,en,"Ha-Sadna'ot St 2, Herzliya","HaSadnaot 2, Hertsliya",no
5797,תפארת הפלאפל,"ויצמן 147, כפר סבא, Israel",תפארת הפלאפל והשווארמה,"Weizmann St 147, Kefar Sava, Israel",ChIJ757ISrE5HRURAZc0648KHmE,תפארת הפלאפל והשווארמה,iw,"ויצמן 147, כפר סבא","ויצמן 147, כפר סבא",yes,תפארת הפלאפל והשווארמה,en,"Weizmann St 147, Kefar Sava","Weizmann 147, Kfar Saba",no
5798,ביסקוטי,"הדקל 53, תל מונד, Israel",ביסקוטי תל מונד,"Ha-Dekel St 47, Tel Mond, Israel",ChIJB87sgVc_HRURaL3NPqVMSrc,ביסקוטי תל מונד,iw,"הדקל 47, תל מונד","הדקל 47, תל מונד",yes,ביסקוטי תל מונד,iw,"Ha-Dekel St 47, Tel Mond","Ha-Dekel 47, Tel Mond",no
5800,מאפיית שיבולת הארץ,"סוקולוב 17, הרצליה, Israel",שיבולת הארץ,"Sokolov St 17, Herzliya, Israel",ChIJKcJEVXNIHRUR7WR2jnBLqw4,שיבולת הארץ,iw,"סוקולוב 17, הרצליה","סוקולוב 17, הרצליה",yes,שיבולת הארץ,iw,"Sokolov St 17, Herzliya","Sokolov 17, Hertsliya",no
5803,פיצה יגאל,"הנשיא וייצמן 2, חדרה, Israel",פיצה יגאל,"פינת, HaNassi St 2, Hadera, 3842214, Israel",ChIJuyQDQNUTHRUR1dj4-R0evjI,פיצה יגאל,iw,"פינת, הנשיא 2, חדרה, 3842214","פינת, הנשיא 2, חדרה",yes,פיצה יגאל,iw,"פינת, HaNassi St 2, Hadera, 3842214","פינת, HaNassi 2, Hadera",yes
5806,קאסה דל פפה,"סוקולוב 58, הרצליה, Israel",קאסה דל פפה הרצליה,"Sokolov St 58, Herzliya, Israel",ChIJz9xiZQlIHRURIf4JLKxMeiY,קאסה דל פפה הרצליה,iw,"סוקולוב 58, הרצליה","סוקולוב 58, הרצליה",yes,קאסה דל פפה הרצליה,iw,"Sokolov St 58, Herzliya","Sokolov 58, Hertsliya",no
5807,מאפה נאמן,"סוקולוב 14, הרצליה, Israel",מאפה נאמן,"Sokolov St 14, Herzliya, Israel",ChIJs7jCVQtIHRURJXfpCOBbvNE,מאפה נאמן,iw,"סוקולוב 14, הרצליה","סוקולוב 14, הרצליה",yes,מאפה נאמן,iw,"Sokolov St 14, Herzliya","Sokolov 14, Hertsliya",no
5809,דיינרס בורגר,"הרצל 5, נתניה, Israel",דיינרס בורגר נתניה,"Herzl St 5, Netanya, Israel",ChIJuWR2-KhqHRURXc6l879ISnc,דיינרס בורגר נתניה,iw,"הרצל 5, נתניה","הרצל 5, נתניה",yes,דיינרס בורגר נתניה,iw,"Herzl St 5, Netanya","Herzl 5, Netanya",no
5810,עוזי חומוס פול,"גיבורי ישראל 20, נתניה, Israel",Ouzi Hummus Ful,"Sderot Giborei Israel 20, Netanya, Israel",ChIJ5S-WJIJAHRURjITq92XSqvI,עוזי חומוס פול - סניף פולג,iw,"שדרות גיבורי ישראל 20, נתניה","שדרות גיבורי ישראל 20, נתניה",yes,Ouzi Hummus Ful,en,"Sderot Giborei Israel 20, Netanya","Sderot Giborei Israel 20, Netanya",no
5812,אדלה,"ויצמן 117, כפר סבא, Israel",אדלה מסעדה ובית קפה adela,"Weizmann St, Kefar Sava, Israel",ChIJL_VXHRk5HRURCua0ExQu_GU,אדלה מסעדה ובית קפה adela,iw,"ויצמן, כפר סבא","ויצמן, כפר סבא",yes,אדלה מסעדה ובית קפה adela,iw,"Weizmann St, Kefar Sava","Weizmann, Kfar Saba",no
5815,מסעדת ויקי,"פנקס דוד 17, נתניה, Israel",מסעדת ויקי,"David Pinkas St 17, Netanya, Israel",ChIJa79SCVgVHRURM6dd2E3B2hA,מסעדת ויקי,iw,"דוד פנקס 17, נתניה","דוד פנקס 17, נתניה",yes,מסעדת ויקי,iw,"David Pinkas St 17, Netanya","David Pinkas 17, Netanya",no
5816,שווארמה נונה,"סמילנסקי 5, נתניה, Israel",שווארמה נונה,"Smilanski St 5, Netanya, Israel",ChIJ7cUlkqlqHRUReXf5yOMCgxQ,שווארמה נונה,iw,"סמילנסקי 5, נתניה","סמילנסקי 5, נתניה",yes,שווארמה נונה,iw,"Smilanski St 5, Netanya","Smilanski 5, Netanya",no
5821,פיצה פצץ,"כ""ט בנובמבר 10, חדרה, Israel",Pizza Hadera,"Kaf Tet be-November St 10, Hadera, 3828269, Israel",ChIJuyXRUkISHRUR7cjNhvayKyU,פיצה פצץ,iw,"כ""ט בנובמבר 10, חדרה, 3828269","כ""ט בנובמבר 10, חדרה",yes,Pizza Hadera,en,"Kaf Tet be-November St 10, Hadera, 3828269","Kaf Tet Benovember 10, Hadera",no
5822,שווארמה שי,"הלל יפה 11, חדרה, Israel",Shay Shawarma,"Hillel Yafe St 11, Hadera, Israel",ChIJRTe0FlASHRUR-lj5Jpb-uyo,שווארמה שי,iw,"הלל יפה 11, חדרה","הלל יפה 11, חדרה",yes,Shay Shawarma,en,"Hillel Yafe St 11, Hadera","Hillel Yafe 11, Hadera",no
5829,דוד'ס בורגר,"קרמניאן משה 4, נתניה, Israel",Dudes Burger,"Karminyan St 4, Netanya, Israel",ChIJZ5NFObNrHRURQNg902kllfs,דודס בורגר | Dudes Burger,iw,"קרמניאן 4, נתניה","קרמניאן 4, נתניה",yes,Dudes Burger,en,"Karminyan St 4, Netanya","Karminyan 4, Netanya",no
5830,פומדרו פיצריה,"הנשיא וייצמן 66, חדרה, Israel",Pizza Pomedro,"HaNassi St 66, Hadera, Israel",ChIJh7A_u0YSHRURN4gcqRlQWSs,פיצה פומדרו,iw,"הנשיא 66, חדרה","הנשיא 66, חדרה",yes,Pizza Pomedro,en,"HaNassi St 66, Hadera","HaNassi 66, Hadera",no
5832,קריספי פיצה,"רזיאל 3, נתניה, Israel",Crispy Pizza,"Derech Raziel 3, Netanya, Israel",ChIJ8QdNJKtqHRURhnFFftfeimQ,קריספי פיצה,iw,"דרך רזיאל 3, נתניה","דרך רזיאל 3, נתניה",yes,Crispy Pizza,en,"Derech Raziel 3, Netanya","Derech Raziel 3, Netanya",no
5837,על המים,"רמת ים 4, הרצליה פיתוח, Israel",מסעדת על המים,"Ramat Yam St 4, Herzliya, 4685104, Israel",ChIJPWQ2fedJHRURXpKGiuuQLIE,מסעדת על המים,iw,"רמת ים 4, הרצליה, 4685104","רמת ים 4, הרצליה",yes,מסעדת על המים,iw,"Ramat Yam St 4, Herzliya, 4685104","Ramat Yam 4, Hertsliya",no
5839,פיצה שמש נתניה,"הרצל 51, נתניה, Israel",פיצה שמש נתניה-מרכז העיר,"Herzl St 51, Netanya, Israel",ChIJRzlc4KpqHRURTgrMpi2kzBU,פיצה שמש נתניה-מרכז העיר,iw,"הרצל 51, נתניה","הרצל 51, נתניה",yes,פיצה שמש נתניה-מרכז העיר,iw,"Herzl St 51, Netanya","Herzl 51, Netanya",no
5840,Yoko Ono יוקו אונו מסעדת פיוזן אסייתית,"אחוזה 124, רעננה, Israel",Yoko Ono Raanana יוקו אונו רעננה,"Ahuza St 124, Ra'anana, 4345020, Israel",ChIJU_IUhtA5HRURteTNCeWqfhk,Yoko Ono Raanana יוקו אונו רעננה,en,"אחוזה 124, רעננה, 4345020","אחוזה 124, רעננה",yes,Yoko Ono Raanana יוקו אונו רעננה,en,"Ahuza St 124, Ra'anana, 4345020","Ahuza 124, Ra'anana",no
5841,קפה אידה,"בר אילן 7, אש סנטר, רעננה, Israel",קפה אידה,"Bar Ilan St, Ra'anana, Israel",ChIJv00wB6s5HRURaitd1t9y6fQ,קפה אידה,en,"בר אילן, רעננה","בר אילן, רעננה",yes,קפה אידה,en,"Bar Ilan St, Ra'anana","Bar Ilan, Ra'anana",no
5844,טיים עוף,"שטמפפר יהושע 10, נתניה, Israel",time off,"10 Shtamper St, Netanya, Israel",ChIJSQx7tqlqHRURYNJcZNJvCBo,טיים עוף נתניה,iw,"10 Shtamper St, Netanya","10 Shtamper St, נתניה",no,time off,en,"10 Shtamper St, Netanya","10 Shtamper St, Netanya",no
5852,בית מאפה לדוגמא,"דרך רמתיים 60, הוד השרון, Israel",בית מאפה לדוגמא,"Ramatayim Road 60, Hod HaSharon, Israel",ChIJ8W7Pyyc4HRURZM-vbPePnsM,בית מאפה לדוגמא,iw,"דרך רמתיים 60, הוד השרון","דרך רמתיים 60, הוד השרון",yes,בית מאפה לדוגמא,iw,"Ramatayim Road 60, Hod HaSharon","Ramatayim Road 60, Hod HaSharon",no
5853,אצל אמיר,"פנקס דוד 36, נתניה, Israel",אצל אמיר,"David Pinkas St 36, Netanya, 4237744, Israel",ChIJ6aOJs-Q_HRURkGfb-j1sORg,אצל אמיר,iw,"דוד פנקס 36, נתניה, 4237744","דוד פנקס 36, נתניה",yes,אצל אמיר,iw,"David Pinkas St 36, Netanya, 4237744","David Pinkas 36, Netanya",no
5858,פיצריה המכולת אופק,"יונה פישר 12, פרדסיה, Israel",פיצה המכולת,"Yona Fisher St 12, Pardesiya, Israel",ChIJFbjLMCk-HRURJDX7R4myeuQ,פיצה המכולת,iw,"יונה פישר 12, פרדסיה","יונה פישר 12, פרדסיה",yes,פיצה המכולת,iw,"Yona Fisher St 12, Pardesiya","Yona Fisher 12, Pardesia",no
5862,תרנגול,"בן גוריון 14, הרצליה, Israel",רשת שניצל התרנגול,"Ben Gurion Blvd 14, Herzliya, Israel",ChIJoRRG8AxIHRURqotFWlccPUE,רשת שניצל התרנגול,iw,"שדרות בן גוריון 14, הרצליה","שדרות בן גוריון 14, הרצליה",yes,רשת שניצל התרנגול,iw,"Ben Gurion Blvd 14, Herzliya","Sderot Ben Gurion 14, Hertsliya",no
5864,מאפיית המשפחה כפר סבא,"טשרניחובסקי 20, כפר סבא, Israel",מאפיית המשפחה,"Tchernichovsky St 22, Kefar Sava, Israel",ChIJn36NagI5HRURKKBsEurbsGE,מאפיית המשפחה,iw,"טשרניחובסקי 22, כפר סבא","טשרניחובסקי 22, כפר סבא",yes,מאפיית המשפחה,en,"Tchernichovsky St 22, Kefar Sava","Tchernichovsky 22, Kfar Saba",no
5867,בורקסבבא,"התע""ש 10, כפר סבא, Israel",בורקס בבא,"HaTa'as St 10, Kefar Sava, Israel",ChIJd00jiM85HRURdBAfZtYPRrg,בורקס בבא,iw,"התע""ש 10, כפר סבא","התע""ש 10, כפר סבא",yes,בורקס בבא,iw,"HaTa'as St 10, Kefar Sava","HaTa'as 10, Kfar Saba",no
5869,מאנקי בורגר,"דרך הבנים 4, פרדס חנה-כרכור, Israel",מאנקי בורגר,"Derech HaBanim 4, Pardes Hana-Karkur, Israel",ChIJ15zp8WkOHRUR4oaqmiYWbyc,מאנקי בורגר,iw,"דרך הבנים 4, פרדס חנה כרכור","דרך הבנים 4, פרדס חנה כרכור",yes,מאנקי בורגר,iw,"Derech HaBanim 4, Pardes Hana-Karkur","Derech HaBanim 4, Pardes Hana-Karkur",no
5871,חומוס אליהו הרצליה,"משכית 32, הרצליה פיתוח, Israel",Hummus Eliyahu,"Maskit St 32, Herzliya, Israel",ChIJeQLKLo1IHRUR9O9jo5ux4oM,חומוס אליהו הרצליה פיתוח,iw,"משכית 32, הרצליה","משכית 32, הרצליה",yes,Hummus Eliyahu,en,"Maskit St 32, Herzliya","Maskit 32, Hertsliya",no
5873,פוקי שופ,"ספיר 6, הרצליה פיתוח, Israel",פוקישופ,"Sapir St 6, Herzliya, Israel",ChIJKSuQZoxIHRUREXC6XV7TViw,פוקישופ,iw,"ספיר 6, הרצליה","ספיר 6, הרצליה",yes,פוקישופ,iw,"Sapir St 6, Herzliya","Sapir 6, Hertsliya",no
5875,ביסטרו בר-קבסה זק,"אוסישקין 2, נתניה, Israel",Bistro Jacky,"Ussishkin St 2, Netanya, Israel",ChIJ5ziH2KdqHRURUSWbBUwNWFM,ביסטרו ג'קי,iw,"אוסישקין 2, נתניה","אוסישקין 2, נתניה",yes,Bistro Jacky,en,"Ussishkin St 2, Netanya","Ussishkin 2, Netanya",no
5876,פלפל בשרי,"המלאכה 45, נתניה, Israel",Pilpel,"Ha-Melakha St 45, Netanya, Israel",ChIJe_A8dIBAHRURFxIOgP7jjmk,פלפל,iw,"המלאכה 45, נתניה","המלאכה 45, נתניה",yes,Pilpel,en,"Ha-Melakha St 45, Netanya","HaMelacha 45, Netanya",no
5877,בית רצון,"שער הגיא 5, נתניה, Israel",Beit Razon,"Sha'ar HaGai St 5, Netanya, Israel",ChIJgQcALapqHRURVhnBAg2YqUM,Beit Razon,iw,"שער הגיא 5, נתניה","שער הגיא 5, נתניה",yes,Beit Razon,en,"Sha'ar HaGai St 5, Netanya","Sha'ar HaGai 5, Netanya",no
5878,ארטייסט,"התע""ש 24, כפר סבא, Israel",ארטייסט מגשי אירוח,"HaTa'as St 24, Kefar Sava, Israel",ChIJy7r6ZeYwHRURn1DnWSdrZKo,ארטייסט מגשי אירוח,iw,"התע""ש 24, כפר סבא","התע""ש 24, כפר סבא",yes,ארטייסט מגשי אירוח,iw,"HaTa'as St 24, Kefar Sava","HaTa'as 24, Kfar Saba",no
5880,שביל החלב,"הרצל 6, נתניה, Israel",שביל החלב,"Herzl St 6, Netanya, Israel",ChIJAe7Y96hqHRURwybuDnDeiJo,שביל החלב,iw,"הרצל 6, נתניה","הרצל 6, נתניה",yes,שביל החלב,iw,"Herzl St 6, Netanya","Herzl 6, Netanya",no
5881,פאפא די פיצה,"הרצל 60, קניון השרון, נתניה, Israel",פאפא די פיצה לשעבר- פיצה לוקה בבעלות חדשה,"קניון, הרצל 60, נתניה, Israel",ChIJkc7TRZZrHRURRp-x8XggT6k,פאפא די פיצה לשעבר- פיצה לוקה בבעלות חדשה,iw,"קניון, הרצל 60, נתניה","קניון, הרצל 60, נתניה",yes,פאפא די פיצה לשעבר- פיצה לוקה בבעלות חדשה,iw,"קניון, הרצל 60, נתניה","קניון, Herzl 60, Netanya",yes
5883,פלאפל דבורה,"המייסדים 30, פרדס חנה-כרכור, Israel",Falafel Dvora,"Ha-Meyasdim St 29, Pardes Hanna-Karkur, Israel",ChIJe_yRw00OHRURpRs4TVGlWMw,"פלאפל דבורה"" בע""מ",iw,"המייסדים 29, פרדס חנה כרכור","המייסדים 29, פרדס חנה כרכור",yes,Falafel Dvora,en,"Ha-Meyasdim St 29, Pardes Hanna-Karkur","Ha-Meyasdim 29, Pardes Hana-Karkur",no
5892,באגטוסט נקניק,"העצמאות 38, הרצליה, Israel",באגטוסט נקניק,"HaAtsmaut St 38, Herzliya, Israel",ChIJI2TX2AxIHRURyoFJbD3PXvg,באגטוסט נקניק,iw,"העצמאות 38, הרצליה","העצמאות 38, הרצליה",yes,באגטוסט נקניק,iw,"HaAtsmaut St 38, Herzliya","HaAtsmaut 38, Hertsliya",no
5893,הפיצה של שרון,"שבזי 37, אליכין, Israel",הפיצה של שרון - Sharon's Pizza,"Shalom Shabazi St 37, Elyakhin, Israel",ChIJwdhW0L4THRURUc71ZkY5wYQ,הפיצה של שרון - Sharon's Pizza,iw,"שלום שבזי 37, אליכין","שלום שבזי 37, אליכין",yes,הפיצה של שרון - Sharon's Pizza,iw,"Shalom Shabazi St 37, Elyakhin","Shalom Shabazi 37, Elyachin",no
5896,גונס פאב-בר,"שד' ברוך בוארון 6, גבעת אולגה, חדרה, Israel",גונס חדרה / GOONS pizza & beer,"Baruch Bu'aron Blvd 6, Hadera, Israel",ChIJ2T48jqwTHRURgAQG56o5LTY,גונס חדרה / GOONS pizza & beer,iw,"שדרות ברוך בוארון 6, חדרה","שדרות ברוך בוארון 6, חדרה",yes,גונס חדרה / GOONS pizza & beer,iw,"Baruch Bu'aron Blvd 6, Hadera","Sderot Baruch Bu'aron 6, Hadera",no
5897,בומבה בורגר,"סוקולוב 58, הרצליה, Israel",Bomba Burger,"Sokolov St 41, Herzliya, Israel",ChIJ08BxZQlIHRURch92RksodvE,בומבה בורגר,iw,"סוקולוב 41, הרצליה","סוקולוב 41, הרצליה",yes,Bomba Burger,en,"Sokolov St 41, Herzliya","Sokolov 41, Hertsliya",no
5901,שניצל אילה הממלכה,"הרצל 60, קניון השרון, נתניה, Israel",הממלכה שניצל איילה,"4239222, Herzl St 60, Netanya, Israel",ChIJK2WV0HprHRURGf_3w65AxZM,הממלכה שניצל איילה,iw,"4239222, Herzl St 60, Netanya","4239222, הרצל 60, נתניה",no,הממלכה שניצל איילה,iw,"4239222, Herzl St 60, Netanya","4239222, Herzl 60, Netanya",no
5906,הטאבון של חיים,"דרך רמתיים 86, הוד השרון, Israel",Taboon of life,"Ramatayim Road 86, Hod HaSharon, Israel",ChIJp2Hk8yc4HRUR-lZB7slkwbg,הטאבון של חיים,iw,"דרך רמתיים 86, הוד השרון","דרך רמתיים 86, הוד השרון",yes,Taboon of life,en,"Ramatayim Road 86, Hod HaSharon","Ramatayim Road 86, Hod HaSharon",no
5908,השניצליה של תומר,"הרברט סמואל 97, חדרה, Israel",השניצל של תומר,"Herbert Samuel St 97, Hadera, 3813402, Israel",ChIJ2y2xE0YSHRUREh2P9781W5E,השניצל של תומר,iw,"הרברט סמואל 97, חדרה, 3813402","הרברט סמואל 97, חדרה",yes,השניצל של תומר,iw,"Herbert Samuel St 97, Hadera, 3813402","Herbert Samuel 97, Hadera",no
5910,בי בריא,"כפר הס, Israel",בי בריא,"Kfar Hess, Israel",ChIJX_srRJE-HRURRlt-91M1e0s,בי בריא,iw,כפר הס,כפר הס,yes,בי בריא,iw,Kfar Hess,Kfar Hess,no
5911,פבי'וס פיצה,"ויצמן 186, כפר סבא, Israel",Fabio's Pizza,"Weizmann St 186, Kefar Sava, 4439233, Israel",ChIJMTbqGLo5HRURd08UbtbR-Lw,פביוס פיצה,iw,"ויצמן 186, כפר סבא, 4439233","ויצמן 186, כפר סבא",yes,Fabio's Pizza,en,"Weizmann St 186, Kefar Sava, 4439233","Weizmann 186, Kfar Saba",no
5914,"""פרוג'ינו""","הרצל 4, נתניה, Israel",Perugino,"Dizengoff St 30, Netanya, Israel",ChIJw0NeX6hqHRURWnAYAM0XoIU,פרוג'ינו חנות המפעל-Perugino factory,iw,"דיזנגוף 30, נתניה","דיזנגוף 30, נתניה",yes,Perugino,en,"Dizengoff St 30, Netanya","Dizengoff 30, Netanya",no
5916,קייטרינג מזרחי,"פנקס דוד 14, נתניה, Israel",קייטרינג מזרחי,"David Pinkas St 14, Netanya, Israel",ChIJWW05D1gVHRURksRaTwTwtp4,קייטרינג מזרחי,iw,"דוד פנקס 14, נתניה","דוד פנקס 14, נתניה",yes,קייטרינג מזרחי,iw,"David Pinkas St 14, Netanya","David Pinkas 14, Netanya",no
5921,הולי בייגל,"אחוזה 158, רעננה, Israel",Holy Bagel,"Ahuza St 158, Ra'anana, Israel",ChIJhVcO6gw4HRURQX5Roelbzyc,הולי בייגל,iw,"אחוזה 158, רעננה","אחוזה 158, רעננה",yes,Holy Bagel,en,"Ahuza St 158, Ra'anana","Ahuza 158, Ra'anana",no
5923,פיצה בריבוע,"גולומב 1, נתניה, Israel",פיצה בריבוע,"Moshe Shapira St 53, Netanya, Israel",ChIJpTCtQkwVHRUR9F2S_uufigI,פיצה בריבוע,iw,"משה שפירא 53, נתניה","משה שפירא 53, נתניה",yes,פיצה בריבוע,en,"Moshe Shapira St 53, Netanya","Moshe Shapira 53, Netanya",no
5925,ברד אנד ברקפסט,"ז'בוטינסקי 3, מרכז גירון, רעננה, Israel",ברד אנד ברקפסט Bread & Breakfast,"מרכז גירון, Jabotinsky 3, Ra'anana, Israel",ChIJk-ovmhI4HRURC1-Mr70MzH0,ברד אנד ברקפסט,iw,"מרכז גירון, ז'בוטינסקי 3, רעננה","מרכז גירון, ז'בוטינסקי 3, רעננה",yes,ברד אנד ברקפסט Bread & Breakfast,en,"מרכז גירון, Jabotinsky 3, Ra'anana","מרכז גירון, Jabotinsky 3, Ra'anana",yes
5927,שולחן דוד,"שד' עובד בן עמי 10, נתניה, Israel",שולחן דוד,"Sderot Oved Ben Ami 10, Netanya, Israel",ChIJY1_PiilBHRURADG2veguzq0,שולחן דוד,en,"שדרות עובד בן עמי 10, נתניה","שדרות עובד בן עמי 10, נתניה",yes,שולחן דוד,en,"Sderot Oved Ben Ami 10, Netanya","Sderot Oved Ben Ami 10, Netanya",no
5928,חמסה חומוס,"המייסדים 48, פרדס חנה-כרכור, Israel",חמסה חומוס כרכור,"Ha-Meyasdim St 48, Pardes Hanna-Karkur, Israel",ChIJe_7tclIOHRURPJxJk_HIAEA,חמסה חומוס כרכור,iw,"המייסדים 48, פרדס חנה כרכור","המייסדים 48, פרדס חנה כרכור",yes,חמסה חומוס כרכור,iw,"Ha-Meyasdim St 48, Pardes Hanna-Karkur","Ha-Meyasdim 48, Pardes Hana-Karkur",no
5931,קרייזי פיצה החדש נתניה,"וינר נחמה 9, נתניה, Israel",קרייזי פיצה דורה נתניה,"Nehama Wiener St 9, Netanya, 4245403, Israel",ChIJeVYNS7xBHRUR_MchjkQ7Sy4,קרייזי פיצה דורה נתניה,iw,"נחמה וינר 9, נתניה, 4245403","נחמה וינר 9, נתניה",yes,קרייזי פיצה דורה נתניה,iw,"Nehama Wiener St 9, Netanya, 4245403","Nehama Wiener 9, Netanya",no
5933,סאגה בר,"פרופסור דן שכטמן 10, חדרה, Israel",Saga bar - מול החוף וילג',"שכטמן 10, Hadera, 38000, Israel",ChIJ-SKT4b8THRUR2Dj5bpFgwUo,Saga bar - מול החוף וילג',iw,"שכטמן 10, חדרה, 38000","שכטמן 10, חדרה",yes,Saga bar - מול החוף וילג',iw,"שכטמן 10, Hadera, 38000","שכטמן 10, Hadera",yes
5936,רובן Ruben חדרה,"פרופסור דן שכטמן 10, חדרה, Israel",Ruben,"דן שכטמן 10, Hadera, Israel",ChIJ57OOTksTHRUR0dAZmzva8KQ,חדרה Ruben - מול החוף וילג' כשר,iw,"דן שכטמן 10, חדרה","דן שכטמן 10, חדרה",yes,Ruben,en,"דן שכטמן 10, Hadera","דן שכטמן 10, Hadera",yes
5938,Big Ben Pizza חדרה,"התנאים 1, חדרה, Israel",פיצה ביג בן חדרה,"HaTana'im St 1, Hadera, 3832301, Israel",ChIJc6mbvAITHRURyQtrMuoaKhM,פיצה ביג בן חדרה,iw,"התנאים 1, חדרה, 3832301","התנאים 1, חדרה",yes,פיצה ביג בן חדרה,iw,"HaTana'im St 1, Hadera, 3832301","HaTana'im 1, Hadera",no
5939,פיצה זיגי מאשרום,"ירושלים 52, כפר סבא, Israel",פיצה זיגי-מאשרום כשר מהדרין,"Jerusalem St 52, Kefar Sava, Israel",ChIJx8Z2K7M5HRURWB0PogEZBX0,פיצה זיגי-מאשרום כשר מהדרין,iw,"ירושלים 52, כפר סבא","ירושלים 52, כפר סבא",yes,פיצה זיגי-מאשרום כשר מהדרין,iw,"Jerusalem St 52, Kefar Sava","Jerusalem 52, Kfar Saba",no
5940,סודוקו ביסטרו בר,"סוקולוב 41, הרצליה, Israel",Soduko,"Sokolov St 41, Herzliya, Israel",ChIJsaWpnQtIHRURs_Bgl8fU_zY,סודוקו,iw,"סוקולוב 41, הרצליה","סוקולוב 41, הרצליה",yes,Soduko,en,"Sokolov St 41, Herzliya","Sokolov 41, Hertsliya",no
5942,מאפיית המשפחה,"האומן 17, חדרה, Israel","מאפיית המשפחה, חדרה","HaUman St 17, Hadera, 3810101, Israel",ChIJ0RZp9V0SHRURPLTd5c-jLp0,"מאפיית המשפחה, חדרה",iw,"האומן 17, חדרה, 3810101","האומן 17, חדרה",yes,"מאפיית המשפחה, חדרה",iw,"HaUman St 17, Hadera, 3810101","HaUman 17, Hadera",no
5950,שף על האש,"אחד העם 14, נתניה, Israel",Chef on Fire,"Akhad ha-Am St 14, Netanya, Israel",ChIJVVVVVapqHRUR6-n2VtFvBYk,שף על האש,iw,"אחד העם 14, נתניה","אחד העם 14, נתניה",yes,Chef on Fire,en,"Akhad ha-Am St 14, Netanya","Ahad Ha'Am 14, Netanya",no
5953,הפלאפל של טובה,"פנקס דוד 14, נתניה, Israel",Falafel Tova,"David Pinkas St 14, Netanya, Israel",ChIJ1XXAkwRAHRURrFEKUCIutxM,פלאפל טובה בתעשייה,iw,"דוד פנקס 14, נתניה","דוד פנקס 14, נתניה",yes,Falafel Tova,en,"David Pinkas St 14, Netanya","David Pinkas 14, Netanya",no
5957,פיצה פאי הוד השרון,"חנקין 10, הוד השרון, Israel",Pizza Pie,"Hankin St 10, Hod Hasharon, Israel",ChIJITp4Gy04HRURDw3qG6OXytE,פיצה פאי הוד השרון,iw,"חנקין 10, הוד השרון","חנקין 10, הוד השרון",yes,Pizza Pie,en,"Hankin St 10, Hod Hasharon","Hankin 10, Hod HaSharon",no
5962,חאליסי,"הבונים 24, נתניה, Israel",חאליסי,"Ha-Bonim St 24, Netanya, Israel",ChIJsYB0BX4_HRUR2mqShnhGIyE,חאליסי,iw,"הבונים 24, נתניה","הבונים 24, נתניה",yes,חאליסי,iw,"Ha-Bonim St 24, Netanya","HaBonim 24, Netanya",no
5966,בוארון בשרים על האש,"הס משה 1, נתניה, Israel",בוארון בשרים על האש,"Moshe Hess St 1, Netanya, Israel",ChIJ8biK46pqHRURRQpNElVFq-o,בוארון בשרים על האש,iw,"משה הס 1, נתניה","משה הס 1, נתניה",yes,בוארון בשרים על האש,iw,"Moshe Hess St 1, Netanya","Moshe Hess 1, Netanya",no
5967,פורטו בלה פיצה ירחיב,"ירחיב, Israel",Porto Bella Pizza,"68, Yarhiv, 45860, Israel",ChIJ4TUXdAc7HRURsRwu6bfqpvU,פיצה פורטו בלה ירחיב,iw,"68, ירחיב, 45860",ירחיב,yes,Porto Bella Pizza,en,"68, Yarhiv, 45860",Yarhiv,no
5969,פלאפל בוריקה-רסקו,"אריה רגב 11, נתניה, Israel",פלאפל בוריקה רסקו,"Arieh Regev St 11, Netanya, Israel",ChIJlxHuMX4_HRUR5pw1oZXpfcw,פלאפל בוריקה רסקו,iw,"אריה רגב 11, נתניה","אריה רגב 11, נתניה",yes,פלאפל בוריקה רסקו,iw,"Arieh Regev St 11, Netanya","Arieh Regev 11, Netanya",no
5970,יגאל קבב,"מבצע עזרא 1, חדרה, Israel",Yigal kebab,"Mivtsa Ezra St, Hadera, Israel",ChIJG54K-x8THRURb8eubJVwP7A,יגאל קבב,iw,"מבצע עזרא, חדרה","מבצע עזרא, חדרה",yes,Yigal kebab,en,"Mivtsa Ezra St, Hadera","Mivtsa Ezra, Hadera",no
5975,אלה פטיסרי,"דרך נחל אלכסנדר 5, פארק תעשיות עמק חפר, Israel",Ella Patisserie,"א.ת. עמק חפר דרך נחל אלכסנדר 5, Israel",ChIJC8yrVnoTHRURZCqH_Qpcowo,אלה פטיסרי,iw,א.ת. עמק חפר דרך נחל אלכסנדר 5,א.ת. עמק חפר דרך נחל אלכסנדר 5,yes,Ella Patisserie,en,א.ת. עמק חפר דרך נחל אלכסנדר 5,א.ת. עמק חפר דרך נחל אלכסנדר 5,yes
5977,אושי אושי כפר סבא,"רפפורט 3, כפר סבא, Israel",Oshi Oshi Kfar Saba (sushi Bar),"קניון כפר סבא הירוקה, Rapaport 3, Kfar Saba, Israel",ChIJfW-laVk4HRURhgkPM-sRZho,אושי אושי כפר סבא,iw,"קניון כפר סבא הירוקה, רפפורט 3, כפר סבא","קניון כפר סבא הירוקה, רפפורט 3, כפר סבא",yes,Oshi Oshi Kfar Saba (sushi Bar),en,"קניון כפר סבא הירוקה, Rapaport 3, Kfar Saba","קניון כפר סבא הירוקה, Rapaport 3, Kfar Saba",yes
5978,הרש'יס פיצה,"דברי חיים 20, נתניה, Israel",הרשי'ס פיצה,"Divrei Khayim St 20, Netanya, Israel",ChIJ0X5z_LVqHRURGUw1yMjVl98,הרשי'ס פיצה,iw,"דברי חיים 20, נתניה","דברי חיים 20, נתניה",yes,הרשי'ס פיצה,iw,"Divrei Khayim St 20, Netanya","Divrei Hayim 20, Netanya",no
5979,אושי אושי הוד השרון,"ז'בוטינסקי 3, קניון הוד השרון, Israel",Oshi Oshi,"Jabotinski St 3, Hod Hasharon, Israel",ChIJv3uEC5E3HRUR82XUrtxXmwc,אושי אושי- הוד השרון,iw,"ז'בוטינסקי 3, הוד השרון","ז'בוטינסקי 3, הוד השרון",yes,Oshi Oshi,en,"Jabotinski St 3, Hod Hasharon","Jabotinsky 3, Hod HaSharon",no
5980,מאפה דה פריז,"משכית 15, הרצליה פיתוח, Israel",Cafe de Paris,"Maskit St 15, Herzliya, Israel",ChIJ7aT0aYxIHRURJD97ef7tMmQ,קפה דה פריז,iw,"משכית 15, הרצליה","משכית 15, הרצליה",yes,Cafe de Paris,en,"Maskit St 15, Herzliya","Maskit 15, Hertsliya",no
5981,המסעדה של ג'ימי,"שבטי ישראל 102, רמת השרון, Israel",ג'ימי הגדול,"Shivtei Israel St 102, Ramat Hasharon, Israel",ChIJbZippnRJHRURwWzWmmvfTwc,ג'ימי הגדול,iw,"שבטי ישראל 102, רמת השרון","שבטי ישראל 102, רמת השרון",yes,ג'ימי הגדול,iw,"Shivtei Israel St 102, Ramat Hasharon","Shivtei Israel 102, Ramat HaSharon",no
5984,בוא נאכל,"וינגייט 42, הרצליה פיתוח, Israel",בוא נאכל,"Wingate St 42, Herzliya, 4675238, Israel",ChIJ3VosjJxIHRUR9CVo1SEWTg8,בוא נאכל,iw,"וינגייט 42, הרצליה, 4675238","וינגייט 42, הרצליה",yes,בוא נאכל,iw,"Wingate St 42, Herzliya, 4675238","Wingate 42, Hertsliya",no
5985,הטאבון בון בון,"דרך רמתיים 90, הוד השרון, Israel",Hataboon Bon Bon,"Ramatayim Road 90, Hod HaSharon, Israel",ChIJ8bUeUjg4HRURlqSNcCSgpCg,הטאבון בון בון,iw,"דרך רמתיים 90, הוד השרון","דרך רמתיים 90, הוד השרון",yes,Hataboon Bon Bon,en,"Ramatayim Road 90, Hod HaSharon","Ramatayim Road 90, Hod HaSharon",no
5986,חומוס מורי,"הרצל 19, נתניה, Israel",חומוס מורי,"Herzl St 19, Netanya, Israel",ChIJBQNzdqlqHRURuGT1oNgHk4E,חומוס מורי,iw,"הרצל 19, נתניה","הרצל 19, נתניה",yes,חומוס מורי,en,"Herzl St 19, Netanya","Herzl 19, Netanya",no
5990,הכרם אירועים,"גד מכנס 6, נתניה, Israel",הכרם - אירועים מול הים,"Gad Machnes St 6, Netanya, Israel",ChIJC2nDlKdqHRUR6IMN0cTevD4,הכרם - אירועים מול הים,en,"גד מכנס 6, נתניה","גד מכנס 6, נתניה",yes,הכרם - אירועים מול הים,en,"Gad Machnes St 6, Netanya","Gad Machnes 6, Netanya",no
5991,שלושת הקצבים,"ברקת ראובן 16, נתניה, Israel",Three butchers,"Reuven Barkat St 16, Netanya, Israel",ChIJVZ3ZQ6tqHRUROhO1Gx8LgTY,בוארון (שלושת הקצבים),iw,"ראובן ברקת 16, נתניה","ראובן ברקת 16, נתניה",yes,Three butchers,en,"Reuven Barkat St 16, Netanya","Reuven Barkat 16, Netanya",no
5997,פיצה נאפולי,"ברל כצנלסון 23, הרצליה, Israel",Napoli Pizza,"Berel Katzenelson St 23, Herzliya, 4629012, Israel",ChIJkdU9C_5HHRURooTGYWAEpPY,פיצה נאפולי,iw,"רחוב ברל כצנלסון 23, הרצליה, 4629012","רחוב ברל כצנלסון 23, הרצליה",yes,Napoli Pizza,en,"Berel Katzenelson St 23, Herzliya, 4629012","Berl Katsnelson 23, Hertsliya",no
5999,שניצל קומפני,"המנופים 9, הרצליה פיתוח, Israel",Schnitzel Company Herzliya,"Ha-Menofim St 9, Herzliya, Israel",ChIJUeK-h_JIHRURLjjUTOqubqM,שניצל קומפני הרצליה,iw,"המנופים 9, הרצליה","המנופים 9, הרצליה",yes,Schnitzel Company Herzliya,en,"Ha-Menofim St 9, Herzliya","HaMenofim 9, Hertsliya",no
6001,שניצל 20 טעמים,"דרך רמתיים 65, הוד השרון, Israel",שניצלג׳ון,"Ramatayim Road 65, Hod HaSharon, 4532414, Israel",ChIJnYghJCc5HRURekeQZb92FSk,שניצלג׳ון,iw,"דרך רמתיים 65, הוד השרון, 4532414","דרך רמתיים 65, הוד השרון",yes,שניצלג׳ון,iw,"Ramatayim Road 65, Hod HaSharon, 4532414","Ramatayim Road 65, Hod HaSharon",no
6003,Roof Top,"התדהר 2, אזור תעשייה רעננה, Israel",רופטופ רעננה | Rooftop Sky Restaurant & Bar,"Hotel Prima Millennium, HaTidhar 2, Ra'anana, Israel",ChIJw9lc53s5HRURK6DzSNU6ERY,רופטופ בר,iw,"Hotel Prima Millennium, התדהר 2, רעננה","Hotel Prima Millennium, התדהר 2, רעננה",yes,רופטופ רעננה | Rooftop Sky Restaurant & Bar,en,"Hotel Prima Millennium, HaTidhar 2, Ra'anana","Hotel Prima Millennium, HaTidhar 2, Ra'anana",no
6004,סביח השרון,"ויצמן 43, כפר סבא, Israel",סביח השרון,"Weizmann St 43, Kefar Sava, Israel",ChIJkz0lWUk4HRURcdyF_SFBf9g,סביח השרון,iw,"ויצמן 43, כפר סבא","ויצמן 43, כפר סבא",yes,סביח השרון,iw,"Weizmann St 43, Kefar Sava","Weizmann 43, Kfar Saba",no
6007,קצוצה,"שער הגיא 5, נתניה, Israel",קצוצה בר סלטים,"Sha'ar HaGai St 5, Netanya, Israel",ChIJxdUj4FRrHRURQdrGiCmLsY0,קצוצה בר סלטים,iw,"שער הגיא 5, נתניה","שער הגיא 5, נתניה",yes,קצוצה בר סלטים,iw,"Sha'ar HaGai St 5, Netanya","Sha'ar HaGai 5, Netanya",no
6011,הרואה בקפה,"כפר הרא""ה, Israel",Haroeh be-cafe,"Shivtei Israel St 1, Kfar Haroeh, 38955, Israel",ChIJNfNs34ATHRURV-ZEy41SHKA,הרואה בקפה,iw,"שבטי ישראל 1, כפר הרא""ה, 38955","שבטי ישראל 1, כפר הרא""ה",yes,Haroeh be-cafe,en,"Shivtei Israel St 1, Kfar Haroeh, 38955","Shivtei Israel 1, Kfar HaRo'e",no
6017,שניצל באני,"שכטרמן 21, נתניה, Israel",Restaurant Bunny,"Shechterman Tzvi St 17-21, Netanya, Israel",ChIJz4JholgVHRURUs_xDuVCOyk,מסעדת באני,iw,"צבי שכטרמן 17-21, נתניה","צבי שכטרמן 17-21, נתניה",yes,Restaurant Bunny,en,"Shechterman Tzvi St 17-21, Netanya","Shechterman Tzvi 17-21, Netanya",no
6020,שימיס חדרה,"פרופסור דן שכטמן 10, חדרה, Israel",שימיס סמאש בורגר - Shimmy’s smash burger,"שכטמן 10, חדרה, Israel",ChIJq6rY1hQTHRURfONItjqQh5U,שימיס סמאש בורגר - Shimmy’s smash burger,iw,"שכטמן 10, חדרה","שכטמן 10, חדרה",yes,שימיס סמאש בורגר - Shimmy’s smash burger,iw,"שכטמן 10, חדרה","שכטמן 10, Hadera",yes
6027,בן עמי,"המנופים 11, הרצליה פיתוח, Israel",Ben Ami,"Ha-Menofim St 11, Herzliya, Israel",ChIJbVT3ifJIHRURl_CNo5ok7zs,בן עמי,iw,"המנופים 11, הרצליה","המנופים 11, הרצליה",yes,Ben Ami,en,"Ha-Menofim St 11, Herzliya","HaMenofim 11, Hertsliya",no
6031,פיצה רוסטו,"האילנות 35, הרצליה, Israel",Pizza Rosto,"Ha-Ilanot St 35, Herzliya, Israel",ChIJ-dv8YuZHHRURao5K_T92WtQ,פיצה רוסטו,iw,"האילנות 35, הרצליה","האילנות 35, הרצליה",yes,Pizza Rosto,en,"Ha-Ilanot St 35, Herzliya","Hailanot 35, Hertsliya",no
6032,פאפאגאיו,"השונית 2, מרינה הרצליה, Israel",Papagaio,"Ha-Shunit St 2, Herzliya, 4655502, Israel",ChIJmUjw8upIHRURhDaCiwKSdSU,פאפאגאיו הרצליה,iw,"השונית 2, הרצליה, 4655502","השונית 2, הרצליה",yes,Papagaio,en,"Ha-Shunit St 2, Herzliya, 4655502","HaShunit 2, Hertsliya",no
6036,פינת הפיצה,"בארי 76, נתניה, Israel",פינת הפיצה,"Be'eri St 76, Netanya, Israel",ChIJCTZGIJMVHRUR0hD6ro-j_JI,פינת הפיצה,iw,"בארי 76, נתניה","בארי 76, נתניה",yes,פינת הפיצה,iw,"Be'eri St 76, Netanya","Be'eri 76, Netanya",no
6038,סמבוסלה חדרה,"הנשיא וייצמן 48, קניון לב חדרה, Israel",סמבוסלה,"HaNassi St 46, Hadera, Israel",ChIJW0l0E0QSHRURbHJLcH2_3e0,סמבוסלה,iw,"הנשיא 46, חדרה","הנשיא 46, חדרה",yes,סמבוסלה,iw,"HaNassi St 46, Hadera","HaNassi 46, Hadera",no
6039,אחלה,"יוחנן הסנדלר 19, כפר סבא, Israel",Achla,"Yohanan HaSandlar St 19, Kefar Sava, Israel",ChIJhUViMJg5HRURKk6nIDMHycQ,מסעדת אחלה,iw,"יוחנן הסנדלר 19, כפר סבא","יוחנן הסנדלר 19, כפר סבא",yes,Achla,en,"Yohanan HaSandlar St 19, Kefar Sava","Yohanan HaSandlar 19, Kfar Saba",no
6041,דודינקה,"סוקולוב 49, רמת השרון, Israel",דודינקה - בית קפה מעדנייה,"Sokolov St 49, Ramat Hasharon, Israel",ChIJ55v6mk1JHRURWgQHPfGCD28,דודינקה - בית קפה מעדנייה,iw,"סוקולוב 49, רמת השרון","סוקולוב 49, רמת השרון",yes,דודינקה - בית קפה מעדנייה,iw,"Sokolov St 49, Ramat Hasharon","Sokolov 49, Ramat HaSharon",no
6048,אלונזו פיצה,"ככר העצמאות 13, נתניה, Israel",אלונזו | Alonzo,"Kikar HaAtsmaut 13, Netanya, Israel",ChIJucBQiqhqHRURMkp92ZLJ7YE,אלונזו,iw,"כיכר העצמאות 13, נתניה","כיכר העצמאות 13, נתניה",yes,אלונזו | Alonzo,en,"Kikar HaAtsmaut 13, Netanya","Kikar HaAtsmaut 13, Netanya",no
6052,"מאפיית ברנולי בע""מ","שיזף 10, אבן יהודה, Israel",Barnully Bakery,"Sheizaf St 10, Even Yehuda, 4052440, Israel",ChIJo0ZJjKY_HRURgmrlUjds424,"מאפיית ברנולי בע""מ",iw,"שיזף 10, אבן יהודה, 4052440","שיזף 10, אבן יהודה",yes,Barnully Bakery,en,"Sheizaf St 10, Even Yehuda, 4052440","Sheizaf 10, Even Yehuda",no
6053,בלה וצ'ארלי,"אלומים 9, תנובות, Israel",Bella and Charlie,"Alumim St 9, Tnuvot, Israel",ChIJ-X0s2jcXHRURCQNoeX72UpE,בלה וצ׳ארלי,iw,"אלומים 9, תנובות","אלומים 9, תנובות",yes,Bella and Charlie,en,"Alumim St 9, Tnuvot","Alumim 9, Tnuvot",no
6055,שף הכפר,"קרן היסוד 19, כפר שמריהו, Israel",שף הכפר,"Keren ha-Yesod St 19, Kfar Shmaryahu, Israel",ChIJ5-KgEdNHHRURbF9ju0niVxc,שף הכפר,iw,"קרן היסוד 19, כפר שמריהו","קרן היסוד 19, כפר שמריהו",yes,שף הכפר,iw,"Keren ha-Yesod St 19, Kfar Shmaryahu","Keren HaYesod 19, Kfar Shmaryahu",no
6056,סנטיאגו כפר יונה,"העליה 33, כפר יונה, Israel",Santiago,"HaAliya St 33, Kfar Yona, Israel",ChIJ45ebKpMVHRURVU4qtqAWtvQ,סנטיאגו,iw,"העלייה 33, כפר יונה","העלייה 33, כפר יונה",yes,Santiago,en,"HaAliya St 33, Kfar Yona","HaAliya 33, Kfar Yona",no
6065,רולדין,"משכית 35, הרצליה פיתוח, Israel",Roladin,"Maskit St 35, Herzliya, Israel",ChIJiSRjKY1IHRURbxtQibrv-nQ,רולדין,iw,"משכית 35, הרצליה","משכית 35, הרצליה",yes,Roladin,en,"Maskit St 35, Herzliya","Maskit 35, Hertsliya",no
6067,שווארמה בכיכר,"הידידות 11, הוד השרון, Israel",Square Shawarma,"Ha-Yedidut St 11, Hod Hasharon, 4529711, Israel",ChIJMaw5yS04HRURMqXVWdnJ6JM,שווארמה בכיכר,iw,"הידידות 11, הוד השרון, 4529711","הידידות 11, הוד השרון",yes,Square Shawarma,en,"Ha-Yedidut St 11, Hod Hasharon, 4529711","HaYedidut 11, Hod HaSharon",no
6071,צ'צ'ו,"גיבורי ישראל 17, יכין סנטר נתניה, נתניה, Israel",Chacho צ'צ'ו מסעדה טריפוליטאית,"Sderot Giborei Israel 17, Netanya, 4250417, Israel",ChIJBWuhzYFAHRUR2eXUJcqtbS8,Чичо - Полег,iw,"שדרות גיבורי ישראל 17, נתניה, 4250417","שדרות גיבורי ישראל 17, נתניה",yes,Chacho צ'צ'ו מסעדה טריפוליטאית,en,"Sderot Giborei Israel 17, Netanya, 4250417","Sderot Giborei Israel 17, Netanya",no
6072,הבאגט שלי,"הדקלים 125, פרדס חנה-כרכור, Israel",הבגט של אשר - סניף פרדס חנה,"Ha-Dkalim St 125, Pardes Hanna-Karkur, Israel",ChIJjS7CMmgOHRURf5XrRjEjId0,הבגט של אשר - סניף פרדס חנה,iw,"הדקלים 125, פרדס חנה כרכור","הדקלים 125, פרדס חנה כרכור",yes,הבגט של אשר - סניף פרדס חנה,iw,"Ha-Dkalim St 125, Pardes Hanna-Karkur","HaDkalim 125, Pardes Hana-Karkur",no
6076,הרצל,"הרצל 23, חדרה, Israel",Herzl St 23,"Herzl St 23, Hadera, 3820421, Israel",ChIJQ73X908SHRUREsenqhWp9rM,הרצל 23,,"הרצל 23, חדרה, 3820421","הרצל 23, חדרה",yes,Herzl St 23,,"Herzl St 23, Hadera, 3820421","Hertsel 23, Hadera",no
6078,קפה אחוזה בונז'ור,"אחוזה 111, רעננה, Israel",Café Ahuza,"Ahuza St 111, Ra'anana, Israel",ChIJz78UxBI4HRURgESwkP4tHnM,קפה אחוזה (בונזור),iw,"אחוזה 111, רעננה","אחוזה 111, רעננה",yes,Café Ahuza,en,"Ahuza St 111, Ra'anana","Ahuza 111, Ra'anana",no
6079,שווארמה פונדק הים של תמי,"לבון פנחס 30, נתניה, Israel",Sea Inn,"Sderot Pinhas Lavon 30, Netanya, Israel",ChIJwbsxvoVAHRUReYdh92PCPQ0,שווארמה פונדק הים בשכונה,iw,"שדרות פנחס לבון 30, נתניה","שדרות פנחס לבון 30, נתניה",yes,Sea Inn,en,"Sderot Pinhas Lavon 30, Netanya","Sderot Pinhas Lavon 30, Netanya",no
6082,פיצה אנג'ל,"רבי עקיבא 2, הרצליה, Israel",Angel Pizza,"Rabi Akiva St 2, Herzliya, 46423, Israel",ChIJw5blBBVIHRURJ7Cto34Dq8U,פיצה אנג'ל,iw,"רבי עקיבא 2, הרצליה, 46423","רבי עקיבא 2, הרצליה",yes,Angel Pizza,en,"Rabi Akiva St 2, Herzliya, 46423","Rabbi Akiva 2, Hertsliya",no
6087,פיתה בשרים על האש,"שד' ויצמן 11, נתניה, Israel",פיתה בשרים על האש,"Sderot Hayim Weizman 11, Netanya, Israel",ChIJp_gWlKtqHRURqNmZsFkmf8E,פיתה בשרים על האש,iw,"שדרות חיים וייצמן 11, נתניה","שדרות חיים וייצמן 11, נתניה",yes,פיתה בשרים על האש,iw,"Sderot Hayim Weizman 11, Netanya","Sderot Hayim Weizman 11, Netanya",no
6091,ליב,"משכית 32, הרצליה פיתוח, Israel",Liv.,"Maskit St 32, Herzliya, Israel",ChIJ54JoKY1IHRURex4NVurZv7I,Liv.,en,"משכית 32, הרצליה","משכית 32, הרצליה",yes,Liv.,en,"Maskit St 32, Herzliya","Maskit 32, Hertsliya",no
6092,ביר בשר,"גבעת חיים איחוד, Israel",בירבשר,"מתחם לב הפרדס, גבעת חיים איחוד, Israel",ChIJyR6mMhETHRUR3p751lNCH5I,בירבשר,iw,"מתחם לב הפרדס, גבעת חיים איחוד","מתחם לב הפרדס, גבעת חיים איחוד",yes,בירבשר,iw,"מתחם לב הפרדס, גבעת חיים איחוד","מתחם לב הפרדס, Giv'at Haim Ihud",yes
6094,הבישולים של ערן,"הקדר 30, נתניה, Israel",הבישולים של ערן,"HaKadar St 22, Netanya, Israel",ChIJ1wd2AjwVHRURx3JYyKRGc7c,הבישולים של ערן,iw,"הקדר 22, נתניה","הקדר 22, נתניה",yes,הבישולים של ערן,iw,"HaKadar St 22, Netanya","HaKadar 22, Netanya",no
6096,קפה ניצה,"שד' ניצה 8, נתניה, Israel",Cafe Nitza,"Nitsa Blvd 8, Netanya, Israel",ChIJ2aDQ8a9qHRURXkrEOVNsVIQ,קפה ניצה,iw,"שדרות ניצה 8, נתניה","שדרות ניצה 8, נתניה",yes,Cafe Nitza,en,"Nitsa Blvd 8, Netanya","Sderot Nitsa 8, Netanya",no
6097,לאנץ' בפיתה,"דרך השרון 5, קניון הצומת, כפר סבא, Israel",Lunch In A Pita,"Derech HaSharon 5, Kfar Saba, Israel",ChIJXzzq7jg4HRURRbUqpeu8bJs,לאנץ' בפיתה,iw,"דרך השרון 5, כפר סבא","דרך השרון 5, כפר סבא",yes,Lunch In A Pita,en,"Derech HaSharon 5, Kfar Saba","Derech HaSharon 5, Kfar Saba",no
6099,בורגרים,"משכית 32, הרצליה פיתוח, Israel",Burgerim,"Maskit St 32, Herzliya, Israel",ChIJpXHZLo1IHRURqSKj6H5zfGc,בורגרים הרצליה- כשר בדץ,iw,"משכית 32, הרצליה","משכית 32, הרצליה",yes,Burgerim,en,"Maskit St 32, Herzliya","Maskit 32, Hertsliya",no
6102,פיצה שעורה,"גאולה 18, רעננה, Israel",פיצה שעורה,"Ge'ula St 18, Ra'anana, Israel",ChIJHdhDJo9HHRURvNY9DYBYatI,פיצה שעורה,iw,"גאולה 18, רעננה","גאולה 18, רעננה",yes,פיצה שעורה,iw,"Ge'ula St 18, Ra'anana","Ge'ula 18, Ra'anana",no
6103,פסטריה,"אחוזה 184, רעננה, Israel",Pastaria Pasta Bar,"Ahuza St 184, Ra'anana, Israel",ChIJFZc5aws4HRURNEZKzrxu0oU,פסטריה,iw,"אחוזה 184, רעננה","אחוזה 184, רעננה",yes,Pastaria Pasta Bar,en,"Ahuza St 184, Ra'anana","Ahuza 184, Ra'anana",no
6105,מאפיית אליס,"משכית 32, הרצליה פיתוח, Israel",Elis,"Maskit St 32, Herzliya, Israel",ChIJ-5NlKY1IHRURlLcR6vvoutM,פרנץ מאפיה - Franz Bakery,iw,"משכית 32, הרצליה","משכית 32, הרצליה",yes,Elis,en,"Maskit St 32, Herzliya","Maskit 32, Hertsliya",no
6107,קפה כרכור,"המייסדים 54, פרדס חנה-כרכור, Israel",Coffee Karkur,"Ha-Meyasdim St 54, Pardes Hanna-Karkur, Israel",ChIJOcGXP1IOHRUR1lcMYL8YQb8,טבע כרכור,iw,"המייסדים 54, פרדס חנה כרכור","המייסדים 54, פרדס חנה כרכור",yes,Coffee Karkur,en,"Ha-Meyasdim St 54, Pardes Hanna-Karkur","Ha-Meyasdim 54, Pardes Hana-Karkur",no
6108,פיצה דו רה מי,"הדס 39, מתן, Israel",פיצה דו רה מי,"Hadas St 41, Matan, Israel",ChIJhcVc7Uc6HRURn0iGnTGu6vQ,פיצה דו רה מי,iw,"הדס 41, מתן","הדס 41, מתן",yes,פיצה דו רה מי,iw,"Hadas St 41, Matan","Hadas 41, Matan",no
6109,גזוז,"המעלה 17, פרדס חנה-כרכור, Israel",Gazoz Falafel EretzIsraeli,"HaMa'ale St 17, Pardes Hanna-Karkur, Israel",ChIJX8SuHmoOHRURX_-x3qhIoz4,גזוז פלאפל ארץ ישראלי,iw,"המעלה 17, פרדס חנה כרכור","המעלה 17, פרדס חנה כרכור",yes,Gazoz Falafel EretzIsraeli,en,"HaMa'ale St 17, Pardes Hanna-Karkur","HaMa'ale 17, Pardes Hana-Karkur",no
6111,אופרה,"הנשיא וייצמן 61, חדרה, Israel",Opera Yemenite Restaurant,"HaNassi St 61, Hadera, Israel",ChIJxWVopUYSHRURKYzEPR7Vjow,מסעדת אופרה,iw,"הנשיא 61, חדרה","הנשיא 61, חדרה",yes,Opera Yemenite Restaurant,en,"HaNassi St 61, Hadera","HaNassi 61, Hadera",no
6112,פיצה כמעט חינם נתניה,"אלון צבי (החלוצים) 10, נתניה, Israel",Almost Free Pizza,"Alon Tsvi St 10, Netanya, Israel",ChIJ30c3Y6pqHRURlWaYlLckpJk,פיצה כמעט חינם,iw,"אלון צבי 10, נתניה","אלון צבי 10, נתניה",yes,Almost Free Pizza,en,"Alon Tsvi St 10, Netanya","Alon Tsvi 10, Netanya",no
6115,קונדיטורית וילהיים,"דרך רמתיים 48, הוד השרון, Israel",Wilhelm Bakery,"Ramatayim Road 48, Hod HaSharon, Israel",ChIJseWmNyY4HRURCXXHR1c9ipY,קונדיטורית וילהיים,iw,"דרך רמתיים 48, הוד השרון","דרך רמתיים 48, הוד השרון",yes,Wilhelm Bakery,en,"Ramatayim Road 48, Hod HaSharon","Ramatayim Road 48, Hod HaSharon",no
6117,פיצה חג'ג',"הנשיא וייצמן 64, חדרה, Israel",Hagage Pizza,"HaNassi St 64, Hadera, Israel",ChIJn5sdpUYSHRURl23WVDA6AiM,פיצה חג'ג',iw,"הנשיא 64, חדרה","הנשיא 64, חדרה",yes,Hagage Pizza,en,"HaNassi St 64, Hadera","HaNassi 64, Hadera",no
6119,הכהן,"המייסדים 47, פרדס חנה-כרכור, Israel",Hacohen Bar,"Ha-Meyasdim St 47, Pardes Hanna-Karkur, Israel",ChIJEfFl9k0OHRURKtBrJ9GPApE,בר הכהן,iw,"המייסדים 47, פרדס חנה כרכור","המייסדים 47, פרדס חנה כרכור",yes,Hacohen Bar,en,"Ha-Meyasdim St 47, Pardes Hanna-Karkur","Ha-Meyasdim 47, Pardes Hana-Karkur",no
6120,משה חומוס,"החרש 17, חדרה, Israel",משה חומוס,"HaHarash St 17, Hadera, Israel",ChIJ41f8TWcSHRUR4qtnw5fsi9c,משה חומוס,iw,"החרש 17, חדרה","החרש 17, חדרה",yes,משה חומוס,iw,"HaHarash St 17, Hadera","HaHarash 17, Hadera",no
6121,"לחם האופים בע""מ","החינוך העברי 4, נתניה, Israel",Bread bakers לחם האופים,"Hahinuch Haivri St 4, Netanya, Israel",ChIJnTt34O4_HRURBfMlyGQbCeg,לחם האופים,iw,"החינוך העברי 4, נתניה","החינוך העברי 4, נתניה",yes,Bread bakers לחם האופים,en,"Hahinuch Haivri St 4, Netanya","Hahinuch Haivri 4, Netanya",no
6126,יאמוס,"נתניה, Israel",יאמוס,"Netanya, Israel",ChIJ-5YB7WdBHRURAK-Io5IogOE,יאמוס,iw,נתניה,נתניה,yes,יאמוס,iw,Netanya,Netanya,no
6132,קפה טוב,"הנשיא וייצמן 45, חדרה, Israel",קפה טוב,"Ha-Nasi Weizman St 45, Hadera, 3842254, Israel",ChIJH5OsbUQSHRURXUXDTTiNgkw,קפה טוב,iw,"הנשיא וייצמן 45, חדרה, 3842254","הנשיא וייצמן 45, חדרה",yes,קפה טוב,en,"Ha-Nasi Weizman St 45, Hadera, 3842254","HaNassi Weizman 45, Hadera",no
6134,ככר הלחם און ליין קפה,"קדושי השואה 63, הרצליה פיתוח, Israel",Kikar Halehem,"Wingate St 144, Herzliya, Israel",ChIJL0xxE5FIHRUR1y6z8xHfmOA,כיכר הלחם - און ליין קפה,iw,"וינגייט 144, הרצליה","וינגייט 144, הרצליה",yes,Kikar Halehem,en,"Wingate St 144, Herzliya","Wingate 144, Hertsliya",no
6140,הפינה,"היובל 4, רעננה, Israel",הפינה אוכל רחוב,"Ha-Yovel St 4, Ra'anana, 4340102, Israel",ChIJCS8YQ5s5HRURc4VTkcrwIzQ,הפינה אוכל רחוב,iw,"היובל 4, רעננה, 4340102","היובל 4, רעננה",yes,הפינה אוכל רחוב,iw,"Ha-Yovel St 4, Ra'anana, 4340102","HaYovel 4, Ra'anana",no
6148,קאסה דל-פפה,"הנשיא וייצמן 37, חדרה, Israel",קאסה דל פפה,"שדרות הנשיא וייצמן 37, חדרה, Israel",ChIJz019ZEQSHRURjxC5AELN6j8,קאסה דל פפה,iw,"שדרות הנשיא וייצמן 37, חדרה","שדרות הנשיא וייצמן 37, חדרה",yes,קאסה דל פפה,iw,"שדרות הנשיא וייצמן 37, חדרה","שדרות הנשיא וייצמן 37, Hadera",yes
6153,לחם בשר,"השונית 2, מרינה הרצליה, Israel",לחם בשר הרצליה,"Ha-Shunit St 2, Herzliya, Israel",ChIJQSqciOpIHRURqEa0tB8IAGs,לחם בשר הרצליה,iw,"השונית 2, הרצליה","השונית 2, הרצליה",yes,לחם בשר הרצליה,iw,"Ha-Shunit St 2, Herzliya","HaShunit 2, Hertsliya",no
6154,בובה של פיצה,"הר נבו 19, הרצליה, Israel",Buba Shel Pizza,"Har Nevo St 19, Herzliya, Israel",ChIJN3L_tftHHRUR_pVAPlKAqtE,בובה של פיצה הרצליה,iw,"הר נבו 19, הרצליה","הר נבו 19, הרצליה",yes,Buba Shel Pizza,en,"Har Nevo St 19, Herzliya","Har Nevo 19, Hertsliya",no
6156,קפה נוף ים,"הפרסה 7, נוף ים, הרצליה, Israel",Nof Yam Cafe,"Ha'Parssa St 7, Herzliya, Israel",ChIJxY5fVy5GHRUReXbEnyuSmd0,קפה נוף ים,iw,"רחוב הפרסה 7, הרצליה","רחוב הפרסה 7, הרצליה",yes,Nof Yam Cafe,en,"Ha'Parssa St 7, Herzliya","HaParsa 7, Hertsliya",no
6160,בורגר סטיישן רעננה,"הסדנא 6, אזור תעשייה רעננה, Israel",Burger Station Raanana,"הסדנא 6 אזור תעשייה רעננה צמוד לקנטרי רעננה, Ra'anana, 4365103, Israel",ChIJH_1baVA5HRURYg9Kwso48kM,בורגר סטיישן רעננה BURGER STATION,iw,"הסדנא 6 אזור תעשייה רעננה צמוד לקנטרי רעננה, רעננה, 4365103",הסדנא 6 אזור תעשייה רעננה צמוד לקנטרי רעננה,yes,Burger Station Raanana,en,"הסדנא 6 אזור תעשייה רעננה צמוד לקנטרי רעננה, Ra'anana, 4365103",הסדנא 6 אזור תעשייה רעננה צמוד לקנטרי רעננה,yes
6162,מאמאמיה,"מדינת היהודים 85, הרצליה פיתוח, Israel",Mama Mia,"Medinat ha-Yehudim St 85, Herzliya, Israel",ChIJx_DskY5IHRURpt6Or3ddjsE,Food Avenue,iw,"מדינת היהודים 85, הרצליה","מדינת היהודים 85, הרצליה",yes,Mama Mia,en,"Medinat ha-Yehudim St 85, Herzliya","Medinat HaYehudim 85, Hertsliya",no
6163,המחבוא,"הבנים 12, הוד השרון, Israel",המחבוא,"HaBanim St 12, Hod Hasharon, Israel",ChIJwShM1ok3HRURPG64wkS9HBM,המחבוא,iw,"הבנים 12, הוד השרון","הבנים 12, הוד השרון",yes,המחבוא,iw,"HaBanim St 12, Hod Hasharon","HaBanim 12, Hod HaSharon",no
6166,טעם של פעם,"הרברט סמואל 90, חדרה, Israel",טעם של פעם,"Herbert Samuel St, Hadera, Israel",ChIJAQtDRUUSHRURaIxSvpKtaTM,טעם של פעם,iw,"הרברט סמואל, חדרה","הרברט סמואל, חדרה",yes,טעם של פעם,iw,"Herbert Samuel St, Hadera","Herbert Samuel, Hadera",no
6169,לחם בורקין,"המלאכה 2, בנימינה, Israel",Borkins Bread,"אזור תעשיה, HaMelacha 6, Binyamina Giv'at Ada, Israel",ChIJOYpYVSAMHRUROYssFb8yiD8,לחם בורקין,iw,"אזור תעשיה, המלאכה 6, בנימינה גבעת עדה","אזור תעשיה, המלאכה 6, בנימינה גבעת עדה",yes,Borkins Bread,en,"אזור תעשיה, HaMelacha 6, Binyamina Giv'at Ada","אזור תעשיה, HaMelacha 6, Binyamina Giv'at Ada",yes
6175,סימאקי סושי,"דוד רמז 13, נתניה, Israel",Simaki Sushi,"David Remez St 13, Netanya, Israel",ChIJ18EwM6hqHRURwHYj9mkrHGQ,סימאקי סושי,iw,"דוד רמז 13, נתניה","דוד רמז 13, נתניה",yes,Simaki Sushi,en,"David Remez St 13, Netanya","David Remez 13, Netanya",no
6176,"ג'מס, כפר סבא","גבורי ישראל 2, כפר סבא, Israel",Jem's Beer Factory,"Giborei Yisra'el St 4, Kefar Sava, Israel",ChIJMxkejLM5HRURfBiCjw1AB2g,ג'מס,iw,"גיבורי ישראל 4, כפר סבא","גיבורי ישראל 4, כפר סבא",yes,Jem's Beer Factory,en,"Giborei Yisra'el St 4, Kefar Sava","Giborei Yisra'el 4, Kfar Saba",no
6178,פלאפלס,"ויצמן 57, כפר סבא, Israel",פלאפל'ס,"Weizmann St 57, Kefar Sava, Israel",ChIJ9wK1yj05HRUR2puzubyjGw0,פלאפל'ס ויצמן 57,iw,"ויצמן 57, כפר סבא","ויצמן 57, כפר סבא",yes,פלאפל'ס,en,"Weizmann St 57, Kefar Sava","Weizmann 57, Kfar Saba",no
6180,מסעדת דניאל,"סמטת הערער 3, פרדס חנה-כרכור, Israel",Daniel Restaurant,"ערער 3, Pardes Hana-Karkur, Israel",ChIJ7TnnK_4PHRURNkFG6b2tCuQ,מסעדת דניאל,iw,"ערער 3, פרדס חנה כרכור",ערער 3,yes,Daniel Restaurant,en,"ערער 3, Pardes Hana-Karkur",ערער 3,yes
6181,חומוס אליהו,"פרופסור דן שכטמן 10, חדרה, Israel",Hummus Eliyahoo,"פרופ דן שכטמן 10, Hadera, Israel",ChIJTQzyIrcTHRURjPTxeyEqKAs,Hummus Eliyahoo,en,"פרופ דן שכטמן 10, חדרה","פרופ דן שכטמן 10, חדרה",yes,Hummus Eliyahoo,en,"פרופ דן שכטמן 10, Hadera","פרופ דן שכטמן 10, Hadera",yes
6188,טוסטביף,"כפר ויתקין, Israel",טוסטביף אם הדרך,"Kfar Vitkin, Israel",ChIJn8m1RuU_HRURpRE-K602F3o,טוסטביף אם הדרך,en,כפר ויתקין,כפר ויתקין,yes,טוסטביף אם הדרך,en,Kfar Vitkin,Kfar Vitkin,no
6190,אהבה בטעם ביתי,"נחילות 2, פרדס חנה-כרכור, Israel",אהבה בטעם ביתי,"מרכז מסחרי נווה בר, Ha-Nekhilot 2, Pardes Hana-Karkur, Israel",ChIJyTkhaFYOHRURCtCU42L3YWg,אהבה בטעם ביתי,iw,"מרכז מסחרי נווה בר, רחוב הנחילות 2, פרדס חנה כרכור","מרכז מסחרי נווה בר, רחוב הנחילות 2, פרדס חנה כרכור",yes,אהבה בטעם ביתי,iw,"מרכז מסחרי נווה בר, Ha-Nekhilot 2, Pardes Hana-Karkur","מרכז מסחרי נווה בר, Ha-Nekhilot 2, Pardes Hana-Karkur",yes
6192,"ד""ר פול שקשוקה","אריה רגב 11, נתניה, Israel","ד""ר פול שקשוקה","Arieh Regev St 13, Netanya, Israel",ChIJx-afMX4_HRURiZPEnhsjfD8,"ד""ר פול שקשוקה",en,"אריה רגב 13, נתניה","אריה רגב 13, נתניה",yes,"ד""ר פול שקשוקה",en,"Arieh Regev St 13, Netanya","Arieh Regev 13, Netanya",no
6194,חומוס ירושלים,"ירושלים 26, חדרה, Israel",Hummus Jerusalem,"Yerushalayim St 26, Hadera, Israel",ChIJobKZNUcSHRURlEQMw_e2tAk,חומוס ירושלים,iw,"ירושלים 26, חדרה","ירושלים 26, חדרה",yes,Hummus Jerusalem,en,"Yerushalayim St 26, Hadera","Jerusalem 26, Hadera",no
6197,שיפודי הטאבון,"מבוא קדם 5, הוד השרון, Israel",שיפודי הטאבון,"Mevo Kedem, Hod HaSharon, Israel",ChIJQermufc5HRURO5yfAHnuMx0,שיפודי הטאבון,iw,"מבוא קדם, הוד השרון","מבוא קדם, הוד השרון",yes,שיפודי הטאבון,en,"Mevo Kedem, Hod HaSharon","Mevo Kedem, Hod HaSharon",no
6200,הקוסקוס של גליה תל מונד,"הדקל 56, תל מונד, Israel",Galia's couscous,"Ha-Dekel St 56, Tel Mond, 4060050, Israel",ChIJobSC0Ag-HRURLWK6bw1IyA8,הקוסקוס של גליה,iw,"הדקל 56, תל מונד, 4060050","הדקל 56, תל מונד",yes,Galia's couscous,en,"Ha-Dekel St 56, Tel Mond, 4060050","Ha-Dekel 56, Tel Mond",no
6205,גלי'ס,"התע""ש 20, כפר סבא, Israel",Gali’s,"HaTa'as St 20, Kefar Sava, Israel",ChIJX5VRIbM5HRURAHMI7nvOY1o,גלי'ס,iw,"התע""ש 20, כפר סבא","התע""ש 20, כפר סבא",yes,Gali’s,en,"HaTa'as St 20, Kefar Sava","HaTa'as 20, Kfar Saba",no
6207,ביפ בגט,"שד' רוטשילד 40, קניון לב חדרה, Israel",Beef Baguatte,"Sderot Rothschild 40, Hadera, Israel",ChIJs4cJSkQSHRURGq29IAnyqQE,ביפ באגט,iw,"שדרות רוטשילד 40, חדרה","שדרות רוטשילד 40, חדרה",yes,Beef Baguatte,en,"Sderot Rothschild 40, Hadera","Sderot Rothschild 40, Hadera",no
6208,רימיני,"קראוזה 5, נתניה, Israel",רימיני&וואפלס,"מדרחוב קראוזה 5 ,מתחם אסטרל נתניה IL, Netanya, 4240117, Israel",ChIJ4ykmxKlqHRURYS8dqg3QKr0,רימיני&וואפלס,iw,"מדרחוב קראוזה 5 ,מתחם אסטרל נתניה IL, נתניה, 4240117","מדרחוב קראוזה 5 ,מתחם אסטרל נתניה IL",yes,רימיני&וואפלס,iw,"מדרחוב קראוזה 5 ,מתחם אסטרל נתניה IL, Netanya, 4240117","מדרחוב קראוזה 5 ,מתחם אסטרל נתניה IL",yes
6215,סלטה,"רמב""ם 10, רעננה, Israel",Salta,"Rambam St 10, Ra'anana, 43602, Israel",ChIJ5TpFFhM4HRURb5TdFhrWFnc,סלטה,iw,"רמב""ם 10, רעננה, 43602","רמב""ם 10, רעננה",yes,Salta,en,"Rambam St 10, Ra'anana, 43602","Rambam 10, Ra'anana",no
6217,בורגרים,"הלל יפה 11, חדרה, Israel",Burgerim,"Hillel Yafe St 11, Hadera, Israel",ChIJDc7zFFASHRURg_3GRY0nxXs,"בורגרים חדרה, כשר בשר חלק",iw,"הלל יפה 11, חדרה","הלל יפה 11, חדרה",yes,Burgerim,en,"Hillel Yafe St 11, Hadera","Hillel Yafe 11, Hadera",no
6218,פיצה רונדו רעננה,"אחוזה 68, רעננה, Israel",Pizza Rondo,"Ahuza St 68, Ra'anana, 4320938, Israel",ChIJM7x8poE5HRURRa7_s4n_WSI,פיצה רונדו,iw,"אחוזה 68, רעננה, 4320938","אחוזה 68, רעננה",yes,Pizza Rondo,en,"Ahuza St 68, Ra'anana, 4320938","Ahuza 68, Ra'anana",no
6222,החומוסיה של חביבו,"הגדוד העברי 1, גבעת אולגה, חדרה, Israel",החומוסיה של חביבו,"Ha-Gdud ha-Ivri St 1, Hadera, Israel",ChIJYXnRAuESHRURJbUi7VLOURg,החומוסיה של חביבו,en,"הגדוד העברי 1, חדרה","הגדוד העברי 1, חדרה",yes,החומוסיה של חביבו,en,"Ha-Gdud ha-Ivri St 1, Hadera","HaGdud Haivri 1, Hadera",no
6227,בונז'ור סנדוויץ טוניסאי,"שער העמק 1, נתניה, Israel",בונז'ור סנדביץ טונסאי,"Sha'ar ha-Emek St 1, Netanya, Israel",ChIJ-_tR0atqHRURb5x8NIBJdaY,בונז'ור סנדביץ טונסאי,iw,"שער העמק 1, נתניה","שער העמק 1, נתניה",yes,בונז'ור סנדביץ טונסאי,iw,"Sha'ar ha-Emek St 1, Netanya","Sha'ar HaEmek 1, Netanya",no
6233,אירית,"הבנים 9, הוד השרון, Israel",אירית,"HaBanim St 9, Hod Hasharon, Israel",ChIJvdBq1Yk3HRURQMI2o-ejh5k,אירית,iw,"הבנים 9, הוד השרון","הבנים 9, הוד השרון",yes,אירית,en,"HaBanim St 9, Hod Hasharon","HaBanim 9, Hod HaSharon",no
6234,שווארמה פלאפל תנעמי,"ששת הימים 53, כפר סבא, Israel",Tanaami falafel,"Sderot Sheshet HaYamim 53-55, Kfar Saba, Israel",ChIJ6xXsl0c4HRURH_sYIv017c0,שווארמה פלאפל תנעמי,iw,"שדרות ששת הימים 53-55, כפר סבא","שדרות ששת הימים 53-55, כפר סבא",yes,Tanaami falafel,en,"Sderot Sheshet HaYamim 53-55, Kfar Saba","Sderot Sheshet HaYamim 53-55, Kfar Saba",no
6239,כפיר,"אחד העם 9, נתניה, Israel",מסעדת כפיר,"Akhad ha-Am St 11, Netanya, Israel",ChIJrVuVYKpqHRUR01jMnP-K68A,מסעדת כפיר,iw,"אחד העם 11, נתניה","אחד העם 11, נתניה",yes,מסעדת כפיר,iw,"Akhad ha-Am St 11, Netanya","Ahad Ha'Am 11, Netanya",no
6246,לחם ארז הרצליה,"הנדיב 71, הרצליה, Israel",Lehem Erez,"HaNadiv St 71, Herzliya, Israel",ChIJRYKlJXdIHRURhY5A9Mceyiw,Lehem Erez,iw,"הנדיב 71, הרצליה","הנדיב 71, הרצליה",yes,Lehem Erez,en,"HaNadiv St 71, Herzliya","HaNadiv 71, Hertsliya",no
6247,יענקל'ה בית קפה,"חבצלת השרון 36, הרצליה פיתוח, Israel",Yankele,"Khavatselet ha-Sharon St 36, Herzliya, Israel",ChIJ6etV8pxIHRURAyPCKg3DkUA,יענקל'ה קפה,iw,"חבצלת השרון 36, הרצליה","חבצלת השרון 36, הרצליה",yes,Yankele,en,"Khavatselet ha-Sharon St 36, Herzliya","Havatselet HaSharon 36, Hertsliya",no
6249,פיצה VIP,"המייסדים 63, אבן יהודה, Israel",וי אי פיצה,"Ha-Meyasdim St 63, Even Yehuda, Israel",ChIJtdyM_ww_HRURlLBx2WUscbE,וי אי פיצה,iw,"המייסדים 63, אבן יהודה","המייסדים 63, אבן יהודה",yes,וי אי פיצה,iw,"Ha-Meyasdim St 63, Even Yehuda","HaMeyasedim 63, Even Yehuda",no
6252,עוגיות מרוקאיות,"ויסלברגר 7, נתניה, Israel",עוגיות מרוקאיות,"Dr Theodor Weissellberger St 7, Netanya, Israel",ChIJA5Y_JX4_HRURnuXf1Sizr7w,עוגיות מרוקאיות,iw,"ד""ר תיאודור וייסלברגר 7, נתניה","ד""ר תיאודור וייסלברגר 7, נתניה",yes,עוגיות מרוקאיות,iw,"Dr Theodor Weissellberger St 7, Netanya","Dr. Theodor Weissellberger 7, Netanya",no
6253,the view,"נתניה, Israel",the view,"Gad Machnes St 6, Netanya, 4232697, Israel",ChIJMxnuq-trHRURWbkHxqURY58,the view,iw,"גד מכנס 6, נתניה, 4232697","גד מכנס 6, נתניה",yes,the view,iw,"Gad Machnes St 6, Netanya, 4232697","Gad Machnes 6, Netanya",no
6262,סיים סיים רעננה,"אחוזה 267, קניון פארק מול, רעננה, Israel",Same Same,"Ahuza St 267, Ra'anana, Israel",ChIJAfJnWvJHHRUR3x5hQoVk5Mw,סיים סיים - סושי כשר ברעננה,iw,"אחוזה 267, רעננה","אחוזה 267, רעננה",yes,Same Same,en,"Ahuza St 267, Ra'anana","Ahuza 267, Ra'anana",no
6267,באקו סיטי,"גיבורי ישראל 17, יכין סנטר נתניה, נתניה, Israel",באקו סיטי נתניה,"Sderot Giborei Israel 17, Netanya, Israel",ChIJ7xfClKtBHRURD8GtK6_wysA,באקו סיטי נתניה,iw,"שדרות גיבורי ישראל 17, נתניה","שדרות גיבורי ישראל 17, נתניה",yes,באקו סיטי נתניה,iw,"Sderot Giborei Israel 17, Netanya","Sderot Giborei Israel 17, Netanya",no
6270,קפה אליס,"הלל יפה 11, חדרה, Israel",קפה. אליס,"Hillel Yafe St 11, Hadera, Israel",ChIJG1BwmMMTHRURIekCEpKexDQ,קפה. אליס,iw,"הלל יפה 11, חדרה","הלל יפה 11, חדרה",yes,קפה. אליס,iw,"Hillel Yafe St 11, Hadera","Hillel Yafe 11, Hadera",no
6271,מולוגטיה,"שד' רוטשילד 17, חדרה, Israel",מסעדת מולוגטה,"Sderot Rothschild 17, Hadera, Israel",ChIJLQpgIQATHRURalQ4ofLAiO8,מסעדת מולוגטה,en,"שדרות רוטשילד 17, חדרה","שדרות רוטשילד 17, חדרה",yes,מסעדת מולוגטה,en,"Sderot Rothschild 17, Hadera","Sderot Rothschild 17, Hadera",no
6273,קפה גילדה,"הרצל 8, נתניה, Israel",Gilda,"Kikar HaAtsmaut 12, Netanya, Israel",ChIJm4DueKhqHRURhTOCvvfFU_Q,קפה גילדה,iw,"כיכר העצמאות 12, נתניה","כיכר העצמאות 12, נתניה",yes,Gilda,en,"Kikar HaAtsmaut 12, Netanya","Kikar HaAtsmaut 12, Netanya",no
6276,פסטה ממו,"הנוטע 4, נתניה, Israel",פסטה ממו,"Ha-Note'a St 4, Netanya, Israel",ChIJWQrciqlqHRURIdT6iUU9Aas,פסטה ממו,iw,"הנוטע 4, נתניה","הנוטע 4, נתניה",yes,פסטה ממו,iw,"Ha-Note'a St 4, Netanya","HaNote'a 4, Netanya",no
6280,רד בורגר בר,"גד מכנס 2, נתניה, Israel",Red Burger Bar,"Gad Machnes St 2, Netanya, Israel",ChIJO0hIx6dqHRURJnjH7U6-Jp4,רד בורגר בר Red burger bar,iw,"גד מכנס 2, נתניה","גד מכנס 2, נתניה",yes,Red Burger Bar,en,"Gad Machnes St 2, Netanya","Gad Machnes 2, Netanya",no
6282,סנדוויץ פדלון,"הדקלים 103, פרדס חנה-כרכור, Israel",סנדוויץ פדלון,"Ha-Dkalim St 103, Pardes Hanna-Karkur, 3702199, Israel",ChIJp_hg6BYPHRUR7rIvhXx3Njs,סנדוויץ פדלון,iw,"הדקלים 103, פרדס חנה כרכור, 3702199","הדקלים 103, פרדס חנה כרכור",yes,סנדוויץ פדלון,iw,"Ha-Dkalim St 103, Pardes Hanna-Karkur, 3702199","HaDkalim 103, Pardes Hana-Karkur",no
6283,סטקיית סבינו,"רמז דוד 18, כפר סבא, Israel",Sabino Steakhouse,"David Remez St 18, Kefar Sava, Israel",ChIJuzay0lU4HRUR8f59kdM2JFc,סטקיית סבינו,iw,"דוד רמז 18, כפר סבא","דוד רמז 18, כפר סבא",yes,Sabino Steakhouse,en,"David Remez St 18, Kefar Sava","David Remez 18, Kfar Saba",no
6285,פיצה fix פיקס נתניה,"פנקס דוד 14, נתניה, Israel",פיצה פיקס נתניה,"David Pinkas St 14, Netanya, Israel",ChIJx2ty1-I_HRURCvmvINayf0A,פיצה פיקס נתניה,iw,"דוד פנקס 14, נתניה","דוד פנקס 14, נתניה",yes,פיצה פיקס נתניה,iw,"David Pinkas St 14, Netanya","David Pinkas 14, Netanya",no
6287,מאפה נאמן,"צה""ל 5, חדרה, Israel",Neeman Bakery,"Tsahal St 5, Hadera, Israel",ChIJu-IZs0ASHRURLcL5nv8yFnU,מאפה נאמן,iw,"צה""ל 5, חדרה","צה""ל 5, חדרה",yes,Neeman Bakery,en,"Tsahal St 5, Hadera","Tsahal 5, Hadera",no
6288,יאבאבא קבב,"גולומב 1, נתניה, Israel",יאבאבא קבב,"Eliyahu Golomb St 1, Netanya, Israel",ChIJyecbeXIVHRURkPj-pXzJmR8,יאבאבא קבב,iw,"אליהו גולומב 1, נתניה","אליהו גולומב 1, נתניה",yes,יאבאבא קבב,iw,"Eliyahu Golomb St 1, Netanya","Eliyahu Golomb 1, Netanya",no
6289,אצה,"צה""ל 5, חדרה, Israel",אצה - סושי בר חדרה,"Tsahal St 5, Hadera, Israel",ChIJh7R0sD8SHRURyKQE-IvTd-Q,אצה - סושי בר חדרה,iw,"צה""ל 5, חדרה","צה""ל 5, חדרה",yes,אצה - סושי בר חדרה,iw,"Tsahal St 5, Hadera","Tsahal 5, Hadera",no
6293,דניז מקור הטוניסאי רעננה,"המלאכה 18, אזור תעשייה רעננה, Israel",מקור הטוניסאי רעננה,"Ha-Melakha St 18, Ra'anana, Israel",ChIJr7VTLGI4HRUR8fgkp3H_ud8,מקור הטוניסאי רעננה,iw,"המלאכה 18, רעננה","המלאכה 18, רעננה",yes,מקור הטוניסאי רעננה,iw,"Ha-Melakha St 18, Ra'anana","HaMelacha 18, Ra'anana",no
6294,Legend,"דוד המלך 8, נתניה, Israel",Legend,"David HaMelech St 8, Netanya, 4226408, Israel",ChIJ1dznH6ZqHRURp9pG06W3SH4,לג'נד בר LEGEND Bar,iw,"דוד המלך 8, נתניה, 4226408","דוד המלך 8, נתניה",yes,Legend,en,"David HaMelech St 8, Netanya, 4226408","David HaMelech 8, Netanya",no
6295,קרייזי פיצה,"הרצל 41, נתניה, Israel",קרייזי פיצה נתניה,"Herzl St 41, Netanya, 4239011, Israel",ChIJ87Ysl_RrHRURcagEHNE1s3E,קרייזי פיצה נתניה,iw,"הרצל 41, נתניה, 4239011","הרצל 41, נתניה",yes,קרייזי פיצה נתניה,iw,"Herzl St 41, Netanya, 4239011","Herzl 41, Netanya",no
6299,פיצה קטורזה,"אגם כנרת 6, נתניה, Israel",פיצה Katorza,"Agam Kinneret St 6, Netanya, Israel",ChIJD1qo1GJAHRURXOYA7pKxnKw,פיצה Katorza,en,"אגם כינרת 6, נתניה","אגם כינרת 6, נתניה",yes,פיצה Katorza,en,"Agam Kinneret St 6, Netanya","Agam Kinneret 6, Netanya",no
6467,Babbi's,"הבנאים 3, אשדוד",BABBI'S,"HaBana'im St 3, Ashdod, Israel",ChIJgegZjGujAhURmkU1BrXgAbg,באבי'ס מבית גחלים אשדוד,iw,"הבנאים 3, אשדוד","הבנאים 3, אשדוד",yes,BABBI'S,en,"HaBana'im St 3, Ashdod","HaBana'im 3, Ashdod",no
6469,גרג קיטשן עיר ימים,"בני ברמן 2, נתניה",Greg Cafe,"Beni Berman St 2, Netanya, Israel",ChIJ-bLX55FAHRUR24_Kvqi9zRA,קיטשן ביי גרג עיר ימים,iw,"בני ברמן 2, נתניה","בני ברמן 2, נתניה",yes,Greg Cafe,en,"Beni Berman St 2, Netanya","Beni Berman 2, Netanya",no
6473,חצות מודיעין,"דם המכבים 53, מודיעין",Chatsot Modi'in,"Dam HaMacbim St 53, Modi'in-Maccabim-Re'ut, 7178539, Israel",ChIJd_EydZDNAhURSWfRQpdfCHU,חצות סניף מודיעין,iw,"דם המכבים 53, מודיעין מכבים רעות, 7178539","דם המכבים 53, מודיעין מכבים רעות",yes,Chatsot Modi'in,en,"Dam HaMacbim St 53, Modi'in-Maccabim-Re'ut, 7178539","Dam HaMacbim 53, Modi'in Makabim-Re'ut",no
6474,החצר האסייתית,"ויצמן 25, נס ציונה",החצר האסייתית נס ציונה,"Weizman St 25, Ness Ziona, 7403021, Israel",ChIJd4M6z7O3AhUR0E3eZEy6wDA,החצר האסייתית נס ציונה,iw,"וייצמן 25, נס ציונה, 7403021","וייצמן 25, נס ציונה",yes,החצר האסייתית נס ציונה,iw,"Weizman St 25, Ness Ziona, 7403021","Weizman 25, Ness Ziona",no
6475,Il Gusto,"שמחה גולן 54, חיפה",Il Gusto,"Derech Simha Golan 54, Haifa, Israel",ChIJFzlT4MG7HRUREnSKxdd8DDw,פיצה גוסטו חיפה,iw,"דרך שמחה גולן 54, חיפה","דרך שמחה גולן 54, חיפה",yes,Il Gusto,en,"Derech Simha Golan 54, Haifa","Derech Simha Golan 54, Haifa",no
6476,Mucha כפר סבא,"התע""ש 20, כפר סבא",Mucha - כפר סבא,"HaTa'as St 20, Kefar Sava, Israel",ChIJeXujSBk5HRURqw-9lmi5nKQ,מוצ׳ה,iw,"התע""ש 20, כפר סבא","התע""ש 20, כפר סבא",yes,Mucha - כפר סבא,en,"HaTa'as St 20, Kefar Sava","HaTa'as 20, Kfar Saba",no
6478,VIVINO נתיבות,"מלאכה 3, נתיבות",VIVINO - ויוינו נתיבות,"Ba'alei ha-Melakha St 3, Netivot, Israel",ChIJ_ZTrKHp_AhURXeNdJmHyVtI,VIVINO - ויוינו נתיבות,en,"בעלי המלאכה 3, נתיבות","בעלי המלאכה 3, נתיבות",yes,VIVINO - ויוינו נתיבות,en,"Ba'alei ha-Melakha St 3, Netivot","Ba'alei HaMelacha 3, Netivot",no
6482,חצ'אפוריה,"סמטת השקמה 5, ירושלים",Hachapuria | חצ'אפוריה שוק מחנה יהודה,"Ha-Shikma St 5, Jerusalem, Israel",ChIJ2yWH8yjWAhUR2Bwm1dCdAig,חצ'אפוריה,iw,"השיקמה 5, ירושלים","השיקמה 5, ירושלים",yes,Hachapuria | חצ'אפוריה שוק מחנה יהודה,en,"Ha-Shikma St 5, Jerusalem","HaShikma 5, Jerusalem",no
6484,Wok To Walk נתניה (כשר),"שושנה דמארי 10, נתניה",ווק טו ווק נתניה,"Shoshana Damari St 10, Netanya, Israel",ChIJZzBaez5BHRUR7T5G9Q3XA7A,ווק טו ווק נתניה,en,"שושנה דמארי 10, נתניה","שושנה דמארי 10, נתניה",yes,ווק טו ווק נתניה,en,"Shoshana Damari St 10, Netanya","Shoshana Damari 10, Netanya",no
6486,Coffee Hood,"הפלמ""ח 31, כרמיאל",COFFEE HOOD Karmiel - קופי הוד כרמיאל,"Ha-Palmakh St 31, Karmiel, Israel",ChIJz-NWIxgzHBURIZpjKiiJR1M,COFFEE HOOD Karmiel - קופי הוד כרמיאל,iw,"הפלמ""ח 31, כרמיאל","הפלמ""ח 31, כרמיאל",yes,COFFEE HOOD Karmiel - קופי הוד כרמיאל,iw,"Ha-Palmakh St 31, Karmiel","HaPalmach 31, Karmiel",no
6490,יקב הזורעים,"קיבוץ גלויות 82, הזורעים",הזורעים יקב בוטיק - כשרות מהדרין,"קיבוץ גלויות 82, Hazor'im, 1520500, Israel",ChIJpWt-hWVBHBURYPS9mUSGUxo,הזורעים יקב בוטיק - כשרות מהדרין,iw,"קיבוץ גלויות 82, הזורעים, 1520500","קיבוץ גלויות 82, הזורעים",yes,הזורעים יקב בוטיק - כשרות מהדרין,iw,"קיבוץ גלויות 82, Hazor'im, 1520500","קיבוץ גלויות 82, Hazor'im",yes
6492,Moses Shop דימונה,"פרץ סנטר, דימונה",מוזס שופ דימונה,"מסוף אגד/קניון פרץ סנטר, דימונה, Israel",ChIJMa1pMxVHAhURL_CO_z9sbIo,מוזס שופ דימונה,iw,"מסוף אגד/קניון פרץ סנטר, דימונה","מסוף אגד/קניון פרץ סנטר, דימונה",yes,מוזס שופ דימונה,iw,"מסוף אגד/קניון פרץ סנטר, דימונה","מסוף אגד/קניון פרץ סנטר, Dimona",yes
6495,B-FRESH - קניון הדר,"פייר קניג 26, ירושלים",B fresh,"General Pierre Koenig St 22, Jerusalem, Israel",ChIJRQl6EzwpAxUREG1RyQ_idpU,B fresh,iw,"גנרל פייר קניג 22, ירושלים","גנרל פייר קניג 22, ירושלים",yes,B fresh,iw,"General Pierre Koenig St 22, Jerusalem","General Pierre Koenig 22, Jerusalem",no
6496,Burgers Bar שערי צדק,"שמואל בייט 12, ירושלים",Burgers Bar,"Shmuel (Hans) Beyth St 12, Jerusalem, 9103102, Israel",ChIJs8N8tDvXAhURvOBEOUyOcDI,בורגרס בר | BurgersBar | שערי צדק כשר,iw,"שְׁמוּאֵל (הנס) בַּייט 12, ירושלים, 9103102","שְׁמוּאֵל (הנס) בַּייט 12, ירושלים",yes,Burgers Bar,en,"Shmuel (Hans) Beyth St 12, Jerusalem, 9103102","Shmu'el Bait 12, Jerusalem",no
6497,פיתה 65,"הלח""י 18, כפר תבור",פיתה 65,"HaLekhi St 18, Kfar Tavor, Israel",ChIJXZExWgBFHBUR7vjnKN9OyDM,פיתה 65,iw,"הלח""י 18, כפר תבור","הלח""י 18, כפר תבור",yes,פיתה 65,iw,"HaLekhi St 18, Kfar Tavor","HaLekhi 18, Kfar Tavor",no
6498,Burgers Bar גילה ירושלים,"הגננת 216, ירושלים",בורגרסבר גילה ירושלים,"Ha-Ganenet St 216, Jerusalem",ChIJXbANNjzYAhURiLOn4pUWFWM,בורגרסבר גילה ירושלים,iw,"הגננת 216, ירושלים","הגננת 216, ירושלים",yes,בורגרסבר גילה ירושלים,iw,"Ha-Ganenet St 216, Jerusalem","HaGanenet 216, Jerusalem",no
6501,אופוריה אשקלון,"צפניה 10, אשקלון",אופוריה אשקלון - Euphoria Kitchen & Bar,"Tsfanya St 10, Ashkelon, Israel",ChIJfw4D0JWdAhURQrRceeYOukI,אופוריה אשקלון - Euphoria Kitchen & Bar,iw,"צפניה 10, אשקלון","צפניה 10, אשקלון",yes,אופוריה אשקלון - Euphoria Kitchen & Bar,iw,"Tsfanya St 10, Ashkelon","Tsfanya 10, Ashkelon",no
6502,1868 & זוטא,"דוד המלך 10, ירושלים",1868,"King David St 10, Jerusalem, Israel",ChIJV32Lx9MpAxURjqfRdoXbEus,1868,en,"דוד המלך 10, ירושלים","דוד המלך 10, ירושלים",yes,1868,en,"King David St 10, Jerusalem","David HaMelech 10, Jerusalem",no
6503,סוליקה הוד השרון,"הנשיאים 1, הוד השרון",סוליקה הוד השרון | Sulica Hod Hasharon,"Ha-Nesi'im St, Hod Hasharon, Israel",ChIJ33kqIUM5HRURkcS2gVPc1_k,סוליקה הוד השרון | Sulica Hod Hasharon,iw,"הנשיאים, הוד השרון","הנשיאים, הוד השרון",yes,סוליקה הוד השרון | Sulica Hod Hasharon,iw,"Ha-Nesi'im St, Hod Hasharon","HaNesi'im, Hod HaSharon",no
6504,sushiya ירושלים,"יוסף טרומפלדור 1, ירושלים",Sushiya Bezalel סושיה בצלאל,"Yosef Trumpeldor St 1, Jerusalem, 9459001, Israel",ChIJX9ryIirWAhURCoDJPdSM5XU,סושיה,iw,"יוסף טרומפלדור 1, ירושלים, 9459001","יוסף טרומפלדור 1, ירושלים",yes,Sushiya Bezalel סושיה בצלאל,en,"Yosef Trumpeldor St 1, Jerusalem, 9459001","Yosef Trumpeldor 1, Jerusalem",no
6505,דבוש נהריה,"שדרות הגעתון 29, נהריה",שווארמה דבוש נהריה,"Sderot HaGa'aton 29, Nahariya, 2244025, Israel",ChIJh0uPEF3PHRURhFVtTFSPIw4,שווארמה דבוש נהריה,iw,"שדרות הגעתון 29, נהריה, 2244025","שדרות הגעתון 29, נהריה",yes,שווארמה דבוש נהריה,iw,"Sderot HaGa'aton 29, Nahariya, 2244025","Sderot HaGa'aton 29, Nahariya",no
6507,BIGA גרנד חיפה,"שמחה גולן 54 , גרנד קניון, חיפה",Biga,"עופר גרנד קניון, Derech Simha Golan 54, Haifa, Israel",ChIJMwmFMPe6HRURPvyBTyhulbk,ביגה,iw,"עופר גרנד קניון, דרך שמחה גולן 54, חיפה","עופר גרנד קניון, דרך שמחה גולן 54, חיפה",yes,Biga,en,"עופר גרנד קניון, Derech Simha Golan 54, Haifa","עופר גרנד קניון, Derech Simha Golan 54, Haifa",yes
6508,אמא - ירושלים,"שמואל ברוך 55, ירושלים",מסעדת אמא,"Ha-Rav Shmuel Barukh St 55, Jerusalem, Israel",ChIJdZn8Ei_WAhURNYgL5wRmNbc,מסעדת אמא,iw,"הרב שמואל ברוך 55, ירושלים","הרב שמואל ברוך 55, ירושלים",yes,מסעדת אמא,iw,"Ha-Rav Shmuel Barukh St 55, Jerusalem","HaRav Shmuel Baruch 55, Jerusalem",no
6510,טגלוס,"מתחם גן העיר, כרמיאל",Tagalos,"Ha-Kharoshet St 15, Karmiel, Israel",ChIJ6YpmdWQxHBURn9AKmSrr-Vg,Tagalos,iw,"החרושת 15, כרמיאל","החרושת 15, כרמיאל",yes,Tagalos,iw,"Ha-Kharoshet St 15, Karmiel","HaHaroshet 15, Karmiel",no
6511,Blendiz Jaffa St 43,"יפו 43, ירושלים",Blendiz,"Jaffa St 43, Jerusalem, Israel",ChIJ9XcYIwApAxURFQ8fq0bowAA,Blendiz,en,"יפו 43, ירושלים","יפו 43, ירושלים",yes,Blendiz,en,"Jaffa St 43, Jerusalem","Yafo 43, Jerusalem",no
6512,מסעדת שופן,"נורדאו 5, באר שבע",Shufan,"Max Nordau St 5, Be'er Sheva, Israel",ChIJ3-Kqcj9mAhURuFLLyORBPHQ,המסעדה של שופן,iw,"מקס נורדאו 5, באר שבע","מקס נורדאו 5, באר שבע",yes,Shufan,en,"Max Nordau St 5, Be'er Sheva","Max Nordau 5, Beersheba",no
6513,BIGA גרנד באר שבע,"שדרות דוד טוביהו 125, באר שבע",Biga,"עופר גרנד קניון, David Tuviyahu Ave 125, Beersheba, Israel",ChIJb0afnhxlAhURAZkyqpVBA6Y,ביגה,iw,"עופר גרנד קניון, שדרות דוד טוביהו 125, באר שבע","עופר גרנד קניון, שדרות דוד טוביהו 125, באר שבע",yes,Biga,en,"עופר גרנד קניון, David Tuviyahu Ave 125, Beersheba","עופר גרנד קניון, David Tuviyahu Ave 125, Beersheba",yes
6514,גפניקה נתיבות,"בעלי המלאכה 203, נתיבות",ג׳פניקה נתיבות כשר | JAPANIKA NETIVOT KOSHER,"מתחם GT, בעלי המלאכה 203, נתיבות, 8776202, Israel",ChIJ85DwSd59AhUR1l0xf3SmEWo,ג׳פניקה נתיבות כשר | JAPANIKA NETIVOT KOSHER,iw,"מתחם GT, בעלי המלאכה 203, נתיבות, 8776202","מתחם GT, בעלי המלאכה 203, נתיבות",yes,ג׳פניקה נתיבות כשר | JAPANIKA NETIVOT KOSHER,iw,"מתחם GT, בעלי המלאכה 203, נתיבות, 8776202","מתחם GT, Ba'alei HaMelacha 203, Netivot",yes
6515,סאם בייגל'ס בן יהודה,"בן יהודה 11, ירושלים",Sam's Bagels,"Ben Yehuda St 11, Jerusalem, Israel",ChIJYy81_dYpAxURrOM6k_5mgMs,Sam's Bagels Ben Yehuda,iw,"בן יהודה 11, ירושלים","בן יהודה 11, ירושלים",yes,Sam's Bagels,en,"Ben Yehuda St 11, Jerusalem","Ben Yehuda 11, Jerusalem",no
6517,אזיה 19,"עזה 19, ירושלים",AZIA 19,"Azza St 19, Jerusalem, Israel",ChIJ2Xt9twTXAhUR_XAo-gULd2g,AZIA 19,en,"דרך עזה 19, ירושלים","דרך עזה 19, ירושלים",yes,AZIA 19,en,"Azza St 19, Jerusalem","Azza 19, Jerusalem",no
6519,יקבי ירושלים,"הצייר יעקב שטיינהרדט 1 ירושלים, ירושלים",visitor center - יקבי ירושלים אגודה חקלאית,"יעקב שטיינהרדט 1, ירושלים, Israel",ChIJk8tnAIApAxUR4dMsWqrG_lk,visitor center - יקבי ירושלים אגודה חקלאית,iw,"יעקב שטיינהרדט 1, ירושלים","יעקב שטיינהרדט 1, ירושלים",yes,visitor center - יקבי ירושלים אגודה חקלאית,iw,"יעקב שטיינהרדט 1, ירושלים","יעקב שטיינהרדט 1, Jerusalem",yes
6520,Looco,"שמחה גולן 54, חיפה",Looco,"Derech Simha Golan 54, Haifa, Israel",ChIJEZjY5_27HRURTcPIZPASlWs,Looco - לוקו,iw,"דרך שמחה גולן 54, חיפה","דרך שמחה גולן 54, חיפה",yes,Looco,en,"Derech Simha Golan 54, Haifa","Derech Simha Golan 54, Haifa",no
6521,פאטיו קפה,"הנשיא 3, אשקלון",Patio Cafe & Restaurant,"Ha-Nasi St 3, Ashkelon, Israel",ChIJMSHq2jedAhURmUL5WyjGJ4c,Patio Cafe & Restaurant,iw,"הנשיא 3, אשקלון","הנשיא 3, אשקלון",yes,Patio Cafe & Restaurant,iw,"Ha-Nasi St 3, Ashkelon","HaNasi 3, Ashkelon",no
6522,Burgers Bar אשדוד,"הגדוד העברי 5, גן העיר, אשדוד",Burgers bar,"Ha-Gdud ha-Ivri St 5, Ashdod, Israel",ChIJE2qXylWiAhURyGdJgeWBYrc,בורגרס בר | BurgersBar | אשדוד כשר,iw,"הגדוד העברי 5, אשדוד","הגדוד העברי 5, אשדוד",yes,Burgers bar,en,"Ha-Gdud ha-Ivri St 5, Ashdod","HaGdud Haivri 5, Ashdod",no
6523,Burgers Bar הדסה עין כרם,"מרכז רפואי הדסה, ישפרו סנטר, ירושלים",Burgers Bar Hadassah Ein Kerem,"ישפרו סנטר, Jerusalem, 9650201, Israel",ChIJV1WlrELXAhURH4lE3MiK1hk,בורגרס בר | BurgersBar | הדסה עין כרם כשר,iw,"ישפרו סנטר, ירושלים, 9650201",ישפרו סנטר,yes,Burgers Bar Hadassah Ein Kerem,en,"ישפרו סנטר, Jerusalem, 9650201",ישפרו סנטר,yes
6524,BIGA חדרה,"פרופסר דן שכטמן, 10 חדרה, חדרה",Biga,"פרופ דן שכטמן 10, Hadera, Israel",ChIJfQ0rAzgTHRURYWjS43yGQ60,ביגה חדרה,iw,"פרופ דן שכטמן 10, חדרה","פרופ דן שכטמן 10, חדרה",yes,Biga,en,"פרופ דן שכטמן 10, Hadera","פרופ דן שכטמן 10, Hadera",yes
6526,בייגל קפה רחביה,"הקרן הקיימת לישראל 31, ירושלים",בייגל קפה Bagel Cafe - רחביה,"HaKeren HaKayemet Le-Israel St 31, Jerusalem, 9242834, Israel",ChIJq0zBU2XXAhUReNl5W0_FVkE,בייגל קפה Bagel Cafe - רחביה,iw,"הקרן הקימת לישראל 31, ירושלים, 9242834","הקרן הקימת לישראל 31, ירושלים",yes,בייגל קפה Bagel Cafe - רחביה,iw,"HaKeren HaKayemet Le-Israel St 31, Jerusalem, 9242834","HaKeren HaKayemet Le-Israel 31, Jerusalem",no
6527,Sushi Tokyo - Beit Shemesh,"נחל ניצנים 8, בית שמש",סושי טוקיו בית שמש SUSHI TOKYO,"Nachal Nisanim St 8, Bet Shemesh, 9909639, Israel",ChIJEyoexnfDAhURreesHsUsF0w,סושי טוקיו בית שמש SUSHI TOKYO,iw,"נחל ניצנים 8, בית שמש, 9909639","נחל ניצנים 8, בית שמש",yes,סושי טוקיו בית שמש SUSHI TOKYO,iw,"Nachal Nisanim St 8, Bet Shemesh, 9909639","Nachal Nisanim 8, Beit Shemesh",no
6528,Wok To Walk  ירושלים (כשר),"דוד רמז 4, ירושלים",ווק טו ווק ירושלים,"David Remez St 4, Jerusalem, 9354102, Israel",ChIJMzm_dAopAxURhjeBFkiRa58,ווק טו ווק ירושלים,iw,"דוד רמז 4, ירושלים, 9354102","דוד רמז 4, ירושלים",yes,ווק טו ווק ירושלים,iw,"David Remez St 4, Jerusalem, 9354102","David Remez 4, Jerusalem",no
6529,La Pampa,"השקד 38, נהריה",La Pampa,"Hashaqed St 38, Nahariyya, Israel",ChIJib7leOEsHBURq2EQyuqu--I,לה פמפה נהריה,iw,"השקד 38, נהריה","השקד 38, נהריה",yes,La Pampa,en,"Hashaqed St 38, Nahariyya","Hashaqed 38, Nahariya",no
6531,Wok To Walk חדרה,"דן שכטמן 10, חדרה",ווק טו ווק חדרה,"פרופסור דן שכטמן 10, Hadera, Israel",ChIJSXFV8d4THRUR7MtXz2cmMRE,ווק טו ווק חדרה,iw,"פרופסור דן שכטמן 10, חדרה","פרופסור דן שכטמן 10, חדרה",yes,ווק טו ווק חדרה,iw,"פרופסור דן שכטמן 10, Hadera","פרופסור דן שכטמן 10, Hadera",yes
6532,רמבלה,"הרוקמים 2, חולון",רמבלה - Rambla,"Harokmim St 2, Holon, Israel",ChIJX3C9Es-1AhURdXPoan18-kM,רמבלה - Rambla,iw,"הרוקמים 2, חולון","הרוקמים 2, חולון",yes,רמבלה - Rambla,iw,"Harokmim St 2, Holon","Harokmim 2, Holon",no
6534,פיצה פאי,"מבצע נחשון 60, באר שבע",פיצה פאי - באר שבע,"Mivtsa Nakhshon St 60, Be'er Sheva, Israel",ChIJmTQSD2VmAhURbphbHfIVSi4,פיצה פאי - באר שבע,iw,"מבצע נחשון 60, באר שבע","מבצע נחשון 60, באר שבע",yes,פיצה פאי - באר שבע,en,"Mivtsa Nakhshon St 60, Be'er Sheva","Mivtsa Nahshon 60, Beersheba",no
6535,ברונו,"עמק רפאים 24, המושבה הגרמנית, ירושלים",Bruno,"Emek Refa'im St 24, Jerusalem, Israel",ChIJBXBOQLQpAxURC1RoUDdWmjA,ברונו,iw,"עמק רפאים 24, ירושלים","עמק רפאים 24, ירושלים",yes,Bruno,en,"Emek Refa'im St 24, Jerusalem","Emek Refaim 24, Jerusalem",no
6540,Goldy's ירושלים,"עזרת תורה 18, ירושלים",Goldy's | גולדיס' - בית ישראל אוכל מוכן ובייקרי,"Ezrat Tora St 18, Jerusalem, Israel",ChIJe5OzwB_WAhURTWLNOLjaO-U,מסעדת גולדיס בית ישראל,iw,"עזרת תורה 18, ירושלים","עזרת תורה 18, ירושלים",yes,Goldy's | גולדיס' - בית ישראל אוכל מוכן ובייקרי,en,"Ezrat Tora St 18, Jerusalem","Ezrat Tora 18, Jerusalem",no
6541,Takumi Modiin,"שדרות המלאכות 121 ישפרו סנטר, מודיעין",Takumi,"HaMelahot Blvd 122, Modi'in-Maccabim-Re'ut, Israel",ChIJJeGWE2HPAhURxbFCigxNL_k,Takumi,en,"שדרות המלאכות 122, מודיעין מכבים רעות","שדרות המלאכות 122, מודיעין מכבים רעות",yes,Takumi,en,"HaMelahot Blvd 122, Modi'in-Maccabim-Re'ut","Sderot HaMalhut 122, Modi'in Makabim-Re'ut",no
6542,Luciana ממילא,"שד' ממילא 8, ירושלים",Luciana,"ממילא 8, קניון ממילא, Jerusalem",ChIJM7doTC8oAxUR9cMWDzXzuLc,לוצ'נה ממילא,iw,"ממילא 8, קניון ממילא, ירושלים","ממילא 8, קניון ממילא, ירושלים",yes,Luciana,en,"ממילא 8, קניון ממילא, Jerusalem","ממילא 8, קניון ממילא, Jerusalem",yes
6543,Sushi N Bagels,"ירמיהו 68, ירושלים",SushiNBagels,"Yirmiyahu St 68, Jerusalem, Israel",ChIJs4LylmzXAhURyiITK_fxbhE,SushiNBagels,iw,"ירמיהו 68, ירושלים","ירמיהו 68, ירושלים",yes,SushiNBagels,iw,"Yirmiyahu St 68, Jerusalem","Yirmiyahu 68, Jerusalem",no
6544,באב אל ימן,"דרך עזה 29, ירושלים",Bab al-Yemen,"Azza St 29, Jerusalem, Israel",ChIJQXBFwezXAhURyJNcX7L9_iQ,באב אל ימן باب اليمن Bab Al Yemen,iw,"דרך עזה 29, ירושלים","דרך עזה 29, ירושלים",yes,Bab al-Yemen,en,"Azza St 29, Jerusalem","Azza 29, Jerusalem",no
6546,Station 9 | סטיישן 9,"דוד רמז 4, ירושלים",Station 9,"מתחם התחנה הראשונה, דוד רמז 4, ירושלים, Israel",ChIJ7YLkvS0oAxUR4uO_pNwdtTM,סטיישן 9,iw,"מתחם התחנה הראשונה, דוד רמז 4, ירושלים","מתחם התחנה הראשונה, דוד רמז 4, ירושלים",yes,Station 9,en,"מתחם התחנה הראשונה, דוד רמז 4, ירושלים","מתחם התחנה הראשונה, David Remez 4, Jerusalem",yes
6547,חמסה שווארמה וגריל בשרים,"יגאל אלון 3, בית שמש",חמסה – שווארמה בבית שמש,"BIG FASIHON, Yig'al Alon Ave 3, Beit Shemesh, 9906203, Israel",ChIJ5dkF-5vFAhUR3WE2ZEYxsAE,חמסה – שווארמה בבית שמש,iw,"BIG FASIHON, שדרות יגאל אלון 3, בית שמש, 9906203","BIG FASIHON, שדרות יגאל אלון 3, בית שמש",yes,חמסה – שווארמה בבית שמש,iw,"BIG FASIHON, Yig'al Alon Ave 3, Beit Shemesh, 9906203","BIG FASIHON, Yig'al Alon Ave 3, Beit Shemesh",no
6548,בציר,"מצדה 9, בני ברק",בציר,"מצדה 9, ב, בני ברק, 5120109, Israel",ChIJnRrzHfVLHRURnkmpWHfPDe8,בציר,iw,"מצדה 9, ב, בני ברק, 5120109","מצדה 9, ב, בני ברק",yes,בציר,iw,"מצדה 9, ב, בני ברק, 5120109","Mesada 9, ב, Bnei Brak",yes
6551,שמחה בר יין,"הנדיב 23, זכרון יעקב",שמחה בר יין של השף אוראל אוחיון -כשר simha wine bar,"Ha-Nadiv St 23, Zikhron Ya'akov, 3091124, Israel",ChIJ9yn9o7oJHRUResij0Hwkwzc,שמחה בר יין של השף אוראל אוחיון -כשר simha wine bar,iw,"הנדיב 23, זכרון יעקב, 3091124","הנדיב 23, זכרון יעקב",yes,שמחה בר יין של השף אוראל אוחיון -כשר simha wine bar,iw,"Ha-Nadiv St 23, Zikhron Ya'akov, 3091124","HaNadiv 23, Zihron Ya'akov",no
6553,OMERS,"שדרות התמרים 26, אילת",Omer's,"Sderot HaTmarim 26, Eilat, Israel",ChIJS8mYpmWzAhUR-77grUCY2Gk,עומר'ס - סנדוויץ' בר שף,iw,"שדרות התמרים 26, אילת","שדרות התמרים 26, אילת",yes,Omer's,en,"Sderot HaTmarim 26, Eilat","Sderot HaTmarim 26, Eilat",no
6558,על המנגל אופקים,"הפלדה 5, אופקים",על המנגל אופקים,"Ha-Plada St 5, Ofakim, 8759305, Israel",ChIJy8KuYvp7AhURiKQYW2J7Yo4,על המנגל אופקים,en,"הפלדה 5, אופקים, 8759305","הפלדה 5, אופקים",yes,על המנגל אופקים,en,"Ha-Plada St 5, Ofakim, 8759305","HaPlada 5, Ofakim",no
6559,פרמז'ן,"מצדה 9 ב', בני ברק",פרמזן ב.ס.ר בני ברק,"Metsada St 9, Bnei Brak, Israel",ChIJW_WG-0JLHRURL_K3OihQtS8,פרמזן ב.ס.ר בני ברק,iw,"מצדה 9, בני ברק","מצדה 9, בני ברק",yes,פרמזן ב.ס.ר בני ברק,iw,"Metsada St 9, Bnei Brak","Mesada 9, Bnei Brak",no
6560,שניצל שמש,"שדרות הדקל 12, בית שמש",שניצל שמש - מסעדה בבית שמש,"HaDekel Ave 12, Bet Shemesh, Israel",ChIJPYK_xX_FAhUR3HHQx0uMTo4,שניצל שמש - מסעדה בבית שמש,iw,"שדרות הדקל 12, בית שמש","שדרות הדקל 12, בית שמש",yes,שניצל שמש - מסעדה בבית שמש,iw,"HaDekel Ave 12, Bet Shemesh","Sderot HaDekel 12, Beit Shemesh",no
6561,מיו סושי בר,"הרצל 7, גדרה",מיו - מטבח אסיאתי & סושי,"Herzl St 7, Gedera, Israel",ChIJ59KxWOS7AhUR8GRmz82gAPY,מיו סושי בר,iw,"הרצל 7, גדרה","הרצל 7, גדרה",yes,מיו - מטבח אסיאתי & סושי,en,"Herzl St 7, Gedera","Herzl 7, Gedera",no
6565,אורוקוס מירון,"מושב מרון 1, מושב מירון",מסעדת אורוקס מירון,"Meron, Israel",ChIJM4s5KU8kHBURQXTaLSeW_gA,מסעדת אורוקס מירון,iw,מירון,מירון,yes,מסעדת אורוקס מירון,iw,Meron,Meron,no
6566,באבאג'ים,"עמק דותן 66, מודיעין",Baba Jim,"מרכז מרלז גינות דותן 66, Modi'in Makabim-Re'ut, Israel",ChIJ5zn6NRTNAhURtAhJN39Zl5Q,באבא ג'ים,iw,"מרכז מרלז גינות דותן 66, מודיעין מכבים רעות","מרכז מרלז גינות דותן 66, מודיעין מכבים רעות",yes,Baba Jim,en,"מרכז מרלז גינות דותן 66, Modi'in Makabim-Re'ut","מרכז מרלז גינות דותן 66, Modi'in Makabim-Re'ut",yes
6567,Joy Grill House,"שדרות ממילא 13, ירושלים",Joy Restaurant,"Mamilla Rd 13, Jerusalem, Israel",ChIJM7DW8dEpAxURrPiSm7-4Ls0,מסעדת ג'וי,iw,"ממילא 13, ירושלים","ממילא 13, ירושלים",yes,Joy Restaurant,en,"Mamilla Rd 13, Jerusalem","Derech Mamilla 13, Jerusalem",no
6568,The Hobbit,"המייסדים 54, זכרון יעקב",The Hobbit,"Ha-Meyasdim St 54, Zikhron Ya'akov, Israel",ChIJU8nh14EJHRURITDbuySG5IE,"""ההוביט"" the hobbit",iw,"המייסדים 54, זכרון יעקב","המייסדים 54, זכרון יעקב",yes,The Hobbit,en,"Ha-Meyasdim St 54, Zikhron Ya'akov","HaMeyasedim 54, Zihron Ya'akov",no
6569,טורו סושי אור יהודה,"יצחק רבין 5, אור יהודה",טורו סושי אור יהודה,"מתחם מיני, יצחק רבין 5, אור יהודה, Israel",ChIJJ6jOAj01HRURScPJbGlUWes,טורו סושי אור יהודה,iw,"מתחם מיני, יצחק רבין 5, אור יהודה","מתחם מיני, יצחק רבין 5, אור יהודה",yes,טורו סושי אור יהודה,iw,"מתחם מיני, יצחק רבין 5, אור יהודה","מתחם מיני, Itzhak rabin 5, Or Yehuda",yes
6570,B-FRESH - עזריאלי מודיעין,"לב העיר 2, מודיעין",B-Fresh,"קניון עזריאלי, לב העיר 2, מודיעין מכבים רעות, 7177806, Israel",ChIJzxuLeLjNAhURMwKhcKLO6D4,B-Fresh,iw,"קניון עזריאלי, לב העיר 2, מודיעין מכבים רעות, 7177806","קניון עזריאלי, לב העיר 2, מודיעין מכבים רעות",yes,B-Fresh,iw,"קניון עזריאלי, לב העיר 2, מודיעין מכבים רעות, 7177806","קניון עזריאלי, Lev ha-Ir 2, Modi'in Makabim-Re'ut",yes
6571,Zalmans- בית שמש,"יגאל אלון 6, בית שמש",Zalman's Bet Shemesh,"Yig'al Alon Ave 4, Beit Shemesh, Israel",ChIJN6_4JwDFAhURIgcDhmA8b1Y,Zalman's Bet Shemesh,en,"שדרות יגאל אלון 4, בית שמש","שדרות יגאל אלון 4, בית שמש",yes,Zalman's Bet Shemesh,en,"Yig'al Alon Ave 4, Beit Shemesh","Yig'al Alon Ave 4, Beit Shemesh",no
6572,קינג קונג נהריה,"הגעתון 31, נהריה",קינג קונג נהריה | KINGKONG,"Sderot HaGa'aton 31, Nahariya, 2244026, Israel",ChIJc1UY7HnPHRURw6j8_CL-4_k,קינג קונג נהריה | KINGKONG,iw,"שדרות הגעתון 31, נהריה, 2244026","שדרות הגעתון 31, נהריה",yes,קינג קונג נהריה | KINGKONG,iw,"Sderot HaGa'aton 31, Nahariya, 2244026","Sderot HaGa'aton 31, Nahariya",no
6573,Luciana מודיעין,"המלאכות 1, מודיעין",לוצ׳נה,"HaMelahot Blvd 1, Modi'in-Maccabim-Re'ut, Israel",ChIJCXIkGaHOAhURRIh57ssqVRI,לוצ׳נה,iw,"שדרות המלאכות 1, מודיעין מכבים רעות","שדרות המלאכות 1, מודיעין מכבים רעות",yes,לוצ׳נה,iw,"HaMelahot Blvd 1, Modi'in-Maccabim-Re'ut","Sderot HaMalhut 1, Modi'in Makabim-Re'ut",no
6574,רוזה מודיעין,"ישפרו סנטר, שד' המלאכות 1, מודיעין",ROZA,"ישפרו סנטר, שד' המלאכות 1, Modi'in Makabim-Re'ut, Israel",ChIJ2-ZTaKbOAhUR1I7a9Ed4aik,רוזה מודיעין,iw,"ישפרו סנטר, שד' המלאכות 1, מודיעין מכבים רעות","ישפרו סנטר, שד' המלאכות 1, מודיעין מכבים רעות",yes,ROZA,en,"ישפרו סנטר, שד' המלאכות 1, Modi'in Makabim-Re'ut","ישפרו סנטר, שד' המלאכות 1, Modi'in Makabim-Re'ut",yes
6578,B-FRESH - עזריאלי חולון,"גולדה מאיר 7, חולון, חולון",B-FRESH עזריאלי חולון,"Golda Me'ir St 7, Holon, 5845409, Israel",ChIJKdpWSpS1AhURmMQT15Xh9f4,B-FRESH עזריאלי חולון,iw,"גולדה מאיר 7, חולון, 5845409","גולדה מאיר 7, חולון",yes,B-FRESH עזריאלי חולון,iw,"Golda Me'ir St 7, Holon, 5845409","Golda Meir 7, Holon",no
6579,Zalmans- מדרחוב,"לונץ 3, ירושלים",Zalman's זלמנ'ס- מדרחוב,"Lunz St 3, Jerusalem, Israel",ChIJMUzmDiMpAxURyA_4VGLTUws,Zalman's זלמנ'ס- מדרחוב,iw,"לונץ 3, ירושלים","לונץ 3, ירושלים",yes,Zalman's זלמנ'ס- מדרחוב,iw,"Lunz St 3, Jerusalem","Lunz 3, Jerusalem",no
6580,Mula Botani,"הגן הבוטני האוניברסיטאי, גבעת רם, ירושלים",Jerusalem Botanical Gardens,"Yehuda Burla St 1, Jerusalem, Israel",ChIJX3JADsXXAhURaV3H0yR1F1o,הגן הבוטני האוניברסיטאי בגבעת רם,iw,"יהודה בורלא 1, ירושלים","יהודה בורלא 1, ירושלים",yes,Jerusalem Botanical Gardens,en,"Yehuda Burla St 1, Jerusalem","Yehuda Burla 1, Jerusalem",no
6582,Cinnabon באר שבע,"שדרות טוביהו 125 גראנד קניון, באר שבע",Cinnabon,"David Tuviyahu Ave 125, Beersheba, 84810, Israel",ChIJXSwaXgBlAhURERdtSieBBkI,Cinnabon,iw,"שדרות דוד טוביהו 125, באר שבע, 84810","שדרות דוד טוביהו 125, באר שבע",yes,Cinnabon,iw,"David Tuviyahu Ave 125, Beersheba, 84810","David Tuviyahu Ave 125, Beersheba",no
6583,קפה מנדרין,"צפרירים 1, חיפה",מנדרין צפרירים,"Tsafririm St 1, Haifa, Israel",ChIJN6d0_wW7HRURWJD-27JKNBo,מנדרין צפרירים,iw,"צפרירים 1, חיפה","צפרירים 1, חיפה",yes,מנדרין צפרירים,iw,"Tsafririm St 1, Haifa","Tsafririm 1, Haifa",no
6585,זהרה | Zahara,"בן סירא 16, ירושלים",מסעדת זהרה | Zahara,"Ben Sira St 16, Jerusalem, Israel",ChIJJ0WGfuwpAxURdsrM-sxY9dQ,מסעדת זהרה | Zahara,iw,"בן סירא 16, ירושלים","בן סירא 16, ירושלים",yes,מסעדת זהרה | Zahara,iw,"Ben Sira St 16, Jerusalem","Ben Sira 16, Jerusalem",no
6586,Burgers Bar בית הדפוס - גבעת שאול,"בית הדפוס 12, ירושלים",בורגרס בר | BurgersBar | גבעת שאול כשר,"Beit Ha-Defus St 12, Jerusalem, 9547754, Israel",ChIJT0dGCEvWAhUR1IuQIiJ2fGg,בורגרס בר | BurgersBar | גבעת שאול כשר,iw,"בית הדפוס 12, ירושלים, 9547754","בית הדפוס 12, ירושלים",yes,בורגרס בר | BurgersBar | גבעת שאול כשר,iw,"Beit Ha-Defus St 12, Jerusalem, 9547754","Beit Ha-Defus 12, Jerusalem",no
6590,Pizza Van Gogh,"שדרות דוד המלך 34, אור עקיבא",פיצה ואן גוך,"Sderot David HaMelech 34, Or Akiva, 3063654, Israel",ChIJOyBiRd4NHRUR-SY8gK8EKLM,פיצה ואן גוך,iw,"שדרות דוד המלך 34, אור עקיבא, 3063654","שדרות דוד המלך 34, אור עקיבא",yes,פיצה ואן גוך,iw,"Sderot David HaMelech 34, Or Akiva, 3063654","Sderot David HaMelech 34, Or Akiva",no
6591,סלבדור,"שדרות יצחק רבין 10, ירושלים",קפה סלבדור סינמה סיטי - salvador cafe,"Sderot Yitshak Rabin 10, Jerusalem, Israel",ChIJMSkRqbDXAhURkhR8lFvLRdQ,קפה סלבדור סינמה סיטי - salvador cafe,iw,"שדרות יצחק רבין 10, ירושלים","חניון, שדרות יצחק רבין 10, ירושלים",yes,קפה סלבדור סינמה סיטי - salvador cafe,iw,"Sderot Yitshak Rabin 10, Jerusalem","Parking lot, Sderot Yitshak Rabin 10, Jerusalem",no
6595,UMA NI | חדרה,"חטיבת גולני 23, חדרה",Uma Ni אומה ני,"Khativat Golani St 23, Hadera, Israel",ChIJffkbDAATHRUR-NtGGFM2sr4,אומה ני,iw,"חטיבת גולני 23, חדרה","חטיבת גולני 23, חדרה",yes,Uma Ni אומה ני,en,"Khativat Golani St 23, Hadera","Hativat Golani 23, Hadera",no
6597,B-FRESH - מול החוף וילג' חדרה,"שכטמן 10 חדרה, חדרה",B-FRESH מול החוף וילג,"שכטמן 10, חדרה, Israel",ChIJ4ShZXN0THRURXHvg6Xw5tBw,B-FRESH מול החוף וילג,iw,"שכטמן 10, חדרה","שכטמן 10, חדרה",yes,B-FRESH מול החוף וילג,iw,"שכטמן 10, חדרה","שכטמן 10, Hadera",yes
6598,"Burgers Bar רמות, ירושלים","שדרות גולדה מאיר 255, ירושלים",Burgers Bar,"Golda Me'ir Boulevard 255, Jerusalem",ChIJX6V4fAvWAhURzbUQ4UtDCbs,Burgers Bar | בורגרס בר | המבורגר כשר ירושלים,iw,"שדרות גולדה מאיר 255, ירושלים","שדרות גולדה מאיר 255, ירושלים",yes,Burgers Bar,en,"Golda Me'ir Boulevard 255, Jerusalem","Golda Me'ir Boulevard 255, Jerusalem",no
6599,Sandwich Factory,"אריה שנקר 16, הרצליה",Sandwich Factory,"Arye Shenkar St 16, Herzliya, 46725, Israel",ChIJxcYUiCVGHRURqHki0_YQiIo,סנדוויץ´ פקטורי,iw,"רחוב אריה שנקר 16, הרצליה, 46725","רחוב אריה שנקר 16, הרצליה",yes,Sandwich Factory,en,"Arye Shenkar St 16, Herzliya, 46725","Arieh Shenkar 16, Hertsliya",no
6602,Burgers Bar תחנה מרכזית ירושלים,"יפו 224, ירושלים",Burgers Bar,"תחנה מרכזית, Yafo 222, Jerusalem, 9438310, Israel",ChIJJ22LoDrWAhURIrDLmFWUWvI,בורגרס בר | BurgersBar | תחנה מרכזית ירושלים כשר,iw,"תחנה מרכזית, יפו 222, ירושלים, 9438310","תחנה מרכזית, יפו 222, ירושלים",yes,Burgers Bar,en,"תחנה מרכזית, Yafo 222, Jerusalem, 9438310","תחנה מרכזית, Yafo 222, Jerusalem",yes
6604,Good Burger נווה זאב,"יוהנה ז'בוטינסקי 15, באר שבע",גוד בורגר Good Burger - נווה זאב,"Sderot Johana Jabotinsky 15, Beersheba, Israel",ChIJZ0Mm5L1lAhURZ_SLgjrFPHQ,גוד בורגר Good Burger - נווה זאב,iw,"שדרות יוהנה ז'בוטינסקי 15, באר שבע","שדרות יוהנה ז'בוטינסקי 15, באר שבע",yes,גוד בורגר Good Burger - נווה זאב,iw,"Sderot Johana Jabotinsky 15, Beersheba","Sderot Johana Jabotinsky 15, Beersheba",no
6605,B-FRESH - ישפרו מודיעין,"שדרות המלאכות ישפרו סנטר, מודיעין",B-Fresh,"HaMelahot Blvd 21, Modi'in-Maccabim-Re'ut, Israel",ChIJV8lqDDnPAhUR5FfuDlA16cE,B-FRESH מודיעין - ישפרו סנטר,iw,"שדרות המלאכות 21, מודיעין מכבים רעות","שדרות המלאכות 21, מודיעין מכבים רעות",yes,B-Fresh,en,"HaMelahot Blvd 21, Modi'in-Maccabim-Re'ut","Sderot HaMalhut 21, Modi'in Makabim-Re'ut",no
6609,Burgers Bar עזריאלי מודיעין,"קניון עזריאלי, מודיעין",בורגרס בר,"Lev ha-Ir St 2, Modi'in-Maccabim-Re'ut, 7177806, Israel",ChIJ99vP7MTNAhURQUf4YdevNrU,בורגרס בר | BurgersBar | מודיעין עזריאלי כשר,iw,"לב העיר 2, מודיעין מכבים רעות, 7177806","לב העיר 2, מודיעין מכבים רעות",yes,בורגרס בר,ar,"Lev ha-Ir St 2, Modi'in-Maccabim-Re'ut, 7177806","Lev ha-Ir 2, Modi'in Makabim-Re'ut",no
6610,דבוש אזור,"דרך השבעה 20, חולון",Shawarma Daboosh,"מתחם תחנת דלק מבוא שומרון, Derech HaShiv'a 20, Holon, Israel",ChIJh62hFDVLHRURBvCUlZekOJg,שווארמה דבוש אזור,iw,"מתחם תחנת דלק מבוא שומרון, דרך השבעה 20, חולון","מתחם תחנת דלק מבוא שומרון, דרך השבעה 20, חולון",yes,Shawarma Daboosh,en,"מתחם תחנת דלק מבוא שומרון, Derech HaShiv'a 20, Holon","מתחם תחנת דלק מבוא שומרון, Derech HaShiv'a 20, Holon",yes
6611,B-FRESH - סטאר סנטר אשדוד,"ז'בוטינסקי 45, אשדוד",B-FRESH סטאר סנטר,"Jabotinski St 45, Ashdod, Israel",ChIJ1_xHsB2jAhURpwEHxGYIQx4,B-FRESH סטאר סנטר,iw,"ז'בוטינסקי 45, אשדוד","ז'בוטינסקי 45, אשדוד",yes,B-FRESH סטאר סנטר,en,"Jabotinski St 45, Ashdod","Jabotinsky 45, Ashdod",no
6612,Burgers Bar בר אילן - גבעת שמואל,"האורנים 1, גבעת שמואל",בורגרס בר | BurgersBar | גבעת שמואל כשר,"מרכז מסחרי, Oranim 1, Giv'at Shmu'el, 5405201, Israel",ChIJB55wiGtKHRURdO2uuPSVyE8,בורגרס בר | BurgersBar | גבעת שמואל כשר,iw,"מרכז מסחרי, אורנים 1, גבעת שמואל, 5405201","מרכז מסחרי, אורנים 1, גבעת שמואל",yes,בורגרס בר | BurgersBar | גבעת שמואל כשר,iw,"מרכז מסחרי, Oranim 1, Giv'at Shmu'el, 5405201","מרכז מסחרי, Oranim 1, Giv'at Shmu'el",yes
6613,נאמן N המושבה,"עמק רפאים 37, ירושלים",נאמן קונדיטוריה וקפה,"Emek Refa'im St 37, Jerusalem, Israel",ChIJ161gFyYoAxURrLbsE8eFz6w,נאמן קונדיטוריה וקפה,iw,"עמק רפאים 37, ירושלים","עמק רפאים 37, ירושלים",yes,נאמן קונדיטוריה וקפה,en,"Emek Refa'im St 37, Jerusalem","Emek Refaim 37, Jerusalem",no
6614,דנוור סטייק האוס,"דרך חברון 101, ירושלים",Denver Steak House,"Hebron Rd 101, Jerusalem, 9348001, Israel",ChIJo0dZBLspAxURNCraVu0Tkuo,דנוור- סטייק האוס - מסעדת בשרים בירושלים,iw,"דרך חברון 101, ירושלים, 9348001","דרך חברון 101, ירושלים",yes,Denver Steak House,en,"Hebron Rd 101, Jerusalem, 9348001","Derech Hevron 101, Jerusalem",no
6615,Zalmans - רוממה,"ירמיהו 9, ירושלים",זלמנס רוממה,"Yirmiyahu St 9, Jerusalem, 9446135, Israel",ChIJj0GahRfXAhURughqeruKAkI,זלמנס רוממה,en,"ירמיהו 9, ירושלים, 9446135","ירמיהו 9, ירושלים",yes,זלמנס רוממה,en,"Yirmiyahu St 9, Jerusalem, 9446135","Yirmiyahu 9, Jerusalem",no
6616,Flam Winery,"יער הקדושים, אשתאול",Flam Winery,"יער הקדושים, יער, הקדושים, Eshta'ol, Israel",ChIJacShsLfQAhURK4M0FbZe38I,יקב פלם,iw,"יער הקדושים, יער, הקדושים, Eshta'ol","יער הקדושים, יער, הקדושים, אשתאול",yes,Flam Winery,en,"יער הקדושים, יער, הקדושים, Eshta'ol","יער הקדושים, יער, הקדושים, Eshta'ol",yes
6618,Meron Bakery גרנד,"שמחה גולן 54, חיפה",מירון בית מאפה,"Derech Simha Golan 54, Haifa, Israel",ChIJo3UsmC-7HRURzQn0eRXFkzw,מירון בית מאפה,en,"דרך שמחה גולן 54, חיפה","דרך שמחה גולן 54, חיפה",yes,מירון בית מאפה,en,"Derech Simha Golan 54, Haifa","Derech Simha Golan 54, Haifa",no
6619,רוטו,"שדרות הגעתון 33, נהריה",Rotto- רוטו נהריה,"Sderot HaGa'aton 33, Nahariya, 2244027, Israel",ChIJ2WNSw8XPHRURvwxl8xKbRoA,Rotto- רוטו נהריה,iw,"שדרות הגעתון 33, נהריה, 2244027","שדרות הגעתון 33, נהריה",yes,Rotto- רוטו נהריה,iw,"Sderot HaGa'aton 33, Nahariya, 2244027","Sderot HaGa'aton 33, Nahariya",no
6620,Zalmans - רמות,"קניון רמות, ירושלים",Zalman's זלמנ'ס-רמות,"Golda Me'ir Boulevard 255, Jerusalem",ChIJx7lU1Q7XAhURmXSKhN6MGwQ,Zalman's זלמנ'ס-רמות,iw,"שדרות גולדה מאיר 255, ירושלים","שדרות גולדה מאיר 255, ירושלים",yes,Zalman's זלמנ'ס-רמות,iw,"Golda Me'ir Boulevard 255, Jerusalem","Golda Me'ir Boulevard 255, Jerusalem",no
6621,The Terrace - הטרסה,"אגרון 26, ירושלים",The Terrace || הטרסה,"Gershon Agron St 26-28, Jerusalem, 9419008, Israel",ChIJXV7GUGgpAxURCRCHin7BxR4,The Terrace || הטרסה,en,"גרשון אגרון 26-28, ירושלים, 9419008","גרשון אגרון 26-28, ירושלים",yes,The Terrace || הטרסה,en,"Gershon Agron St 26-28, Jerusalem, 9419008","Gershon Agron 26-28, Jerusalem",no
6623,בונה,"העבודה 69, אשדוד",בונה מבית נפוליאון -Bona By Napoleon,"Ha-Avoda St 69, Ashdod, 7776005, Israel",ChIJb95B9JyjAhURULHs9Rp6CVQ,בונה מבית נפוליאון -Bona By Napoleon,iw,"העבודה 69, אשדוד, 7776005","העבודה 69, אשדוד",yes,בונה מבית נפוליאון -Bona By Napoleon,iw,"Ha-Avoda St 69, Ashdod, 7776005","HaAvoda 69, Ashdod",no
6625,קפה בית פיינברג,"ז'בוטינסקי 34, חדרה",Café Feinberg,"Jabotinsky St 34, Hadera, Israel",ChIJCwP63U4SHRUREXvrF5gniCw,קפה פיינברג-מהדרין,iw,"ז'בוטינסקי 34, חדרה","ז'בוטינסקי 34, חדרה",yes,Café Feinberg,en,"Jabotinsky St 34, Hadera","Jabotinsky 34, Hadera",no
6626,Burgers Bar הגבעה הצרפתית,"ההגנה 21, ירושלים",Burgers Bar,"Ha-Hagana St 21, Jerusalem",ChIJ2RQznYwpAxURWLyO6a2BJC8,Burgers Bar | בורגרס בר | המבורגר כשר גבעה צרפתית ירושלים,iw,"רחוב ההגנה 21, ירושלים","רחוב ההגנה 21, ירושלים",yes,Burgers Bar,en,"Ha-Hagana St 21, Jerusalem","HaHagana 21, Jerusalem",no
6627,מסעדת חוות רום- מהמשק לצלחת,"הר כמון, חוות רום",מסעדת חוות רום- מהמשק לצלחת,"חוות רום, כמון, 2011200, Israel",ChIJ65ulRkwxHBURe8dawRtR0f8,מסעדת חוות רום- מהמשק לצלחת,iw,"חוות רום, כמון, 2011200","חוות רום, כמון",yes,מסעדת חוות רום- מהמשק לצלחת,iw,"חוות רום, כמון, 2011200","חוות רום, Kamon",yes
6631,קפה רימון  - בית שמש,"יגאל אלון 3 קניון ביג פאשן, בית שמש",Rimon,"Yig'al Alon Ave 3, Beit Shemesh, Israel",ChIJ01bHYVfEAhURn7XbFYxaIxs,קפה רימון,iw,"שדרות יגאל אלון 3, בית שמש","שדרות יגאל אלון 3, בית שמש",yes,Rimon,en,"Yig'al Alon Ave 3, Beit Shemesh","Yig'al Alon Ave 3, Beit Shemesh",no
6632,CRAVE,"השיקמה 1, ירושלים",Crave Gourmet Street Food,"Ha-Shikma St 1, Jerusalem, 9432301, Israel",ChIJ09CU8ijWAhUR5-QjaXy-18s,קרייב - גורמה סטריט פוד,iw,"השיקמה 1, ירושלים, 9432301","השיקמה 1, ירושלים",yes,Crave Gourmet Street Food,en,"Ha-Shikma St 1, Jerusalem, 9432301","HaShikma 1, Jerusalem",no
6633,לה פיאדרה ארנונה,"דניאל ינובסקי 17, ירושלים",La piedra Arnona,"17 Daniel Yanovski St, Jerusalem",ChIJ-Z1tcsIpAxURjwpHkOEyc0s,לה פיאדרה ארנונה- la Piedra Arnona,iw,"17 רחוב דניאל ינובסקי, ירושלים","רחוב דניאל ינובסקי 17, ירושלים",yes,La piedra Arnona,en,"17 Daniel Yanovski St, Jerusalem","Daniel Yanovski 17, Jerusalem",no
6635,Burgers Bar קניון הדר,"גנרל פייר קניג 26, ירושלים",בורגרס בר | BurgersBar | קניון הדר כשר,"General Pierre Koenig St 26, Jerusalem, 9346934, Israel",ChIJef3MmZ_XAhURDpDeLYHD_ms,בורגרס בר | BurgersBar | קניון הדר כשר,en,"גנרל פייר קניג 26, ירושלים, 9346934","גנרל פייר קניג 26, ירושלים",yes,בורגרס בר | BurgersBar | קניון הדר כשר,en,"General Pierre Koenig St 26, Jerusalem, 9346934","General Pierre Koenig 26, Jerusalem",no
6636,פיצה משואה,"אריה דולצ'ין 26, ירושלים",פיצה משואה,"Arye Dultsin St 26, Jerusalem, Israel",ChIJ4zkU3n_XAhURy2AfiK3RHl4,פיצה משואה,iw,"אריה דולצ'ין 26, ירושלים","אריה דולצ'ין 26, ירושלים",yes,פיצה משואה,iw,"Arye Dultsin St 26, Jerusalem","Arieh Dulzin 26, Jerusalem",no
6638,B-FRESH - בן יהודה,"בן יהודה 5, ירושלים",B-FRESH בן יהודה,"Ben Yehuda St 5, Jerusalem, 94624, Israel",ChIJAwko53UpAxURfdSGNVw9DoI,B-FRESH בן יהודה,iw,"בן יהודה 5, ירושלים, 94624","בן יהודה 5, ירושלים",yes,B-FRESH בן יהודה,iw,"Ben Yehuda St 5, Jerusalem, 94624","Ben Yehuda 5, Jerusalem",no
6640,FIORI ירושלים,"דוד רמז 4, ירושלים",Pizza Fiori,"David Remez St 4, Jerusalem, Israel",ChIJbfLzci4oAxUR685iWo-2ho4,פיורי ירושלים,iw,"דוד רמז 4, ירושלים","דוד רמז 4, ירושלים",yes,Pizza Fiori,en,"David Remez St 4, Jerusalem","David Remez 4, Jerusalem",no
6642,Poke Van Yokne'am Illit,"המלאכה 1, יקנעם עלית",פוקי ואן - Poke Van,"פינת תמר, HaMelacha St 1, Yokne'am Illit, 2069812, Israel",ChIJWRcSSA-vHRURhRqmsc9_Xyk,פוקי ואן - Poke Van,en,"פינת תמר, HaMelacha St 1, Yokne'am Illit, 2069812","פינת תמר, המלאכה 1, יוקנעם עילית",yes,פוקי ואן - Poke Van,en,"פינת תמר, HaMelacha St 1, Yokne'am Illit, 2069812","פינת תמר, HaMelacha 1, Yokne'am Illit",yes
6643,ווין אנד וייב,"שדרות מנחם בגין 21, מודיעין",Wine&Vibe -בר יין במודיעין,"מתחם טרסה בוכמן, Derech Menachem Begin 21, קומה עליונה, Modi'in Makabim-Re'ut, Israel",ChIJL--Oc-XNAhUR9Na9CVVNUMg,Wine&Vibe -בר יין במודיעין,iw,"מתחם טרסה בוכמן, דרך מנחם בגין 21, קומה עליונה, מודיעין מכבים רעות","מתחם טרסה בוכמן, דרך מנחם בגין 21, קומה עליונה, מודיעין מכבים רעות",yes,Wine&Vibe -בר יין במודיעין,iw,"מתחם טרסה בוכמן, Derech Menachem Begin 21, קומה עליונה, Modi'in Makabim-Re'ut","מתחם טרסה בוכמן, Derech Menachem Begin 21, קומה עליונה, Modi'in Makabim-Re'ut",yes
6645,Zalmans-  לוד,"שדרות ירושלים, לוד",זלמנס לוד,"Yerushalayim Ave, Lod, Israel",ChIJZZ8YKEvLAhURKFa301YPGbU,זלמנס לוד,iw,"שדרות ירושלים, לוד","גן משה פריאנטי, שדרות ירושלים, לוד",yes,זלמנס לוד,iw,"Yerushalayim Ave, Lod","גן משה פריאנטי, Yerushalayim Ave, Lod",no
6646,אל דנטה,"אוסישקין 50, ירושלים",Al Dente,"Menahem Ussishkin St 50, Jerusalem, 94541, Israel",ChIJ36p-SyrWAhURreoc9kFoIuo,AL DENTE,iw,"מנחם אוסישקין 50, ירושלים, 94541","מנחם אוסישקין 50, ירושלים",yes,Al Dente,en,"Menahem Ussishkin St 50, Jerusalem, 94541","Menahem Ussishkin 50, Jerusalem",no
6647,מאו סושי,"קרן היסוד 8, באר יעקב",MaO Sushi,"Keren HaYesod St 8, Be'er Ya'akov, 7030708, Israel",ChIJ2X-gtuy1AhURfxVK6ETeeJw,מאו סושי,iw,"קרן היסוד 8, באר יעקב, 7030708","קרן היסוד 8, באר יעקב",yes,MaO Sushi,en,"Keren HaYesod St 8, Be'er Ya'akov, 7030708","Keren HaYesod 8, Be'er Ya'akov",no
6648,B-FRESH - נשר,"דרך בר יהודה 147, נשר",Bfresh,"Bar Yehuda Road, Nesher, Israel",ChIJ139z8gG7HRUR84HNiyJvNJU,Bfresh,iw,"דרך בר יהודה, נשר","דרך בר יהודה, נשר",yes,Bfresh,iw,"Bar Yehuda Road, Nesher","Bar Yehuda Road, Nesher",no
6651,BIGA כרמיאל,"מעלה כמון 2, כרמיאל",כשר Biga - ביג כרמיאל,"ביג כרמיאל Ma'ale, Ma'ale Kamon St 2, Karmiel, Israel",ChIJ19Ot_XQxHBUROZzcjGBKsos,Biga - ביגה כרמיאל,iw,"ביג כרמיאל Ma'ale, Ma'ale Kamon St 2, Karmiel","ביג כרמיאל Ma'ale, מעלה כמון 2, כרמיאל",yes,כשר Biga - ביג כרמיאל,en,"ביג כרמיאל Ma'ale, Ma'ale Kamon St 2, Karmiel","ביג כרמיאל Ma'ale, Ma'ale Kamon 2, Karmiel",yes
6652,BIGA נווה שאנן חיפה,"שלום עליכם 5, מרכז זיו, חיפה",Biga Ziv Center,"Shalom Aleichem St 5, Haifa, Israel",ChIJxYZdl_K6HRURd70JtP-mu_Q,ביגה מרכז זיו,iw,"שלום עליכם 5, חיפה","מרכז זיו, שלום עליכם 5, חיפה",yes,Biga Ziv Center,en,"Shalom Aleichem St 5, Haifa","Ziv Center, Shalom Aleichem 5, Haifa",no
6653,VIVINO כרמיאל,"החרושת 15, כרמיאל",VIVINO - ויוינו כרמיאל,"Ha-Kharoshet St 15, Karmiel, Israel",ChIJjfkLTtcxHBURUPhuAUIuz_I,VIVINO - ויוינו כרמיאל,iw,"החרושת 15, כרמיאל","החרושת 15, כרמיאל",yes,VIVINO - ויוינו כרמיאל,iw,"Ha-Kharoshet St 15, Karmiel","HaHaroshet 15, Karmiel",no
6655,יקב בנימינה,"היקב 2, בנימינה",Binyamina Winery,"Ha-Yekev St 6, Binyamina-Giv'at Ada, Israel",ChIJaXUTVhkMHRURUCIdTca2OpM,יקב בנימינה - אירועים וכנסים,iw,"היקב 6, בנימינה גבעת עדה","היקב 6, בנימינה גבעת עדה",yes,Binyamina Winery,en,"Ha-Yekev St 6, Binyamina-Giv'at Ada","Ha'yekev 6, Binyamina Giv'at Ada",no
6656,צדקיהו TO - GO,"יד חרוצים 22, ירושלים",Tzidkiyahu To-Go,"Yad Harutsim St 22, Jerusalem, Israel",ChIJaZxgH_ApAxURHDa8m0rDqls,צדקיהו To-Go,iw,"יד חרוצים 22, ירושלים","יד חרוצים 22, ירושלים",yes,Tzidkiyahu To-Go,en,"Yad Harutsim St 22, Jerusalem","Yad Harutsim 22, Jerusalem",no
6657,Meron Bakery- דרך הים,"דרך הים 2, חיפה","מירון מאפה זהב בע""מ","HaYam Rd 2, Haifa, Israel",ChIJyWUrBam7HRURhlb08d_N5k4,"מירון מאפה זהב בע""מ",iw,"דרך הים 2, חיפה","דרך הים 2, חיפה",yes,"מירון מאפה זהב בע""מ",iw,"HaYam Rd 2, Haifa","Derech HaYam 2, Haifa",no
6663,Burgers Bar תלפיות,"האומן 14, ירושלים",Burgers Bar,"HaUman St 14, Jerusalem, 9342109, Israel",ChIJXUfszeHXAhURcHWK-XhXvtQ,בורגרס בר | BurgersBar | תלפיות ירושלים כשר,iw,"האומן 14, ירושלים, 9342109","האומן 14, ירושלים",yes,Burgers Bar,en,"HaUman St 14, Jerusalem, 9342109","HaUman 14, Jerusalem",no
6665,Sense,"המלאכה 4, נתניה",Sense / מסעדת סנס,"Ha-Melakha St 4, Netanya, Israel",ChIJJRI-08dBHRUR71bI_p9Wmr0,Sense / מסעדת סנס,fr,"המלאכה 4, נתניה","המלאכה 4, נתניה",yes,Sense / מסעדת סנס,fr,"Ha-Melakha St 4, Netanya","HaMelacha 4, Netanya",no
6666,עלאש גריל,"שדרות הרכס 13, מודיעין",Ala'esh,"HaReches Blvd 13, Modi'in-Maccabim-Re'ut, 7178628, Israel",ChIJx0GXvhPNAhUR8PoHRMJlvQo,עלׇאֶש - בית של בשר,iw,"שדרות הרכס 13, מודיעין מכבים רעות, 7178628","שדרות הרכס 13, מודיעין מכבים רעות",yes,Ala'esh,en,"HaReches Blvd 13, Modi'in-Maccabim-Re'ut, 7178628","Sderot HaReches 13, Modi'in Makabim-Re'ut",no
6667,ביסטרו סושי,"היין 20, זכרון יעקב",ביסטרו סושי,"Ha-Yayin St 20, Zikhron Ya'akov, 30900, Israel",ChIJjVJw8rkJHRURg9qTcEqI5XQ,ביסטרו סושי,en,"היין 20, זכרון יעקב, 30900","היין 20, זכרון יעקב",yes,ביסטרו סושי,en,"Ha-Yayin St 20, Zikhron Ya'akov, 30900","HaYayin 20, Zihron Ya'akov",no
6668,Casa Lavi,"דרך בית לחם 41, ירושלים",CASA LAVI,"Beit Lehem Rd 41, Jerusalem, Israel",ChIJUzoWzn8pAxURdaHYBvC7ndA,CASA LAVI,iw,"בית לחם 41, ירושלים","בית לחם 41, ירושלים",yes,CASA LAVI,iw,"Beit Lehem Rd 41, Jerusalem","Derech Beit Lehem 41, Jerusalem",no
6669,שושנה,"ניר 5, כפר סבא",שושנה כפר סבא,"Nir St 5, Kefar Sava, Israel",ChIJobAJP9g5HRURCZKuLjrb_IY,שושנה כפר סבא,iw,"ניר 5, כפר סבא","ניר 5, כפר סבא",yes,שושנה כפר סבא,iw,"Nir St 5, Kefar Sava","Nir 5, Kfar Saba",no
6670,נאמן N קניון גבעתיים,"דרך יצחק רבין 53, גבעתיים",Neeman,"מגדלי עזריאלי, Derech Yitshak Rabin 53, Giv'atayim, Israel",ChIJK-xbxKhLHRURVnAfrdY-5SI,נאמן קונדטוריה וקפה,iw,"מגדלי עזריאלי, דרך יצחק רבין 53, גבעתיים","מגדלי עזריאלי, דרך יצחק רבין 53, גבעתיים",yes,Neeman,en,"מגדלי עזריאלי, Derech Yitshak Rabin 53, Giv'atayim","מגדלי עזריאלי, Derech Yitshak Rabin 53, Giv'atayim",yes
6671,גפניקה חיפה קוויק- כשר,"קדושי יאסי 1, חיפה",ג'פניקה קוויק חיפה כשר | JAPANIKA QUICK HAIFA KOSHER,"Kdoshei Jassy St 1, Haifa, Israel",ChIJyVCoBs-7HRURtZ-rA4BkLfw,ג'פניקה קוויק חיפה כשר | JAPANIKA QUICK HAIFA KOSHER,iw,"קדושי יאסי 1, חיפה","קדושי יאסי 1, חיפה",yes,ג'פניקה קוויק חיפה כשר | JAPANIKA QUICK HAIFA KOSHER,iw,"Kdoshei Jassy St 1, Haifa","Kdoshei Iasi 1, Haifa",no
6676,Pescado,"מרטין בובר 1, אשדוד",Pescado,"Martin Buber St 1/12, Ashdod, Israel",ChIJUUxvh6CjAhURs9np0Z_2At4,פסקדו אשדוד,iw,"מרטין בובר 1/12, אשדוד","מרטין בובר 1/12, אשדוד",yes,Pescado,en,"Martin Buber St 1/12, Ashdod","Martin Buber 1/12, Ashdod",no
6678,BBB נהריה,"ויצמן 71, נהריה",BBB Nahariya,"Weizman St 71, Nahariyya, Israel",ChIJo-9twlfOHRURr-RLtA3qrak,BBB נהריה,iw,"וייצמן 71, נהריה","וייצמן 71, נהריה",yes,BBB Nahariya,en,"Weizman St 71, Nahariyya","Weizman 71, Nahariya",no
6679,סביח גריל בשרים | חיפה,"211 שדרות ההסתדרות, חיפה",Sabich Barbecue,"HaHistadrut Ave 211, Haifa, Israel",ChIJQTmc9AO7HRURva5-GgWgoCw,סביח גריל בשרים,iw,"שדרות ההסתדרות 211, חיפה","שדרות ההסתדרות 211, חיפה",yes,Sabich Barbecue,en,"HaHistadrut Ave 211, Haifa","Sderot HaHistadrut 211, Haifa",no
6680,Burgers Bar עיר ימים,"שושנה דמארי 30, מרכז פיאנו עיר ימים, נתניה",Burgers Bar,"Shoshana Damari St 10, Netanya, 4266000, Israel",ChIJ3_3KyrxBHRURmhp2lHQZ48Y,בורגרס בר BurgersBar | המבורגר כשר נתניה עיר ימים,iw,"שושנה דמארי 10, נתניה, 4266000","שושנה דמארי 10, נתניה",yes,Burgers Bar,en,"Shoshana Damari St 10, Netanya, 4266000","Shoshana Damari 10, Netanya",no
6682,Forest,"הזית 168, מושב מעונה",Forest,"HaZayit St 168, Me'ona, 2492000, Israel",ChIJJyqYi-QtHBURrRP-Pr0kvqE,Forest,iw,"הזית 168, מעונה, 2492000","הזית 168, מעונה",yes,Forest,iw,"HaZayit St 168, Me'ona, 2492000","HaZayit 168, Me'ona",no
6683,B-FRESH - אריאל,"הבנאי 1 קניון מגה אור, אריאל",B-FRESH אריאל,"Ha-Banai St 1, אריאל, Israel",ChIJ9TqR5oe1AhURkg0SLQc5jqY,B-FRESH אריאל,iw,"הבנאי 1, אריאל","הבנאי 1, אריאל",yes,B-FRESH אריאל,iw,"Ha-Banai St 1, אריאל","HaBanay 1, אריאל",yes
6684,HBB גדרה,"הרצל 3, גדרה",חביבי המבורגר גדרה - HBB Burger,"Herzl St 3, Gedera, 7040002, Israel",ChIJMdMP0xe7AhURiIM12xiNFHI,חביבי המבורגר גדרה - HBB Burger,iw,"הרצל 3, גדרה, 7040002","הרצל 3, גדרה",yes,חביבי המבורגר גדרה - HBB Burger,iw,"Herzl St 3, Gedera, 7040002","Herzl 3, Gedera",no
6685,"Burgers Bar יפו, ירושלים","יפו 36, ירושלים",Burgers Bar,"Jaffa St 36, Jerusalem, 9422203, Israel",ChIJuwut09ApAxURjBBqyiFIkOE,בורגרס בר | BurgersBar | יפו כשר,iw,"יפו 36, ירושלים, 9422203","יפו 36, ירושלים",yes,Burgers Bar,en,"Jaffa St 36, Jerusalem, 9422203","Yafo 36, Jerusalem",no
6686,שיפרה & ג'מיל בשרים,"אריק איינשטיין 1, הרצליה",Shifra & Jamil,"Arik Einstein St 1, Herzliya, Israel",ChIJSeCiYDRJHRUR90KHMYowqN8,שיפרה & ג'מיל בשרים,iw,"אריק איינשטיין 1, הרצליה","אריק איינשטיין 1, הרצליה",yes,Shifra & Jamil,en,"Arik Einstein St 1, Herzliya","Arik Ainstain 1, Hertsliya",no
6691,Jem's הרצליה,"משכית 14, הרצליה",Jem's Yam,"Maskit St 14, Herzliya, Israel",ChIJ40mwLdVJHRUR405IBvUdR0E,ג'מס הרצליה Jem's Herzliya,iw,"משכית 14, הרצליה","משכית 14, הרצליה",yes,Jem's Yam,en,"Maskit St 14, Herzliya","Maskit 14, Hertsliya",no
6692,Rizz Burger,"כנפי נשרים 13, ירושלים",ריז בורגר Rizz Burger | גבעת שאול,"Kanfei Nesharim St 13, Jerusalem, Israel",ChIJV6EY14zXAhURKHzkb0_mZJU,ריז בורגר Rizz Burger | גבעת שאול,iw,"כנפי נשרים 13, ירושלים","כנפי נשרים 13, ירושלים",yes,ריז בורגר Rizz Burger | גבעת שאול,iw,"Kanfei Nesharim St 13, Jerusalem","Kanfei Nesharim 13, Jerusalem",no
6694,Jorno בייקרי הרצליה,"הצדף 2, הרצליה",Jorno Bakery,"HaTsedef St 2, Herzliya, Israel",ChIJ_1yMJ45JHRURQVJF8hUqfbg,JORNO Bakery,iw,"הצדף 2, הרצליה","הצדף 2, הרצליה",yes,Jorno Bakery,en,"HaTsedef St 2, Herzliya","HaTsedef 2, Hertsliya",no
6698,משיגנע,"המייסדים 41, זיכרון יעקב",משיגנע בית קפה משובח כולל מנות טבעוניות ולא טבעוניות החל מ 01/07/26,"חצר סמסונוב, HaMeyasedim 41, Zihron Ya'akov, Israel",ChIJA7eezZgJHRURXuowiG30Lys,משיגנע בית קפה משובח כולל מנות טבעוניות ולא טבעוניות החל מ 01/07/26,iw,"חצר סמסונוב, המייסדים 41, זכרון יעקב","חצר סמסונוב, המייסדים 41, זכרון יעקב",yes,משיגנע בית קפה משובח כולל מנות טבעוניות ולא טבעוניות החל מ 01/07/26,iw,"חצר סמסונוב, HaMeyasedim 41, Zihron Ya'akov","חצר סמסונוב, HaMeyasedim 41, Zihron Ya'akov",yes
6699,B-FRESH - מול הים,"הפלמ""ח 1, אילת, אילת",B-FRESH קניון עזריאלי מול הים,"Ha-Palmakh St 1, Eilat, Israel",ChIJpzU-GAFxABUR375u3yCE_zw,B-FRESH קניון עזריאלי מול הים,iw,"הפלמ""ח 1, אילת","הפלמ""ח 1, אילת",yes,B-FRESH קניון עזריאלי מול הים,iw,"Ha-Palmakh St 1, Eilat","HaPalmach 1, Eilat",no
6701,burger market מבשרת,"קניון רמי לוי, מבשרת",בורגר מרקט מבשרת - Burger Market,"קניון רמי לוי, שדרות החוצבים 10, מבשרת ציון, 9075517, Israel",ChIJI3WrLGrXAhURRvUFP9vtxME,בורגר מרקט מבשרת - Burger Market,iw,"קניון רמי לוי, שדרות החוצבים 10, מבשרת ציון, 9075517","קניון רמי לוי, שדרות החוצבים 10, מבשרת ציון",yes,בורגר מרקט מבשרת - Burger Market,iw,"קניון רמי לוי, שדרות החוצבים 10, מבשרת ציון, 9075517","קניון רמי לוי, HaHotsvim Avenue 10, Mevaseret Zion",yes
6702,SUSHI HOUSE הוד השרון,"דרך רמתיים 86, הוד השרון",סושי האוס כשר הוד השרון,"Ramatayim Road 86, Hod HaSharon, Israel",ChIJIaIAhXs5HRURLAQJsFnzfpQ,סושי האוס כשר הוד השרון,iw,"דרך רמתיים 86, הוד השרון","דרך רמתיים 86, הוד השרון",yes,סושי האוס כשר הוד השרון,iw,"Ramatayim Road 86, Hod HaSharon","Ramatayim Road 86, Hod HaSharon",no
6703,ג'פניקה אריאל,"מוריה 2, אריאל",ג׳פניקה אריאל כשר | JAPANIKA ARIEL KOSHER,"Moriya St 2, Ari'el",ChIJr8YZgGQnHRURezKh3zYzjPQ,ג׳פניקה אריאל כשר | JAPANIKA ARIEL KOSHER,iw,"מוריה 2, אריאל","מוריה 2, אריאל",yes,ג׳פניקה אריאל כשר | JAPANIKA ARIEL KOSHER,iw,"Moriya St 2, Ari'el","Moriya 2, Ari'el",no
6704,Black Iron,"אגריפס 80, ירושלים",Black Iron,"Agripas St 80, Jerusalem, 9451304, Israel",ChIJ8-EWNfbXAhUREXgUvsP9n04,בלאק איירון black iron,iw,"אגריפס 80, ירושלים, 9451304","אגריפס 80, ירושלים",yes,Black Iron,en,"Agripas St 80, Jerusalem, 9451304","Agripas 80, Jerusalem",no
6705,Meat Time,"סוקולוב 46, הוד השרון",Meat Time,"Sokolov St 46, Hod Hasharon, 4528475, Israel",ChIJs8HyP_FJHRURkbK3ThfTywg,Meat Time,en,"סוקולוב 46, הוד השרון, 4528475","סוקולוב 46, הוד השרון",yes,Meat Time,en,"Sokolov St 46, Hod Hasharon, 4528475","Sokolow 46, Hod HaSharon",no
6706,Burgers Bar פסגת זאב,"שד' משה דיין 166, ירושלים",Burgersbar,"Moshe Dayan 166, Jerusalem",ChIJa4L8UTwqAxURMsodDcoH3Os,Burgers Bar | בורגרס בר | המבורגר כשר פסגת זאב,iw,"שדרות משה דיין 166, ירושלים","שדרות משה דיין 166, ירושלים",yes,Burgersbar,en,"Moshe Dayan 166, Jerusalem","Sderot Moshe Dayan 166, Jerusalem",no
6709,בייגל קפה כפר סבא,"רפפורט 3, כפר סבא",בייגל קפה Bagel Cage- כפר סבא,"Rapaport St 3, Kefar Sava, Israel",ChIJEzYdIQA5HRURfitJGHln1xU,בייגל קפה Bagel Cage- כפר סבא,iw,"רפפורט 3, כפר סבא","רפפורט 3, כפר סבא",yes,בייגל קפה Bagel Cage- כפר סבא,iw,"Rapaport St 3, Kefar Sava","Rapaport 3, Kfar Saba",no
6711,VIVINO זכרון יעקב,"מול זכרון כביש 4, אזור תעשייה מערבי, זכרון יעקב",vivino,"מול זכרון כביש 4, אזור תעשייה מערבי, Zihron Ya'akov, Israel",ChIJY2LYEMYLHRURJNDtUCX8vtE,ויוינו,iw,"מול זכרון כביש 4, אזור תעשייה מערבי, זכרון יעקב","מול זכרון כביש 4, אזור תעשייה מערבי, זכרון יעקב",yes,vivino,en,"מול זכרון כביש 4, אזור תעשייה מערבי, Zihron Ya'akov","מול זכרון כביש 4, אזור תעשייה מערבי, Zihron Ya'akov",yes
6712,Kitchen Brasserie,"האירוסים 53, נס ציונה",קיטשן בראסרי,"Ha-Irusim St 53, Ness Ziona, 7406602, Israel",ChIJETT8vdW3AhURiyh4iTDkN9o,קיטשן בראסרי,iw,"האירוסים 53, נס ציונה, 7406602","האירוסים 53, נס ציונה",yes,קיטשן בראסרי,iw,"Ha-Irusim St 53, Ness Ziona, 7406602","Hairusim 53, Ness Ziona",no
6713,כרמלה בשרים,"החרושת 16, אור יהודה",כרמלה בשרים,"Ha-Kharoshet St 16, Or Yehuda, Israel",ChIJfQK4Eg81HRURlGnueY1E-Q4,כרמלה בשרים,iw,"החרושת 16, אור יהודה","החרושת 16, אור יהודה",yes,כרמלה בשרים,iw,"Ha-Kharoshet St 16, Or Yehuda","HaHaroshet 16, Or Yehuda",no
6714,VIVINO ביתן אהרון,"ביתן אהרון, מרכז מסחרי",ויוינו - VIVINO - ביתן אהרון,"ביתנ'ס Bitan Aharon, 4029400, Israel",ChIJd_8xTIkVHRURfgp0ccfawQk,ויוינו - ביתנ'ס,iw,"ביתנ'ס Bitan Aharon, 4029400",ביתנ'ס Bitan Aharon,yes,ויוינו - VIVINO - ביתן אהרון,en,"ביתנ'ס Bitan Aharon, 4029400",ביתנ'ס Bitan Aharon,yes
6715,Sunshine בת ים,"הקוממיות 14, בת ים",Good Morning Sunshine - בנדיקט בייקרי בת ים,"Ha-Komemiyut St 14, Bat Yam, Israel",ChIJH1zariOzAhURgDRDO2T0MLE,Good Morning Sunshine - בנדיקט בייקרי בת ים,iw,"הקוממיות 14, בת ים","הקוממיות 14, בת ים",yes,Good Morning Sunshine - בנדיקט בייקרי בת ים,iw,"Ha-Komemiyut St 14, Bat Yam","HaKomemiyut 14, Bat Yam",no
6716,MOJO SAN (כשר),"שושנה דמארי 10, נתניה",MOJO SAN,"Shoshana Damari St 10, Netanya, Israel",ChIJM8EIsYBBHRURkVKsOTUDMYE,מוג'ו סאן נתניה,iw,"שושנה דמארי 10, נתניה","שושנה דמארי 10, נתניה",yes,MOJO SAN,en,"Shoshana Damari St 10, Netanya","Shoshana Damari 10, Netanya",no
6717,ברדיצ'ב קניון חיפה,"פלימן משה 4, חיפה",ברדיצ'ב קניון חיפה,"Flieman St 4, Haifa, 3508416, Israel",ChIJd8Vyt7K7HRURWmDWwFSqDWQ,ברדיצ'ב קניון חיפה,iw,"דרך משה פלימן 4, חיפה, 3508416","דרך משה פלימן 4, חיפה",yes,ברדיצ'ב קניון חיפה,iw,"Flieman St 4, Haifa, 3508416","Flieman 4, Haifa",no
6718,אוא קפה בעיר,"דרך העצמאות 53, חיפה",Coffee downtown,"Derech HaAtsma'ut 53, Haifa, Israel",ChIJAQAAADW6HRUREMAfbVtzbQM,קפה בעיר,iw,"דרך העצמאות 53, חיפה","דרך העצמאות 53, חיפה",yes,Coffee downtown,en,"Derech HaAtsma'ut 53, Haifa","Derech HaAtsma'ut 53, Haifa",no
6719,LAGO,"פארק שמיר, מעלה אדומים",Lago Restaurant and Bar,"פארק שמיר, Ma'ale Adumim",ChIJoQ8ADVApAxURxjDPzwu4JGo,לאגו מסעדה ובר,iw,"פארק שמיר, מעלה אדומים","פארק שמיר, מעלה אדומים",yes,Lago Restaurant and Bar,en,"פארק שמיר, Ma'ale Adumim","פארק שמיר, Ma'ale Adumim",yes
6721,גפטו בר,"השדרה המרכזית 15, מודיעין",Geppetto Bar,"ליגד סנטר 1, HaShdera HaMerkazit 15, Modi'in Makabim-Re'ut, Israel",ChIJ8ZFOoGjMAhURlYYAwuGhTUA,ג'פטו בר - מודיעין,iw,"ליגד סנטר 1, השדרה המרכזית 15, מודיעין מכבים רעות","ליגד סנטר 1, השדרה המרכזית 15, מודיעין מכבים רעות",yes,Geppetto Bar,en,"ליגד סנטר 1, HaShdera HaMerkazit 15, Modi'in Makabim-Re'ut","ליגד סנטר 1, HaShdera HaMerkazit 15, Modi'in Makabim-Re'ut",yes
6723,מזליקה,"מייסדים 6, בנימינה",מזליקה,"Ha-Meyasdim St 6, Binyamina-Giv'at Ada, Israel",ChIJqxYUEdUNHRURdKg4qowDqu8,מזליקה,en,"המייסדים 6, בנימינה גבעת עדה","המייסדים 6, בנימינה גבעת עדה",yes,מזליקה,en,"Ha-Meyasdim St 6, Binyamina-Giv'at Ada","HaMeyasedim 6, Binyamina Giv'at Ada",no
6724,שירת הבשר,"קבוץ כנרת, עמק הירדן, מול כנרת","שירת הבשר - קצבייה, מעדנייה, בשר מעושן, וכריכי בשר מפנקים","מול כנרת, צמח, 1510501, Israel",ChIJu0PnjQ9qHBURsS9lz5ML1HA,שירת הבשר,iw,"מול כנרת, צמח, 1510501","מול כנרת, צמח",yes,"שירת הבשר - קצבייה, מעדנייה, בשר מעושן, וכריכי בשר מפנקים",en,"מול כנרת, צמח, 1510501","מול כנרת, צמח",yes
6725,Moses Shop בת ים,"אריק איינשטיין 1, בת ים",מוזס שופ בת ים - moses shop bat yam | כשר,"אריק איינשטיין 1, Bat Yam, Israel",ChIJe3QXsIyzAhURpCuDDIdov7c,מוזס שופ בת ים - moses shop bat yam | כשר,iw,"אריק איינשטיין 1, בת ים","אריק איינשטיין 1, בת ים",yes,מוזס שופ בת ים - moses shop bat yam | כשר,iw,"אריק איינשטיין 1, Bat Yam","אריק איינשטיין 1, Bat Yam",yes
6726,B-FRESH - גן העיר אשדוד,"הגדוד העברי 1, אשדוד",B-Fresh גן העיר,"Ha-Gdud ha-Ivri St 1, Ashdod, Israel",ChIJKYXNtbSjAhUR85eCaN7-BUI,B-Fresh גן העיר,iw,"הגדוד העברי 1, אשדוד","הגדוד העברי 1, אשדוד",yes,B-Fresh גן העיר,iw,"Ha-Gdud ha-Ivri St 1, Ashdod","HaGdud Haivri 1, Ashdod",no
6727,Luna Sushi,"החשמונאים 20, גן יבנה",לונה סושי גן יבנה,"Khashmona'im St 20, Gan Yavne, 70800, Israel",ChIJEbciXYW9AhURFiY7JZTLQW8,לונה סושי גן יבנה,iw,"חשמונאים 20, גן יבנה, 70800","חשמונאים 20, גן יבנה",yes,לונה סושי גן יבנה,iw,"Khashmona'im St 20, Gan Yavne, 70800","Hashmona'im 20, Gan Yavne",no
6730,פורטופינו,"המלאכות 124, מודיעין",פורטופינו - בר מסעדה איטלקי,"ישפרו סנטר, HaMelahot Blvd 124, Modi'in-Maccabim-Re'ut, Israel",ChIJ34OGbHXPAhURyU6K3N6fQZM,פורטופינו - בר מסעדה איטלקי,en,"ישפרו סנטר, שדרות המלאכות 124, מודיעין מכבים רעות","ישפרו סנטר, שדרות המלאכות 124, מודיעין מכבים רעות",yes,פורטופינו - בר מסעדה איטלקי,en,"ישפרו סנטר, HaMelahot Blvd 124, Modi'in-Maccabim-Re'ut","ישפרו סנטר, Sderot HaMalhut 124, Modi'in Makabim-Re'ut",yes
6731,BIGA ירושלים,"אגודת ספורט בית""ר 1, ירושלים",Biga,"Derech Agudat Sport Beitar 1, Jerusalem, Israel",ChIJ59dZDoXXAhURY2zUB0rZF6Q,ביגה מלחה,iw,"דרך אגודת ספורט בית""ר 1, ירושלים","דרך אגודת ספורט בית""ר 1, ירושלים",yes,Biga,en,"Derech Agudat Sport Beitar 1, Jerusalem","Derech Agudat Sport Beitar 1, Jerusalem",no
6733,Sushi Tokyo -  Beit Israel,"זוננפלד 12, ירושלים",Tokyo Sushi,"Ha-Rav Zonenfeld St 12, Jerusalem, 9518511, Israel",ChIJjbvmrcYpAxURgsTSFKRdRUg,סושי טוקיו בית ישראל SUSHI TOKYO,iw,"הרב זוננפלד 12, ירושלים, 9518511","הרב זוננפלד 12, ירושלים",yes,Tokyo Sushi,en,"Ha-Rav Zonenfeld St 12, Jerusalem, 9518511","Ha-Rav Zonenfeld 12, Jerusalem",no
6736,הטאבון של מאיה,"ז'בוטינסקי 88, בני ברק",הטאבון של מאיה,"Jabotinsky St 88, Bnei Brak, Israel",ChIJ2SvAMyhLHRURuIpSmtdqzac,הטאבון של מאיה,iw,"רחוב זאב ז'בוטינסקי 88, בני ברק","רחוב זאב ז'בוטינסקי 88, בני ברק",yes,הטאבון של מאיה,iw,"Jabotinsky St 88, Bnei Brak","Derech Zeev Jabutinsky 88, Bnei Brak",no
6738,לה תבור,"הלח""י 6, כפר תבור",LA TAVOR – Café & Pâtisserie,"HaLekhi St 6, Kfar Tavor, 1524100, Israel",ChIJf8x3SVVFHBURRvW27joMquo,LA TAVOR – Café & Pâtisserie,en,"הלח""י 6, כפר תבור, 1524100","הלח""י 6, כפר תבור",yes,LA TAVOR – Café & Pâtisserie,en,"HaLekhi St 6, Kfar Tavor, 1524100","HaLekhi 6, Kfar Tavor",no
6739,רימון ממילא,"יצחק קריב 8, שדרות ממילא, ירושלים",Cafe Rimon,"Yitzhak Kariv St 8, Jerusalem, Israel",ChIJP8f5Ac4pAxURQKlXZot6V0c,Cafe Rimon קפה רימון,iw,"יצחק קריב 8, ירושלים","יצחק קריב 8, ירושלים",yes,Cafe Rimon,en,"Yitzhak Kariv St 8, Jerusalem","Yitshak Kariv 8, Jerusalem",no
6740,שאלתיאלי,"יוחאי בן נון 6, חיפה",Shaltieli,"Yohai Ben Nun St 6, Haifa, Israel",ChIJ7yFS_mMPHRURAqs0L3Neags,Shaltieli - שאלתיאלי,iw,"יוחאי בן נון 6, חיפה","יוחאי בן נון 6, חיפה",yes,Shaltieli,en,"Yohai Ben Nun St 6, Haifa","Yohai Ben Nun 6, Haifa",no
6741,B-FRESH - עזריאלי מלחה,"דרך אגודת ספורט בית""ר 1, ירושלים, ירושלים",B-Fresh קניון מלחה,"Derech Agudat Sport Beitar 1, Jerusalem, Israel",ChIJL0pBirXXAhURUbj7JYGolac,B-Fresh קניון מלחה,iw,"דרך אגודת ספורט בית""ר 1, ירושלים","דרך אגודת ספורט בית""ר 1, ירושלים",yes,B-Fresh קניון מלחה,iw,"Derech Agudat Sport Beitar 1, Jerusalem","Derech Agudat Sport Beitar 1, Jerusalem",no
6742,Bon Cafe,"ז'בוטינסקי 9, בני ברק",בון קפה Bon Caf’e,"זאב ז׳בוטינסקי 9, בני ברק, 5126417, Israel",ChIJ4drghkxLHRURZejYzRHVGWM,בון קפה Bon Caf’e,iw,"זאב ז׳בוטינסקי 9, בני ברק, 5126417","זאב ז׳בוטינסקי 9, בני ברק",yes,בון קפה Bon Caf’e,iw,"זאב ז׳בוטינסקי 9, בני ברק, 5126417","זאב ז׳בוטינסקי 9, Bnei Brak",yes
6747,Pizza Spot,"כנרת 4, אלפי מנשה",פיצה ספוט - pizza spot,"Kinneret St 4, Alfei Menashe",ChIJhwLLHW87HRURp-tajEpCFNY,פיצה ספוט - pizza spot,iw,"רחוב כינרת 4, אלפי מנשה","רחוב כינרת 4, אלפי מנשה",yes,פיצה ספוט - pizza spot,iw,"Kinneret St 4, Alfei Menashe","Kinneret 4, Alfei Menashe",no
6748,נאיה - בית הכרם,"אביזוהר 8, ירושלים",Naya Jerusalem,"Avizohar St 8, Jerusalem, 9626712, Israel",ChIJC8ouH6_XAhURp6HCl7LByS4,נאיה ירושלים,iw,"אביזוהר 8, ירושלים, 9626712","אביזוהר 8, ירושלים",yes,Naya Jerusalem,en,"Avizohar St 8, Jerusalem, 9626712","Avizohar 8, Jerusalem",no
6749,בייגל קפה מלחה,"דרך אגודת ספורט בית""ר 1, ירושלים",בייגל קפה מלחה bagel cafe,"Malcha Shopping Mall, Derech Agudat Sport Beitar 1, Jerusalem, Israel",ChIJQzmJVNDXAhURcNqO01zq_ho,בייגל קפה מלחה bagel cafe,iw,"קניון עזריאלי מלחה, דרך אגודת ספורט בית""ר 1, ירושלים","קניון עזריאלי מלחה, דרך אגודת ספורט בית""ר 1, ירושלים",yes,בייגל קפה מלחה bagel cafe,iw,"Malcha Shopping Mall, Derech Agudat Sport Beitar 1, Jerusalem","Malcha Shopping Mall, Derech Agudat Sport Beitar 1, Jerusalem",no
6751,בייגל קפה מבשרת,"קניון הראל, מבשרת ציון",בייגל קפה Bagel Cafe - מבשרת ציון,"Har'el St 1, Mevaseret Zion, 90805, Israel",ChIJqRoK9Y_XAhURNocYEhEa4Mo,בייגל קפה Bagel Cafe - מבשרת ציון,iw,"הראל 1, מבשרת ציון, 90805","הראל 1, מבשרת ציון",yes,בייגל קפה Bagel Cafe - מבשרת ציון,iw,"Har'el St 1, Mevaseret Zion, 90805","Har'el 1, Mevaseret Zion",no
6752,Burgers Bar מלחה,"דרך אגודת ספורט בית""ר 1, ירושלים",Burgers Bar,"קניון, Derech Agudat Sport Beitar 1, Jerusalem, 9695989, Israel",ChIJt1_9go7XAhURe26GXkmvq6M,בורגרס בר | BurgersBar | מלחה כשר,iw,"קניון, דרך אגודת ספורט בית""ר 1, ירושלים, 9695989","קניון, דרך אגודת ספורט בית""ר 1, ירושלים",yes,Burgers Bar,en,"קניון, Derech Agudat Sport Beitar 1, Jerusalem, 9695989","קניון, Derech Agudat Sport Beitar 1, Jerusalem",yes
6755,B-FRESH - אייס מול,"קאמפן 8, אילת",B-Fresh,"Kampen St 8, Eilat, Israel",ChIJEzceFQtxABUR3b1n9UKQcMo,B-FRESH אייס-מול אילת,iw,"קאמפן 8, אילת","קאמפן 8, אילת",yes,B-Fresh,en,"Kampen St 8, Eilat","Kampen 8, Eilat",no
6756,Rolly,"(קניון הדר) 26 פייר קניג, ירושלים",ROLLY TORTILLA,"General Pierre Koenig St 26, Jerusalem, 9346934, Israel",ChIJlVcfTQDXAhURBk1SgrOV-8k,ROLLY TORTILLA,iw,"גנרל פייר קניג 26, ירושלים, 9346934","גנרל פייר קניג 26, ירושלים",yes,ROLLY TORTILLA,iw,"General Pierre Koenig St 26, Jerusalem, 9346934","General Pierre Koenig 26, Jerusalem",no
6757,Upper market,"אריאל שרון 4, גבעתיים",Upper Market,"Ariel Sharon St 4, Giv'atayim, Israel",ChIJC-7gcFVLHRUR-oisn76lFiQ,אפר מרקט - Upper Market שוק אוכל,iw,"אריאל שרון 4, גבעתיים","אריאל שרון 4, גבעתיים",yes,Upper Market,en,"Ariel Sharon St 4, Giv'atayim","Ariel Sharon 4, Giv'atayim",no
6758,Burgers Bar מחנה יהודה,"עץ חיים 68, ירושלים",Burgers Bar,"Etz Hayyim St 68, Jerusalem, 9451348, Israel",ChIJXzZ7RSjWAhURB2QctZzVnuk,בורגרס בר | BurgersBar | מחנה יהודה כשר,iw,"עץ חיים 68, ירושלים, 9451348","עץ חיים 68, ירושלים",yes,Burgers Bar,en,"Etz Hayyim St 68, Jerusalem, 9451348","Etz Hayyim 68, Jerusalem",no
6760,Moses Shop חולון,"פנחס אילון 13, חולון",מוזס שופ חולון - moses shop holon | המבורגר כשר,"Pinkhas Eilon St 13, Holon, Israel",ChIJm4jJNWW1AhURefs_2TptVxA,מוזס שופ חולון - moses shop holon | המבורגר כשר,iw,"פנחס אילון 13, חולון","פנחס אילון 13, חולון",yes,מוזס שופ חולון - moses shop holon | המבורגר כשר,iw,"Pinkhas Eilon St 13, Holon","Pinhas Eilon 13, Holon",no
6761,Burgers Bar בית שמש,"דרך יצחק רבין 19, בית שמש",Burgers Bar,"Derech Yitshak Rabin 19, Beit Shemesh, Israel",ChIJKwb6CWDEAhURXdbN4pUSgGQ,בורגרס בר | Burgers Bar בית שמש,iw,"דרך יצחק רבין 19, בית שמש","דרך יצחק רבין 19, בית שמש",yes,Burgers Bar,en,"Derech Yitshak Rabin 19, Beit Shemesh","Derech Yitshak Rabin 19, Beit Shemesh",no
6762,דבוש בני ברק,"בן גוריון 1, בני ברק",Dabush,"David Ben Gurion Rd 1, Bnei Brak, Israel",ChIJqT-UruFLHRURWDuqbA_RjFU,דבוש שווארמה,iw,"דוד בן גוריון 1, בני ברק","דוד בן גוריון 1, בני ברק",yes,Dabush,en,"David Ben Gurion Rd 1, Bnei Brak","David Ben-Gurion 1, Bnei Brak",no
6763,באבי אוכל טוב בשוק,"הרב שמואל ברוך 1, ירושלים",באבי - אוכל טוב בשוק,"Ha-Rav Shmuel Barukh St 1, Jerusalem, 9450901, Israel",ChIJVZwulj7XAhURigHhcPJ7HPA,באבי - אוכל טוב בשוק,iw,"הרב שמואל ברוך 1, ירושלים, 9450901","הרב שמואל ברוך 1, ירושלים",yes,באבי - אוכל טוב בשוק,iw,"Ha-Rav Shmuel Barukh St 1, Jerusalem, 9450901","HaRav Shmuel Baruch 1, Jerusalem",no
6764,וורדה | Verde,"נתן אלתרמן 44, הרצליה",Verde Coffee and Wine,"Natan Alterman St 44, Herzliya, Israel",ChIJSQtSsYBHHRURaBeVBxvPHAQ,וורדה - בייקרי & בר יין איטלקי,iw,"נתן אלתרמן 44, הרצליה","נתן אלתרמן 44, הרצליה",yes,Verde Coffee and Wine,en,"Natan Alterman St 44, Herzliya","Natan Alterman 44, Hertsliya",no
6765,טורו סושי אשדוד,"צה""ל 5, אשדוד",טורו סושי,"Tsahal St 5, Ashdod, Israel",ChIJwdE_u2ejAhUR4WVienabOoc,טורו סושי,iw,"צה""ל 5, אשדוד","צה""ל 5, אשדוד",yes,טורו סושי,en,"Tsahal St 5, Ashdod","Tsahal 5, Ashdod",no
6766,מאפיית האחים גבעתיים,"כורזין 5, גבעתיים",Brothers Bakery | Ha'achim Bakery,"Korazin St 5, Giv'atayim, Israel",ChIJ_dWbnapLHRURg8EeOzLvFFo,מאפיית האחים | Ha'achim Bakery,iw,"כורזין 5, גבעתיים","כורזין 5, גבעתיים",yes,Brothers Bakery | Ha'achim Bakery,en,"Korazin St 5, Giv'atayim","Korazin 5, Giv'atayim",no
6768,Burgers Bar הרובע היהודי,"תפארת ישראל 12, ירושלים",Burgers Bar,"Ben Yehuda St 2, Jerusalem, 9462201, Israel",ChIJScKF5tYpAxUR4yW7UzgN4Lg,בורגרס בר | BurgersBar | בן יהודה כשר,iw,"בן יהודה 2, ירושלים, 9462201","בן יהודה 2, ירושלים",yes,Burgers Bar,en,"Ben Yehuda St 2, Jerusalem, 9462201","Ben Yehuda 2, Jerusalem",no
6769,מיני מנדרין גרנד קניון חיפה,"שמחה גולן 54, חיפה",Mandarin,"גרנד קניון, Derech Simha Golan 54, Haifa, Israel",ChIJh8rf50y7HRURwwT2ugsD3JE,מיני מנדרין גרנד קניון,iw,"גרנד קניון, דרך שמחה גולן 54, חיפה","גרנד קניון, דרך שמחה גולן 54, חיפה",yes,Mandarin,en,"גרנד קניון, Derech Simha Golan 54, Haifa","גרנד קניון, Derech Simha Golan 54, Haifa",yes
6770,Greg סינמה סיטי ירושלים,"שדרות יצחק רבין 10, ירושלים",קפה גרג - סינמה סיטי ירושלים,"Sderot Yitshak Rabin 10, Jerusalem, Israel",ChIJfUGRCzLWAhUR_vRQX360vuw,קפה גרג,iw,"שדרות יצחק רבין 10, ירושלים","חניון, שדרות יצחק רבין 10, ירושלים",yes,קפה גרג - סינמה סיטי ירושלים,en,"Sderot Yitshak Rabin 10, Jerusalem","Parking lot, Sderot Yitshak Rabin 10, Jerusalem",no
6771,VIVINO אשדוד,"מקס נורדאו 13, אשדוד",VIVINO - ויוינו אשדוד,"Max Nordau St 13, Ashdod, Israel",ChIJA78ICACjAhURBfrte0dWJSw,ויוינו - Vivino,iw,"מקס נורדאו 13, אשדוד","מקס נורדאו 13, אשדוד",yes,VIVINO - ויוינו אשדוד,en,"Max Nordau St 13, Ashdod","Max Nordau 13, Ashdod",no
6772,Luciana מבשרת ציון,"שדרות הראל 5, מבשרת ציון",לוצ׳נה מבשרת - מתחם Country&Park,"Har'el St 5, Mevaseret Zion, 9079101, Israel",ChIJ_XlulxHXAhUR0D-ILRARvB0,לוצ׳נה מבשרת - מתחם Country&Park,iw,"הראל 5, מבשרת ציון, 9079101","הראל 5, מבשרת ציון",yes,לוצ׳נה מבשרת - מתחם Country&Park,iw,"Har'el St 5, Mevaseret Zion, 9079101","Har'el 5, Mevaseret Zion",no
6773,איבן בית מאפה,"הסנונית 18, נס ציונה",Iben pastry house איבן בית מאפה,"Snunit St 18, Ness Ziona, 7411318, Israel",ChIJ58uuvw63AhUREADi87zfRIc,Iben pastry house איבן בית מאפה,iw,"סנונית 18, נס ציונה, 7411318","סנונית 18, נס ציונה",yes,Iben pastry house איבן בית מאפה,iw,"Snunit St 18, Ness Ziona, 7411318","Snunit 18, Ness Ziona",no
6774,Good burger מרכז אורן,"מרכז אורן, שדרות יצחק רגר 185, באר שבע, באר שבע",גוד בורגר Good Burger,"Oren Center, Yitzhack I. Rager Blvd 185, Be'er Sheva, Israel",ChIJE9M3lg1nAhUR2duMo8t3mR0,גוד בורגר Good Burger,iw,"מרכז אורן, שדרות יצחק רגר 185, באר שבע","מרכז אורן, שדרות יצחק רגר 185, באר שבע",yes,גוד בורגר Good Burger,iw,"Oren Center, Yitzhack I. Rager Blvd 185, Be'er Sheva","Oren Center, Yitzhack I. Rager Blvd 185, Beersheba",no
6776,BEEZOO,"שדרות דוד טוביהו 65, באר שבע",קונדיטורית בוטיק - BeeZoo,"פינת, David Tuviyahu Ave 65, Beersheba, Israel",ChIJ97PDTGVnAhURmh_ZAG3QOg8,קונדיטורית בוטיק - BeeZoo,iw,"פינת, שדרות דוד טוביהו 65, באר שבע","פינת, שדרות דוד טוביהו 65, באר שבע",yes,קונדיטורית בוטיק - BeeZoo,iw,"פינת, David Tuviyahu Ave 65, Beersheba","פינת, David Tuviyahu Ave 65, Beersheba",yes
6777,Jem's באר שבע,"האנרגיה 77, באר שבע",ג'מס באר שבע JEM'S BEER FACTORY,"HaEnergia St 77, Be'er Sheva, Israel",ChIJaUfb6EdnAhUR1QhU8sR4WpY,ג'מס באר שבע JEM'S BEER FACTORY,iw,"האנרגיה 77, באר שבע","האנרגיה 77, באר שבע",yes,ג'מס באר שבע JEM'S BEER FACTORY,en,"HaEnergia St 77, Be'er Sheva","HaEnergia 77, Beersheba",no
6778,Dubile,"פנינת אילת, דרבן 2, אילת",דובילה סנדוויץ באילת,"Durban St 2, Eilat, Israel",ChIJP9RD0n5xABURK123cauXQWo,דובילה,iw,"דרבן 2, אילת","דרבן 2, אילת",yes,דובילה סנדוויץ באילת,en,"Durban St 2, Eilat","Durban 2, Eilat",no
6782,Botanica Terrace,"שדרות בן גוריון 50, חיפה",מסעדת טרסה - Botanica Terrace,"Sderot Ben Gurion 50, Haifa, 3566306, Israel",ChIJr_bvJ4-7HRURC4kWYiURvb8,מסעדת טרסה - Botanica Terrace,iw,"שדרות בן גוריון 50, חיפה, 3566306","שדרות בן גוריון 50, חיפה",yes,מסעדת טרסה - Botanica Terrace,iw,"Sderot Ben Gurion 50, Haifa, 3566306","Sderot Ben Gurion 50, Haifa",no
6783,Burgers Bar הרצליה,"ביילינסון 1, הרצליה",BurgersBAR,"Beilinson St 1, Herzliya, 4649201, Israel",ChIJaa3iEABJHRURcGQ81xz_fA0,בורגרס בר | BurgersBar | הרצליה כשר,iw,"ביילינסון 1, הרצליה, 4649201","ביילינסון 1, הרצליה",yes,BurgersBAR,en,"Beilinson St 1, Herzliya, 4649201","Beilinson 1, Hertsliya",no
6785,HELEN,"אגריפס 6, ירושלים",Helen Family Bakers,"Agripas St 6, Jerusalem, Israel",ChIJFzRBVQApAxURpp9UnFSRoj4,HELEN Family Bakers,iw,"אגריפס 6, ירושלים","אגריפס 6, ירושלים",yes,Helen Family Bakers,en,"Agripas St 6, Jerusalem","Agripas 6, Jerusalem",no
6787,יקב דמתי 67,"השלום 67, גבעת כ""ח",Damti Winery 67,"Shderat ha-Shalom 67, Giv'at Ko'ach, 7318000, Israel",ChIJ0foTjXU1HRUR4qYZAO0uIlw,יקב דמתי 67,iw,"שדרת השלום 67, גבעת כ""ח, 7318000","שדרת השלום 67, גבעת כ""ח",yes,Damti Winery 67,en,"Shderat ha-Shalom 67, Giv'at Ko'ach, 7318000","Shderat ha-Shalom 67, Giv'at Ko'ach",no
6788,קיטשן בראסרי מודיעין,"שדרות המלאכות 5, מודיעין",מסעדת קיטשן בראסרי ישפרו מודיעין,"HaMelahot Blvd 5, Modi'in-Maccabim-Re'ut, Israel",ChIJa2ZuhhrPAhUREg3_NWcdOxk,מסעדת קיטשן בראסרי ישפרו מודיעין,iw,"שדרות המלאכות 5, מודיעין מכבים רעות","שדרות המלאכות 5, מודיעין מכבים רעות",yes,מסעדת קיטשן בראסרי ישפרו מודיעין,iw,"HaMelahot Blvd 5, Modi'in-Maccabim-Re'ut","Sderot HaMalhut 5, Modi'in Makabim-Re'ut",no
6790,MINATO | מינאטו,"המנופים 8, הרצליה",Minato,"בניין בית אופק, המנופים 8, הרצליה, Israel",ChIJ5etagPJIHRURVXQ8AAVV8vY,מינאטו,iw,"בניין בית אופק, המנופים 8, הרצליה","בניין בית אופק, המנופים 8, הרצליה",yes,Minato,en,"בניין בית אופק, המנופים 8, הרצליה","בניין בית אופק, HaMenofim 8, Hertsliya",yes
6791,Burgers Bar נתיבות,"בעלי המלאכה 3, נתיבות",Burgers Bar,"מתחם פריז סנטר, בעלי המלאכה 3, נתיבות, 8776202, Israel",ChIJ53M2-th9AhURCbKFd8XRWpk,בורגרס בר | BurgersBar | נתיבות כשר,iw,"מתחם פריז סנטר, בעלי המלאכה 3, נתיבות, 8776202","מתחם פריז סנטר, בעלי המלאכה 3, נתיבות",yes,Burgers Bar,en,"מתחם פריז סנטר, בעלי המלאכה 3, נתיבות, 8776202","מתחם פריז סנטר, Ba'alei HaMelacha 3, Netivot",yes
6792,לה פיאדרה אגרון,"גרשון אגרון 1, ירושלים",La Piedra - Agron,"1 9426501, Gershon Agron St, Jerusalem, Israel",ChIJ1ZHS59QpAxURUxx_KsCrh90,לה פיאדרה - אגרון,iw,"1 9426501, Gershon Agron St, Jerusalem","1 9426501, גרשון אגרון, ירושלים",no,La Piedra - Agron,en,"1 9426501, Gershon Agron St, Jerusalem","1 9426501, Gershon Agron, Jerusalem",no
6793,ג'פניקה סינמא סיטי ירושלים,"שדרות יצחק רבין 10, ירושלים",Japanika Cinema City Jerusalem,"Sderot Yitshak Rabin 10, Jerusalem, Israel",ChIJ_f3JczLWAhURjOE8nApTuCM,ג׳פניקה ירושלים כשר | JAPANIKA JERUSALEM KOSHER,iw,"שדרות יצחק רבין 10, ירושלים","חניון, שדרות יצחק רבין 10, ירושלים",yes,Japanika Cinema City Jerusalem,en,"Sderot Yitshak Rabin 10, Jerusalem","Parking lot, Sderot Yitshak Rabin 10, Jerusalem",no
6796,B-FRESH - שערי צדק,"שמואל בייט 12, ירושלים","B-FRESH שערי צדק, ירושלים","Shmuel (Hans) Beyth St 12, Jerusalem, Israel",ChIJf9Q_a1fXAhURqLkhJ79i-U0,"B-FRESH שערי צדק, ירושלים",iw,"שְׁמוּאֵל (הנס) בַּייט 12, ירושלים","שְׁמוּאֵל (הנס) בַּייט 12, ירושלים",yes,"B-FRESH שערי צדק, ירושלים",iw,"Shmuel (Hans) Beyth St 12, Jerusalem","Shmu'el Bait 12, Jerusalem",no
6798,Liby patisserie,"8 אגרא, יקנעם המושבה",קונדיטוריה ליבי,"אגרא יוקנעם, המושבה, 2060000, Israel",ChIJ9UXDeBCvHRURgVPX0MZTh2I,קונדיטוריה ליבי,iw,"אגרא יוקנעם, המושבה, 2060000","אגרא יוקנעם, המושבה",yes,קונדיטוריה ליבי,iw,"אגרא יוקנעם, המושבה, 2060000","אגרא יוקנעם, המושבה",yes
6800,חומוס ברכה- ממילא,"יצחק קריב 10, ירושלים",חומוס ברכה,"10 Mamilla Rd, Jerusalem",ChIJMdqrnwspAxUREdj28UwaOPU,חומוס ברכה,iw,"10 ממילא, ירושלים","ממילא 10, ירושלים",yes,חומוס ברכה,en,"10 Mamilla Rd, Jerusalem","Derech Mamilla 10, Jerusalem",no
6801,ברדיצ'ב נווה שאנן,"שדרות טרומפלדור 53, חיפה",Bardichev Hummus,"Sderot Trumpeldor 53, Haifa, 3258124, Israel",ChIJU37NjTC7HRURMHWcCNqlHn0,חומוס ברדיצ’ב זיו - נוה שאנן כשר למהדרין בהשגחת הרב מחפוד,iw,"שדרות טרומפלדור 53, חיפה, 3258124","שדרות טרומפלדור 53, חיפה",yes,Bardichev Hummus,en,"Sderot Trumpeldor 53, Haifa, 3258124","Sderot Trumpeldor 53, Haifa",no
6802,Orly Sitbon Patisserie,"יצחק שדה 7, נהריה",Orly Sitbon Patisserie,"Yitshak Sadeh St 7, Nahariyya, Israel",ChIJz1XzMJ_PHRURNu-wYRiQlII,אורלי סיטבון פטיסרי,iw,"יצחק שדה 7, נהריה","יצחק שדה 7, נהריה",yes,Orly Sitbon Patisserie,en,"Yitshak Sadeh St 7, Nahariyya","Yitshak Sadeh 7, Nahariya",no
6804,Greg אופקים,"14/1 יהדות דרום אפריקה, אופקים",קפה גרג,"Sderot Yahadut Drom Afrika 14/1, Ofakim, Israel",ChIJXayhyVl7AhURlSCD49nnWM8,קפה גרג,iw,"שדרות יהדות דרום אפריקה 14/1, אופקים","שדרות יהדות דרום אפריקה 14/1, אופקים",yes,קפה גרג,iw,"Sderot Yahadut Drom Afrika 14/1, Ofakim","Sderot Yahadut Drom Afrika 14/1, Ofakim",no
6805,לוצ'נה אשדוד,"מרטין בובר 1, אשדוד",לוצ'נה בשדרה,"Martin Buber St 1, Ashdod, Israel",ChIJr_T5pCqjAhURg7xrc5SSkLk,לוצ'נה בשדרה,iw,"מרטין בובר 1, אשדוד","מרטין בובר 1, אשדוד",yes,לוצ'נה בשדרה,iw,"Martin Buber St 1, Ashdod","Martin Buber 1, Ashdod",no
6806,ביגה פסטה בר,"התעשייה 51, נשר",Biga Nesher,"HaTa'asiya St 51, Nesher, Israel",ChIJMdAkSx6xHRURy9qEKv2xR0E,ביגה פסטה בר נשר,iw,"התעשייה 51, נשר","התעשייה 51, נשר",yes,Biga Nesher,en,"HaTa'asiya St 51, Nesher","HaTa'asiya 51, Nesher",no
6808,Noah,"הכישור 45, חולון",בר מסעדה נח - Noah,"Ha-Kishor St 45, Holon, Israel",ChIJpZ1fxrK1AhURQ3e_GvlaS-w,נוח בר ומסעדה חולון,iw,"הכישור 45, חולון","הכישור 45, חולון",yes,בר מסעדה נח - Noah,en,"Ha-Kishor St 45, Holon","HaKishor 45, Holon",no
6810,The Palace Restaurant,"אגרון 26, ירושלים",The Palace Restaurant - מסעדת הפאלאס,"Gershon Agron St 26-28, Jerusalem, 9419009, Israel",ChIJlbjWnu4pAxURxpK0pF-SxXQ,מסעדת פאלאס Palace restaurant,iw,"גרשון אגרון 26-28, ירושלים, 9419009","גרשון אגרון 26-28, ירושלים",yes,The Palace Restaurant - מסעדת הפאלאס,en,"Gershon Agron St 26-28, Jerusalem, 9419009","Gershon Agron 26-28, Jerusalem",no
6811,אנדלוסיה,"זאב רבן 1, זאב רבן 2, ירושלים",Andalucia Cocktail Bar,"Ze'ev Raban St 2, Jerusalem, Israel",ChIJJ8G64dgpAxURBeysj1HNf8Q,אנדלוסיה - Cocktails & Tapas,iw,"זאב רבן 2, ירושלים","זאב רבן 2, ירושלים",yes,Andalucia Cocktail Bar,en,"Ze'ev Raban St 2, Jerusalem","Ze'ev Raban 2, Jerusalem",no
6812,פיצה רג'ינה,"הרצל 3, גדרה",פיצה רג'ינה regina pizza,"Herzl St 3, Gedera, 7040002, Israel",ChIJL5gqVWa7AhURh2Cjrhe48GY,פיצה רג'ינה regina pizza,iw,"הרצל 3, גדרה, 7040002","הרצל 3, גדרה",yes,פיצה רג'ינה regina pizza,iw,"Herzl St 3, Gedera, 7040002","Herzl 3, Gedera",no
6813,OREN MESHI-MARINA,"יפה נוף 32, אשקלון",מאפיית אורן משי- מרינה אשקלון,"מתחם מרינה view, יפה נוף 32, אשקלון, Israel",ChIJZbRZV2mdAhURzcMDYdaN2TY,מאפיית אורן משי- מרינה אשקלון,iw,"מתחם מרינה view, יפה נוף 32, אשקלון","מתחם מרינה view, יפה נוף 32, אשקלון",yes,מאפיית אורן משי- מרינה אשקלון,iw,"מתחם מרינה view, יפה נוף 32, אשקלון","מתחם מרינה view, Yefe Nof 32, Ashkelon",yes
6814,שווארמה אסלי,"גלבוע 1, בני דרור",שווארמה אסלי דרורים,"Gilboa St 1, Bnei Dror, 3081200, Israel",ChIJLRUTRK4_HRURVmoz7li-Vxw,שווארמה אסלי דרורים,iw,"גלבוע 1, בני דרור, 3081200","גלבוע 1, בני דרור",yes,שווארמה אסלי דרורים,iw,"Gilboa St 1, Bnei Dror, 3081200","Gilboa 1, Bnei Dror",no
6818,Goldy's בני ברק,"מצדה 9, בני ברק",Goldy's | גולדיס' - אוכל מוכן ובייקרי בני ברק,"Metsada St 9, Bnei Brak, Israel",ChIJofpG2lFLHRURaWzUpSQx9c8,Goldy's | גולדיס' - אוכל מוכן ובייקרי בני ברק,iw,"מצדה 9, בני ברק","מצדה 9, בני ברק",yes,Goldy's | גולדיס' - אוכל מוכן ובייקרי בני ברק,iw,"Metsada St 9, Bnei Brak","Mesada 9, Bnei Brak",no
6819,BIGA טבעון,"האלונים 85, טבעון",Biga,"Alonim St 85, Kiryat Tiv'on, Israel",ChIJwR09pQOyHRURZ1IQ6-h4lfw,ביגה,iw,"אלונים 85, קרית טבעון","אלונים 85, קרית טבעון",yes,Biga,en,"Alonim St 85, Kiryat Tiv'on","Alonim 85, Kiryat Tiv'on",no
6820,Leonie,"איינשטיין 139, חיפה",לאוני איינשטיין,"Albert Einstein St 139, Haifa, 3460177, Israel",ChIJM4Up7-G7HRUR25saJgIQm3Y,לאוני איינשטיין,iw,"איינשטיין 139, חיפה, 3460177","איינשטיין 139, חיפה",yes,לאוני איינשטיין,iw,"Albert Einstein St 139, Haifa, 3460177","Einstein 139, Haifa",no
6821,סקייליין,"זאב וילנאי 4, ירושלים",Skyline Restaurant,"Ze'ev Vilnai St 4, Jerusalem, Israel",ChIJpwAicDTWAhURyKDKLHc9kng,מסעדת סקייליין skyline restaurant,iw,"זאב וילנאי 4, ירושלים","זאב וילנאי 4, ירושלים",yes,Skyline Restaurant,en,"Ze'ev Vilnai St 4, Jerusalem","Ze'ev Vilnai 4, Jerusalem",no
6824,Burgers Bar מליבו מודיעין,"עמק דותן 23, מרכז מליבו, מודיעין",Burgers Bar,"Malibu Shopping Center, Emek Dotan St 23, Modi'in-Maccabim-Re'ut, Israel",ChIJAQAwZ5TNAhURwnnMDMUxJoM,בורגרס בר | BurgersBar | מודיעין מליבו כשר,iw,"מרכז מליבו, עמק דותן 23, מודיעין מכבים רעות","מרכז מליבו, עמק דותן 23, מודיעין מכבים רעות",yes,Burgers Bar,en,"Malibu Shopping Center, Emek Dotan St 23, Modi'in-Maccabim-Re'ut","Malibu Shopping Center, Emek Dotan 23, Modi'in Makabim-Re'ut",no
6828,Jorno הרצליה,"חבצלת השרון 36, הרצליה",Jorno Bakery,"Khavatselet ha-Sharon St 37, Herzliya, Israel",ChIJkesezu1JHRURdL3prAZCnnM,Jorno Bakery,iw,"חבצלת השרון 37, הרצליה","חבצלת השרון 37, הרצליה",yes,Jorno Bakery,en,"Khavatselet ha-Sharon St 37, Herzliya","Havatselet HaSharon 37, Hertsliya",no
6830,Tomoka,"שמחה גולן 54, חיפה",Tomoka,"Derech Simha Golan 54, Haifa, 3299001, Israel",ChIJIWgt2te7HRURAO8IcmFVvmk,Tomoka,en,"דרך שמחה גולן 54, חיפה, 3299001","דרך שמחה גולן 54, חיפה",yes,Tomoka,en,"Derech Simha Golan 54, Haifa, 3299001","Derech Simha Golan 54, Haifa",no
6831,פיצה פפיניו | קניון חולון,"גולדה מאיר 7, חולון",פיצה פפיניו - קניון חולון | בד״ץ,"Golda Me'ir St 7, Holon, 5839101, Israel",ChIJ0VqzYPS1AhURlfy6Z6xEzww,פיצה פפיניו - קניון חולון | בד״ץ,iw,"גולדה מאיר 7, חולון, 5839101","גולדה מאיר 7, חולון",yes,פיצה פפיניו - קניון חולון | בד״ץ,iw,"Golda Me'ir St 7, Holon, 5839101","Golda Meir 7, Holon",no
6832,Sushi Tokyo -  Agripas,"אגריפס 111, ירושלים",Tokyo Sushi,"Agripas St 111, Jerusalem, Israel",ChIJxz1IqPXXAhURHACcBnqsJ4g,סושי טוקיו אגריפס SUSHI TOKYO,iw,"אגריפס 111, ירושלים","אגריפס 111, ירושלים",yes,Tokyo Sushi,en,"Agripas St 111, Jerusalem","Agripas 111, Jerusalem",no
6835,B-FRESH - גראנד חיפה,"דרך שמחה גולן 54, חיפה",B-Fresh,"Derech Simha Golan 54, Haifa, Israel",ChIJP6L3zDy7HRURGsEj20jZt_Y,B-Fresh,iw,"דרך שמחה גולן 54, חיפה","דרך שמחה גולן 54, חיפה",yes,B-Fresh,en,"Derech Simha Golan 54, Haifa","Derech Simha Golan 54, Haifa",no
6837,BIGA חוצות המפרץ,"החרושת 2, חיפה",Biga,"Ha-Kharoshet St, Haifa, Israel",ChIJGyyrGpWxHRURCbInQfW6vMA,ביגה,iw,"החרושת, חיפה","החרושת, חיפה",yes,Biga,en,"Ha-Kharoshet St, Haifa","Ha-Kharoshet, Haifa",no
6840,קאלדו פיצה,"דרך מצדה 47, באר שבע",Caldo Gourmet Pizza Bar,"Derech Metsada 47, Beersheba, 8435729, Israel",ChIJPdkoPmZmAhURQU5x8DxhBLE,פיצה קאלדו,iw,"דרך מצדה 47, באר שבע, 8435729","דרך מצדה 47, באר שבע",yes,Caldo Gourmet Pizza Bar,en,"Derech Metsada 47, Beersheba, 8435729","Derech Metsada 47, Beersheba",no
6841,BIGA נתיבות,"בעלי המלאכה 3, נתיבות",Biga Bakery,"Ba'alei ha-Melakha St 3, Netivot, Israel",ChIJv10Af-F_AhURXyGp5dnJO4I,ביגה נתיבות,iw,"בעלי המלאכה 3, נתיבות","בעלי המלאכה 3, נתיבות",yes,Biga Bakery,en,"Ba'alei ha-Melakha St 3, Netivot","Ba'alei HaMelacha 3, Netivot",no
6842,בר 22,"ז'בוטינסקי 3, ירושלים",Bar 22,"Ze'ev Jabotinsky St 3, Jerusalem, 9214502, Israel",ChIJ58HPOAApAxURVhCsyFABF-Y,בר 22,iw,"זאב ז'בוטינסקי 3, ירושלים, 9214502","זאב ז'בוטינסקי 3, ירושלים",yes,Bar 22,en,"Ze'ev Jabotinsky St 3, Jerusalem, 9214502","Ze'ev Jabotinsky 3, Jerusalem",no
6843,Burgers Bar מבשרת ציון,"שדרות הראל 5, מבשרת ציון",בורגרס בר | BurgersBar | מבשרת ציון כשר,"Har'el St 5, Mevaseret Zion, 9079101, Israel",ChIJy7TbP-TWAhUR5rzxuO1Vi9g,בורגרס בר | Burgers Bar,iw,"הראל 5, מבשרת ציון, 9079101","הראל 5, מבשרת ציון",yes,בורגרס בר | BurgersBar | מבשרת ציון כשר,en,"Har'el St 5, Mevaseret Zion, 9079101","Har'el 5, Mevaseret Zion",no
6844,ביסטרו רעים,"בר כוכבא 4, בני ברק",ביסטרו רעים,"Bar Kochva St 4, Bnei Brak, Israel",ChIJqVAEik9LHRURVOs-oYvKh6g,ביסטרו רעים,iw,"בר כוכבא 4, בני ברק","בר כוכבא 4, בני ברק",yes,ביסטרו רעים,iw,"Bar Kochva St 4, Bnei Brak","Bar Kochva 4, Bnei Brak",no
6845,Moses Shop באר שבע,"ראובן רובין1, באר שבע",מוזס שופ באר שבע,"Reuven Rubin St 1-3, Be'er Sheva, 8483600, Israel",ChIJAc4cQrBnAhURa9Q5w39bn40,מוזס שופ באר שבע,iw,"ראובן רובין 1-3, באר שבע, 8483600","ראובן רובין 1-3, באר שבע",yes,מוזס שופ באר שבע,iw,"Reuven Rubin St 1-3, Be'er Sheva, 8483600","Reuven Rubin 1-3, Beersheba",no
6846,בר חברים,"תל חי 27, אשדוד",תל חי בר חברים,"Tel-Chay Blvd 27, Ashdod, Israel",ChIJ0824Jm6iAhURB4t7jBqW4ok,תל חי בר חברים,iw,"שדרות תל חי 27, אשדוד","שדרות תל חי 27, אשדוד",yes,תל חי בר חברים,iw,"Tel-Chay Blvd 27, Ashdod","Sderot Tel-Chay 27, Ashdod",no
6847,Beef bar נתניה,"בני גאון 8, נתניה",Beef Bar,"Beni Ga'on St 8, Netanya, 4250804, Israel",ChIJPXRWpoJAHRUROA0gE5M8AIA,ביף בר,iw,"בני גאון 8, נתניה, 4250804","בני גאון 8, נתניה",yes,Beef Bar,en,"Beni Ga'on St 8, Netanya, 4250804","Beni Ga'on 8, Netanya",no
6850,B-FRESH - באר יעקב,"שא נס 17, באר יעקב",B-FRESH,"Sa Nes St 17, Be'er Ya'akov, Israel",ChIJnYiiAle1AhURQH-92CvlQrE,B-FRESH,iw,"שא נס 17, באר יעקב","שא נס 17, באר יעקב",yes,B-FRESH,iw,"Sa Nes St 17, Be'er Ya'akov","Sa Nes 17, Be'er Ya'akov",no
6851,Blend,"הנשיא יצחק בן צבי 146, הרצליה",Blend בלנד בר בריאות ולייף סטייל,"Ha'nassi Y. Ben-Zvi St 146, Herzliya, 4639449, Israel",ChIJbxqqTv1JHRUR2lfI9nQ4pLc,בר בריאות Blend,iw,"רחוב הנשיא יצחק בן צבי 146, הרצליה, 4639449","רחוב הנשיא יצחק בן צבי 146, הרצליה",yes,Blend בלנד בר בריאות ולייף סטייל,en,"Ha'nassi Y. Ben-Zvi St 146, Herzliya, 4639449","Ha-Nasi Yitskhak Ben Tsvi 146, Hertsliya",no
6853,מיטאפ | MeatUp,"בן גוריון 13, בני ברק",MEATUP GRILL BURGER,"David Ben Gurion Rd 13, Bnei Brak, Israel",ChIJqUGBTwBLHRURNlcdfzG3x8Y,MEATUP GRILL BURGER,iw,"דוד בן גוריון 13, בני ברק","דוד בן גוריון 13, בני ברק",yes,MEATUP GRILL BURGER,iw,"David Ben Gurion Rd 13, Bnei Brak","David Ben-Gurion 13, Bnei Brak",no
6854,B-FRESH - בת ים,"יוספטל 92 בת ים, בת ים",B FRESH קניון בת ים,"יוספטל גיורא 92 קניון ביג פאשן, Bat Yam, 5964101, Israel",ChIJdxsYXL6zAhURn2bl1NjOTxY,B FRESH קניון בת ים,iw,"יוספטל גיורא 92 קניון ביג פאשן, בת ים, 5964101","יוספטל גיורא 92 קניון ביג פאשן, בת ים",yes,B FRESH קניון בת ים,iw,"יוספטל גיורא 92 קניון ביג פאשן, Bat Yam, 5964101","יוספטל גיורא 92 קניון ביג פאשן, Bat Yam",yes
6855,Jacob Coffee,"שדרות רחבעם זאבי 2, חדרה",ג׳ייקוב קפה ובר,"רחבעם זאבי 2, Hadera, 3832098, Israel",ChIJYQ4gF9ATHRURDxy7t_ge0p8,ג׳ייקוב קפה ובר,iw,"רחבעם זאבי 2, חדרה, 3832098","רחבעם זאבי 2, חדרה",yes,ג׳ייקוב קפה ובר,iw,"רחבעם זאבי 2, Hadera, 3832098","רחבעם זאבי 2, Hadera",yes
6858,Burgers Bar המושבה הגרמנית,"עמק רפאים 31, ירושלים",בורגרס בר | BurgersBar | המושבה הגרמנית כשר,"Emek Refa'im St 31, Jerusalem, 9090700, Israel",ChIJTw3cfwoF-hQRte2TLWZsanE,בורגרס בר,iw,"עמק רפאים 31, ירושלים, 9090700","עמק רפאים 31, ירושלים",yes,בורגרס בר | BurgersBar | המושבה הגרמנית כשר,en,"Emek Refa'im St 31, Jerusalem, 9090700","Emek Refaim 31, Jerusalem",no
6859,Burger Market מחנה יהודה,"אגריפס 68, ירושלים",Burger Market,"Agripas St 68, Jerusalem, 9430138, Israel",ChIJaSL98CjWAhURQdtUkU-xBxg,בורגר מרקט מחנה יהודה Burger Market,iw,"אגריפס 68, ירושלים, 9430138","אגריפס 68, ירושלים",yes,Burger Market,en,"Agripas St 68, Jerusalem, 9430138","Agripas 68, Jerusalem",no
6861,נאדי הקטן,"עמק רפאים 10, ירושלים",(The Little) Cafe Nadi,"Emek Refa'im St 10, Jerusalem, Israel",ChIJ82htb5EpAxURw9fNUPrOWxQ,קפה נאדי (הקטן),iw,"עמק רפאים 10, ירושלים","עמק רפאים 10, ירושלים",yes,(The Little) Cafe Nadi,en,"Emek Refa'im St 10, Jerusalem","Emek Refaim 10, Jerusalem",no
6862,BIGA אשדוד,"אריאל שרון 1, אשדוד",Biga,"מתחם BIG FASHION אריאל שרון 1, Ashdod, Israel",ChIJZR3Xo8KiAhURvTZmN2TtEiw,ביגה,iw,"מתחם BIG FASHION אריאל שרון 1, אשדוד","מתחם BIG FASHION אריאל שרון 1, אשדוד",yes,Biga,en,"מתחם BIG FASHION אריאל שרון 1, Ashdod","מתחם BIG FASHION אריאל שרון 1, Ashdod",yes
6865,Poke van B.S,"האנרגיה 77, באר שבע",Poke Van,"HaEnergia St 77, Be'er Sheva, Israel",ChIJj33Qi0tnAhUREMFmSXvPM8w,פוקי ואן באר שבע,iw,"האנרגיה 77, באר שבע","האנרגיה 77, באר שבע",yes,Poke Van,en,"HaEnergia St 77, Be'er Sheva","HaEnergia 77, Beersheba",no
6867,Miss & Mr,"יואל משה סלומון 12, ירושלים",Miss & Mr,"Yo'el Moshe Salomon St 12, Jerusalem, 9463312, Israel",ChIJbxbKd4opAxUR818_bcTBGeg,Miss & Mr,iw,"יואל משה סלומון 12, ירושלים, 9463312","יואל משה סלומון 12, ירושלים",yes,Miss & Mr,iw,"Yo'el Moshe Salomon St 12, Jerusalem, 9463312","Yoel Moshe Salomon 12, Jerusalem",no
6868,הטרקלין,"אלמוגים 21, אילת",Traklin - טרקלין,"Almogim St 21, Eilat, Israel",ChIJp2v4QABxABURiK_PF-G009M,Traklin - טרקלין,iw,"אלמוגים 21, אילת","אלמוגים 21, אילת",yes,Traklin - טרקלין,iw,"Almogim St 21, Eilat","Almogim 21, Eilat",no
6871,חומוס ברכה,"שמחה גולן 54, חיפה",Bracha Hummus,"Derech Simha Golan 54, Haifa, Israel",ChIJJaZAH4-7HRURqt-E4K8bL5Q,ח,iw,"דרך שמחה גולן 54, חיפה","דרך שמחה גולן 54, חיפה",yes,Bracha Hummus,en,"Derech Simha Golan 54, Haifa","Derech Simha Golan 54, Haifa",no
6874,בזיליקה,"שדרות דוד בן גוריון 13, אשקלון",Basilika - Italian Restaurant,"Sderot David Ben Gurion 13, Ashkelon, 7828110, Israel",ChIJpT_qikedAhURjJtCHd3_oBY,בזיליקה- מסעדה איטלקית,iw,"שדרות דוד בן גוריון 13, אשקלון, 7828110","שדרות דוד בן גוריון 13, אשקלון",yes,Basilika - Italian Restaurant,en,"Sderot David Ben Gurion 13, Ashkelon, 7828110","Sderot David Ben Gurion 13, Ashkelon",no
6875,נאדי,"הלל 39, ירושלים",Coffee Nadi,"מעונות הסטודנטים, הלל 39, ירושלים, Israel",ChIJBViuACrWAhURLwse4BBGJ3I,קפה נאדי,iw,"מעונות הסטודנטים, הלל 39, ירושלים","מעונות הסטודנטים, הלל 39, ירושלים",yes,Coffee Nadi,en,"מעונות הסטודנטים, הלל 39, ירושלים","מעונות הסטודנטים, Hillel 39, Jerusalem",yes
6877,Burgers Bar אילת הפנינה,"דרבן 4, מרכז פנינה, אילת",Burgers Bar,"מרכז פנינת אילת, הדורבן 4, אילת, Israel",ChIJl6ggSfdxABURcHtqVvDGl6g,בורגרס בר | BurgersBar | פנינת אילת כשר מחפוד,iw,"מרכז פנינת אילת, הדורבן 4, אילת","מרכז פנינת אילת, הדורבן 4, אילת",yes,Burgers Bar,en,"מרכז פנינת אילת, הדורבן 4, אילת","מרכז פנינת אילת, הדורבן 4, Eilat",yes
6879,רוני פול,"אנילביץ 41, בת ים",Roni Full רוני פול,"Anilevich St 41, Bat Yam, Israel",ChIJUf90VkCzAhURHijbAzg7dKk,רוני פול - חומוס,iw,"אנילביץ' 41, בת ים","אנילביץ' 41, בת ים",yes,Roni Full רוני פול,en,"Anilevich St 41, Bat Yam","Anilevich 41, Bat Yam",no
6881,Luciana באר שבע,"ליאון אדרי 1, באר שבע",לוצ'נה באר שבע,"לאון אדרי 1, באר שבע, 8424617, Israel",ChIJJwutrgdnAhUR4FcoGICaprU,לוצ'נה באר שבע,iw,"לאון אדרי 1, באר שבע, 8424617","לאון אדרי 1, באר שבע",yes,לוצ'נה באר שבע,iw,"לאון אדרי 1, באר שבע, 8424617","לאון אדרי 1, Beersheba",yes
6882,סאם בייגל'ס יפו,"יפו 33, ירושלים",סאם בייגל'ס יפו - sam's bagels,"Jaffa St 33, Jerusalem, Israel",ChIJPWwvGtYpAxURTU49eiEvGiM,סאם בייגל'ס יפו - sam's bagels,iw,"יפו 33, ירושלים","יפו 33, ירושלים",yes,סאם בייגל'ס יפו - sam's bagels,iw,"Jaffa St 33, Jerusalem","Yafo 33, Jerusalem",no
6884,כפיים,"דרך אליהו נאוי, באר שבע",KAPAIM | כפיים,"מתחם דיזיין סנטר, אליהו נאוי 12, באר שבע, Israel",ChIJR72LV4pnAhURDNnu7WkFg3c,KAPAIM | כפיים,iw,"מתחם דיזיין סנטר, אליהו נאוי 12, באר שבע","מתחם דיזיין סנטר, אליהו נאוי 12, באר שבע",yes,KAPAIM | כפיים,iw,"מתחם דיזיין סנטר, אליהו נאוי 12, באר שבע","מתחם דיזיין סנטר, Eliyahu Nawi 12, Beersheba",yes
6885,הדיר -בית המרזח בית הנסן,"גדליהו אלון 14, ירושלים",הדיר - בית מרזח בהנסן,"Gdalyahu Alon St 14, Jerusalem, Israel",ChIJ_3zwldcpAxURPYpEG02aZkg,הדיר - בית מרזח בהנסן,iw,"גדליהו אלון 14, ירושלים","גדליהו אלון 14, ירושלים",yes,הדיר - בית מרזח בהנסן,iw,"Gdalyahu Alon St 14, Jerusalem","Gedaliahu Alon 14, Jerusalem",no
6890,סאפוריטו | Saporito,"דרך רמתיים 96, הוד השרון",Saporito | סאפוריטו,"Ramatayim Road 96, Hod HaSharon, 5432432, Israel",ChIJC_h3mr43HRURsyH-o8VXDkQ,Saporito | סאפוריטו,iw,"דרך רמתיים 96, הוד השרון, 5432432","דרך רמתיים 96, הוד השרון",yes,Saporito | סאפוריטו,iw,"Ramatayim Road 96, Hod HaSharon, 5432432","Ramatayim Road 96, Hod HaSharon",no
6892,King's Court Restaurant,"אגרון 26, ירושלים",King's Court | קינגס קורט - מסעדה חלבית,"Gershon Agron St 26-28, Jerusalem, 9419009, Israel",ChIJOXMGRmApAxUR561_bmUXzyA,King's Court | קינגס קורט - מסעדה חלבית,en,"גרשון אגרון 26-28, ירושלים, 9419009","גרשון אגרון 26-28, ירושלים",yes,King's Court | קינגס קורט - מסעדה חלבית,en,"Gershon Agron St 26-28, Jerusalem, 9419009","Gershon Agron 26-28, Jerusalem",no
6893,מוצ'ה הרצליה,"אבא אבן 12, הרצליה",Mucha - הרצליה,"Abba Eban Blvd 12, Herzliya, Israel",ChIJMfxNmcBJHRURh-3TZ9hed_I,Mucha - הרצליה,iw,"שדרות אבא אבן 12, הרצליה","שדרות אבא אבן 12, הרצליה",yes,Mucha - הרצליה,iw,"Abba Eban Blvd 12, Herzliya","Sderot Abba Eban 12, Hertsliya",no
6895,בוקה גדרה,"מנחם בגין 36, גדרה",BOCA - בוקה -,"Sderot Menachem Begin 36, Gedera, 7049829, Israel",ChIJ_6mhA9u5AhURIQoLZ8TRAPg,BOCA - בוקה -,iw,"שדרות מנחם בגין 36, גדרה, 7049829","שדרות מנחם בגין 36, גדרה",yes,BOCA - בוקה -,iw,"Sderot Menachem Begin 36, Gedera, 7049829","Sderot Menachem Begin 36, Gedera",no
6896,Poke van Haifa,"אנדרה סחרוב 9, בניין 1, חיפה",Poké Van,"אנדרה סחרוב 9 בניין מתם 1, Haifa, Israel",ChIJywZV3uS7HRUR9Xs44N54X78,פוקי ואן Poké Van,iw,"אנדרה סחרוב 9 בניין מתם 1, חיפה","אנדרה סחרוב 9 בניין מתם 1, חיפה",yes,Poké Van,en,"אנדרה סחרוב 9 בניין מתם 1, Haifa","אנדרה סחרוב 9 בניין מתם 1, Haifa",yes
6897,פיצה טוביה חולון,"פיכמן 28, חולון",פיצה טוביה - pizza tuvia - סניף חולון,"Ya'akov Fichman St 28, Holon, 5883754, Israel",ChIJX7xuqZ-1AhURbra5SVPFUoA,פיצה טוביה - pizza tuvia - סניף חולון,iw,"יעקב פיכמן 28, חולון, 5883754","יעקב פיכמן 28, חולון",yes,פיצה טוביה - pizza tuvia - סניף חולון,iw,"Ya'akov Fichman St 28, Holon, 5883754","Ya'akov Fichman 28, Holon",no
6898,פלאפל בריבוע אשדוד,"מנגו 4, אשדוד",פלאפל בריבוע,"Mango St, Ashdod, Israel",ChIJP_4vPwCjAhURbqDhJZFMato,פלאפל בריבוע - אשדוד,iw,"מנגו, אשדוד","מנגו, אשדוד",yes,פלאפל בריבוע,en,"Mango St, Ashdod","Mango, Ashdod",no
6899,קאופמן וכהן,"אלן טיורינג 3, הרצליה",קאופמן וכהן,"אלן טיורינג 3, Hertsliya, 4672415, Israel",ChIJy5N7hNpJHRUR5708sWEnnAw,קאופמן וכהן,iw,"אלן טיורינג 3, הרצליה, 4672415","אלן טיורינג 3, הרצליה",yes,קאופמן וכהן,iw,"אלן טיורינג 3, Hertsliya, 4672415","אלן טיורינג 3, Hertsliya",yes
6900,סאם בייגל'ס רמת אשכול,"פארן 15, ירושלים",Sam's Bagels,"רח' פארן 15, ירושלים",ChIJ20wE8O8pAxURYuTRgxN_H8k,סאם בייגלס,iw,"רח' פארן 15, ירושלים","רח' פארן 15, ירושלים",yes,Sam's Bagels,en,"רח' פארן 15, ירושלים","רח' פארן 15, Jerusalem",yes
6902,Tosha Bakery,"חוף אכזיב, אכזיב",Tosha Bakery,"Yad Leyad Youth Hostel, אכזיב, Israel",ChIJfY0ALHDRHRURRESSD98sgF8,תושה בייקרי - בית קפה וקונדיטוריה כשרה למהדרין,iw,"אכסניית הנוער יד ליד, אכזיב","אכסניית הנוער יד ליד, אכזיב",yes,Tosha Bakery,en,"Yad Leyad Youth Hostel, אכזיב","Yad Leyad Youth Hostel, אכזיב",yes
6903,Deknoy,"קניון הראל, מבשרת ציון",Deknoy - Asian Kitchen,"Har'el St 1, Mevaseret Zion, 90805, Israel",ChIJrfuU-qvXAhURNE5gXu6hLmU,דקנוי - מטבח אסיאתי,iw,"הראל 1, מבשרת ציון, 90805","הראל 1, מבשרת ציון",yes,Deknoy - Asian Kitchen,en,"Har'el St 1, Mevaseret Zion, 90805","Har'el 1, Mevaseret Zion",no
6904,B-FRESH - גראנד באר שבע,"שדרות דוד טוביהו 125, באר שבע",B-Fresh,"David Tuviyahu Ave 125, Beersheba, Israel",ChIJOysr6GllAhURH8T_C1jpjT4,B-Fresh,iw,"שדרות דוד טוביהו 125, באר שבע","שדרות דוד טוביהו 125, באר שבע",yes,B-Fresh,iw,"David Tuviyahu Ave 125, Beersheba","David Tuviyahu Ave 125, Beersheba",no
6905,פדרה ומדרה,"בן גוריון 1045 (פרץ סנטר), דימונה",פדרה ומדרה - padre and madre,"פרץ סנטר 1 מרכז פרץ סנטר, דימונה, Israel",ChIJjQ2XCNdHAhURHhf-Z94uRL0,פדרה ומדרה - padre and madre,iw,"פרץ סנטר 1 מרכז פרץ סנטר, דימונה","פרץ סנטר 1 מרכז פרץ סנטר, דימונה",yes,פדרה ומדרה - padre and madre,iw,"פרץ סנטר 1 מרכז פרץ סנטר, דימונה","פרץ סנטר 1 מרכז פרץ סנטר, Dimona",yes
6909,GREG ב.ס.ר בני ברק,"מצדה 5, בני ברק",קפה גרג ב.ס.ר 4,"Metsada St 5, Bnei Brak, 5116112, Israel",ChIJwTQ5S_ZLHRURkRlo_rm9J7s,קפה גרג ב.ס.ר 4,iw,"מצדה 5, בני ברק, 5116112","מצדה 5, בני ברק",yes,קפה גרג ב.ס.ר 4,iw,"Metsada St 5, Bnei Brak, 5116112","Mesada 5, Bnei Brak",no
6910,ברדיצ'ב תלפיות,"סירקין 27, חיפה",Bardichev Hummus,"Sirkin St 27, Haifa, 3311514, Israel",ChIJO-uUPY67HRURI38rj8fGK38,חומוס ברדיצ'ב תלפיות- כשר,iw,"סירקין 27, חיפה, 3311514","סירקין 27, חיפה",yes,Bardichev Hummus,en,"Sirkin St 27, Haifa, 3311514","Sirkin 27, Haifa",no
6911,סוד | SUD,"הדרום 6, ירושלים",סוד/ SUD,"Darom St 6, Jerusalem, Israel",ChIJ45TNYQApAxURnguh5IFPKeI,סוד/ SUD,iw,"דרום 6, ירושלים","דרום 6, ירושלים",yes,סוד/ SUD,iw,"Darom St 6, Jerusalem","Darom 6, Jerusalem",no
6912,B-FRESH - מרינה אשקלון,"הנמל 9, אשקלון",B-FRESH,"HaNamal St, Ashkelon, Israel",ChIJP0ap6DWcAhURRA3n7wI3VQU,B-FRESH מרינה אשקלון,iw,"הנמל, אשקלון","הנמל, אשקלון",yes,B-FRESH,en,"HaNamal St, Ashkelon","HaNamal, Ashkelon",no
6916,Me Ma Mu חיפה,"טרומפלדור 53, חיפה",מי מה מו חיפה,"Sderot Trumpeldor 53, Haifa, Israel",ChIJsaJ0Dmi7HRURRAaeXFVFTXM,מי מה מו חיפה,iw,"שדרות טרומפלדור 53, חיפה","שדרות טרומפלדור 53, חיפה",yes,מי מה מו חיפה,iw,"Sderot Trumpeldor 53, Haifa","Sderot Trumpeldor 53, Haifa",no
6917,אדרבה,"דרך הים 3 טיילת דן, אילת",אדרבה אילת,"טיילת מלון דן, הים 3, אילת, 8851022, Israel",ChIJ3QZ8b4NxABURFQnH6YoeBeo,אדרבה אילת,iw,"טיילת מלון דן, הים 3, אילת, 8851022","טיילת מלון דן, הים 3, אילת",yes,אדרבה אילת,iw,"טיילת מלון דן, הים 3, אילת, 8851022","טיילת מלון דן, HaYam 3, Eilat",yes
6918,ביסטרו  BP - מפרץ חיפה,"שדרות ההסתדרות 157, מפרץ חיפה",BP - ביסטרו כשר במפרץ חיפה,"HaHistadrut Ave 157, Haifa, 26299, Israel",ChIJM1eqULywHRURMQHV-X2nDnY,BP - בורגר פלייס חיפה,iw,"שדרות ההסתדרות 157, חיפה, 26299","שדרות ההסתדרות 157, חיפה",yes,BP - ביסטרו כשר במפרץ חיפה,en,"HaHistadrut Ave 157, Haifa, 26299","Sderot HaHistadrut 157, Haifa",no
6919,ג'פניקה הרצליה,"הסדנאות 10, הרצליה",ג׳פניקה הרצליה כשר | JAPANIKA HERZELIYA KOSHER,"Ha-Sadna'ot St 10, Herzliya, Israel",ChIJAW6ice1IHRURaUlWNVGTRl4,ג'פניקה,iw,"הסדנאות 10, הרצליה","הסדנאות 10, הרצליה",yes,ג׳פניקה הרצליה כשר | JAPANIKA HERZELIYA KOSHER,en,"Ha-Sadna'ot St 10, Herzliya","HaSadnaot 10, Hertsliya",no
6920,Burgers Bar דן אילת,"דרך פעמי השלום 23, אילת",Burgers Bar | בורגרס בר | דן אילת,"Derech Pa'amei HaShalom 21, Eilat, Israel",ChIJ515RutNxABURvTJLQXu62-8,Burgers Bar | בורגרס בר | דן אילת,iw,"דרך פעמי השלום 21, אילת","דרך פעמי השלום 21, אילת",yes,Burgers Bar | בורגרס בר | דן אילת,iw,"Derech Pa'amei HaShalom 21, Eilat","Derech Pa'amei HaShalom 21, Eilat",no
6922,Burgers Bar מעלה אדומים,"כיכר היהלום 8, מעלה אדומים",Burgers Bar,כיכר יהלום 8، Ma'ale Adumim,ChIJTSUawkspAxURwxDpAEZthYc,Burgers Bar | בורגרס בר | המבורגר כשר מעלה אדומים,iw,כיכר יהלום 8، Ma'ale Adumim,"כיכר יהלום 8, Ma'ale Adumim",yes,Burgers Bar,en,כיכר יהלום 8، Ma'ale Adumim,"כיכר יהלום 8, Ma'ale Adumim",yes
6925,Greg בית שאן,"מנחם בגין 1, בית שאן",Cafe Greg,"Menachem Begin Blvd 1, Beit She'an, Israel",ChIJoQGoY5ReHBURj_Bhlg5UP7U,קפה גרג מסעדה,iw,"שדרות מנחם בגין 1, בית שאן","שדרות מנחם בגין 1, בית שאן",yes,Cafe Greg,en,"Menachem Begin Blvd 1, Beit She'an","Sderot Menachem Begin 1, Beit She'an",no
6926,Burgers Bar גבעתיים,"דרך יצחק רבין 53, גבעתיים",בורגרס בר | BurgersBar | עזריאלי גבעתיים כשר,"מתחם מזון מהיר, קניון עזריאלי, דרך יצחק רבין 53, קומה 3, גבעתיים, 5348323, Israel",ChIJdcdxADNLHRURx-Didii8drI,בורגרס בר | BurgersBar | עזריאלי גבעתיים כשר,iw,"מתחם מזון מהיר, קניון עזריאלי, דרך יצחק רבין 53, קומה 3, גבעתיים, 5348323","מתחם מזון מהיר, קניון עזריאלי, דרך יצחק רבין 53, קומה 3, גבעתיים",yes,בורגרס בר | BurgersBar | עזריאלי גבעתיים כשר,iw,"מתחם מזון מהיר, קניון עזריאלי, דרך יצחק רבין 53, קומה 3, גבעתיים, 5348323","מתחם מזון מהיר, קניון עזריאלי, Derech Yitshak Rabin 53, קומה 3, Giv'atayim",yes
6928,Lorya,"היוגב 1, נתיבות",לוריא בית לאירועים - אוכל מוכן בנתיבות | אולם אירועים בנתיבות,"HaYogev St 1, Netivot, Israel",ChIJ0VPJ40p9AhUR2iFdA5dgd_o,לוריא בית לאירועים - אוכל מוכן בנתיבות | אולם אירועים בנתיבות,iw,"היוגב 1, נתיבות","היוגב 1, נתיבות",yes,לוריא בית לאירועים - אוכל מוכן בנתיבות | אולם אירועים בנתיבות,iw,"HaYogev St 1, Netivot","HaYogev 1, Netivot",no
6930,Zalmans - בני ברק,"מצדה 9, בני ברק",זלמנ'ס,"Metsada St 9, Bnei Brak, Israel",ChIJVdtRkudLHRURSNYE7h21i_A,זלמנ'ס,iw,"מצדה 9, בני ברק","מצדה 9, בני ברק",yes,זלמנ'ס,iw,"Metsada St 9, Bnei Brak","Mesada 9, Bnei Brak",no
6931,Mojo's,"שלומציון המלכה 1, ירושלים",Mojo's,"Queen Shlomziyon St 1, Jerusalem, 9414601, Israel",ChIJx8G1r8opAxURdumv_ZmqpiY,Mojo's,en,"שלומציון המלכה 1, ירושלים, 9414601","שלומציון המלכה 1, ירושלים",yes,Mojo's,en,"Queen Shlomziyon St 1, Jerusalem, 9414601","Queen Shlomziyon 1, Jerusalem",no
6933,קינג קונג חדרה,"שכטמן 10 מתחם מול החוף, חדרה",קינג קונג חדרה,"מול החוף וויליג' חדרה, שכטמן 10, Hadera, Israel",ChIJc4hKkRoTHRURqmvSU1E2l00,קינג קונג חדרה,iw,"מול החוף וויליג' חדרה, שכטמן 10, חדרה","מול החוף וויליג' חדרה, שכטמן 10, חדרה",yes,קינג קונג חדרה,iw,"מול החוף וויליג' חדרה, שכטמן 10, Hadera","מול החוף וויליג' חדרה, שכטמן 10, Hadera",yes
6934,יקב אבן הראשה,"שטורמן 1, בית שאן",יקב אבן הראשה - Keystone Winery,"שטורמן 1, בית שאן, Israel",ChIJi9lv2qVfHBURpnUU_zRshQk,יקב אבן הראשה - Keystone Winery,iw,"שטורמן 1, בית שאן","שטורמן 1, בית שאן",yes,יקב אבן הראשה - Keystone Winery,iw,"שטורמן 1, בית שאן","שטורמן 1, Beit She'an",yes
6935,וור בר,"השמורה 2, זכרון יעקב",וור בר - VERRE BAR (כשר),"HaShmura St, Zikhron Ya'akov, 3094071, Israel",ChIJ88ofuFALHRURnCUY9t7gdrw,וור בר - VERRE BAR (כשר),iw,"השמורה, זכרון יעקב, 3094071","השמורה, זכרון יעקב",yes,וור בר - VERRE BAR (כשר),iw,"HaShmura St, Zikhron Ya'akov, 3094071","HaShmura, Zihron Ya'akov",no
6936,Burgers Bar ביג אילת,"הסתת 20, מרכז ביג, אילת",Burgers Bar,"Ha-Satat St 20, Eilat, Israel",ChIJET1AgQRuABUR2c0v88QZR18,בורגרס בר | BurgersBar | ביג אילת כשר,iw,"הסתת 20, אילת","הסתת 20, אילת",yes,Burgers Bar,en,"Ha-Satat St 20, Eilat","HaSatat 20, Eilat",no
6939,אופיר בסט - רמות,"המשורר אצ""ג 2, ירושלים",פיצה פלאפל אופיר בסט,"Ha Meshorer Azag St 3, Jerusalem",ChIJISzADDzWAhURX6sCZ7RE7Ak,פיצה פלאפל אופיר בסט,iw,"המשורר אצ'ג 3, ירושלים","המשורר אצ'ג 3, ירושלים",yes,פיצה פלאפל אופיר בסט,iw,"Ha Meshorer Azag St 3, Jerusalem","HaMeshorer Atsag 3, Jerusalem",no
6940,בייגל קפה נתניה,"בני ברמן 2, נתניה",בייגל קפה Bagel Cafe - נתניה,"קניון עיר ימים, Beni Berman, Netanya, Israel",ChIJ_zmHOwBBHRUR4_xjbp0xsIk,בייגל קפה Bagel Cafe - נתניה,iw,"קניון עיר ימים, בני ברמן, נתניה","קניון עיר ימים, בני ברמן, נתניה",yes,בייגל קפה Bagel Cafe - נתניה,iw,"קניון עיר ימים, Beni Berman, Netanya","קניון עיר ימים, Beni Berman, Netanya",yes
6942,עאיישה שוק הכרמל,"שפר רבינוביץ 2, תל אביב",עאיישה תל אביב,"Shefer St 2, Tel Aviv-Yafo, Israel",ChIJgQ_xjwizAhURS6Gpd5aojlo,עאיישה תל אביב,iw,"שפ""ר 2, תל אביב-יפו","שפ""ר 2, תל אביב-יפו",yes,עאיישה תל אביב,iw,"Shefer St 2, Tel Aviv-Yafo","Shefer 2, Tel Aviv-Jaffa",no
6943,Geppeto טאבון איטלקי,"דפנה 1, צור הדסה",Jeppeto Pizza Bar,"Dafna St 1, Tzur Hadassah, Israel",ChIJ1W8xXknbAhURRJmlxkKNfV0,גפטו פיצה בר,iw,"דפנה 1, צור הדסה","דפנה 1, צור הדסה",yes,Jeppeto Pizza Bar,en,"Dafna St 1, Tzur Hadassah","Dafna 1, Tsur Hadasa",no
6945,קפה מלצ'ט,"דרך הלורד 100, תל מונד",קפה מלצ׳ט,"HaLord Road 100, Tel Mond, Israel",ChIJqy9YY4I_HRURKuvpvDZnmHQ,קפה מלצ׳ט,iw,"דרך הלורד 100, תל מונד","דרך הלורד 100, תל מונד",yes,קפה מלצ׳ט,iw,"HaLord Road 100, Tel Mond","HaLord Road 100, Tel Mond",no
6947,יקבי ירושלים - פתח תקווה,"אלוזורוב 30, פתח תקווה",JERUZ YARD בוטיק היין יקבי ירושלים בפתח תקווה,"Geysot Hashiryon parking, Haim Arlozorov St 30, Petah Tikva, 4940868, Israel",ChIJkT4FpO83HRURUIoRV9VKmxg,JERUZ YARD בוטיק היין יקבי ירושלים בפתח תקווה,en,"Geysot Hashiryon parking, Haim Arlozorov St 30, Petah Tikva, 4940868","Geysot Hashiryon parking, מתחם יד לבנים, חיים ארלוזורוב 30, פתח תקווה",no,JERUZ YARD בוטיק היין יקבי ירושלים בפתח תקווה,en,"Geysot Hashiryon parking, Haim Arlozorov St 30, Petah Tikva, 4940868","Geysot Hashiryon parking, מתחם יד לבנים, Haim Arlozorov 30, Petah Tikva",no
6948,Greenz - בית עורק,"אבא הלל סילבר 16, רמת גן",GREENZ בר בריאות אורגני,"Abba Hillel Silver Rd 16, Ramat Gan, 5250608, Israel",ChIJq1mdBeNLHRURI9ypXu-3KZ0,GREENZ בר בריאות אורגני,iw,"דרך אבא הלל 16, רמת גן, 5250608","דרך אבא הלל 16, רמת גן",yes,GREENZ בר בריאות אורגני,iw,"Abba Hillel Silver Rd 16, Ramat Gan, 5250608","Derech Aba Hillel 16, Ramat Gan",no
6952,הכריש פיצה בר,"אח""י דקר 6, ראשון לציון",Hakarish Pizza,"Ahi Dakar St 6, Rishon LeZion, Israel",ChIJaUjrmDi0AhUR6FejSB5WB2g,הכריש פיצה בר,iw,"אח""י דקר 6, ראשון לציון","אח""י דקר 6, ראשון לציון",yes,Hakarish Pizza,en,"Ahi Dakar St 6, Rishon LeZion","Ahi Dakar 6, Rishon LeZion",no
6953,פיראנה שף,"משה הלוי 10, ראשון לציון",Piranha chef,"Moshe Levi St 10, Rishon LeZion, 7519701, Israel",ChIJRWyMcLqzAhURqjttFq8YsVY,פיראנה שף piranha chef,iw,"משה לוי 10, ראשון לציון, 7519701","משה לוי 10, ראשון לציון",yes,Piranha chef,en,"Moshe Levi St 10, Rishon LeZion, 7519701","Moshe Levi 10, Rishon LeZion",no
6954,PizzaGarage TLV,"חשמונאים 96, תל אביב",פיצה גראז' pizzagarage,"HaHashmonaim St 96, Tel Aviv-Yafo, Israel",ChIJIyGd5HdLHRUR7YavavdfQc4,פיצה גראז' pizzagarage,iw,"החשמונאים 96, תל אביב-יפו","חניון, החשמונאים 96, תל אביב-יפו",yes,פיצה גראז' pizzagarage,iw,"HaHashmonaim St 96, Tel Aviv-Yafo","Parking lot, HaHashmonaim 96, Tel Aviv-Jaffa",no
6957,Choose Your Cookies,"דיזינגוף 138, תל אביב",Choose Your Cookies - צוז יור קוקיז,"Dizengoff St 138, Tel Aviv-Yafo, 6346112, Israel",ChIJH2YvRaRNHRURmSY1w_ZCRXI,Choose Your Cookies - צוז יור קוקיז,en,"דיזנגוף 138, תל אביב-יפו, 6346112","דיזנגוף 138, תל אביב-יפו",yes,Choose Your Cookies - צוז יור קוקיז,en,"Dizengoff St 138, Tel Aviv-Yafo, 6346112","Dizengoff 138, Tel Aviv-Jaffa",no
6959,WayCup Coffee יוחנן הסנדלר,"יוחנן הסנדלר 23, תל אביב",WayCup Coffee,"Yohanan HaSandlar St 23, Tel Aviv-Yafo, Israel",ChIJNSOc0IFMHRUR5oIkAzB1CjY,WayCup Coffee,en,"יוחנן הסנדלר 23, תל אביב-יפו","יוחנן הסנדלר 23, תל אביב-יפו",yes,WayCup Coffee,en,"Yohanan HaSandlar St 23, Tel Aviv-Yafo","Yohanan HaSandlar 23, Tel Aviv-Jaffa",no
6960,Mucha רחובות,"אופניימר 2, רחובות",מוצ'ה רחובות,"אופנהיימר 2, רחובות, Israel",ChIJcayVJje3AhURFC3rdBlFH0M,מוצ'ה רחובות,iw,"אופנהיימר 2, רחובות","אופנהיימר 2, רחובות",yes,מוצ'ה רחובות,iw,"אופנהיימר 2, רחובות","אופנהיימר 2, Rehovot",yes
6963,מסעדת קיסר,"דרך הגליל 55, ראש פינה",מסעדת קיסר ראש פינה - Caesar Meat Bar - כשר למהדרין,"Galil road 1, Rosh Pinna, Israel",ChIJ9R3d6gIjHBUR__UZNSFH1dU,מסעדת קיסר ראש פינה - Caesar Meat Bar - כשר למהדרין,en,"Galil road 1, Rosh Pinna","Galil road 1, ראש פינה",no,מסעדת קיסר ראש פינה - Caesar Meat Bar - כשר למהדרין,en,"Galil road 1, Rosh Pinna","Galil road 1, Rosh Pina",no
6965,L'art du pain,"התדהר 15, רעננה",לאר דו פאן,"Ha-Tidhar St 15, Ra'anana, 4366517, Israel",ChIJ55VKeAI5HRURByTXup2WlBk,לאר דו פאן,iw,"התדהר 15, רעננה, 4366517","התדהר 15, רעננה",yes,לאר דו פאן,iw,"Ha-Tidhar St 15, Ra'anana, 4366517","HaTidhar 15, Ra'anana",no
6967,פוקצ'ריה,"ז'בוטינסקי 72, פתח תקווה",פוקצ'ריה,"הקניון הגדול 72, Jabotinsky St, Petah Tikva, Israel",ChIJ62zIPAM2HRURBXqAJEV4K5Q,פוקצ'ריה,iw,"הקניון הגדול 72, Jabotinsky St, Petah Tikva","הקניון הגדול 72, רחוב זאב ז'בוטינסקי, פתח תקווה",yes,פוקצ'ריה,iw,"הקניון הגדול 72, Jabotinsky St, Petah Tikva","הקניון הגדול 72, Derech Zeev Jabutinsky, Petah Tikva",yes
6969,טיטי מרטין,"ברשבסקי 7, ראשון לציון",Titi Martin - טיטי מרטין,"Barshavski St 7, Rishon LeZion, Israel",ChIJDyx4Mha1AhUR0BviDR4VzYE,Titi Martin - טיטי מרטין,iw,"ברשבסקי 7, ראשון לציון","ברשבסקי 7, ראשון לציון",yes,Titi Martin - טיטי מרטין,iw,"Barshavski St 7, Rishon LeZion","Barshavski 7, Rishon LeZion",no
6972,Greg פרדס חנה,"תדהר 1, פרדס חנה",Cafe Greg,"מרכז ביג, תדהר 1, פרדס חנה כרכור, Israel",ChIJf9OcN2AOHRURk_VNDoeFCAg,קפה גרג,iw,"מרכז ביג, תדהר 1, פרדס חנה כרכור","מרכז ביג, Building C, תדהר 1, פרדס חנה כרכור",yes,Cafe Greg,en,"מרכז ביג, תדהר 1, פרדס חנה כרכור","מרכז ביג, Building C, Tidhar 1, Pardes Hana-Karkur",yes
6974,אחים ממן,"שד תל חי 106, קריית שמונה",אחים ממן - מסעדת בשרים כשרה למהדרין בקרית שמונה,"Tel Hai St 106, Qiryat Shemona, Israel",ChIJpYY8Q1S9HhURFqjMaXhyoys,אחים ממן,iw,"תל חי 106, קרית שמונה","תל חי 106, קרית שמונה",yes,אחים ממן - מסעדת בשרים כשרה למהדרין בקרית שמונה,en,"Tel Hai St 106, Qiryat Shemona","Tel Hai 106, Kiryat Shmona",no
6975,La Castello,"הנרקיס 2, ראש פינה",פיצה לה קסטלו - La Castello ראש פינה,"HaNarkis St 2, Rosh Pinna, Israel",ChIJW1EAVZIjHBUR5y441202_VY,פיצה לה קסטלו - La Castello ראש פינה,iw,"הנרקיס 2, ראש פינה","הנרקיס 2, ראש פינה",yes,פיצה לה קסטלו - La Castello ראש פינה,iw,"HaNarkis St 2, Rosh Pinna","HaNarkis 2, Rosh Pina",no
6976,יאשקה דיזינגוף,"דיזינגוף 105, תל אביב",Yashka,"Israel, Dizengoff 105, Tel Aviv-Jaffa, Israel",ChIJe5n8nnhMHRURXg_PUqLCl1Q,יאשקה - דיזינגוף,iw,"Israel, Dizengoff 105, Tel Aviv-Jaffa","Israel, דיזנגוף 105, תל אביב-יפו",no,Yashka,en,"Israel, Dizengoff 105, Tel Aviv-Jaffa","Israel, Dizengoff 105, Tel Aviv-Jaffa",no
6977,ויצק,"מכון ויצמן, רחובות",ויצק - Weizac,"מכון ויצמן, רחובות, 7632701, Israel",ChIJzZYYDA-3AhURKCpr4r75z74,ויצק - Weizac,iw,"מכון ויצמן, רחובות, 7632701","מכון ויצמן, רחובות",yes,ויצק - Weizac,iw,"מכון ויצמן, רחובות, 7632701","מכון ויצמן, Rehovot",yes
6979,Mikey's פיצה מקומית,"ברנר 3, עפולה",Mikey’s פיצה מקומית,"Brenner St 3, Afula, 1828703, Israel",ChIJFZcVCYJTHBURrTYec53ZIt4,Mikey’s פיצה מקומית,iw,"ברנר 3, עפולה, 1828703","ברנר 3, עפולה",yes,Mikey’s פיצה מקומית,iw,"Brenner St 3, Afula, 1828703","Brener 3, Afula",no
6980,B-FRESH - רחובות הנשיא,"כרמל 76, רחובות",B-FRESH רחובות אחוזת הנשיא,"Carmel St 76, Rehovot, Israel",ChIJF-M4AwC3AhURx0U4_jdbe6Q,B-FRESH רחובות אחוזת הנשיא,en,"כרמל 76, רחובות","כרמל 76, רחובות",yes,B-FRESH רחובות אחוזת הנשיא,en,"Carmel St 76, Rehovot","Carmel 76, Rehovot",no
6981,הבוקרים מרום גולן,קיבוץ מרום גולן,Habokrim Restaurant,Merom Golan 1243600,ChIJka8l7tavHhUR-kPMLEEB4fg,מסעדת הבוקרים - Habokrim Restaurant,iw,מרום גולן 1243600,מרום גולן,yes,Habokrim Restaurant,en,Merom Golan 1243600,Merom Golan,no
6982,הנדרסון,"עמק איילון 32, שוהם",הנדרסון בורגר,"Sderot Emek Ayalon 32, Shoham, 73142, Israel",ChIJo8lkUm41HRUREMzZBa3kRuY,הנדרסון בורגר,iw,"שדרות עמק איילון 32, שוהם, 73142","שדרות עמק איילון 32, שוהם",yes,הנדרסון בורגר,iw,"Sderot Emek Ayalon 32, Shoham, 73142","Sderot Emek Ayalon 32, Shoham",no
6983,Burgers Bar עזריאלי תל אביב,"קניון עזריאלי, תל אביב",Burgers Bar,"קניון עזריאלי, Derech Menachem Begin 132, קומה 2, Tel Aviv-Jaffa, Israel",ChIJkaYvb5lLHRURCaN6gbMwRMw,בורגרס בר | BurgersBar | תל אביב עזריאלי כשר,iw,"קניון עזריאלי, דרך מנחם בגין 132, קומה 2, תל אביב-יפו","קניון עזריאלי, מגדלי עזריאלי, דרך מנחם בגין 132, קומה 2, תל אביב-יפו",yes,Burgers Bar,en,"קניון עזריאלי, Derech Menachem Begin 132, קומה 2, Tel Aviv-Jaffa","קניון עזריאלי, Azrieli Center, Derech Menachem Begin 132, קומה 2, Tel Aviv-Jaffa",yes
6984,דבוש צומת מעריב,"קרליבך 1, תל אביב",Dabush,"Carlebach St 1, Tel Aviv-Yafo, Israel",ChIJCQhuZgJLHRUR_foUN4pWHsI,דבוש שווארמה קרליבך,iw,"קרליבך 1, תל אביב-יפו","קרליבך 1, תל אביב-יפו",yes,Dabush,en,"Carlebach St 1, Tel Aviv-Yafo","Carlebach 1, Tel Aviv-Jaffa",no
6985,Pico רמלה,"שדרות ירושלים, רמלה",פיקו פיצה רמלה pico pizza,"שדרות ירושלים, רמלה, Israel",ChIJQVYzikPLAhUR8OQZVyGfCKw,פיקו פיצה רמלה pico pizza,iw,"שדרות ירושלים, רמלה","שדרות ירושלים, רמלה",yes,פיקו פיצה רמלה pico pizza,iw,"שדרות ירושלים, רמלה","שדרות ירושלים, Ramla",yes
6986,Le Miel,"יד חרוצים 14, תל אביב",מסעדה צרפתית תל אביב - מסעדת לה מיאל | Le Miel TLV,"Yad Harutsim St 14, Tel Aviv-Yafo, 6770007, Israel",ChIJ7VWsTP9LHRURWUdEY2Ojcno,מסעדה צרפתית תל אביב - מסעדת לה מיאל | Le Miel TLV,iw,"יד חרוצים 14, תל אביב-יפו, 6770007","יד חרוצים 14, תל אביב-יפו",yes,מסעדה צרפתית תל אביב - מסעדת לה מיאל | Le Miel TLV,iw,"Yad Harutsim St 14, Tel Aviv-Yafo, 6770007","Yad Harutsim 14, Tel Aviv-Jaffa",no
6987,מיקסי סלט בר - שרונה מרקט,"אלוף קלמן מגן 5, תל אביב",מיקסי סלט בר- שרונה מרקט,"Kalman Magen 5, תל אביב-יפו, 6107075, Israel",ChIJMx3u1d5LHRURhprmTxWvo3g,מיקסי סלט בר- שרונה מרקט,iw,"Kalman Magen 5, תל אביב-יפו, 6107075","Kalman Magen 5, תל אביב-יפו",yes,מיקסי סלט בר- שרונה מרקט,iw,"Kalman Magen 5, תל אביב-יפו, 6107075","Kalman Magen 5, Tel Aviv-Jaffa",yes
6988,Uma Tuma,"כרמל 76, רחובות",אומה טומה,"Carmel St 76, Rehovot, Israel",ChIJs2HHveO3AhURyrq_zTf3KaQ,אומה טומה,iw,"כרמל 76, רחובות","כרמל 76, רחובות",yes,אומה טומה,iw,"Carmel St 76, Rehovot","Carmel 76, Rehovot",no
6991,Burgers Bar רמת אביב,"מרכז טאגור 30, תל אביב",Burgers Bar,"מרכז טאגור 30, Tel Aviv-Jaffa, Israel",ChIJJfLfG2hJHRUROAx3ccc8FXI,בורגרס בר | BurgersBar | רמת אביב כשר בהשגחת הרב מחפוד,iw,"מרכז טאגור 30, תל אביב-יפו","מרכז טאגור 30, תל אביב-יפו",yes,Burgers Bar,en,"מרכז טאגור 30, Tel Aviv-Jaffa","מרכז טאגור 30, Tel Aviv-Jaffa",yes
6993,Baga Burger,"הרצל 62, רמלה",Baga burger - באגה בורגר,"Sderot Herzl 62, Ramla, Israel",ChIJIb-A18DLAhURMDo6fpWMzuI,Baga burger - באגה בורגר,iw,"שדרות הרצל 62, רמלה","שדרות הרצל 62, רמלה",yes,Baga burger - באגה בורגר,iw,"Sderot Herzl 62, Ramla","Sderot Herzl 62, Ramla",no
6994,דפנ׳ס קונדיטוריה וקפה סניף ליגד,"דרך ירושלים 15, רחובות",דפנ׳ס בייקרי DAFNA'S BAKERY,"פינחס בן דוד 1, דרך ירושלים 15, Rehovot, Israel",ChIJ4yRFAHO3AhURLKtu5sKnnwA,דפנה'ס,iw,"פינחס בן דוד 1, דרך ירושלים 15, רחובות","פינחס בן דוד 1, דרך ירושלים 15, רחובות",yes,דפנ׳ס בייקרי DAFNA'S BAKERY,en,"פינחס בן דוד 1, דרך ירושלים 15, Rehovot","פינחס בן דוד 1, דרך ירושלים 15, Rehovot",yes
6995,Moses Shop רעננה,"סשה ארגוב 23, רעננה",Moses Shop,"Sasha Argov St, Ra'anana, Israel",ChIJjUcbdGc5HRUREHs_dv8p-kY,Moses Shop רעננה,iw,"סשה ארגוב, רעננה","סשה ארגוב, רעננה",yes,Moses Shop,en,"Sasha Argov St, Ra'anana","Sasha Argov, Ra'anana",no
6997,PizzaGarage פרישמן,"פרישמן 16, תל אביב",Pizza Garage,"Frishman St 16, Tel Aviv-Yafo, Israel",ChIJjxd6S3lMHRURkMd82YamCXw,פיצה גראז' פרישמן,iw,"פרישמן 16, תל אביב-יפו","פרישמן 16, תל אביב-יפו",yes,Pizza Garage,en,"Frishman St 16, Tel Aviv-Yafo","Frishman 16, Tel Aviv-Jaffa",no
6998,Wok To Walk רעננה (כשר),"אחוזה 91, רעננה",ווק טו ווק רעננה,"Ahuza St 91, Ra'anana, 4360021, Israel",ChIJ4wU73-M5HRURbde5qwE9HIA,ווק טו ווק רעננה,en,"אחוזה 91, רעננה, 4360021","אחוזה 91, רעננה",yes,ווק טו ווק רעננה,en,"Ahuza St 91, Ra'anana, 4360021","Ahuza 91, Ra'anana",no
6999,נאמן N רחובות,"ביל""ו 2 - קניון עופר, רחובות",Cafe Neeman,"Bilu St 2, Rehovot, Israel",ChIJB6qA0rG3AhUR8R7ncHX5PuA,קפה נאמן,iw,"ביל""ו 2, רחובות","ביל""ו 2, רחובות",yes,Cafe Neeman,en,"Bilu St 2, Rehovot","Bilu 2, Rehovot",no
7000,פורינה,"המושב 33, פרדס חנה כרכור",פיצרייה נאפוליטנית פורינה,"Ha-Moshav St 33, Pardes Hanna-Karkur, 3706933, Israel",ChIJFzRsQCAPHRURl34Kn5e0zmw,פיצרייה נאפוליטנית פורינה,iw,"המושב 33, פרדס חנה כרכור, 3706933","המושב 33, פרדס חנה כרכור",yes,פיצרייה נאפוליטנית פורינה,iw,"Ha-Moshav St 33, Pardes Hanna-Karkur, 3706933","HaMoshav 33, Pardes Hana-Karkur",no
7001,BBB BTW עין חצבה,"עין חצבה, עין חצבה",BBB By The Way Burgers סניף חצבה,"פונדק, עין חצבה, Israel",ChIJsbjoUADNAxURacGHZ8Sa_IE,BBB BTW עין חצבה,iw,"פונדק, עין חצבה","פונדק, עין חצבה",yes,BBB By The Way Burgers סניף חצבה,en,"פונדק, עין חצבה","פונדק, Ein Hatseva",yes
7002,שלחמך,"בראלי 18, תל אביב",Pizza Shelachmecha - פיצה שלחמך,"Bareli St 18, Tel Aviv-Yafo, 6936468, Israel",ChIJsfr3wWRLHRURSgKUL3hMDNg,פיצה שלחמך - הפיצה של רועי גורן,iw,"בראלי 18, תל אביב-יפו, 6936468","בראלי 18, תל אביב-יפו",yes,Pizza Shelachmecha - פיצה שלחמך,en,"Bareli St 18, Tel Aviv-Yafo, 6936468","Bareli 18, Tel Aviv-Jaffa",no
7003,BBB קריית גת,"דרך הדרום 3, קרית גת",BBB,"מרכז ביג, דרך הדרום 3, קרית גת, Israel",ChIJvXuzL32RAhURN20N6jL4le0,BBB קרית גת,iw,"מרכז ביג, דרך הדרום 3, קרית גת","מרכז ביג, דרך הדרום 3, קרית גת",yes,BBB,en,"מרכז ביג, דרך הדרום 3, קרית גת","מרכז ביג, Derekh ha-Darom 3, Kiryat Gat",yes
7004,פיאדרה פתח תקווה,"תוצרת הארץ 2, פתח תקווה",Piedra פיאדרה,"Totseret ha-Arets St 2, Petah Tikva, 4951733, Israel",ChIJ0YSvxnhJHRURRan8Dw1iaQQ,Piedra פיאדרה,en,"תוצרת הארץ 2, פתח תקווה, 4951733","תוצרת הארץ 2, פתח תקווה",yes,Piedra פיאדרה,en,"Totseret ha-Arets St 2, Petah Tikva, 4951733","Totseret HaArets 2, Petah Tikva",no
7007,יקב שדות,"דרך המייסדים, שדה יעקוב",יקב שדות Sadot Winery,"כתובת :דרך, המיסדים 5, Sde Ya'aqov, Israel",ChIJI6oAqemtHRUR9aQf5K4a0r8,יקב שדות Sadot Winery,iw,"כתובת :דרך, המיסדים 5, שדה יעקב","כתובת :דרך, המיסדים 5, שדה יעקב",yes,יקב שדות Sadot Winery,iw,"כתובת :דרך, המיסדים 5, Sde Ya'aqov","כתובת :דרך, המיסדים 5, Sde Ya'akov",yes
7008,Mucha רעננה,"הנופר 2, רעננה",Mucha - רעננה,"HaNofar St 2, Ra'anana, 4366402, Israel",ChIJPzeLiOI5HRURoYDKlv7ZaZM,Mucha - רעננה,iw,"הנופר 2, רעננה, 4366402","הנופר 2, רעננה",yes,Mucha - רעננה,iw,"HaNofar St 2, Ra'anana, 4366402","HaNofar 2, Ra'anana",no
7009,WayCup Coffee מקווה ישראל,"מקווה ישראל 17, תל אביב",WayCup Coffee,"Mikve Israel St 17, Tel Aviv-Yafo, Israel",ChIJf54Q1nxLHRURkUPjg2F4e78,WayCup Coffee,iw,"מקווה ישראל 17, תל אביב-יפו","מקווה ישראל 17, תל אביב-יפו",yes,WayCup Coffee,en,"Mikve Israel St 17, Tel Aviv-Yafo","Mikve Israel 17, Tel Aviv-Jaffa",no
7010,אבאלה - עפולה,"יוסף ברזילאי 10, עפולה",אבאלה שווארמה עפולה,"ברזיאלי 10, עפולה, Israel",ChIJyZWIrstRHBURp0_yEVj8Otc,אבאלה שווארמה עפולה,iw,"ברזיאלי 10, עפולה","ברזיאלי 10, עפולה",yes,אבאלה שווארמה עפולה,iw,"ברזיאלי 10, עפולה","ברזיאלי 10, Afula",yes
7011,שאור בייקרי רמת אביב,"טאגור 32, תל אביב",Ceor,"Tagore St 32, Tel Aviv-Yafo, Israel",ChIJxXA_t4NJHRURbElaIKBisHE,שאור בייקרי מרכז טאגור,iw,"רחוב רבינדרנת טאגור 32, תל אביב-יפו","רחוב רבינדרנת טאגור 32, תל אביב-יפו",yes,Ceor,en,"Tagore St 32, Tel Aviv-Yafo","Rehov Tagore 32, Tel Aviv-Jaffa",no
7012,Burgers bar שדרות,"הסתדרות 10, שדרות",בורגרס בר | BurgersBar | שדרות כשר,"Ha-Histadrut St 10, Sderot, Israel",ChIJEVjt5VWBAhUReHP97aFXhgo,בורגרס בר | BurgersBar | שדרות כשר,iw,"ההסתדרות 10, שדרות","ההסתדרות 10, שדרות",yes,בורגרס בר | BurgersBar | שדרות כשר,iw,"Ha-Histadrut St 10, Sderot","Hahistadrut 10, Sderot",no
7014,תילוש,"מקום כנען 3, צפת",תילוש,"Merom Kna'an St 3, Safed, Israel",ChIJ68S7AQAjHBURm0-nUcrAF4c,תילוש,iw,"מרום כנען 3, צפת","מרום כנען 3, צפת",yes,תילוש,iw,"Merom Kna'an St 3, Safed","Merom Kna'an 3, Tsfat",no
7015,שאור בייקרי מעוז אביב,"בני אפרים 209, תל אביב",שאור בייקרי מעוז אביב,"Bnei Ephraim St 209, Tel Aviv-Yafo, Israel",ChIJydmaEbtJHRURuZaxiVIlCyk,שאור בייקרי מעוז אביב,iw,"בני אפרים 209, תל אביב-יפו","בני אפרים 209, תל אביב-יפו",yes,שאור בייקרי מעוז אביב,iw,"Bnei Ephraim St 209, Tel Aviv-Yafo","Bnei Ephraim 209, Tel Aviv-Jaffa",no
7017,ALALI,"ולטר מוזס 10, תל אביב",ALALI,"Walter Moses St 10, Tel Aviv-Yafo, Israel",ChIJS7IPAABLHRURJzmSKe6XgL8,ALALI TLV,iw,"ולטר מוזס 10, תל אביב-יפו","ולטר מוזס 10, תל אביב-יפו",yes,ALALI,en,"Walter Moses St 10, Tel Aviv-Yafo","Walter Moses 10, Tel Aviv-Jaffa",no
7018,יאשקה נתניה,"טום לנטוס 26, נתניה",יאשקה,"Tom Lantos Blvd. 26, Netanya, Israel",ChIJlx8-b-Q_HRURyjz3Oj8rVlI,יאשקה,iw,"שדרות טום לנטוס 26, נתניה","שדרות טום לנטוס 26, נתניה",yes,יאשקה,iw,"Tom Lantos Blvd. 26, Netanya","Sderot Tom Lantos 26, Netanya",no
7019,ביסטרו ביף שטראוס,"מתחם תחנת דלק סונול, שדה אילן",ביפ שטראוס קצבייה,"תחנת הדלק, שדה אילן, Israel",ChIJoW4pr8tHHBURafsaClmU4xQ,ביפ שטראוס קצבייה,iw,"תחנת הדלק, שדה אילן","תחנת הדלק, שדה אילן",yes,ביפ שטראוס קצבייה,iw,"תחנת הדלק, שדה אילן","תחנת הדלק, Sde Ilan",yes
7023,La Carne,"תוצרת הארץ 1, פתח תקווה",LaCarne,"Totseret ha-Arets St 1, Petah Tikva, Israel",ChIJH1VuF202HRURFpc4jrgw7_A,לה קרנה : La Carne,iw,"תוצרת הארץ 1, פתח תקווה","תוצרת הארץ 1, פתח תקווה",yes,LaCarne,en,"Totseret ha-Arets St 1, Petah Tikva","Totseret HaArets 1, Petah Tikva",no
7024,BIGA רחובות,"בילו 2 קניון רחובות, רחובות",Biga Rehovot,"קניון רחובות, Bilu 2, Rehovot, Israel",ChIJr1n-vSG3AhURylAjKceXwRI,ביגה רחובות,iw,"קניון רחובות, ביל""ו 2, רחובות","קניון רחובות, ביל""ו 2, רחובות",yes,Biga Rehovot,en,"קניון רחובות, Bilu 2, Rehovot","קניון רחובות, Bilu 2, Rehovot",yes
7025,דלישא,"חשמונאים 91, תל אביב",דלישא,"HaHashmonaim St 91, Tel Aviv-Yafo, 6713308, Israel",ChIJ9St-DwBLHRURP6jzbB7G3xk,דלישא,en,"החשמונאים 91, תל אביב-יפו, 6713308","החשמונאים 91, תל אביב-יפו",yes,דלישא,en,"HaHashmonaim St 91, Tel Aviv-Yafo, 6713308","HaHashmonaim 91, Tel Aviv-Jaffa",no
7026,ALOHA - פתח תקווה,"בניין t - יצחק רבין 4, פתח תקווה",אלוהה פתח תקווה,"yitzhak rabin 4, Petah Tikva, 4925101, Israel",ChIJ65xGQctJHRURlpsF4QjkEIM,אלוהה פתח תקווה,en,"yitzhak rabin 4, Petah Tikva, 4925101","yitzhak rabin 4, פתח תקווה",no,אלוהה פתח תקווה,en,"yitzhak rabin 4, Petah Tikva, 4925101","yitzhak rabin 4, Petah Tikva",no
7027,ג'פניקה בורסה רמת גן,"ז'בוטינסקי 2, רמת גן",Japanika,"Jabotinsky St 2, Ramat Gan, Israel",ChIJhVipQsdLHRURlW4WmBbqk5k,ג׳פניקה הבורסה רמת גן כשר | JAPANIKA BURSA RAMAT GAN KOSHER,iw,"רחוב זאב ז'בוטינסקי 2, רמת גן","רחוב זאב ז'בוטינסקי 2, רמת גן",yes,Japanika,en,"Jabotinsky St 2, Ramat Gan","Derech Zeev Jabutinsky 2, Ramat Gan",no
7028,גלגל החיים,"אלון צבי 20, נתניה",גלגל החיים,"Alon Tsvi St 20, Netanya, Israel",ChIJO2SLEABrHRURgZAyQ7CpNDM,גלגל החיים,iw,"אלון צבי 20, נתניה","אלון צבי 20, נתניה",yes,גלגל החיים,iw,"Alon Tsvi St 20, Netanya","Alon Tsvi 20, Netanya",no
7029,פלאפל בריבוע - חנות מפעל,"אליהו איתן 3, ראשון לציון",פלאפל בריבוע eat&go - סניף המפעל,"Eliyahu Eitan St 3, Rishon LeZion, Israel",ChIJ11a6gLizAhURBWb7_E0vfUY,פלאפל בריבוע eat&go - סניף המפעל,iw,"אליהו איתן 3, ראשון לציון","אליהו איתן 3, ראשון לציון",yes,פלאפל בריבוע eat&go - סניף המפעל,iw,"Eliyahu Eitan St 3, Rishon LeZion","Eliyahu Eitan 3, Rishon LeZion",no
7030,בייגל קפה פתח תקווה,"ז׳בוטינסקי 72, פתח תקווה",בייגל קפה - Bagel Cafe פתח תקווה,"הקניון הגדול, ז׳בוטנסקי 72, פתח תקווה, 4968101, Israel",ChIJJWc52JI3HRURYDN-n2_2U9c,בייגל קפה - Bagel Cafe פתח תקווה,iw,"הקניון הגדול, ז׳בוטנסקי 72, פתח תקווה, 4968101","הקניון הגדול, ז׳בוטנסקי 72, פתח תקווה",yes,בייגל קפה - Bagel Cafe פתח תקווה,iw,"הקניון הגדול, ז׳בוטנסקי 72, פתח תקווה, 4968101","הקניון הגדול, ז׳בוטנסקי 72, Petah Tikva",yes
7032,פיצה פרנקל,"הרב ידידיה פרנקל 57, תל אביב",Pizza Frankel,"HaRav Yizkhak Yedidya Frenkel 57, Tel Aviv-Yafo, Israel",ChIJFVfiR55MHRURT2YcncW2Oo4,פיצה פרנקל Pizza Frenkel,iw,"הרב יצחק ידידיה פרנקל 57, תל אביב-יפו","הרב יצחק ידידיה פרנקל 57, תל אביב-יפו",yes,Pizza Frankel,en,"HaRav Yizkhak Yedidya Frenkel 57, Tel Aviv-Yafo","HaRav Yitshak Yedidya Frenkel 57, Tel Aviv-Jaffa",no
7033,Greg עתלית,"דרך הים 2, עתלית",Cafe Greg,"קניון דרך הים, HaYam Road 2, Atlit, Israel",ChIJWZolEP6jHRURD9WYWossGPo,קפה גרג עתלית,iw,"קניון דרך הים, דרך הים 2, עתלית","קניון דרך הים, דרך הים 2, עתלית",yes,Cafe Greg,en,"קניון דרך הים, HaYam Road 2, Atlit","קניון דרך הים, HaYam Road 2, Atlit",yes
7034,באלי בורגרס&רוסט צ'יקן,"אופנהיימר 10, רחובות",באלי בורגרס רחובות - כשר,"אופנהיימר 10, רחובות, 7670110, Israel",ChIJczjBAsG3AhURnT9KdEPsIx0,באלי בורגרס רחובות - כשר,iw,"אופנהיימר 10, רחובות, 7670110","אופנהיימר 10, רחובות",yes,באלי בורגרס רחובות - כשר,iw,"אופנהיימר 10, רחובות, 7670110","אופנהיימר 10, Rehovot",yes
7035,לחם טלמי,"חצר הכפר, קיבוץ כפר עציון",לחם טלמי,"מרכז מסחרי, כפר עציון, Kfar Ezion",ChIJ3ZpNT5jdAhUR_o865jL9h0o,לחם טלמי,iw,"מרכז מסחרי, כפר עציון","כפר עציון, מרכז מסחרי",yes,לחם טלמי,iw,"מרכז מסחרי, כפר עציון, Kfar Ezion","כפר עציון, מרכז מסחרי",yes
7036,Meatos ויצמן,"וייצמן 2, תל אביב",Meatos,"מגדל אמות השקעות, ויצמן‬ 2, תל אביב-יפו, Israel",ChIJ4ckDaJpLHRURgDNCHMVrs94,מיתוס גריל בר,iw,"מגדל אמות השקעות, ויצמן‬ 2, תל אביב-יפו","מגדל אמות השקעות, ויצמן‬ 2, תל אביב-יפו",yes,Meatos,en,"מגדל אמות השקעות, ויצמן‬ 2, תל אביב-יפו","מגדל אמות השקעות, Weizmann 2, Tel Aviv-Jaffa",yes
7037,בייגל קפה קניון רננים,"המלאכה 2, רעננה",בייגל קפה Bagel Cafe - רעננה,"Ha-Melakha St 2, Ra'anana, Israel",ChIJY50VyLc5HRURR65YOXnZMHI,בייגל קפה Bagel Cafe - רעננה,iw,"המלאכה 2, רעננה","המלאכה 2, רעננה",yes,בייגל קפה Bagel Cafe - רעננה,iw,"Ha-Melakha St 2, Ra'anana","HaMelacha 2, Ra'anana",no
7038,Jem's רעננה,"ברנר 6, רעננה",Jem's Beer Factory,"Brener St 6, Ra'anana, Israel",ChIJx5A1aBM4HRURoSLtFuadhls,ג'מס רעננה,iw,"ברנר 6, רעננה","ברנר 6, רעננה",yes,Jem's Beer Factory,en,"Brener St 6, Ra'anana","Brener 6, Ra'anana",no
7039,קרספלה - Crespella,"נחל ירקון 147, קריית גת",קרספלה crespella - ביג כרמי גת,"נחל ירקון 147, Kiryat Gat, Israel",ChIJM0jmP6-RAhUR9_NvkQXi098,קרספלה crespella - ביג כרמי גת,iw,"נחל ירקון 147, קרית גת","נחל ירקון 147, קרית גת",yes,קרספלה crespella - ביג כרמי גת,iw,"נחל ירקון 147, Kiryat Gat","נחל ירקון 147, Kiryat Gat",yes
7040,Greenz אטריום,"ז׳בוטינסקי 2, רמת גן",גרינז אטריום - Greenz Atrium,"Jabotinsky St 2, Ramat Gan, Israel",ChIJXeaxIQBLHRURPjlyBTGY4o4,גרינז אטריום - Greenz Atrium,iw,"רחוב זאב ז'בוטינסקי 2, רמת גן","רחוב זאב ז'בוטינסקי 2, רמת גן",yes,גרינז אטריום - Greenz Atrium,en,"Jabotinsky St 2, Ramat Gan","Derech Zeev Jabutinsky 2, Ramat Gan",no
7041,מרקוס,"דרך הים, קניון עתלית",הריביירה האיטלקית – מרקוס עתלית,"HaYam Road 2, Atlit, 30300, Israel",ChIJbfXJN7-jHRURnE7IuryrU7Y,הריביירה האיטלקית – מרקוס עתלית,iw,"דרך הים 2, עתלית, 30300","דרך הים 2, עתלית",yes,הריביירה האיטלקית – מרקוס עתלית,iw,"HaYam Road 2, Atlit, 30300","HaYam Road 2, Atlit",no
7042,בייגל קפה קריון,"דרך עכו 192, קרית ביאליק",בייגל קפה Bagel caffe - קריון,"Akko Rd 192, Kiryat Bialik, Israel",ChIJsezNAwC3HRURqy0v2vh4ZD0,בייגל קפה Bagel caffe - קריון,iw,"דרך עכו 192, קריית ביאליק","דרך עכו 192, קריית ביאליק",yes,בייגל קפה Bagel caffe - קריון,iw,"Akko Rd 192, Kiryat Bialik","Derech Akko 192, Kiryat Bialik",no
7043,Mucha ראשון לציון,"ילדי טהרן 5, ראשון לציון",Mucha - ראשון לציון,"Yaldei Teheran St 5, Rishon LeZion, Israel",ChIJV3oK3OCzAhURkRMRIgL0eX4,Mucha - ראשון לציון,iw,"ילדי טהרן 5, ראשון לציון","ילדי טהרן 5, ראשון לציון",yes,Mucha - ראשון לציון,iw,"Yaldei Teheran St 5, Rishon LeZion","Yaldei Teheran 5, Rishon LeZion",no
7044,BIGA קריית שמונה,"מתחם ביג, קריית שמונה",Biga,"מתחם ביג, Building E, קרית שמונה, Israel",ChIJK00YcKaiHhUR0yvItJ2wQPc,ביגה קרית שמונה מתחם ביג,iw,"מתחם ביג, Building E, קרית שמונה","מתחם ביג, Building E, קרית שמונה",yes,Biga,en,"מתחם ביג, Building E, קרית שמונה","מתחם ביג, Building E, Kiryat Shmona",yes
7045,"B-FRESH - קניון הזהב ראשל""צ","דוד סחרוב 21, ראשון לציון",B-Fresh,"קניון הזהב, דוד סחרוב 21, ראשון לציון, Israel",ChIJ1azBYn-0AhUR-UknK2tGn6I,B-Fresh,iw,"קניון הזהב, דוד סחרוב 21, ראשון לציון","קניון הזהב, דוד סחרוב 21, ראשון לציון",yes,B-Fresh,en,"קניון הזהב, דוד סחרוב 21, ראשון לציון","קניון הזהב, David Saharov 21, Rishon LeZion",yes
7049,הירושלמית,"עולי ציון 15, תל אביב",הירושלמית,"Olei Zion St 15, Tel Aviv-Yafo, 6802545, Israel",ChIJCXL_aABNHRUR_c4aimWsED8,הירושלמית - פיתה מבית טוב,iw,"עולי ציון 15, תל אביב-יפו, 6802545","עולי ציון 15, תל אביב-יפו",yes,הירושלמית,en,"Olei Zion St 15, Tel Aviv-Yafo, 6802545","Olei Zion 15, Tel Aviv-Jaffa",no
7050,רפאלו נתניה,"מגדלי היהלום 1 , האורנים 23, נתניה",רפאלו - Raffaello מסעדה איטלקית נתניה,"HaOrzim St 23, Netanya, 42377, Israel",ChIJ9wFPUJg_HRURFoEa4SiwgZA,רפאלו - Raffaello מסעדה איטלקית נתניה,iw,"האורזים 23, נתניה, 42377","האורזים 23, נתניה",yes,רפאלו - Raffaello מסעדה איטלקית נתניה,iw,"HaOrzim St 23, Netanya, 42377","HaOrzim 23, Netanya",no
7051,פנדה פיתה,"מל""ן 45 \\ רמב""ם 5, תל אביב",Panda Pita פנדה פיתה,"Malan St 45, Tel Aviv-Yafo, Israel",ChIJVVVVVYRMHRURD_QKlxlJvK8,Panda Pita פנדה פיתה,iw,"מל""ן 45, תל אביב-יפו","מל""ן 45, תל אביב-יפו",yes,Panda Pita פנדה פיתה,en,"Malan St 45, Tel Aviv-Yafo","Malan 45, Tel Aviv-Jaffa",no
7052,Drinkeria,"האורנים 12, פרדס חנה",דרינקריה,"HaOranim St 14, Pardes Hanna-Karkur, Israel",ChIJD8N9GwAPHRUR6hEKSMBlb0I,דרינקריה,iw,"האורנים 14, פרדס חנה כרכור","האורנים 14, פרדס חנה כרכור",yes,דרינקריה,en,"HaOranim St 14, Pardes Hanna-Karkur","HaOranim 14, Pardes Hana-Karkur",no
7053,B-FRESH - סבידור מרכז,"תחנת רכבת סבידור מרכז, תל אביב",Be Fresh - Savidor Center Train Station - בי פרש - רכבת סבידור מרכז,"Al Parashat Drakhim St 10, Tel Aviv-Yafo, Israel",ChIJLe5jyRpLHRURN8kLeu3FZlg,Be Fresh - Savidor Center Train Station - בי פרש - רכבת סבידור מרכז,en,"על פרשת דרכים 10, תל אביב-יפו","על פרשת דרכים 10, תל אביב-יפו",yes,Be Fresh - Savidor Center Train Station - בי פרש - רכבת סבידור מרכז,en,"Al Parashat Drakhim St 10, Tel Aviv-Yafo","Al Parashat Drakhim 10, Tel Aviv-Jaffa",no
7056,דריה - Darya,"הירקון 205, תל אביב",Darya - דריה,"HaYarkon St 205, Tel Aviv-Yafo, 6340534, Israel",ChIJKSKqlFJNHRURP0338q1KVkA,Darya - דריה,iw,"הירקון 205, תל אביב-יפו, 6340534","הירקון 205, תל אביב-יפו",yes,Darya - דריה,en,"HaYarkon St 205, Tel Aviv-Yafo, 6340534","HaYarkon 205, Tel Aviv-Jaffa",no
7058,פרוסות הברזל,"הברזל 34, תל אביב, ישראל, תל אביב",Prusot Culinary Art,"HaBarzel St 34, Tel Aviv-Yafo, Israel",ChIJXbuE6epJHRUR_KTXDUxQO6I,פרוסות אומנות קולינארית,iw,"הברזל 34, תל אביב-יפו","הברזל 34, תל אביב-יפו",yes,Prusot Culinary Art,en,"HaBarzel St 34, Tel Aviv-Yafo","HaBarzel 34, Tel Aviv-Jaffa",no
7059,קפה נטו סבידור,"תחנת רכבת סבידור מרכז, תל אביב",Cafeneto,"תחנת רכבת מרכז סבידור, Tel Aviv-Jaffa, Israel",ChIJ322w7iJLHRURrlgyeMSgMzU,קפה נטו - תחנת רכבת סבידור-ת״א מרכז,iw,"תחנת רכבת מרכז סבידור, תל אביב-יפו","תחנת רכבת מרכז סבידור, תל אביב-יפו",yes,Cafeneto,en,"תחנת רכבת מרכז סבידור, Tel Aviv-Jaffa","תחנת רכבת מרכז סבידור, Tel Aviv-Jaffa",yes
7060,סביח גריל בשרים | קרית מוצקין,"שדרות ירושלים 1, קרית מוצקין",סביח גריל בשרים כורדני,"Sderot Yerushalayim 1, Kiryat Motskin, Israel",ChIJFz6Bc8i3HRURmy4Z2i5u8IA,סביח גריל בשרים כורדני,iw,"שדרות ירושלים 1, קרית מוצקין","שדרות ירושלים 1, קרית מוצקין",yes,סביח גריל בשרים כורדני,iw,"Sderot Yerushalayim 1, Kiryat Motskin","Sderot Yerushalayim 1, Kiryat Motskin",no
7061,נולי עגלת קפה סביון,"פארק הציפורים, סביון",NOLEE - נולי עגלת קפה,"פארק הציפורים, Savyon, Israel",ChIJB6rYqz41HRURAsjnYGlabrQ,NOLEE - נולי עגלת קפה,iw,"פארק הציפורים, סביון","פארק הציפורים, סביון",yes,NOLEE - נולי עגלת קפה,iw,"פארק הציפורים, Savyon","פארק הציפורים, Savyon",yes
7062,Zeit Fuer Brot,"מנחם בגין 37, תל אביב",Zeit für Brot,"Menakhem Begin Rd 37, Tel Aviv-Yafo, Israel",ChIJi4Ka-0RLHRURP5kDshDAHuc,Zeit für Brot,iw,"דרך מנחם בגין 37, תל אביב-יפו","דרך מנחם בגין 37, תל אביב-יפו",yes,Zeit für Brot,en,"Menakhem Begin Rd 37, Tel Aviv-Yafo","Derech Menachem Begin 37, Tel Aviv-Jaffa",no
7065,Ruth Safed-Muza Wine Bar,"ט""ז 1, צפת",Muza wine bar - מוזה בר יין,"Tet Zayin St 1a, Safed, 1321315, Israel",ChIJFSHMlQsjHBURL-upIdDfd1c,Muza wine bar - מוזה בר יין,en,"ט""ז 1a, צפת, 1321315","ט""ז 1a, צפת",yes,Muza wine bar - מוזה בר יין,en,"Tet Zayin St 1a, Safed, 1321315","Tet Zayin 1a, Tsfat",no
7066,Brasserie 18,"לבונטין 19, תל אביב-יפו",בראסרי 18,"Levontin St 19, Tel Aviv-Yafo, 6511208, Israel",ChIJ8cmDoMVJHRURJmmFE4i8S1U,בראסרי 18,en,"לבונטין 19, תל אביב-יפו, 6511208","לבונטין 19, תל אביב-יפו",yes,בראסרי 18,en,"Levontin St 19, Tel Aviv-Yafo, 6511208","Levontin 19, Tel Aviv-Jaffa",no
7068,Zalmans - קריון,"דרך עכו 192, קריית ביאליק",Zalman’s - זלמנ׳ס קריון,"Akko Rd 192, Kiryat Bialik, Israel",ChIJ9cH2-Gi3HRURvIHwvHn1ZRs,Zalman’s - זלמנ׳ס קריון,iw,"דרך עכו 192, קריית ביאליק","דרך עכו 192, קריית ביאליק",yes,Zalman’s - זלמנ׳ס קריון,iw,"Akko Rd 192, Kiryat Bialik","Derech Akko 192, Kiryat Bialik",no
7070,DADDY DAILY DELI,"בזל 40, תל אביב",Daddy daily deli,"Basel St 40, Tel Aviv-Yafo, Israel",ChIJDZP6eABLHRUR8Ycv3JzGPjo,Daddy daily deli,iw,"בזל 40, תל אביב-יפו","בזל 40, תל אביב-יפו",yes,Daddy daily deli,iw,"Basel St 40, Tel Aviv-Yafo","Basel 40, Tel Aviv-Jaffa",no
7071,מוצ'ה פתח תקווה,"שחם 17, פתח תקווה",Mucha,"Shacham St 17, Petah Tikva, Israel",ChIJv8NZdv5JHRURhgF3tVuDYWs,Mucha - פתח תקוה,iw,"שחם 17, פתח תקווה","שחם 17, פתח תקווה",yes,Mucha,en,"Shacham St 17, Petah Tikva","Shacham 17, Petah Tikva",no
7074,Wok To Walk פתח תקווה (כשר),"תוצרת הארץ 3, פתח תקווה",ווק טו ווק פתח תקוה,"Totseret ha-Arets St 2, Petah Tikva, 4951734, Israel",ChIJWWhGqzxJHRURAcz0_1z6jIE,ווק טו ווק פתח תקוה,en,"תוצרת הארץ 2, פתח תקווה, 4951734","תוצרת הארץ 2, פתח תקווה",yes,ווק טו ווק פתח תקוה,en,"Totseret ha-Arets St 2, Petah Tikva, 4951734","Totseret HaArets 2, Petah Tikva",no
7075,B BAKERY פרדס חנה,"מרכז ביג, פרדס חנה",B Bakery House,"Building C, מרכז ביג, Tidhar St 1, Pardes Hanna-Karkur, 3701042, Israel",ChIJqy-Z-7sPHRUR6Ed3zuIxxEE,B Bakery House,en,"Building C, מרכז ביג, Tidhar St 1, Pardes Hanna-Karkur, 3701042","Building C, מרכז ביג, תדהר 1, פרדס חנה כרכור",yes,B Bakery House,en,"Building C, מרכז ביג, Tidhar St 1, Pardes Hanna-Karkur, 3701042","Building C, מרכז ביג, Tidhar 1, Pardes Hana-Karkur",yes
7077,אסתר המלכה,"רוטשילד 8, תל אביב",אסתר המלכה,"Rothschild Blvd 8, Tel Aviv-Yafo, Israel",ChIJuUB8ZABNHRUR9T5QkD4qpTc,אסתר המלכה,iw,"שדרות רוטשילד 8, תל אביב-יפו","שדרות רוטשילד 8, תל אביב-יפו",yes,אסתר המלכה,iw,"Rothschild Blvd 8, Tel Aviv-Yafo","Sderot Rothschild 8, Tel Aviv-Jaffa",no
7079,B-FRESH - שער צפון,"דרך חיפה 30, קרית אתא",B-FRESH קניון שער צפון - קריית אתא,"Derech Haifa 30, Kiryat Ata, Israel",ChIJ-xiZVS6xHRURsckHZ8BxMXo,B-FRESH קניון שער צפון - קריית אתא,iw,"דרך חיפה 30, קרית אתא","דרך חיפה 30, קרית אתא",yes,B-FRESH קניון שער צפון - קריית אתא,iw,"Derech Haifa 30, Kiryat Ata","Derech Haifa 30, Kiryat Ata",no
7080,קפה הצבי,"אורוות אומנים, פרדס חנה כרכור",קפה הצבי,"אורוות האומנים, Pardes Hana-Karkur, Israel",ChIJq9_kIAkPHRURG2z9qWsdJrI,קפה הצבי,iw,"אורוות האומנים, פרדס חנה כרכור","אורוות האומנים, פרדס חנה כרכור",yes,קפה הצבי,iw,"אורוות האומנים, Pardes Hana-Karkur","אורוות האומנים, Pardes Hana-Karkur",yes
7081,Peti peti,שדה אליעזר,Peti Peti,"תחנת דלק סונול, שדה אליעזר, Israel",ChIJmeF0nmUfHBURwC8gAyBgeJg,Peti Peti,iw,"תחנת דלק סונול, שדה אליעזר","תחנת דלק סונול, שדה אליעזר",yes,Peti Peti,iw,"תחנת דלק סונול, שדה אליעזר","תחנת דלק סונול, Sde Eli'ezer",yes
7082,Gaston Crep & Galette,"דיזינגוף 183, תל אביב",גסטון קרפ וגאלט Gaston Crepe&Galette,"Dizengoff St 183, Tel Aviv-Yafo, Israel",ChIJq0pGywZLHRUROG00fFurfuo,גסטון קרפ וגאלט Gaston Crepe&Galette,iw,"דיזנגוף 183, תל אביב-יפו","דיזנגוף 183, תל אביב-יפו",yes,גסטון קרפ וגאלט Gaston Crepe&Galette,iw,"Dizengoff St 183, Tel Aviv-Yafo","Dizengoff 183, Tel Aviv-Jaffa",no
7083,"דלאל הקונדיטוריה, נוה צדק","כל ישראל חברים 7, תל אביב",Dallal Bakery,"Kol Israel Haverim St 7, Tel Aviv-Yafo, Israel",ChIJPY0V6JlMHRURpjfi2E1ATE0,דלאל הקונדיטוריה,iw,"כל ישראל חברים 7, תל אביב-יפו","כל ישראל חברים 7, תל אביב-יפו",yes,Dallal Bakery,en,"Kol Israel Haverim St 7, Tel Aviv-Yafo","Kol Israel Haverim 7, Tel Aviv-Jaffa",no
7085,Bariloche רמת גן,"הרואה 186, רמת גן",Bariloche- מסעדה דרום אמריקאית,"Haroe St 186, Ramat Gan, Israel",ChIJQ9UriU5KHRURliVOjgtz5cA,Bariloche- מסעדה דרום אמריקאית,iw,"הרא""ה 186, רמת גן","הרא""ה 186, רמת גן",yes,Bariloche- מסעדה דרום אמריקאית,iw,"Haroe St 186, Ramat Gan","Haroe 186, Ramat Gan",no
7086,BALI | בר אוכל,"הרוגי מלכות 7, תל אביב",Bali - באלי בשכונה,"Harugei Malkhut St 7, Tel Aviv-Yafo, 6971407, Israel",ChIJ8_L7T_hJHRURi5A036AqsJk,Bali - באלי בשכונה,en,"הרוגי מלכות 7, תל אביב-יפו, 6971407","הרוגי מלכות 7, תל אביב-יפו",yes,Bali - באלי בשכונה,en,"Harugei Malkhut St 7, Tel Aviv-Yafo, 6971407","Harugei Malchut 7, Tel Aviv-Jaffa",no
7088,ג'פניקה ראש העין,"יהושוע בן נון 77, ראש העין",ג'פניקה ראש העין כשר | JAPANIKA ROSH HAAYIN KOSHER,"Yehoshu'a Bin Nun St 77, Rosh Haayin, Israel",ChIJn6I5n-83HRURASCyw0uPipE,ג'פניקה ראש העין כשר | JAPANIKA ROSH HAAYIN KOSHER,en,"יהושע בן נון 77, ראש העין","יהושע בן נון 77, ראש העין",yes,ג'פניקה ראש העין כשר | JAPANIKA ROSH HAAYIN KOSHER,en,"Yehoshu'a Bin Nun St 77, Rosh Haayin","Yehoshua Bin Nun 77, Rosh Haayin",no
7089,נקודת לחם,"שדרות וייצמן 6, רמת השרון",נקודת לחם,"4RWQ+G7X, Sderot Weizman 6, Ramat HaSharon, Israel",ChIJeybvVxFJHRURQ6RY9MqPXUA,נקודת לחם,iw,"4RWQ+G7X, שדרות וייצמן 6, רמת השרון","4RWQ+G7X, שדרות וייצמן 6, רמת השרון",yes,נקודת לחם,iw,"4RWQ+G7X, Sderot Weizman 6, Ramat HaSharon","4RWQ+G7X, Sderot Weizman 6, Ramat HaSharon",no
7091,פיצה טוביה,"גן החבל, שוהם",פיצה טוביה,"Ha-Khevel St, Shoham, Israel",ChIJQ0kxk1o1HRURR3ftbFELWds,פיצה טוביה - pizza tuvia - סניף שוהם,iw,"החבל, שוהם","החבל, שוהם",yes,פיצה טוביה,en,"Ha-Khevel St, Shoham","Hahevel, Shoham",no
7092,קפה הפינה,"חיים ויצמן 6, רחובות",הפינה,"Haim Weizman St 6, Rehovot, 7628102, Israel",ChIJZ8ENtgO3AhURXJRKFIkkrOw,הפינה,iw,"חיים ויצמן 6, רחובות, 7628102","חיים ויצמן 6, רחובות",yes,הפינה,iw,"Haim Weizman St 6, Rehovot, 7628102","Haim Weizman 6, Rehovot",no
7094,Burgers Bar רעננה,"אחוזה 184, רעננה",Burgers Bar,"Ahuza St 184, Ra'anana, 4330031, Israel",ChIJg4yLaws4HRURdOAXW9OsS44,בורגרס בר | BurgersBar | רעננה כשר בהשגחת הרב מחפוד,iw,"אחוזה 184, רעננה, 4330031","אחוזה 184, רעננה",yes,Burgers Bar,en,"Ahuza St 184, Ra'anana, 4330031","Ahuza 184, Ra'anana",no
7095,Yaman Bar,"רוטשילד 111, ראשון לציון",יאמן בר,"Rothschild St 111, Rishon LeZion, 7520542, Israel",ChIJz3yTcj-1AhURGBaJ9CsnB_s,יאמן בר,iw,"רוטשילד 111, ראשון לציון, 7520542","רוטשילד 111, ראשון לציון",yes,יאמן בר,iw,"Rothschild St 111, Rishon LeZion, 7520542","Rothschild 111, Rishon LeZion",no
7096,"פלאפל בריבוע - ראשל""צ","רוטשילד 85, ראשון לציון",פלאפל בריבוע - ראשל״צ מרכז,"Rothschild St 85, Rishon LeZion, Israel",ChIJ_2arJzi0AhURX2GUvU6Szg0,פלאפל בריבוע,iw,"רוטשילד 85, ראשון לציון","רוטשילד 85, ראשון לציון",yes,פלאפל בריבוע - ראשל״צ מרכז,en,"Rothschild St 85, Rishon LeZion","Rothschild 85, Rishon LeZion",no
7097,VIVINO פתח תקווה,"תוצרת הארץ 2, פתח תקווה",VIVINO,"Totseret ha-Arets St 2, Petah Tikva, 4951734, Israel",ChIJmzeW8thJHRUR5KtMPm7De1k,VIVINO - ויוינו פתח תקווה | כשר,iw,"תוצרת הארץ 2, פתח תקווה, 4951734","תוצרת הארץ 2, פתח תקווה",yes,VIVINO,en,"Totseret ha-Arets St 2, Petah Tikva, 4951734","Totseret HaArets 2, Petah Tikva",no
7098,פיצה פדאל,"זבולון 5, קרית אתא",פיצה פדאל,"Zevulun St 5, Kiryat Ata, Israel",ChIJ44ii8cq2HRURRILx_YYamf8,פיצה פדאל,iw,"זבולון 5, קרית אתא","זבולון 5, קרית אתא",yes,פיצה פדאל,iw,"Zevulun St 5, Kiryat Ata","Zevulun 5, Kiryat Ata",no
7099,B-FRESH - עזריאלי,"דרך מנחם בגין 132, תל אביב-יפו, תל אביב",B-FRESH עזריאלי תל אביב,"Menakhem Begin Rd 132, Tel Aviv-Yafo, Israel",ChIJzyuEW5lLHRURtOqsWkayL_k,B-FRESH עזריאלי תל אביב,iw,"דרך מנחם בגין 132, תל אביב-יפו","מגדלי עזריאלי, דרך מנחם בגין 132, תל אביב-יפו",yes,B-FRESH עזריאלי תל אביב,iw,"Menakhem Begin Rd 132, Tel Aviv-Yafo","Azrieli Center, Derech Menachem Begin 132, Tel Aviv-Jaffa",no
7102,מילה | Mila,"השיקמה 1, סביון",Mila Savyon,"HaShikma St 1, Savyon, 5651801, Israel",ChIJwyaLGV41HRURMTu-NEK91vI,Mila Savyon,en,"השיקמה 1, סביון, 5651801","השיקמה 1, סביון",yes,Mila Savyon,en,"HaShikma St 1, Savyon, 5651801","HaShikma 1, Savyon",no
7105,אווה ובתיה,"חנה סנש 28, קריית טבעון",Eva and Batya,"Khana Szenes St 28, Kiryat Tiv'on, 3603627, Israel",ChIJfQ_ncXNMHBURv-6S9qv2USQ,אווה ובתיה,iw,"חנה סנש 28, קרית טבעון, 3603627","חנה סנש 28, קרית טבעון",yes,Eva and Batya,en,"Khana Szenes St 28, Kiryat Tiv'on, 3603627","Hannah Szenes 28, Kiryat Tiv'on",no
7106,OREN MESHI-KG,"שדרות לכיש 153, קריית גת",מאפיית אורן משי- BIG כרמי גת,"Sderot Lachish 153, Kiryat Gat, Israel",ChIJ0RP8_qWRAhURNTUtGYogsW8,מאפיית אורן משי- BIG כרמי גת,iw,"שדרות לכיש 153, קרית גת","שדרות לכיש 153, קרית גת",yes,מאפיית אורן משי- BIG כרמי גת,iw,"Sderot Lachish 153, Kiryat Gat","Sderot Lachish 153, Kiryat Gat",no
7108,דבוש אבן גבירול,"אבן גבירול 64, תל אביב",Dabush,"Shlomo Ibn Gabirol St 64, Tel Aviv-Yafo, Israel",ChIJga3ovYVLHRURfKT3EcWbVWM,דבוש שווארמה אבן גבירול,iw,"שלמה אבן גבירול 64, תל אביב-יפו","שלמה אבן גבירול 64, תל אביב-יפו",yes,Dabush,en,"Shlomo Ibn Gabirol St 64, Tel Aviv-Yafo","Shlomo Ibn Gabirol 64, Tel Aviv-Jaffa",no
7109,Mantina,"האורזים 28, נתניה",Mantina מנטינה,"HaOrzim St 28, Netanya, Israel",ChIJg6F62Zw_HRURdkmTPgWCA34,Mantina מנטינה,iw,"האורזים 28, נתניה","האורזים 28, נתניה",yes,Mantina מנטינה,en,"HaOrzim St 28, Netanya","HaOrzim 28, Netanya",no
7110,B-FRESH - איכילוב,"ויצמן 6, תל אביב","B-FRESH איכילוב, ת""א","Weizmann St 6, Tel Aviv-Yafo, Israel",ChIJ1dcEN6JLHRURTeIJQ9SKung,"B-FRESH איכילוב, ת""א",iw,"ויצמן‬ 6, תל אביב-יפו","מגדל אשפוז חדש אריסון, ויצמן‬ 6, תל אביב-יפו",yes,"B-FRESH איכילוב, ת""א",iw,"Weizmann St 6, Tel Aviv-Yafo","Arison New Hospitalization Building, Weizmann 6, Tel Aviv-Jaffa",no
7111,לצ'ה,"החרושת 2, עכו",לצ׳ה פטייסרי,"HaHaroshet St 2, Acre, 2451705, Israel",ChIJHUA3BPfJHRURa0wJtSLO-zQ,לצ׳ה פטייסרי,iw,"החרושת 2, עכו, 2451705","החרושת 2, עכו",yes,לצ׳ה פטייסרי,iw,"HaHaroshet St 2, Acre, 2451705","HaHaroshet 2, Akko",no
7112,B-FRESH- ערבה,"פונדק עין יהב, עין יהב",B-FRESH פונדק עין יהב ערבה,"פונדק, עין יהב, Israel",ChIJUTxf9ibVAxURqgw_vaZL7VE,B-FRESH פונדק עין יהב ערבה,iw,"פונדק, עין יהב","פונדק, עין יהב",yes,B-FRESH פונדק עין יהב ערבה,iw,"פונדק, עין יהב","פונדק, Ein Yahav",yes
7113,דבוש נתניה,"דרך הרכבת 7, נתניה",Shwarma Dabush Netanya,"מתחם סונול, Derech HaRakevet 7, Netanya, Israel",ChIJ-8NTd_4_HRURHzwywWNJ688,דבוש שווארמה נתניה,iw,"מתחם סונול, דרך הרכבת 7, נתניה","מתחם סונול, דרך הרכבת 7, נתניה",yes,Shwarma Dabush Netanya,en,"מתחם סונול, Derech HaRakevet 7, Netanya","מתחם סונול, Derech HaRakevet 7, Netanya",yes
7115,Mucha נתניה,"הבונים 7, נתניה",Mucha,"Ha-Bonim St 7, Netanya, Israel",ChIJi-BNLnJBHRURH1UKavqMTyk,Mucha - נתניה,iw,"הבונים 7, נתניה","הבונים 7, נתניה",yes,Mucha,en,"Ha-Bonim St 7, Netanya","HaBonim 7, Netanya",no
7118,Planty אחד העם,"אחד העם 38, תל אביב","פלנטי אחד העם Planty - Healthy Bowls, Plates, and Salads","Ahad Ha'Am St 38, Tel Aviv-Yafo, 6581701, Israel",ChIJlc4oz3pNHRURnYHBmSSqD5k,"פלנטי אחד העם Planty - Healthy Bowls, Plates, and Salads",en,"אחד העם 38, תל אביב-יפו, 6581701","אחד העם 38, תל אביב-יפו",yes,"פלנטי אחד העם Planty - Healthy Bowls, Plates, and Salads",en,"Ahad Ha'Am St 38, Tel Aviv-Yafo, 6581701","Ahad Ha'Am 38, Tel Aviv-Jaffa",no
7120,קפה 360,"השלושה 2, תל אביב",360 Cafe,"Ha-Shlosha St 2, Tel Aviv-Yafo, 6706054, Israel",ChIJ71JBNHdLHRUR27tGI4sy5vg,קפה 360,iw,"השלושה 2, תל אביב-יפו, 6706054","השלושה 2, תל אביב-יפו",yes,360 Cafe,en,"Ha-Shlosha St 2, Tel Aviv-Yafo, 6706054","HaShlosha 2, Tel Aviv-Jaffa",no
7121,B-FRESH - עזריאלי רמלה,"שדרות דוד רזיאל 1 רמלה, רמלה",B-FRESH עזריאלי רמלה,"Sderot David Razi'el 1, Ramla, 7250038, Israel",ChIJLejigf7LAhURiimwA6BUZK8,B-FRESH עזריאלי רמלה,iw,"שדרות דוד רזיאל 1, רמלה, 7250038","שדרות דוד רזיאל 1, רמלה",yes,B-FRESH עזריאלי רמלה,iw,"Sderot David Razi'el 1, Ramla, 7250038","Sderot David Razi'el 1, Ramla",no
7122,Burgers Bar פתח תקווה,"רוטשילד 89, פתח תקווה",בורגרס בר | BURGERS BAR,"Rothschild St 89, Petah Tikva, 4933301, Israel",ChIJGT7pjww2HRURps5QYerhkQY,בורגרס בר | BurgersBar | פתח תקווה כשר בהשגחת הרב מחפוד,iw,"רוטשילד 89, פתח תקווה, 4933301","רוטשילד 89, פתח תקווה",yes,בורגרס בר | BURGERS BAR,en,"Rothschild St 89, Petah Tikva, 4933301","Rothschild 89, Petah Tikva",no
7123,אונמי - הילטון תל אביב,"הירקון 205, תל אביב",Onami Hilton Tel-Aviv - אונמי הילטון תל אביב,"HaYarkon St 205, Tel Aviv-Yafo, 6340506, Israel",ChIJC4Rc1wZNHRURnNgSSsCLPWc,Onami Hilton Tel-Aviv - אונמי הילטון תל אביב,en,"הירקון 205, תל אביב-יפו, 6340506","הירקון 205, תל אביב-יפו",yes,Onami Hilton Tel-Aviv - אונמי הילטון תל אביב,en,"HaYarkon St 205, Tel Aviv-Yafo, 6340506","HaYarkon 205, Tel Aviv-Jaffa",no
7124,פיצה קדוש,"נחל ירקון 147 כרמי גת, קרית גת",Kadosh Pizza,"ביג כרמי גת צמוד לקצפת, נחל ירקון 147, Kiryat Gat, Israel",ChIJKZu6ypiXAhURU2kvkzEEXiI,פיצה קדוש,iw,"ביג כרמי גת צמוד לקצפת, נחל ירקון 147, קרית גת","ביג כרמי גת צמוד לקצפת, נחל ירקון 147, קרית גת",yes,Kadosh Pizza,en,"ביג כרמי גת צמוד לקצפת, נחל ירקון 147, Kiryat Gat","ביג כרמי גת צמוד לקצפת, נחל ירקון 147, Kiryat Gat",yes
7125,יאשקה רמת השרון,"טרומפלדור 5, רמת השרון",יאשקה - רמת השרון,"Trumpeldor St 1, Ramat Hasharon, Israel",ChIJEVtTIqZJHRURQrAyS1TPBh8,יאשקה - רמת השרון,iw,"טרומפלדור 1, רמת השרון","טרומפלדור 1, רמת השרון",yes,יאשקה - רמת השרון,iw,"Trumpeldor St 1, Ramat Hasharon","Trumpeldor 1, Ramat HaSharon",no
7127,Ōtoro רמת גן,"חילזון 1, רמת גן",אוטורו,"Ha-Khilazon St 1, Ramat Gan, Israel",ChIJ5_7W2ydLHRURN0BdYsSGGN8,אוטורו,iw,"החילזון 1, רמת גן","החילזון 1, רמת גן",yes,אוטורו,iw,"Ha-Khilazon St 1, Ramat Gan","Hahilazon 1, Ramat Gan",no
7129,Shawarma Yoni 71 - רמת השרון,"סוקולוב 71, רמת השרון",Yoni 71,"Sokolov St 71, Ramat Hasharon, Israel",ChIJgxXkEUdIHRURbdO0To0kO48,יוני 71 - שווארמה וגריל בשרים,iw,"סוקולוב 71, רמת השרון","סוקולוב 71, רמת השרון",yes,Yoni 71,en,"Sokolov St 71, Ramat Hasharon","Sokolov 71, Ramat HaSharon",no
7130,קפה נדנדה,"המרגנית 10, רמת גן",Nadneda café,"גן צלינה בוויז, המרגנית 10, רמת גן, 5258410, Israel",ChIJx4I0LUhLHRURpS_vAgqudlM,קפה נדנדה,iw,"גן צלינה בוויז, המרגנית 10, רמת גן, 5258410","גן צלינה בוויז, המרגנית 10, רמת גן",yes,Nadneda café,en,"גן צלינה בוויז, המרגנית 10, רמת גן, 5258410","גן צלינה בוויז, HaMarganit 10, Ramat Gan",yes
7131,סוליקה באיינשטיין,"אינשטיין 7, תל אביב",סוליקה איינשטיין | Sulica Einstein,"Einstein St 7, Tel Aviv-Yafo, Israel",ChIJQ7Mgu1lJHRURSDtoPdLtyK0,סוליקה איינשטיין | Sulica Einstein,iw,"איינשטיין 7, תל אביב-יפו","איינשטיין 7, תל אביב-יפו",yes,סוליקה איינשטיין | Sulica Einstein,en,"Einstein St 7, Tel Aviv-Yafo","Einstein 7, Tel Aviv-Jaffa",no
7132,Bread,"לחי""י 2, ראשון לציון",Bread,"Lehi St 2, Rishon LeZion, Israel",ChIJxZydlGmzAhUR3Lke319XfPE,Bread,iw,"לח""י 2, ראשון לציון","לח""י 2, ראשון לציון",yes,Bread,en,"Lehi St 2, Rishon LeZion","Lehi 2, Rishon LeZion",no
7133,BBB BTW איכילוב,"ויצמן 6, תל אביב",BBB BTW איכילוב,"בניין סוראסקי, Weizmann St 6, Tel Aviv-Yafo, Israel",ChIJ33AlnEhLHRURUPlDS3uANGk,BBB BTW איכילוב,en,"בניין סוראסקי, Weizmann St 6, Tel Aviv-Yafo","בניין סוראסקי, מגדל אשפוז חדש אריסון, ויצמן‬ 6, תל אביב-יפו",yes,BBB BTW איכילוב,en,"בניין סוראסקי, Weizmann St 6, Tel Aviv-Yafo","בניין סוראסקי, Arison New Hospitalization Building, Weizmann 6, Tel Aviv-Jaffa",yes
7134,BIGA קריון,"דרך עכו 192, קריית ביאליק",Biga,"קריון, Derech Akko 192, Kiryat Bialik, Israel",ChIJtYZYnfm2HRUR8ITrsVdABpw,ביגה,iw,"קריון, דרך עכו 192, קריית ביאליק","קריון, דרך עכו 192, קריית ביאליק",yes,Biga,en,"קריון, Derech Akko 192, Kiryat Bialik","קריון, Derech Akko 192, Kiryat Bialik",yes
7135,אומבריה,"זלמן שזר, עפולה",UMBRIA,"Zalman Shazar St 4, Afula, 1827804, Israel",ChIJx3CC6UFTHBURwVZyH5VNXyY,UMBRIA,iw,"זלמן שז""ר 4, עפולה, 1827804","זלמן שז""ר 4, עפולה",yes,UMBRIA,iw,"Zalman Shazar St 4, Afula, 1827804","Zalman Shazar 4, Afula",no
7136,BIGA מודיעין,"לב העיר 2, עזריאלי מודיעין",Biga Modi'in,"Lev ha-Ir St 2, Modi'in-Maccabim-Re'ut, Israel",ChIJkSERXAXNAhURiHiKqDGjx5o,ביגה מודיעין,iw,"לב העיר 2, מודיעין מכבים רעות","לב העיר 2, מודיעין מכבים רעות",yes,Biga Modi'in,en,"Lev ha-Ir St 2, Modi'in-Maccabim-Re'ut","Lev ha-Ir 2, Modi'in Makabim-Re'ut",no
7139,Bodega,"קרליבך 14, תל אביב",Bodega Burger | בודגה בורגר,"Carlebach St 14, Tel Aviv-Yafo, Israel",ChIJmRZFH0VLHRURhQxFZsvrQik,Bodega Burger | בודגה בורגר,en,"קרליבך 14, תל אביב-יפו","קרליבך 14, תל אביב-יפו",yes,Bodega Burger | בודגה בורגר,en,"Carlebach St 14, Tel Aviv-Yafo","Carlebach 14, Tel Aviv-Jaffa",no
7140,גפניקה קריית גת קוויק,"אסתר המלכה 11, קרית גת",ג'פניקה קוויק קריית גת כשר,"אסתר המלכה 11, Kiryat Gat, Israel",ChIJvYSE3-OXAhURcoAgn7CMuJg,ג'פניקה קוויק קריית גת כשר,iw,"אסתר המלכה 11, קרית גת","אסתר המלכה 11, קרית גת",yes,ג'פניקה קוויק קריית גת כשר,iw,"אסתר המלכה 11, Kiryat Gat","אסתר המלכה 11, Kiryat Gat",yes
7142,Pizza X - דיזינגוף,"דיזינגוף 70, תל אביב",פיצה איקס - פיצה נאפוליטנית משובחת דיזינגוף Pizza X,"Dizengoff St 70, Tel Aviv-Yafo, 6433242, Israel",ChIJE4C1aH1LHRURumDepbuzDnU,פיצה איקס - פיצה נאפוליטנית משובחת דיזינגוף Pizza X,en,"דיזנגוף 70, תל אביב-יפו, 6433242","דיזנגוף 70, תל אביב-יפו",yes,פיצה איקס - פיצה נאפוליטנית משובחת דיזינגוף Pizza X,en,"Dizengoff St 70, Tel Aviv-Yafo, 6433242","Dizengoff 70, Tel Aviv-Jaffa",no
7143,מרכז נא לגעת,"רציף העליה השניה 6, תל אביב",Nalaga'at Center,"רציף העלייה השנייה, נמל יפו חניה קרובה:, חניון נמל יפו, Tel Aviv-Jaffa, Israel",ChIJz7coocdMHRURAfec_PSq92g,מרכז נא לגעת,iw,"רציף העלייה השנייה, נמל יפו חניה קרובה:, חניון נמל יפו, תל אביב-יפו","חניון נמל יפו, רציף העלייה השנייה, נמל יפו חניה קרובה:, תל אביב-יפו",yes,Nalaga'at Center,en,"רציף העלייה השנייה, נמל יפו חניה קרובה:, חניון נמל יפו, Tel Aviv-Jaffa","חניון נמל יפו, רציף העלייה השנייה, נמל יפו חניה קרובה:, Tel Aviv-Jaffa",yes
7145,יקב אדיר,"פארק תעשיה, רמת דלתון",Adir Winery,"18, פארק תעשיות, Dalton, Israel",ChIJ8fGABs0mHBURknJ45eUKO9Q,יקב אדיר ADIR WINERY,iw,"18, פארק תעשיות, דלתון","פארק תעשיות, 18, דלתון",yes,Adir Winery,en,"18, פארק תעשיות, Dalton","פארק תעשיות, 18, Dalton",yes
7147,Zota Pizza,"דיזינגוף 177, תל אביב",Zota Pizza,"Dizengoff St 177, Tel Aviv-Yafo, Israel",ChIJWdsiL4hLHRURZY3Ea35S5ZE,זותא פיצה תל אביב,iw,"דיזנגוף 177, תל אביב-יפו","דיזנגוף 177, תל אביב-יפו",yes,Zota Pizza,en,"Dizengoff St 177, Tel Aviv-Yafo","Dizengoff 177, Tel Aviv-Jaffa",no
7148,ארקפה קריית קריניצי - כשר,"יוסף ספיר 9, רמת גן",Arcaffè Kiryat Karinitsi,"Yosef Sapir St 9, Ramat Gan, 5262209, Israel",ChIJcQwDOk1LHRURKkJeOPpkolE,ארקפה,iw,"יוסף ספיר 9, רמת גן, 5262209","יוסף ספיר 9, רמת גן",yes,Arcaffè Kiryat Karinitsi,en,"Yosef Sapir St 9, Ramat Gan, 5262209","Yosef Sapir 9, Ramat Gan",no
7149,קפה נטו רעננה,"אחוזה 198, רעננה",CAFENETO,"Ahuza St 198, Ra'anana, 4355801, Israel",ChIJ3x-lHQs4HRURXbJrgYWik_8,קפה נטו,iw,"אחוזה 198, רעננה, 4355801","אחוזה 198, רעננה",yes,CAFENETO,en,"Ahuza St 198, Ra'anana, 4355801","Ahuza 198, Ra'anana",no
7150,יאשקה יהודה מכבי,"יהודה מכבי 62, תל אביב",יאשקה יהודה מכבי,"Yehuda HaMakkabbi St 62, Tel Aviv-Yafo, Israel",ChIJOYnXx2dLHRURdyiAPZmwbGA,יאשקה יהודה מכבי,iw,"יהודה המכבי 62, תל אביב-יפו","יהודה המכבי 62, תל אביב-יפו",yes,יאשקה יהודה מכבי,iw,"Yehuda HaMakkabbi St 62, Tel Aviv-Yafo","Yehuda HaMakkabbi 62, Tel Aviv-Jaffa",no
7151,BIGA עפולה,"המלאכה 23, עפולה",ביגה קפה מסעדה,"Ha-Melakha St 23, Afula, Israel",ChIJ61e-oedTHBURIRfy8YO_de0,ביגה קפה מסעדה,iw,"המלאכה 23, עפולה","בניין סיטיטק, המלאכה 23, עפולה",yes,ביגה קפה מסעדה,iw,"Ha-Melakha St 23, Afula","בניין סיטיטק, HaMelacha 23, Afula",no
7152,כרמל 76,"כרמל 76, רחובות",כרמל 76 ביסטרו קפה,"Carmel St 76, Rehovot, 7663005, Israel",ChIJQ9uKnnW3AhURr1WBsfEixFs,כרמל 76 ביסטרו קפה,iw,"כרמל 76, רחובות, 7663005","כרמל 76, רחובות",yes,כרמל 76 ביסטרו קפה,iw,"Carmel St 76, Rehovot, 7663005","Carmel 76, Rehovot",no
7153,B-FRESH - ביאליק רמת גן,"ביאליק 77, רמת גן","B-FRESH ביאליק, רמת גן","Bialik St 77, Ramat Gan, Israel",ChIJH54dCq1LHRURVm4vRqk-kQ4,"B-FRESH ביאליק, רמת גן",iw,"ביאליק 77, רמת גן","ביאליק 77, רמת גן",yes,"B-FRESH ביאליק, רמת גן",iw,"Bialik St 77, Ramat Gan","Bialik 77, Ramat Gan",no
7155,ג'פניקה רעננה-קוויק,"זרחין 1 ב', רעננה",ג'פניקה קוויק רעננה כשר | JAPANIKA QUICK RAANANA KOSHER,"Zarhin St 1ב, Ra'anana, Israel",ChIJZd4yOBM4HRURYk_fMOdr7OM,ג'פניקה קוויק רעננה כשר | JAPANIKA QUICK RAANANA KOSHER,en,"זרחין 1ב, רעננה","זרחין 1ב, רעננה",yes,ג'פניקה קוויק רעננה כשר | JAPANIKA QUICK RAANANA KOSHER,en,"Zarhin St 1ב, Ra'anana","Zarhin 1ב, Ra'anana",yes
7156,מסעדת בזלת,"קניון חוצות הגולן, קצרין",מסעדת בזלת בגולן - bazelet,Katzrin,ChIJ3xvQFpkdHBURZqu2rrBazY4,מסעדת בזלת בגולן - bazelet,iw,קצרין,קצרין,yes,מסעדת בזלת בגולן - bazelet,iw,Katzrin,Katzrin,no
7157,ג'פניקה קריית מוצקין,"גושן 92, קרית מוצקין",JAPANIKA KIRYAT MOTZKIN,"Moshe Goshen Ave 92, Kiryat Motzkin, Israel",ChIJ6zItdjm3HRURtey7U6QKBIc,ג׳פניקה קרית מוצקין כשר | JAPANIKA KIRYAT MOTZKIN KOSHER,iw,"שדרות משה גושן 92, קרית מוצקין","שדרות משה גושן 92, קרית מוצקין",yes,JAPANIKA KIRYAT MOTZKIN,en,"Moshe Goshen Ave 92, Kiryat Motzkin","Moshe Goshen 92, Kiryat Motskin",no
7158,פלאפל בריבוע רחובות,"הכרמל 76, רחובות",פלאפל בריבוע - רחובות,"Carmel St 76, Rehovot, Israel",ChIJeSlSqNm3AhURDNqhQ9ccQ6o,פלאפל בריבוע - רחובות,iw,"כרמל 76, רחובות","כרמל 76, רחובות",yes,פלאפל בריבוע - רחובות,iw,"Carmel St 76, Rehovot","Carmel 76, Rehovot",no
7159,Rendezvous,"לילינבלום 1, תל אביב",Rendez vous רונדה וו,"Lilienblum St 1, Tel Aviv-Yafo, 6326244, Israel",ChIJh_MHwJtMHRURZaO_C0Yt_YM,Rendez vous רונדה וו,fr,"לילינבלום 1, תל אביב-יפו, 6326244","לילינבלום 1, תל אביב-יפו",yes,Rendez vous רונדה וו,fr,"Lilienblum St 1, Tel Aviv-Yafo, 6326244","Lilienblum 1, Tel Aviv-Jaffa",no
7160,Co.Co,"האודם 63, שוהם",קו.קו - CO.CO,"HaOdem St 63, Shoham, Israel",ChIJQYSFO2o1HRUR5yHhuLnOX2E,קו.קו - CO.CO,iw,"האודם 63, שוהם","האודם 63, שוהם",yes,קו.קו - CO.CO,iw,"HaOdem St 63, Shoham","HaOdem 63, Shoham",no
7161,יקב טוליפ| le bar,"כפר תקוה, קרית טבעון",Tulip Winery,"כפר תקווה, Israel",ChIJh_mBuhKuHRURreFoy447JtI,יקב טוליפ,iw,כפר תקווה,כפר תקווה,yes,Tulip Winery,en,כפר תקווה,כפר תקווה,yes
7162,Aresto,"נמל קיסריה, קיסריה",Aresto,"נמל קיסריה, Keisarya, Israel",ChIJCZQzCBENHRURL1S86KWLe3s,ארסטו,iw,"נמל קיסריה, קיסריה","נמל קיסריה, קיסריה",yes,Aresto,en,"נמל קיסריה, Keisarya","נמל קיסריה, Keisarya",yes
7163,Gefen Deli,"איינשטיין 7, תל אביב",גפן דלי - GEFEN DELI,"Einstein St 7, Tel Aviv-Yafo, 6910107, Israel",ChIJQWAhkHBJHRURy-x6KcEOszk,גפן דלי - GEFEN DELI,iw,"איינשטיין 7, תל אביב-יפו, 6910107","איינשטיין 7, תל אביב-יפו",yes,גפן דלי - GEFEN DELI,iw,"Einstein St 7, Tel Aviv-Yafo, 6910107","Einstein 7, Tel Aviv-Jaffa",no
7164,Poke Van Ra'anana,"זרחין 13, רעננה",פוקי ואן - Poke Van,"Zarhin St 13, Ra'anana, 4366241, Israel",ChIJUeQohGg5HRUR23wZRM3FDh8,פוקי ואן - Poke Van,iw,"זרחין 13, רעננה, 4366241","זרחין 13, רעננה",yes,פוקי ואן - Poke Van,iw,"Zarhin St 13, Ra'anana, 4366241","Zarhin 13, Ra'anana",no
7165,שאור בייקרי רעננה,"נשיאים 47, רעננה",שאור נשיאים,"HaNessi'im St 47, Ra'anana, Israel",ChIJJ_mAGQA5HRURA46DuN1IJu8,שאור בייקרי רעננה,iw,"הנשיאים 47, רעננה","הנשיאים 47, רעננה",yes,שאור נשיאים,en,"HaNessi'im St 47, Ra'anana","HaNessi'im 47, Ra'anana",no
7167,קפה נטו גילמן,"בניין גילמן אוניברסיטת תל אביב, תל אביב",Cafe Neto,"בניין גילמן פקולטה למדעי הרוח באוניברסיטת, Tel Aviv-Jaffa, Israel",ChIJMbrGn2VJHRURnn_5h_MDdlc,קפה נטו,iw,"בניין גילמן פקולטה למדעי הרוח באוניברסיטת, תל אביב-יפו","בניין גילמן פקולטה למדעי הרוח באוניברסיטת, תל אביב-יפו",yes,Cafe Neto,en,"בניין גילמן פקולטה למדעי הרוח באוניברסיטת, Tel Aviv-Jaffa","בניין גילמן פקולטה למדעי הרוח באוניברסיטת, Tel Aviv-Jaffa",yes
7168,Fifty And One,"נחלת בנימין 51, תל אביב",Fifty and one,"Nahalat Binyamin St 51, Tel Aviv-Yafo, Israel",ChIJvSiapNhNHRUR9hFs0Daf8Rk,Fifty and one,iw,"נחלת בנימין 51, תל אביב-יפו","נחלת בנימין 51, תל אביב-יפו",yes,Fifty and one,iw,"Nahalat Binyamin St 51, Tel Aviv-Yafo","Nahalat Binyamin 51, Tel Aviv-Jaffa",no
7171,Zalmans- רעננה,"אחוזה 127, רעננה","Zalman's זלמנ'ס, מהדרין","Ahuza St 127, Ra'anana, Israel",ChIJn5b6fFo5HRURcPk2wiabkhM,Zalman's זלמנ'ס רעננה,iw,"אחוזה 127, רעננה","אחוזה 127, רעננה",yes,"Zalman's זלמנ'ס, מהדרין",en,"Ahuza St 127, Ra'anana","Ahuza 127, Ra'anana",no
7172,האחוזה גריל בר,"החשמל 1, עפולה",Ha'Ahuza Grill-Bar,"HaHashmal St 1, Afula, Israel",ChIJaWytfZVRHBUR56-2CMT8MVo,האחוזה גריל בר,iw,"החשמל 1, עפולה","החשמל 1, עפולה",yes,Ha'Ahuza Grill-Bar,en,"HaHashmal St 1, Afula","HaHashmal 1, Afula",no
7173,יאשקה גיסין פתח תקווה,"גיסין 15, פתח תקווה",יאשקה - פתח תקווה,"Avshalom Gissin St 15, Petah Tikva, 4922271, Israel",ChIJKWknaHc3HRUROyPqu1mvS-o,יאשקה - פתח תקווה,iw,"אבשלום גיסין 15, פתח תקווה, 4922271","אבשלום גיסין 15, פתח תקווה",yes,יאשקה - פתח תקווה,iw,"Avshalom Gissin St 15, Petah Tikva, 4922271","Avshalom Gissin 15, Petah Tikva",no
7174,Wow Sushi,"ביאליק 76, רמת גן",וואו סושי - Wow Sushi,"קניון, ביאליק, רמת גן, Israel",ChIJmS1-wotLHRURbFlQCwVmHkU,וואו סושי - Wow Sushi,iw,"קניון, ביאליק, רמת גן","קניון, ביאליק, רמת גן",yes,וואו סושי - Wow Sushi,iw,"קניון, ביאליק, רמת גן","קניון, Bialik, Ramat Gan",yes
7176,יאשקה ראשון לציון,"הסוכה 14, ראשון לציון",יאשקה - ראשון לציון,"Ha-Suka St 14, Rishon LeZion, Israel",ChIJ2YDVRKC1AhUR795TnFl459s,יאשקה - ראשון לציון,iw,"הסוכה 14, ראשון לציון","הסוכה 14, ראשון לציון",yes,יאשקה - ראשון לציון,iw,"Ha-Suka St 14, Rishon LeZion","HaSuka 14, Rishon LeZion",no
7179,בוסי בתקווה,"האצ""ל 41, תל אביב",בוסי בתקווה,"Etsel St 41, Tel Aviv-Yafo, Israel",ChIJd5TY62tLHRURSU8T6DO7h8Y,בוסי בתקווה,iw,"אצ""ל 41, תל אביב-יפו","אצ""ל 41, תל אביב-יפו",yes,בוסי בתקווה,iw,"Etsel St 41, Tel Aviv-Yafo","Etsel 41, Tel Aviv-Jaffa",no
7181,Frenchy Kiosk,"שינקין 54, תל אביב",Frenchy Tlv,"Sheinkin St 54, Tel Aviv-Yafo, 6713212, Israel",ChIJUTImqplLHRUR7A6vL1JH-vs,Frenchy Tlv,iw,"שינקין 54, תל אביב-יפו, 6713212","שינקין 54, תל אביב-יפו",yes,Frenchy Tlv,iw,"Sheinkin St 54, Tel Aviv-Yafo, 6713212","Sheinkin 54, Tel Aviv-Jaffa",no
7182,"B-FRESH - ראשונים ראשל""צ","שדרות נים 2, ראשון לציון",B FRESH קניון ראשונים,"שדרות נים 2 קניון עזריאלי ראשונים, Rishon LeZion, Israel",ChIJSQxG3gK1AhURyxljTLnrQbo,B FRESH קניון ראשונים,iw,"שדרות נים 2 קניון עזריאלי ראשונים, ראשון לציון","שדרות נים 2 קניון עזריאלי ראשונים, ראשון לציון",yes,B FRESH קניון ראשונים,iw,"שדרות נים 2 קניון עזריאלי ראשונים, Rishon LeZion","שדרות נים 2 קניון עזריאלי ראשונים, Rishon LeZion",yes
7183,עוזיאלה,"עוזיאל 114, רמת גן",Cafe Uziela,"Uzi'el St 114, Ramat Gan, 5232218, Israel",ChIJFT5EVlJKHRURIfxybwk1bCI,קפה עוזיאלה ר״ג,iw,"עוזיאל 114, רמת גן, 5232218","עוזיאל 114, רמת גן",yes,Cafe Uziela,en,"Uzi'el St 114, Ramat Gan, 5232218","Uzi'el 114, Ramat Gan",no
7186,בריא לי,"האורנים 12, פרדס חנה",בריא לי בר,"חניה פנימית, האורנים 12, פרדס חנה כרכור, Israel",ChIJ7ZO8CEIOHRURcS_W0EXdvtY,בריא לי בר,iw,"חניה פנימית, האורנים 12, פרדס חנה כרכור","חניה פנימית, האורנים 12, פרדס חנה כרכור",yes,בריא לי בר,iw,"חניה פנימית, האורנים 12, פרדס חנה כרכור","חניה פנימית, HaOranim 12, Pardes Hana-Karkur",yes
7187,פלאג אין רמת ישי,"האקליפטוס 3, רמת ישי",Plugin,"Ekaliptus St 3, Ramat Yishai, Israel",ChIJm3R464ayHRUR0-rD3NWJn6g,פלאג אין רמת ישי,iw,"אקליפטוס 3, רמת ישי","אקליפטוס 3, רמת ישי",yes,Plugin,en,"Ekaliptus St 3, Ramat Yishai","Eucalyptus 3, Ramat Yishay",no
7189,גרקו | הכשרה,"גרינברג 25, תל אביב",Greco | Kosher,"גרינברג 25, תל אביב-יפו, 6937931, Israel",ChIJWa9xdQJJHRURy3zvVWyJikY,גרקו הכשרה - לאירועים,iw,"גרינברג 25, תל אביב-יפו, 6937931","גרינברג 25, תל אביב-יפו",yes,Greco | Kosher,en,"גרינברג 25, תל אביב-יפו, 6937931","גרינברג 25, Tel Aviv-Jaffa",yes
7192,יאשקה טאגור,"טאגור 32, תל אביב",Yashka,"Tagore St, Tel Aviv-Yafo, Israel",ChIJH_1RQsBJHRUR7BxNZZbaWnM,יאשקה - טאגור 30 תל אביב,iw,"רחוב רבינדרנת טאגור, תל אביב-יפו","רחוב רבינדרנת טאגור, תל אביב-יפו",yes,Yashka,en,"Tagore St, Tel Aviv-Yafo","Rehov Tagore, Tel Aviv-Jaffa",no
7193,Zalmans-  עזריאלי,"דרך מנחם בגין 132, תל אביב",זלמנס עזריאלי תל אביב,"Food Zone 2, Azrieli Center, Derech Menachem Begin 132, Tel Aviv-Jaffa, Israel",ChIJm2QKMsxLHRURK7Jhv_KKh88,זלמנס עזריאלי תל אביב,iw,"Food Zone 2, מגדלי עזריאלי, דרך מנחם בגין 132, תל אביב-יפו","מגדלי עזריאלי, Food Zone 2, דרך מנחם בגין 132, תל אביב-יפו",yes,זלמנס עזריאלי תל אביב,iw,"Food Zone 2, Azrieli Center, Derech Menachem Begin 132, Tel Aviv-Jaffa","Azrieli Center, Food Zone 2, Derech Menachem Begin 132, Tel Aviv-Jaffa",no
7194,B-FRESH - דיזינגוף,"דיזינגוף 50, שער 7, תל אביב",B-FRESH,"Dizengoff St Center, Tel Aviv-Yafo, Israel",ChIJRwDAbgBLHRURRgIzpuYSJkI,B-FRESH,en,"דיזנגוף Center, תל אביב-יפו","דיזנגוף Center, תל אביב-יפו",yes,B-FRESH,en,"Dizengoff St Center, Tel Aviv-Yafo","Dizengoff Center, Tel Aviv-Jaffa",no
7195,BIGA קרית ים,"גולדה 2, קרית ים",ביגה קרית ים,"Golda Me'ir St 2, Kiryat Yam, 3498202, Israel",ChIJqZGX3H63HRURO8fmmrC3rP8,ביגה קרית ים,iw,"גולדה מאיר 2, קרית ים, 3498202","גולדה מאיר 2, קרית ים",yes,ביגה קרית ים,iw,"Golda Me'ir St 2, Kiryat Yam, 3498202","Golda Meir 2, Kiryat Yam",no
7196,מקלות וניל,"יהושע חנקין 9, עפולה",Maklot-Vanil (Vanilla Sticks),"Joshua Hankin St 9, Afula, Israel",ChIJ2Y7mjN1THBURQQKv_cqk5Tw,"מקלות וניל בע""מ",iw,"יהושע חנקין 9, עפולה","יהושע חנקין 9, עפולה",yes,Maklot-Vanil (Vanilla Sticks),en,"Joshua Hankin St 9, Afula","Joshua Hankin 9, Afula",no
7197,מרלוזה,"לילינבלום 24, תל אביב",מרלוזה | merloza,"Lilienblum St 24, Tel Aviv-Yafo, Israel",ChIJ9Zoun59NHRURfo0Fcmygd5A,מרלוזה | merloza,iw,"לילינבלום 24, תל אביב-יפו","לילינבלום 24, תל אביב-יפו",yes,מרלוזה | merloza,iw,"Lilienblum St 24, Tel Aviv-Yafo","Lilienblum 24, Tel Aviv-Jaffa",no
7198,טורוס סמוקהאוס,"השקמה 1, סביון",Taurus Smokehouse by Mila,"HaShikma St 1, Savyon, Israel",ChIJwQDQQQA1HRURzaS-Lvl4yBU,Taurus Smokehouse by Mila,iw,"השיקמה 1, סביון","השיקמה 1, סביון",yes,Taurus Smokehouse by Mila,iw,"HaShikma St 1, Savyon","HaShikma 1, Savyon",no
7200,Bar Lechem,"קהילת סלוניקי 7, תל אביב",Bread Bar,"Kehilat Saloniki St 7, Tel Aviv-Yafo, 69513, Israel",ChIJxaV3N5lJHRURP6Z1rWT_ZU0,בר לחם,iw,"קהילת סלוניקי 7, תל אביב-יפו, 69513","קהילת סלוניקי 7, תל אביב-יפו",yes,Bread Bar,en,"Kehilat Saloniki St 7, Tel Aviv-Yafo, 69513","Kehilat Saloniki 7, Tel Aviv-Jaffa",no
7201,ביסטרו BP - כביש החוף,"כביש החוף, נתניה",BP,"תחנת דלק פז כביש החוף, Netanya, Israel",ChIJkYJe7v4_HRURQ5-3G29256s,BP,iw,"תחנת דלק פז כביש החוף, נתניה","תחנת דלק פז כביש החוף, נתניה",yes,BP,en,"תחנת דלק פז כביש החוף, Netanya","תחנת דלק פז כביש החוף, Netanya",yes
7202,פלאפל בריבוע נתניה,"טום לנטוס 26, נתניה",פלאפל בריבוע - קרית השרון נתניה,"מרכז אלון, שדרות טום לנטוס 26, נתניה, Israel",ChIJJyG3m5Q_HRURPpTTxPKyZfM,פלאפל בריבוע - קרית השרון נתניה,iw,"מרכז אלון, שדרות טום לנטוס 26, נתניה","מרכז אלון, שדרות טום לנטוס 26, נתניה",yes,פלאפל בריבוע - קרית השרון נתניה,iw,"מרכז אלון, שדרות טום לנטוס 26, נתניה","מרכז אלון, Sderot Tom Lantos 26, Netanya",yes
7203,Mariposa,"מגרש הגולף קיסריה, קיסריה",Mariposa,"מגרש הגולף, Caesarea, Israel",ChIJV9hVLagNHRURQDNbTYDDB4Q,מריפוסה,iw,"מגרש הגולף, Caesarea","מגרש הגולף, קיסריה",yes,Mariposa,en,"מגרש הגולף, Caesarea","מגרש הגולף, Keisarya",yes
7204,קפה 99,"הירקון 99, תל אביב",קפה 99 | Café 99,"HaYarkon St 99, Tel Aviv-Yafo, Israel",ChIJkx9UBXxMHRUR2r3aFOkaTkY,קפה 99,iw,"הירקון 99, תל אביב-יפו","הירקון 99, תל אביב-יפו",yes,קפה 99 | Café 99,en,"HaYarkon St 99, Tel Aviv-Yafo","HaYarkon 99, Tel Aviv-Jaffa",no
7208,גפניקה איילון,"אבא הלל 301, קניון איילון, רמת גן",ג'פניקה קניון אילון כשר | JAPANIKA AYLON MALL KOSHER,"קניון איילון, רמת גן, Israel",ChIJg_0iX4ZJHRURxkAjfoz-lnw,ג'פניקה קניון אילון כשר | JAPANIKA AYLON MALL KOSHER,en,"קניון איילון, רמת גן","קניון איילון, רמת גן",yes,ג'פניקה קניון אילון כשר | JAPANIKA AYLON MALL KOSHER,en,"קניון איילון, רמת גן","קניון איילון, Ramat Gan",yes
7209,שאור בייקרי רמת אפעל,"רפאל איתן 44, רמת גן",שאור בייקרי רמת אפעל | Ceor Bakery Ramat Efal,"רפאל איתן 44, Ramat Gan, 5590500, Israel",ChIJ840MzUtLHRUR-OdCQOD7nes,שאור בייקרי רמת אפעל | Ceor Bakery Ramat Efal,en,"רפאל איתן 44, רמת גן, 5590500","רפאל איתן 44, רמת גן",yes,שאור בייקרי רמת אפעל | Ceor Bakery Ramat Efal,en,"רפאל איתן 44, Ramat Gan, 5590500","רפאל איתן 44, Ramat Gan",yes
7211,Vivace קרית יערים,"יצחק 27, קרית יערים",פיצה ויואצ'ה,"HaRav Yitshak St 27, Kiryat Ye'arim, Israel",ChIJbcF0qxLRAhURPqR4TBlFvOk,ויואצ'ה vivac'e - פיצה איטלקית,iw,"הרב יצחק 27, קרית יערים","הרב יצחק 27, קרית יערים",yes,פיצה ויואצ'ה,en,"HaRav Yitshak St 27, Kiryat Ye'arim","HaRav Yitshak 27, Telse Stone",no
7212,BIGA פתח תקווה,"72 זאב ז'ובטינסקי, פתח תקווה",BIGA,"Jabotinsky St 72, Petah Tikva, Israel",ChIJsQxUymA3HRURbIBfDba-eZ4,ביגה,iw,"רחוב זאב ז'בוטינסקי 72, פתח תקווה","רחוב זאב ז'בוטינסקי 72, פתח תקווה",yes,BIGA,en,"Jabotinsky St 72, Petah Tikva","Derech Zeev Jabutinsky 72, Petah Tikva",no
7213,הכריש בעיר,"רוטשילד 87, ראשון לציון",הכריש פיצה בר כשר רוטשילד,"רוטשילד 87 ground floor, Rishon LeZion, 7520448, Israel",ChIJD1YmCtS1AhURlZhH8vi42qI,הכריש פיצה בר כשר רוטשילד,iw,"רוטשילד 87 ground floor, ראשון לציון, 7520448","רוטשילד 87 ground floor, ראשון לציון",yes,הכריש פיצה בר כשר רוטשילד,iw,"רוטשילד 87 ground floor, Rishon LeZion, 7520448","רוטשילד 87 ground floor, Rishon LeZion",yes
7216,התורכי כשר,"הרצל 99, רחובות",שווארמה התורכי רחובות,"Herzl St 99, Rehovot, Israel",ChIJF-RAEgW3AhURFuGsEdEx18I,שווארמה התורכי רחובות,iw,"הרצל 99, רחובות","הרצל 99, רחובות",yes,שווארמה התורכי רחובות,iw,"Herzl St 99, Rehovot","Herzl 99, Rehovot",no
7218,ניהון נו בה - שגב יפני כשר,"תוצרת הארץ 3, פתח תקווה",Nihon no-ba,"Totseret ha-Arets St 3, Petah Tikva, Israel",ChIJWe_nSBVJHRURKLIdMiU1MsE,ניהון נו-בה שגב יפני כשר,iw,"תוצרת הארץ 3, פתח תקווה","תוצרת הארץ 3, פתח תקווה",yes,Nihon no-ba,en,"Totseret ha-Arets St 3, Petah Tikva","Totseret HaArets 3, Petah Tikva",no
7219,Mixi Salad Bar Ramat Hahayal,"ראול ולנברג 24, תל אביב",מיקסי סלט בר - רמת החייל,"Raoul Wallenberg St 24, Tel Aviv-Yafo, 6971920, Israel",ChIJGaaVmd1JHRURzgM8nrZGBZ0,מיקסי סלט בר - רמת החייל,iw,"ראול ולנברג 24, תל אביב-יפו, 6971920","ראול ולנברג 24, תל אביב-יפו",yes,מיקסי סלט בר - רמת החייל,iw,"Raoul Wallenberg St 24, Tel Aviv-Yafo, 6971920","Raoul Wallenberg 24, Tel Aviv-Jaffa",no
7220,Picual,"ברשבסקי 8, ראשון לציון",פיקואל מסעדת שף - Picual Fine Dining Restaurant,"Barshavski St 8, Rishon LeZion, 7536375, Israel",ChIJX1obm6u1AhURX9QGO2VR8b0,פיקואל מסעדת שף - Picual Fine Dining Restaurant,iw,"ברשבסקי 8, ראשון לציון, 7536375","ברשבסקי 8, ראשון לציון",yes,פיקואל מסעדת שף - Picual Fine Dining Restaurant,iw,"Barshavski St 8, Rishon LeZion, 7536375","Barshavski 8, Rishon LeZion",no
7221,B-FRESH - בילינסון,"זבוטינסקי 39, פתח תקווה","B-FRESH בלינסון פ""ת","זאב, רחוב זאב ז'בוטינסקי 39, פתח תקווה, Israel",ChIJXwe9b8A3HRURpHDgTdl0tK4,"B-FRESH בלינסון פ""ת",iw,"זאב, רחוב זאב ז'בוטינסקי 39, פתח תקווה","זאב, רחוב זאב ז'בוטינסקי 39, פתח תקווה",yes,"B-FRESH בלינסון פ""ת",iw,"זאב, רחוב זאב ז'בוטינסקי 39, פתח תקווה","זאב, Derech Zeev Jabutinsky 39, Petah Tikva",yes
7222,Guy's burger kosher,"דרך הבנים 17, פרדס חנה",גיא בורגר - Guy’s Burger | הסניף הכשר,"Derech HaBanim 17, Pardes Hana-Karkur, Israel",ChIJyTnmS4gPHRURqvKgOFW-tkI,גיא בורגר - Guy’s Burger | הסניף הכשר,iw,"דרך הבנים 17, פרדס חנה כרכור","דרך הבנים 17, פרדס חנה כרכור",yes,גיא בורגר - Guy’s Burger | הסניף הכשר,iw,"Derech HaBanim 17, Pardes Hana-Karkur","Derech HaBanim 17, Pardes Hana-Karkur",no
7226,פיצה דומינו פתח תקווה,"ההסתדרות 3, פתח תקווה",Pizza Domino פיצה דומינו פתח תקווה,"Hahistadrut St 3, Petah Tikva, Israel",ChIJA6RY6Aw2HRUR90xOqwgtSyw,פיצה דומינו פתח תקווה,iw,"ההסתדרות 3, פתח תקווה","ההסתדרות 3, פתח תקווה",yes,Pizza Domino פיצה דומינו פתח תקווה,en,"Hahistadrut St 3, Petah Tikva","Hahistadrut 3, Petah Tikva",no
7227,Burgers Bar צור הדסה,"הדרור 2, צור הדסה",בורגרס בר | BurgersBar | צור הדסה כשר,"Dror St 2, Tzur Hadassah, 9988272, Israel",ChIJkRZJi6PbAhUR3xeLhkT61dA,בורגרס בר | BurgersBar | צור הדסה כשר,iw,"דרור 2, צור הדסה, 9988272","דרור 2, צור הדסה",yes,בורגרס בר | BurgersBar | צור הדסה כשר,iw,"Dror St 2, Tzur Hadassah, 9988272","Dror 2, Tsur Hadasa",no
7231,פלאפל בריבוע - רמת השרון,"סוקולוב 34, רמת השרון",Falafel Square,"Sokolov St 34, Ramat Hasharon, Israel",ChIJn2Fw7khIHRUR3XH7b-uL98U,פלאפל בריבוע - רמת השרון,iw,"סוקולוב 34, רמת השרון","סוקולוב 34, רמת השרון",yes,Falafel Square,en,"Sokolov St 34, Ramat Hasharon","Sokolov 34, Ramat HaSharon",no
7232,Poke Van Caesarea,"חלמיש 7 פארק תעשייה, קיסריה",פוקי ואן - Poke Van,"Khalamish St 7, Caesarea, Israel",ChIJc6V2B-INHRURTtuxeOL4tvA,פוקי ואן - Poke Van,iw,"חלמיש 7, קיסריה","חלמיש 7, קיסריה",yes,פוקי ואן - Poke Van,en,"Khalamish St 7, Caesarea","Halamish 7, Keisarya",no
7233,אטליז בשנקין,"שנקין 56, תל אביב",הקצביה בשינקין,"Sheinkin St 56, Tel Aviv-Yafo, Israel",ChIJfR6VXXZLHRUR4U79X_YJyRg,קצביה בשינקין,iw,"שינקין 56, תל אביב-יפו","שינקין 56, תל אביב-יפו",yes,הקצביה בשינקין,en,"Sheinkin St 56, Tel Aviv-Yafo","Sheinkin 56, Tel Aviv-Jaffa",no
7234,Ben's pizza,"צה""ל 71, תל אביב",בנ'ס פיצה צהלה (כשר),"Tsahal St 71, Tel Aviv-Yafo, Israel",ChIJk2qszdRJHRURWqZphITqJWQ,בנ'ס פיצה צהלה (כשר),iw,"צה""ל 71, תל אביב-יפו","צה""ל 71, תל אביב-יפו",yes,בנ'ס פיצה צהלה (כשר),iw,"Tsahal St 71, Tel Aviv-Yafo","Tsahal 71, Tel Aviv-Jaffa",no
7235,Lotem Deree Bakery and Bistro,"שכניה, שכניה",לוטם דרעי בייקרי & ביסטרו שף,"Shekhanya, 2018300, Israel",ChIJW3uVrW43HBURp1hclGVXZb0,לוטם דרעי בייקרי & ביסטרו שף,iw,"שכניה, 2018300",שכניה,yes,לוטם דרעי בייקרי & ביסטרו שף,iw,"Shekhanya, 2018300",Shekhanya,no
7236,Roots,"וייצמן 1, עכו",Roots רותס,"Weizman St 1, Acre, 2430122, Israel",ChIJg2lGuj7JHRURy476nlgQ9h0,Roots רותס,iw,"וייצמן 1, עכו, 2430122","וייצמן 1, עכו",yes,Roots רותס,iw,"Weizman St 1, Acre, 2430122","Weizman 1, Akko",no
7237,Takumi shoham,"הדקל 30, שוהם",Takumi,"Dekel St 30, Shoham, Israel",ChIJQ_f_mGIzHRURsog08lMX5yg,טקומי שוהם - Takumi,iw,"דקל 30, שוהם","דקל 30, שוהם",yes,Takumi,en,"Dekel St 30, Shoham","Dekel 30, Shoham",no
7238,"Jorno בייקרי ת""א","ויינשל 6, תל אביב",Jorno,"Weinshall St 6, Tel Aviv-Yafo, Israel",ChIJYzrBxddJHRURxylGg2sbVt0,JORNO Bakery,iw,"ויינשל 6, תל אביב-יפו","ויינשל 6, תל אביב-יפו",yes,Jorno,en,"Weinshall St 6, Tel Aviv-Yafo","Weinshall 6, Tel Aviv-Jaffa",no
7242,Arty Bakery,"ארלוזורוב 188, תל אביב",Arty bakery,"Arlozorov St 188, Tel Aviv-Yafo, Israel",ChIJEeWAc2RLHRURPQeVlMabnlI,Arty bakery,iw,"ארלוזורוב 188, תל אביב-יפו","ארלוזורוב 188, תל אביב-יפו",yes,Arty bakery,iw,"Arlozorov St 188, Tel Aviv-Yafo","Arlozorov 188, Tel Aviv-Jaffa",no
7243,החברים פתח תקווה,"זבוטינסקי 61 פתח תקווה, פתח תקווה",החברים - גריל ישראלי כשר למהדרין פתח תקווה,"למסעדה, לחניון בסר סיטי, Derech Zeev Jabutinsky 61, Petah Tikva, 4959220, Israel",ChIJdRpc_dc3HRURUtyvMgcCyuw,החברים - גריל ישראלי כשר למהדרין פתח תקווה,iw,"למסעדה, לחניון בסר סיטי, רחוב זאב ז'בוטינסקי 61, פתח תקווה, 4959220","לחניון בסר סיטי, למסעדה, רחוב זאב ז'בוטינסקי 61, פתח תקווה",yes,החברים - גריל ישראלי כשר למהדרין פתח תקווה,iw,"למסעדה, לחניון בסר סיטי, Derech Zeev Jabutinsky 61, Petah Tikva, 4959220","לחניון בסר סיטי, למסעדה, Derech Zeev Jabutinsky 61, Petah Tikva",yes
7246,Greg שדרות,"שדרות מנחם בגין 1, שדרות",Cafe Greg,"Menachem Begin Rd 1, Sderot, Israel",ChIJuW2b5E6BAhURDcqdN2g0M5k,קפה גרג שדרות,iw,"דרך מנחם בגין 1, שדרות","דרך מנחם בגין 1, שדרות",yes,Cafe Greg,en,"Menachem Begin Rd 1, Sderot","Derech Menachem Begin 1, Sderot",no
7247,הסושי של נועה,"אחד העם 6, ראשון לציון",הסושי של נועה,"Akhad ha-Am St 6, Rishon LeZion, 7531208, Israel",ChIJYyxjhWK1AhURJD8zstNVu7w,הסושי של נועה,iw,"אחד העם 6, ראשון לציון, 7531208","אחד העם 6, ראשון לציון",yes,הסושי של נועה,iw,"Akhad ha-Am St 6, Rishon LeZion, 7531208","Ahad Ha'Am 6, Rishon LeZion",no
7248,Biga Street ראשון לציון,"אלי יבלון 5, ראשון לציון",biga street- ביגה סטריט ראשון לציון,"אלי יבלון 5, Rishon LeZion, 7550457, Israel",ChIJv4F3kLi1AhURktp5_gVa8gY,biga street- ביגה סטריט ראשון לציון,iw,"אלי יבלון 5, ראשון לציון, 7550457","אלי יבלון 5, ראשון לציון",yes,biga street- ביגה סטריט ראשון לציון,iw,"אלי יבלון 5, Rishon LeZion, 7550457","אלי יבלון 5, Rishon LeZion",yes
7249,נאמן N קניון איילון,"דרך אבא הלל 301, רמת גן",Na'aman,"Abba Hillel Silver Rd 301, Ramat Gan, Israel",ChIJoU0JZ4ZJHRURXz3cPC0hD4Y,נאמן קונדטוריה וקפה,iw,"דרך אבא הלל 301, רמת גן","דרך אבא הלל 301, רמת גן",yes,Na'aman,en,"Abba Hillel Silver Rd 301, Ramat Gan","Derech Aba Hillel 301, Ramat Gan",no
7252,Moran Gil Cakery LTD,"אלנבי 31, תל אביב",Moran Gil Cakery,"Allenby St 31, Tel Aviv-Yafo, Israel",ChIJjUSk2PRNHRUR86_VhUGEfJ4,מורן גיל קייקרי,iw,"אלנבי 31, תל אביב-יפו","אלנבי 31, תל אביב-יפו",yes,Moran Gil Cakery,en,"Allenby St 31, Tel Aviv-Yafo","Allenby 31, Tel Aviv-Jaffa",no
7253,The Alley TLV,"חשמונאים 96, תל אביב",The Alley TLV,"Hashmonaim 96, Tel Aviv-Yafo, 6713343, Israel",ChIJRyU2QUhLHRURxHPcW4-uz98,The Alley TLV,en,"Hashmonaim 96, Tel Aviv-Yafo, 6713343","חניון, Hashmonaim 96, תל אביב-יפו",no,The Alley TLV,en,"Hashmonaim 96, Tel Aviv-Yafo, 6713343","Parking lot, Hashmonaim 96, Tel Aviv-Jaffa",no
7254,קלרה רמלה - שיפודים מבית טוב,"רזיאל 1, רמלה",קלרה - שיפודים מבית טוב,"Sderot David Razi'el 1, Ramla, Israel",ChIJM8Cv6SLLAhURbvtPVQpuLIM,קלרה - שיפודים מבית טוב,iw,"שדרות דוד רזיאל 1, רמלה","שדרות דוד רזיאל 1, רמלה",yes,קלרה - שיפודים מבית טוב,iw,"Sderot David Razi'el 1, Ramla","Sderot David Razi'el 1, Ramla",no
7255,B-FRESH - שוהם,"הדקל 30, שוהם",B-FRESH,"Dekel St 30, Shoham, Israel",ChIJacJdOgAzHRURrdDkhAupgzk,B-FRESH שוהם,iw,"דקל 30, שוהם","דקל 30, שוהם",yes,B-FRESH,en,"Dekel St 30, Shoham","Dekel 30, Shoham",no
7256,ספרה  - מסעדת שף | Sphera kitchen & bar,"המדע 18, פארק המדע, רחובות",ספרה מסעדת שף - Sphera Kitchen & Bar,"HaMada St 18, Rehovot, 7670322, Israel",ChIJxboe8_i3AhURyXS002384Tk,ספרה מסעדת שף - Sphera Kitchen & Bar,iw,"המדע 18, רחובות, 7670322","המדע 18, רחובות",yes,ספרה מסעדת שף - Sphera Kitchen & Bar,iw,"HaMada St 18, Rehovot, 7670322","HaMada 18, Rehovot",no
7261,יקב כמיסה,"פארק תעשיות, רמת דלתון",יקב כמיסה KAMISA WINERY,"איזור תעשיה דלתון פארק תעשיות, Dalton, 1381100, Israel",ChIJlS4oQa8hHBURMbRnshlyNxw,יקב כמיסה KAMISA WINERY,iw,"איזור תעשיה דלתון פארק תעשיות, דלתון, 1381100","איזור תעשיה דלתון פארק תעשיות, דלתון",yes,יקב כמיסה KAMISA WINERY,iw,"איזור תעשיה דלתון פארק תעשיות, Dalton, 1381100","איזור תעשיה דלתון פארק תעשיות, Dalton",yes
7303,פיצה האט,"נחלת יצחק 20, תל אביב, Israel",Pizza Hut,"Totseret ha-Arets St 9, Tel Aviv-Yafo, Israel",ChIJZwE99KJLHRURESHldkHlm68,פיצה האט מגדלי תל אביב,iw,"תוצרת הארץ 9, תל אביב-יפו","תוצרת הארץ 9, תל אביב-יפו",yes,Pizza Hut,en,"Totseret ha-Arets St 9, Tel Aviv-Yafo","Totseret HaArets 9, Tel Aviv-Jaffa",no
