id,name,google_name,status,cloudinary_url,cloudinary_public_id,width,height,bytes,format,elapsed_ms,google_photo_name,google_photo_attribution,error
7727,Amnon's Pizza,Amnon's Kosher Pizza,ok,https://res.cloudinary.com/dn7vbd6nn/image/upload/v1783420811/restaurants/google/restaurant_7727_google_800.jpg,restaurants/google/restaurant_7727_google_800,800,600,165950,jpg,3137,places/ChIJi9IXAS1FwokRzW4igeHSUkg/photos/AaVGc3ncmQOjJytOT8Q6HrL_SUKl3K3MkLiZbM2AWCJp2ZWCPF3-XofgkDWeRXGk7dLS3rLazm8GW5sVjv5VHa7olgwBSjYVATJNt8z0xqQ99NbMGiI1dXPDUmauVffbSocEw10SKaduRO2egPHIK5ri1LbTTf-6SMi3UFjtd45DiqrYKw1y1kdiJIv1i_qdr-j6qc_SWCwLr6DL94ZgmUgIgoHGyfQ6dersl06t8I7BWxEkb_ddEwjavruFcJz4fTJd5aDhQtg_upplufvsN5V75aXrPrJxc2FcAisQdBbTKjMBQgcpehDIWlSRM86ZKQig4QYlT9J4YCiTarSIyRe-eXy4tIfPRoTWpkr-cGNjhnmhQb9I5JkeJyHnMJ9N1dP-Y_pF2eqpIXB5TSiECYf1Tf_yTZTiZK2OVz5dwOC6PTK7QQ,Yosssi,
7728,Amsterdam Burger NYC,AMSTERDAM BURGER NYC,ok,https://res.cloudinary.com/dn7vbd6nn/image/upload/v1783420813/restaurants/google/restaurant_7728_google_800.jpg,restaurants/google/restaurant_7728_google_800,800,600,151743,jpg,2225,places/ChIJkx37-UBZwokRM7Y3-tqS5lE/photos/AaVGc3kBxBsI3rba4C0yARo0_4BgOyhiqnW5OyMOyFD3PkXMvIm17C9x4nMKez1A7ZSsX5gkwl7Nk9vrKRGPibKE8VVAUyFxP5Ti-0O5Nm314FqL3wL_7mMuUFld6rDSihCD_XA7fpor7hcWEW1IE5SCDyEPxjMjUkTtS1vVLH59JkBrOMME7a10BW3aHB-1QsHYTSpnbMpiSpdZFyvngSB0hXPfwJHqMu9ZQY9TkE69B9dFECZ53L2j1FBXqMZL9lY7okuV1k7wsRGtoa9GdqtFxR-Mpq1gjVQv2xi318xJmtCurn6_uVzZrTSUvT56yyy50ntk6zOXpEeylkAONQKRxNA8DgLXpKCz8EO6skJhtlSYvHpuwAJfxT5oGjSCv_s7wqI0jLmmt5DEhCSMWtUcdd38UaMwMa3XtKsnxkYrfkoBsmSt,O Man,
7729,Ananda,Ananda,ok,https://res.cloudinary.com/dn7vbd6nn/image/upload/v1783420815/restaurants/google/restaurant_7729_google_800.jpg,restaurants/google/restaurant_7729_google_800,800,600,128791,jpg,2112,places/ChIJpVNaVCpZwokRUIfLZT2dHCo/photos/AaVGc3kfbbVhH3LN1vEQ-wUDZSzLThF7Bu8eZRMJL6bl4yk6mIqd1Ot3t9dYMb4UI9yoCUHd4_4fiZUoRt_0Y_obnID0gyOh4BbJPBuVown_AIe47RuV5l1tp9K3nw9voczRvLJYbQJIhJ9g0JvKtvSUJPQOcbQ-f7bgxc6XPR9evRryfDLNJ7MVPGmcUxyY2g6Vz16He-pBpZdaLbRb5XY6OplbdmnrALLyu2qZTt3XWek4CBVtGbbXrVRfq2g4z03nmoCzoBhJlBsT9bqfzNb7o63rtVP1UaPhfGJqrEWmVFk7QJuno0Hul3Hr9SwHNkOglqcpP5eHonhIQ00Tpbwsqni6JpSCMY2RwiiPbfvvfIHLKpQZWxwq4AO3etCvhCgl0Zq-witwxjoVbnUek7RZJEYw4nET8IjyIEa98W3Bq6qd7g,Ananda,
7730,Anixi,Anixi Mediterranean Vegan Restaurant,ok,https://res.cloudinary.com/dn7vbd6nn/image/upload/v1783420818/restaurants/google/restaurant_7730_google_800.jpg,restaurants/google/restaurant_7730_google_800,800,450,102478,jpg,2842,places/ChIJaRynAtpZwokRfbYA0B4VJWs/photos/AaVGc3ndERyADzZGJlGVY0UMW1ygM__PlGgkUbWKOq_IGcjVReqmyTdwatz3NbrUz_AxU7mdUE2DOUy7NM-ALPkX-fXsnuzbxETXdkaqKnGzw6LbmCAKPaOWQXZXIOGHA44SOOA6y2UmrzgAsmsL_eitgP7EwXqG7-dq0MU3NX-vI_djzK0-dsd01KxNWFBVnZU3lFzT19gQdx7u5vBQojRKiesxp5YahS_15airikt6AON4XBKnQOfmGNc7u_v9S7JhANgISb5m2MdCe9i0IC8iY7prB4GSL_tzqERuWD3tbGggsOm8JnfeKRssqlHlSOvKUc9igG8p_Setiz2MKxAyUwB6J0TQGD7Jkm_eT-KJ4hP6gtuOQX8XLOI9Ys2HozmS9MuaDX0nk0N4c_3cYGlvD5mgQUzazCZLZwmFLhRhlaA,Anixi Mediterranean Vegan Restaurant,
7731,Annie's Kitchen,Annie's Kitchen | Kosher Chinese Food 11367 | Sushi 11367,ok,https://res.cloudinary.com/dn7vbd6nn/image/upload/v1783420821/restaurants/google/restaurant_7731_google_800.jpg,restaurants/google/restaurant_7731_google_800,800,533,418541,jpg,2454,places/ChIJx800Z4xgwokRS0Xlox2RJDE/photos/AaVGc3l01BxZjdod9nOnaSmezSwekYKPrVHOPAjLXaMj6DgCwZxEDJ5UYsOZ9cft8-Mey4IOsFkqlkp0uYPcTWecJT-Tu8M6C3-sjzLP6mHREz9uRcoAA_Fap8ux8ox2Hfmn5MWd1n_03bsgYmj4Sqnml9s4pBuPT424LtRh4-Gw44Pjt9vYLYO8OmlMAB0rxu0X5H2Pk4ZpOilGOJ9wonEmXMxOnRepkKSMMKOHtX1FeFEDNH3b5rBsCeEoi1chGlV_enYDBAeWii9miZFhikBRscD_9VqS60lNfBW6_qtwFB_rsVg_kwbSACArk-zRsS7GgxaJHL15p4GB6sy-UYTiIAH_nh-c-I74Cc_wcV_8T9lS2NQzrODbD9XDZadnxEQGGNTgVIi8AUxfp9DA4DG8vwsJlOskG5j_TzuudLrJVq5ptTbYECCOxja8EmGCjjVv,Annie's Kitchen | Kosher Chinese Food 11367 | Sushi 11367,
7732,Art of Prime,Art of Prime,ok,https://res.cloudinary.com/dn7vbd6nn/image/upload/v1783420822/restaurants/google/restaurant_7732_google_800.jpg,restaurants/google/restaurant_7732_google_800,800,450,60565,jpg,1434,places/ChIJ88FsV-pbwokRxe-RQtgJrBE/photos/AaVGc3k0w9vYTuzG_mGsHGmieOLTFej3ayR5pq0aky2Azsu5G8jCPGKrPL6U6bNFm4-pQm0nWQVUk-pRfxTHOoG-VeG6R8mx3WaVcRrAukHzpEhHSJcSDVgcUgmlOJsCY4StUbQYWLI-Qx874EF0ddJvWEsJgo5dnS_Vwt3QwmeumRFDIeIztwGOnfruCW1oGlZPFy3z6ZcY0b6KHmSxM0nv0WytGC6YsQTWTU6TSWtxh-5W1CmNHWcdu6NkE46MupZ0BwQnY5iRZ7wlMSQb35XV_mKuZ-pGCAZOFBb6WXgc3_Pu1xrSznsGjG9kE_bmXYlEJr_VjCvDXp-EVr6B3TER1ksLlugzDKf1hgJfWMKaxAij5GPiWNk5X3hi8S1FqfyGKnlFF1b3ci8CWHpxR4PJXZJAQYwlmrZnIutF2_aC3mwc0dg956omzb3BlZvXf-1e,Art of Prime,
7733,Asia Glatt Kosher,Asia Glatt Kosher,ok,https://res.cloudinary.com/dn7vbd6nn/image/upload/v1783420824/restaurants/google/restaurant_7733_google_800.jpg,restaurants/google/restaurant_7733_google_800,800,602,169661,jpg,2694,places/ChIJVyveXy1FwokRKc-Vb1whgIQ/photos/AaVGc3kZsJfdR6Dp4T6sR24w_mib8OoqFPlegkG7aEqFe1ZEbj95NxmCwqfiTQrTX0v3qJqioJSln7cf-12m4Wvz3x0DcIGiXVXG_1E-7H9L-VkJG4nM8A8HX21erD8mORJlSWX4CGRdhDx8Fgd8JdO4lfO9QEMI6utqI52YQisLOWqMX3-dYcU2Xs65yWnDmHyhJgRaW1FXWqUtV_cGABb7RVnIX59xbncdCbNHsdYvKGtZNGXtxbMu1jzThBjBi9Sb0iznaCMrSkf9nv4LP4rk_pSjbsRXGupXkuO8qLHGK2juBuvAM49VhbimFszXbVi-A-5IMKLeF7fTqIgvOFUnhTniwARFMmp1O0783lrXK7bWWy7vuKHWDsMzZdj8xI8csm4YBNMMzPsh7JpmpK85lsEhSVQlAe-iopVzZuNswUDSMGQ517zEWuP5iNlDBQ,Shalom Waxler,
7735,Avenue P Appetizers & Bagels,Avenue P Appetizers & Bagels,ok,https://res.cloudinary.com/dn7vbd6nn/image/upload/v1783420827/restaurants/google/restaurant_7735_google_800.jpg,restaurants/google/restaurant_7735_google_800,800,600,225846,jpg,2087,places/ChIJr6rrQ-9EwokRoiXl_xImxNI/photos/AaVGc3mrpgWhQ-1e0pU7ZErxLkTUla0Mny9RRAjSX7vpXcN36oUVfc1zA-UPQNyN0wTtGhte5HtYCm4-jrwINKdKEjdJhgnqz-vh7QTFXICBBJCWuNmDA0DrZR02MneOF4FEqsG8KnX3lFIODLkmjAvXdydSwjzBiZyMxnkd4Xl79_vFXfZYja0sOJDiuijEsj0tWfkZkGOiaWaT6BjD632WFGRzwI3IhBRst9sj1_0dJhQK09Nt78q5q1AvqTjIhkDRWKYqKw6jUED2CBZbDSiYn2fwNvMl4M8m9QdVhausPOza_6jSTGe1XFcuOQLM4OFJCxUqyJfmfBZFjGHBGbQF_d0LupZE75S9QSjX9uDsJJ1B0myW7iPC50rmbedwmWzZAOZ0Yq6i8YRRYK_pe6lfYTML42CGjBEYs2svyuGIaro6RPp7,Hal Doueck,
7736,Avraham Bakery,Avraham Bakery,ok,https://res.cloudinary.com/dn7vbd6nn/image/upload/v1783420829/restaurants/google/restaurant_7736_google_800.jpg,restaurants/google/restaurant_7736_google_800,800,600,131504,jpg,1768,places/ChIJG8vP_JJgwokReg9uq1M0FMQ/photos/AaVGc3nHd4UM7fAE_hUhX3AOZJ7uWcOZDJt3ouRhs7KKnDq1-bvNct7tmtJmcTf8avVIIJftel0EUJpX7eSEEa7bymIquEdM7dZJfiAnlLVN8U6eJeGv-daay1Kfo7vJY4bE01IvBMrw2y94jIrb3tj5MRp-V0-PlUulFWlaMxmS8zRLpCg9MuUjsnZixomg0UP7HpNt5eGxWTB4tUSYETT3Y6wpkaVtVFaSefwjvZW-UL7vhKBfLpVG-pAIGOa6k9jMgfH3NM3KY4O5OrMHDPwK5FMEyOzafON3FQpYmaf8iT9PusRdlbYDs0USllJBBtv42dhQ9mDvXLe-OHXcobRXla6uk5d3zn73XgK_RVv8JnbjQG4OVPBHq15a1YRx_a0njDTPDBOusgi5WCi2129m3aw9oVIQnash0rnVlbHXH7SnPwgvECg6jp6e8tw5EG92,Andrew Kanouse,
7737,B & H Dairy,B&H Dairy,ok,https://res.cloudinary.com/dn7vbd6nn/image/upload/v1783420830/restaurants/google/restaurant_7737_google_800.jpg,restaurants/google/restaurant_7737_google_800,800,600,180646,jpg,1942,places/ChIJdWXGiJxZwokRe_kzF8QTPJY/photos/AaVGc3mLKVet-kL4SqIPnwszxKSY7JD2KXoseV3TWlDC3JSV-qRvysZr3kbqCtNY9p9e40lDVmrLHWP6dAPZTktzYbCw5RQfZ-nRiHDcrb2X-vJaCOPMnev-HM1Rn8hsy_Tihzoux2On9G3y07rEQtKitvkUSJ6rfUKWI8rCAsQogfIntRuWDVH_Ih9e5QbGi4qHP4NzcXTbZhfxHi2n_8auQkMrdl2bhBaDhyKa3txKhbhx2FVYIEOfXRZaIOv_Z2Ke55AYZjueKvCvdIG88EZvze05-Gs2ldEilfWa0EWC7RkURmGnYB_KHOlbCN-rF0n8FnAV4mFhSMLK_8Hz-H0CFfhuddlYXVjDdk5wjD0lZpPxbZLrbYRk6_iTXCNdsodIoJxrBibDXefCCP48QaU3gEjFnW_gcJfinN-5xwbcHaY,Ruwan J.,
7738,Bagel Boss Murray Hill,Bagel Boss,ok,https://res.cloudinary.com/dn7vbd6nn/image/upload/v1783420832/restaurants/google/restaurant_7738_google_800.jpg,restaurants/google/restaurant_7738_google_800,800,450,103519,jpg,1890,places/ChIJjw7HgwZZwokRtcytJB2DpiE/photos/AaVGc3nTEmfTjw6SSAf3pp4TP_pvNGtHKBArc6KX0SN-s0VUetfVMp9jzs_i2LJfwxMbKg_xSpPCj_Ev8f7yrnuycZsxVKIF-9m68XW2NG7GKVCybXJaAxHEiFReQvpw8aCBE09EZOXymBAHWrFjv6dOrHWD6ymLEBr1ln_o4G77va8TuXEEH0psZyNZSGNc14rQj5kU6Y0bk0xOBxX-3jFxYrY-y57BqUjNnScM98yJ2eZVACgCxamw-vLScbCCgUG6U-YzP4X4RfSSQIVsN1X0sXszN6PZNZwMUO3g1_re9z9ROIwCA6ZC8tQStLgvZAWqgRk_v31u_XyIkf2-GWiv3QUNu-myRfW-iIf5pQ_N_Bxny-cT3maVsX_VmWxInFsSnsjxj2ucCVKF51-p5gz1uAz3J8gq89LKU2HfYDVYcOWf3A,Bagel Boss,
7739,Bagels & Co Queens,Bagels & Co.,ok,https://res.cloudinary.com/dn7vbd6nn/image/upload/v1783420834/restaurants/google/restaurant_7739_google_800.jpg,restaurants/google/restaurant_7739_google_800,800,1067,229360,jpg,2044,places/ChIJwSAfTqZhwokRcV1xOHLSo_Q/photos/AaVGc3ktA4til1TrgGyRDOq02oeNaajx2KTTj0b2-45QFEAIIRNCDNpyJSrYzt8fVDHDCwGVsp-2Uh4smm3y1TK9kNQoz9eEUZ0X4KHV0Wj5flaLDnRQlZ_ltD9VhLjcMCPwJusGUiGpqONCSEf_gISPubpSA5FjnHoFgBQLXIFsKF9KuP7bs0Nb2A4KpWHNXsjXDuWd_2SubwdmJCmwyMyOGN2GiGeEvBeuF5c1g-f3ZrimSLQJalPaceuew82c0vZJl2L-LvGS1219lShlN3eYcIOmb7LDllF9FuyCIlyO-VU8m4OYW2pCG4QqdBhH4A1rWbt4z1m166rdqM0d_-yBI0oohPMn9nWDwP0L8QegMMcqr9fCUFWOwK6XMBDy8cSjbO7ZJ46Pj17CgdnWjhTTfwVUNVN5rcGfCtSN9e4CcNg,sandy sleppin,
7740,Bagels & Co. Amsterdam,Bagels & Co,ok,https://res.cloudinary.com/dn7vbd6nn/image/upload/v1783420836/restaurants/google/restaurant_7740_google_800.jpg,restaurants/google/restaurant_7740_google_800,800,600,180310,jpg,1855,places/ChIJoWVpv4hYwokRkfWb72Wa6nQ/photos/AaVGc3mWfKKrU4gSWCpC1VbQeMfCCdlTdB3M-RTGwz7Q4uuwW4O8ryTu8iZi6Jwt0qVKJWVwID4qLSQYQMgHa1ORLZ-94E8X9S8XUmLjrbqaP4bhkB4iRpabeGseVVxOsngVQSQxBy_YdDys4yPlIJgJSPi2LLpaMlTwesvHnDfGrVU8VtNOYmuZh6zVnsQ8pc-wym4RZlwLJy5DbV758H-pe1e7JILO0FpHkUtif7mvn19fQ1cc5vGBTBfX6kmiDXElJjN0AHkZ-2RpE7eGOX_z_WP2I7e6n55_-pT_lOu4UM_m93lwX7M6-4UmKmWFKKC2HymXoCKaampufE3r5jg0kxXlImVnUEXCO4Uo8smoIR31ePZiUyEe_2o6cKSkCKSAG9rQQ24sfcTHEU9sxTswWMN7CdY-ls5m5ROc7orOkfRiUawBXExVkJ-v_f0WwNII,Matt B,
7741,Bagels & Co. York Ave,Bagels & Co.,ok,https://res.cloudinary.com/dn7vbd6nn/image/upload/v1783420840/restaurants/google/restaurant_7741_google_800.png,restaurants/google/restaurant_7741_google_800,800,450,634248,png,3312,places/ChIJWVzGIptZwokRiqfqoWYhnGE/photos/AaVGc3mNWjRy-vpHgPFs1hAh-KmoCcCxxW3GyyCosfypRoXyeTadJ9bYFJa2cAUWCQg2IeWxQ1ez9TDdCHlg21dKfa-4t35B6ulSlMB5v26svGThRXoFC44-fPLFGdyAPficokhM9aZgqC9PazTnz-bUKcu2MpyaV0yyMr2k5d1WQiv9mlEBGAvzwexdDEwGHVcfRA-vlPcNLArmN6l5n5kHvG-fG6ZUs920mBeC8trWJs_yEj8gx2ichDWSHXcgzLOnf35u_cY3GZfxqR1E4vUs5VXnEwgOfjkBBiV5BdzgfbkMXix2bcmwzj6pHscZxr6lxX0ARJ4UWUXbSpQEnbPcoZHRlFJQE4Z9HU7VBtRgRbL2EMKcgcEjTfQUm-DzSQ9Ky32hN2dgdpWw103hDwyT4H-CHga7bfiYNjSzU0LwObX9v5Rn,Bagels and Co,
7742,Bagels N More,Bagels N’ More,ok,https://res.cloudinary.com/dn7vbd6nn/image/upload/v1783420842/restaurants/google/restaurant_7742_google_800.jpg,restaurants/google/restaurant_7742_google_800,800,600,203331,jpg,2506,places/ChIJcTN9LCtFwokR0hxZ4bVXwDM/photos/AaVGc3mthH6IR5QziCBaxsal_oBdh4k-RMCUhEH_hQbPOi7nrinjKYstxg6ynw9XX2uraLVIFLG4aL7I8o46GTFTKzrD1EqEntSttfb5TJ-9JERsUUzKpmPspSNRnes5fmY72jle2igFbBOMEPGQiSwHunKwxCyAsmi54jwZIrmr9TiSBY_0mNUX6i_LP4SLdGFMdECS1TkUKv7MjW8D1LuvZa8m0imr_Nn9oANJ8eVeZnNS0F91dtvIfTKUREt3gcUsPbUB7kXMBLZiUd6N2nPitc0AmjV9fjR333nq_b5NvNv4f57yZg8pImTlpiL19caonOhU3y1YL3tLdTQIn4lhaZJ8W6L1IgeVDfG_t3j-07Tn7lCJGVbOyFss2SP0kL-UD-WLNFT8mPD4PPa8Mw6Vwzd9GITYapsnKxSnbGUIfunW8Zj02TlrIfY6p6mCvQ,Steven Nechamkin,
7743,Bakar Steakhouse,Yakar Kosher Steakhouse,ok,https://res.cloudinary.com/dn7vbd6nn/image/upload/v1783420848/restaurants/google/restaurant_7743_google_800.png,restaurants/google/restaurant_7743_google_800,800,1433,1524860,png,6243,places/ChIJ-f5DPmlFwokRVNJkiXyeJkg/photos/AaVGc3k_l2TiHe3X8MQ3fxLwhMt_TimyzxCMpxQ26lyg8C0cFn3vx9BQyUuTgN7gc9mfj8w3Vf74pUXjV4DnWjiR7ifD8qcKuhD_E3vyeFTB2e6XCd74cdw_o2V_3N58vMiWCnQ9cqqxiYg1_65X95tzDfR4LT9FxjRegKQH174icizwMzG_eSOFPj2xoGcIqjKzHdq6gRHzPR9jQg77hc4QXdvAGO30WwTA33CBh06uY-ylGUgndcQNld1mveLcK5sLdFdx1_VeKdLo0oOlc81-IopLidoh97eU81DAVQBiWIYxP-5zceBOI1i7Zx62oOYSY1X0YX5hyp9huo4j-kjTRSJFbAE0ZDw36enZGfsU1a9uho2_sYUA5kLjtgdLQeL5Q4Z3fT5z9he1qkbEg8mKGr01CJDb9p8JYcxs1MK6RcrN1uL6TIK2FcIafObNfA,Yakar Kosher Steakhouse,
7745,Bass & Bourbon,Bass & Bourbon,ok,https://res.cloudinary.com/dn7vbd6nn/image/upload/v1783420851/restaurants/google/restaurant_7745_google_800.jpg,restaurants/google/restaurant_7745_google_800,800,600,185198,jpg,2250,places/ChIJS9fr3mlbwokReHxIaQ-zF0w/photos/AaVGc3l1FesLZt6Yj5Ox3KIQQfEjHAEL5ezSI5VHfeghmPIwSfwYk8OgN9xcFNSqo-_Yw8AyFAPvFez2VykgAdjLxGne9kGHe2MG2kBtxoy4nwQlDo9Tcz-7VxuDc9bRm2jXBHiKrjk_2v8OJoGcJ9lvWby0jn9_MiGqPwweXoUbIVy1bI-DTuLRAcFhlA9CD6Krrb8B2gwckA8ahUeFl7qwOFVjy5je86wods78HpgcoJcVGbQKCvbnMbwsaJcN0zLeIvCKmyMi8ru8Nm9BLr8-PKmCD5UXy_9PnbbXE9p76Wy8YH5MB9i8w1nXYxgTpGOXU1Lz5TuTlWcXsUdlPNAKizEbJ7NR2SHtna0iPCx9rD_9k3TTvcXzKyk-tfPXZyzz1s2cUZFlSV1KHFE675JjnsNXmYwVr7ml4grmb-lhTXrKFBo,Jeff Minsky,
7746,Benjy's Kosher Pizza and Dairy Restaurant,Benjy's Kosher Pizza Dairy Restaurant & Sushi Bar,ok,https://res.cloudinary.com/dn7vbd6nn/image/upload/v1783420852/restaurants/google/restaurant_7746_google_800.jpg,restaurants/google/restaurant_7746_google_800,800,374,81214,jpg,1486,places/ChIJPd38-4xgwokRoLeMtiWt88M/photos/AaVGc3kNJN5rvA30K5avoRCtzFVZRQ43irj1G6FFz9OQchdIiLGYSh75sgIOFmnveRkIQst-WufMmvumnMp0ji4iZFvYGccd3QvG3rX22QnOUrn5hNkygnUefomSMrl5vKxRf3u_oEn-2Qr2a0VLsW2SI6qUYDGNYZES2BFX_iFwRN0C2Dd2HgBofCwlQhwiaDSFCwiZ2QAA2ZvbePXgykzhDJxQ-8zQRjiZUE5FT-p3TAcFEinZ_4JNmqzWUQE5K5ysqJEuL79Euf49jJwsGziNoNp8ksFv1_pEa3z77g5xEijgbivvZGg2ou-xLbs3CGwbxhDsKjoZ0G9CQxEcLhkfhX2BJu0xWt3V4kcPWacri8zM8AkguvtUfnYCZ2-aLbakxvqpMz9aoXLTaW1IiVhq7npMyERFcDPAP4rdydfiOuMG2w,Jonathan B. Shapiro,
7747,Benny's Famous Pizza,Benny's Famous Pizza,ok,https://res.cloudinary.com/dn7vbd6nn/image/upload/v1783420854/restaurants/google/restaurant_7747_google_800.jpg,restaurants/google/restaurant_7747_google_800,800,1067,190650,jpg,2380,places/ChIJv_TSW9RawokR1tRrEEjtpcM/photos/AaVGc3kb8I9fXuGkfXIrK6SS7vaXv-sAd_Ol-kAE5WtWq0j1m7gFwMFM4ChACyaJd1KGbs7hXYKnGPBH-W4hyzBQjtc0_MlkY5jbSK3En8lZf0rEWbi5GdaHu7fggBaapkBAy_024PtlgomdHyZEudhg6dWvMzy3ro7Th8Gh7BE4emNcsfQ0b_sXF7MGKfmVZ4ZDI3m9cllA43IUNlnuHi8xK-WqKJyfm_D2IM3Px7arbrRm9QZzQl5BWAYtxJz790olMgT7vdK43tcKvW0e7x0DYP6_LZ0gCpvBmi5nDc8EYL3GueQWzuy_LDNLKYZal9UkXlUVt_NxrW-jMqnk0kXFxOoVumiAkylXlguOOTTazDu6pLOMbunhvYo2YRVr1_io_jkHQB3YcCjzB2AWGrT9ksIJh0HVqCLMPN-WqjmpopezVuIlD1h_EtDnFUhOgQeu,Little Moe,
7748,Benny’s Brick Oven Pizza - Avenue M,Benny's Brick Oven Pizza,ok,https://res.cloudinary.com/dn7vbd6nn/image/upload/v1783420856/restaurants/google/restaurant_7748_google_800.jpg,restaurants/google/restaurant_7748_google_800,800,600,148425,jpg,1779,places/ChIJt2Ck1rhEwokRdGJETQCwi6c/photos/AaVGc3mw5C6VnDS7J4CROdw4dv13oyW-N1MouG48H4HKJfilsMoV1PDP9wrduOsAqxZndG_fkfGHun5hneLalzaVliWy4dTRlte6EClBHh6zk_QG_PLBLybS9APtZQocKlnQ_CiEYu4sJ2eZzC1V5oFM0hixI21xoMxxI1_mJ1BJpG8zsB3UDffTTaXnCy8X2LzaOXAC7WPIv10ktLckVfwstNyq2wbCpVx5Z8g2w97RmXnwVP5SjLwa3sF46SppoOkKf6oZTNPc1ugClcx0VmS6IKnw7TcW4o-BVOgoBYhoAqPjCfcEszPCUXmB7nN-Yh4VDHfG7fcmo5fRjg2GeSC47WCX9JUfXgT6iC51MgGELmePWjwSKq7D_Qp0qRT1C3C4nR7E3V90nB1WWjnpETk4WsXBbtGa_tSL-DlwNor23Rv5-f4t,Benny's Brick Oven Pizza,
7749,Benny’s Kosher Pizza,Benny's Brick Oven Kosher Pizza,ok,https://res.cloudinary.com/dn7vbd6nn/image/upload/v1783420858/restaurants/google/restaurant_7749_google_800.jpg,restaurants/google/restaurant_7749_google_800,800,904,220467,jpg,2026,places/ChIJFftJdNxhwokRZ93bxT-PmUM/photos/AaVGc3mvJseAdLnGHSWaZwFb1YZRZnzm4MFnihZlDmQs_8VS4MWwzrpYaU6raYWP4euGbscQ0PI-hxnunYnpNDf4RlJRSSJ-f-ynJpRdwDHJc4K3S8b8jsbgtSYTkAnqwZ9EYwkSR_FiAYnyFC0GRo-N_5QYIniov20RCxiz9eTV2j3dvu6pUFWgjG4_y9BGRTiwVfxIZFq2YMTjYkkZw_YBz3bvdyfPyByE0P-bHf0HpPRMYQ255pUh8uPtatFrpjpJjEVj_7LN-BurA93CkMtmE2vdMtIXrAMn-eICE3qbqQDd7U6r7eT_pvO-F8uO2sMIOo2BZMw6TuTA7ZlZq4NGcGZzZzOto39pDio-6MpBjO6nZCi6TK_--sZ3C3f0EHKUTgKP3_SF4UlTGQKg4X2ed0rFvEdjdDpT7oX2bx0uXkQ,Gad Bar cochva,
7750,Beyond Sushi 56th Street,Beyond Sushi,ok,https://res.cloudinary.com/dn7vbd6nn/image/upload/v1783420860/restaurants/google/restaurant_7750_google_800.jpg,restaurants/google/restaurant_7750_google_800,800,533,141942,jpg,2377,places/ChIJFy8n9PlYwokRVeEJbuCg2UE/photos/AaVGc3nHDwsCE-p_NnjFuThxAQzdHLCieGYuq6hJaWw7kAJl6HKOKnCso3x97UCkAUF6L9Br3GFKCcSHbj2cEsaIQvM1jHc2AYxMMf7MF1hz5OiIvKfDVodB81874ygfQD0od7HP7ZO0SlHBaiIe8565kLYt-3IJGPqteSR5tSyfT_6nq7zlC-zz69jo-CAwpbmEI_KTTkeRXST-0Gz9fDE8PUlZ-QJH_dOlAcpPk8WIeofQhnYvXfLouC0LfloeBGCio62jiwqreFYzo85IxQk2kktKa-VGZEFmCpOcl9pNG_BAVA-0PhQKzvFO801rBTyej8UzG_jFn3kJOQz1YgvwI1UlzLvdrP02pxKafzC09J6jx5NpVX9TU52h92eZdxbORvtqZChnuIHqoakXmONENpUYQpUi-FTMyHYIFgn69d0,Beyond Sushi,
7751,Beyond Sushi Herald Square,Beyond Sushi Vegan Restaurant,ok,https://res.cloudinary.com/dn7vbd6nn/image/upload/v1783420862/restaurants/google/restaurant_7751_google_800.jpg,restaurants/google/restaurant_7751_google_800,800,533,147612,jpg,1462,places/ChIJPy94jKtZwokRRODqoL09Acw/photos/AaVGc3mo1josoPgvt9laj5xpOd7pTZ7GRAXG36cLt-5yrtqSFBffk3fxMOlbELT62fd_Y_NvO4HEgVgt2pK8ffXW6JTM7Rhlj_kyR98M5Z6RSmZPB6enLfLg2l0fHrquVLaud0ic32BomrVmaUnIVotf4eBq52Sdn-DezAyZ4rw9g2jrPpmx8BQ9_awbNN_D2BmKtuvGmMzbpRhddR7r84imOKz0jmLNLL4E-NS_OTEon8wHmcSZsnFTVKRgx_8m-o9A5_CixgyzIktyhM1DC2GVsL9Opdq515Vl2F_X9NnR6vim9cQ5AJ7U9xZ-piuxDO_OhzN_Wlu1cIPg-1eQGDePcBB12wHorakKX_qiE1Q0BHw-exIFjoyoT07lkktAqkuwzjcTazSG6BYXJIh7rn_K8LGLG1fpq19TOa1t9rtPo_k,Beyond Sushi Vegan Restaurant,
7752,BHI Thursdays,BHI Thursdays,ok,https://res.cloudinary.com/dn7vbd6nn/image/upload/v1783420864/restaurants/google/restaurant_7752_google_800.jpg,restaurants/google/restaurant_7752_google_800,680,1024,50274,jpg,1431,places/ChIJxQsc0e1EwokRdVVvGbLRcDk/photos/AaVGc3mN2YYQIhBVb2CSHuhojbdN0282cceI2Ju2mwr9PvlWiVgb-RahoYp_RZAiSMLpJDTrBR8bqTVenYfB_6G57n7zmb3BNMCjaB49sbnNXk7ylOJn-_arF4-VEYhn9ufFmm34NItiQx60L2NZIwSmp4-deD0vTDUs7MTPmbK8ovps0yhdOCwcrKcXLnH72KaO8_DsfA7JDmqo_a3uTWGO3B3K9U0XcPtwJ1huyCxPCmUgMewlrK8dC-qyNVfxHdf5c5v5F4AU3UrQ0eVEqzI07PjmtKotTYDjx8woWfM96jZrKaNaoE9Uyw71-PNxuYCXkYau21Ibis32mW_q5tEZ_zBYMH3L1QjNUcuhWfB8IQkC-gQuXIsVRhUltOZ2sAWmczaE_8-6j0vC_kvjYP9e1SNcKQiUnTgcGWoigOeCL9TY1YQmqj_rALuELFSJy4nT,BHI Thursdays,
7753,Biarritz Kosher Pizza and Wine Bar,Biarritz Kosher Pizza and Wine Bar,ok,https://res.cloudinary.com/dn7vbd6nn/image/upload/v1783420867/restaurants/google/restaurant_7753_google_800.png,restaurants/google/restaurant_7753_google_800,546,694,676729,png,3685,places/ChIJd2qfyC1bwokRQ-VeCd7d2gg/photos/AaVGc3nPt-6Jxgh6GtX--jYi6Qi7LfJeJz6c56ZxUv2HgF0pSuyIewDipsmbCv6_lPaqoW1c9ql9ocgAxlPUS__TnQ1bWAkQlixCcAqDXFWmLjx1YJAmokAGtcDdl-Fva_OzhBpzrQDGRjaIatIvNMZ7UAq85nRStl8BUFTW0dKF01BxudV8SCk8SMZXW3OSx_yD56Wo6fX3vs3HpPYaVUke6vTzNFv2D5TkMN8Vm8Dg3LXkfhWz3MtWBBDTxHiuKeKc78wB_sjWAEK6dxXQLkcma2S5K4AJ_dpq9IIkin0Vy1fwEWUIUR_QxYEQ4wUDHja5TNQ_3YlmrjHwV1si8WkwsqQDifP_NpLG_IpYsAsu53NSNeyy4Y07HyiKdbllvH_juJeoh32ynhuUYOH29cMIrdouuE3pTjHzintS4g6JQPfOFg,Biarritz Kosher Pizza and Wine Bar,
7754,Bison and Bourbon,Bison & Bourbon,ok,https://res.cloudinary.com/dn7vbd6nn/image/upload/v1783420869/restaurants/google/restaurant_7754_google_800.jpg,restaurants/google/restaurant_7754_google_800,800,534,156343,jpg,1488,places/ChIJx1Xga_lawokRogME8H1LMcc/photos/AaVGc3m7GE8YAlwl4itUtRwXdr7D-T4tPlbpqczx_Pef0WM8o4O_fzQEdk9wx47WbsYgeBjnseilgzyGP3Cf-5JS565X3Scs8hITmWis8iU398bKGeukD7CXq3ry0cUIfh9areovvKUyNYCLwQsHLnQROTBTkhb0KJu3VouLz-Hz-GV3kUBzZ9_A3fbVn0hqX4PM1ETtzkoAGut-MJx5glJVsv8rIqOPqsAkLH3NzPW5UVWtXqY2A4ns8EIvim2U53ODd9Egb2pwCuPvNadOlzjrC4bf6OKxrAl7xMucWSvt-xKPCrLYCrwIPUtnNW9yEmWSnlQpcY7F8lZ775N4iOo8x1DNxwfij-In5LPD6U8H9_azpT_f0RLTVt21R4qqTPqGac9iRCNSZ6m6ZpyfiOZjTeyb-WwL0gc7UKF4z9OZdzI,Bison & Bourbon,
7755,Blue Grill - Catering Only,Blue,ok,https://res.cloudinary.com/dn7vbd6nn/image/upload/v1783420870/restaurants/google/restaurant_7755_google_800.jpg,restaurants/google/restaurant_7755_google_800,800,602,155757,jpg,1526,places/ChIJgwLDPxpOwokRRJ7oeGrxxuE/photos/AaVGc3mrU9WprpMFGGQy0POCeD_zc-PrctYBnmwyaQ5oJ3zvMiG0d4pU8CIIyD86pmSSqCDB3UN8rOi5Gj9Rz9DmLpoEHEvDb_mfA_MQxORriNV1mEGtpXUG6DzLkjANIfdd1veMp7z0sCrQs2HJ-s7kic6v-pZAAxVIRKpZw8AUv9gQxIESWIoKT17uzHs77JG2w2Zfez1k4WntQByvAIVbq8aLNTvgLGuiTIoMcbhstOrM4Z-RU2in-ehM9xcFPHPIcmrEpo5CN1FldbCGJGvPwrXMlLHqXtXPwS5YwTS6Pxs4nj2VOb_0mHFK4-N66n8YEW5Mc2iVzBiIOrEkGB9iLbCBUHbyrJ00upgg8M4ohqRuU9s8KSMDiID_FLQmuhssNrNM2DpxDK92d3ycVeWKMmvSZRjp-SYO8s1DJjNHYRaRGqty,Yelena S,
7756,Boeuf & Bun,Boeuf & Bun,ok,https://res.cloudinary.com/dn7vbd6nn/image/upload/v1783420872/restaurants/google/restaurant_7756_google_800.jpg,restaurants/google/restaurant_7756_google_800,800,600,152309,jpg,1536,places/ChIJsduzTQVbwokR1hwkQgTyJQU/photos/AaVGc3m1upPv4pyEj92V4m6empyHMeX0G-lm2BGviYklQVrCTckOuva7RkJeERrdIiBDFl7Wz3LpakdWXaI0BXlFeEQxH24qTQEZWVWH-mz-vAC30TugcY_uL4M3zvY9oyccRS97CAhkFrktRW_dxUuzcjj_IOw4PyeOkcghM5rWm7PRwdoBt0yAZRW_7dKJLxeMlvMtt15sDZkNFpuiZy0sSo3N9WSBBtbR34WMYoEA1DpyNVIy16T635pa5RJlc0Qz9qxGPgj8vYHc63Vy2tZd9sndRcFbpNjbhWp-g4clW1R0U-fQd8dlnfemlx3emWM5uixhBrKdd3g7Qm769jmFLYAjFnZBWESOOV2ifohYvoShQUTHEYg0GO0w2AzIOUsw0ZUfs7jO4nx11fiDxjG3WsNPefkgN-GmmMVFFuwTESmcIw,Chef Menajem Peretz,
7757,Bordeaux Steakhouse,Bordeaux Steakhouse,ok,https://res.cloudinary.com/dn7vbd6nn/image/upload/v1783420874/restaurants/google/restaurant_7757_google_800.jpg,restaurants/google/restaurant_7757_google_800,800,800,169962,jpg,2096,places/ChIJq3ogpOtEwokRKoIeubTWEoc/photos/AaVGc3lBTl8llas0mOr90rGMDYaOSFBGC05XDmmZFLG1YkjoFdtAkGXYtyZdz0YvkU36fkH-GmSQulHUgx_ZkpcIeRKzbUcRCJpS02-Hctma1BYKnNikX8DdMADliPlDMdaGmmBj1nFujoOscquf8o_pe20nxrwxQYDzJ4xRGNGQrLquCOnAvgxbm5kdQA-EtsIlor9q3KUrirdGs9rzsTKj7JFgsjSuL-S_moR2N2_e0SjlYp95viCP39KL3rERMqJkx7pLHNv3IDKkwNn9G4Vc3CXzmSJWsT_3G-vQfACfXB9JhvjU3XIjTd29FBOmObFEBzs5-mnp2d9Hd0JEUgl0oz5W05q8aSS-Ul2MwUHAVmyFrxMjTiE0GSjiGn98yweGsVMVCmfqpsUPWffhYbjwT2blMkdp-vsMY2ZNJLTIUiOUig,Bordeaux Steakhouse,
7758,Bou-ote,Bou'ote,ok,https://res.cloudinary.com/dn7vbd6nn/image/upload/v1783420876/restaurants/google/restaurant_7758_google_800.jpg,restaurants/google/restaurant_7758_google_800,800,600,195575,jpg,1824,places/ChIJRw5kdnpbwokRvQdxQHCT_Po/photos/AaVGc3k3lgBwnhoJtrcSHS6_waeJ14_Dtd526eWP1vAo8hovU6qUjTivraWJ0tZGURnmA3KJf3K5XvKVisXyS0uXJPb_Ibl_rLFAVabG610SbbJSOZbyEVnz27A9KRqOBX4BA6X1dBG7gp4_rSym3ZKLTKOZ1iWKkhGHYQVYrLtC9Mjkmui4QHsI99Z7cJEoNC7bMmTaqbGhcJCaMT_fRe8uk6H_U9VcJJB7my9FBkkP12biMcTVoHyM2ywn2wQpfFFXo4iYX2w0Lb6JOqfFpZi4bhReSDc2DVrGj1XGolaCZ3FCcs_INkRcjrb5RrJwE_C5mtLKOy0n89OPr5cevpn6hmdgG9jtckp3UHvTOLgARY-tSob6O95Z7kagv8jdjlxmWEGlv4Kac-XGnhT0fNi-mxde8V-HyjtieWMvdBIVzZ6A6Q,Shlomo Levi,
7759,Bravo Kosher Pizza Downtown,Bravo Kosher Downtown,ok,https://res.cloudinary.com/dn7vbd6nn/image/upload/v1783420878/restaurants/google/restaurant_7759_google_800.jpg,restaurants/google/restaurant_7759_google_800,800,1067,187098,jpg,1860,places/ChIJl76CPhFawokRq_2mhqZAcOQ/photos/AaVGc3mryvPnOATjFCicNTyzHkpIm-SvkisX6CrCE0l0LdAJw_t5rY1uEMwLLyV4GcVTXkt2jxZWCpAmma1Y5iUDM9HkYTW6Rf1ww7Q3uMOGXEPwB1fn2sf-MNt5Ttrm7jWN0saLXMzXSz5qufIx4_SGX9_sqBEdWxDCPznxTDF2WC_QGodOJoo0SxOasUM1K6XY56uYwv4FrYAE4MxYmxVhzkYZ0syIFwL0gLh7NgQ8ltDNDdIzUVfO2z2cRQtwxX8Y2bR2ADUK6_UIlEeRmPZ7S-4g7rnODBVMgz3120tbG1O7IQyEjux-RIqDge0qOY_a9XCkVvpV4wdl9pzDgbtC4xzTv3QD9kxbd757pGsabCi3IJFctw0IySaJ5LGqn4-SsPm4O2DhcniFZVj8C7DKLAw87WAaj-xtF3wRIC_ch6-35J9w,Simon Bromberg,
7761,Bravo Pizza Queens,Bravo Pizza Queens,ok,https://res.cloudinary.com/dn7vbd6nn/image/upload/v1783420880/restaurants/google/restaurant_7761_google_800.jpg,restaurants/google/restaurant_7761_google_800,800,1067,301364,jpg,2228,places/ChIJC57_KIpgwokR-FZp7TLDgsw/photos/AaVGc3mlrjeoHg2ODZxz5zxjz41dLPIkKgGOtqr0Gq7ntDfQyD7TsGAtofiIyf0YFBX9goFTJTm-6y7vztUortT54a3mCZR8v3-GV3LAQiDpXWM7_XV2bXMyqptaqHQbiNmjF6Pd2sj89YUb071vb3sPf53gASGthbA2N3fmdCj-WfGFqI2vNrCirZx1KrN1g1rnyHZ9fXmaz31dVVCZm6Osys3SsJgzlYrMwpd--t4TVatsPsghDql-eGA3XIFSu3yA5gE8M0S9NG3XjGKf8xzF_BoZAKF3FUvUs3LzC1azId5w2HvzIJhF9jBpm2f0vHTOOneUKFqjiXJTj8P-hB8O8ibBT3_K4u8l3cAziw_wxiNychy2NofUdmhJzlTCKCna78oqcNMcjdTmFYUVN8pHEJF5Q5-A8kJ_h_4yEAdmkLk,Lawrence Weinzimer,
7763,Bread & Dairy Cafe,Bread & Dairy,ok,https://res.cloudinary.com/dn7vbd6nn/image/upload/v1783420882/restaurants/google/restaurant_7763_google_800.jpg,restaurants/google/restaurant_7763_google_800,800,600,127053,jpg,2064,places/ChIJt3d-8HZbwokRjbugHrAohV8/photos/AaVGc3myXNPGUgDN0_A4TNJP4-cqXJBnwgYxMLCxNqtFhZc1M-WPzHMgDjb2vSr-TtP0WEjr8MH-JoSCVafNm06HwB8MHTx5QLAmacEvSV_xP-ccTV88_uJ8gniphRfs6mzpI6kRv1dF8TcHK1L4S12q4IfRvJ4jnwd_rJ-SvDTDnr9PS_sxgJFCwkiOWV-ywq9NMbl4q0UeZXJEj27aPKDtOYqiKdA91saSJcIp55xv4AbTvGHWEnn_6AErH6v0hfuPj39RCGqiKR1ONLW13w2GFk_rksqtYEjY9A0Lrecz53Kl0speDFyeB3ERuug-0XuLa6gSG071JpJxAUpAWNT3P7nyOC3x2WRR4zN8Y2c2zEOmdq_9d8g9gffaoeY9DyAyuzA9KSYPZsZgqOYcRm-bAWxHJaTSpcnmF0qDJxhnVqBG0u4M,maciek macak,
7764,Brooklyn Artisan Bakehouse,Brooklyn Artisan Bakehouse,ok,https://res.cloudinary.com/dn7vbd6nn/image/upload/v1783420884/restaurants/google/restaurant_7764_google_800.jpg,restaurants/google/restaurant_7764_google_800,800,600,184918,jpg,1645,places/ChIJjeEa4XpbwokRta6DAbBl9iM/photos/AaVGc3nbj9g6T7V95WqV8ZShskPtM2jHlj_lYbyRPHs6EQDjKGhxBGFBT8IYr4K7WxcJADAxMhcTE-QdE0M-4TtSLbjpwAhc3-76hZdTdf4KA2BQpNlI9XkRjOnfV4_OHOGa2y3xgycMRvwJIqmoSApZis95aq9J_N_AU-4qdqmzdbcpjOj5CiavMrKHltwLgGIyzyllJ7_WAg2LAQbzPbvCoPo_a3jI7dBPCsOjVUhzDZuwAl2txcU0BWzxyCsH0NZZVDgsey_XJbXRV4QK97ZxFsJQacTYvrObMmwt6mCo2kUWl8TppkKAvcTtGMLgspgHfzUmV7me_T-Y0O3_KdTJE3aMr_cZ-STfsboAOBamepCzhcT3uqdY4YJ-qKbt_SeSjKdPcxtyDwQEi_EDFVNjrei0KUa_4vzQZnj_z23-TllbXA,Brooklyn Artisan Bakehouse,
7765,BUBA Bureka,BUBA Bureka,ok,https://res.cloudinary.com/dn7vbd6nn/image/upload/v1783420886/restaurants/google/restaurant_7765_google_800.jpg,restaurants/google/restaurant_7765_google_800,800,1067,295958,jpg,2033,places/ChIJE0JwKF1ZwokRfnnx_kFw050/photos/AaVGc3lOr7s9sijcSjsfnE3QYPV69vtqfzE0pDWqP-EQN9-C7KAsmY8eqY_05S4nPLpVJX4seuzjpOB7u3mzz_xV1VGA8y7vlDOemvr2dD_bV2Zmaox-wj2VA5CeXEW8LNIKRbqvi2WYys-jxZKvvQ1n0NoRh5F9RRdhvk76Jk85yUBgwqGD13pakdAQESI9NZafnyNLgnoh1w-o4xALn1rHyrSEwZLe8djVwWyC2HKIJApSdnok-PIfqFTpgJ1-fmceSSvMEcL8hYM9QsVYixNHoBOhZRrViiJDWerXuyvC8Am_-HCN1SYR98yfi-QWX2TyvMgRB2nlX5OZRIU9yHcOz36XmH7yF1RCfNBbDEaqs2NISAMrxU2BIyyOpGpiYqWQBlhlNOO160RNmVNGpyfBwizXg20zHfzsck-oUoKMGqkBrw,Kiariladyboss,
7766,Buddha Bodai,The Original Buddha Bodai Kosher Vegetarian Restaurant 佛菩提,ok,https://res.cloudinary.com/dn7vbd6nn/image/upload/v1783420887/restaurants/google/restaurant_7766_google_800.jpg,restaurants/google/restaurant_7766_google_800,800,1062,212429,jpg,1941,places/ChIJw3YulCZawokRGh4ZyOycnic/photos/AaVGc3k4bsg99_Ya4HiNpTNuXnCy8re1UKosV8J2BiL_oa_zpidmRE2arbF-HhAOB6oPsU1cFv6Oy1RtV4wCcHbUt8IstP8vbtAvSvK_3zicOaxpLYBKuh__r6bd3bM8kn7WWiqxyUxNqw1Dds0RTt8bvJWAt54X2DsGepP5qn2fpAer5VcAS7AmpDNgot3mAkwbEOPOQxq7ozwbTXZq7UgcfLsBpE5CWFRPGDjqUpTSvccHOoXWXYbssuMoBDY5C1AzhVjjqKa6xTTRXP68EBUtbpky34upte2gJnXnM_5b_f8BMtPso2ComQpRscH5ayATpbi2y66XIHRuPE3BBhcadxRS1WF5F2nprhsJcm98QKCCEKZY8epQtLvnAKBtPamNNjfvU9GuP8tb0595wru8LGcrMGoEA6UMbfj4qTlavMLluRM,The Original Buddha Bodai Kosher Vegetarian Restaurant 佛菩提,
7767,Buffalo2Go,Buffalo2go,ok,https://res.cloudinary.com/dn7vbd6nn/image/upload/v1783420889/restaurants/google/restaurant_7767_google_800.jpg,restaurants/google/restaurant_7767_google_800,800,534,108062,jpg,1329,places/ChIJ1-JNRnVZwokRS3B9DoVv-lc/photos/AaVGc3mm3odSELhhV5s503Zc5Yjx17sM3CF_tWDtYdaINLUCdajKtsRvRKA79pgI_936ZAE5jARpYR1_YrFchNMDGb7afegEaTI19mpncJw12ip6ctf1s0FTouVhpMtI7MQHR4KnVqgC92HSE2VJLGEVYdDKcEfI3CvtKj8CXt7b371K1tbnqr8ZPND2dd1eDRVN9C0WiQkSSBZd-UMMZFy9QL-Ma-u-755s3I8NmfHjL3nFwHxn-UTZ7TH5Uq7VPvIIAMnQ8zI9lYAZEbcMlLrG8C53Ma5jmlFJWOBuedaP_hNPGmJXkvYuWpSK5STpHVaWXb_Sk7sYMpIvnOfxdPc-S5ETPUCAVG7Sw1UsaBZsj1k_1kLt5r15ba9bX8N_BCvkhGd_fpz5QnibDvhW6FjdY_shmvzEv9Af5gfJ0fpXzQJV--23,Buffalo2go,
7768,Bunch-O-Bagels,Bunch O' Bagels,ok,https://res.cloudinary.com/dn7vbd6nn/image/upload/v1783420890/restaurants/google/restaurant_7768_google_800.jpg,restaurants/google/restaurant_7768_google_800,800,534,152969,jpg,1636,places/ChIJo5NiO35bwokR73lUmJ4Z5TI/photos/AaVGc3mz1_HB5wCHv-u-gZrZlfouCwpq7XFVTfbk6kbrHwXGyQof7146XzrRz-e2bcToEw5IFn8hdmkhoYxV_gWhua74l1fa1_rGIwnT2SQisOaosLK3ZH3bG-MtrGjRazXlgbtnzDw8PRAJhBYItLygfNjSRoONbVpJMN_iKpkn2D9QJL1v8r7ZmB3x8y6K2TR5_YryMM6sUSDE_Z1V4nceyuJrMurEp0ZjrszXRgAlEZ2V6T_JzUezbk3qkfoo_6Qr0A5glVVmSaFUrMR2O9I4L_EbIilC5mOSXIZ-KLk2gtkLT7P-645oVVLzwxpc44Ch3H-WRx0n_Mxcu0rpSuGmyl23CnWu3PtLZ_fQqRBtTYaMeI2LlBq35M4hY7HSIivp0rzt9LOUu41tMKHnRnJFidiZNQ66sKzytMZRP9qKALzI7IpK,Bunch O' Bagels,
7769,Burger Spot,Burger Spot,ok,https://res.cloudinary.com/dn7vbd6nn/image/upload/v1783420892/restaurants/google/restaurant_7769_google_800.jpg,restaurants/google/restaurant_7769_google_800,800,600,164896,jpg,2299,places/ChIJ_1qzkzdfwokR7N_Y1srjjw8/photos/AaVGc3lTHuZKsniC34cAiXo2ubGNtbBmoDhw6GUp363p8Y_EV6pM5FA3ldyZMFHSJ3hmLQ7Ceayf16xU-sdhiyAKyHjQeorQD0ZnEL9CbdsBvQO0t0XRfg_o_hswE4JqLaArN9K8rgyAWnv6sDJMMdJ_CMMSvowXeFtWE45NMbROURHqd1l6wl7PHhRlV0dl8rQQVgxXRS-IySjUKHuOlljgDtd_MBuS_Y8w3LiApHFHObiSH1DUykXHKXvRr1d_u7rJ31UT2Gt5MBHBVR0Bq4RoXnkNihXuYfpwHYqZ7DRidf--j10YJJHE3lqPjoggCKBTGW7oFhq-imDN3tqwpm3Ja7mOoZVGchBx4homM1njvNoC5X-p41yUFwTsqo6B4-tMFEcVIK-ODU-lC04G5pqjswJNXdmgrxl_-ZtP3_jdDkxcbQ,sruli g,
7770,Burgers Bar 972,Burgers Bar 972,ok,https://res.cloudinary.com/dn7vbd6nn/image/upload/v1783420895/restaurants/google/restaurant_7770_google_800.jpg,restaurants/google/restaurant_7770_google_800,800,600,167129,jpg,1787,places/ChIJGzlhcABFwokRbdOrJA0WHoo/photos/AaVGc3lAjLEHKFWMZnhj--Y3lkbg4BLg3oce62FCIXP3Uk-mObnUf27iTOZZtzM7zQjlyZFkvrj9hnwAz5XMHpDNa7IPM2UWSNaK0sZKG4aiN5zvYh4TqLKm3u5Sc6axIN_2BNohLj9SqFqSLpsHeKi9BXdW2oBuRkgsQLGOZWjb3_Jow2H0Zhotpgw1_7_4upzj2aYOLQgDt-nAvKzsNbKec8LjhLFmS-l3LKWT75QCvYrKOUlo53YOwWaAcUIK0KscHLuBNU79IL1BRoplJBfxtO2w2yzjaWCpIULPRrxr0zirO5I3Dpsee625MAKG0m8RUj2BPWW8kUu51kZ6WOkXLbJMgJgw90_31n5-SBfBMjR8w25PJ-zTom7323PFpKudAJ7ZMUGQ8kE7opPwkI7VkMV-t3_focCG1VMvkGMF4fE,Burgers Bar 972,
7771,Burgers N Grill,BURGERS & GRILL,ok,https://res.cloudinary.com/dn7vbd6nn/image/upload/v1783420897/restaurants/google/restaurant_7771_google_800.jpg,restaurants/google/restaurant_7771_google_800,800,1067,343437,jpg,2746,places/ChIJMwMe3Bv0wokRcgTSg4RGOIM/photos/AaVGc3m9Ab9WmwnZw3pdSLAJKI8wIYyib5Gq97DiYexVEry9tbut4qtEZC_EHA4Ws_UypHfvaIjw4qChCyZ3p9uyWeTMWbzMjZhAqqt2t8MvDbdiwS9a37JekyJ-x6O9r9R89VGe-V0HWNP6hAAZXnT3mqkfARbBVmOk4ILEps0WA72fsySK231F9bVqdPvmhfGcfbatchN8QbofFRpveKhXt2QGmYkVXBjxEgPT7wVNlE9AgFs_VgYIcepDqfDzN2mgrU3-sF-aRY9gQyjU7HCWU7tckQUgdCXyCcoz5GZcxLUG5Y2wPv6FQox9Ixc7Uezhrxoy2POeBlppcSwektr7OugliMT56g9agU6yE9csdZObPQfutqcsahEgRh11ciAAWIi_T64MzO2wcSAj0goO-OobqfMNMW0EEL7aR_nCxVgPMWyRkkFDJOEazEw6Qs3y,BURGERS & GRILL,
7772,Bussin' Chicken,Bussin chicken kosher,ok,https://res.cloudinary.com/dn7vbd6nn/image/upload/v1783420899/restaurants/google/restaurant_7772_google_800.jpg,restaurants/google/restaurant_7772_google_800,800,600,170419,jpg,2047,places/ChIJl1JB-NhFwokRRv6p1jYVTYM/photos/AaVGc3kcBjEqB7ncAf3xXagSDdiN3_WJ6fg_52VfQgtBhy1FuWdKTMXrTdTLKZPz6yK1C49I3zRoHGDT7Jsue2v1-TNOOI4rhaIaYkEjGxO7MAhH2nIX-u1v305ON_DTvHMgIqVEiw_rdLrzsSN7LLt6A0MQTO4mhP41sSbw3LxphjiR9ZNpMKHkIzlklSE4LBeeBIeDgZ9qCr-EL8rl8CmxeA2OCPvThWjUi3bY0gdUinyxFmYc5_GVK7vfA7r6JPwF6QrQf7Fw1rUXvsJjSlKrk4sftfXM7bU2W-qGWAvBcElEee7t8I2dZQTtEI5l7qKSbGGutLeJP47ynw10X_cgH1cP_URLL4fdiCW3aDIVmNt2SWj0byLrjUF7N1vBy1jYrzyKuUPcG1azyVGxYoxdNbz7Hd1ch58yiM59PvZ6vl0L_G3nIZwgKk60SLy5rA,Eli Tessler,
7773,Butcher Grill House,Butcher Grill House,ok,https://res.cloudinary.com/dn7vbd6nn/image/upload/v1783420902/restaurants/google/restaurant_7773_google_800.jpg,restaurants/google/restaurant_7773_google_800,800,1067,358700,jpg,2367,places/ChIJM-vkDcxbwokR1wfvHIJ4clk/photos/AaVGc3kgpI_ka95tOV0ZKKoZxD-xQvLzGwY8wL5URJlVBFYb_0C19XChXAu4HZkE4LKQkSi7aEgohM5fgWjKS5yh5RcElJXQip2VMdkaGFP_qKjpw9tOpapUpqqQuHHr8bNEQ7Ed0Jv3HgC9KgO2AQhLU3hVq43r8kss9oXIr38huNgJnJR3AkIQTbn6YjDNbO3_iAp3Pd81Pi3xL64sw2atLHZUrakNEjfoApNKL2pB9QzxXIbwM3144d0pyJe5_uAghHom2_kvs7eWMknL4AxPuHmXROivnFuvSdBapAi8FdM6TR1dppsv7bVJbn3xpt2eqagSfRLMm0j1JwnDdr99oUwZ4SXuALKEAKbmwH_RU4nc2zIGe8cX-OyJiA2FRvKAsKOCWieDUZZZc3999FRy6t9mTilBXvpt_EiytZYIehRt4Q,מנחם כהן,
7774,Cafe Au Lee,Café Au Lee,ok,https://res.cloudinary.com/dn7vbd6nn/image/upload/v1783420904/restaurants/google/restaurant_7774_google_800.jpg,restaurants/google/restaurant_7774_google_800,800,450,102743,jpg,2098,places/ChIJFVypLuZbwokRgBblGogsffk/photos/AaVGc3nUjKfZx05pP9WTLB_sSglULXUWVD9MF72XvM5--qrdd-xRT_GHSPYboa7DFWA2w_2N2EuSa8UhlpissHGDyDFiH78iExqRrxXkNEKAZDAskbDOqZAI5caZMFasPv42y25z9UQWu7e0V5UTXpSwlVDVwnMVAel5GlPdMK0oI3SP1y8v3qTH07OgZOBgD1Cb6kg9HFBi0nuMegInSUNGTUCHbl94T3b3TvJRC2R_TpNBMApvbZGWoC8xBs4e1IrJ06Cj0Z6MUguvg7gD-ZhB2nqxDO5cCpSOdS-oDbCEsJD7kbmHPsh-dvvKejVIb-9qy825__NhLau3d2bsgtsi5T0UYdR7TFyXY2IH-ekXeOHKt5tYDyw_s_zFMZfTss6l0dJFDHFVbM5PoXlcApvxUSs3qLEc99uhNvSRCAlXq5o9xg,H K,
7775,Cafe Chocolat Brooklyn,Cafe Chocolat,ok,https://res.cloudinary.com/dn7vbd6nn/image/upload/v1783420906/restaurants/google/restaurant_7775_google_800.jpg,restaurants/google/restaurant_7775_google_800,800,1067,257293,jpg,2094,places/ChIJqbnO92xFwokRWFnDkKKjPeQ/photos/AaVGc3nkQmSsgaHnZtOjkYf2ZSH430Prw36yNIFAmL1mlxFSWkVFN5oxGiF7GgktCFCxMTItk5t3GpY49sOqYnxM3sTB_EgnjZRA3bVbCFPL41b0JmETIR0XZJGJz8wrDtA3FHpspRSqaPYLTPpugaFwUDkoRFaM4r0jxn5EDFVg_isa2b06mzA4bT2kEf4301kfb7PlhkYF0MrqY4P7lSiucEl1tG7lP2naWhN4g2uHbBZ-X0OrHv2qrRJkDpbqrUzh6ylZGxa6c6-imICuw8IKj_OoSLCRzPnc5-4Gnha-WaxgLvCAadyb_7WWW6w6ANn9qZqQs7EIZPkp5Pm59lTsY2MxCQI0G3ZcmjjTvmcKxU_owFhov5TY_7AWp4z_L0DoG6tyHFAIFrCpRiFYGd9A4xmOQx4uCeV40DrrTPqW9FiatJIn7xnvSCQfHsSdvg,goldie s,
7776,Cafe Muscat,Cafe Muscat,ok,https://res.cloudinary.com/dn7vbd6nn/image/upload/v1783420910/restaurants/google/restaurant_7776_google_800.png,restaurants/google/restaurant_7776_google_800,800,450,658345,png,4300,places/ChIJBev2uQBhwokRGmgmdSKJAF8/photos/AaVGc3lBKmqOAL0iL8c4DUlgIze8liK6eUCXZZ3ZjZ5keoLQJzh2_vB7Lun-60YfZpA2tAzlS0E03TKGVQu3EPUgep_Xck_FZ4Ri6ZMMxfrhXEZtFWQaX6ATSG5Wb9F45swwZNqZTQf1M1F17o141tL60Xn_xSBqxQpSay2yOcdASzhBn6c0mbRpxpHCIayGh1mUzdY4PRiNCfn16r0U8_Qe13nZrF5fBn6A4RW6TE2nqMjA3vDggk8usxv6qOLDa3I0IqVWwqzuFy6zM8NMJHiqDHd4Md8Ny8Jnknl44imEPNkREZ6P6snOPCCjDMWnlSYsDJZEuceVn5I3-0ZEv_CIGUCZH3C2nNfXOxqnPNr4WHXdixJpLCR49m2Of1b6mSVkJS12P0pYaqD8waIg1L_iSg8_HDBGAzOM4ehyocRLyWLSasEl,Cafe Muscat - Fresh Meadows,
7777,Cafe Paris,Cafe Paris,ok,https://res.cloudinary.com/dn7vbd6nn/image/upload/v1783420912/restaurants/google/restaurant_7777_google_800.jpg,restaurants/google/restaurant_7777_google_800,800,1067,241238,jpg,1840,places/ChIJCYcjeCpFwokRAbDOv66Ptj8/photos/AaVGc3nLBE36kaf5xWjlIdExn94l02pE4JXTotkeNOjf3gAH_-3TEbKU0BylVe5RfSsgBvVP-5ObQgdYeSwnO_ZUBUu4HqWFMOCKFy7J4PIUS8z2a8FSi9udazQ9BDiSc9E-SU2aTMhly54O7ROXCIFolUUDrWDEpF5u2ZXHAijXwcWYGCpHccXgPtfbMeC65SOl-xCqbBHvWRcbjmqyDpmFERNzOWyB93K3zj7S7K9Um6g4iNyNGRZnLbcsfWQ_Yy7ox5u8BRV0lqn_TzlIVhjZ1Q7Nmdw4mOoX7n0L2f9AvxhpFg-xHn99udxplBtXrwW_32kZF0bTvdQZvfe638dfURB1TYlNb6QZjtdFZBvV_ug-WCctzazQR3ta03OXfz665zS8ZNYXuUXUlrLw7Z1ompzqTe8TuLyz1hbDg9ZZBLms4dUJRjcumWAVp8AjW2Ud,Cafe Paris,
7778,Cafe Premiata,Cafe Premiata,ok,https://res.cloudinary.com/dn7vbd6nn/image/upload/v1783420914/restaurants/google/restaurant_7778_google_800.jpg,restaurants/google/restaurant_7778_google_800,800,1067,239986,jpg,1919,places/ChIJV2qjIkxhwokRYxghYcCZeNw/photos/AaVGc3kANoQf9cYMuLAPKjoeLncvaECp-IqjRVZfI7SLA-fwbKkg7c3KVrO55dfWH_l-RGARliYfiVy_DClcmIeg0_wJ1B9Wszd5tpu8J2HhTPG6gcrb02qXKWXS5znNRq0UQPPcoxFGLfrR_XTF4vlObhEjOjI7Ncd8F0WVkhhtb34ndQS-0hwlX97CGO4vYtbo5VOJrFGIh4HmY4guyGnlCwdklSDcrJotZPc8Qs6eL64BT7750MnMEoAuvjkVtLgvklTu-S40B8Wk77PPhTdUCMJ0E7B6jsFW5QSykmKHhBXaF6kxbjLSs_clGffqULwHDcXEEwB1VFgCZ44NkeRBvcpIaroOh32EuDrYCemgbC8zFfvFBTAayFQoIZ2SJzSUz-zRsFBh2LRFcAJb69PJNxgIZI4OGnAdMjuP0Y3ZYS-Yl0zM6GXYqxeLrfyrD2n1,Cafe Premiata,
7779,Cafe Renaissance,Cafe Renaissance,ok,https://res.cloudinary.com/dn7vbd6nn/image/upload/v1783420916/restaurants/google/restaurant_7779_google_800.jpg,restaurants/google/restaurant_7779_google_800,790,457,104620,jpg,1552,places/ChIJa131y-1EwokRoqYAP5ddMOM/photos/AaVGc3lz59YUfvdmTdrWP8991jub-aDJfcS3gc6kKgKJ0_3C3NJS34obprNHhkseKHzxooeVXugxWX1_GncRlIC_IOItoNavqKS7RzsUVFyY9Y5F-yt3T1tBOqaOg4E2uEfajQg-16MDPuAt2-pCCsE9vFYbOA8xLD7wWmHi7A2z6PH0kux5Sao2r1gIBpr7OT4lXAD3dlFp4NpXcTay43ac5l65a0vTro7D6-a7i_L7LGDdYu5srbSf2E0JSQs7ryhbrVOu9oc05EBx9yy6Oh21RoP4AJoxtlc1k1wQUeO4AzitcHaznCyfhkCISQAr2yjfz2GJivZaAJub6xmcNwTVJ_Zj_qhznCu0hVg96DMeegVqi5sSsstEaObuEZAVvjX-dXPYvrV-vS4abSJqij0LgBSrUyL0dOB3nfqq8qIyWSd5jco,Cafe Renaissance,
7780,Cafe Rose Brooklyn,Cafe Rose Brooklyn,ok,https://res.cloudinary.com/dn7vbd6nn/image/upload/v1783420917/restaurants/google/restaurant_7780_google_800.jpg,restaurants/google/restaurant_7780_google_800,800,600,87615,jpg,1749,places/ChIJG-SaffREwokRy2Hrpp1q4jA/photos/AaVGc3lZp5_yO9qjj_FAxqm_v_Uf9vOoVXeItqu7VwT52GbaYJ_3LiQb1fFR7pB6dm0mfSy997dGzXnGrY3SQ-6sXF-3UlDNL49J3Mbmec6itWtJrrLBwJ-WAdoEDzj8UB_rN5xIgsj__Lys1RUQpQt466nqx14RNiJganSoZPrlTjc_insebGDjisjMk2gpv4Cc8qXiHl4YlYEBbnyIY2YXM8h8LP1WjrK52qsPhAoKn9Hqm6eD2y_4eAxBveUS9Ni-6gBgQMxdXSAP95nPQTnlTDhS6PmoyUvzSRyNokMJEQVJXIfHeyO8W2Pyd91_QLs28Oc-Ya4W6NmkxcEl0SyzFaEhZSMx40Ws1lJVtOvTnbres5d1ffjURccgAdd6kX5bfItDORDTpcLudNePnMu_RypGRSW4Pjkg7nm2mGLkn7KHh-92,Cafe Rose Brooklyn,
7781,Caffe Aronne (Upper East Side),Caffe Aronne | Mobile espresso bar & coffee catering,ok,https://res.cloudinary.com/dn7vbd6nn/image/upload/v1783420920/restaurants/google/restaurant_7781_google_800.jpg,restaurants/google/restaurant_7781_google_800,800,1067,265657,jpg,2442,places/ChIJF9GeMbVZwokRGgxteyYs3Og/photos/AaVGc3nznj6fOFwCeCiTspqhNvH2KlGsUafC6qFBm1MTLOwJWYbuF7EgM-_FmNHTjUtUx0FbR4cSWOa9vJuipE5jDIZgD_qlrWbq37qCeuK7J2SeEGfbhLveZD_AtPh2RdYKxJqOAHV81Vt-7YF-ZQKk4uDtPOVy6yTGvPKlFhKWGi3-MjqLM5_MYIeSwGMXdHmDbRuMNDNxvWVuY2h-3NQXe10acwsDFaT6F6n8hdJI4jhxNSNa7VacwWF2ENt2jcAxFZeE4l-xN5MUmEwN2dCmpCGcLBrxurjY7qDgjfGsP-H2yFOkvJ0RZUT_5tRdMse8Tl4UqzBtT1NqgliT1dfxtsaHskcBA3dU4rqnKYvCEhGxD0co2iTaR12V-jCrdxD2baGgLXN8stATns-rjp5B49MjCQSDh2LOv-tu4G6jKtqcHCI,Caffe Aronne | Mobile espresso bar & coffee catering,
7782,Candle Cafe,Candle,ok,https://res.cloudinary.com/dn7vbd6nn/image/upload/v1783420922/restaurants/google/restaurant_7782_google_800.jpg,restaurants/google/restaurant_7782_google_800,800,800,129253,jpg,1583,places/ChIJn3v7DTNZwokRGmPnctINxp4/photos/AaVGc3kYa8K40iGYN92gyp6PfiNHFJMM5ClOesYq8hnv51KDRXylrFP9b7Fpm793U3zMZCi9LHAdawB70-vZPYFqQb1u2M56sY2HnOkLy3XHA_ciodVEg06tIB0M6W7FGUu1pbMzxZ9WxvGltVfUg5nAsgT3fZqKPEIF0bJJNihMX5N1SLkJKKJTYEbVjbezJdIjS1H-n0KlC0nng35iENPYsX9A2vrV8GLlqBJhZCa13Mdr6hBNtAyVuJIla_gdBoFu2Yty48wO4Jxnfz8hekPyBhAoOJbrwcELURz0MalN72yQW1g23q6P2LiUl0j3Wsz5mNA_vZa1DuSNlTRwsFNtqkLT-Ij2VnWbmi4xskcTXVJicLQ6PaDHk0QaIFNA_cIME95OEt7Z3XkboCUd4HGfenDmt5w-PAWNPeL34dNs_GE4zQ,Candle,
7783,Candylicious,Candylicious NY,ok,https://res.cloudinary.com/dn7vbd6nn/image/upload/v1783420923/restaurants/google/restaurant_7783_google_800.jpg,restaurants/google/restaurant_7783_google_800,800,600,174055,jpg,1791,places/ChIJlQjt6MxfwokRGxnDUPGSY9k/photos/AaVGc3madbbXa_Ohj6OhC56hY3y7frrnRjUrDr9TsHWtvQ7arIkcRiCWP4h7Gyfk8PTy3fxAtNPrGQ1TZ2TD4D7iyPcW5n4ifaoYphW4EsDvVvRKC2H2GPadj0CAZvo5KJjikwvAWq85Ql1Mbcb7ZS2PDKwXWI8ieUTvHqv5dfywD6Wcn7X67djznST06f6oBEOjeNZd6GeyJIeZUTy3YS_9s6aYYMbesBqdGcLSMyjyMjQq1ftRVxIZWdpPfnbWiSHnnvw9HwSbjtJu5yWRf7INUU-HYTM_QAHvNOmlQkLZkapwGvChxGUXxZSRebhDxQLBWrZE9i_SZ71XTsCkRKMwgtDOCaqacMiQ_itN-Aisuu8Ey8OaZudhc3Tuya_Zf3UexaM5wyu9Z9JRFaPx7V7ipKxganU2ZBVCpz945DYgskNsLrx6hhPY6ATPIXzwo91I,Candylicious NY,
7784,Caravan of Dreams,Caravan Of Dreams,ok,https://res.cloudinary.com/dn7vbd6nn/image/upload/v1783420925/restaurants/google/restaurant_7784_google_800.jpg,restaurants/google/restaurant_7784_google_800,800,600,116948,jpg,1532,places/ChIJ76ikKJ1ZwokRO3E7Lguk32U/photos/AaVGc3keXrUCd8nacwmVFJrT9gssvfEhvDBNSNGNKLsf9tGa6Dj0VdsvvTbenZCwWsFFMAtsuSGoRvoq9xVMuRG74rMaj9jNah463FFVWM22Yb7F74uFbqjitVlmvUswejpbSP5B__gKB-ri6SSAVayPmNVXtJQR7a6WmZ_Tpc9IU_4ZX1AkmvGijOI4rt6l2dTsqlsiVAKuBotTsBOt7hO7URa5qNRBNoGYraToc7i1OHI3rs0uJ7E4Jx8ZpHboBU6jiZ5MtAXbFDXHNXrQibMuNMq-H19d6CbZfr00hWUam4kqo9lC4ZlynHqL8b5H46P4eemcezdDo_jxNrIcbY52_0JEKXwSEQPI8s6Z0T5fTeM9Oi02kPCLYlp1XFAly1c-x3S7FJATrMNUDZrIBJ3DHVNkQfptMSn_0CZES4rqk1HKKPFn,Caravan Of Dreams,
7785,Carlos & Gabby's,Carlos and Gabby's,ok,https://res.cloudinary.com/dn7vbd6nn/image/upload/v1783420926/restaurants/google/restaurant_7785_google_800.jpg,restaurants/google/restaurant_7785_google_800,800,450,113553,jpg,1636,places/ChIJLanKKUzywokRNkcVpcr5F3o/photos/AaVGc3nikaVv9COz_XA1_ngvcww24rKz8-vIrk0Zd8oTxQJo53PIktj_2jcNVh4yQhMOez7aN7hhRngC_nzLFoKZ33lLmaEdC7C7kxTauaRkPxostfIknPPZ2yIomVcS9IFC0KL9rnXKZf3U_bd2eyi0QSNrFY5nDuC8ddzJiwH0-eqfEkaJITIOYS1SZQR63RBZR0-VhFAJww51mKKDSLHYvTi8Zy6s2oLcJUUbBxty9Gk3I_A-XMAaJlYMHYzBcqzc7nDtZuG6rNQLQ9YqEB80eMOhOBS3e7LBq3bSRNHkD_b5fiYWC6pXgGV4eyetMH3DL7hNVVNMaVa07-SJ_DJmfZ2ScuBnz6iymss3qp1znPmX4oYF7tygteLx6cVFEFrwt4Dzi16v1fpOtkkumUn9YirzUyEvOF2RWYmeVZwnbEM,Joshua Bernstein,
7786,Carvel Coney Island Avenue,Carvel,ok,https://res.cloudinary.com/dn7vbd6nn/image/upload/v1783420928/restaurants/google/restaurant_7786_google_800.jpg,restaurants/google/restaurant_7786_google_800,800,600,145294,jpg,1929,places/ChIJtT-YE15EwokRCuiZG6zcem0/photos/AaVGc3kCfopHesWAdwkY1MN6QiHdNuptdBx-vql8CURciL-Oxytkx5YYsZJYKBf1pGsdNHDJbHIkqfhTSkctUQSv3JgGemSbQtl80lQeYMTQLgpFmYbfytiBkm5ffTETlUML5DpOzXAytbx8JIswAOA6OF7H3QMjF1DoD8kVaLP2QySSIkmm1TazYVNNi0U5AycyXLGAA_MlhwMavI0iiKTxFjkrsSzTMZy4roEIHaJJ70IFlKaCO5sCfqZRlgyAxkB57tKDTxADTwt0JE98miysVD_VyFUqAjl1P1p4vld0Ng2rfU-iQ8CJhX03lnQ8W1Q9U1JqJCsG8QhQzehr4G-MvK6BTD5kLlDvOhpWZNqaf8paVg4Fi7Hw5z0w8hl2YEqD-sW1M6tGw47E9dHVjcRorzEQ6lUwmjMmJbg6vg5iBdU_l-sZVNh_S6NCFs151hIA,Steven Nechamkin,
7787,Carvel Manor Road,Carvel,ok,https://res.cloudinary.com/dn7vbd6nn/image/upload/v1783420932/restaurants/google/restaurant_7787_google_800.png,restaurants/google/restaurant_7787_google_800,800,640,692298,png,3494,places/ChIJj8hsVYJOwokRmrVFU3oiGfg/photos/AaVGc3kPn_b0yO-rO33pRuSKiPCy-S3Taepw8fYy2gNA2XaPfgBAf13HYpADUK4KG9hJycEbWDl5_1WEkyWAZXaYH1TmXBDUOE8KkAG7W3HsPEzsaNAfnHGxZsZQ-z2sW-BsAhem_gYIcqIu_0mCo4wfSihwX7pNjKAdKJzEUDmPtyhxC1-7Ho69tWrBVf6k4USUJnALzsN3UXYW9JQyZGsVJ42aza8XFJsS0YxjcnwUNAMvrpAu6noIbapbZSOqRbnkcGR52ZR0M136iLi54TMfIvDbgKzt_3--NO_o3mH_zbvVgJigQTvmt39Zfl_9N6chla4vg2btvJeP68AfG-UGhvvAiJfSVVpZuNG9M1bCce14sa0Lc38LKzD7GI6HGtlThBamttUqTw_V0isY4SmnVB3WCkSaaGj7plR8vMXTPw2kTPs,Carvel,
7788,Carvel Union Turnpike,Carvel,ok,https://res.cloudinary.com/dn7vbd6nn/image/upload/v1783420934/restaurants/google/restaurant_7788_google_800.jpg,restaurants/google/restaurant_7788_google_800,800,800,133648,jpg,1934,places/ChIJq6qqqqVhwokR4nVQ-Z_RCg8/photos/AaVGc3nzJmj2pHqR4393ERK-HeNNZ5EnhhJdlId0d_Ogk2Ozn_oKrji9KlYx7-75V2vI30pHIhiKZqRniFnnoWNqfmAVsculaEmdj2UEI7jQd39MjfyQEt7KrSeZMuxd207aSXb42luuDrtqXHCri3BYAbdCueLsh_BXeYjr4z9svW2Qmz3df4q-Xnm-QlcnW302sJGsRuylHcBLOY-UYfChn-ikykx3JnmXcXCVejxZcqcs2u9oCszcHgd26dzGoDb7m4VmjZpiQm3_LYylsFzYOZSqcKkrsGV0dKt4dLglZSSQE3XAVvlGfwoxacUDG9bMpX5Jqm1jSj4swZ7gu-RqmO6aahgtKUeorYM44sN0WkR0zIZoLlUQVLUSq1-smrtPspubuv-J01GM2JvXvXPhD3htkDXPXFTsLiRcln-K45Yokw,Carvel,
7789,Casa Tevere,Casa Tevere,ok,https://res.cloudinary.com/dn7vbd6nn/image/upload/v1783420935/restaurants/google/restaurant_7789_google_800.jpg,restaurants/google/restaurant_7789_google_800,800,1422,139840,jpg,1645,places/ChIJVWyEcgBZwokRlsxfm-krTPs/photos/AaVGc3lLzjIBM5Y0j_i2oajKa7jq5UW6cjO6kz5zOWX8D8uATkR9LJxfGa_7oHLpsltOa9-Nnak9omBksyzMo2ypTH_rg6JXSQKV1tS8Kh0a4O_wY3jC8AkQhTDVDKL-35zutx3wzVZ_DoykDUMsH2T1sAD6Ax1LBa9IQiZxeHWOwWvtmu729-PeUMWKRt53TsB-2lQaa_lXPPeUQVbvwPsAC8W61Au7ZHNperXypoxU-s7fy286-K0xXvM2aH2mWCOX2Zxvh__vNU0TG9ICZwYtNw8w7wtbcyPfNpY3ZudDSblpnpSyS4czA72sDjyw7yiixQB0rgLul2bugBV-pcgm17PmyTCTWE1xtxdZ7FR8_gkToUWDUQxnTwSWhctO73fDmbemzNcawpWbrdeoxcvNpZaDj-c8arKZ0PX6T37EYIPy-JCN,Nathan Pardo,
7790,Castell's Brooklyn,Castell's,ok,https://res.cloudinary.com/dn7vbd6nn/image/upload/v1783420937/restaurants/google/restaurant_7790_google_800.jpg,restaurants/google/restaurant_7790_google_800,800,450,90305,jpg,1738,places/ChIJ0cJFiNRFwokR_HXlkrmhf8g/photos/AaVGc3kcauNP3ZwtAgdIkvAkbnQVEOQJiBNjhXgYizDZIIALenA9i8Hm-pMLsmGCS8J3sSyOUgr5wSIGZ5DwWfj5hP6gxOkNMB85PZSQ240MsdEi67GbgDHCezagtJ0VRjAL_03Il1lVk3VrsiZNoCJgU-p-xdLl6mkBwRyMoDjeZTy0jQ3m65jCRj7_j0K5jnH8iWefpIJLohA10KuZUdBvqHKSdI6W1gLgoNmSb82bG7OqD9WUvHGQPwJ7jmGeDvdnbtkg9HXiaNW8VHTHSGywvZ2QB9iybbbE4kkJHbnOIsVDKVIAG9-4PO613rK0pBuh8jISKIbU0OV8Ubc-QkwzVjKrzmB5zjG1zSrMAW-sbV1WWkMH-I4SMzO5wUTUFMDAf3WdqrJqSYTPVzDhsVg7KwBdcZjLhFby_0xWtdC7SgXAah0,Tim Iva,
7791,Cattle- Smoked & Grilled Meats,CATTLE - Smoked Meats & Grilled Burgers,ok,https://res.cloudinary.com/dn7vbd6nn/image/upload/v1783420939/restaurants/google/restaurant_7791_google_800.jpg,restaurants/google/restaurant_7791_google_800,800,1067,296915,jpg,2046,places/ChIJr0Q6jPxZwokR7xF1JJ7EyE8/photos/AaVGc3nf0CuEOCFMxCxI1lCKyHm8jpFu2AZhmOCh12WfyVaglC59TmsKMcm6YVIt_lseK7WZnSDT51PjUpGiCZZ6M830D_1OnrpFMPyNbkvyoVLHfDk3AArDw2T5fTT4QzJt5UTcAGeSBRBt_N7kFiGvzislfUjD72WIXpaKZub3ui0Y3JWShSBs2kJ4CNuZf-sfEIQ_ncquxjiymJTZjpGhHzJRVhghONvzoABBQcdRZLhoZa2hcwgmLVxQcKJmt66gpMswc8CUi4ikeNAI31PqU2Ts5cRUiHlkNNBmZcOIfKnj2UnQjIxD_AMRuGDU64GVgPWlyXsuClaSLwLlJ0pDKYFY99K3t5ETBKoAZRyAM3-FEb0bU9Kgoe8PgUtR0S0_SFcJIs2RQCh6yrycJi1vod_H7MAhqeUxbTQdjyCdXNCi5tt-Z4QStQD2F8Zk5QRq,CATTLE - Smoked Meats & Grilled Burgers,
7792,Cento Uno Pizzeria,Cento Uno Pizzeria,ok,https://res.cloudinary.com/dn7vbd6nn/image/upload/v1783420942/restaurants/google/restaurant_7792_google_800.jpg,restaurants/google/restaurant_7792_google_800,800,1000,315165,jpg,2349,places/ChIJZTN2AQhFwokRSysXWIrhwCU/photos/AaVGc3kVeKKfwe9JEsqmft00noIZ-PFPei12xU7gmhxzDV8KqGrCuMgzAZDwnKkzt-6WChkR1QxHTx_lNSJrFzBRH2py7snSSfQUNKM_5fH6DCiclE3RQHUeLHCHoZqV83-w6Jgo5BMFntMSKGRlRlxKEdfpZ6RM2MeBeSl0rUYkBmQ97zDWsTwvZckfrrFckL29dBPS3DfTFjNVl7qmgnEMFO0VZDhDfQjGW50Ol9_pHYL9bHbM7hT1ZDRZccK7ntEoYapMHS0TsVRo1rXfgzsRjMVli3gv3vNIfQlIORQF0FKIbEGzWjCDDCW5Eydif0yOlZBu-qCGXB-fvrH9MRBK-OsNtQNufulc7pGKzYoBGt9-acZDugPkiqSSxT0YghsPRYvLmPqQLXg3TMNu8AHDu5qSYSC56toJu1wzFp-BZveDIbPiHjYthVFRMJZEUPUP,N G,
7793,Chickies - JCC Staten Island,Chickies,ok,https://res.cloudinary.com/dn7vbd6nn/image/upload/v1783420943/restaurants/google/restaurant_7793_google_800.jpg,restaurants/google/restaurant_7793_google_800,800,450,110545,jpg,1636,places/ChIJj8RXfQBNwokRucwr39gr_LU/photos/AaVGc3k7QwNKLDiJcvana_SWvT3jbbfb4puOkMKanGwni634-4VGOCpAmByuTM5C41RdUFQBBE2GilGVAcvCEu2fVe_2Bz6d85yEbLrdupygwakupOYUtkLS5i30TKlmvQagGilRWTMwW3Or7eKxwHGbquBqVe1iY-yfjocQ1lMD6XOeL_04L23XK0DPmvDaUycPtPrmQfiQR_Vrh5NOzuDYHsJfvKPknhuLu-mMQ-4EHWAolrPWy8AcBysOMYeMqrNVfHfMmAPm47kVXYWD_ipq2jBzk0o-1KTB_V6iHchJ2cJk_g62jDBso1OolmLbIiT_PpwKr0u7OA8ZdGgq9gufXYgr3bAeqJb2EU9OZpCehDSPSHUV3Yp-7TcT7aTKPb_-wVxMOUI2aHqWAttMGroU6X3aN-CXXMk8L3F1prqzatuWDg,Shmiel Beigel,
7794,China Glatt,China Glatt,ok,https://res.cloudinary.com/dn7vbd6nn/image/upload/v1783420945/restaurants/google/restaurant_7794_google_800.jpg,restaurants/google/restaurant_7794_google_800,800,572,122331,jpg,1460,places/ChIJAXQOU9NawokR0QPQ1nvCy2k/photos/AaVGc3lwDkVU253yConwGTiPXQ8TZLr0MkQo7dpOlq1rNZ_orRMU8_1qActjGkwWHB7JwWTDIFdaryeFZ-jxrrprymixkC9zlY-54JyYLfU2x0atQZ3-9Kvw5NFZ6OEIPcZHj2j3inTWFK8uKI4r-EMz7N3HeLsVEmtQZBajhQGs7jURVQOXGxXI4_TvUkOaIr5bJ3hO6Fv_7OgFI704wBFuAJrJJlIkNor1v_I5-pw_HwSgJi2RyMfoG_kBNUhhLrx7L3_RhV0zXqzK2FJSEP0skidVmcoG32YTS8wCD00phdFDaNBnpGSX3EecUOrFct1Mfxv3bYKDwPNSCYSLdmpgFtRVdUfctAhwxRKD5pn7XDV4XD8rWlXeLx8fhhprOW54jWARN5nKbbuC_HdSVOGwTjSQYP8XyHt1d9GP_A1AWybmPQ,China Glatt,
7795,Chloe,CHLOE'S,ok,https://res.cloudinary.com/dn7vbd6nn/image/upload/v1783420947/restaurants/google/restaurant_7795_google_800.jpg,restaurants/google/restaurant_7795_google_800,800,1067,267209,jpg,2029,places/ChIJvQ0mfQBZwokRupq3-2DU7Hg/photos/AaVGc3kSyic7PgfihK8Ksw1dE7sAjHY0qzRL2YnXY8C_BDwv1E8jSkAxtVDAfuerRtr3BpHSjRIR-biHKmAb5p_fgBEO_VW3QCaEf7N9CL1nkzwpfKgFG8c3Lpp37xdBjfshqzexc_kb5wyltNMeqdjmm0EGr-LZKLn75Sy5UFaWDFcPVPOSQxRRNcdB_CU009IhoSy-G2WFwhMjwtV0PKpM02CXc2pXkZzN_nd90l_sYIc7kHnSDYWZZahrxW7KBhm6emgeF3YCbSdBNOEoWTuACv2c08zAW8q8C3p_O6UMpvDUyQ3lyyaWFQR2iibXjkz1YhEF_eHwcU60ZnWe0UbSYCI2wxPtQvW_I2AkBwl1xRKp2aOrVKmecWwa_RFTwWackvI6B32sw_LjCwzwwfgf7maCGx-emitYcEb631R2ObvEvDHD6JJ9We3N6_ewR5nU,Marc Sleiman,
7796,Cho-Sen Garden,Cho-Sen Garden,ok,https://res.cloudinary.com/dn7vbd6nn/image/upload/v1783420949/restaurants/google/restaurant_7796_google_800.jpg,restaurants/google/restaurant_7796_google_800,800,1067,214603,jpg,1907,places/ChIJRUlbESxewokRBf3oVUbacXg/photos/AaVGc3kCvd2kvTXiGyO_QsygewUGufjB_d3gerB8h3x6U2AG-vn01Vna95uvHkkfHVuXQ9GheIS1RznZr3B7cnmY2byT1x2xkKoLGZBmhmfFf_14J5uImgxdFTRxF2S0525JHJN4D_iwBZwcSwmzUwFiNvVCO-J3GCj-QgUOEMbCy3sQa_wLLL3X44lRHNDQMjyIWRmHQla3e705kbEycps6zo3uGYYKuqhThEo1Lxm-b3DzCAzwARWJtOhnHjcU5OV4vepyGzFhw-5a7JKD8geq3ZdpapHTEsSIY4DIxE44KgbWYdyDvlCw_6EyzLQ0RrWygxpJjbUH84fLCuImQx7IQlmCRPxMDDP2uVsx1SCdZtju-_egbGlUpGIHCpxEjlYGBRkKF1ja1B1Jv6inGtoR3A0GXIfr0XMjlW8hQqdPqpG1XA,Amnon Ambalo,
7797,Chop Chop,Chop Chop,ok,https://res.cloudinary.com/dn7vbd6nn/image/upload/v1783420951/restaurants/google/restaurant_7797_google_800.jpg,restaurants/google/restaurant_7797_google_800,750,500,477132,jpg,2407,places/ChIJRaJSShn0wokRY0TgYHYfpEY/photos/AaVGc3kV7wesVifdMiw6jhgzTd13L2BhHMr-WUOYY4mF6AhZGDSiKOIDmtDtZNbBQCqRjTJaFEdqsUyh5Y88-dDBMw2hJKYn0OeJoxNGVu-nN1EnzUEqCesloRCVRzjAJWzCevpbnYy3UpmIq8JzzMwrLoX9RMQ6nCB64H7KGL1yxkLV7vanjXJ04-gjABjBSZXWk0gJfNJE-MQYrY4KjSFaJkZ6DfDgDe5nXtLB2BTDBGKdui6DuDcTakpkbF1yyvLBvdcJEH78LySxiO9J9eDydNlqJVdn65QhoNexAzATJ3pDLnWDnjvXuckrK29C4C5AyWJxR3p3SfU4RFaURbSpqeUVLHMrdQ1Vpn_jT_z-zWmDTq24nnCqzRqASpgV_yTOzsbes0gAgkBdXoAA1Bl4oCAwQPDwcB6MVxHv3do-Kg9BBPwG,Dave Cook,
7798,Coffee Redefined,Coffee Redefined,ok,https://res.cloudinary.com/dn7vbd6nn/image/upload/v1783420953/restaurants/google/restaurant_7798_google_800.jpg,restaurants/google/restaurant_7798_google_800,800,1067,279169,jpg,2021,places/ChIJfWQtiKREwokRcq5MqcnOGfM/photos/AaVGc3nHYWMRmzigSm5qf2ODPiFDlzmFZPZLJbYDL3a_H8NBU7JlpzPyzpxHh-XNvGrOhr2-usXwysJvTTA-hj7wcmIHGkt-wNBrDxASR-q6RFM22siL0DvH8gsNNguMcd1gIu-qVXP-RRd7DkCaXgQvrvaWb2q6S_LhdcKhQj_xstdmE1QlpIB3_2QJM8rEsBVG3mlA7m7dBVUuuMCqmnig_fgxVS4uz_RGzjc2CBXeRT29RNqTogx87QbnwAex1eN53Lo1J1uFknbnYfuf-fL1tphO8CW4IvyVrj2AixkEUB1sl8Gvx53FeoNZK-9sIf0btQzOk3eOtZhPuYYfefv_juxNURCrJbyqxw2d-d7B16KE1ALiYW_osIHdT2FxIwERq-v6QGg381FV0DZVubHFGjIRj4qaGNwXJDC9a2fs4eMyVg,Coffee Redefined,
7799,Coffeeko,Coffeeko,ok,https://res.cloudinary.com/dn7vbd6nn/image/upload/v1783420955/restaurants/google/restaurant_7799_google_800.jpg,restaurants/google/restaurant_7799_google_800,800,1067,299559,jpg,2244,places/ChIJnx26XwBFwokRhBUsZeCgRAg/photos/AaVGc3krx6uf84lBaMe493boNuGMUK4znRPj0O2lcn20HF6e-9E4lTg2CeG9x5TrNWTXlb_gGMJvBUnko2GXhc_ZtvclRKltCaDBNvSzFud9f3ctI043cFxJEEnGN6K-FxQek2XeQiho5qzBnBYZ-GN842JOuCur2Pc0-PqSfdUry8a0qppgwk-z12_t-ZA9CafATpx0a5jmgVO_s8lRYK5VskdjEnBV4dZeK3-3kkror_3_qiNE9R-0CsNTSjDfm6T8MmrwKfCfPRYHJnl4duwEoSd2smjg86SFs9VvQ4gcFHO8crueEAd2Cbus1jIlGD4Vsexm0SzqCfP93tyr4MzVIb1eytAvXgN-sJ08trZHN82nLwX00Yizctdeo_Z2Dw_t2-imq1X84mxUIi6Q9LU_QCDDSJtfPKt_eCr1kabkTBGI6HaTvriISD-sQbuPkrf7,Pavlo Legchylkin,
7800,Cold Stone Creamery Queens,Cold Stone Creamery,ok,https://res.cloudinary.com/dn7vbd6nn/image/upload/v1783420957/restaurants/google/restaurant_7800_google_800.jpg,restaurants/google/restaurant_7800_google_800,800,1067,237414,jpg,2029,places/ChIJrVubwQBhwokRrpeC_BPLtNM/photos/AaVGc3kqBDza4ycZFptqZ0iFJ5_JVQlVVvSwEMO6G6pEWwJOEYIViFlnvGlZG0r1dWMk6PmTirWPLEGF_TRNwzy0B9CRgZaWLdw0itVYsl1aMuRxVmeQZZmAvHtZ9PVicFPgk7aVRqph0DhyIE5HFKLX8Kaws1H_52EFKggSjJV-ETbDBtycfaIXLEP0QX9FDxDr72quO724m4f4XZhYtnK8YyIS780PPhTRtBileaBH1MosL7RoAuo0qVghuYzrHcYhY4aqBrDx0yBQmCNIBXyZ-dKiRLlD5ZDWeGX64DpRmfIxyrJ7o5SzRC-VQR-3Glwnj1ijz4O6F-QfC-CIZ3Ux6QsoV4oTNFwTopucB3T5PL68TsDT7KdhCFMYphecYKLbYdYy44dFQL_imZ1JaktyM9nalwqm-RIiIZYTmf4tQmk7LJRtuBvSgS2wkQpMVP6z,Cold Stone Creamery,
7801,Cold Stone Creamery Rosedale,Cold Stone Creamery,ok,https://res.cloudinary.com/dn7vbd6nn/image/upload/v1783420960/restaurants/google/restaurant_7801_google_800.jpg,restaurants/google/restaurant_7801_google_800,800,1067,319257,jpg,2267,places/ChIJS_EQutFlwokRH9_cYvRtzis/photos/AaVGc3ml5JqQnKhodJXrxcRFPLCTQCbhZaNmn9NX3EUzswkAlbkOHDijMhKdmn-sYMhBqh6H3NrX56qGH47wEpcfcDfQJFoACwR7SRCt7K2vwqPaNv4c8AURmVYzx56o71TNODwXFzaYoU6ztS36JCJrZj0vOfthnljlUuHSGHKp6V0mpwFD8O-7GZbZa1fBHjUdmPzzCdcTLh-t-MohnSJ1QXFOHwrjBvA7A9IJ7IPXTI_TWzdkROg5xw8vqz4BLPOebJNg6BvwXKpjsD6gJ3k44YctJhGba0KFGXyd97wicwkNw2rLmykcee9Q2BRAJnDa4U3MlfdpcmZ-_d8Wjxxld7ZD7QLnkQOwaI92Qslu23uJ0AE5iR9T04ertWUAZE7vsz8pRIns5WxhnSxZLPIDF4vEWJGzYgG_jiRdZe49BQ1c92CgLzQ81nPGS8fO370V,Imtiaz Ahmed Chowdhury,
7802,Coletta,Coletta Italian Vegan Restaurant,ok,https://res.cloudinary.com/dn7vbd6nn/image/upload/v1783420961/restaurants/google/restaurant_7802_google_800.jpg,restaurants/google/restaurant_7802_google_800,800,450,114863,jpg,1411,places/ChIJhcaYBC5ZwokRnPUwEfUc8lU/photos/AaVGc3nqKQvVBkE2oMmtVptCbxxWKRBqdkDSpVz8VJxk6Tzgt5QuTYWW30420tkWOEXoVXLvVfg_SJO8LsY9FVdghqKp3H1U16EKSfXuMXwvq2vhaiiOIO8QnCAaK-t8s1LJiEGgqB8vhe35oqHNV0l9nAYWNcHg2fsZHL7F-sHlaHwLlmI12UfLxYZlBV4KbGk9LTSTbNkKk5LR4SjjtLffWwQcwtMFwfdsMj9XbJAARetmCMxNE6fmgGPsDohZWNHKc0u2Ga2sVTYGDdkPuUTGbySpLtRfsokYaA6m920oMyxzF5FuArdDm9uM-ibDAFxSPYdJFFXdot1U0AUlOA8mCCcfh5rd4Qcg_nGGPCGZutiyx-BHLLUmpkWvg3u0Z2rWomC0oumGbBhFtdcpg-rvAtH9is-pM2zMTfNIOcqLGfKs1QnW,Coletta Italian Vegan Restaurant,
7803,Cork & Slice Brooklyn,Cork & Slice Brooklyn,ok,https://res.cloudinary.com/dn7vbd6nn/image/upload/v1783420963/restaurants/google/restaurant_7803_google_800.jpg,restaurants/google/restaurant_7803_google_800,800,534,80623,jpg,1453,places/ChIJHzkuuitFwokR1Ij3ZYYwWQQ/photos/AaVGc3kSMUHzOSOpUuV2egwGWi6d8eLRfDOJRtLOQ9Wn8iD-Gz3fl_iT90kklSjrysHrPqvNF8w7Rrg2D00hdgrclm_YnHM3bJh0nbDLaULmNGGMNRqpMpHY8iXEcmpZXq1FQzjBw9nOSPNhC2a3davWctf7iXPT-O7RhBwbzl678LIYp-kGxjKKvoNP-19CAuM_uFXN1-bwmAOTQFHundrfhDm5LJ8E5gcAiQo-LL6A0luXeCWiG2ZpOevvek08MFFY7gQ8NXbLvLZ_aigbeLn5G708KbBSnQtGE3f3w9lGxqp6YppbQDQn-yy9V_9kFWyGNw3RQ-9UEyZtaAuRXT9-aZwHdMHf4pNpDA6EiDXVbbHV-RbRZRkkqUkRLhpNcezctVEwyLf3XnKtNJbx2db3L_92g7JMzVaZrBz_1ScQTRXN_RM,Cork & Slice Brooklyn,
7804,Corner Cafe & Bakery,Corner Cafe & Bakery,ok,https://res.cloudinary.com/dn7vbd6nn/image/upload/v1783420964/restaurants/google/restaurant_7804_google_800.jpg,restaurants/google/restaurant_7804_google_800,800,600,158281,jpg,1656,places/ChIJETopIL_zwokRtrOoWqb-sLI/photos/AaVGc3kAU7FVw66zjL-Bxn9vUbfcdIV5HIGCU8jiMBECGVhrtZ2HprWJFLF9LrtA8qUaTMPY-XBAAhbDmr-vARMwa7BZs591-TZIz7piqd_pACq3ZYG4t3otYf_g_fWr0SJvZ5A3yMFynaMp0U5gBqEVp6RGvj2_oqSAdOvmF3JK5WuXRh7mnzEdou1HG-I30TXK9dtXEy5gjVPRc6VPXPSnTOlhXNUxcOhLUF1HWnOnPqv4lbPOmSwE2d0fZ5-YzpIMkjDXxeYpdEoyIvKrI_PcTLSk6i5C4HGIYUUj2cId3CJrblFtBnxl3BY31nXFfKf84tP27bhmXZAQMSsCmD78BPYWXCdbci3GPBw8DN_t2j0faKJVTtzzY-7UuZ0cE7mBQQCPyxL0hggSFGdAsKby_bZ5vZDQMfZP9F5dZOyeD-WtjsSr,Michael Mah (MIKE MAH),
7806,Crawfords Cafe,Crawfords Cafe & Coffee Bar,ok,https://res.cloudinary.com/dn7vbd6nn/image/upload/v1783420966/restaurants/google/restaurant_7806_google_800.jpg,restaurants/google/restaurant_7806_google_800,800,800,227388,jpg,1893,places/ChIJSfuUnutEwokRAz1IbSd8g_E/photos/AaVGc3nD66LnYSGl__3Ycs7ufGVF-LZV_nXFpf4KGyxZqcR37eM5c-ms0CD3lHNtJ0nk57QSavfzzwxcTaYSZz2SP9QXTgGxCkk_cVqqJTe9Xq-7-04K8ppOWDyZIVlZvDZ8RuxpZtk5AwmXz1CkALfz6n7kawxzt5MZm5ZPIuaFr98rU8BYKbxorEHnglpJ_I5dGEhwccxF73efORG81kEFFaGS_KVwnwnGpWb9QL8h1ItpowSSkxT8Fmj-yTjkBscp9S742NXg17KPxyrn63SKhKGnI0ReYkxZPnBtXW0N15e7muIht_iy2R4SVomZ3KdVkEg-v3KGp4ada38SPWUu_byDPM4h3TVDq22xRdNZOVnNvjUXEUk55osB2I19n6U2xmT5MkabjQMepk2Mdd2lTjwt_uKpqLdq0ZMr702ffJ-H3g,Crawfords Cafe & Coffee Bar,
7807,Crispy Grill,Crispy grill nostrand,ok,https://res.cloudinary.com/dn7vbd6nn/image/upload/v1783420968/restaurants/google/restaurant_7807_google_800.jpg,restaurants/google/restaurant_7807_google_800,800,600,132251,jpg,1768,places/ChIJoy9okJJFwokRNo9Se38Y8wk/photos/AaVGc3lXn6pvmkGLg0GWqLclMVECHmf3_EXVjZvouPcdR4DRl8ZWuxjPm5JxxtRY7norLBKjIqJqyBrXopRUj3sKJUxUhJqm3CVisTtG0c_jy6uzIDpHCZ4T5mT8yGazb10Pi4yhkFjysrRfu4jCQQjjrjmUKD_CI48B2BqQpjn8EwP3utUldocZiPepVgRsbVQRpkS79FnvfXwWC9mA29HnylHL0et_eg2LITsKPzLG8oG4Vs9KaBFH5p3hYOT_QWDMMm5R7cthHq4IOQx4MDOpQDnFXDrn4eq7OJQjlYbBte5ni-071EEKUkLWlW59WE1J5Z37qWXgcfEoL-nRbwc-5T9W9Vz4vbj5fDSiZzoiTwS4GDsZqqJGOvqEc3bdwfsotdEWZdkPrrYe4huATFMns2MUVX2cNppGPpacrh7m7lJQ_TI4,Crispy grill nostrand,
7808,Crown Heights Mozzarella,Crown Heights Mozzarella,ok,https://res.cloudinary.com/dn7vbd6nn/image/upload/v1783420971/restaurants/google/restaurant_7808_google_800.png,restaurants/google/restaurant_7808_google_800,800,451,512868,png,2702,places/ChIJz9GtD4BbwokRtNC_JmTf-lg/photos/AaVGc3m0r6rQJyl7jGoAivGY1wGWhUwFxOVMnVB9xbb-ujnnuSTlRRen4AXitq6CQzIasPaYCumPK75Pg24iLVZo8gvGrkhgu55gUfsErX95H0A-WLAHRuDBXlL5k9L8y-3YN9eK1aM9dpQ-Y3wyOCo7qW440S3wThGm5RGp4_TK4EFhnkwdUTRPPaNKDRKCEj3iP7ShlwdXhvneSHHReFVMoYqLFtUBIRnALO4N9ITlgMo5Sqis47Sh-JeFrM-kWjXIlCBuWrik_UdE5I_hL1hpYmJK4FsT1kIihEXTxMx0GKYKdwENYtHzUMNfPSIPJh5_Xu28Thk5MO3zOrXhTxOtfVju8KKeL1r2GAKHI6eMnFKaMxmS1QFdRj2WRllo6hktfP1aC-e9JF0rn5H55jLXzz5VbVVCceQ1-hlTVWFFFt43yQg,Crown Heights Mozzarella,
7809,Crunchy's Kosher Chicken Spot,Crunchy's,ok,https://res.cloudinary.com/dn7vbd6nn/image/upload/v1783420973/restaurants/google/restaurant_7809_google_800.jpg,restaurants/google/restaurant_7809_google_800,800,1067,277854,jpg,2159,places/ChIJJ5lJGExFwokRCWgnmYq4LZ8/photos/AaVGc3nZvYXFFjLQu_FCv7LtnrhR6o6pVG6NWUJWUlmXjYOXjbjvQ375W-y5Yw7neV422tpncrqNA3XoR6A16-T9uqYNeiYVcSj1-3eRQE2H3q2LYHrHhpLmua2558c70oHf2Oj3gckuCz-7CXgsXfqbHhM2BkFb2dsyc3O2fHZ7puQjYPpLjRM9LceefHKKZaBDhoP5Nq2EllgktAHv8hpat_eQRCzPpAcgDPQfcqGljCgCOniD0p5Rzts46MhG5GGGQez0OO3oi9a2niQjdRysEn887xcyjISCVJwvs37Rd9VMakVVs6nH-YFRcBgOZjBZJbx53R2bgl8g08WdzmFcHlRqeZEKUkz4SJCRmUwCYn-AsgZCR8XWf0kNz44Rl5NILQmy-zHg1ATcZCLTrb7yxENHL2LC2ih3yFXiB1CZuwDfDhcS,Peter Shapiro,
7810,Cucina Modern Kitchen,Cucina Modern Kitchen,ok,https://res.cloudinary.com/dn7vbd6nn/image/upload/v1783420974/restaurants/google/restaurant_7810_google_800.jpg,restaurants/google/restaurant_7810_google_800,800,739,131922,jpg,1484,places/ChIJOV9WARVFwokRxtGKVH3ySRA/photos/AaVGc3lyRBxxnSpullQCn3g2C3_i5SvICbsvFDbDxm94EbiIYW5H0AGIFYZxadJ7PkNMFHWHHP8HhPiFdY98v2LNo4U7Dl4Yl_LwHKLq8Z4gNEFse8Jn8BP0n5Ku8tXAtHX0U9mtDlu8BXs2EgkOtkaY8yGLfRVPbsBWZInbzJO-0wZQ7zvTfnzLHGFyB7UHZ5Ik6BuHB88G_NmFwcM_XylnP7MAJHp8CtKlfXJAw3xGKRDKStQ0OwXxc7HRVByOrP7IjUYFFGcD0o7zAwHjNWEmtMBcJIXBOqz_6dokHXISMyihw0DVckd79wOKJ5hcpzHcpMTKBa2Kqhbni23DxY3mCW3fVgWnwKiTPAeOEhT18j-6nya6my0weEkp7_Rl357sr10xSaiRFp7SQWyHH7humdxkS1grfGqwFLac7PgJzZ81A28kbxDbF9hiAM3pug,Gershy Bernath,
7811,Dagan Pizza,Dagan Kosher Pizza,ok,https://res.cloudinary.com/dn7vbd6nn/image/upload/v1783420976/restaurants/google/restaurant_7811_google_800.jpg,restaurants/google/restaurant_7811_google_800,800,767,175609,jpg,1769,places/ChIJd7KZjEBDwokRZ9KSjLzmDsE/photos/AaVGc3le6lJU33MIoJFJZ6_1qu8dBfmuuXReMcSFVuunbvY_XhVkTxhaRNP8kuR0JNtKB-09NiCPBzosQ5rnfmWegfWKejRZtLwCMu1K__BEot0LHpoE-OF2RpTIFThqvALSdmHHNO54-5YQ_YHip4tIr-AUvo6rnaCxCMfxA8i-uNOaGMkEpo1xhNtPXfoaTzaBFoGAJlWgFaC_GgsTcGY67kaxT5pmA5BPHYtTIV7GRk5DbjZVCN04iaUMG_BbHS1VBfT12rLVQOUBw_DLW2d213FCvpu3tQS3hvrh1DnQ4M-H8Fibv9hOlmDh1dtiWnkXMZVZ7ZOLXgK_JloBJ-8OE_D8QZO7vcZU2CIB0upYXXVpSQj4ubMruw441OO79jbQpUOY6BkT8wPvha_jIwWaLFp1sEJMFEBietXrU59lE9t-TZg,Lorenzo Ferretti,
7812,Dairy Palace,Dairy Palace,ok,https://res.cloudinary.com/dn7vbd6nn/image/upload/v1783420978/restaurants/google/restaurant_7812_google_800.jpg,restaurants/google/restaurant_7812_google_800,800,600,174477,jpg,2016,places/ChIJj79NwTFMwokRH3JIFEqLnTY/photos/AaVGc3lG1pxgOmw08q3qvkB3fXzNVLHiOXn3cvLtpN1pU1rghGR6g2T1Z9svU_bOSWaLOedlJbcUP9lREpURTEClJRwhHSU9YTVZIxiD2jrKtouygW1PerfTXPrS9gBMboz-y0Y8wokbq8-JFy2pZLYoegGpi-lRSjwSkWKJ4hgOk-wXysCkt0TJkSh45Ge71sRzM1QdSXIXYM1TJX2V5VWUcyg8Vw1rt8pTmsoHTeQ8oMWpcKb-4cJGWbADzo1nJXMjgEmnbF9L5emshDsLNU0W1oE7ZJDESCnVgzTUHbfV8MDEtFyihEsjzhTH60RINzni3xQ36yeOs0g1oZajovE7WoVqiU-6MlDLsSSmVbSOy-sVYuaBmITz4x2MWgRn9eRguZnLoffJGw0NJKcJfxg_LnwbDRDVMnR2UHAGslDeXWHfKg,Gad Bar cochva,
7813,David's Restaurant,David's,ok,https://res.cloudinary.com/dn7vbd6nn/image/upload/v1783420980/restaurants/google/restaurant_7813_google_800.jpg,restaurants/google/restaurant_7813_google_800,800,600,169914,jpg,1713,places/ChIJ7b_EIPBEwokR0oH1osmLJAg/photos/AaVGc3kWy27qLn1F5DnrJpXphoZfJwlIoGs5T-tzf_Xzvn2x3GNhSZKq8i1JoJL7QYfVOQV2xYwlJsSe_cr5hmNFLVa8LsMa8zfv36vyC5zmMdiTFRrdCEMdVaw3wyl-TueBz5_Y4PGxIRt_-wjwq31NZaEkz1p-2KBjYDVzHPERIRsFvGHw7U1DSH2Up8bAI6MTGEv-hiSQLpgrSYuY4gqgrwRtLlXnEIH0VErx0fOKES29GIx__ANtqVE_OUUP-XjRN21qPNU9Vx2D1W5ghOzuO9T7W61KG5B_rjWg8xW5fO64Tco7lX-1LfxoJIdxGy3CAqjwOQdd0R1cy61RDpaWVDnIigZVnBF2uZDwun_LR2UlaWTMTKGGdPb-Tnv0VMka5ouYAC-jO-e9d5ve4-4AQyU6sy6xWwGt2PdZPgfM8Jw,Aron,
7815,Double Zero,Double Zero,ok,https://res.cloudinary.com/dn7vbd6nn/image/upload/v1783420983/restaurants/google/restaurant_7815_google_800.png,restaurants/google/restaurant_7815_google_800,800,722,657771,png,3295,places/ChIJKSl_sYRZwokR3um3j1y9oFc/photos/AaVGc3lUP4ZSsn5jRkcpJC-dkFbrQF8qhbd4u5WIMtJsyrYAYTyLdPvQGJUuYrHfpfsbanrRs9OdMx7AQQoU-kti-HIwJEMe81AiV1MoMvL3oZBDhEidNdGcBf6zybCWdDwSMhGMeO3qJZXxRaijWZMbncYactvg4vKEFu8GFRPdbIdbE2o7C5hqx9AeWCbmKmshTSKPDCespsXiSO2xuYBBoRjX2witiFNIC_bqTfSc7tMeOP6qgklT4MMNcBY_teXMh2-O_ZrZcHk18dBm-YdiuYEXSvA_ZgYITSse59mpHhYLAXw65M0ufnHs59-_QWg_fnZqTM-Z4bg9mGe40lB-XYaRZ_1S3oVpXJKszrOF49sIRsY1fvCI_OxnQ4Kz-1icYAegAUOUlIAdphli7XpDQL1qaC3R2TrtqftglV6SRFoT9sOQnBHxyFgv9n0mBw,Double Zero,
7816,Dough Donuts UWS,Dough Doughnuts UWS,ok,https://res.cloudinary.com/dn7vbd6nn/image/upload/v1783420985/restaurants/google/restaurant_7816_google_800.jpg,restaurants/google/restaurant_7816_google_800,800,600,139902,jpg,1761,places/ChIJxZN5eABZwokRk7O2SFhtjgw/photos/AaVGc3lT5zxarvuwFtpG-i5GCECE-PA9U0tJhe-qWVgyUoZ6wsY1IUDMQzhZs40VBMj2VDXVgfoC4v5UvmIgGrVTpFbEB-TtijwocucXE85SsC513gz4FLUOVWuuJLvJ2lKjo8SuV3AWCdwp1yU_WP21b3qUBaLRUBGwvzh8WCqRoBvS9QJYcVjUFNTanp-bh29r8v4IMEfT8_Hz7HHvGFMN1Q7agjCjO2R1XWxSE03PuH9NCWCs3u98KcaLWYhqzZdi_mXD1GE0_qglM7DNHLWqvHmXb5ocoOulcRS2G9p90_vBcT5VDi1ThXtyBt3B819o8s8gG3rAIT7oCIfmWen7rpfUXTgriubnKgO0JNGA7XTBW8bxYKhhZF1iRjqzka0W8yGesjFZGWSOU1wQoFTw3LQsUF3hFNj4fUDcU6gBRtYlhd-Bf3Z7w3wnmGwL2EQY,Dough Doughnuts UWS,
7817,Dough Doughnuts,Dough Doughnuts Brooklyn,ok,https://res.cloudinary.com/dn7vbd6nn/image/upload/v1783420987/restaurants/google/restaurant_7817_google_800.jpg,restaurants/google/restaurant_7817_google_800,800,600,223429,jpg,2008,places/ChIJgV3G8EVbwokR3Ke-juZ95Gw/photos/AaVGc3niLwRNzRhvmwZEbLpSC5zY44bzamu-eoVGlcNk2W22oIXGZd8QlAhUYQgXNYt2x48mxX_xb9g-Bnbdn7iTFrrpHnlqasZhHvAhh2sMKAZny0oezYFN5tWxSUArEajQ1_saRRISeq9X8raCj3ZOWkQEOF2CyHaiGNqP5l51Q37E3EHBafTg5-c1n_XHC62NVePoBvE1M4KPH0WiUC93jF84kL1RhcMJIRrBovLS4OXmKtPoX2obTpYvn4vZyx1o1FGqHzpdmKvDV82dc9_wJi5ncLiezu2xqdVBkukHWR8lFox8tmAuWqWaIn7aonF447QSj_HuOkPvE-3EKDredGt5KdhkgnDJW_6k-AUHylG1cdmflbNdf0CFP3hIIUhuRvJ_Rcc5gDUdLkVuBlb6TKCEagAwZXJkLNtjfX3yNJwhiYA6,Dough Doughnuts,
7818,Dough Doughnuts - Astoria,Dough Doughnuts Astoria,ok,https://res.cloudinary.com/dn7vbd6nn/image/upload/v1783420988/restaurants/google/restaurant_7818_google_800.jpg,restaurants/google/restaurant_7818_google_800,800,450,124237,jpg,1544,places/ChIJLQTFJ1tfwokRYf7dYAf_JXk/photos/AaVGc3luI5kDHdAg2i--4BXb4IMi1faJPbqm80JaTKzZq3seIvJ3lkxWsRsch_QtRUl_CxuvzuYOyX9GYG6rThMG33mfIDQURGY6IGIRqSfSED-jhG2n75rIuCfl_fBH0S-vSkq2fjwPF6uwTyflu1mPOvXPzUeVxnN655MCaBeyXSw21zRhizTBQrVSZ9GNVus_ELK9e4UF-c6NfnBXf4fd7hX68AinQ9oY1pz8yVxhTJvEcHS9z1P5DwfOk22Lnk_MBt-zoPbqeINH95aXO7V1xyIXNCBLo5MC2oAArDO6MqbL4SsjaF2IEiRfVI06NtCqu4s257BEKsb-lyZVfnoo8ShO-_1ihUV-L0J1oQeSQt0sq0xDmH7a2DZo4TYOBZaxtKLl2MYaWoebIc_9cbRHoBO4qz1mBdYj-Npo2__rqY2mjO78LbeiAXvkjLdi78Qk,書画家:田中太山,
7819,Dough Doughnuts - Flatiron,Dough Doughnuts Flatiron,ok,https://res.cloudinary.com/dn7vbd6nn/image/upload/v1783420992/restaurants/google/restaurant_7819_google_800.png,restaurants/google/restaurant_7819_google_800,800,534,797676,png,3695,places/ChIJFQLWr5VbwokRnbtHDMFSBeE/photos/AaVGc3kIZ9ygDDoBuDIEQp-5LGHvEuohJxycz0v9qcM6wDdi6SemrOyl9D4R9sBjDFnFRdtiArpt7OiTpwhTGLtrk6bY0VVbVmL-pDtfGglHDZcJcqco6YIeZrbT-75ovmTk_ko8Gj1mg3J2f_MZn4x8HHvKA16aEJK-yL0dvUGyMoidObJVCuY9aucrsZF_pdq19sxo8A5Rt4LIzOWsSfu8bhgPr9oFSDME0ksZDVSMlsefyyyXFlJqj2aw2_tu7JQziKY7khLFfkfXHyu20MOskA1Bhs05fnEluMKKpa_sKJ-RJjePt4KwLSck2ev048CpyYwe0ovy5KcPkHycYEY4YJPW8Ohq2dOvfhQlgLTICH6Cr0ZnpwEFgsCtLE0F5U0-aL1yDCjmbXOdnezj6-MGNAEqwLFBcUqXFhnbMC4SrnSOD9ZB,Dough Doughnuts Flatiron,
7820,Dough Doughnuts - Rockefeller Center,Dough Doughnuts Rockefeller,ok,https://res.cloudinary.com/dn7vbd6nn/image/upload/v1783420994/restaurants/google/restaurant_7820_google_800.jpg,restaurants/google/restaurant_7820_google_800,800,576,173342,jpg,1775,places/ChIJfZTvzTxZwokRW8607L0Cu40/photos/AaVGc3naKOQXbEyIKZ0AAGVoadTuZumy-3qOZamx5TUIKHy4k145SNGPzNEKJWcOd6nk2KioihKmilqWJLGPdQWn69WEuP1xHOHeIhnCgy3QSDLiLBlEt2tOYoiCgbZaQHw1QerF-voWgU-1zLRn6GxupZrTuWqX2UbM1aZaQGe1CNqyN8lQ2CflzPNddiWcP7HB2RIFl5EfwmCx7B1fERc9SSS6NebII_GLhNS5sD70Crr2UHUVw1tkqWYzaz46mzxi96sB55goMHrPp9B6chlQqjDREtPqedhOozGV352SvSN5QTTfvNAz4ui9LaZzvk_mMrGdd3X93GQ9vwtWG8ZenJ8sK8SjLLlqarsLFTqPdOpLjcuGDx_rEgdpz31rc2et6roX-CIJiHwcrx0WhCfva5TX7uSNIjHa_dxckqRaiM2oZox8hfv2Fhf-h3DguxTp,Wattanachai CH,
7822,Doughnut Plant Brooklyn,Doughnut Plant,ok,https://res.cloudinary.com/dn7vbd6nn/image/upload/v1783420997/restaurants/google/restaurant_7822_google_800.png,restaurants/google/restaurant_7822_google_800,631,634,699387,png,3479,places/ChIJTW2Y265bwokRnDb5jZXdgLs/photos/AaVGc3mfhoud4YT9hbbke_BUcEGy3gdKe1GpjucN-_swLMY3Vjtq1OSh12aOyaeXykXBUjPa7fZFR3B0Sl1ohHZIp7XqHFdtahJmqi8_ohEgCzlJ8UQhUm6542V4qUYtHohYEbt45ck5RPhDftFKiRiiF-yuBLXyKL0cFjVjXRotdcr2pEWixMvMtx_CmvaPJEU_2x1lTCmfg86uMJFMztec5HWukh0RFNAv7yyo8fXx_AB1sZhNX1zKf1_83nVHjPlHmwb6DkmdB83fJ13BKJXE0YI7DOks0Nuh88Ag9EV5x4TWu-xIw4HPFBaDNQm5bq720n3Os2BMkrZiwLMhSjl_b4tGDZeoLj-Ep8Kj35j5aCpp40VFLu3_d4EZPwWE4G5xkdeBoxCLNdfVNwZ_wFR1ff1-govQv3fzxVzh52SaDva2_w,Doughnut Plant,
7823,Doughnut Plant Grand Central Terminal,Doughnut Plant,ok,https://res.cloudinary.com/dn7vbd6nn/image/upload/v1783420999/restaurants/google/restaurant_7823_google_800.jpg,restaurants/google/restaurant_7823_google_800,800,600,139025,jpg,1528,places/ChIJd_Zm3yNZwokRskEederXJOI/photos/AaVGc3nY_AmYNqrRmhlEjBE6Oa5NdWXIlSPdexjYvb7Wr39IPZW8ctkjFT23L2Et9yZ4FCv2zvg7_ksPEIFLGfZXJ4gJ1biK0v02kZmaw4SiKM9-HPiWooLmI6oysSn-k7piRMJWZwHhyAH1lHfjf6PlFVgKG5ybh5X9VPTnqxKia7tH-j-7DWQ4ZJnVzmB2Vx54q_HUVbfhXHEXTcuGS5_IbucqCRVkFNQJ-LyjTsWLryiI5JhJAiHnoFgKwIkCH-7zIL0G-JYVsZsRk_95s6Xvzbhyfg__0C7L1ZH3zlIGZljScFWyhVyf-uLUu7lRx8lRxQ5Wz8_yB2VEfhrTUPqEC1dW8p7VEV95iaM5ky5bZLWjz-i7IX_Km1MejYKcXK7uMFBhw_SLxV15hjL60AvT639d8fJ12T0lcvINRcbOQfeHKQ,Doughnut Plant,
7824,Doughnut Plant Lower East Side,Doughnut Plant,ok,https://res.cloudinary.com/dn7vbd6nn/image/upload/v1783421000/restaurants/google/restaurant_7824_google_800.jpg,restaurants/google/restaurant_7824_google_800,612,612,137192,jpg,1367,places/ChIJ2SZLBypawokR5g0jFxaMY10/photos/AaVGc3mQEHVKxqiuob55mhiEmP8hjviI_brkyzl7F0K-x4sV7bWC8mi9ZWb_PIEtxLbZfMXq5Xr7UlRDCzOOeCedZi0Ek5UoFqbjklPTMah91h8lL79jvREwecNw5K7ZMQWNp4uwcDOiiqWkVCeeCR7U8QBOIqU6kQ6VXSk6oAZTA1nAF99ILyWqTGrtEmvaowuppMimQL62QhsnJkzSfq19rXumf95-CT7a1xLUc-Df6GNpMdThLuhJXGBZ0SuXYW3DjWXiAZCTYF1E0760zfwqsKBiOZ9si36T0oP4hvuehEya9D6hRCjQg6cjZlYBdjAYyZl8vp417nbll0fdwLbtvtu71g3lMy2XBkNysEmiuBr8FklLC4W4z7iwSGBE0XA87N0usCVN4Jx17OCggsqWjKgCzgkiLFtEiWV2kJPJW3IpZOM,Doughnut Plant,
7825,Doughnut Plant Queens,Doughnut Plant,ok,https://res.cloudinary.com/dn7vbd6nn/image/upload/v1783421002/restaurants/google/restaurant_7825_google_800.jpg,restaurants/google/restaurant_7825_google_800,800,600,152358,jpg,2153,places/ChIJHw8gTtNewokRMYppdIbUghI/photos/AaVGc3k8mgS0RLCZmjrWbwUYKgLkJVXaFA6lejojxI44pD6Ue2pzG_5rqwKYICi0Z-K01Em8tm6bHAv_sYrXOMF10OfUBWqi9nFvhNU5_3h28S3rUw_DJYcPJ4iLHjm7_x40RtlzuamTc7bshT6XR0t4QAOiSP5MdRcNY8gm-7WopjQVg8WmWQcBp1w0HHszBj8uONHgoDHcyEcgQsMDH2bmGWyQuDmhd-DdGFs3heJjXhVTOYe7rUBsbpK9WvfimbWuVKnv0wD7V0f9HItD1eTZy4NkfAZJkVzrPEFmAd4pF97JcYK9GGeyNLxWtMlLRA_3lKLvax5ZrfN0Aed8j-3JKiRvnmC0ymxcwClhrmkj7AbdpH7GIyV5TXBUvpdoRCYDZdREQX7dQPnAu8uVbq5bZwWcb1XSd_xzjh_x0f6ukvD5MwU,Doughnut Plant,
7826,Doughnut Plant Williamsburg,Doughnut Plant,ok,https://res.cloudinary.com/dn7vbd6nn/image/upload/v1783421004/restaurants/google/restaurant_7826_google_800.jpg,restaurants/google/restaurant_7826_google_800,800,600,203791,jpg,1952,places/ChIJk94D2aJZwokRjaTjZkBPAZ0/photos/AaVGc3kMZz31I5vpefrJJ00d8ZLMIXPtOSeQ2ANivroDHNo741dOz1VXFYhgxqYvLcVwJ_eAlxpXqhx43FCF6WYSGiJt6f3i3HXIdV8EvtW5iq07w-wdt2mQctcc7Pz2du_bTI89kkVcSiF0_55ad6neuBJENR331UXg1yoE9cRjF-YkyRFTqMDuA3xYxhCZfbNfxE4MBIBLQtyKOFbOtL2FBzLhITdGDjYhpkfsJBx338ArHNbPrqEtRWILQWp_REnMNaYKh2-AZ38EYXmowai-WXNd1hdly51tAYQ13XKrfc5eMBs-xnz9wCy8vsTQOItquq3p-KUPD1vMNQ5zbpdeEsARsIGN86AFBFclQNh8LcNyjW4QD6p0mSTN3R4LeHPYcVE4tPIRrJvkAzvr6CwHF11OZCfe8E3Molzuusl9Qp-igoss,Doughnut Plant,
7827,Dunkin Donuts Kings Highway,Dunkin',ok,https://res.cloudinary.com/dn7vbd6nn/image/upload/v1783421006/restaurants/google/restaurant_7827_google_800.jpg,restaurants/google/restaurant_7827_google_800,800,600,89789,jpg,1989,places/ChIJLX18sWZEwokRYasDBKLvMAA/photos/AaVGc3k1uVN1_ev46f9GJTb3kXoT2S6mKYtwDLOzHStylMkNm5Q2vjwlMGFHoRafbd0FlR4UYtcmKF-Fn__gFhDBL519KvaK04M6hbeZaKvSTawzGm9Ztp7fg5FkEbZzy3pikGaas79hVfnUkhwSQjOzxPgIY1bjXJfgABcI7ID4Gfeywt1az1YCGZEc2b9XKRE-C3CF7tTj-S4qxB1l-PKcM5NaMDnvnw6Ce9QCSxB1uNAFZk14ITm8cRrpJu1tC78cpeFAUKeax_3K-0aGTpHHdVq74bUiLBkYOBLzLMIA9NSfg15hEY-vrwqbYNRuOzHciyOYhNTcDNNno2elXD5oUTj6rt7IKDxsa7ixLIG2pXRBP_kkNLpUY8cnhTm0LNRs6lAgC8xeiIvYA9wfJP2U3MkFgzfATnAbOWiO3gc5wEI,mohaiminul sattar (Shourov),
7828,Dunkin Donuts McDonald Ave,Dunkin',ok,https://res.cloudinary.com/dn7vbd6nn/image/upload/v1783421008/restaurants/google/restaurant_7828_google_800.jpg,restaurants/google/restaurant_7828_google_800,800,1067,182389,jpg,2010,places/ChIJCUQRt9BEwokRbGcY-QwDkvw/photos/AaVGc3m77Dt62KVovZmuQOCdKhJGbBezahRrlwtdLueUyf4GpxMJTqXOQwR4BUlzuXJfmuHQTKFPWCmACTDk1Mx5EksfobjHzD7ljPz16SyN-71MHmvRT3YNKbyTuw9wxhA5DJONNx8fkoFpPlNqMqnqhMXhHlL5xv--yVJI0AdqcqDDQq-vPiBBBjVWVcoxIJZ_TlwvU-Ox53Vcafb050Fxw-gM_B41kGv5C7OKFk8EVhUoGnY06fbRb_5dVYlW5LPf2ihmNeb1JcXejBtTDgUaqB4fS5wXseiMTSbPq_01uEWTNqp9InaWxXcBbuT8-sX92QU48nvHMiMq4eJ5Ks7E1YUa3JBHTJL1cDih6TTwkMsoOsFcilGw9xja_nLCBgnWkB1cCbZuWmNwxq4a1Zyl2NJvyJexkboWQGubmpwbSg_KvA,Frank,
7829,Dunkin Donuts Riverdale Ave,Dunkin',ok,https://res.cloudinary.com/dn7vbd6nn/image/upload/v1783421010/restaurants/google/restaurant_7829_google_800.jpg,restaurants/google/restaurant_7829_google_800,800,600,94315,jpg,1547,places/ChIJu8EPg07ywokRJ-SF9rO3XMs/photos/AaVGc3noviUWLNomAHBeLG96Ip-XvshIDtPGEIFrk_D_Ohc_pfjEFkPpBPVUkjNE9tKYQE5jPDfZZvUHG3gcrN97stBKrrTUvPl3ZiRB6NKdDtc60m5yhvhMv7LOCw2ztdJy7c9pr5-RdsfFiyaoKsZ2HI2fxnpIYI3f14YCOqSwzXtXDAm9qVISMCVmJzlA8PLJAY3GSyBjPdQefDx2Mc0C4DuWenahVcBeX-CMslZmAPe1ebE3_3SmFjJhi_Oeg9pt-K0bCpVQ72oaKmDZjRrxTJZue9BRAeS4jK8EkB4LSaegBA2iWVJGYFveAcnN78azIpXsuRGbfaeys6UNG_CyLW3LNka82LnbWdAm2XjJNmCcQAXGZx7lNBTaQ-i4tHGIWFckcO0qqWudkjB7iHAz36OIJYwvLexm7Oh0inPwIESDb-Vv,Michael Mah (MIKE MAH),
7830,Dunkin Donuts Staten Island,Dunkin',ok,https://res.cloudinary.com/dn7vbd6nn/image/upload/v1783421012/restaurants/google/restaurant_7830_google_800.jpg,restaurants/google/restaurant_7830_google_800,800,1067,224091,jpg,2700,places/ChIJC1IuMJxOwokRG6c-LCfokZQ/photos/AaVGc3ndpB3fltxBsMDpZgWoNGNBRvr6nGmeZdRCNfZmtqN8JnyUPTS_iFinLenwTlSvuFb7uJu18M5YORM6XuL4IhWBQe7WkqSvVdlYgrhQEgb247j2IGJ8VXYmfCnQWrSJ5U8Eb90EKPWH-RjoUCCZ5a3rDyIa8PUb9hViQuKOJ9bO29WDUbWmRyPWCYVFSte2dNX_D3Bqto3iftipUSpmktiKJMPdQSK0yKxp4kG6sV1JbmgZzaTnY5-FwNWXljczeJpp5rF_GG6gnMuz0t7OQekEX5jxCeu-q-K9oeb_Ojjocc1SqAE29htgG75SNfyaQuIFoRVspj3xqWwtRzk-bybSHJfHcw2j3hmHOeNfj3eqomrZmWmoA1LvL9ne_EFRtwTVFEEXLbtfc2JuXHQXDcXgkQ5x7oRZ4WywTs60YCg-7Q,Shyam Patel,
7831,Dunkin' 1903 Kings Highway,Dunkin',ok,https://res.cloudinary.com/dn7vbd6nn/image/upload/v1783421015/restaurants/google/restaurant_7831_google_800.jpg,restaurants/google/restaurant_7831_google_800,800,600,220487,jpg,2264,places/ChIJu0U_FZZEwokRCE29TPn-7Mk/photos/AaVGc3nZk4zUiI46_EGLcoXCTvO-Z5zpDw77etvy5d6s_OmGParymkcoK3GGAVLuZolZC14bBEuLfGb1yHmfXobcPGs07meXQlrzqqPn9W5byRhEZWJeKrcJdEYskYUxT-Jf_BPelS5I9zetgPIsEg4eTPodNY4kPxGdmW3zXWxmCtyiokZePX6mdrompxuCPc-kjijCAoDzeCzsMQkSd2292fm2MrHiuqex7lDw1XNcAQnWwy9w5us2_x-SP9sdP2-Hnuvj5M_mQmWeUDQI1sCpWX9EDlt8I4Q93Kkt8LBmMvIP3Jje6CXugfTwRRcmg8mk2p3QbtDmLSG3XOx8diIeq0ywnq1srsdxHx6Kje2xHolLDIoGNXnBJthbstvYRlcWq46D-rZDhCVK3rPmWVAqTQ0fpc68T_nJwwFlUnv1Hy2JUM5Z,zetov t,
7832,Dunkin' 2419 Coney Island Ave,Dunkin',ok,https://res.cloudinary.com/dn7vbd6nn/image/upload/v1783421017/restaurants/google/restaurant_7832_google_800.jpg,restaurants/google/restaurant_7832_google_800,800,1067,288888,jpg,2064,places/ChIJIf3bl_REwokRGOKEIiF9iRo/photos/AaVGc3kAhr1N9_VJYOJsp4JdHmH6ky25sQrUIUpPnbrk0aHjbpFbnxTVxm9570fZO2qL78h70zfb-_c9IljSksFlmch5FjRamWQFkIWCEolacxQApeyDddxj0UvkMZNKLoaCMq6gpM-9XtttEp-tqwRP-ldzoDEZ6BYV84x8AJjpLg600n2Vs0s1983MURaOMGgrIBXC6L7qmEESMMW2XXvz5vdhvoWLed9UjORRfoRK_WTspOnaOiV4tFWAQFekRvcvsaMP0Zkfi368JxC-lGzbmYDSVC4nbuuawScmsMEXZbwKFVNTZKmQmzsa25S9DdPIBOEcbQKcyOlB0VFj86Kesaq7Cxpr7AlOAWVkcbr7R8-X_-RIOHjiXREGS1WWV6HGYDkKV1YF25mHYw9vvCHjZW1D6_xKfzFeKn0kEh2bQUbhRg,Sergei Naumov,
7833,Dunkin' Audubon Ave,Dunkin',ok,https://res.cloudinary.com/dn7vbd6nn/image/upload/v1783421019/restaurants/google/restaurant_7833_google_800.jpg,restaurants/google/restaurant_7833_google_800,800,600,136435,jpg,1736,places/ChIJAwQaph70wokRM5l1C5LRQN0/photos/AaVGc3kDhw8apsdKj3EBpTi6kvSOZv5jqo0ODF4vh_eMx6aoEfKYrkpsQnRFuY9CoG1Tt5dYFfiln7UvaEfxdeqBx4reu5piU2cncsJvTkg7Q2nxYHqAOa3YCO6qXXmrQvawjxQN0oVU_MJ-Vfw6J2luOKINKqRXdNXCphE6N0QIT65sx0en7CCCSichk9gEgbYNDwi96iLSHf-4v02HpkxCtlJ0txXfO96XUDVxaSuUsmtEzH45wcRTC2fPkhlR0ke7l4bFvJt7Iy_mGAZfE7n-VXGlMrInBk7yuqFz7pfPsYEvWrIpBXVViyyKPL47oY0DN41LUl-yuUVKg8TbORGL7kpoz_sxB_lqHcucJuc4V0LWqrWI9QMpHtr75Tcj7LlKEVrdKHDxBNwlbwEMX0073YJGwoXMNAR3xCfqOcjRpeW0r08,Santosh Adhikari,
7834,Dunkin' Avenue J,Dunkin',ok,https://res.cloudinary.com/dn7vbd6nn/image/upload/v1783421021/restaurants/google/restaurant_7834_google_800.jpg,restaurants/google/restaurant_7834_google_800,800,1067,247643,jpg,2000,places/ChIJP79rXMhEwokRsGSLMwOVsIA/photos/AaVGc3mb2zNW20g7EszEFdpF53X1rh2ktKIOCGxgXIMccxqZhSWF2Yw-yOrVXSsXzfu8cVwGWHPGx3_WmJuYiKT1yKEPgRFvqqinu_3asTlRDOpZtnOYky5TNjSaNw7lYU25l9r7VR3NMwDfEvSlWN2Ddl4UJDCrVmzJ_YzSx0lbDmJN1-GgS0kM5YwR1fgHnEkfzVnyYrEleN6R_3qESbwNIrWBMdOHgKeJC99NRyNkEOaKAUOpV3cHmNsh7lAyFnNOC9DpUxJ31c38J0NAsmvBAIEsGHQvhhx2zDhGJpO9JzbQEAK3ZWLaCYTs6v4-UlSegLoRd6R431ur7Nfi8_kbuACtLnsjzuQP0VVxy3QcokgOyL5UG7D20aeC4MOhFpQaPbvH-BsiQTUZtqyS4WS9uB66WcZ-S7R1DjQB0kkhRD4,Yuri Mordukhayev,
7835,Dunkin' Avenue P,Dunkin',ok,https://res.cloudinary.com/dn7vbd6nn/image/upload/v1783421023/restaurants/google/restaurant_7835_google_800.jpg,restaurants/google/restaurant_7835_google_800,800,1067,283950,jpg,2156,places/ChIJlRB16OFEwokRQz6b9BNToAY/photos/AaVGc3n0LOeqQERWG5bIVlJejIbjIoDde6jrRy3Lzv7HOv_JlI-h3i4AveOw3J0LQsmwVBqsPrlgehSmF2Nt-HMDw0b4yyJfcaXjxRCgZHupnNRY7EAnPfVqkHqIL5hF-xhtlKSb0Sts0Tn9CLpPV2TDnlNpNRMku0-qjCK8y72iro75aBqWP169abZDeld-yAEXsSfgm6bbiezbczRL6KiM1kjMOQ0JdWj1B2m38mzEM-G1JucyB9VHctavSMknqIJMFkO0PkO_myWnS-qcXNMDQLjdVA0T_qwgkTP8EURdKbnsPk6cHeHrxvueJ3vARp86qfCvAK8aGnvzUMkSy9lwD4xg9ilmGyF5MTEcoTo7vOqZwJg1cYFgs6iqVYaWHyYnn28199QrUKiE350Bey6WrorfR5nlhWHe2FCKbMfcsmwG02QzdaRlabKzuyPNhA,Amrita Tej Kaur,
7836,Dunkin' Avenue U,Dunkin',ok,https://res.cloudinary.com/dn7vbd6nn/image/upload/v1783421024/restaurants/google/restaurant_7836_google_800.jpg,restaurants/google/restaurant_7836_google_800,800,450,105220,jpg,1462,places/ChIJ0RIGkohEwokRG3CgmpYyQMg/photos/AaVGc3kPLR6gdy7mjmk4MyQp-VTZk6HI1pp8tuEDg7TNYtgcWdyz1IzdgHJVHr82EfNaDBlCTqJA39k8t7FYQXEth7KZHkQGWsIrLJ7Ot4a6iZaMJZnVMDPmYpZOBkdV_rIw5Ifz-m4-bol8FD2wKl9rvF9CuEpP8PJb-3PC9cNVZJ6Tkwmi_zi1tEoQbhkwQRezW3hr-Ho-3P2BJtYlI9Br2T7gd_zYgwTP9N4d_2UV0f2LDYy1bUsWY1jnOV9tGn0BrlMv-WFIO8ZnYNKHnvglYcb2qffMQtrbO-mBJ1sWw3QReuWGrX7wsdJwG2jLGmkfh7XeC7Qq4OUJE9nHOyX2yvq3PqQ0dagN9LieGJXHzfG2fDvK-w-urgBF0Li-HO7fxyDdVedizu176KiafScQnnDIdU8D8_GLXaC-GqzulWHcBA,Dunkin',
7837,Dunkin' Coney,Dunkin',ok,https://res.cloudinary.com/dn7vbd6nn/image/upload/v1783421026/restaurants/google/restaurant_7837_google_800.jpg,restaurants/google/restaurant_7837_google_800,800,600,139362,jpg,1513,places/ChIJm7DuIjNbwokR1kF2fauGEas/photos/AaVGc3kShrQPK6wI3WIpeeRs1WY_8YjG1QzJ5z1nrOvuopIken9JN6khhgFiqctFgPsn1sUaPZ5DCq8ryKBaH5DPqp5LkpyxkiJUAAdKarPa3DfSdxZcHbumkDi3zUDJJe4AEIgwWv4ZMshCg_Z7QHmU1XWXDl4Kzw8_HvKAmBthD8F_rdABqucM9WQMCzWCvcBWFR1QBarElHDIKj_S86M5vFUMXuoprYaVeroib01P68v9DSXVNQ_cv2mph-i2cJTwLZG4F3nBTtuHQyX1Op09RMgcCoqCKDx7fTeqOpD09LpJQBu64OrV4_jSwD2wfaOC3HcnpLavr40acW7l_aGhbX-K1OmDMLLX-COIGJODWt93xTijT8TTXR3ZFq5P-2LL_eHZuhk05TKYXOVPNKQt-V2ispJ4LNlrR4zHETd8fd6s3Xm4,Khuram M,
7838,Dunkin' East 86th St,Dunkin',ok,https://res.cloudinary.com/dn7vbd6nn/image/upload/v1783421027/restaurants/google/restaurant_7838_google_800.png,restaurants/google/restaurant_7838_google_800,480,270,60697,png,1210,places/ChIJ56GeZAT2wokRhGnsoJqtByw/photos/AaVGc3nnVZh2WsK-7yFEWwhFiTl20cO4dYUkbEh2M2U8y1xopggqZjXgac7mYFd0Gt8yZk9I4bpL0fjb9W610RUc4CldZprKhm08FOLVeSXgV4YaQUQw8TwsdX-V1Jl7UMyvEeEjbeISoFbRk0SvmXn1bdQRegrDpPXerH8fsQ3ypK8ld2Whkf5Ne2r4lR2A5hgkaWgArM8ahzRtVGmuGAQ0PTq2e34qWCJL8NmAPeLSalAvK7auKaVp8mFlYnTQCp7ZHV-6CQXztpEX1aIfUIcVSL0dgxEAA7CicQyNbqQyEuhrMa0xqrNUB5K2HV1BoMNN7tkckUoVyZB55n0T_yeaOuBo67-TMf_hDkeTrdFD4VwFeTqLK0fgMHwDJstpq1DcCMxaFwXagTX5mzG4z4X0uFTx2ET34NegwSt7ElJiusGc1OSk,Dunkin',
7839,Dunkin' Elm Ave,Dunkin',ok,https://res.cloudinary.com/dn7vbd6nn/image/upload/v1783421029/restaurants/google/restaurant_7839_google_800.jpg,restaurants/google/restaurant_7839_google_800,800,600,142297,jpg,2012,places/ChIJSXQYr8BEwokRmSWaYUCFmy8/photos/AaVGc3m2cekUUxolrUvDijDYZss9dVy_tl0_itu-RxE7mzFMFZYwo8tIntJzEuQRnuRaRmZMo4bImxoZy5YK4cwRVRa8OxFTaDm5pjbJJcnJDY9X8ulROmyogVuC5HFc160KpJK9IdnA3lCBfGIkv3WDIL3Ab1YJno4HJG3N6nZ7eudEGUpQC0Hk74URzqOHXKNDERs3aR-fRQ0y88c5j4lfetb5uor5t6Kp0ryck3Fw25jtQLI7lhiB-mLWphqtxUkJC8nxO9EdnkaH05_aLrVJ5KcHbxdFR02rDRK2MRE5cg4gOQkNI3VaaVkJF3tOJlYNc4VvNKmf5UqBHwRY4ePa3V33fEy7iVi5f26lsNxkMefRrN84axjrKiihnGZvSnSnvBbv6AekQGCCozSYSc3lgExgV4S6dpDt9t1D1tcdzHRs0tK4,Ira,
7840,Dunkin' Flatbush,Dunkin',ok,https://res.cloudinary.com/dn7vbd6nn/image/upload/v1783421031/restaurants/google/restaurant_7840_google_800.jpg,restaurants/google/restaurant_7840_google_800,800,600,168967,jpg,1799,places/ChIJ6blfyqlEwokRcg5dhOn3YEw/photos/AaVGc3knh3n7wEmGFnibkr9HabPU3O02mcD7oobRMcEESFhuhpGPqtx2V3iLGM_8bchRM2k13D7ZTiByHXsTkrenCcY-VKRUruUWf276x3JY2uDQrn1_GTV7K02xH1vfHt8y9wyF8qjjQdde2Qry8pupZWj2ShEp3Cw-1ktlA94UlUAEJ0xjXSerTPMbaaJq7CvMgq839PcOdF505x6utSxU5wIQIvtO4ks-Qnf8sHmj_IAvwmRcZ2cBw-B3IiocDmim3QPHbgQ3C6lsPUGIknjrEOnaG9CeyIAx-aGdeTumCauvR75GA8M5ZSQCKkcHT9zq0YcTIff9EOzXQ-MsBv-7XBw5R0zaUOU8yfEND6v_ojjLryneCl3ncRcKGmRTfBs9NZBtxL_rUe0ANo9VDhiDUuDePRvfBtJOL_gvhERgywkOD3VCUm8WQW6P7etn9cKv,Miche Matine,
7841,Dunkin' Flushing,Dunkin',ok,https://res.cloudinary.com/dn7vbd6nn/image/upload/v1783421033/restaurants/google/restaurant_7841_google_800.jpg,restaurants/google/restaurant_7841_google_800,800,1067,242015,jpg,2037,places/ChIJr3naxOxgwokRC8x7RgtHWH8/photos/AaVGc3lv96GIm1r8SP0UwyThaXqmNMWmdQ_I5s20_Mfw_z2jN-tNi83pX98rZm-i9PQru-IMvxcTmuqza2XX1H9SIUNWGedP6UaAeZQXWz1SDv24gksgKGvHE_B5LpMpqp_tdjO73n66hKf9woQB9PHnDYIioDZsNdCJtmgkXmEHNwtSZc9Jz7ARKuHghn11hq1jYslixLAqyUS_UZbTECp_yHxKtc3fADx-Lffgbz5ob44cgE4QrqWhSFMfTTchNxkZvmZ3u0LS19eLlxrfWCUigV_Qg-JpI8IfWaK2Jo0bW-mI3BS39pkioAN-DCuuIBuIg1nLYaCo0YMzFWifIQ-3VW4_DZUFjcOjO_werC6ovYKG2LMC-XHSxzHGu5gfeWouW2JNYJbNe5O0n4t3n3bAX7UwDdeufuYuMkcZ1DU1DLrGzzoxF_yAnQ7Inv-VyNLx,ariovaldo oliveira,
7842,Dunkin' Fort Hamilton,Dunkin',ok,https://res.cloudinary.com/dn7vbd6nn/image/upload/v1783421035/restaurants/google/restaurant_7842_google_800.jpg,restaurants/google/restaurant_7842_google_800,800,600,197836,jpg,2127,places/ChIJIyImLDNFwokRluzGkU7O3hM/photos/AaVGc3lfBxcq-sbQ0YBsQobXJOkdSyjY3EShEW9dFC-54_NefWYMIPFLClQNOuSwovEvD8JGUjEKxWG3_2Ohcq6Zkt6LXSjIkHdxrAGETmfRuBapm3Nd5g_RMltf3fhC9Enm7dwY11fgoVTN0N2sraCd6SGLZwzho98ATcCHr9J4m9cS8ivuXWtb9LxsD_BVXtDllW1tMsBmg2CCzLz3BuHMZ74vi0oy4cbWis-RxjmEBwmI8IPGC4muBQdZ3Zi74aBw9JZ8BsnOEm5vFyQGPMyz76SGS8UIcSV2hAhaoqGbZF5rxqXNUtWnz-cb5_dB8ijg_QLoZKCJRRLMr608qyIkXss2AapeFTmnUrKh62Nm6XHpHtFpBY7_6y_xRqqWnutxTjL7BBLqN8O6WpnKLlXb9rdIDXoGE3u8aqMyVBc6gdamuQ,Aniko Magyar,
7843,Eat 'N Run Cafe - TEMPORARILY CLOSED,Eat and run,ok,https://res.cloudinary.com/dn7vbd6nn/image/upload/v1783421037/restaurants/google/restaurant_7843_google_800.jpg,restaurants/google/restaurant_7843_google_800,800,600,132912,jpg,1667,places/ChIJPdjm-BlfwokRsRZegtmdllc/photos/AaVGc3nJEAQAxWmQOVKgnBmcHrkWieSAyl3-U_3sOfRqIqQag5jFz0yud2VchiCPBIZGDjf8dTbN1ZliNlVmlnBAz9mFoR2fj8hShiWlFkdfmIVKwLFvZlgTy9w1WW_YkZ01XTfAm_AH0xazGX7AQIjJCU7vsaLopu0NdLIFYpym8VAG7EG7nLWz5sUCvo-XIxSpnPVNHMDyH03jPFDY-kj4pYOSRS-VxpUoVcCvZOgzktimuySCOwqYFSvWicVD70HnJauxMbWqkxasL9oElbtvagce9zRfeymg3Y_EinCwlf8-0NJxVREOT9cq-VzNu0WEI8t---Tc8CtcRh526Two9Y1XA0c-5RUPM5wRqrgyrS8HP-nUw1D3MtbhcqEZDT5XGbuxQSdHrJfvW8Mz5ckHWIOLoeQiv5pKH4UA78paL4no-w,Eat and run,
7844,Eden Wok,Eden Wok,ok,https://res.cloudinary.com/dn7vbd6nn/image/upload/v1783421038/restaurants/google/restaurant_7844_google_800.jpg,restaurants/google/restaurant_7844_google_800,800,600,180906,jpg,1837,places/ChIJaYYHeQdZwokRJ65S0CE49fM/photos/AaVGc3k8LMx7q23Qg3eJxJj56YSiClWJvmqMXs_JfhaRUpQfVuvK5DAMvhKNp2NhnI5KBRIqBcDoNClkKMtL4HHc5i31hwDR96_bnL6iUluX_ROPNXMSiXq62CYPQwSzfPWSJckPgry4Jh7Z06DcxXUKlqQXQHYyUVffcnyvcSMVV2SkgjdjlOdQ4ZSr7P2SkIEoTlis2MCrIbYqM00irFI-rziMR8N-j1KKG-MuSj2o5Mf0JmwndxfNN23hVeE_QjXSWpqTyD-kzvs_HQMrtYiuETMQ27atKFKwZwcJoMglipeSBP6PCFD1Dte9D5HVuqjiXOn0ORk_Y2XmXkDA9ThdqzT7A6cT0wdbQAnW3ORBb2eferzadqW8wkxIV4JhbYtfoAqgrDZr-fYxMqxv-aGi0Zu0AE-TxldA5uEEW0JsHOrK_vCv,Zale Tabakman,
7845,Effy's Cafe,Effy's Cafe,ok,https://res.cloudinary.com/dn7vbd6nn/image/upload/v1783421040/restaurants/google/restaurant_7845_google_800.jpg,restaurants/google/restaurant_7845_google_800,721,1080,241635,jpg,1700,places/ChIJsVlfeCf2wokRlM4sVisrU3A/photos/AaVGc3kQ5zwb1rmQZkm6xoi1RKikpAZbmye7NhT-CzQjErmrOI9pIKkTbGZopdjth8fLdHnZNJGh84YEvHn5YHAh7ysp-pvJx-eXh6khYOTkm6smvUJbrIvELUx_wi1u03lcizjqe4xTO8Q2_Qf1P34HAxQdM-08Id27EuxuR1O-Wt5THb4rngO9BQBNOiYZ65ahbHSVZzQo3B-OXsTz75YSx2cM8DxEBTkrCNC5IObyVCmeZUaTcdaNtlzOg98S4yQ6y67slDT3BP-mh7VBp5-Hiebub1htvhk0naEysvAT_wcF56n5I7E4pu8SyNhzRAHuNoljReTQx-nEV1rkVh8oOE_i5LJs1vpjRdfZC9tNj0hqHA6BYL4YOsLp-SWxz_8QqTM_U_Xt1sT1XRu2u_bzWM5Jfk1YobGr1iw9fwfhOAxyu_xkDm0upgtBbBIIAcE2,Effy's Cafe,
7847,Elite Cafe,Elite Cafe,ok,https://res.cloudinary.com/dn7vbd6nn/image/upload/v1783421042/restaurants/google/restaurant_7847_google_800.jpg,restaurants/google/restaurant_7847_google_800,800,600,147561,jpg,1557,places/ChIJ2arfX4xgwokR0Kuu-FC_gIs/photos/AaVGc3nLTr2Wmfab2uSLejF2BMo06-MtddtcHRSRE-eJxOINEkNkcklzBUe6i__g-MbNATIc0kZh5VOrGAI9Yx3SPd8q5hPkyhXKXYXIiZaTcbJ_FC8LU5-tMFvDL4jJ-cMvEDoKPwCYgoVVram8qIlCHBhAyRq5kAT4nZlhRpKj4KeCin6hUrNWjsFN5TkiY01H_1tZVW0yUIESmOQ2lAyUY5CGaGiNwcCSeKlU30XZcct9QhoN-dmRDJjm4gTvUGZoNCuVb3cXyp7aD-2wc9LNehSP4Mmin23F3b11ILUfGx_OrsewmNbfCINTiMujgBTaoJmGv2U0XUAzN_4MrkRTRM4VwzwOFdAFgozsEcSA36J63MzNoshw-uEr9reYYU1slrh5rZsSWbfkTZelnqtD8oTc18pnWiKMEU_eHzcGGzSWNA,Elite Cafe,
7848,Eshel,Eshel,ok,https://res.cloudinary.com/dn7vbd6nn/image/upload/v1783421044/restaurants/google/restaurant_7848_google_800.jpg,restaurants/google/restaurant_7848_google_800,800,801,276545,jpg,2045,places/ChIJDRf0YABZwokRIQNYGUiPn-8/photos/AaVGc3lEsXsKdw-w-ohaU1JDMNr79CO4zrm-N8b2oiORraiE4HybXFRQ-eJ-d_Wrtx2NErET5XbFagkEzG5V7RwegfTs1UBnY9Nr7cLKV9S9v9yHkTE7BTYqwgw1rqdfrqXIi4KtgJEdvmsTc3NsqA7mLOIneT-CidbPkkpdiFK7f-E1wJaPF_QXZO8zutSaiDDBb0jW4VkGxVX0qvU_1deRpgTj9l3TIn5DoftKfNXtJB178be0fKe6C_U8zvMbplXPjydzM85EpdpESJiyLfr9Ux6CCVkXJ21XquzmSEF3M3zJ3EOaNdGtAZZ9hAe1mAv29ZGd_fEKDdIYxdGN0SKZh7kC3YkmM6G1ajdpyi-XweUgOUeWE8yH6Fuj3SeVAZTcmWwUHbnH0VFz1HaySZGmXCPsVFSloSBKKTOdoKL-Pt0IqosohCWu82fVFfJjQB4w,Jerry H,
7849,Essen NY Deli,Essen NY Deli,ok,https://res.cloudinary.com/dn7vbd6nn/image/upload/v1783421045/restaurants/google/restaurant_7849_google_800.jpg,restaurants/google/restaurant_7849_google_800,800,600,146725,jpg,1427,places/ChIJz_2fr8hEwokRfBn3jwtsLkg/photos/AaVGc3mrX6tRdP-L86t31kp3EalkV-dHqJy5_U1JTh-cVShF4VGay-kLVUXEKkQhxy9taKdlctSgKALGKcTJEq36SbT8EgFnjTdglBB7NOr6Aoftyw_Iwu_rhs3Ficu0_Z8HJPXkAqry61mFImYzxqG0q6s1D6NlyZXSkOhbmd5vP1ERzA6S4etZ75aOXuA_CTiFsGhEsMjE9SCsmVG6GJDXkbmZJnSEC1ZYSqGJg8a-u2SZVxe6vv8GQgPFT2kZW9IJ4ZU4OWG-nHbNcgKhVFxjKj4aDMzi1-248PeCfTpOFRYWZyPeFJTSeoEme6vMWR799X1vUYtxk44PkG7-SANO29uRpmGxMaLiJl7f6tFPeJvYYV0m1rMfB7vRsRSgBgskIgHySk58Qj7_uakm77dhi-ebTdjhtP10d0IczmkRxG5AS5u1,Alan Rosenstock,
7850,Estihana Asian Restaurant & Sushi,Estihana,ok,https://res.cloudinary.com/dn7vbd6nn/image/upload/v1783421046/restaurants/google/restaurant_7850_google_800.jpg,restaurants/google/restaurant_7850_google_800,800,535,46393,jpg,1153,places/ChIJ225B68hEwokRRE8EmbDr1_A/photos/AaVGc3nvBZjv7eqtUC99yN8VpI7TMv9MUIMQbk3jlmR_yR-XdA1BzqnaVLoTJMJX-EtYGYkJye6aChsi2Ee-kUDR5ZnOl6BAx3uuvMgG_XNWvAmWqIg1sdrvTavWGaCD5Ij2w3YRZxGE-pYXojvXX4D9dUXmY9gl2g0Y2Zi85gjjF_Aa6O5d_N29HfryJ9QHNMi2qwMVwwNAVtilvVdJGpYvEwh1lOdpbzhWRlc0KdDhKcqHMWbO2-yD-sC_NoVJCKHeB8meZl-c24p5yFr1rp4o15qzzBTBLddLMPbxAuEgcEH_Gn2tizVk9bVWUjNtXHmum4HTenfq5HXanHuOCovH4M8DxAc2H9oHpUqD-E6UQj2KVB5KY9nzV_BvMMUWP_Q_1Gr4NbjMCkemZlurPekVs1xdAkmj7LfFeW-CBdeJCKwnwnSV,Estihana Brooklyn,
7852,FalafaLafa,FalafaLafa,ok,https://res.cloudinary.com/dn7vbd6nn/image/upload/v1783421049/restaurants/google/restaurant_7852_google_800.jpg,restaurants/google/restaurant_7852_google_800,800,1067,258034,jpg,2100,places/ChIJJQV4hjhDwokRDizO9uo2UNU/photos/AaVGc3nYMuFsgVlgMPWSNHu0T9cMeuMwT8FaBh-OUrr1Id-Ow5AyHd0uuX_wsoXCkxIuv1G_hfi0VisM3DFf6XSaafbG1hNf0hmuYjBuhBIdofhCqlFcvQZy1vI0jR_El1gFXg5K_UQe6FtObjoes3f63fycTMbYU39vehXoco-gsfXbrubAj7cFV3gsjkmmD7EQgBjPexXbNZ530nJ28F0FBfxiU6Nr0A7zq8s1cIW5N8Ci1PvDJpXYT2Pp8TeMNJuATEYXrqYXayLzn3LeJo1oWj2IH_6Y3uznfEFEkCm5v7AoxmMNhE-7DNEDlrC294EtskO5700dWgrHEuwaZ8miZERwkK4a1qXHkps412Sz4q-y9Ag4moPM42L7nrFoyXGoeIVu6TWp2wb8HPfqxf2_urOmr_6jviEUdKf0utgJ3TqchQY6dlihTO7-Ck9Bz9AF,FalafaLafa,
7853,Falafel Crunch,Falafel Crunch,ok,https://res.cloudinary.com/dn7vbd6nn/image/upload/v1783421051/restaurants/google/restaurant_7853_google_800.jpg,restaurants/google/restaurant_7853_google_800,800,1067,296668,jpg,2069,places/ChIJrSrIEAD1wokR1ZazzJSDN7A/photos/AaVGc3lVA9CZGE5oyWolrhiP3BJqaURhjsZhuEAJbqFBgsX2ZGNGSMe5Z6BD0AkpPOdii8OH4btcdWZ8LuEAKgkLbkPBnRgizCuFax39W_Xv5AJSZuKvmIWKUN4f33c8zr5inNdJ1QXxrr_Ml66MnRF9Cqt5t_gUh0JUYpvgMCTyX1fJv_fzb4a63KnKCC0KlLgoN__shB3rqV8GXmYWWunWNaHj2F9UQw2bSb3FG8AAJoX_8tBoODbXqkIay7-c-ZBec6B--KdMn9FO1CBkzVrtJeBrwZvlSDyucVXltbYSRyKcrZU6kAsEw9Jyu2NyExLChpc2fASzKlsKWqtjA9KszxYqprOUkEm0slaZajLt03ngY8pTKDv7TOeOZ6crvfpbM0GmrKfVN5hcFlSfIl8gyH8OKa0yZN13o_w8etnRGOsMwrEx57VOg4UcUf6WFnn0,Falafel Crunch,
7854,Falafel Tanami,Falafel Tanami,ok,https://res.cloudinary.com/dn7vbd6nn/image/upload/v1783421052/restaurants/google/restaurant_7854_google_800.jpg,restaurants/google/restaurant_7854_google_800,800,600,167618,jpg,1484,places/ChIJVYUouLhEwokR0P6kpq9x2pk/photos/AaVGc3kbkpvK2_YW8UxUVDI92L5mNmoOd1zeSPuw67DGezy5HHIzvzvm_WOsaoVG8DMJt4H0-qqAciuN3Jwt592RnYmIvroHuvliul9A2jeD3RFkqH-92jAFqGwFR-9sckipwENH_74VgF1cx45aFMg06bTx9x6-SCPzWXF9dUIRIK8Bq1vjyLiJ4Scr6QTSCE4L6wmii9bkaAwWu-SPwsjCYtqLGyVyICwKZDLQvJHBiqPQUjmnTUU7MXT80RKdClhFWBBhGVU7JoRyvAsXVaFXqPJbN0x2_gXubD9mBxxu9tpjmlg7PNn6MM72y24SBcpnA2Ygdf5qwvuhXRDyZS2OIlASdTQ_AACFPwJUkA-2pYRmoT-EYxNiQQo_Nfciv1-mJtNSrzn79LkN17LF3EeNMEigEb46VJwjeipRocdzslxmCw4z,Hal Doueck,
7855,Fins and Scales at Chabad Loft,Sushi by Bou- Fins and Scales- NYC @ Chabad Loft,ok,https://res.cloudinary.com/dn7vbd6nn/image/upload/v1783421054/restaurants/google/restaurant_7855_google_800.jpg,restaurants/google/restaurant_7855_google_800,800,656,163682,jpg,1878,places/ChIJM1CfiLFZwokR_TIcN_RfJKc/photos/AaVGc3kzI05sOin4jtwCeEhImBohjKA7jAZAIJ-_AS7_3ePXW03kfq5aUMdZ37H7rQ9nCXqOPAV4YJXaZyGexlosyM_QzIZUEtiQdgTKqZxGb9eDcZi4yUcSk6YS1Y5rYMwhYcNUrBclMF8EiGjXN9KMtT5sXVYT74ONJP4UfW6dQBIOT8QsIsVHfwu8dsRjExtRAQtOydPs6P_ak6hk39bgsp21hyCMBd3Y6sLlOgq9DDesnLTCCOHq8D7qDabturDQ8n2gEZYakHRT-vYm4Xe52gdFrbK_xp_yu_nPhihwMjNhqv-FdCAFAe4P2UuoPgZYx-iMRT_qWD5l9z4xlrGg9oepuglKnDplIE_2Cu8OWkj9zglDK0ME98i4I8HnXc_9o13Qc4ikyBAX2XKCMFeDY8DwZBi0kFtPuHP8zcIZieOBGg,Sushi by Bou- Fins and Scales- NYC @ Chabad Loft,
7856,Fish Grill Brooklyn,Fish Grill - Brooklyn,ok,https://res.cloudinary.com/dn7vbd6nn/image/upload/v1783421057/restaurants/google/restaurant_7856_google_800.png,restaurants/google/restaurant_7856_google_800,800,520,429587,png,2759,places/ChIJ7WCOJatFwokRxSyjopBmUiA/photos/AaVGc3ml2sS3ls2xCzI2mVoHTut0PCfhxi1fJTtccn0LGai6MAH96RTDVenQGtcFkGPRYyqHlOsbCfLU-bFiRJyzDJvKsbpuf9vIRhuw--mr8GHkHjCgGRpJdgxqO5gGHt3nHoZFXjnqEMX7TcQq3YCz24memSwQh8uk4AFGlCY09W93RpvlOQK2uSlvS6yjm6gNqpkE4POekmcTIMxE7QdPboUJfII7mvjBGzQWIUhFV5xxUeTJII4PBhNkLkOpPxWSN5lhca72vHf5IqQNwYrFefOawxLh07uhYhtXwqN5Woldl6n1QOUv1OMKxmSzKrmUi8WlwP4vHbBzfrorP-m1T2nRjMdVfWG_WJpvT7Gd1Ju5Uq41pApN1zerstv-0WW-6dZM93-v4Obm-N5I6SXvQuvXMIjdvYS-ZXNsLV3bgIlU9no9sLvqpwQC6UaKI2lT,Fish Grill - Brooklyn,
7857,Florencia Pizzeria and Cafe,Florencia,ok,https://res.cloudinary.com/dn7vbd6nn/image/upload/v1783421059/restaurants/google/restaurant_7857_google_800.jpg,restaurants/google/restaurant_7857_google_800,800,1067,237668,jpg,2250,places/ChIJUWW7AwBFwokR-6ECQz8WFVM/photos/AaVGc3m38knoY_VZYz6umQCY6TZ_DyEzapVCUdEyHMnhRuEWXC5aoQxipvCx7TH-Hh6Pv9Mx3T6J3B5dzxwD_ZGTArhlvOeYIFWOQ83X-Y8qDW8JvXfTmaFALCGoIfvPnGPW_DfIwqBLqJO-O7De9MIuaEekBsnNQ47vYd7BcRLpNg3tA4EixmUbwKsvX7-CClVcdhwKVHF9JXnS0LO3l0aQZ9zd36-5_HGhx1F4LgFUigIvlez8nlV0xfJ-KqPHQhh8PsRMtqEA2UEqbQX-UUgIWE8cCXM6pFZSVmytbVrAYzRq23yoGU-4ICMTRSPdVExi-7brai4VYs7H0oMXd7_agzOnhu9U_mihL0PbRgSOcZipbcl6bs_6RAgIsPqeObfWj_pUzoEcN-4q_EzWcHM9xM6FtQOOy487BrMSd2zngCw,Florencia,
7858,Focaccia Pizza,Focaccia Pizza,ok,https://res.cloudinary.com/dn7vbd6nn/image/upload/v1783421061/restaurants/google/restaurant_7858_google_800.jpg,restaurants/google/restaurant_7858_google_800,800,600,162867,jpg,2250,places/ChIJP5edyJ5FwokR6eMajVE7j54/photos/AaVGc3lZ8Zmdmtwx71Cuenlys_6XhudqSJ52aD9SsyqhuXkALV9GgCftUSQ8BW-0Px1yCeARzlr_eVUnUku1Y-_yo6v8Q5FNu1xCmMLIZHi8Wi0FbFKJuMb8XVUST_9o_UI3h7os5YUVPOpTrIvJnf2h5FmJ6_pFsNZop2AeFUxobjPCCaHG-03OJQaTyO_84vYwb65owHta7yNSykq5XpAIRisu3Sf4Cl6dpNHDP4AtYORSkWIQTyPlCQ7LPZXJ0QjGq5P4Gz9owExaGArQSfkLEndX-zL6b1HMuDJWvn67vaswmvvFlmYTzAxq6xWw5sGaJCv1uyo_K0q2AYC8UKdDqU60uvQglArKtN5_BV7JZMxeWlIUeDp7Xe1mayEPFTilQHds0OzE3CWDiGwptjDLdQRC5kTViw_nMpBnsy_m1-4QLQ2M,Josh P,
7859,Fortune Glatt Kosher Chinese Take Out,Fortune Glatt Kosher Chinese Take Out,ok,https://res.cloudinary.com/dn7vbd6nn/image/upload/v1783421063/restaurants/google/restaurant_7859_google_800.jpg,restaurants/google/restaurant_7859_google_800,800,1067,283283,jpg,1939,places/ChIJo0fUYQdhwokRfZQyc0casKA/photos/AaVGc3lSZ09K_OE2NHfIKM6wrtrPN3IGNxPJ65KL1Mkxo-4_U1SICcVRzF5wjUIMy3i3nzlxYWkcntBamNlZYC403u2Qu2q_gz9X4Ss75av0X0KG34nvfvMB2RLZFkDhSg6PEKZIUOClT4ySrbDqHrLoNz4Ya_CArL4EdiKCqEb7WiXcByZKugd1GhnRY4Z4VgwUfZRQ1gf56IIEFeLu7xqh6fksyFBR-bG9NGpTZ_5yx_mNgz-Fo_4kZ1MflWFiCEC_YpUTP21OT9j6BbRXg4cgHs-1hUod9FMCtQ86xFTl1BymLI9Dl8egNgRcqLzgQHzr-LVgHWqkYtf_jUo-WUSj3BfL0y6nPO3CvQTAHVQEEwS-xTTpvSgKB-aToUKzfz1KYJyv61NRElCuvvtlM0RvXOJwdFREtgNw7aX3QfjGuJo,Shoshi Rub,
7860,Fortune Sushi,Fortune Sushi,ok,https://res.cloudinary.com/dn7vbd6nn/image/upload/v1783421065/restaurants/google/restaurant_7860_google_800.jpg,restaurants/google/restaurant_7860_google_800,800,1067,203336,jpg,1940,places/ChIJMSoMxV9hwokRHck3jjWEFnA/photos/AaVGc3nowTB4De9HM8vPa3hhog4iaB4Hu6TWb4ZiF_bPV_C4aNI3aFJwf-NFAuZP6b04fgVzyK63bgsqYgwXZMWngX9ftFw6lhRHv-YiiaBzYw3jPQEZ9Zil9POKe8zq-J6CWEvPdJRzMRMfs-IN01xaLRkua0nM8mkhqZKV1L1pjj4hN_z6zdtrcL2fa3J8kyO39tqyGJh8hngjFjtFHf3FgHJ_guNKI6Ba90fuf6R5KXLAyE69h4gPNuPlBkTrTHYEHB2BsXP6LK2K3hyLFI6Ho4Yb06hysRJeXFlkMCfGUOjh3HT72-x4PoKSXmz5TEUMdd3pNeT_Hq7lnAGYgJWX3D16YiiC_w9NwAPljD8gBXelh2pQErjnVW0xxbDo3juKfkCblom5PD5I6iYEv2miTk4OLhEJQD6S-q45C638j5SeT-3i,Fortune Sushi,
7861,Fridges Market,Fridges Market,ok,https://res.cloudinary.com/dn7vbd6nn/image/upload/v1783421067/restaurants/google/restaurant_7861_google_800.jpg,restaurants/google/restaurant_7861_google_800,800,1067,247089,jpg,1938,places/ChIJkRW7FzFZwokR8xgBPxlLIXo/photos/AaVGc3l2-Zm4xjz9hYKbF60tj47AtOTvRLpPii_athLZPIfBWRYpU7L4a8wfuqckMKHYUyvVAe5RgMTVOo5N1wkstEa-zYaWV1FXDu_az-yHLA1h7kPlxpWb_k3CepDxNTlrpTBqmET-PLceweXBP4lOG-xuWB0DpqM2XiE7KltcygiVbiTgDuSx8NEIwJFA3kCK444r941thZr3IdnMIMQ8A7LDNcMzCXP0eYRQ1pAqsjy7eeXH2dLGizFtiBcbpWGs_AENxElQRS_mBVyl_KNCXv2_QjpPYx5gO_8DDx5Y1CxmJd1Iy5Cwd9CFpmt5K8ytDi4KHvOzcdPMiSkwBcwW-o7U-qLWzCPt-zdoVQR5qMu3siepkT5e5SQXKAvjcfIPNf61YYRWqb7zmfH3D68oCyWvuI5LvunAAjNORbdRuynrt_UB,Fridges Market,
7862,Fruits By Pesha,Fruits By Pesha llc,ok,https://res.cloudinary.com/dn7vbd6nn/image/upload/v1783421069/restaurants/google/restaurant_7862_google_800.jpg,restaurants/google/restaurant_7862_google_800,800,600,173830,jpg,1753,places/ChIJhbU2u5lFwokRcDvT8dY36g0/photos/AaVGc3lp0jT5OSdGnpbAwQi-S92PUifO6yaXY2fFoYAmpAiDyGzNmYvduY3T2QnSLvJJuzFpObjqyor1M_CKNZaxAK7M4UPq3ojJkndO1KCEpKKQ_-bp1ht-4xPuOxp2iylV8FVGeeOmxQLb8B6oA9JgQDVqJG8GFGBKj-KV1r3ahmhZpiQ1_bwHjMVZ9EuTgvDgLYlGYxqYLctaKA4_AF1KR452Y_f8gm1m6fkP3wuOEZKHogaoWVfRJANmoA4F5d9-Xb4Abjw5qOJhy88N_A2pgpLkfBH9AqW5g1ndHQCwmL9aYKXKyF-IektwYrsjWxFDk3S5dzyuryEx8rL_ELPeEjaPW5pN83pT5fw-BvloxbWNXR6v66FXrhq1foBbbhFDGZgAbsm2R_Eizd3SvVG-W0-S16PI0C8L60ZQ2OEb37dekX2t26RFNvE6waXg8Wlf,Fruits By Pesha llc,
7863,Fuji Hana Kosher Japanese Restaurant,Fuji Hana Restaurant,ok,https://res.cloudinary.com/dn7vbd6nn/image/upload/v1783421070/restaurants/google/restaurant_7863_google_800.jpg,restaurants/google/restaurant_7863_google_800,800,573,147978,jpg,1729,places/ChIJEZ8gkvZEwokR5BEV2lI54lo/photos/AaVGc3mLnGu9FWlJB-HEgL_lhi84dOd-hySe4PQ0FTY8OCyWOJrxjTVPqdUQk-OZ7XribhtUDVmZ8y06acS4NnjUUDH1OvkuVo55vsxv8-MAQWH6WclU0hlS6afBKHrPeKBBRGghQU93wqwk2Hkpn16OxxilCqsh3LSF0SlO8uzxPqldwYKuoNi1e0Dc51_0OMJi6Mp3svIO0nAwK-SVCrFoSKyuJBc7wJpAhDHZhX1uOUIzTa7K0wom8F0Il0L9RCbDy9SXE93wO3oRRvKgGduo6lJLk5SY4Wc47OD4pGsHCcLXwIWYY3WHkHSjg-uWgKfEpUWR_DJ0qfGQ9XQmuFdFC4scaK-cltvzdlktHOvOGdA4JHiSxDxkl8DOoPFy3fs6Lr9XDBacM4df9tufO2yySAsdRq2fZj-8M0ou9Qhlv8zZ251d,Philip Siong,
7864,Ginger & Glatt,Ginger & Glatt,ok,https://res.cloudinary.com/dn7vbd6nn/image/upload/v1783421072/restaurants/google/restaurant_7864_google_800.jpg,restaurants/google/restaurant_7864_google_800,800,600,120082,jpg,1435,places/ChIJGyNxOrJZwokRNrcIP5mRQLI/photos/AaVGc3mz5x4tqO41UBo8T3cMOoNokW8pRcgXsJeHlkF8MuaLcAKQ6cjBrvG3UzzSU8yaYX3qYd5fBpseXQ6XefXZPdI3wT3J3vwfL-G7XDU2Oe8mC1NE9DuXMzRzJz3jlna2CnmH9YyTgx1FI5qdWSmtEaB7b5IDbnqSdoY-rcTgfthLFYO__JouWnhqQ6dBR2Lx6r1EkiL45HSMsaWjlN1F0TWJ6pZM_vzpBAuDtkCwAQF3BS3MwDvL7bc4WkT85Kq2XyeqS6Mty2F2SYFNX1yfwrOkJE0h88Qa8QBPX-pTU-5H_BmjpaiTohByk24g0zcTcOUpKFr397tRi2pvQYBGHXaDRnXuds9QcQHJRAb2KgOeLGZS3vdXpHUiqZsCidTS0FVyVTw1S3vV7VcG91Y9qYlzWknUUlW2B3oUODnEdbi-FOs_dEMmIzxx2YUpstrl,Ginger & Glatt,
7865,Glatt A La Carte,Glatt A La Carte,ok,https://res.cloudinary.com/dn7vbd6nn/image/upload/v1783421074/restaurants/google/restaurant_7865_google_800.jpg,restaurants/google/restaurant_7865_google_800,800,600,116955,jpg,1620,places/ChIJJwEg-ddEwokROudgJLI-Kt0/photos/AaVGc3mXYTit2BAGmlfviQS6UrDAb2b5uDmohspQGChOQoXy2N5GU5H0ErGzIXRULzT_1kUtIW04ezCll7Xss4wyvjKEhaWF45dI8zO7jPQeRdMhWvjFkikRx_VfQQLPIewsin7r8xRINaBioRJCx2WuBQUKxMApyqcFg3ll-QLBBMIR5_iTBkpzA5umGB-nYCn1WbjDy9nd2_pZqLpErAW94BSiNbcnBwi97sPIdhXRUTiz0x-YswuzW6muh-bAysxqRvHzgnhI4V6xpmyAeehZMLu_KIjcVqB9xFGLDYSYQuJrLdWAf48227ngB6VuQTVbIhb1vps932YxDH3yMK5-63yfs6JGZ07B23ZotHn3z3veb9PrPXVHQ4gSh44jxS8e5xeQc2ClqyUUD75USweGVNBnCwzuHLUyEE7Kie5lgG3VyPMb,Glatt A La Carte,
7866,Glatt Coney,Glatt Coney,ok,https://res.cloudinary.com/dn7vbd6nn/image/upload/v1783421075/restaurants/google/restaurant_7866_google_800.jpg,restaurants/google/restaurant_7866_google_800,800,600,138629,jpg,1797,places/ChIJsT5MsMZEwokRNgp3BatTC_A/photos/AaVGc3laOwuiMC6j5uiNbKsKOihjhMfw0BfmMRNlx0wWmPZeYDut1bLZCpZB-HsBND-M1T9AA8TVR8EmioUl8nXo8LFaRA9BEX9pmXXc9ga5pX9HEoubWpocldgerWps2jA-_3OvGeladIJap3urWYWlevHTj0Uw6Us4oABvzP8b0OW1_qMH0xWEIDF4_clGTIf4AsY1C64WNyXy-T_bfqD3Bxe8dW3hPAieFe9hScE1CSLFKpN2ihgiNFzlHlNNzD-LArOtF7noRhtcgmT5hQNUtCV1qfgdnKjz4NUZMNzWyX0PG76_C3YuHW9yxSiveOHxXRRMc7Cd83icJlKsVKS6PD-etWQvKlk6aTDPYXnuBcD0NoCr9s1HdaCTu42reV4eOHeKdbvbRVqrRoHpK-wBLBpbb14gEjIBTAFgh4GKP59YBijswb-7DSspQOzezvGB,Gad Bar cochva,
7867,Glatt Kosher Family Chinese,Glatt Family Express,ok,https://res.cloudinary.com/dn7vbd6nn/image/upload/v1783421077/restaurants/google/restaurant_7867_google_800.jpg,restaurants/google/restaurant_7867_google_800,800,600,167695,jpg,1890,places/ChIJMXst5NNEwokRZ9Z880cO9wk/photos/AaVGc3kinqm0G1PbLEV7QIsPzcrJGohuaZ2E-7uDrtlKxcBmAIrclQC2oZEyd4bR2roWhzAuVPQgxWHJXv3NnydRpNMmkejj8AaoGFehXxxWUN7GsYwLIkMqoRL8CiVDZaJmxk5VIaCCq7D8go0QTqjourXRzWD1gjXFI4JBlDSKw_6XANC9A0PFd6LcaF75SKsOBbtfsuiDuyUy5MBqxRFGDeZLgHY-47K7Su7NNGkwWGduUzqU9dp9YEruyxTf4X_Vo0_kGZ_mWAzDwQT6UouMGCddQUohIhAkOALMByP1czYnNdVsjh4gxSFehfgSW4R4jxXvXMcDFBzBCIXdN2cjQe0dmTePWSAqB4Q9pEjpKXm2Lleq4ByYoJ_fY4wFcX_lBEgz0DLZ3S8n2iphAiDcsgHORi1y5pboYdaeYsMaEV_Dxg,Y p,
7868,Golan Heights,Golan Heights,ok,https://res.cloudinary.com/dn7vbd6nn/image/upload/v1783421079/restaurants/google/restaurant_7868_google_800.jpg,restaurants/google/restaurant_7868_google_800,800,600,181887,jpg,1974,places/ChIJxYms2hv0wokRPJroa2sqA84/photos/AaVGc3mSeWJ9fWjKPgvvXxh7Gd6Dvcu2-kQbPhN6_nMLtIY90OBoKtJeU6PKA9Ei6O8V3n2YxFAlzd-XwgC20b0OjCnsSQssT-r9BJ59KEMUmxWgfDOp7IISxkgEERKwGb2mX6PlvTiAp9pxsNj72lRjtUWkjNJ8YE_wiBhvVVv9ztju0EduW2aKZ2X9uWVUkGEmo0qbH7mU9mZOhAkxgTczm6gepriKfh2gG13N8M61S9_1XAuGjWWjaW-ouFCRfP1n7YtnoCSydLi1TamkygThhKE99VZZ2fmhvs6bmuvx955a0kDGM5tmgX4i0ftSS5BACyOvBiEKKrHkRNUFgInZCDpdG1tP5kX7ZRh3ODugULLnFmprMCc34jQQUXL3kzBP73ord2sH9zqjYZ1s7AI7ZCiTdTuVX8u_4GjowQwXS6SIf_r4JK6Oxw,Tuvi Suss,
7869,Gottliebs Restaurant,Gottlieb's Restaurant,ok,https://res.cloudinary.com/dn7vbd6nn/image/upload/v1783421082/restaurants/google/restaurant_7869_google_800.jpg,restaurants/google/restaurant_7869_google_800,768,432,345294,jpg,2513,places/ChIJ-br2dN5bwokRpT-rlWnNLKY/photos/AaVGc3lIJi5q6-g9PwH8FXMbHUIDN0TUyPwc9Q5mORZr7Idw_PgesuuxEq3tX_TA4nKBfheESResgt4d7Og3fUZWwCGeFSFlivm0pLhyOCpny3woOEKvHqGuAqTTvt1ZunZTBycCrH0UqMQNSWrucFv2joWU6yBziu8-ch7LRE2N9QRss0z1xTe2i42_u5y10snY9NwGrq2IcD1D2sFRYnAp_0SzkhMML89gKIewPRWBV3Th5CKvZ-59T0cm71LtISEcuiMiTKEsQ7tZ3Nrqemge6wqsHtIUzAzzsD9J2XJWJUCNM4pf3LA0TCc6iTGB6pHplqOe823diRZyctqQsUOBoGEjqEzDKeuMVorE8niaYX8e_OOQMMpcpyuoLSwfvZ_ZwHpYkYz8gIFi2AGgGkYX-80Y73mbFpY3uCYOmTG-R7RF0NXu,Gottlieb's Restaurant,
7870,Grandma's Pizza,Grandma's Pizza,ok,https://res.cloudinary.com/dn7vbd6nn/image/upload/v1783421084/restaurants/google/restaurant_7870_google_800.jpg,restaurants/google/restaurant_7870_google_800,800,1067,283870,jpg,2291,places/ChIJD9zk3Bv0wokRow6VpBf34_Q/photos/AaVGc3k36hSzy8Wwc8ducY-MpBmNWbFY_pn5HRFi3O0uynt0oqJ48wJJqU3KstRnnx2A5ov7O2VXuA2NWqHxAS9-QtgcgozY6BlqVn1p-N1dCXTkQs0rKmjlSEXY70ZLX7bIVjyJYmIIvToWkhBWx3MQBHnsno6BEBuHBbQTkL13j-NgjNK9WA5chWxO1WNHUyyMfh2PHjEyHXirhgNQXuY0yRGZvTmOenJbMC5S5_p5f1LpO5x01vrm778n9W8Irc2CwLSUgOwby9WeGyQMHCmnbjarOYdJZR0XTnsd_vq_rhjLB_wzBaRGVCRz-dJdJFh0AFXRGCmBwnpkUkSrHxI1lqzPE5Jb-5OqcgJqiQJfV7duv4-y0ryWJRF2JMIrxWZTtmgshkeN8e1jQf_44h9XVA6kOtZnabrqrmH2T4TYbpzZXG4k,Moe Friedman,
7871,Green Lips At Rosemary Supermarket,Green Lips At Rosemary Supermarket,ok,https://res.cloudinary.com/dn7vbd6nn/image/upload/v1783421086/restaurants/google/restaurant_7871_google_800.jpg,restaurants/google/restaurant_7871_google_800,800,1067,284834,jpg,2317,places/ChIJP6TS46tbwokRe3zTuAYmpHc/photos/AaVGc3lPY5mMAJmp5JVzSakv3B-vJHIEtCsnDxsiR-Atks4hu_a0IrUi2zHXwH9ses3bU_WzFO_2q_MDecQQdTgy5WFbSrP1feXEf7sCHfTyHumIxsmL2g3gdJ0ukfvNzVl0uKyQKyMS2r_4ro99Q8JzJuKGZOE7x4d5zPKH_Wl7hPcMLax3NxkjDkQvlwCmzTIGc0OXOgN3O9s_WjPaZLKrVbEb7hJxxmMLglbAYluLUX5wqzD06Xe2NVa4UY_RnzRPQm2Nd59-Sg6F_70Vfq9VWOXF4damndodPFk8p4JSM25vMvEnRdF9Vkod5Z_dbKYM_2o5VjHkC7yJEraTzwc9fyMS6z9fSqhZyM2aXIfUfOX2Np-xZO1Rc6hkh8mTw0xJIyqqiUdOBB6QvGEmjXMpFaPmdQpMDu-BTaR6aFZGFEIVWA,Green Lips At Rosemary Supermarket,
7872,Green Olive Pizza,Green Olive Kosher Pizza and Falafel,ok,https://res.cloudinary.com/dn7vbd6nn/image/upload/v1783421088/restaurants/google/restaurant_7872_google_800.jpg,restaurants/google/restaurant_7872_google_800,800,1067,198391,jpg,1837,places/ChIJQ-PjfD1iwokRiLCSMPIgunQ/photos/AaVGc3lKWzpzcyizH-krP-ePT2riBnG-7Eea0Q_6rtyV54kftkEEYe6DXEGh82aMTA3Yi7e4pKnjgF8_mSUtctL878i1dFxbQc__MUKtQ380kXNcfKExZryO2wEiau1iYa3a_5C243Y8x2kBafZrN2EMu4Gy66wKwlR4gbSlc33LoGKck_ALAvhCUvh0MpxlxoG7TyU3vRbnkTlvWFDq15QQ4XOw28j5gZFfoshQ1X5V0ohFX3CVXXsRwCT9lOu8eNA6Dod_L_dEo04ngxfmSt6FkaMo5hFHWtbxilssdkGgqvxsN12iQoGVGX5nAxsNaAywIQSMr_gh5VmFiayzLBdt5JkQqLcdNChaLQ2otmhvuz2EFzkOi23Qxr2sUkQHD0e5NVBDsaz4-TwSG3K0T2fmsbcHhx0QnsZyQaUVNgc2JE4ZHU8o,Moe Karsh,
7873,Greenwich & Delancey NYC,Greenwich and Delancey,ok,https://res.cloudinary.com/dn7vbd6nn/image/upload/v1783421090/restaurants/google/restaurant_7873_google_800.jpg,restaurants/google/restaurant_7873_google_800,800,1067,182094,jpg,1634,places/ChIJPRfjl6RbwokR9D5FhKKyGZs/photos/AaVGc3n2QQA7aOGlauz1xIbC8UXzx1ECKpDmDfZvNZu2U_RF4i0oe95rsYfufysqRsta2NcP25lLfpKmx5YRsZNgiwMD-CJJOjDD1Isnj5SpVb_EdD6fwJFQ9_eAksrujtxJWKb6xuzvCpzyrApeGXLziReZTOXBGEAo8GdE3Mk8O6wQe-VlpG4UESXU93YnZ-zpn7GfR4Xu9Fg8fgLC9bk2DQw2gAbqrI9ScAEZE9zz3p1rBDaqVgKyplLyen0CnOC9jxPxSKnYFuyiYHwWAI3W5hX2TjE-l-CJ8PiQjoYbqroVcewAU3UkRi1pAd8s1aKMFlyvLIJCvFOjUZ_5MgzNL4obuRHae0qfWwPdL-jwvYdBtswRzM_I68W6lPhQctPMoCjj5m3eOVT22jMjkrks9j6iVgbZmvCzY5_QF214ztLiyC2s,Greenwich and Delancey,
7874,Grill On Lee,Grill On Lee,ok,https://res.cloudinary.com/dn7vbd6nn/image/upload/v1783421091/restaurants/google/restaurant_7874_google_800.jpg,restaurants/google/restaurant_7874_google_800,800,591,114644,jpg,1638,places/ChIJU3K4nOdbwokRLdftnrxrdEw/photos/AaVGc3nOjn_nzIvYw024T_zbfAUJGgdYzGEF6dBY8M_y7IVy36uylrZREniH1PtEurX2LBchANKugnxMHpO72cxRM2sHAlXiyNF6-_zb9bqTuV6RomyEZnVqP2Utb5gVqUdGv4ZhZWsHB3f0pniQd3p1pgIZx1K-WkilRFmFuw99FMwgWdMZhqATYlG4QVDrowhNryKJQhUCv83MN_fc7jMbRjYUtl97pfxzSdRQ7DhRuB1VhGc39-zrZSxgsaYqePypnL5-uF6fXlOUoTQY3tV8_kR1FeBBNsR_des71H5L39zU0EwiIGwVpUFI9Nc9itB_F3hyZTlwr30xzsccj9RCTfkpVIMp0H0HBePuFHLiuLVeVYOzx2rmAx27aHiLk2W8CUIHGrX_VV2hcW3M6jf1DIz6reuQCOqd1NlkJOakUw6pXA,Grill On Lee,
7876,Grill Point Lexington Ave,Grill Point,ok,https://res.cloudinary.com/dn7vbd6nn/image/upload/v1783421095/restaurants/google/restaurant_7876_google_800.png,restaurants/google/restaurant_7876_google_800,800,641,879269,png,3889,places/ChIJb6ybqftZwokRyoA_nVzrJro/photos/AaVGc3na0y4crvcikXVQJwtfiPU3lQBG_0Ji7lIEdZj1atrufMacoN_dZ3JSZX_IuOTNPJSSOg_JIjJEsi8yN1YGP6aH7AtgHWQwLqc5VyVUEbDM39Jo2DV9_CKQ5k89-tiIY1qs9pKrFwcWtB8RcG3FHzMXOJipAdH5ivHm6lsYUotCU0yMivlf9iy_s-4Ljd17-NAStlrbjfUPw4jVyZ3-ETEuTYPkxA2-xOZPxZtsDoXPXTm3YA_zo2N19iYVSKgGm8UCXrp3XPXpgFjIO5PvRJ6VJanDFmgmUMIhOk55APkJIjh5y8X5PKHc8sX4GZGI6nIzyLOjRija6ZUZl2K1fkzu7TH5kNY1M8kuLvE6tazZlPzNBfL9Mcbq-eRsMLilclVNWGV6pb0M0ct3xKJk4UgDbiw5kgawPH1BUggOL1A3gpJHbL-_HHAOIzOgAbw8,Grill Point,
7877,Grill Point Midtown,Grill Point,ok,https://res.cloudinary.com/dn7vbd6nn/image/upload/v1783421097/restaurants/google/restaurant_7877_google_800.jpg,restaurants/google/restaurant_7877_google_800,800,602,154168,jpg,3172,places/ChIJX5RQcpFZwokR-jWu61sB61E/photos/AaVGc3l93VCp-lSWRlOMkez4ueUS1eaXzcAg_9-W5SztlSNCkNpBhkT8tYnexHm5hXEJ3T8KwRVw3Jdgw_0a7THgHjR1ZYVs0qLvvho72LQNdbVGA1Ve5was9aSJdqYeF1QB3izpoANPC9mvV8s_beEZINQ0aHaagUWuHE49Qc-0f1_tM_qbuhaa1BlGYVXE0bOc7r-2OTw3GONzmHoQM0Gh7-mJ4kmJuqm1hOqQYaXtsI9m55CYs4NRW3pYdnswTFfPKlcGw1-lK9jM1op38JTKBwKMnVgtmyW319vPZrpQx2ohuqjBA_OHWVqlk4d7FX_M5wfAvGwDRImyKN8_2qu5Et5Ceb_k8HBF6YTm5yC-S4FcFtjvAcRbjwjka42OKDk5LyIqsB_BwD7Snw0pUSe7gjiCWMCz-3DQ8yuGw7fCZBW_7pDaFHVtxZovAjB17pmp,Rigel Janette,
7878,Haifa Glatt Kosher Restaurant,Haifa Glatt Kosher Restaurant,ok,https://res.cloudinary.com/dn7vbd6nn/image/upload/v1783421101/restaurants/google/restaurant_7878_google_800.jpg,restaurants/google/restaurant_7878_google_800,800,963,229358,jpg,1938,places/ChIJEcK7f4JfwokRz1V3LDRGLS4/photos/AaVGc3nqXDs6Q_u6xuT_DNAqT_g49ZgJsnCy_gPaq4TYmOAJVrCHfuLuXFJ6Mh8zAV8vZR6CjI_JzawGCOq4G1x950LL09_IDdxyYnI0RBdJD4DOurE1xxKJW32Rdn2yiqqveBRWlUagf9sTLHfkHcmTCH-tkIrvR0GnaL3PbL_lTPx5YZvl23tSMtChnhdxgzhJYeYkpw8FDO8jYTfVN7nF_c1FvnPLNdE05N4ZKJbl5HKtuG9ySlN06Ji4D9Vkb4P8-_ZP6PWfWD_qQtyiR3FktTRH2g7K42tD379nN_ShS38XQtu8vSSMfvhfUsxVRGS3z_gOp0LQoP_m7GPyaKTbYV1w2pJrYDj-ai9MgePpxmRVYFQnceV13eXurfBYY2vvzqQIiWkr6zRQmyolwft1LcSW8DbkY1jpYjAlcMSn-Ao,Haifa Glatt Kosher Restaurant,
7879,Hapisgah Steak House,Hapisgah,ok,https://res.cloudinary.com/dn7vbd6nn/image/upload/v1783421102/restaurants/google/restaurant_7879_google_800.jpg,restaurants/google/restaurant_7879_google_800,800,600,188680,jpg,1885,places/ChIJA4Mss-1gwokRBpTE4Go3tOc/photos/AaVGc3kv6YWX1WKCxGdJtE6omHnVfiye6I5jT-OEK7E-ahe7LGIRQB5pI8tewDHtC15TZfWK-wUGhDUX4sEtWatNN4kviRHh8aQO--bKMUfNC99XuOdQPESqt0vMBNOX_Q-O5aZLOAiAsbKh5AmF19FG0ifCDfxTUsXxbJW8Mn0tlJ-eSKAflscyRJUyWbrp_L6uhCLJjqiH5b6QQpW4RAlQdqpDU-SvW-0dQDGbrPyl3r0iT_7Yu0B7qu7-WrvfJT0PVDaMskLhdYC8vrqSe6URdMw50kEg6GkAX6vfEhXo4akc1uAuHOcsPx6mkudvelXhE5ggmYZV3rjDj18I08SrXIFDd61bZ5F7cmFuBbchS--UG_3EzXSMn5sPC3NTYH_3jt4kgFVsz5_7yUoEYCthM-vCz6SWt5kMBZIUhV70kLZNZcch,Hapisgah,
7880,Holesome Bagels,Holesome Bagels,ok,https://res.cloudinary.com/dn7vbd6nn/image/upload/v1783421104/restaurants/google/restaurant_7880_google_800.jpg,restaurants/google/restaurant_7880_google_800,800,575,179396,jpg,1636,places/ChIJ2VXY1XhbwokRomMvLmlzrNc/photos/AaVGc3kdO_22wXlW7tFk7KHQr3I7J-FiuM4YhSWMCPgxx9gv7bm6KcWiuzmQ9lY2XHhCh4yGHGje42ZYrC6KZ6jo3Hli5kuo6q8_YLcaB4cvtT_XLKgcCjnswLwpgjAG4KZ7Qw2MqVlxCWiDt5KNsczHH5uvYi1lHrGHHI-RGZuZrwP5t9Y_qo96zACWWggVk_lE94qH3gsMWkqc0fHARiz2WB8Q_Y1CcoH-ia8ASXgnBICz7aTAgm_3Md6VqYhyfJgXtlBBYLD7yHz7jUOCnVt6m0i9nJDzOn9kOIJh5eMLsGOH3qMoYW-VCR4GvgN5REpwPsEJeIKw41UbVQlOcNpoeOFqgKFkOU1Jrpjq_rGKNWsZNBH5LEEwyCT8prNA9xuNqfNfL3QM0480tUefgzQHRCSOJhLYzpL-7kWnqjSkT3GAtQ,Holesome Bagels,
7881,Holy Schnitzel (Borough Park),Holy Schnitzel (Borough Park),ok,https://res.cloudinary.com/dn7vbd6nn/image/upload/v1783421106/restaurants/google/restaurant_7881_google_800.jpg,restaurants/google/restaurant_7881_google_800,800,1067,257820,jpg,1990,places/ChIJsa_KDvNFwokR1UeexG4uxuM/photos/AaVGc3m9ZhcsGijMWSvUUakQ1t8UEC1Y0eEa0Nit_TKZTIUIlAUexfo1xuFoupK10LX7u97bioiZ38cLuCnz0rVK-mVmth1XcbaEq_NsKUVrOU2x46OTRF3HCJN0pmdNV1QojXH1dLU9aG8tzLJyYgJ7b8s1q7z7IliOFvZYxWEulff1jAN3m1UbxVx-_zRDDJ7lboUCpTE2dRcZmydG2Aqwm6XF6-E5lyALMURZDpvAl-04P70Nl2VgDfHMZLpU1Fc7xhk0X7WGY8v9nY_tGxEcbgmcmgduxe8FtmiM-0T7ZfNYV3MrcjWKbAZL858p_jPD2tdNheJt_seunsVheaJj1tZfsYxl1aS-h0huCj73AyqJygTfu2I0aZWC5hmmuI0VbAHc1FaH1EHoRgzv_jCBB-mTuplfGvVDsdJa22MZ8YJOuxQi,Yehiel M Kalish,
7882,Holy Schnitzel (Crown Heights),Holy Schnitzel (Crown Heights),ok,https://res.cloudinary.com/dn7vbd6nn/image/upload/v1783421107/restaurants/google/restaurant_7882_google_800.jpg,restaurants/google/restaurant_7882_google_800,800,600,108364,jpg,1367,places/ChIJj2vTHQBbwokRW0-OjYjQNEo/photos/AaVGc3mp0eJ-M2ZXIguOErortZeUlrnORE48bLT6n9PqaTSjrRF6Alc_3uj8JsKsdtDNsq9V4OjaifzcCp__i0vDa36q0kVwy7SQJWAUCeJ3iQaW-17A8Z--w0kZTERMAoNeNCP2Wyq_9BnUGsnBvuq937rB7asB55YzJGmcIe8FE7VfSCo3wMTDukH_WnpVPCGx5aPazi2ogAJco7OEew7enR1LnU4SQAmV2wN9q8gM-bwD6a4l9c3HzpJT5IPAPex7HLRb_kDek0KDfpioWb1FjgVvBIqRNMdxsUhwi9SnDvIWEcQ8SZcAIrOFF9XhFR72GHFRV4vU5wRqfkspZQFGeOV3oaS2vmypLLxAyZahUes5iPMgkqM53z_tBGgFFAxS4l5kIvR96bTqB-HlLo_ZtQLBvrNzV7hnH4qlGSeyfhwJ-Cs,Holy Schnitzel,
7883,Holy Schnitzel (Queens),Holy Schnitzel (Queens),ok,https://res.cloudinary.com/dn7vbd6nn/image/upload/v1783421109/restaurants/google/restaurant_7883_google_800.jpg,restaurants/google/restaurant_7883_google_800,800,600,155864,jpg,1660,places/ChIJyZdtZ4xgwokRIYBZOEstiBg/photos/AaVGc3kuKbEW2Oyb-qWeSSCfyu5FOMcDi3THsp_oypkSj00fWpQXrT_4piXObTenWSPq_kBKChYK9AE5jH-Oko8YLotvgX7hVwGc4ByJjTUBaa6BX3YMlno7UHlnM6EJDqJ2AQMYceilwNz-9rMNDFTXdKg7fo4VSrGzPbXMRPplCUVmUi0eJSfRz7TkGXNUUEebgwEssAODg4OZgB817QmJ6p8OT4rdJyd8qN_jBs0Oiu77CVCh5BLDF7EuDuH8dGXb4Qk7GJ-F_cQ-8vtYVJ6Ay7ley5UmOBS-sgT2b7UCriv3TOJC6397l1z3m4irJgCPa0vDYwgiPXgPndVreY7Me4hKqF-GAM5zrFhIQA8oWni3MKmNe4gRokdwVHykQi_w8nyWDm1Ao95LnQ8ur-6_f1DEqPPlyq85QQ1Ynvo1Y0Y,Holy Schnitzel (Queens),
7884,Holy Schnitzel (Sheepshead Bay),Holy Schnitzel (Sheepshead Bay),ok,https://res.cloudinary.com/dn7vbd6nn/image/upload/v1783421113/restaurants/google/restaurant_7884_google_800.png,restaurants/google/restaurant_7884_google_800,800,600,893552,png,4025,places/ChIJuyRrh_REwokR1G5CwHclTEo/photos/AaVGc3nbYbdOaGBxxRP89Op46EBemQy1Y-84U3Mu1wf7xUB-Ty9TYMNURUIfiXXrTNKkaEXhT4QRuWo8Lj7wSAWBaAwPVCRCi9gM4_D1Dc6F3GFo0Od9OFgL8IDQ-354xRfpqRFQxkisM8qu7KOoqoOjRfYnDbfCDufNAaNlubkld-69dzumPMrBkGRV7oiguOTL3bjwxyCqWZy5z2PJ7rwHyHAIoSHveV6wgAdlGAHucrCx68KJPQ-kBtEWo_4Jgm_jFJtbTxyIwgu17f9SeDYGdXKteM2S5xOVCDOqdnggh1mjzWQ2zxfS6kiaFruFJS5UBPO1NDXWdU__WhiniO5P1djGxM9K2Tkg9f7rqHYjK0JBwcWJM0Ysn6e87zuFzU_m0R8EpWtyRNRtaHGlyfHeCR5uhS-gWe0YPTP7E99JLEztNA,Holy Schnitzel (Sheepshead Bay),
7885,Holy Schnitzel (Staten Island),Holy Schnitzel (Staten Island),ok,https://res.cloudinary.com/dn7vbd6nn/image/upload/v1783421115/restaurants/google/restaurant_7885_google_800.jpg,restaurants/google/restaurant_7885_google_800,800,600,159110,jpg,2145,places/ChIJ8UJyhXtMwokR7H_Y3Hl3QBY/photos/AaVGc3nFskX5LBMEaZLgiHGqEoERKva6ISVVtpPpjU2Paqw2Y9NZu9qh3eSwXhsJIG17L3xhsjxI4Ae_pfc2lgPDw1NPz_rI3u4JlxpjGGiKr9RMhPF0V-ew6fSYGeOYRzu705lLrfFrJCBtx2YDUAa2XWyoZzlGGy7YUaci9_XkN2aQp5bdR-EUCGLa9cUy7vC12pHo3Du4xMhNLykd8omkpPMsjtDIio9ZNK3xHWhIMR_EgAsNUi6ItJ8bjf75OazJbrfLfl8jlpjAo5ZeTxKDL9ipSgbvo21UFnowpRdCJYD4joQfy1L5C_peWmO3qYWkHLQ6_hTiy3nn52PDPEAHDfIX4vrjXdoKJ0nAZKrrWXxwooQI2Pxli41b1SF8Ts0Dukt72cC2bPw_gQdiwYQDS3e7kQ2kTTENVEMXOoBOfGbmIw,Gad Bar cochva,
7886,Holy Schnitzel NYC,Holy Schnitzel (Upper West Side),ok,https://res.cloudinary.com/dn7vbd6nn/image/upload/v1783421117/restaurants/google/restaurant_7886_google_800.jpg,restaurants/google/restaurant_7886_google_800,800,600,178691,jpg,1530,places/ChIJRdRVJ5NZwokR6VHVI3j_4-s/photos/AaVGc3nxZ7O8sPMh8rEVlGObhre1rrB2XM_W8HDwcqqD2jgHEEu1VTV1_vAmjuaYVP1M85CbwrvzjOV88KiJ4EMzEQ1ijDXJcNTnKIH8sO6F_Z63jMe4JUIikzCbQ6XSnZCXaRsJOXl8zDvY_fcu7_bvVxTgyIho8UtDX3w2XlkUSUhbnr_v7fzN0SNzjSMpRkmHVjg8OzFtKRbHi9ts3Tcp0GXnyH8oU6H9LPvYeD-VxiRtYr-HX1uqj_BRDb7tdgWE3gz5DwRGU3v8NtHQUPkEXbr7_6tqJcnQYpj-OBzlozLvYd6Tob_E1_TEJYY0vPxmoQCLKcg_4HiK45Z4Cw63deRBnQERsyDdUs_33Oo51NbD5J161QPZQdQ_rm0dNRwV_VvfTh_IzxJTVQh6S9jCI8wP1NguiirpnMmWkKlYfIYRCN63,Matt B,
7887,Hot Bagels,Hot Bagels,ok,https://res.cloudinary.com/dn7vbd6nn/image/upload/v1783421119/restaurants/google/restaurant_7887_google_800.jpg,restaurants/google/restaurant_7887_google_800,800,600,152145,jpg,1911,places/ChIJOTb__ixFwokRkVIVMM3TYzU/photos/AaVGc3nKXkP2wzwrEu2mvc9GnYFM-A8PYLnZw3BeiVGkM5JqUwdOYi9nNmYWSixCvCDnVQrc0GkhP_SjBZo4_4asYV7Kpus-K1rOuASKOKtJChaChGMFyCkSMaxSlxCZB-TyFK9UYt7hRYuC_4dxv5bLXSslG5mUK3wvZE55OGEjU-TaenJdNIBuLnKWF0z1_PmF4gPDcB4IzbLTG3e9NFawumwxdhVweBjpj-ji6uq9nexKVMGcwtErE9KQkwVswaOL_D3kjF_mojOR9mDYMRJLeeaeBaq0a2eZWtlr1IziqXYtJ-kPfJ5yeMs0J2Dt_e_qn_hhUtZLxwWXl4EJInOh4xteiYR_5INGlhQYlPoG3YASws-euJqJti2rOcjK3JlREQxjoiO8FcG1EmvLMtooqWg9aGtCdxof4s20P4saKIE4cA,Mendy Brisk,
7888,Hot Spot BBQ and Grill,The Hot Spot BBQ & Grill,ok,https://res.cloudinary.com/dn7vbd6nn/image/upload/v1783421120/restaurants/google/restaurant_7888_google_800.jpg,restaurants/google/restaurant_7888_google_800,800,533,113332,jpg,1534,places/ChIJmeoiTAdhwokRULJLobQjzNg/photos/AaVGc3ns5R0cpJkXOjEUSIUVHNC0o00CTnXXVBkagzKFayB7moPBSMVNPwUQ5ZtcDRTCD9i8gv3rtfqNS1KG6jZg5TjfuiSVy1P9-JuoxuJhLy9Tu0GDoelQQtkUncHtCS3A1EqPnMcKl20GQOBTEKjiPmRc1kst3iVrY_MX_4SRqxD3vDrz6ftJ2CQWOWpkBF-w3r-C59h1Q_KZHr6nzHHGh7w-KzlAXvsdXrHifxOTzgm0p_EKIrZRPK94f2K7XUVpz4dkNYUg8DEb1XOkd8odCbh5vVoFXKWOBRTxLRtlP81wLCSG3ayCC07NfA6-C1KRnQyZNTlL065hhsg9J-hAFXwRGLZdkGQ8fw9lwn4pjI-EDv2YwEljkDjl91ndvGjcdCZNdmYyv8PHJV5bixwViLydw2A2aPct3Hx9qH0yut-UTw,The Hot Spot BBQ & Grill,
7889,House of Bagels,House Of Bagels,ok,https://res.cloudinary.com/dn7vbd6nn/image/upload/v1783421122/restaurants/google/restaurant_7889_google_800.jpg,restaurants/google/restaurant_7889_google_800,800,1067,316711,jpg,2277,places/ChIJg0eYdXA_wokRaBGUp_1Rsx4/photos/AaVGc3nSmxi_T2SAkreyakOAGvJfddPTczEo2mGmgcIZmUVIAegknrXgys_ZXuH7TZZZBBV81BGtPbJgTkZmXinkhVz6QsotKT7cvApnpWZxph5BpKZ7RY3KIMIDi1naVu_L_o3pv3pCZve-mELajIQdrwWUBAKGuyuvPQy53DGBXsPh87LqjWhcfM1t6_3mlMIfaOxD1rW1n0JMitihLOIykiQn_MbkdXbsAiwB66yQ_qKIMF1GDjZjILRHAUwfulaLeH_-bAE8ZAeJwNkOK6TLuzPlhjM2J2zoEzAOvmDHMUjODuVPPI4u7_hbL3Oktk0H6rvblUSE5dWfXn80VDsR4KfOMntHiEBdNt7Ht9DSdj-oIpHSdSHHxLMYuIvPw3YVp1J1vhSkXBlIkOJPxYyp5WovCBV1zZyd4qERHQ-aSCp7tYo,House Of Bagels,
7890,House of Salads,House Of Salads,ok,https://res.cloudinary.com/dn7vbd6nn/image/upload/v1783421124/restaurants/google/restaurant_7890_google_800.jpg,restaurants/google/restaurant_7890_google_800,800,536,58787,jpg,1362,places/ChIJq6reYkdDwokRgaBe_9lNujw/photos/AaVGc3mOmV8JqpsYNqKKLbE7XpHLXpQJV_4-7iw8Vwj7PNNaPHGK1VEP-TQ7a6qY6wV6PXX000rkjkUd9Eqza5A2Hf9KXBQ2EUK1h_hAUp6oXPdUPLJrKGlOMnaKefpICxQtdk6p78bze-C_9AvnbHAB-fnVG-C1a6jACCijTHPJsm9mig2vwh2BeTHi1546MJYdxWBL2WFkZFu5sig59WJIWcEHtCA1XTpCFNcEuSIGt9fjmn8aWs30Mq72t3fRUPOUP6RU52Vl9NGtaMzJY5ETBm1N_7Gyao0j35xh_Y1LTKwVlXlkY3vnW2NQjsri4BAoyRBcOKwebkBLo-pHrj5jnHN5cyq-jRQNLvq6Rzcgyuiq9YbrqJcthBhqDNOYMBVbJC2pEcXTTk6xCpCSeNpmQWSRtFioDrT8PCYL4LkU2XVQ8aj7VcVeDKCRHznV455I,House Of Salads,
7891,Hummus Bar,Hummus Bar,ok,https://res.cloudinary.com/dn7vbd6nn/image/upload/v1783421126/restaurants/google/restaurant_7891_google_800.jpg,restaurants/google/restaurant_7891_google_800,800,600,113557,jpg,1596,places/ChIJTaRA91NFwokRtvMgITi96WM/photos/AaVGc3lemLQX_Ya2Kc8wVF7Bubcz3tAJGryVFvx9MHiWcgTsYz3EcYg8PN_76xXe8Gzde5w6NvESzl_MdxQJY7wFWIT92KddfkN2Mlu_e9jXJmiAnfY4AljPGIAzlIGBcxEqvEt1UEVOBkOiYKmhHULE9cumhF6dhNnDxxlQzGA4xhzCumMgSsU5JX0nUFVhHZ1x1-XiIP_E21L_DCzc_zyahuTY728unTf89LIp_61LiFsa5QwWCsiSzqWHHk0RAZtiMTCUmLuN_kpRLacet1ErB3H1XiPtClzlkQ-sR3GT8dGVtl3-faEUi1X5gwYcPI9LgKeSeT4-GK-JgGU5KpAQWvRi8KrmZ7A3oMALsfdMsLMddXR8A3CPHgI5Yxzh69ZOmD0ae5kI0Gamu3qOH31k7THipPnj8RUYcYnRIRec5O2c7Q,Hummus Bar,
7892,Hummus Kitchen Hells Kitchen,Hummus Kitchen,ok,https://res.cloudinary.com/dn7vbd6nn/image/upload/v1783421129/restaurants/google/restaurant_7892_google_800.png,restaurants/google/restaurant_7892_google_800,800,644,784693,png,3550,places/ChIJLxEfOFdYwokRueHUgqu9oUI/photos/AaVGc3m-IXbbvb1h5zQBfiCSlHrke1suS2T0cpDzPr4TiWrgdgYZttvUEHXbJ8oTZBq5YoUO1Z7uMItr_U6dzXJX5IqO3WdSdLWAs-fySZfnzpMwXB0TkRXPt2GocLWsPQr2iDSSLo-2FMGpq-obAyMOdg1-RnU4L_P2bxoNTJa7xFj98Ye1gKrC2eZlcPoc-7W3MTP0U0pT5pjuehYG42XoWAaF3jBdGv2iJKQr0Ncz33rtSisvFusjg0S7qDOyS97IOdypXkB5Q2RbydgJsERe9jJE1LSA8gS5g3dg0KWh0AZq-8QrNVyZ3rSF91ZPLCY7xYbnS0ZV8xw1onw61UEgrR7J7csLn3Pa9fjYUtg2txX1cOee3ZuC_pwMVVUOZxj6gjvTEvFefDoaEGt0sda3KC0EpJpiicqLTltlAs-tOj-M3UMFcKKbrY-8ePx5C0qY,Hummus Kitchen,
7893,Hummus Kitchen Kips Bay,Hummus Kitchen,ok,https://res.cloudinary.com/dn7vbd6nn/image/upload/v1783421131/restaurants/google/restaurant_7893_google_800.jpg,restaurants/google/restaurant_7893_google_800,800,1067,350516,jpg,2467,places/ChIJ14sEiwhZwokRHBYb44-cuDw/photos/AaVGc3lB25udFpowppe1TaB0_s4uURXYx6v-bnuwc4v9kUb6iyvOmCtRTnBDYCSBA4SPppmOUm_qQQ9kuZ_BsCt5Gv7FUfwEoDbyNl7cR965D8zhqJB-KFHSJm6qcqreGNnk1yD_gXIuJQrIj2ulQZu9to50o0dJyc2iDLpjGYtnr2Q9iva2H68P4b6O3oZEs5oDAxkzNPBfsDmSNFFF4XkPHykrFOn124Fgre4NZxlXlOTpgI9xEuCZ9Xjkz_53CyvkcG--CkMC_jZw5Zbim8Tdk-FDQuwnuVzV34aosMy7miJ-YWfEKC6Dkrfm9zQ9cVCWGXyexOm17kSY049xoANqUDY17YvL4bwfJ7CRAOH0OwR9XKzpvecB0S3XwC3-RlpO1wuQNCqyxkGqBnsb_y_Q-smUePOOBY5pzKZg6tqMUyqfS4L4,Chuck Nwosu,
7894,Hummus Kitchen UES,Hummus Kitchen,ok,https://res.cloudinary.com/dn7vbd6nn/image/upload/v1783421137/restaurants/google/restaurant_7894_google_800.png,restaurants/google/restaurant_7894_google_800,800,1051,1390630,png,5733,places/ChIJ5WSb8btYwokRHLwjIWvRbAE/photos/AaVGc3nSUkzXAXpRYVt6TOJo4oNsI_81o2n6sMjNFlZ9jvh-NFHBjVQv7RsCkn2JVbBpKxvjrXe56qDQTbyFBuYXsYvoegPuvyFqNBFLIvC49tMkTCj5_nGKzgPxTv54YhOj2GcInnTisKSq6CqV50iJ5Upd2_T6TFGBS6qUyx-0fLQBehTkhi_qy63iAT7jRcEyjvafeeuU6XKWUAmYelxa-8mQ2uzJrSgRwJSGc_wnhhbDyFaXkbdSL4JnEUxAQ4LgDJEjbAWbwYzd3gZw_MhiPGjub-9R7c9BDULrSzUuCwtVzJhI6zMK6ph8oRhGkiBF2fQ1dTCJCLqcwHMzzReBct5gWkMI1Wjk6xYxmx8jxHYa7AawjtCpekL_gZ9gJSVxuEZ-z9uAIE5hIH1rPDHXCxFkT8m4tuicuiQM8pU3b0p6ERX1dXkgpbd6boCxLnYG,Hummus Kitchen,
7895,Hummus Place,Hummus Place,ok,https://res.cloudinary.com/dn7vbd6nn/image/upload/v1783421139/restaurants/google/restaurant_7895_google_800.jpg,restaurants/google/restaurant_7895_google_800,800,640,246184,jpg,2067,places/ChIJSSeYnIlYwokRtEGQjesBrL4/photos/AaVGc3lmv-sex1-_sjj0DoPrPKNIWu-9afLDk_YkzdFAleuLQY7tTgB0-riml2J5I6Qmm05S6CXr3qlNv3fzoG787PbC2UGLv4LPYtk_R2_bu2WgALuf9BCOxi_iY0XWla1Cq10WbRvCYzZOhRTyA-YK6pa8vdp_e5zRvSuKTFI6d4RFZlVSr5RJzoUX11N48Dc9xthla1CMhL6BJKyhuVvPwWy6_TtohR73VTqEE_2yIx43SL0G9y--364J1EAEF_tq1KQkXv9FWfwNUBN4SiLVJMWQgq_JCRU5zB_6vTpPidCkJei8yOOkPIBgo2kLXBe_L_rLM7WotrdaP-FWBa7NyH4cLJTX5rKqxFEAcp8ARqcxmdNcM34vF7oWmZc0J00ZwQ0YI5MvGEcBou-3mzfMO4UjpV45bpfs8ChJCp472kRR4TWWLLf4MFSk82ptnA,Nic Garcia,
7896,Ice Cream House Boro Park,Ice Cream House Borough Park,ok,https://res.cloudinary.com/dn7vbd6nn/image/upload/v1783421143/restaurants/google/restaurant_7896_google_800.png,restaurants/google/restaurant_7896_google_800,800,450,654688,png,3427,places/ChIJd7I7_ylbwokRB5oQ0bRrQNQ/photos/AaVGc3nbIq7aYbDzxkA9mHqKvAiB482EohjIiZlp1RahZRNueFUPHa6ieMbYq9ufh_wBYA4PFgvXd9qozmH67M5jhgqoKi_MjtEXP9JkYD0vVotL5tXnr_m4889190HMhw5V1D35Nr4jyl8_TxGK6MVQbnYXZ9SZDDFjMFhQSw9MWuw95siyBIfqMqhdPRrgznole3ARu1YhD8b3a_ITk_gYUF4sfxr-Ws11E-ixN6PQ4Uc2EU1Ul_gLL7nF8ALPJPZoELT_MOankX72Efhg7cFgJtanRq70Jnd2EKP2d4MtE5JzIVFoqsWyw3yZFGl6mkCw-ZcYKFGyGXj9YTh72DPDA68R4dLftZdoZH-6a7LxNaVMaiFKdnq0utAvdfl371VUlus0lvO7EU91FqM3jWzXchWFtoMVRJzy7_jmImD63EAlYf8,Ice Cream House Borough Park,
7897,Insomnia Cookies - Penn Station,Insomnia Cookies,ok,https://res.cloudinary.com/dn7vbd6nn/image/upload/v1783421144/restaurants/google/restaurant_7897_google_800.jpg,restaurants/google/restaurant_7897_google_800,800,600,112553,jpg,1561,places/ChIJVWc0LoJZwokRlVnQZx6OId8/photos/AaVGc3mEcpVof5QfJfNhAvgfZSla1dfNMjz0qPi0tUQnucFbSpCgxNuganhKdvq7XXZcF2JzEjcjFZRcAkY-jgRs9WbKuUVcoe9BTdthZTojkZUjz-rGy8H2dN6QIU3qsOqlc0rqlCJpU51GPb8jP7l2j10yVyaGB0wJMSHBCgDQy_YyULBnuGmZVGMQVGhVMcyMvt6EwiAbK6kG6iFD5GakQwzymfTllvSaoPPQPSymQ7aEXYetCCRBkc7BjKCXE6HjMgt9LSSKN1a63v2liPrKKOiRhyPULg6hK1hW2_0LkvwSi0e7YpqdzAZo393ZQDKiU2kCXJuzyVgRiVp2KLvzN886XPAM_pmyMDABlNW5bdK3rn68G4Mt4z-dI4w6ffU5NQgaaQuWHAof_kBuYOinBdbqbVdQunpKX6YMNKkD3R2PNAXYJsE61qY4MykmOQ,Matt B,
7898,Insomnia Cookies Fresh Meadows,Insomnia Cookies,ok,https://res.cloudinary.com/dn7vbd6nn/image/upload/v1783421147/restaurants/google/restaurant_7898_google_800.jpg,restaurants/google/restaurant_7898_google_800,800,1422,312467,jpg,2236,places/ChIJ6eJikPBhwokRmd9ya-8cwMA/photos/AaVGc3nI5gpQlBYuHp_S5yLmPHZ8PWYw5qn2K02OHqN597NPF1gHYwtFbniBheh03kT-tslOxKGA3uUMOxzatpf6jzBc1mXu0xOkkU0aqn7sguf7aHBgpzLwJAQTj57HkiRFhRQ_5KKM9i0-SBGuYd69qZ5zXwzKqqk54LIHdCBX4o8Tw3FNNf5KnWPdYjeBYvBTLbtX36jbRBSJH7-fZIhSfFdUqupShwwZZau4_TCWggTY5pZM2K3oPI8Jgohg5Ubkt_uJWjaq7zPiNA8rJ-fJJxc8hDd0p_Y8MWz7EPRTH_vH9ogv54e8LeR2ruLBbG5qRA_LMQ633Q2-4iD1MQQ9O42GP00XkBIuaf0RDAMbIfDdol4yayWds7yhQUfHf8GW4pspaeT4z7K4Oj2kK03G84fPkvnzp6AIGCZ7rgq4c2bGuCbye9pagY3z0bpzqQu2,Insomnia Cookies,
7899,Isaac's Kosher Deli,Isaacs Kosher Deli,ok,https://res.cloudinary.com/dn7vbd6nn/image/upload/v1783421149/restaurants/google/restaurant_7899_google_800.jpg,restaurants/google/restaurant_7899_google_800,800,1067,254581,jpg,2465,places/ChIJubf_agBhwokR4ylr3S-nLQU/photos/AaVGc3moTz8w2hRklQXVE0vocAK476EFHJX8-VJjx-4I5naL2d4ckmLBTmMMFf-DRa4btUOCvFJ3yzhUVQXqOeGheuBHpI03wQBDZEEaV9WUggDj_xsrges5YBZ0wOkWPzRc6Q2SQqouOLwCop_3TF85nqGWOkCg9BSZDAwJ6iHdFlD7ztcRs6NBI4Quh634EkuyFpJqwwjIam6iGYXz8d2-igycTwJtxlx7UZVVasQXyb95dyry6i4sTVAA6W2AGkogbhGbnTqSpb0ky_Vdrb9yXH4zHtCXnUcp0Ulu-zBTPBAtx9m0y9b0jDwSOCNhmWdI4wuDNGYqQM0yiV4i-hQSi7UwIVuJWZ15UnYWLAEC7BEQKQWYNwjOg1fkeBaXQ-j3_xnERJpV8Z33s1rQ6K1hVrLgP7G8hq3EtYGRdkKVg8jm0AHe5_88TmHB8yDwa6xO,Isaacs Kosher Deli,
7900,Izzy's Brooklyn Smokehouse,Izzy's Brooklyn Smokehouse,ok,https://res.cloudinary.com/dn7vbd6nn/image/upload/v1783421151/restaurants/google/restaurant_7900_google_800.jpg,restaurants/google/restaurant_7900_google_800,800,600,139128,jpg,1602,places/ChIJt8dbD35bwokRq2cXZ9Cla6Y/photos/AaVGc3lR1Nk91Z2XlK_bCIhEhZLT1LcBx9WXFZytU5A3CPuCwBf8bSSc_jwocLAibWBp4SSGjzJNnYNZtYDCf_rq_oZM_T1qRbtKEnM7_t6-XASHGaAClacfubSIdPvaAduLNXr8ch-JgZpHyTDSgiM-6ImGrYFSrUQJIgTM4two2ZQ8Ol-vrEcOm29uSYWerN0ppWZpKv35btrjJKXOyaRynJX37v6zy26TZC4G3iu8Pn5QvL4EpJVtqOs2fWZTPwRgGUDlE0eyD_EpFTpoVa_r5376x7SMjI7YMfBdyl_F_N0SJ5uUpSPht-RBjWcwI8pDYNpkh0QEAgA6sS9IjVMGsdKhvyqEQSWBFe-tSQEySLmfisNUSLcBE8rQ7eb71ALyTTv3O74mGKzxkkRupdPrRgrfYjsgORaIv3TBmsXBYK1UgQ,Michael Farnoosh,
7902,Jerusalem Steak House II,Jerusalem Steakhouse,ok,https://res.cloudinary.com/dn7vbd6nn/image/upload/v1783421152/restaurants/google/restaurant_7902_google_800.jpg,restaurants/google/restaurant_7902_google_800,800,450,129263,jpg,1669,places/ChIJMRRQ9shEwokRR_FeLyaPRJc/photos/AaVGc3nds7ME59p2AucaK3zd2ppWZq_g2mkP8F88UKgG6-_DBLuqZegnlLXxIaaXAnDhO0euOzM9pVQLoLYMX1QZ6DYb8OZifEh6VVL0kEFS6Ssr3XRE1w1PrNMvFvM_bZlTW2DL-w0U8vmkOVISyQCi-aBii6ri57EDT8qgh3H8zB2l3Mzt0fAxPURc-YcOLCtZvB0NaeIHkQvw20VFbOS0Abv8g0Bd0ufpztSkDHOEPtL3c1CeFdDwzecG203P5pn8tPJF2dTgdEW5DC1KnrNiK5FUTkWBioTio8pO_Rg3cQM9PvnSGngg87UZ_V9EjqOgZEskJSgKuwd_MaJrFTmlT13GzewY9tiETxM4k7Mf8_7HsdDn8FP2f7C2jmLQTJxk0jpLUYBup9tKQb80zdEfp4KhmLWYizJa448O9VtdzaGfOUoNNEWSy-T5hA_H4COL,Jerusalem Steakhouse,
7903,Jewel Bagels,Jewel Bagels,ok,https://res.cloudinary.com/dn7vbd6nn/image/upload/v1783421154/restaurants/google/restaurant_7903_google_800.jpg,restaurants/google/restaurant_7903_google_800,800,600,157621,jpg,1736,places/ChIJc7y7EYRhwokRPrAKE2ZIjn0/photos/AaVGc3lYxcmpylCZKfEjJQBdQkGjEHV4Pr344eTOSU_EPGhLZ2Zz4WnMJJ2d4TJEPXs80LgZbX_edrPlu0AJE6JPoHRkF-_2Cw1mPssFYVkdDf32MHSOquzZu2NfM1cl6ETIqtQgwnos_d1P-wCoNVnhIi0GKGjwad50zcd8TgvgNzUqTQW_vcm2qOFs-ASaC_XUjx2AFQQ5d9UT9xTz4aIei2850mtDcRIFUM9pWeNSKQdbiXLfw2YHl2X9dc6RXsObBiufbtSeU0xRlFtwipEPa3i2i6CODPvEWkEnNsaswMWY1lp4pMGz_9mCE3PZlXEpPp8GnLXXrlPuvuckaQBi5_IQVCVhs8YP-9YTU3HSZmNi_0bioRWB7y2yflCToOMLnBNqpZVdl2xZCHqv6McRaEnADedjRoryeSn3Td-F_0gJLw,Michael Wayne,
7904,Joseph's Dream Burger Avenue J,Joseph's Dream Burger (JDB),ok,https://res.cloudinary.com/dn7vbd6nn/image/upload/v1783421156/restaurants/google/restaurant_7904_google_800.jpg,restaurants/google/restaurant_7904_google_800,800,1067,295045,jpg,2245,places/ChIJzz2h7iFFwokRfHhxleiDvDQ/photos/AaVGc3mb88zeydgHTaif3-PDY2rpIzxUC66LThginwkQckcA4UZDqd_4nvwB2KtdEbU_hjh1mmV8eNyQZlhK7vbkJKvNvDz3MfXUJ630euahONiJwK_SYTLtbkUPVjZ2Z6763Vq6U_JsyNJLVzSZq2HlLtyp34nTOVA-VXAlKDySnqh0fewuaqc8DjSiv4Gtujj4tP3g9Zs3TxRfouZHiEyCHULPz5RtV8rJn2QY_KRQ82ENprCNDyOM-q7KWUr50-Q18bB61RpPO7lANkgISbk6ooCfhQlqXMxH7nnZ3TeIDYx9oXDzQDpELonsJJO2KKdMi7sWBzcm42x_vFbwR8ojrnroCM_QVIOHo8dwoONmT6Dv5HgeRO1td3xY20X637quvwuxK8cJC_HUaOjSBHnXKD1CpQ7am_VFfia_tHubHjxT4sJGkO86BbKu7fNAzA,RE Moore,
7905,Joseph's Dream Burger Avenue M,Joseph’s Dream Burger (JDB),ok,https://res.cloudinary.com/dn7vbd6nn/image/upload/v1783421158/restaurants/google/restaurant_7905_google_800.jpg,restaurants/google/restaurant_7905_google_800,800,600,157930,jpg,1888,places/ChIJN8TYYT1FwokRBnvxLOzlluU/photos/AaVGc3komU4C7uHMHPmRv2RIm5cg0NMZ8E_XMEQ5qUd_hiQ7uRQD4PjVmAXBnS-gow8BEya59l3PzmV_5CF1UqSTItKG5P284e9wv73FIF3CrXwo1OnuP7u0xeGqnJUg0p3yEQNCRtNscXsevSsYR7RX0e6_IJ63FhRyUOEUW_pdCNYMuWXXErc9PisNHleov2zsdGUorrEg2Upiq3cYoteXohTbcA60imsGrx6Ivixt6-hV6cGLYQ-4MiigFAAjIz3Vv3h2Lzj45essVJD8CxJOIEQv7zE-yFGgK2Bo5M4T2mh4i3_ehNzYYF4hz9VWZ2FJbqds0YgsiIdUuTlATL4dQPyV2GC1LGxnqxv8zAMM8xnW8eF8pj116_gPwxPkYQqTt9ITyc6MhkqGPWuvAEmdie34kaL7HbfIIidv_XMoIb34_o2G,Gad Bar cochva,
7906,Joseph's Dream Burger Coney,Joseph's Dream Burger (JDB),ok,https://res.cloudinary.com/dn7vbd6nn/image/upload/v1783421160/restaurants/google/restaurant_7906_google_800.jpg,restaurants/google/restaurant_7906_google_800,800,600,162795,jpg,1787,places/ChIJZYtcqetEwokRYj_sR33xOZs/photos/AaVGc3mkLP9Ee92GnXK5qWV9TQVkRCrh80TP2cYbkBLSOTc2oVzUe4tlmD1VRzzJKD70komRoOUVf3uaxlxrcpDbmcVV_P1qO_P462WC797nu1_CG3E57ce1ZJja0B9ZadIW-Av6dBFwJ43dO8DHBq7drjvZxVt0gyKr1MlYzX3Zm4LsxTHpJUaipYnrW8m1tgDTKRDWmyZYuYE3DtLoc_4IzTSb0LNXnAwog9VfjA8GPGHr2xx4KdRD9whtOgndtN4EZHWiCSjV3Mrmr74VqOMGwMrKv9nlvwiqln858ntlhZmQ661GzbG-rfXx2Qegr3abpWmZE6DJYbk9OC0aY0FpH9gi3B8zXV_zp7BLjYYmUdfBT9mSOeGFM9OBfaJKoYXaGMd0WqzOZlkQK19IMhe51SNb_GhuwgmzvL2gJuhaZfUgU-pFcO1dTwGCsblkWncq,Gad Bar cochva,
7907,Joseph's Dream Burger Crown Heights,Joseph's Dream Burger (JDB),ok,https://res.cloudinary.com/dn7vbd6nn/image/upload/v1783421162/restaurants/google/restaurant_7907_google_800.jpg,restaurants/google/restaurant_7907_google_800,800,1067,295964,jpg,2180,places/ChIJ81A8zVlbwokRwmRwRdWfGjk/photos/AaVGc3kKxyXm8nBvxMmWHEMhobSJZvOIDcHlm084KWK9jaOkk_xDrtmb_wcUkFdRLGsJ6cUz0OWGpmZJ7lnXXZJ304K9QpCwAixm8tAbtCT7fLLfmShFktr9iCJxFlGxED6-6J_lhr060MA8JuUJ3gxO8jZP9cGyodcGhc7K2afBX4lTujg7Po0KD_EM7WBEd0pUT_pYRl-2ytKN7zWovWeolEDC6LN5qS79ew6ti20gx93LT9Ss0x0Bl1ZhSQx-jmXliL1FeLvbOG3Y3cSqAHBS0kvpWW6n1orpdb6M5A01K7e13svAj8pFd7engREKQ65U79ySI-R-x2HgDdaS2YdUssnupTzlX7igHsc8hEuH9lPkrtr7ckWLCHUqIGPEdrUBB6ZetrQ32uafvKFR5z6n53lBsCWYXIzanAqoORwQ1PlYGA,Joseph's Dream Burger (JDB),
7908,Juice Press Tribeca,Juice Press,ok,https://res.cloudinary.com/dn7vbd6nn/image/upload/v1783421165/restaurants/google/restaurant_7908_google_800.png,restaurants/google/restaurant_7908_google_800,800,450,516226,png,3063,places/ChIJT0muqvVZwokR3CECNUBmGc8/photos/AaVGc3lJBN1DMeKUSXv39zNZVBm8YeU5r0b3Ir6BtWBhj0dMMPrJ1fYhkXu_gEF8mwgui4xcxkkBmcy2yCsGBd5NBKGBaXp5TwE6eTd2Aw8hBUf11c3HUm_8OS4-4fFvcjvi86ifzaZYVtMrqsfuddoLLOEb9ZZPqlwIQQZAGz980NfyAIZPB5I6ZAuqbwZLMBA0xuT3t-6XfoGVTVmpkGF2-1p-XmEwdJVA4445bCQj6cG2p8fzVwin3O8fwlSBA9rwYHSV-uV3dwdXaFQlCGafCM54sxi7c21SgCD_w_pa4fBhMA5jYbbl0rqnw-NrsSyQYUXSJCjJjAx9xaUGj5L_tDxHtFcoHn-SdAvXSRsASsO31f5NaQMbuAkw4pI0pCyK8ovn0cUJ5lPjraf_EFlUGQHRvB3XaO1hLVQqUhN44lMDon-d,Juice Press,
7909,Jus by Julie,Jus by Julie,ok,https://res.cloudinary.com/dn7vbd6nn/image/upload/v1783421170/restaurants/google/restaurant_7909_google_800.png,restaurants/google/restaurant_7909_google_800,760,1041,1157650,png,5335,places/ChIJ1xjW3sBEwokR4JUUoPJ3YjA/photos/AaVGc3lIwh2lA3TRoxbVHzmEb52BAEb6C62XVs_OPmKJot4MuVaS2L1BqwNFxUbfeF3vhhCv_YscH7QrjWJRHMikT0UeVgAR2wrJzJU6xC7qJ3Wefa14afJkC95KS9jq1cBNUsfgFVovekbUZ2VltHlWT4jEdlA0dKtZQBiYNFFSweqgvLsdkWyhxOevqBA90eB3tVGCoTnn6wlg6z8UpkHywTvy-4vdoWpr2vfY5wQUtZViEqRBCKtC2lkqR-hdtN6NJywe3zM-1Dun1DL_FWSEcfXNtH1Sb8iTPr_y64MhhYpKWQlCc0C8K4kGsEP8hwbYYrshf0z9Tz9aJQpVXlo7DixIt9VseeLp4JWcVxAUyLdGXJzjHv2_4335kRzMorGmP3SWF4rhZbNtUO20ZGZNAnBUgn6v1qpn4igkvpCjtzCxG3qegmPZ6gRCkwUIgA,Jus by Julie,
7910,Jus by Julie Avenue J,Jus by Julie,ok,https://res.cloudinary.com/dn7vbd6nn/image/upload/v1783421178/restaurants/google/restaurant_7910_google_800.png,restaurants/google/restaurant_7910_google_800,800,1050,964745,png,7921,places/ChIJw7GihQBFwokRNbCJBgnXwuo/photos/AaVGc3mcb47xsiBqO5iglvROe0xDsj5EQJfXOxbB5kWsa1LAm94JGhZAFhG-kIl_ZI0Ez86l0vgdv1XNAedzWysHfij1DXO9p-PqHadQ44V3LUGqyejC5h22FPiOBZ52kM4o_UtL2Z7mluEK3Ld1EJtS5H5v9mzMY1NFMjcueKl3Xw-kUCTYdEycR-5pkMHiKMe-kdqYxn1ufI1ZtfEdgJYU90ASYuQ8AE8fQQLex1wYNbhWBTV5TwZyRHqKGb2cRkdYf0IPX7jvTIvvAxZdv0hVH_hnrrLGKmjEwHFm0e7kwqe7dLrgIqp9kHBXNfpf2UBkoHYhe3e2dNy7GWKwZsS_WzxY2CyGD8eU6GHR51DYNe3ved0dUD2FLsx94b5iYr4_vbkhGuP3p0S_lwTVf9iSkEXDbEvNHPINrBDx6UcoJKU04bknBCwQj3MA3fSUAjou,Jus by Julie,
7911,Jus Munch,Just Munch,ok,https://res.cloudinary.com/dn7vbd6nn/image/upload/v1783421181/restaurants/google/restaurant_7911_google_800.jpg,restaurants/google/restaurant_7911_google_800,800,800,161805,jpg,2241,places/ChIJ492syS5FwokR3EpV_HKVxJA/photos/AaVGc3kR4JCKXQ49WY6YUjhWnGNu7GbEx0pNUmOfr48R-9ekzEQTKBqtMvaMxdq3veJkZUKKO0aMrKBXmAUTa9-SqzJX-HIuU98boxUKWb2TTnH6jH9djGZ2tD593tH8-lLIHvMqftJUzXuzirtmVWoSCT2-pRO6fmiBw5g0VWn6NjzuV5AyxFS4j_q8f4nhcoOPewEib3Lbe6Q65DcimMKARzvXRZMtLL1ucQn8VYt4Xaj9K12FKBgURrh8UeWLSnYJmbGdG4S_3FF_QPWNe4pxqvsfi7wVYnM8kFNB9Sy66nq_vR1ga9huj4xGksDX2wam1kOsP2S4nxAoaKONr1S3SpuY9hqN6TooRyqyaOxpW6O3sXoNd_P1hU2FgFOn-eXofA6Tgiq8ihGK27hA6ErewWHuhmpT5ot2i51Nnmb-gtOEGBZa_g0TK0t52wxQSA,Daniel Mardachai,
7912,Kaff Bakery Avenue M,Kaff Bakery,ok,https://res.cloudinary.com/dn7vbd6nn/image/upload/v1783421183/restaurants/google/restaurant_7912_google_800.jpg,restaurants/google/restaurant_7912_google_800,800,600,162586,jpg,1875,places/ChIJq6qqqrlEwokRpokGS9Ccq5U/photos/AaVGc3kaHmqB-2grOjpFpls-Dy_lb6OPy7BzJ7a87ciUjQLBy-d95a0ASpf83oxBkQfvTMKpNDSPs4yKp9YUrQjxvzfMXIDaiQ8rEWNKGn6UfXv6bfc4gMCFCG7CYLegpkchsFbRiNSLbQyk75lqcww1Ds4x3IeCjADY5lygm6xpJQaYPAUpeLZSEWMwLRXYpnQGI8J89-dBLY0dQYkGyv5R9LMYvscqeKex90B-ANTmFH4SGJV5yIvD_UX4vxdAKu9NliWUEfFQZ3mo5oXpWqG16R6exN-Y4S957zseCSC9N0lcrRBAwLq21rIKEU_sHEIXMPAgcmJfwHU5__pCY-TiGOfXgwXoP_ibAYPd9PNmc2hqJsI8H-KXmKTw4ErUDiFiLTDZsIRsYvj8rldr3IJ4TTj8ABCtcusFgqyhR7pHdWk9NURO,William B,
7913,Kaff Kafe,Kaff Kafe,ok,https://res.cloudinary.com/dn7vbd6nn/image/upload/v1783421185/restaurants/google/restaurant_7913_google_800.jpg,restaurants/google/restaurant_7913_google_800,800,1067,298120,jpg,2756,places/ChIJtwa5tyhFwokRVnJSVx4xyws/photos/AaVGc3lHw-kFuhOGl0pnu8JOMYERm057gfiXq37cebvy9IPsg5bC8L92p7KdA13-iJxjWe81onD1WKQEpxc9DP_gd9eRBNGDgmXCFzJm9yaZVrnX9TKN8NQ5gEXAKGhF-TEx7WdJxGZFJbeWyR9TBwkuYGBL7L4Ti4eWPIktw9ZYQSqk1zdDnjyz9FBYTU0wP269cXjdV07Y5nDrU9Qm4RyFXDuvjd4SQvdUF30SYL1fYtf0RuBIBD8_7r_484p5aPVf0Syy_TzksMG947m0t1j9DxJs83vY90biaQOg3SsHPyFcgXCWMXu53d_XhfbOJl3BbT_8GA1GRxAeyGV4DBS-Il8sDIjwsygSQqFidPsx3K_BF2-PFHmdMx0zWNXnXJOwER5W4ySQc1plbrEzbW8p7EQ7MBeWXXjKgOz8H1MLopLRrAVO,Russ Elols,
7914,Kai Fan,Kai Fan,ok,https://res.cloudinary.com/dn7vbd6nn/image/upload/v1783421187/restaurants/google/restaurant_7914_google_800.jpg,restaurants/google/restaurant_7914_google_800,800,600,150440,jpg,2132,places/ChIJ0a2Usr7zwokR9AKXrQxfF1c/photos/AaVGc3nonnCxZPazlcFnvvueM_4PLuNr2XK3zS9KnCPpn57fKVAwU9O85seF31cYOYY4SQeGyEI-minbT5WJ0ZFSrLtsG_NXqvymQK_W5xFNxwC1vcldaQmqmE2Q6B-My7Vv0iD5XdXm58GY_Tf_MWVj1ZlR2QvcwvNQOxUNN4-cU9T2Pgg-65iFeqSQX0jYlAkVELAZIaL7YyMXxrvo-tO5ZikrQ77nLW7kzigD2wvBvqBoQsmfXm2zVktKo145MJfPFmRjVqDlZCrZGDNWeJ8mpMJhmURnaA-_V9ztX4kqUP16KR6u3w576p5HU6P_bmkE1FDNSl7apWhyZ0FKi342IMdAxJ70kWVHNUjNHHvM2dyzIxVVgJnr1wRldPRm4B97D9n4vpYOAh9S2jIpYIgGBNk7kpYk49KFj1LT4afr9aOilA,jazz guo,
7916,Kasai Kosher Hibachi,Kasai Kosher Hibachi,ok,https://res.cloudinary.com/dn7vbd6nn/image/upload/v1783421189/restaurants/google/restaurant_7916_google_800.jpg,restaurants/google/restaurant_7916_google_800,800,533,111677,jpg,2042,places/ChIJfyj0E_VEwokRp6rNzHKn0sA/photos/AaVGc3lxCeprHgYEe6EulJDs-bhXUsUNEsWaZu4FInajLkHu_Q6SMnjEbrJ-EMSgKKTMH8uIfTZIGWAZGbGCyAu5ReQCo7ETkjoHoX3AGCHDaSexJMHOzMyTnBQSKgH3wkC7BJz3Bbd9dmc2YEVoQ8exN9vfyrIbqDAfi_Ts0UBruTouk9nXi_xzhSo_hYSqRiwTAyXIVzfmXSmkcqsnEJaEQggr-wJWeR67Bd1Ff6UTcqnxXp6UpbGRwSfl2KrwABNKw-IvcoaYtoXOJziQnknIh0zSB6yZN88tHYvLRuXRei440GiyDL_FtDokvkax8pSIQVrhWvHsZ1DSjq8czvHlXzHwig0rdcrAFqDXoSd-CC7hRPdRv4R9Les5VFKFxB0fwrkG6mBuK8HdFnRlYgr-wthr2u4QOOJ5s3tXurNssjcfYQ,Kasai Kosher Hibachi,
7917,King David Restaurant,King David Restaurant,ok,https://res.cloudinary.com/dn7vbd6nn/image/upload/v1783421191/restaurants/google/restaurant_7917_google_800.jpg,restaurants/google/restaurant_7917_google_800,800,534,96413,jpg,1842,places/ChIJ48ktQyVewokRz3SSeHq7IkU/photos/AaVGc3lUxxl0LkHZFtIzi4PWluwDAtTWefIXTr5htHbNRnNNGnModtsQLRYPmctTGs69XnCgB0ovrwwvM74SaVfAsN1Lg-tur9Sl-ccFLoqvRWFo307HUdnHzoTpgofanXxVmfsRVBNJ1JW792YoyIE2HhBD4ctbJ1RAfmPNBYlG7v-_3PVuCcB0PWW7R8UaCAY-S37pn5Aw7OIR2vVkDAAdk0FWbul608h63DWihJxXo2edddJJcwQ2thbEY2-gB50KubpKQ5l1uf1dElhpfgNLslIQaDuz5GdmFAUDZiRALvlcDZKjc6g_IslwM2I62J5VwbX0SxBWAhnS3lwWxaV-w1N6DKyGpzD645SNlMECKZ5qN2qmM2qajxjnuhXE_EZMOVsRK3xdZspjMuvcWoLdD0_zIh_vRh8Km9fBCI_208CIqoW5,BSD Productions,
7918,King Solomon Restaurant,King Solomon Palace Glatt Kosher Restaurant,ok,https://res.cloudinary.com/dn7vbd6nn/image/upload/v1783421194/restaurants/google/restaurant_7918_google_800.jpg,restaurants/google/restaurant_7918_google_800,800,864,187464,jpg,2264,places/ChIJR6Pq1cFEwokRqZLee9P_W44/photos/AaVGc3mMAQkLkBksm0TlkaIsq8mqVM52L3RMhYr1DJTxbmKA6o7QjBQ66jkdO-ngasTXiDS0bNL3wOubAWSHBLxxibJf8pOs6IUJY4vcdZtlTRcqrdNjVpCtDHJnswGY0ZGjlAEe6mmWJo2CQSOYQkYW6UFWFT5z-ccGVX0iwaOrxzYFG2rp3EOoifl2MXuOMHeBG4yBmZzEku7gIr8lj7Tk8WHXRLmk8NwLKHWF5dfkqKlc07BdrYEZzAodhWAez5jbEdYsmfWsc-J8SqubUJVNauIEh8JDyX3aB1Pmxkl38yqnhtfydbKV41H2rM49E7vcrHBMVPC4Ex07vjcOw_YeYgTDcsl05jIlWkgGPa68F6x61BG4HZZL-PIdDBH1d0M9MmlAbZ2gp0zHNVcLftDqMn6OdSGOXBhbVjEgrzmS8o9HSNwfz4iGLTcJI4Ze2A,King Solomon Palace Glatt Kosher Restaurant,
7919,King Sweets,King Sweets,ok,https://res.cloudinary.com/dn7vbd6nn/image/upload/v1783421196/restaurants/google/restaurant_7919_google_800.jpg,restaurants/google/restaurant_7919_google_800,800,1067,338931,jpg,2386,places/ChIJybI-f-5EwokRHDWSje9FxjU/photos/AaVGc3lCce1I5X6Wm7oGM075WXU2U4lGPWvc5eqI6x9rlasPnJ2Sgj-Ay9AGTL0kYUefP5-9CNvcFtALAQFWvM7mvEUVzhHqSK-EpzYX9aBz1YVLv0ggLFyf-QRZG6KP0xejYusPDqP1H8UrT_P7PSSDCoaMVejlm7c73F75bE0xyxEAHqmF94RHB_-9LycT6QyblS_sEKRYi2cWgho1kR8T2oXV4b6eFXjO7F9t5B4QErp-c3IIJ2F73Vl8MmyVNHbJibq_JYrufDC3XFpyMxiUWQrRVg6HdopbS2dFwdJFcaLXNNrui1kce8A8MlYcw5HgDnOeKtEI-FOrzb60z2dffMjLMATqLrcFSiyrkR-kqZz1RWRpOZ9SDgzoLKnpAjQmhFUjQclCCoHR-njSJ2X3jY7Kh5KkMW9uxvI2OyG3RcjF42EJBduWMP3jJdK37I48,King Sweets,
7920,Kingston Pizza,Kingston Pizza Kosher,ok,https://res.cloudinary.com/dn7vbd6nn/image/upload/v1783421198/restaurants/google/restaurant_7920_google_800.jpg,restaurants/google/restaurant_7920_google_800,800,600,202575,jpg,2041,places/ChIJG8DhUHlbwokR47RDhS-gjMM/photos/AaVGc3lT8TEUL7L3ll4QLzlDFQsSj73ijvmfJODtQrnifauOVd30KxuybJw-x3ZHHaK3Znh7Fqpf1siZOr90bxqAh3Ioya_NeiFNDuJ6N-gTS7u6qyESLc9ZbXvVK8d6lr6MlfIF8Iuvvy1dlb4dOx50ICR1XCAMNHw4jPM6m5uzjTt9LfGPZCxCA7N4nh587OT3PcQdlAi7lIC08JY6uW4jsY57du8gJ4B71YLNrAUS5L2Fe4PnwRUn8yYIGcEh2YdHSS0OB63GxyKXSaOw0GX9yXjI5lRS5phZJV3-qdHvTxG0S7szPSVcziM_Mw_nAq6CQz0I-i9RAwl9ge1SbvRG36x1lj3X-Cd6xoP1jL4UJw04RN_auWS4fgoR2bcBJV7AZBs31DbpmZsTWGKZ6xh8oBSP170sj6ulOD4t0vKbDvqoQs8,מנחם כהן,
7921,Klio Restaurant & Bar,Klio Restaurant & Bar,ok,https://res.cloudinary.com/dn7vbd6nn/image/upload/v1783421200/restaurants/google/restaurant_7921_google_800.jpg,restaurants/google/restaurant_7921_google_800,800,1200,138723,jpg,1688,places/ChIJ42b_jTpfwokR9KAtuQaQFRU/photos/AaVGc3n6Ove7o16AEfAUV-2w8v7IyAR--ShicHEOduXMsVVZHVBkQFag7LKYAew9zCAnNKN7_bbc8fv08yCieDM5_irQ_SbzxCpLk0eb5R3kcw0_K-tLLIRg7K0vmZv020GCXQSroRd60B6dos46AnExa2hlH_hidXXNG0HRyNKrXKtWl_kvUq4Pgtd-50z3f5uiZpUG4jddrjhQg5FbpTuseuMsfdcLEChDQlgtQFV0js-PJ9FSpyyhKd6iWfu2zM9nNbiOa-WkpSViRMuFF1Z00DdBulYdxFvlyeoNFZGFG5yyr7wErfeZRYyJMCIQC6fnA9pQU0zthN65cxVroHzrl8KOxUrCzG4cxeKtmmsl4GUUcMMfgr61m-XwR1Xhs88MRMIGpzmUrO8g5mcSCByPk3GAYXn-wPoCVbwgCe1dJDU_8BLVR2YqWaOU6JRjBA,Klio Restaurant & Bar,
7922,Koma Sushi,KOMA Sushi,ok,https://res.cloudinary.com/dn7vbd6nn/image/upload/v1783421201/restaurants/google/restaurant_7922_google_800.jpg,restaurants/google/restaurant_7922_google_800,800,450,110395,jpg,1739,places/ChIJLwYcc_FFwokRxlcwql5WsGs/photos/AaVGc3ng8Nofb-DVq93dfVv7kMpCFMex8mAGSLQ4WU0ydHGJ5BZV86pydmlsUtbXK0I2sSDmZGjlu0AS74UfZH3pM4mFmYhttBEc-eo--X40M4QSe-l41MxIBvD-_eR3xiuSWWYd6ViSCC_GMAokCHPA5HQ5nCucWTnxXPRRG-gWll4bDRnNslOB3JbgOincNIqHru9aL6zrQNliZE8LxD9do2XfJUtz7vPkBxjeVpHMXbTB0tAyhWB4MPSJeJlRdJE4b17HzhDyq0_JpwdF5i3MKYxb42OC9FN_gGuunXH5inN6h-FCb43a-IigCrL5AQVcbx0X3viAefNjKifCi08sOoNeQZbe3ZEAUfXP-fv5ze88VN7o7y-95e_1idFvWnBqEGe4dufwViQyKK7jfQk-ZU2_YTIzh_ZhaMdmQnicnepojQ,Alex Hoshi,
7923,Koshe Poke,Koshe Poke,ok,https://res.cloudinary.com/dn7vbd6nn/image/upload/v1783421203/restaurants/google/restaurant_7923_google_800.jpg,restaurants/google/restaurant_7923_google_800,800,534,108062,jpg,1598,places/ChIJI5X_hyxZwokRsXdwTFcuwgg/photos/AaVGc3kgPJ8LgjXFATwxm8iXFhc2GIQm8p6zc3goiCGDj3WxrerXsuZzygv_jsqZojomDTEp6L1d2-Zj7fsjgjr0VCwiss7NnQ38U638vNjiCCBfvesp7Hj3qQ8ND4I_Db-1qvQJBS5ho_QiZ_v-V46G5L-Thlfs9-O6zDtlqgZj2BoX2AEibV2gvbMHlasodXWZKVOlOpuxxAJ5v45PQ6vgHrbUxMC8pSUcFntXEVSTWbUYMbmrW2ndVDgs7IDbY8a6OQGeRvv9JJKJA-PXQifRnk1V3fsZ8_QQse_dPHsz7hhy-nCTdHBvXIkKDkIN68HQdWp7vg8I_XTehvsUSr24xmMDu9XAP5O-BMZwnc9GbOvO3LYRdKwNog9FRiO8QhyrBchZdIJccYSnLOQsfcgYYHWTeWabdr4mfuWyjr1iTTk,Koshe Poke,
7924,Kosher Bagel Hole Avenue J,Kosher Bagel Hole,ok,https://res.cloudinary.com/dn7vbd6nn/image/upload/v1783421205/restaurants/google/restaurant_7924_google_800.jpg,restaurants/google/restaurant_7924_google_800,800,600,172126,jpg,1768,places/ChIJgwVZDcZEwokR6ynFoZpuo3g/photos/AaVGc3kuwH0k2kZxKGvgwtWZNlsdF5ERfVPLVClWy09azaGkzgMtgklEEWXL4r2Fz-3xw9H_n_eVGGQNRsm6jl8Kx1-aFPaQCFDN6H5i0CSsmIq_w-bAQJUQhqsxVwrW4h5jI2J6gAxR3xcyo3_Gmp4g34nXWNBhL4PW9YhCymICY2XJ1YHrTRB4zJd-FaQC7pPocuID0ykucsI1M3gL-Ey0AoN1_4rLKN7DYX9QryUy-m3uAUvY88N2bK1p0ba1gjrIj89gD7d1eJkdzEEBLTYrKdkiUIo_j3qKS2jTpi2k5fAB3JYiHJLNP66eRh1AKKfkofpMh3UYpmhM3dLGxsaQA-oNGLFschzd159i-jBkc5HjZJpxExYqB-ajGVC-vaS1cshmEpT6ws1EPstA3tw67AlUSnJslZuSasF2B_NWjJMEWQ,K Shimanovsky,
7925,Kosher Bagel Hole Coney Island Ave,Kosher Bagel Hole,ok,https://res.cloudinary.com/dn7vbd6nn/image/upload/v1783421207/restaurants/google/restaurant_7925_google_800.jpg,restaurants/google/restaurant_7925_google_800,800,600,189968,jpg,1531,places/ChIJgwVZDcZEwokRV5YyQazlyKY/photos/AaVGc3mxjGABPtLQ3AG7RezRX2XRhls7-7V7jc7oCrf0CTOJwjU6OStisO5vFXAHnnyaBwq5oWxJL5w06p1jS6x_HGqJo_UxByaAuseDI2vbP3L97OIzoCoFMELGE3OaUsVy8EgxgxYILrNqUQ9pwZbWzFi4V9mOOK7Bcj6c5G7sPOTuGO6LGGLHadzIvzClxkZP2btG2-74l5CGA6mflVQyX3Xi-XtCuNqvXKYCj41XCFhXfZiEymmudAeRXNnW25fSYuaiwai187PoF7wT3m7bRsLEjBCRLb86-BSmR6WQJIJdXfVkk6sJ3BD-t2RHd5rWmRg6IO51TnimFZR-XsHmhVgP_uCDEOzxHgbUrLm2Hw4NmTEomOJtW12VzH0MoyVNMjM7xCFYcevTli1oK3gMVMgIPbRDgVHwqe5fD32l6wU,zetov t,
7928,Kosher Food at LaGuardia Airport,LaGuardia Airport,ok,https://res.cloudinary.com/dn7vbd6nn/image/upload/v1783421213/restaurants/google/restaurant_7928_google_800.png,restaurants/google/restaurant_7928_google_800,800,1280,1818258,png,6490,places/ChIJtU1Cg4lfwokRs2aWDmbEL3c/photos/AaVGc3nI0M7WX8-dasQc1_CmG2dl67gC4ca-7FIFvO7WTVyQ-yXY-OEfOxKL_Ak81KwO65m4p1Cn1iSWhOfGH65g9CmHTWEh_L8KivTfjjC1AIYJoQjt1AvkE6kqZLy-rNs93rayHqwmG-PZ5ZIqyTIdawLo7UgUvx7W_XiDiXW5RMOOQg-dToS2mbexPzvyXEM6raso0fOCtXuMw_eas2KhTP2YRxKeHFc5UvurfpCHsmagxmVRvv0wxfRzanr2ohG3JFGwjjiG4A13Hoybo9ausWI-1_wk16X74TlSY0aFNClNBfeEZ0rLHShPdIt8w9uFS1CL81k3iYhnYhwcb60CDY9MicfRMasQOlvvl6Y1x7jLKNfSZa46Q36U-2xh5tSttU8ToaOUfalTs0qkAaoToW-vTTP1-jlHwN9qO3afNO0DfQmF7YwXXUKxHzShmQ,Lin Den,
7929,Kosher Hut of Brooklyn,Kosher Hut of Brooklyn,ok,https://res.cloudinary.com/dn7vbd6nn/image/upload/v1783421215/restaurants/google/restaurant_7929_google_800.jpg,restaurants/google/restaurant_7929_google_800,800,1067,129851,jpg,2407,places/ChIJk8uF1e1EwokRZ6MDVMmqdAg/photos/AaVGc3lojxMf6IAfHsXZtm7le4xPCKQR8paKgIkRvs3ERkZvzeTLOnuvtwVeBLIh4NKMFcveFcIDVXVb2J7J8rM1R3VnU_higPoJHYodsCrEINUTbm1aL0EZKA0HCUp72vM3_MxtbfbQIrlYathWOdAH2nvc58Y9EgRhucH_ykhLSAdZnh9MEMHpbwrePKiadP3x2qwTZ5Z6ViioaP95-CYGqG0px3WkoUvDAynGu3DdRpXkX1TGG7q_SnQQb53CGJxjUo78RW4ovDGttxGoP0JOc9wnLD9-DlykxmG6WemSAung8ohfYrmPo_rhr1RrUe_a9nmAlCcVxIcR9JqSimNrN2gxPFR7Kg86WezkjndENXX7xza2a-49rKDwxV_5i8km48aunV0QuqmLn0-YxYJiN1TLH9ujT3RL-Swn6GSmLVNiM89p,Tom H,
7930,Kosher in Midtown,Kosher In Midtown,ok,https://res.cloudinary.com/dn7vbd6nn/image/upload/v1783421217/restaurants/google/restaurant_7930_google_800.jpg,restaurants/google/restaurant_7930_google_800,800,600,180878,jpg,1678,places/ChIJWbnLeQdZwokR3XvZU0Dw0g0/photos/AaVGc3kYDDu5_O7pZeNYg1HHyTmQawU5U43jxt28FStnIwx6omvXz6lIP2W3mT48Pu_u_wXehnBELicZCuo7cmUI2rRmbP8g-v9ZEk36eX4_eMD-6wcwIQgAwk6G3rjdloSYBJpPJV1oJum9bQFsvRcNmp06ffWMs3oiqXGmJxfpMQ_Os62pgyazJ6ixSX96uUONsDUva3Ncrbz9Jksc_0R_FIRxGaE96LmryaKKe9tikj3UE_rppzZ9rkMbGYQlvK-KzJnnBpVG3o8xtJEcO-jbdQWqfFfGVGZPxqk14Eu5fdo2SOEub6Q3yc8C9Oq7aoOKdcTw-Jke_bMa4TUwwxa8iotMeAJhiq6LkH-iWJxS53Q5Ynni6QoJ7FZ6iVAexgJh2Pw-1KZFpp3TdKSEBrSrJpsYwY8Muy7UoirKH5LaDzwGuE9G,Yosef Rosenthal,
7932,Kosher Stand at Yankee Stadium,Yankee Stadium,ok,https://res.cloudinary.com/dn7vbd6nn/image/upload/v1783421219/restaurants/google/restaurant_7932_google_800.jpg,restaurants/google/restaurant_7932_google_800,800,600,211005,jpg,1719,places/ChIJcWnnWiz0wokRCB6aVdnDQEk/photos/AaVGc3nA8VsXFzF7Uoc9k53ZAZCUu8VP5OJnsZCRtFm46eLz9KT9GhzXAsvB9pS6xFpYBL0SJlXKhCbDxJCf3aSpggTlessFRhPLMIfAgo7O6MUuYoxTvH1bflva2k62r6d6NG5m1PBsOHk13DaGfsqkBVPCde6aYkhgV8dfIUeugzNbCgJ6ACzM8zY0rHKO_UZfeBDRSRusrdtgqSq0UCY6O73BKtTJdtKUvDfrJvRbjEsYTOirIi9fNNFcYlfTvtfPONeeIXAALZhmN46T48cHzCO22wzAiC1747bxo8LW0GqEEYU3_jD0yixjXN6GAUnB172qsQrZxCtocQPsfXw0lHjhSo78ZXsScRrlKp9H_hyjMP9HOpKbDNuKDYkyx8jxenYzfNLj9Dyw0QzvThIdUkqiOfuVjE7860vQ0a00TPccbYc,Rinus Derksen,
7933,Krispy Kreme Penn Station,Krispy Kreme,ok,https://res.cloudinary.com/dn7vbd6nn/image/upload/v1783421221/restaurants/google/restaurant_7933_google_800.jpg,restaurants/google/restaurant_7933_google_800,800,600,194211,jpg,1708,places/ChIJiag-Wq5ZwokR9x2Wlf7j7dc/photos/AaVGc3lqxdpZoZu-nTELpT_BrHmDgrU4oXVD6SFmqd4s4K1ds_ndLCDRXhvMyUtJXg_7kF431P18dmA4RpNLGAKthLUAAy26S0KPUgvCwxB1nyb39U85NiaNz_yIpILcoCOpfmhM3MFme6GODBj8ZBg9XvPcW64QlgHbDGX40-0kif58KuHFPOnywj_eeS2Gr9qIaU6RJZn3Ebr-XEV40Q4-kQYtQXvZJutKqfWqQypnbPd2o31xV4NxvX64IX-cNnHZjr6eInzr0bEJYmIZhwC5mCrHvf9KU_rssMoAsa-6mxo4PNW9P4q8Bt7KCkHcxdxzwfZ8Tyqf0R7ssP07EAGEvKrVwQFOhwPFTCFbNIV0fJ8WKN55tht7p783NIfxuK8xUUhvPsVw1dHAY_FbqKKoBSBdojTss2LcZ3nZuSR98Ys,Antriksh Mutha,
7934,Krispy Kreme Times Square,Krispy Kreme,ok,https://res.cloudinary.com/dn7vbd6nn/image/upload/v1783421222/restaurants/google/restaurant_7934_google_800.jpg,restaurants/google/restaurant_7934_google_800,800,800,175176,jpg,1684,places/ChIJ-ZlOtTFZwokRqqrcUV-tQfU/photos/AaVGc3kgxQGEFHfvYcGrRgJIYumEoGDhcLmmRGgJzR-tRfwGrM3zSeY4rnxqfA7hTZ4nd5rbrC6eH1TrmagyhSuRAbuUQBcxTNhGIomCODjucJGHq9qYUjsHTSq87qs9JP6v9leOpvPhdhNLzSMF_2SViiUQMy5ghMXe956xixIJKEm7eggOIeGK4n5YjbNRFNGaFJH_LtJz7JNvB0nhgBpmr86zlPlfhJm1iqDv7gBeLDw52s-LKgTMELk76P_NTKUZvIqvycuAPIxiDc0rzp8qPL20cAElw0z_WW2xnbz4hrXMEqXNsZOY_GecK0_r2UKkDbNp5aMjgkRh5UqVYLFBhxQtbGAQOdQDqIj0rOaPdqtCmgNCsfj5QPJkpUasrHKIxpuwEf2U638pz30Rj3894Zvqy47LJA2oHasn3pjF_DzFMg,Krispy Kreme,
7935,Krispy Kreme Upper East Side,Krispy Kreme,ok,https://res.cloudinary.com/dn7vbd6nn/image/upload/v1783421224/restaurants/google/restaurant_7935_google_800.jpg,restaurants/google/restaurant_7935_google_800,800,584,142453,jpg,1646,places/ChIJX_uuiGpZwokRXueartCBI48/photos/AaVGc3nHm7bf7ikqLPDnwyAC2YEnapAaA_a3rO_2UioYDdm28TR5vnUDmNgso0r3rvUgHngOmeDgBcLqgjgpXioZ8418Ua7vEkY4XzIbtQtyquJ_UwZKx1TVe2W2weYnrQSoFjxQVvgfOvTtVI_Pr9WTKdZ8_-1yxlyn63ycFxqjPJisiaO8q1Vo4Lll2aV-8cCozHk4XXjNp0AQ9QWlWOtYBnFQj7c_PttiRQOYp2ReRpr6GLWlJGqTx3VNjy7T2uRWaV-BJGHUlHDKS--9zyRTmfkiiFw_F9PhnNc65-3XEstaMDyQVs5oe4nXJRjkhOP4yyM4zKwLPupTY8btqPrQU1v-mpBekaBn6rfPlcwcWKLOS0KJMVyo3yheuUY8PR5UIfW6oMr1-ZWOkluIxqjZNNQ_1bkf6qtf44HCBwUdYb0B8c4o,Lisa C,
7936,Krispy Kreme Upper West Side,Krispy Kreme,ok,https://res.cloudinary.com/dn7vbd6nn/image/upload/v1783421226/restaurants/google/restaurant_7936_google_800.jpg,restaurants/google/restaurant_7936_google_800,800,600,179383,jpg,1979,places/ChIJiezHNon3wokRmGhqBVgX0i4/photos/AaVGc3mw49tb8hjfUDiYEZ-A3pu8Fe6sDxYdUCXrYjTG_fuLpEYcTjet8T1uEM9hTDxLGnmqdgZq-ff3Vp2nTYPqUCDKF3nAQIUEmAcFY_dtMvw_FqgxTFeYnOyXFPVVe8z9aCbBAWzjVD7bnMZt9Uk_Sj39uNURUqQe1gj4mPpzSvawGMl9Vd8FQcRsR9ZprzUYY0qY0dAqKP4p9NH5bOB6DQ5dfRCgbB4UMajkSiWxF2MnnmvO90-s3ovoMHG5BHyTaq4S_zODootpBBXaJQcnHsU6I7AV4aRDop7nwLPRAJuippnLUWIrBKYFdAlDBPyKNTptiBV_4xR6CkcaHGZ9TGG79uROeoyEzENqraLHAkCG3dNftAuR0rOFhd9J2da1A5tlt7zRNu9gd8jlVTni1dztl9nRkfgwoJ0pIFJkNIZ5Qw,Amelio Gomez,
7937,L'Amour Restaurant,L’Amour Restaurant,ok,https://res.cloudinary.com/dn7vbd6nn/image/upload/v1783421227/restaurants/google/restaurant_7937_google_800.jpg,restaurants/google/restaurant_7937_google_800,800,600,90017,jpg,1632,places/ChIJYetAeSVewokRCG_6gHaLsss/photos/AaVGc3mund3pT8Wt_2G9OFQSutSfi5qbOwVSBZm1ZeD1Afbj-pRCSoq5Oa_h3l-6mqFUrLx1wqu_Ai3edjKO4iXat0ZbLkFEmLux3Bhj3Qj4GvPb4L_LBI1L592ryHkETBqrt0ziqp9a8Cd6LriMhYU7PVVs0O36sFsHsQRXKpxnbB4m64OjIDsGIYNuwGH6y5U1L53iAvJXJB2x0HvSVBoPVH8zhJR7RKZ0WFnshpMi-MbUbtPTVzIvL_rKEcgsneXNZFQiHRTj9p5H8S4hAHnJk0BRteS5IOnRrH1qKU47zggtnKiwwdKpSUTgK5e8EfOj--bl0TnhWMphiIzb4cCPL9ytQ-48ov1YeFhnSI6lKMRhDieVwWpJrfezK_NpxlbXWor89mZdBwU9VoazAWtwg1N_jb_CwWCZuepen6D_lVaH4w,L’Amour Restaurant,
7938,La Brochette Steakhouse & Sushi,La Brochette Steakhouse,ok,https://res.cloudinary.com/dn7vbd6nn/image/upload/v1783421229/restaurants/google/restaurant_7938_google_800.jpg,restaurants/google/restaurant_7938_google_800,800,640,131325,jpg,1532,places/ChIJZ38QVwFZwokRHFXpGj9Q9VI/photos/AaVGc3kMgk8UIyeT2rxGfEDrlZG8jM1-yEbwtoDHt7qdTOKOTw7V1LXmRtEk_V7TpWK4JCRyI-J0x21yp2d5sCeVjyC1XAwOwRdq0nePJ42pqmytSKBhO5-_JoUZ2-JRxeWw0rPf9v1WZMvvCvi3TAByitwYY4KKBQ7u_SeTZFrPSU2oChc_3t5VKhlJ8g7cUPVEEVfKWLGbozB4f0m6au7fDvAV7oRbV9EHOdHJY4JIPxywB6Z7Zscui9hUEPuZvMgC4brd5268ZIWNYlqXHKul1P7ywb-re9C1dePjqRd45kpNMaOgaXnpAqgUlw7VcSMvyvuHh2S5u5ydjtbXoFkW1FOmC3EhEypH08Giz7ARXUjE2yKSVGz4_Saeuj8gEO5-XLt7kPDu-wtbCqcKQdobaVM6rjeAKfLJVmXjXQ-pu0Vqjb4,La Brochette Steakhouse,
7939,La Sova,La Sova,ok,https://res.cloudinary.com/dn7vbd6nn/image/upload/v1783421231/restaurants/google/restaurant_7939_google_800.jpg,restaurants/google/restaurant_7939_google_800,800,800,175574,jpg,1763,places/ChIJd4ZQ28BEwokRG8Jcv97-APw/photos/AaVGc3nU1T3w64pithokiPXeKSu6tuQEZl4eUz89YIIgjqKV04hIsAnnzIPZ3eEcDOBXQtOfwzLpGNhuE471xTEq1S2ra1R5SOowBK_lV_4XKVnYAk4D-jzI0nUgUfNfhq9ugCZqbxj2UbP_H6al76IssDW83rjL0_hSCi7yGOXM9T9t4ZWOyRYJogodAPex_3P0XZCF3e7WZjgvnuFgMJ1_mcM7KQjKf5EqQfFVMBVu9GjWTiOIcJv1nEcFcJy1gLiymZoQZvIcZdj8MEW1BTtvIiI81dTjvZ2SDMLC02uAfCs2gpOte6qJZeT4Z58V3wUTxAg_b6LFfFoZpgqiHN3ynDIylB3PJcYSjK52zNLNCgN0439z5WvlfO0mmrUA8eNdId_RowoLdBZol39gqeqwBi3zAdIqId0Una7bg9fhNwxEZVsFV2uYUpyhYcY08L6Z,La Sova,
7940,Lake Como Pizza,Lake Como Pizza,ok,https://res.cloudinary.com/dn7vbd6nn/image/upload/v1783421233/restaurants/google/restaurant_7940_google_800.jpg,restaurants/google/restaurant_7940_google_800,800,1067,348285,jpg,3443,places/ChIJE56A3Bv0wokR94vB9-W10Xs/photos/AaVGc3kDAvTDFXDcpZl36OBIohIsZuf767eOkmG8jrIRj7xQqN4qTztatHvfBg3pKyc_DVVna7UWbmaCeLuxaQXi2Ckw857sr-JLl8xz-YsxajZMZHtN53VI3QA4jOVSi1NN5noSSjGE7HZSSPAOSAv0MZSbDOJr1YP3AT0jChwZoWJ4BwcjjB60xhNzxY0xy3p8A8xM0W3j8et-3XtoXVgCNa1AIBDQpZBTgR0sjHnSuZvigXG_Ca3sePN-GZulVsYiYUuy1F02C-WQCE_1aqE8fKaBEzpgzNE_JET1Juwt33DXTCUR2NAezxclV8qHTrX_WUb7XHjnceYO2QwUKf6tBGdJfAE0KiEKpncsv_4OgMjaqW2DmcTu-QB2OsGoDO8isXk9i60eYFDVLxLgI4WSXEilHS_bl6Cyk5hcQjWN-Sb6EaE8,Lake Como Pizza,
7941,Le Basque,Le Basque French Vegan Restaurant,ok,https://res.cloudinary.com/dn7vbd6nn/image/upload/v1783421236/restaurants/google/restaurant_7941_google_800.jpg,restaurants/google/restaurant_7941_google_800,800,534,135709,jpg,1633,places/ChIJu9i_BQBZwokRXIzBQ-g8Wdo/photos/AaVGc3lcp9Rsn5NfJEAX9AHV2YmY3nWFa2GNa-KrY8NsE-a1R3mncvY0N96iIQimfLYHUwQmfvOJsEbkXvjB4w59p8ohN5iqRLYGKpH5ZyveEoMl2h6vlRwLZDJ6wFOSdmjgF6iELflpzzmdyg08tnnvAK8nX_ihXxgbATIgnVY9k8wbhgxQHdNLgRVPbLOXy4249UfX1-xn6k5GAFrpJKY_y_tJIryMLyykTHK6eADuiz8n1illhnisgvN9p-LXloGP6YyMHMOuIVg2lTkCJd183xqU7_EVT8bRIv9qTDAZT4vvwozY0nY9I_IC1Sbutr0C1GUNOxbBo3TjQqVEm7Y2F5ftVO8c0nmqeYYcDFQqlZw-zsVlMiwoXAGU5MyT8VcH2XMmDrWKd-1zvn31Il5nHQe6eb2x3j-KNYYvVdp5IGIC9Q,Le Basque French Vegan Restaurant,
7942,Les Lis Cafe - ArtHouse Hotel,Le Lis Cafe,ok,https://res.cloudinary.com/dn7vbd6nn/image/upload/v1783421238/restaurants/google/restaurant_7942_google_800.jpg,restaurants/google/restaurant_7942_google_800,800,1067,241381,jpg,1941,places/ChIJGf_OsDZZwokR4vp9biIlspk/photos/AaVGc3kuitjKkslG7vVFbcmyUQ6bWVETHvsecGp_JUv1HdBOdvTqxhIBP-qNVXZ2PYwG71Iypmgqj4rPsTAIND4eu3XXfhqPfCqIGXK88xpTvYc2-2LF5ph5IidZD3TzxFH1iJsGUrhrVQwLx-f5jrhH4HZWzH6NyIzbPiXVidoTBs-oC86jrTtzzErXARiNp6JjA9qeX2hOC2XXHgYlsajp5USW16OxkROj3iXd5oAZPRVqaK1S9X5lgLuLcqzWWt9z1tGpxdnG5VnlfiZ8D6r8Z07CZVHvRIVLRahbWhNntSNg-beWJwi3Sj80adq0Q7SoHdPcOffExPKqmy0y4okiWf32k38rG67uXasDsilfeEjFTAKneVw9mm6KvggwNodM8a-v2AikyQ53KD2TfQsX5qkl3U0WrJWTdOYg_kAH_9_hA9V35XR7yh5uC8abutpo,Theresa Kusak-Smith,
7943,LIBBI,Libbi,ok,https://res.cloudinary.com/dn7vbd6nn/image/upload/v1783421240/restaurants/google/restaurant_7943_google_800.jpg,restaurants/google/restaurant_7943_google_800,800,1067,270773,jpg,2428,places/ChIJB8oBo1BZwokRcuZqGQV-pqQ/photos/AaVGc3lWqyxeVQs6648UpceejgmTPaxZ437mHNCoBlf7r_D7aiuYZ_LLsU_aVser1bBrliokLg9pBleLR-OkAGNMzYdpoAG5exTVdztDZIuW27JGLh2XaIxw3f4ySbRxGUDX9etqdGoorAuBOZDofrvWZ4DouYcqlAJyQiLlqKRiYj_IHpJkT9OavsAGwiOfJ0KDGjyoNusJL-3L_6KO3M47ldt13l8zdY8aU4rgFU0KolvhfLVMTKBYVwVFbguVEnLL180VyqUowNBW8yQhv2FOAkNKAIJS03v_vusNDpTDm6Of5R8sK37K3YvYT-nmEE2sp-0oCEG5arP2eo57bSrJFtakAArqB5gnh822ztNFOo-AOCn_UgYcKIt12m-3_AoxzGYSTHqvi6CdwjmXZTSmUE31O98JKdhqwSwrjWDqYOqZ5N2eMnugbml2XQs57g,Libbi,
7944,Lieberman Luncheonette,Lieberman Luncheonette,ok,https://res.cloudinary.com/dn7vbd6nn/image/upload/v1783421242/restaurants/google/restaurant_7944_google_800.jpg,restaurants/google/restaurant_7944_google_800,800,600,130318,jpg,1655,places/ChIJeyOpjilFwokRcOe1YiPD_iU/photos/AaVGc3kNjFQ1Yhp1tq_Fvo9n_MJEGFcWa4av9FVAW3P-bAB_cEFC5R8s6FjxIqAopzUOUAwyuCRYK7VlvpOpmHL-64pV663C8bHa0UGQqKmSpmHk6cpVT2rPY8ujI_TWH4YKASkn9SzWyMYaNgsQ1Ft9GRIRM2HwVgYCHUE6rBf5fJHMYkr-BFS0PjwzMHFIteyOgOGfc_y7la-1MSv9gI8P014QCo8Pg3JdvFbqZ73ch9B6hN7NiPkIvm6Jcq0U1yhO-Rw1Y2lTg_vl5OrYTviCT9kcz4VHeUlJh26BRRyFAqhlE021iXE2eVxTOOEdrI1YQEBAbpKZqkcpLWEQ1XukWCWK5sWn5U2sdvzAHogDpmnviR-adtQO_sXAQWdv9YDeejLtw-CE6zSzd-ZDtJpzMz_A64y27KdO9Mi2PTjx5NtRqA,Yossi Schwartz,
7945,Loft Steakhouse,The Loft Steakhouse,ok,https://res.cloudinary.com/dn7vbd6nn/image/upload/v1783421244/restaurants/google/restaurant_7945_google_800.jpg,restaurants/google/restaurant_7945_google_800,800,1067,226915,jpg,1877,places/ChIJL256UNRawokRrFQgMDgOXBM/photos/AaVGc3nYITLREEMScopu5fP1elRq1sdGVux9ErrBtm1g6T-Gok13hdSovan-Y_MUNp__FQp9zadx_u2b8NFpqK3HByou-7JG0A3b8jj6k2HIrZ_aQBuRvUQuz6AxZM_7ZtvG3lJGughRkcbq4aw_w2zfbhCWg3IG8AP1kAB-VEic0M9JKJFsSUeP1FK3qSPY-y1F2-vwuyiY3l07dMX27pek95T6eq4doO81FMLCWcRSMZ8i47hU6ZoRAbcRY0gAgNIfDZ1muzySP1YwXMu8ckZ_0khXgEZ_htXCItq3YR0-w6vTtUMpitbMArZmA5-_H0nJW2uR_af7UIhLszyk8QRYCwdz_-xWc6NbaFLMIml7LfFikQyvo_9FhjcCiXZR5GaRexBMjCP5mlLRxHwYmeIF5ZprajayxyGIeyLZgXZc8HP6mlhi,The Loft Steakhouse,
7947,Lox Cafe,Lox Cafe,ok,https://res.cloudinary.com/dn7vbd6nn/image/upload/v1783421246/restaurants/google/restaurant_7947_google_800.jpg,restaurants/google/restaurant_7947_google_800,800,598,165583,jpg,1784,places/ChIJ5ZvEAw5awokR3Otot5JKNdU/photos/AaVGc3mYocysrJbIGQBWbAYEBzwVb17Oh4biLvQWAujYhRWCEBCDwjR4ZOIybVb637KN9RcSbIhSoFa3mN26DLDzyvHZ-8jJOToGmv4lSCvxFmlYab2sG1mxj92UHnqiMWHbD4HJYQTSn-ouXdc_AVIkHd8gp-8tgceKgJDRNQm4CNQjdjIlAM_PGEIbxx6PRe8KJgVVDddW-uQbMhinAXloC3j8iEOjQnhXkKTk_P1UcOuXxrA6W4-372CjrayJfx7lVrJceC7Idjl8GksOnm5XvmO_7Woh7po84BFtFtb9MROz5fmT7QEbdSysweVc8fpnEzUD7cY0ESR7LkKbArgyNelRWKuKazczW4Dy47h6VfrNLfkgmOL4N-LFQfFpWjPfl4Y_8il5oG-IHvEh3w9BrdvCNKQ1n2UNQjBfhmD_BAY91Q,Lynn S,
7948,Lutali,Lutali (Kosher),ok,https://res.cloudinary.com/dn7vbd6nn/image/upload/v1783421247/restaurants/google/restaurant_7948_google_800.jpg,restaurants/google/restaurant_7948_google_800,800,600,138621,jpg,2043,places/ChIJZy_PSRJFwokRSKfNhwaI-Mc/photos/AaVGc3kBNdvsGKbNqm3gbe7Qs7UnIkOCEeoUmQzhgeeJT9xfcVbC7FzdAHU-VdKkeaejsgyu0dUiiItnuUXYyGkK4hQ1-e30a2Fbd99MI2SwXULl9e4HYBE0kUPfukpjb2beGipFYAvZYVkOi-PTeW1JKyA5uPdB3H5eTytHEH_QUrTN9nLY_2DJLBNCoX8AO9Gfydtbke78MKJQMN2yansrY8Qc2uMlV-kNoldLZ7zUxkNk_8GRvi2Jlom4B1mCirIxUNRqs9-HH2sRFZm7mfpIvDsV57-xi6Qv4ilDFgV-BZ_FhOpuBEyGJXAOdH59R7nNGqjKNHGsUByO_leiS3YzUn2uC4Rc1yZw5Zmth-2BVvsUoVYGgF0JA9pHHVoWM7OZxRXJaD11fIP5QdAVpreaE6G8Cxn_Vr6IuuIpA0cB0U1BiDRT,Lutali (Kosher),
7949,Mabat Steak House,Mabat,ok,https://res.cloudinary.com/dn7vbd6nn/image/upload/v1783421249/restaurants/google/restaurant_7949_google_800.jpg,restaurants/google/restaurant_7949_google_800,800,600,144037,jpg,1467,places/ChIJm-nnfu5EwokRDBKxM2iJXJs/photos/AaVGc3nYMiOAQbT7JjB5D8iNTsbTEma9TLj_LeYNVD-bfEzMxFu6D2vvKQ4tlc_r-_VgeUpwY7qp_H3ntlS2ml2vLBegsKsn-uieqZcuJHZhhKDGDqMs7flrCLfRHawfwDwOWaUlQwZTRwxQ1GcOYyblh3unmbXDnq8ZlJvFJTKv_HH8wjTaRmFR0jFQ9dv763rQTaZYb_RfaLYkDIzsj-uZqD_x0VQlgqWrbYHv0GW7oi-6alB3CP_KbDCr4uGNhZviSz0-Q5IbT-rF0XRnUy95ItBjhL-ctIzx5oTIZcIJxC505mdop60xlg_vXPWuoeW_XbWIVHU4fQ7n2kCceRn5EG7pbNQpniR9QU9p_JFtU2w6LIjLPhSkCtUMkA8zFPRX1cku0_7uOXf3cbw4FzeCwmZF2LHj9Rr2eI-dIBHzmNtdPnYX,M T,
7950,Main Street Bagels,Main Street Bagels,ok,https://res.cloudinary.com/dn7vbd6nn/image/upload/v1783421251/restaurants/google/restaurant_7950_google_800.jpg,restaurants/google/restaurant_7950_google_800,800,600,173895,jpg,1661,places/ChIJkQSuYIxgwokRuQGlHMmfHv4/photos/AaVGc3m8mgMsqSqHbhuON0FelXhUhGMemZ73aPZaKfqkGaKqqSebSUkbyQ1DH6yCeyFeJIajpJnluVL037iJoTsXyF5bGqbPxrfN6gSgke7GxMCSMtomztX39FR4k8HjQSE1ntWV8e-SRGaz65Zw-8fy0G6gLwJifZM8E_xiwL2IpJ15CUOxkkrw9yqKEWEXjRsmvywP8d6nS4k41wp5OEch9JZ4Z9tCfIhDGwHj6syDS8tNarR468amSmfJvYWGEzyxJglEODit5lz268KCBXnADBBaRVBcBgkSvjTFHU56AyRdvJOD7mQgdRfaGbUZMu-WwI7dDfHSRexL56pj-UROPsFpWXdxMrf4iMjLq1h6xYyonw7hc9C5THFYiG0wZsMCV0JUBBacnrRyKUg1VUTQyBhGGrkMLvq2fMymhNn7wGE,zvi wilor tzidon,
7951,Malka Dumbo,Malka,ok,https://res.cloudinary.com/dn7vbd6nn/image/upload/v1783421252/restaurants/google/restaurant_7951_google_800.jpg,restaurants/google/restaurant_7951_google_800,800,600,104564,jpg,1592,places/ChIJ2QOSPEZbwokR5dMpgfr3PKU/photos/AaVGc3l-iRjjz5X33_aIiqMfwDjzBS9golGIhIauzZw73Bj-LZqXQR_RC84SVz5VhqG08hmVjHavpcgQSPrQixROo5Dq5jlPLSJ_hrX74GdOmYIKr4DLULtcuow5-7L9djJQEo7I_kxmF3O7hlSPXyQQKKHPHx5zpZGtrS4apZfQKG42l0rZ1jclDoFFemPyqxh48ohGBcNCrwTzbXXKEj34KkkQMb1Ko8JbPN95TZzS6jN3IM9ROixzROuWJ71o31Cq3Smzr_ohPqKEIZZWz-7Enj2Du6c6EYKJs7jXfNa5jaJHowtnahO74v7EvIPpXkeNX7lJXjowYfEi4e7msjOSKDM_AUTUPYLwsbUnkFkCqrzelZwbuWHdDU4kwlbyJRhC_kVgfgzICEy8ngaemZsIu24nxDBJ0yuZ-Op4FcF14Wa4ToI,Richard S,
7953,Mama Kitchen NY,Mama Kitchen NY,ok,https://res.cloudinary.com/dn7vbd6nn/image/upload/v1783421254/restaurants/google/restaurant_7953_google_800.jpg,restaurants/google/restaurant_7953_google_800,800,600,199140,jpg,2230,places/ChIJp0h3iXBcwokRqOvjsrktKBE/photos/AaVGc3lWzck9jMEVMsm1YHg8iwfUzkocZ9UayLKIO5pJzteljkvFquMYb50rC9Dqo3_e284Yrk5QafGi2wBw43byOGFbF8OLtB4amxxjZdRulrSmnyi84R4sp9SqBi3PUdZcAP6JWMrxL48NOc8RLmGs_ZcIdG7Vl8k_XA7wXWyLfQup_jKQg5rddRICyWnYXZHntcEw9YJfyz2b_mw3mardmAqQBalVajuv-WiMR7nJ7CmtogeDbw5vCGXdYYRe4rjkb6OSmqEP0St48hECZUDKlzgUptk6HuUC6xylkgGsjTg-Y2Rgcj7J0wiEy8y1nukmtmIp23HIoeSYA7QR8aLLak8Tfg3V0g0NdpTS0JZDdR9JyYBgOJUkIrIX0AHa2U_9_MkcYm0Jb4fUaINplmwLaENqmz_cJUhMoimBRwk4Mak_pw_H,Mama Kitchen NY,
7954,Mama Kitchen Queens,mama kitchen NY,ok,https://res.cloudinary.com/dn7vbd6nn/image/upload/v1783421258/restaurants/google/restaurant_7954_google_800.png,restaurants/google/restaurant_7954_google_800,562,411,434741,png,3092,places/ChIJMSnysLBhwokRrpvWTjy30Xs/photos/AaVGc3lmLDXpYY1pLOJaV6ZiZQHOHNAmzRFVw1a4MWTliGKffc9XfhjPkYFAEkH1sLCaBTdlE-Qe3-VdUjRqtviFSVIC6M-BZxhSJm_3aRkbxS2fCX5UmEJfyd1nvyttMNqRoZgVv5UVvnw24IeQBC8Ei5pc8qfjYfIRxYYVY0bTei34MfG5Ow997g1AAeEfrPEzWvNlThmQQ6LNdfY6b87W-z_OxgzicUM7KH-jlCvW1mfDphwuRmHK8AzIzDO7c8IL6dm-FfKy6JuUfncTbxUr9tIzlBPM5255BzQc9SgqltDMFfG5Ehixeeneyshf8qggY4xfgIyHKAhYt_gcvzIVNdUHWBjO5hyZgwNDlX1W9IhK86HYS7bDHxTiR2gntPMA4xZftlqUy-LWKq24_Co917bR095SmVOKMJ-8UA,mama kitchen NY,
7955,Mamilla Street Food,MAMILLA STREET FOOD,ok,https://res.cloudinary.com/dn7vbd6nn/image/upload/v1783421260/restaurants/google/restaurant_7955_google_800.jpg,restaurants/google/restaurant_7955_google_800,800,1067,291399,jpg,2845,places/ChIJbXHs1EJFwokRRk-7-9crah8/photos/AaVGc3mAYwrC30qqcFHIndbNdUw4CA45x6seSNFXCmSRZ1vLex1AuCCTJZZShDglPfxznLfLQb1XZ_sjAaHCBEkgeUJ_O8HB06aGZXhby3pbh01ddPpqJg-zsgjThlC59Ui0Ezshk4Ly-vR4-Dx0ISdSO16D0ke-z00PXM09wy25LFYopH9ql_hDE0oUCHO1GKBF6bXPEFHoKqjhfcCNIHmaEkHPusbZmMtkJRDUUWblfSftr1Ivmx0qXuV3YeUEKAUSTozIb-1uzGT43BC0I09snSBAFCFDPoXUzflhrsMb2PgK6A9Ozs__qdOifWA0i9hO6YWUYzhUFZ1cioe1BTcODE0FQK_TFS2YFRNlVh9PncF0MwKuZxwB_N5BGI7qDby7OPY7V9cDPv68dEZG4wmjxgyODEG4auhPgYHVgBi6YGaT7j8SROXG_OF6l4fJPQ,MAMILLA STREET FOOD,
7957,Marani Georgian Restaurant,Marani Restaurant,ok,https://res.cloudinary.com/dn7vbd6nn/image/upload/v1783421262/restaurants/google/restaurant_7957_google_800.jpg,restaurants/google/restaurant_7957_google_800,800,450,96541,jpg,2859,places/ChIJBbVRTDFewokRHA1cZIFNYgA/photos/AaVGc3nsWmh9L6HrnKCDtN8gZloWSL5Pg_0luTNUQJydOEBOt20vW9BQZdyG0TYEqxKJz9ppufG4lVeYHVax2RijKaGLYVHfBp5gls_9gyOIv3B9iYS6gD-UmBB827U03HbbY2zjMgiH1fb5p9zUlLt2ppbk7F5gJQcA8TIl6qybpEZBNPGAxx8ez0ldbO67Ol5lnhCoenbcU_4a-QW_738gJK8Nw2XnoIJSnjPv6t8hkmNycjIuEt08pMoW9_HQeznnE7-P_c7nasBUv_IYa_O9dU-R4DU0YI6fxqY9ZTFacYu8MsAnhxKqjWfATPjoFtKLLEDaY4QeIGV083PbUcl-Su5BYskOdlJv5D9IYkxIVSwR61stkKJt9uaYsIDPfLzq3zn44-TYSkqnqevMGy49pxLjHHBl_PZoWUujNflV85JpTymZE0IGPmrPTOSrs9DX,Marani Restaurant,
7958,Margez Grill House,Margez Grill House,ok,https://res.cloudinary.com/dn7vbd6nn/image/upload/v1783421265/restaurants/google/restaurant_7958_google_800.jpg,restaurants/google/restaurant_7958_google_800,800,1067,191270,jpg,1794,places/ChIJ92ITmWBFwokRSvKc5mXGXEk/photos/AaVGc3ny_smzeYiA0KxI7hb2vaYm3asYrCdLlnO8YEFfoLthDEx58MGf9hNG2olJMa8UizNZ323FGz-L2m-n0dQ-7k4AgrosBZ5B0NlGKQkpZo6ZsaF862FK456TzPMZQU0x4bfeUUW7pQT9exZPGY7iVzowXbSZ1OxjDCrkNdI8zXW3Ov_6ugddmjaVhACY8y05S6ovyBRdFyAp7fMC7sAK3K0BEFXPKuoPGD7ol2MERKcqA-PuADXDg9cU4Gaj46mozik1bT1Wmq4m0Il1M0c8aBPUE5UwZU7rCl4kuL8gXGrQ5OoW13H7qofczQM7RCkqXldr9eeaFpDdDKFwmREmGv6R2qd-gRGpscqZ8cYpkOTnI19_TR2yVmMMMe2rMps1qlSu0_GgkJAknUzK19BJctODTvfxArrKtTZJLHdxvIgMVpy6,Margez Grill House,
7959,Max & Mina's Ice Cream,Max & Mina's Ice Cream,ok,https://res.cloudinary.com/dn7vbd6nn/image/upload/v1783421268/restaurants/google/restaurant_7959_google_800.png,restaurants/google/restaurant_7959_google_800,800,450,647231,png,3066,places/ChIJv9k7doxgwokREESHwzFvrwU/photos/AaVGc3l_5wq5Ups6PdO6tFXngdxRqF5cZj-8MZuN5coihj3D6XtJeClRbUafmx0FUQcy93bMwizmWFSAlqy_eEWpvEGfSmra2cWVzOwcX6EocGCSey8ecS6IXV43CpSSFbRppqumweMktjs5tzuHlTs3OivkEdYjsdEKdTONvEp2TBK9stZqO89ChhrtSEzkQZUOCgG1kOclcvDKT50BFxnr1UPgM9uqzsnFryPXsPIw9o6LZXYeoE-7rO7KZYHM_nkFQaiGqOH11qDuYUVf_adQHyU1wsJ-qWocWMfg1pnapfjBnSjtfSW0Lx0EeuIeDcOHfpj1cPbt-caRGiVptb5MQIseOzhPT-K88xJzXDDJ_gzS_RSMeAEbcGqmW_KRfb2DC1MOtoB5O31ra9LctQrx8OZSyZPzc-Dh6VC8ptD6-lE,Max & Mina's Ice Cream,
7960,Mazza & More,Mazza & More,ok,https://res.cloudinary.com/dn7vbd6nn/image/upload/v1783421270/restaurants/google/restaurant_7960_google_800.jpg,restaurants/google/restaurant_7960_google_800,800,800,190549,jpg,1669,places/ChIJJ3AzzMJEwokRReaRDKL_VYU/photos/AaVGc3nJa-B2aor_767l-NAgte4dHBTCGUItUSeML2yv9sFz7qAgl3JGbASnAxulxKaQoSZ0aucxS2WntV-BbnZVTMEleBnuFcDsaDKZ0HJzRDBuu_HbKftszEqjfFyGjRfv_l6aEEiA1TrvagzwuR0O9097-dQtbFesh_h1O6K0gUCua3u-oJzhn8WOzKbQNmr_yHcfa0hFaqoZ3282VfbaSm2m9bTEpVojSfAf1iyNNxUu8vv31aPvzVJExyATh-CA5Jh5y7UGm9NcUfboAMjPMhqIcTdSF-ECNXrZIv74R59MuZnY6VrZSCK237nGya3HQzOleRuJd4vYaItzDd1l8OJh8LmpBeQCZEcW2u3dcB_4wA74oVA2Ox53K42oUMbolPLKj2CpgRQE6D796grKj-h9ZKzgGPz58sJsEaGVpbpYJA,Mazza & More,
7961,MEAT,MEAT,ok,https://res.cloudinary.com/dn7vbd6nn/image/upload/v1783421272/restaurants/google/restaurant_7961_google_800.jpg,restaurants/google/restaurant_7961_google_800,750,500,180877,jpg,1822,places/ChIJz5PJbIJbwokRFeQhw6pb4mU/photos/AaVGc3krLBEYZeSzNgDM9p6MPwafwKdpRvCVeoQvOtvVEuoSdNp2YP8OMSnPzQs3VQUpS9NiCrg6qtufl84fRS_4vxz0grQLvBGF74Xzoj7RKhvhXvwY8Riohtgvjp-juCNk61dgFdG7Pz6gSf0gM-KXi9CAy0bVDLI3LWtGqlks-v94vQ59tKppjXJmnPhMS7b661JbdROgRXdxv_NTB0EcjXVg4TxRUcSR3aPvQCEaC6SjFsaSdvStz3Yht-1AQTqOGNUEOjy19gtAt-iSnZ2YzTY8jazJKR4QCpE2y9pNDQefRnOfDQ-FgQ4YJtfxV6PQuv1EZxXlThCkVypmc5r9fcbRZmuXQj72MpRGwwe1Q9mul7VjxDWUlRpB_ED7m7_YXVL7ac-VOJ-DbawZCdB3nIfpTjclHlU9H8MgtcuZP34,MEAT,
7962,Meat Up,Meat Up Kosher,ok,https://res.cloudinary.com/dn7vbd6nn/image/upload/v1783421274/restaurants/google/restaurant_7962_google_800.jpg,restaurants/google/restaurant_7962_google_800,800,1067,215397,jpg,4700,places/ChIJnRvvj2pNwokRbLJ3k2eCors/photos/AaVGc3lgWfn2TPRBxPWGIPfSj3SlVZTNJnEwXp5l09xcYxouViIDCLJEsgbCwstGSpJOhWJ03EJCGvezpo9NyLh1q2i4CmbeH4H2pys15zkAKZQ0kgKj082TTI5aJibhrdJf2F7pjLYyuWhqD9CgO7-hZu9TN_GvYkLUdxrbS584XVSQMU0_j1i2VbFZ8iI8XuKIpemiSaLOs2LAj6pE-VLNhNho8-2koc8DNRRHWkdXCk9oHIrERceQunU44GHmtODezKi6KrypyiK2Nea1nTDwEeFtzUNmiqSqYLhF9_GwxodpBdb3dxyGfweAOxzZxw1gY_dvbp07Lu1Oxfr2xMaB27_EmmoCLWVGUJMcNEmGxOWjlafkOBAjv63c8g-QuaA2p6hq37Le1txojU3TOTarUllv3SDch980lHAu7SbdNis,Meat Up Kosher,
7963,Mechy's Gourmet,Mechy's Gourmet,ok,https://res.cloudinary.com/dn7vbd6nn/image/upload/v1783421279/restaurants/google/restaurant_7963_google_800.jpg,restaurants/google/restaurant_7963_google_800,800,1067,212761,jpg,2633,places/ChIJb0hkXMhEwokRwykR4W800II/photos/AaVGc3m5WJ4Mhbx_p5RtEH55kn0pDDwmKFSnHNxTsKOdZYb7S27g0MZgdNgnusqQ6322nBmE93hgOGJqSNmQpAF_VvOrGi2V4nwvrNX_WBbHJwHexzLLgjkYD58PAg0Aesx18v_KihBtyVipNLV-z6FkV9DkK99u6FMdf9Cp5swrHqRw5KWPvwddyTIJkB0kJwHUxSftjODRYB9x8UY2IswrEQvT2hjvJNL7DQxG7LBVjdv6j1uD2jfnso6KGCaO9BBfKpEhDZEiO1pg2sxxUreUFJD837ER3bewa8Rb-paYgwOS22t5ayNUnVcKf_kThX_zXZpDBQJK3XNNFNVmtrIBr0ghyBRUC0_rd2u3VgedH4jbsgzHgd7lT5x5-6UHI47ggnd8BwP6yDWI6fSyokOPaBrPmuCdIVmrjW2RpXYByx2Xvnt-,Mechy's Gourmet,
7964,Mendelsohn's Pizza,Mendelsohn's Pizza - Brooklyn,ok,https://res.cloudinary.com/dn7vbd6nn/image/upload/v1783421281/restaurants/google/restaurant_7964_google_800.jpg,restaurants/google/restaurant_7964_google_800,800,1067,235988,jpg,2145,places/ChIJwVMEqNZEwokR1qji1JdAy3s/photos/AaVGc3l6fp7Q2Uv-zKN9V-FPwJP53yOvuz0DV1UgkEcEbcIz9CSwxkx4IeydJEeeu2uPRi0nk_HFG9nwLH9WCnyzcuOHSWJq_bRaDI3g6ZFWPWcKa1lLBcRyAtvO1_7wek4X6a17b2HjGIZEh-Qvua0P6QsYxaVPL-A5T4jjhQAlgCb3fovh9FdGAIQ9JlprxC12GMcrzTbUGou6MkbDNJYsIXZWKf4YmZdzh-3wTKAd50QsPpGFAgZNXT_FoG10SeQXUdb-cBb0J2fI7JkkuVOsYirE8xIt95LXK0MYrYcWHxk_XkVMfVBGaMXjc7y7W9KiP7MTBfB9vLgKp0vXop7uroZgipxG1Rg47bkt71xzLrWSXBJXvSfBMpif-0ZpPdOAMyWPcjX74tAUfcpPHBk4GOjBCdZNV4U_L1SVdm1fUo121uH6,Mendelsohn's Pizza - Brooklyn,
7965,Mendy's NYC,Mendy's NYC,ok,https://res.cloudinary.com/dn7vbd6nn/image/upload/v1783421283/restaurants/google/restaurant_7965_google_800.jpg,restaurants/google/restaurant_7965_google_800,640,480,104664,jpg,1689,places/ChIJkUeFnwdZwokR8yxdiAbOWxA/photos/AaVGc3lRyWFXicVWnvqso_6Y9ljzksRr8-VPYxnANl-hurQohBjLt0fgy8xD_DTPAVO3fxFSUCSHEP9yMtyI2tsEFf-8ECiKWz0iEk5UNpTH3PK8MebOseTSoalTGEPbyngDxlLQem_VdD8JeRNyZ2BzevoLEK8Uci3TzmzKnVIrWYIQU4NdwNUc5313WDbUNj8JZwDjlBRj32NMsfey1THB51xshloP3C4kidHvnG_6NNMug02I6qS5WW1Bt5ZJqaTe-iRBgOP-cWU8o2MI4xQD6GeS9y7XX1pPAdePFD13WzFOygp36MFGIHU8ZuQvD_I4eB_GCmRowzkF2_OX19qctELGcHhHWXzDF0ryle7-vTcSwv6gVySIO9H5OmsadIZ29Ei6pipzOa_DupV_q0BXewkqJP5mwDs3PurE1USq7y1rIA,Mendy's Deli,
7966,Mendy's Restaurant - Brooklyn,Mendy's,ok,https://res.cloudinary.com/dn7vbd6nn/image/upload/v1783421285/restaurants/google/restaurant_7966_google_800.jpg,restaurants/google/restaurant_7966_google_800,800,600,139180,jpg,1694,places/ChIJoV98tXhbwokRTDtejOvbxN8/photos/AaVGc3md4jIVNkDSj-1-vr1FHP-awG_IfnnK9S62guvgQGNZdgLJ5uc4s_K7KjmUmAwDd98lPaKWoPVCXpAG-7DxTb58_kDNeLMLNgBzoktFkAO-yWxtncknGJnerSAafvclL6ZWRU1UkBxQ7RhvElewSL9O6TtwbvupkN_3flk9mVt8T1bZOKCuBWuNUpFNmR8gSQ4NL7w_U5c0RAv4N98glerCrccHOJhNUXQ2DFEpWPln5CRhbX9dYzZlC7LVKiNTSxam3tBtRDioymZfOtCYfnGtuUvx90bkpT2tYeQWXCen0YD8SyaTc1e1D5sGTKL3osjMJJBlsu2DFs5k5IXXrHnUqwKp4rkj5nCEbkSThKP4WDaG4MvkRKxLcKltEluP_nautfa-Uy75HGZ_VlY3wAPs8T60lzwJ2zQ1E97baJFITw,אבריימקה אייזנשטיין,
7967,Mermelstein's,Mermelstein Takeout,ok,https://res.cloudinary.com/dn7vbd6nn/image/upload/v1783421287/restaurants/google/restaurant_7967_google_800.jpg,restaurants/google/restaurant_7967_google_800,800,600,185304,jpg,1894,places/ChIJ1f_uMXlbwokRbn0qd4EdCFc/photos/AaVGc3l3kqE_6btVZgk_UiXtF1_MAs1U17Vp-Dg6ZQXrEVFvIfQmfmlPn9c3l7ajjNd1Km73yLQuHgJW2JYKUJ7dJRl0UrMaA376GLIH62s5oC8EIcN-HGyHznyc5cq5S3cZVwsD-FSvhblOSt1YcHWm7XX2JWeS3I23GpSgE25XAr-1pA1N4ZIKzlufxQLNmNVsJi4rzPwMsevKgq3HZJSyuf_DWh_IxhL6Bkw4uJOkQ0mDQXh-Kpi5MxwycrDBJOB3UU52FZGVJlfiuHkvV10ZrOVqu59iqkPJtZVRGvxYTifEG9O56ph3cJqCm4fUdzmxZjA5JE3V264dTVFDRL4V1t3m48-DqW3xbaz_e7XrZqnFOWzlBHAfC_lQEHifh0qmSrA5mLwjcDRyghQ2su3bxAQcjF0ZsHmeD6Y-WezYfHalwl-s,לוי דומברובסקיי,
7968,Mexikosher,Mexikosher,ok,https://res.cloudinary.com/dn7vbd6nn/image/upload/v1783421288/restaurants/google/restaurant_7968_google_800.jpg,restaurants/google/restaurant_7968_google_800,800,450,123953,jpg,1811,places/ChIJl3BSdIVYwokRn473nTgibYU/photos/AaVGc3nD3h_162Ko7Gx4qF71e8UlkZMgVo49E_aFOmmMpO7ylpCovtArISUsZA-RNoteUV0VZV-Ju7wY0YaBxNkkDpJ0sG2F22fE8i8QzsKWRoB9rymq6eaDDTv7RSqtm16SMAFYKIxxcZUpm1oRmB_WeYyIlffoBDX-F4L_6ixN6jWErHRJVomOLuWi-z8oa4upBzXsZKyDA5ZDigUqg2eysFrOmxnoQ6rthecVzN0wevpR-1j0F9nPezkaYdrgoF8J9UmetA9a1shTVtv_-h2Zq8yYzCrDaAAhKyycWYhQzhmkwzNbi-LFumgly9A-UGG-rShlddb7SPO-bDbBxkth6ki-O4G3K0niBN1czn6B1DvATEwmcrNs4FjwbpNSpHgKggsVjrHeNJN3ZtzkaPmrvqznp-BIQv567AB5rMtZ7AA,Avi Schreiber,
7969,Mezze Mediterranean Pizzeria,Mezze Mediterranean Grill,ok,https://res.cloudinary.com/dn7vbd6nn/image/upload/v1783421290/restaurants/google/restaurant_7969_google_800.jpg,restaurants/google/restaurant_7969_google_800,800,1067,260811,jpg,2042,places/ChIJ07AVi6g56IkRjdVEawbM_Cc/photos/AaVGc3k6cbM9m9QQ_i2EZNC2uwSaR6LYSud51RG1bpOtnOZGoA5FKRtImX5GpFTOXPDptIL1JlI0xE3bFYcUo2X4N3-H_AEaXnJpxMGeRTvqXs0oTuhopHbQ86mJp-bsjxeGMi2rEm1tx91hUZuOU5xyFpOA9yBSFXh3PK45KZUsx9kD9DI1wamdg_1lJvY2fTz6OJ2LvbSe8I18qrG4srU6gGEOsmWg0K5CRZ-mkiNDgqccjmacGKavCl1aXVhkJhLb05oL-LD6KubbWTC2p2i7KiBC_vj4TEcdhlqWxc4H5abJj-j-SKt_bh3gUygc0bBZ6quwF6uE-FgxVQZpZg6AEDtYIVvgxUZfXL7CPNsJ-84fcCw_gDSNeTakBJtgWi6lJ_vJ52MYOtbFQvF8EjwtyJeZLTDRAzgv09iLdi1AmTVwI-Eh,Nafeesa Awan,
7970,Michaeli Bakery at JCC Upper West Side,Michaeli Bakery,ok,https://res.cloudinary.com/dn7vbd6nn/image/upload/v1783421293/restaurants/google/restaurant_7970_google_800.jpg,restaurants/google/restaurant_7970_google_800,800,1067,351634,jpg,2116,places/ChIJ87-UHwBZwokRz8YsYO_k7lk/photos/AaVGc3nDw2eJJ04heBX9HJM87Kz3ekg5hxQFh4_obZBBi1x2AuU1pkY-McJd4ZGL6GhZcgvKRyB5bazzMdb8m3VJuJ4ULBimRBYzgH_AMJzkmhQN0SPCzK0NFq8Vah4WHctGBDhajGMGcj0okglLO8hlOTKTs5SXR-tsgm4L5W4bXWG1PmjJClWVJZiY2DUeQPb0HChNdnxMQveUQu8fLzQU5K8t9rSl_Get6HGWNmIiYruXrvLxM4K1JTo3unnXpbX1XanX35Od6iPFZoCI2AgkvGMTvgNQepfr9wnEWRZiPxi_DrpJWi25oRdhFDagpbtablLAr_DGDcKKEVGO8hRHjxfWB0FSCdLFKchgHCCxmAPiiT-e2wm7GT_U027MdSzMGSvzdXIp3NIHBkEnAgI0NcuF9RBJU69UhJUsR_JWcQk-wq7UnM-9Z2lhoeI3yA,Michaeli Bakery,
