id,old_name,old_address,google_name,google_address,google_place_id,google_rating,google_phone,google_photo_name
430,בנדורה,"צה""ל 1, אשדוד, Israel",Bandura Ashdod,"Tsahal St 1, Ashdod, Israel",ChIJkf9mGsC8AhURgi7VH4Yt-1g,3.8,050-808-6325,places/ChIJkf9mGsC8AhURgi7VH4Yt-1g/photos/AaVGc3lSPS3f36sE-4Dg6qdCJu4R3Z5s4wCCoMv23cqruWuoym5cHf6Fb1dYFK8xNQVMhbY56gkETIP3a6_jZEWnQ_e_glpTBlPTWr8_eBWpZOsybRWOv-EAcDuWTRxAjIkK1dBlCuUdaMEIA2itPK0tWX74hmH2ZLwVjR5aKLjRGcsNtRAorxnI7C-5aWeLAPK3t7DvUEDSNG807R0jj26P_TxPo3FY-pnl-Az5ED-bcg302HGwTRFWUKUlS5lkiV3mR2e5gH-z8JrS3FUv5o3Z7Mw4pl5jbFesFpOrM_nnn9Z6_2c13AY4mpSm81fKj69J5IRyggb-Bz-g6MvKNnC4u5zwC5uJbhAoaL5_7guRSYeTYHiqTtJWnD_lam2O_dgYbfnoExxriD4ctecllwFZWu7A3_7l-w2f9_YprDhV0is
554,קמפניה,"ראשון לציון, Israel",Campania,"Barshavski St 8, Rishon LeZion, Israel",ChIJo3YvTFC0AhURZcrzw6dDg30,4.1,03-903-7667,places/ChIJo3YvTFC0AhURZcrzw6dDg30/photos/AaVGc3l7S5iJhCLaQfNikL2MeXZ2LoixydZ2k51FKxk_WCniRJr2TkqKFDl5lyc-fQoIoC1wuxo2_n_fit9QVmGf8VVuj0ZidmvzNt2FTbSGGFGt25-SIyJIKJoVYE2_IRx81v_72xIz19N5kpkJ6yuOQ0IG2yxyGp-ZgfN92Z4-ip_1tAwpgLQZdBAnESxkyf-z7-3jE7dP9H0Kv6UxiN9PjoBGjS5wUrg1jukCBtGXG-wTG6IkBhhncw27tSiZPe8aJHOLOQtgUokhAj1i6xfxn9KuTgAYicF2Zf-Rhl0zBpnl1lOifwhiuXLpE6TAJDsZw5SARKEUElJyRcmiWvscHKudqI1nzpka4y-kgGAl8_CxAzCwQCEoTY5IJHsgh17jjo7pWqekWdJK0GjT11rKCNKlPbxa6s-slpmF9x5cMrc
571,פיקולינו,"ירושלים, Israel",Piccolino,"Yo'el Moshe Salomon St 12, Jerusalem, 9463312, Israel",ChIJKQ2uz9YpAxURJIVY19exSrU,4.4,02-624-4186,places/ChIJKQ2uz9YpAxURJIVY19exSrU/photos/AaVGc3lRER4bTKRSp9ml3WZ-0zTYU0RN0mw48T2b9wCM8PADKUqQ1zS3JexOuXSc-crew08jXUFMsNaWPc1AB-H6SpAgOfzJ6AHsumVJBVKw2KPh_yIIqjABBuZBBpUgtcUil_xFDcRIaYFdvYM9mAxmfIOjXKHidGQG5VjyaHrAUn6Bb38et3jlkzMXuYd51AwbI31LTDiBurAoe4lNHA-MnkT0IIBxY4zuTXGC1ZmQj_DyWFHOHVPx1PRQcGXfK_2SUM4orfp36GqsWREeNHGQ_KI6CMX8cwxcLI3YsIJXo2kONmDgeAhLpUwuC3HzuNO8KwsREEXJmfDYql2TVJ6l7ta-k_NK6O-qaOuPwYL44KlFUW7FXX7bi3NAT5cwZmVp6Egab5bwOK3xXgLrbSSCGzRuqXyzC6dWQWB5dU727omHqrns
572,גרג קיטשן רמות,"ירושלים, Israel",גרג קיטשן רמות,"255 Golda Me'ir Boulevard, Jerusalem",ChIJF-mQ8kvXAhUR5tKcclrLNyk,4.3,,places/ChIJF-mQ8kvXAhUR5tKcclrLNyk/photos/AaVGc3mSWMvxyaKf-UXwu8DF-S1woQptktfqhbCB_K-DNI6PU-u4wXKknEe3--ZfbClGkAqKfsOc79hRcxRVGmwfl6MI26s5JsWQY7GRHD0PRUta6ceLLWtqPBKS3lnZBn1t_FKomPlmGlbzgt7F5Bxqe9Uqfg2UgX7x9OQLfj4iN477EY30kMS9QRZV-0M_jGbBxTGTcAjD61D_QFTJ1Nj8bL4YxagqfCMtaSb7Y7ViCtqA9JfoVF-DzyuNikbpa11rehFfxizB0jiPx4i7o_0IVJ2UVHQWt6N_urg1PCcetnoS9hJ0SN4tU5p0DiWd0RrB_9NlM265cdJvq5qsZ_rIc7H7QmTMhjuFlgqpYXo3cBDkZ8EFm0ezr2BP1yxwj-sORL9qIqahP7rwhagGW7CZ-DmT_j6CyVfRc7XXwMwnbAMFbW0
574,אנטריקוט,"ירושלים, Israel",Entrecote,"Kiryat HaMada St 22, Jerusalem, Israel",ChIJpSjhfx7WAhURcmoT40Lr1nk,4.4,073-702-7317,places/ChIJpSjhfx7WAhURcmoT40Lr1nk/photos/AaVGc3l_Kicj4kz_X3Hss4mGDPt4QG7159ML1Eb7Yz7oIG_jRLQcSv9x3C6TY23BaQaqHmC1KKbDtPGSwyCzhtCoAnlWye1BVkCcNQKzejzZlGEmin5o5VEMwavNtBX4Mt7nC6xOfuP8wTKtGToLpR3UoYera00811jQSiO0d1J152XamvGmS4-jt87Ca_FcAi56S53wke3xPZg-gslyZJi8wzkedkfAznWotmPYhJ7NzH2nIHn6eOlxX1l4DorMlOPCa8ubixuHSPgasPANDRgukHKpQ-Kr1qMjR0gz1Cu5gEYt2Zz4ZQrefXr5HxTGV1PUNgBJ-R9YqpJuqQ6KJXx9XaYCj6Wppej3HlWsJj2VcxfNXSLP3IgHR2JknaIwfy4cc0K31C72SlK5nb_MRZQ6s9OmcsqRgIT4tJ_Bnrbj9lKT719G
585,מהדרין על האש,"נתניה, Israel",סנדביץ בר מהדרין,"Lilienblum St 9, Netanya, Israel",ChIJDZHZjqxqHRURRqn80kmQ2LQ,3.8,09-760-4422,places/ChIJDZHZjqxqHRURRqn80kmQ2LQ/photos/AaVGc3kJrok0xAR9Np5wFJAXOSZpoStDX-TMJabvxRMj4gcqupAx3MaAiQVTv_Iigwgb6_ppkTbo8xXvsOVHohCg8lPaHDsvj42RoM6RXVPMAy1xZW92umn6IrF49RhsIhKqCMbLRQZB1UuK84HBEMBZ4m4OZB5ruQcWNqg3hOMP2RllzfE9I2S9yp2ypJOlIHT8AYVeDi5gPVAoZI6e4RvS7EisgnmRQsv1gV9LUM2SrG3mqUOU3bcgDhfWMtr6pFa1WCeOsrC4GRK5E9636NBfNCZWBNjBKRRkwyiUC1XdCvA5CIOwPQY1gq3klCCpHqyfJpoEF5ibOc6NLnVlrinXjlY4ynMiSoREMgdQMDJDujuLc5PBC6T1OocctvDxm9qyNHRUwlKEupDUXpZevIr2OZZEssga9YYYp-atMQEIuhFeaRNrV68jU18iUwbPoQ
590,קפה לנדוור,"נתניה, Israel",Landwer Café לנדוור,"מרכז אלון, שדרות טום לנטוס 26, נתניה, Israel",ChIJWbNe6_M_HRURHTVzb0PsuH8,4.2,09-974-4361,places/ChIJWbNe6_M_HRURHTVzb0PsuH8/photos/AaVGc3lNkcQPUq00SQToBrGilhoqcygmQtLZ_lvE3ibR0liasNOuOvHZ-twl-Fuj_KhNHtdjKbR9q1fVjNMv0dfy3sbVkpgmqOyPl_Jtgd3MyE0m5oYaquVN6kpBvRU56Dj-3Vu864tNREEgspp0ZsfWWZ-iA-OK2911UGjwHIev81NxJNebfkCl6PibzWjqsOCdJKp4WRQcAEYRp-Y29-mtizpgqRDb7fBScBjegV5KOfZLhQiil2p4pu7ncOSyUKEmeU3HTl4Y0GxzN2liSYpwSMo9EE2FQFBQcV4Fmy_RLVL6yIg118C6Cc7u8nS4_GF0g-ej_fWgjqPiEe1oH7zVbEXWm6itPsmeCl5uepcm9ronyTwopaAWWkOxAOOKpbITDwXp0d8NrasYhzlKf1O2LJbhEWUOHE0RuDx5DaYdHEaQXDD_
592,פיצה סלסה,"נתניה, Israel",Pizza Salsa,"Kikar HaAtsmaut 9, Netanya, Israel",ChIJ86wRVqhqHRURyLTsLMFEukY,4.4,09-884-1703,places/ChIJ86wRVqhqHRURyLTsLMFEukY/photos/AaVGc3l_cJxN9Zvzmia0VanP5cgKrZmXmnRHcnDbXIYoLQ017z6H1yh8YS_v3YQpD5ylNWFx1uBgNnjnGrSyVdxLH4geR-7imToxozpYVJl1IbRdAtZ1-RDrSud3XB2M75rRiChFExmDiP12EfL88MSDWNV7EIgijtXCRKro6AKj0gbleTneT1NHilReAKG1l845dR4VgHjvFSknfcQbnP4CaNKOBz3jTqNh5SyIB4xziOa-ipWwrGKlpAAQedq_fWYlCFmAwEGnZ_ohg_rGeX3Hv1troM8kHfr8LHzVea7KSJpJmX0fiafikitHVlmIOhDpKNd79ARz1oHCld3qOZgiLW9Hjc8YbU9lR4SMMKXv_kfWr_TgATJhKlhsMalGrDGx1YtD38DuRR9vmgrblWNtycKhh7TPERhxE-SJ5LXSU2kuyj0
594,מסעדת אייסטורי,"ירושלים, Israel",Ice Story,"Shamgar St 14, Jerusalem, Israel",ChIJTYCwxCPWAhURJfAXsdCAmeg,4.2,02-997-2601,places/ChIJTYCwxCPWAhURJfAXsdCAmeg/photos/AaVGc3nzK1V9-oKDijmLL1Ish-hzgXIIDTf4KCX9Ek_WTmvlFhOnWfjpTArYvoVrbYo5Ke4mlLe2aKJMgWov0_hLcEwH6auiYuKCvj6Man8JNuH3siLK34k-ggnoj-zC9hEysCY_RrNvfDUb60dqUJrvQSngh6f12ikQk22EJgj0CetVvYoppS6tz0qAgeERBTRc_5M-pNL_RBV12v6jEgsFvU9USQNhaAZBL3MikfvkaCpWk7OTBwHrNCv5grvf50AmY-APxKXgZE1q0MYlw6ahaqgeGQAjCVB1uZJO3AXSyGKoCmcTAWxt5ElSu-CNEP7v0EPH1nVngK10rD4hbCwX1YThWMfz-7X2RspmCwJk40bBbMSA97eY88yzI7eSrfitkdBTMovxsptFQuQymVWvQnmiT4tRSWpv4FJsTHno1ZYFxKlb
1204,עלמא,"הטיילת 12, אשדוד, Israel",עלמא,"Yona HaNavi St 2, Ashdod, Israel",ChIJSUoqfmWiAhUR_Lq4ibu2OTk,4.3,053-963-3885,places/ChIJSUoqfmWiAhUR_Lq4ibu2OTk/photos/AaVGc3l3Jjz4bja8g9j4AAsatBdh9xtZ7nu4jbv9dHxLtaHA5Hh9r0eAIP7b_ZLiyWBQrIQTCJG35zUWNYKsu9ndunJIzEibkvw-yrwIBqdRTtlNI79vVlFp0co12hQsbrxTHstzO-PC5VVyvLqgGcRdevEEP82w2MryFya89YOyeYVwbB4bmRmTa14h14SNfXIMS_idSG-BwP5nCIrR-vYQryfVef23s9NFYpHbGwRRvKoqE0oha4i5LOXYeCxnPFtexhzmMBmfBhtY_4YmYbkYbAfHM4lckw3TKAW2IRNEhmWkmSponXBJTlklMX22FXCsA3oT8hMS3OAkGgbeTgdvCvc1rNqa5a0lR7tnSr_ibD55TdPWH31VBgUnQpP5ZDFgyfYJDB0OGf7JctTWYZaFXcg4BVU2TWq-b9QE3YE_V1hvxZyV
1205,מלודי,"שד' התמרים 20, אילת, Israel",Melody,"Sderot HaTmarim 20, Eilat, 8801435, Israel",ChIJs4_81GJxABURxX_hIOp99po,4.6,08-923-2303,places/ChIJs4_81GJxABURxX_hIOp99po/photos/AaVGc3lqd0gBEu5HRoZQ03ITdvvipk6vZW5a_aOFS_Aqry0IYAjXOzY7hdXXz_XLISef2PM3UJUce8vxH-gaPJIfLLzaU9EUPytSlYZlDIyjgNfZOb3ZMxWL8_wV0gDlXLoqbilmURNgyJTGfogWAc3fPTOaT2Ws8-SKeetLtwKe_On5tvDZz7kZu384X0iMtbTegCWD7Vh4oRSBG2B_q19-8IBpywS_yicyPwkAvwMng2XHqdBmGwysnfZI_-82tYDw6GMHp0mHrwUPeJgdCD3WxOt7iRFbEDkGrOjKulmrLdX_lWRQscOcXnKEiNxNKJkHOIjM4a6R3-5e24e0K43h8pi__rKrfbHinpHCicDhkIR4W_OeOBu-L2v3Oq3pqZ-aW18UO6WJgdRidceHOZ7Juo_1kxCZYfQBFnSuvxAntWMyL9B9
1210,שיפודי ציפורה,"קאמן 10, מרכז מסחרי רד, אילת, Israel",Zipporah skewers Badatz kosher,"Kamen St 10, Eilat, Israel",ChIJU97_uuRxABURJi90kq6EbkM,4,08-637-8228,places/ChIJU97_uuRxABURJi90kq6EbkM/photos/AaVGc3nHBzW6xCVfmloOyoZbniYF0PiXu3Kb8an3dn1MMelzs6JdsKeg1WnEwykRMoRWrNhsVlPHXHVkRm0T2k_FLLrPVMmeTGFc7wUjayr3rSh6zLtOUK1jGCnGpL779QpMsNKNZmb3f2rgfN6JUMASlGdZf01NZ1D06pihcui0Oywx8EDcftBmg9Jd4TQNuXijNESZcAI_01HMijunQdYRHZSczno6ZpnNdymVkBdMe0Ebv6v9RGAtr-17ozWRPzW43QZzOquxuDG0PmjxatAbEErQJKKO5TjeiRAPNDs8022hh3J0eSkLIgqoOVaXtl8eUO9IDw41tYUKmkuC8A7YwqLcOHdXzUUEe4FHAuuaCKHDUVicBSLGfRNko-MSEdSSAdw3Gy1AHDNg6HUlYzJtgQWXOT1A8B6gjkYiObvqERIVZCWS
1252,רשת עגול שדרות,"ככר הנשיא 10, שדרות, Israel",רשת עגול סניף שדרות,"Ha-Histadrut St 5, Sderot, Israel",ChIJCaHPTJaBAhURwoAFokkqTjY,4.2,08-998-0988,places/ChIJCaHPTJaBAhURwoAFokkqTjY/photos/AaVGc3lAPy2XERLLQmIZngw449QAROQ2kK_T-B3_x1qPhXWNlnpR5MRdI5XP9ajbJiDW9kOre_H1dFQblB4cKq_oQlhCsAW0KyhW-ebPqIHt1fWdPayxm_LxGkRglxDQ49EcKtqxcOxbU-WY0vcT5GWQIK9Tuh7UybcZyDlpAW8y-gt3RlpRKX4NCWkdhsZ742LYNS3erH9B7PQaSZ2WFZ_CWwcLShvqyJ4q0Uo_IaHPFGcjD7IEMiFJ31ry8oP2I6PTlt2g3lwg53zVrF9R3f2u5O776Q_t63CyRor_sEgOWuBVzUc2JVL3pZsqYa7Ea-szL42YHSmpL5QqbEwL2zQjFN30flX7d1En8Vjf_HLlLvVkvdz_chdfA2s4FpcoVSOzIP6LLBUP5cCcVBQjiGgb6Rh3oWq3o6MFrP1z9ndkZ1PDrU5p
1254,ביגה,"שד' חיים בר לב, אשקלון, Israel",ביגה אשקלון,"Globus Center, Ashkelon, Israel",ChIJIwYrnrycAhUR0BBQ4ZB6fOs,3.8,050-973-0777,places/ChIJIwYrnrycAhUR0BBQ4ZB6fOs/photos/AaVGc3lOwdQ0UaIrWb2Q4z_COV5laB_zyhqVpuoHob4hCBCacBKZ2r-FN-j2FC8pgSVRHRpdua90rrbsJEdIwJLsdhVXC9_Ac1FCH7pRW8dtrRVbgIT7pm4Fi_JwBpzW7lCms_NTGyvrM4stuYDAF6R72LPHQlMxJTw7w7cBmzHAxeagYPBIWcWMxenT4TVodDxge9F4QiJmXlUgw5GhWqS-DhXuz4AA0BvOP8loIWAdVLWO4vh4vGeMmy6OYtphpyQBvPhOKKFwfzJYwjed0giCC3NTY-15TOfdnMf8YYrvo0qZiEniFpKEqIfj-5nJXJRQreaoNfCb8Y_FewMq8NfKWAcvb0MfiOP1g6n--pQcZSGYklpBUqJrZw1_evmCs3-1WyhOir4K1A6CFquzHbfuvXoYeW3bmMHo6EOI2F-nDlGg-Dsr
1265,‎מאיליס פאשן קייקס Maili's Fashion Cakes,"הנמל 9, אשקלון, Israel",Maili's - Fashion Cakes,"Ashkelon, Israel",ChIJg8whSnKdAhURKGRrK0Ojjfk,4.3,,places/ChIJg8whSnKdAhURKGRrK0Ojjfk/photos/AaVGc3ny3FWlP6J-m_IbW4TukaykKn8OBZAWkLlfIYrR9xeqJ8DWfi6YTyt0jF37NYxSs26q2jHvto6BQ-jwHcPgaT3q_am57xvuOYDKBJmbEFbPR5p9ssh-fPAXQ9HmaDhbqbnHO6YLv3mrxjxcZu9zJSMducT2R7OaDLV2rm7arhwGz7yNWii_I7lH23vdl1WP0nsyA7TiL8j9e298MAuqm3Uu9UdhZPgFfa6ncFo-_t5dGew8SEY1CewT9L8uwJ9E9EfdLdvccKACMYodhoBQY5iE2jrrEouDrJ98CR1kSMLfDar5Uxjkq--Qe4IXIoYt7H0BKRbsroUPjLjgfPDP-c7ZLH_TStArgtUigdlA9U1mfsxP3qVrZMECx078pd6YObQpVyHCkKHSE4YJBl4cw1Tq_TXRdzEyKscMnt7S2WE
1283,המטעמים של סילביה,"ברית ערים 25, שדרות, Israel",המטעמים של סילביה,"Brit Arim St 25, Sderot, Israel",ChIJ45N9O6qGAhURLTNTngDEJ98,4.6,08-992-2003,places/ChIJ45N9O6qGAhURLTNTngDEJ98/photos/AaVGc3nhpb9X7DPsYotvocSzb2DNrVpYFmMuo5IBGLV7We4FHhO02rMYkFvzsftoc2AgfSvwxo-3M77IWJOiTyKDzzqeEYp_OMtpaPxTj45V1cLwJOcWYS_zCosoMbM4Zf8fziOjYDjchz8FJLOz8K_VW-f99bzIxZ6kTahcr8P7IInOxU5qmNFJu60lJg7L3m05fR6IKjjDKE1zu3ImFIuwskha0d3hPy8Fi8UlVOi_y3mBCW4RPCKH0mTDFdNGvB1w2SHkZSkwgiQjBkJ9q49ZV4IAt-rC4rEObmyYEFCmM4aMywBZxdhTxv6iGa4qhr2DBi6NgQ6NoBQ3KJzNuLaLiC-afVsZsL91xwFmaktFeOEzlCHX2hWyw0PlJmCFcl4JsdZSWEojdk6F_-n3kXpO7ByOU7t_8rlzQvruj9bZBvH4RGPv
1289,טראפל'ס,"דרך השלום 907, דימונה, Israel",טראפל'ס,"Derech HaShalom 907, Dimona, Israel",ChIJE0oIqP9FAhURm0zNh298npA,,,
1290,קפה עלית-אספרסו בר,"פאואר סנטר סילבר, אשקלון, Israel",Aroma Espresso Bar ארומה אספרסו בר,"פאואר סנטר סילבר שער סילבר אשקלון, Ashkelon, 6136101, Israel",ChIJ-_MkzbS7HRURG-Bi-_sXUCI,3.7,08-675-1675,places/ChIJ-_MkzbS7HRURG-Bi-_sXUCI/photos/AaVGc3nD0tVo5IGPFpiDCxn8aCRTLI5MgnZ6h4poD7a_ac6TS5G005NB7YZ0w869f0y02sRHB5gGjvFT6DU4oiAVD5ZRMm6QcLgIGIOoTIW4dS6EFwsI9XoVDVyEIt2FNajddQdQGN5cJ8mC-tXsM120BcHeO4Q4rR6TYV98mdYCP1wVX5RrBBCcPZ971zJL7nm91a6F1lK6UOUEetPI1hfvW1WZ9qT4lwlOmXAf5ao3A9aYlnSUbpPkAPPT835_V2Gwle-W2C6nDzNetAaxiox27_W4ySgNLASJ7Kv1iuBWAYFMtGi_7dc9t1axDgomApCaQMEVbVrAsokc5dzDEDkQr4UsEqt2X9zVeEbas1rdRrWURbfQD8DfF-wVB1roU3T56gGUyrrY-mECqgsZqcuS56QKKe0zTB73k-Spwcd8UENTsw
1300,פיצה לוצה,"נווה, Israel",פיצה לוצה,"יישוב נווה ד.נ נגב נווה, Neve, 85485, Israel",ChIJHzmSRJ3t_RQRZhhgegsEsiQ,4.4,077-450-9491,places/ChIJHzmSRJ3t_RQRZhhgegsEsiQ/photos/AaVGc3n3WElvAMuyDRcHYxZB8dc_nnCNJ-0TFI6reGLrYPiYCRaM8G9UIj5mwnBdXOOngZYHe0HWCdY7PiMdN4dldK0zRV1nbA0qdpI8gZcLKfgIKGtaSh1UCzmP1BeFhnOy_ccrUAAg1TiNtJrIx0DHXjb32OVM1NM4lJMkiaoCBeM3ZC9bCiQJXicOWYMfSrr9v2s3XHrEvl23UTH4v4OtAaa2Pbve4pS_5rJNPHVhac5kPsTlbOk07tkTI0pfQlmz18egKHTJyt3SgYOCepbECe29tTTI1B03ZKkKowQxOX4eERSPHArZRmaSggXm3EBuW-UMkmzEcZXaPZ-Ak0X-_TA_B77bA1fpbn9rRPJtm_MoB-FntRF13i5XTIo0KKpN4yljLLPmaUi21wd4L9hoLLaRno-ca7qbOIpJk69GyQU_6Q
1303,גרין פלאפל,"נחל לכיש 21, אשדוד, Israel",גרין פלאפל,"Nakhal Lakhish St 21, Ashdod, Israel",ChIJJ--feVCiAhURu4lYTWM2Ts8,4.4,08-867-8870,places/ChIJJ--feVCiAhURu4lYTWM2Ts8/photos/AaVGc3lWbB-pUwpHWKWx45E2mBu67AwhUSLr51pdx-QENtoVNO6tkZSyQRGnUAVDOz2j8sUwocLRhJJOt3m4r4u1FrehtCC5IHl-iPm-f8RsOPWTL1903dtWomhYyNSMWCbti23il29DjyMWhgH5mtAJ9PQBfsNhpBn4bGioJPx3QdG226fiBbLxxN8JjYIgppg4ZDnxYaz9XIUb9zDKJU5Qvgd_O4Vc67BGtxTl32_IH6er5DAnmRMDpwHBHlvH5P0bmu_NHF3wl2AGHGs5D-E7Ue2ZG18v1wiqy76OOKSv0j0jiZYkEq0v_cMIj1CGIRPLmMlAlKn07C-A5ssnspKUIgm4LNYV6LM_FCg-3pMYHIiWnycoCE46EYvUSebT042fl0x4XrUTrGF2zMO-NDkrt5z4xthO7llmxyPjX4c8LkCtmw
1306,דיינר 24,"דימונה, Israel",דיינר 24 - Diner 24,"Dimona, Israel",ChIJ0TvBYhNGAhURAa3zQLrl83A,3.1,08-628-3510,places/ChIJ0TvBYhNGAhURAa3zQLrl83A/photos/AaVGc3nlXcCXRGfeZ87nze3ZT-WFxtOQ62LIa3RsT6xQw3BNofeeHHeLyW-7VIUgT7nMRxhN222HECbf9uVA5KJLEtZAW7hpkd3GVO7yx2sbTJFKbCeJlKE-iQxZ-t-mwe7utD8gGCEKGQ8oJg_CKz_UjgUIjf0iPpTxoIWhHJUBidKScpN0kjzMcisZ-A2rt-PI2WiuX5KEFK3XuiDEorYdqiQFqUDKL9LCY0hj6WKm5DOr9mN4sFbj7ksjyu6t6Dm5SLQR9XVnc-xlLQMyavQZIDwneXppJdVmK8ihvhhOBOPaa04WsALxAjF8f_jvo2qgk5HXo1HgAECu45XsJfzmtZcpXZl3-ptB5rKtMSpV6k2HakKzIWM0tmSCuGgFFK1YF3hte2j4FSpE_JcK7uW6DGNEASPXqRux3TYiKxxit7Jwtv5v
1313,פיצה סופיה,"אמציה, Israel",Sofia Pizza,"Cemetery, אמציה, Israel",ChIJK8EDuaPtAhURTqs6e86KUBs,4.6,050-336-6418,places/ChIJK8EDuaPtAhURTqs6e86KUBs/photos/AaVGc3nGSv6Dkf7_8fucV0-oUBzpGgFf6NXWjP_KC4jemo7sa1G0y1bs285wyF_Ou9hm-IqL41uVXg3ETkMGadf4fXIFkiRfj_plHx5o3xRMh3RZKMr3W60_CbKg-joF0jA_p2OqRVF3H6jXEYURLfsMp8illoOnWFvsrmMzRnmAZUyHLiIZwpTXbvA2sfITnqVBpoHESXkCe1GNLt5pEo7AAbyUCMTb7fCcaFPqpAF2QhxJDR0EUlvLVNME2gd7hFljlwY2i9GvQGKrzllzOw5Vlna5iZ-hH7BU7BcqN0Xb-FIYHVTH0KBDoqu3BudXELwNBTseDdoUS4ByOjRjukB6rohHJ3Y24Mc419C6IA2mlW06UiozwVziFibqNuc1H8fmjm1xf_WOXIISf4PHXf4UGmkM2KzJkLPGXW01oMHf72-Hyw
1324,סומבררו,"בורנשטיין 801, ירוחם, Israel",סומבררו,"Tsvi Bornstein St 658, Yeruham, Israel",ChIJ5_ueySE_AhURoOZIBsES4dc,3.4,08-658-7768,places/ChIJ5_ueySE_AhURoOZIBsES4dc/photos/AaVGc3mONcIhSEiy9kuEUSFKDVmiIfXyeV4n9m0xICKbWe9NPTy9WigkYKyAzpX2aw6HBu53vZ-zBYDeJcT4uTrDd5IWgOaRaPGdJm0KvPXP83pUhog0RaDYZZdhL4pSwhZZnFi7gkq6pNLs1gZOTNuxlCYSfXrJhP_w_HphznFvz9HhjSp0GiD7fh5eWQfYohrVCeY2ix4UTo8DMI2ahkZfvEAPU-E2HShUBR0CYN2BJDoAguXhj2X_cmrYTgryxSclB8BVtxYhJstiKOH53jFT7xaNicwoIkj9SLrEHrZxfnWctb2SVnITQAg865QUD8G-0jHqlCshuyYChEjpopR3AGu7xEiM8msZ-RiT_BrQyhhCMNuvmaeeI339m7fIxo8JP4WA61nk6071V5l86At6EAM2NBErZn1Z5iH2F00YaGc
1328,שיפודית השף קרית גת,"היסמין 97, קריית גת, Israel",שיפודית השף קרית גת,"HaYasmin St 97, Kiryat Gat, Israel",ChIJK_KIHWSRAhUROYipa7hdJho,,,
1337,קפה קפה,"בעלי המלאכה 203, צים סנטר נתיבות, Israel",Coffee Coffee,"Ba'alei ha-Melakha St 203, Netivot, Israel",ChIJmd5vb9h9AhURsWlb5XkAfx0,3.8,050-200-7220,places/ChIJmd5vb9h9AhURsWlb5XkAfx0/photos/AaVGc3l6SI9mjy16APTmhIKQs7vxVKLqWySy2gsR6oO8i26nGRK0Cd1hLD-pI_kfn1LQWdzTiNIsWtCSywGBhfzwznHv_khokyBUhEuG0A8du_OzLU7AXmXalO7rHiPxVcZWny1YQTbOoQjxrFtDN8s4c5tGOWZ6NEKwUQGr_O8B2YVmf7L1Djc78IKnlAdzpLDEF4E2rxwRIGM-aV_inc0aCOYl8VVGDVmiYj79VTdNI5DMN6CNW_c_pz13uJLGOl6fa9DhGPwRNrpXhl7qmY8yE0MUqGTp3XURLobmK5XGfCcDZXMLVMB7wuwMm3SHvaI9MS9-PgTdq7mmpUWHb8BEUCYSR87GOLtx3oMz_ot6zvLrcMjLnwyBT2mfRqeGOan_RM_55bshYxXQVEzXwuIBYZiohOPHVS9tC60PdgL0_bdgzg
1338,פיצה טו גו,"אלי כהן 21, אשקלון, Israel",פיצה טו-גו,"78700 ישראל, Eli Cohen 21, Ashkelon, Israel",ChIJI4gZbyUA-hQRy7xB4fJzeQs,,08-672-2832,
1343,גלידה מרג'לטו,"שד' יוהנה ז'בוטינסקי 13, באר שבע, Israel",גלידה מרג'לטו Gelateria Margelato,"Sderot Johana Jabotinsky 13, Beersheba, Israel",ChIJV-5b-v1lAhURdQOQOsraopQ,4.4,052-402-5228,places/ChIJV-5b-v1lAhURdQOQOsraopQ/photos/AaVGc3kf9gmoGkKhE3eqCDM5DPlDJ4Q9s6OgUXTBpJyRRem7hIH7sfpe0HslIc-2q51dGz_updwa5o6sbGAaK-PY8eolc0q2EIBc0IOQNrUGshj8NSvh-D5LfVttTe7AXOYlwHXdXeUPN2SlljUwOLT6fYrGA2nUZEttNv_t3cwFXegCRXHdmVqbLon2ORlj1AG5EDkA_VknVzIGOAOLhGUHn6pKRL_mjhNxMpXH_AzHhoOy4qXdW1ZjwAIRE_5Tl8duG4yGh8UTPH5UGM1P0pIawAIlMIF4QHdDIUso6r-PhueC0c6n8AmVa9V18qBo8qfQTe4OdAWmgi8f0ECL-IHY6P0wBvl_Sje18eIEzljji97E_fOfnNqiZSa8F5v7Is-I5aopBNjP7cMj39zreIkf-Su3OXJpI6o4J5ZS5ZNc6teJrg
1354,קנזס בורגר&סלט בהרכבה באר שבע,"יצחק אבינו 5, באר שבע, Israel",קנזס בורגר בר,"Yitskhak Avinu St 5, Be'er Sheva, 8453303, Israel",ChIJ4TlMEOFnAhURLEx6jJ4nGxo,3.5,072-330-8800,places/ChIJ4TlMEOFnAhURLEx6jJ4nGxo/photos/AaVGc3lHWwxsnlaCk1I8ShvYuRMl72tKeTFjPNRWf4xb3crSMF21K-rXCpGfqLKd1CcfUfooDEpTBUx3qTpiow4ENVyIsW6ZE1F7QeNk-gRXFo8putfDTmdRROLRdrxWmT_f7GVI_V_OlsU-BhnJ7TXjgfQe_0kiZGiftHqTWDNYM31bWPweW-TeE9Xvwn_PMNRJGhP_AzbEl8gv65Ma6OE6x8FU5ty-F_RdwfmSqiIjVulrjJ7S9QofRns9fAnCJ3JzdOUjzbXG7Pr9EJjYC47wyM-iVUdfyx7fbWnssZ7LnZQqcodI9VGlQMVXhimC5Rd3-T-VYd6_FDGsNfIw5GlIYFG_kGIUMJtaIDQcurEFSMGYy5jQLnIZF4e0BMfkDVE98tFcKHQbqJ7DUCXFap3wqDvK8KEfOajG0emypyJLTi0Wzw
1358,פיצה איטלינו,"שד' דרום אפריקה 63, אשקלון, Israel",Pizza Italiano,"Johannesburg St 49, Ashkelon, Israel",ChIJ7ahgxT6cAhURWPqeqzBFdxc,3.9,08-678-8656,places/ChIJ7ahgxT6cAhURWPqeqzBFdxc/photos/AaVGc3mQA7B9hHIv5W7RDDTW1rJmsyyKCr6OEx-cH4vakxd6AS-zH8AYi7Pe0vDY8nRUQRthd3XPwr6uJXjtbm1HJmJ7gUk8Gkw-ETED6PH72p7f66e_kHLikJLdrWP330cXAbUgQAmkGfa7w-RFKyCy_Q02g422q1P74pjejgpbZ3LqojOVzYmi9J6x1HlzHEfhvm8C4WwaWUFV0wXkt6IEzXQCr9E4wcbqhWIOTJVLzYCwOwZAFKoIBr8fcV-B3z8Gm933vjQQkQu8kNRiYgQj2eOVMPCZEG1gSZVXmXtQ7tvieauxr14xnJSl-jQWgiF6TyVtrNAA4HoscUT5shMGfsEpDILylQFkQrj8E998LBp7oSoXcT_CT9hX-ThrvCJGLqPCZ9HHZBJhkyfm5H0weOTWWFfR_rjs7zykDnkMWGV-pL6A
1362,טוסט ביף,"דרך בן גוריון 1043, דימונה, Israel",טוסט ביף,"Derech David Ben Gurion 1043, Dimona, 86000, Israel",ChIJows1pOVHAhUR-I4he17bAzs,4.2,077-552-6650,places/ChIJows1pOVHAhUR-I4he17bAzs/photos/AaVGc3kRX1Xf0RTN5VbjGQeTgv-ZN2gYRDcNdO88-iTMq3oQOJP05sn2kk37c_cBNkNL5IgkvVdsAGyLUlMeUnw6CVs0eGWbIKSCBV6gBhlL0aPGRFSm7avlM2yosRSbcRQfWv7oUxQGokiMU9omr8n6GUfUL_ksE7Tw0Uher50kCz3vUb-sf0kxKA53yOV5gNY_3mKHD2eY1KjLxgcyvF022Z5L-BpcvU9EVkQUVANoYi2vAsVojaeCbRewaQN9qffU6sft0-JlQ4cGgEGODqSpd1Cbn3QCAakILxGJSd5iTR2mldq8cMayaSIvl06R9hHSm1vXT7LEmFUXemV3PWkG3dgBgRdaAiocL5Ktu7F8bGLqQEfVcRi84HShRnWJu71y09WAeQN8PhfCvSIOUyXnWg9-E_Kvdukma21sBHWYyFlCHQ
1364,הריף,"שד' משה דיין 1, אשדוד, Israel",הריף,"חוף הפרחים, אשדוד, 7771771, Israel",ChIJz44b4n-jAhURziZdzlIqdjc,2.9,,places/ChIJz44b4n-jAhURziZdzlIqdjc/photos/AaVGc3nI23XB1MYpaKIVA2WhsyL8eUQPEQrnDb1seWQqcOnEf7rfTwn92_qBEf6f27IVOkRsaYL5D4fZdzre65BAtomIrcWl7C76uiDMVs9hRhoyQRSrwTd6UNK0_iHT2z5ra6P0dLMR2RYKRyBa_j-0v_iWxlI28rPrLTgbZRBnwNgJarg4Sq8IAiJo4hspBozdeQgMV1_JeaWP-kqbMvuCBudwA4ER1lhfT7rLFmFdkYCMU4DhnYNV54gMHdP-bSI0dYmcZJ-5TgFJUFzZDC4Ttp1EI5GRVx5WJFdW7Y-0cJU3D1YkvYs3Rb1qhCu_jJf-f1DbUZn2hIUP6BR-4U2m3zMWyV2_0KfLf5omaJ39nUBQh-pGVxWurdHIVejBJ7ohJQ8GpIWEOg2jhBEGlPnsTiMB5uQhP8kGCV5N1qnVsOIy_O4W
1366,בונה פיצה,"מדרחוב הנביאים 1, אשדוד, Israel",בונה פיצה,"חנות 26 קיימת חניה גדולה מאחורי העסק, מדרחוב הנביאים 1, אשדוד, Israel",ChIJ4ThIVPCiAhURjxl6v-io0ps,3.8,08-864-5222,places/ChIJ4ThIVPCiAhURjxl6v-io0ps/photos/AaVGc3logXsR2kvsEkTIkPTfBxcjjmD4-M11din7GbgM_0oz4lkd49ElN-2uaMlPk_WY5XBHzdmIBMChvPH01G0R0uyq2xqZhs_rynzafL1qxq85wjcFVP7pIPTJupEsC7SJs3ms6f1weGG7r4OVppDRCZwZebRejjY2zXrjYlVr50CVtGBymC-N2tlGnSQxJauqF5Op4n_9YsFTtuvtB08Ni2MULrM-SjE0KrsX26gilNcGSDN4g73Y0RwMh2v07jdxzNsa1M6ucrmbvdMb7ZLE5fUk1ck_wyhCuxw6ldDy0GQ_KCK28v8Y72nP5g5erfe_-Gn_C80tor3JTIhmBUMfKdb-NgfEtfgCCsMiHjyCIubCcj9LPIWwbgjdhyCSsn_11mJCTSMqGX6e-FWygDOzXPyHyZXDSumQV7yW9PO9lmcG_Q
1378,המבורגיניס,"שד' התמרים 56, אילת, Israel",Hamboorginis,"Sderot HaTmarim 56, Eilat, Israel",ChIJz4wAYf9xABURvR19gSWL_tk,4.5,08-979-7181,places/ChIJz4wAYf9xABURvR19gSWL_tk/photos/AaVGc3m8-oFQufbwquK41rRfbLxkbAuODrmL1bG-KhPmvyH4WwYxKRtU-iF8fMff7TA3-V63dscbGOCJO6o0R02403B19J3I9w5PQWAb9KS5520UJfYQ243EmDvZidTLCufw_IYg3dwA6e7XSIU5u3X5KSxutrhEyYA346MEicYHHCggJvKWjXLjF9TioWzMLaM4G658TtPmq7ie7NEsFFp4vxKxQN2jUUAzEE7q3DcorNlrQRWv7idrwl0uKqmGu7YCVRzETS5G6vQu6f4LHkXnGA2jFngiHu-nCNnh4XE54Kl9jYi5xWeYB7itCa_bNK4fUJxEhEL1b_HLyNMtZPtozcG7kV0j2wzotXFgetPtDID0MsPRQFBtDO6Eta4hyE1DRYJFiZmL808b3i7RheBNVJDcBR7ioi_P3amYqpUJY8bsgw
1382,בר בארי אנטריקוט בר,"שד' ירושלים 2, באר שבע, Israel",בוטיק אנטריקוט,"דרך חברון 60, Beersheba, Israel",ChIJlYs9_0tmAhURTXPTpD1lSgA,4.4,053-239-2614,places/ChIJlYs9_0tmAhURTXPTpD1lSgA/photos/AaVGc3lOP6ulC-5nCdVd89qQ9jYqTDDH5OhUqAdixlsZ5nXHMN4rTDi0IVCwR21wObtc58HKWCYf0reiNZ1YzbFOYEWkYi3nycbJ0MVcHoZm1N_ypOgQxqOIDwTJKhvSx0YkAyTbUo_y4x0kb1IJKRAa-4b1O37adVUJ9Rlieumc1x0HwzGQ-fkWzxVSPO6m5y_luhc7H222xMRFrVnSYjVcRXiv6J_7AO07YT9XHFlV1cEtG3rNylKlMq2eoUwpy3pSVTBQdkGrvZr3C0dEZsV4zIhQLPc6CDFnIHL7MxQFH5abvKoEh2StcBPuOozU4VdaxZ-J_HfcZRNMWmWPCFFPsDXUVomiAhmQ_9ffWBSbyJLs8D8rdL3M226O7hRti6mNHxJ2uRGhyRQ2ucvi__57Nzgbl5ZnAG7ctZXHMEJSE1E
1383,פיצה מטר,"אקסודוס 6, אשקלון, Israel",פיצה מטר אשקלון,"Exodus St 6, Ashkelon, Israel",ChIJjSny9g2cAhURifxNdng_grg,,08-671-7514,
1387,"הסנדק (רמב""ם), באר שבע","שד' ירושלים 2, באר שבע, Israel",Sombrero Be'er sheva,"Sderot Yerushalayim 2, Beersheba, Israel",ChIJa5yDgw5mAhURFVR66mRC94s,3.6,,places/ChIJa5yDgw5mAhURFVR66mRC94s/photos/AaVGc3lQ4IYVW3ggkwPpLgQIw5SoDqVIX3Fdoms1PxA_ykHk7Ar1JjNIgXbhDQokssdnzBfSqUpzilsirUrAlmNjEDDI7Q_Qhql9tHRHJtQ7-R_9-ngKuRwS8lEW0KD-T3b8j20er8qOxUkVh8pb4xQZUaeVvr4uE3Id0VtQyGEsLhtwlRmip6dMDskLxpq7FkFxwkNwlWh0PuZ7jFy2lgiIkgSY0BNneBaDaclyf5CRml-iSWiksjy1QJTOHuOSOKEuAhRAPGtIId5MJFw9-DguSWLzXkYBTEaciSf8d-o9jc5kU-beeBT1-rNjO1lEJoRjdNv3L0Z4gj_ZXAWAgF33SMD-3MmIzigQkWV02WOeKfa2-XjaR9zdVeX4_uKsxU9pNi-I9csqT5No7vzq1ctJezI23t2SZMgmv-RK-BO4IIOO3jR-
1395,הסנדביץ של השף שגב,"קריית גת, Israel",הבאגט של שגב,"Sderot Lachish 7, Kiryat Gat, Israel",ChIJWSSWDhmRAhUR6dxi4a9yufw,4,08-869-6065,places/ChIJWSSWDhmRAhUR6dxi4a9yufw/photos/AaVGc3ksc6JDKJu7sF1huzF_NAooCSIj8whFEBtWm3W_ViCWIFt_yloKPkjMMj3KLSbhcrAjeOSaNfvccgDTt-jBQkj13z5-U0f2NgvA_5k1soVPJBTy6l1wNTh2sDNH8B5EUlIcLyOrxHj767Igj99hbZO8QAJAi_ayQ32KzdkKkUWEtENPKRXLELzx5OuVbxttxedvAdg7gTyi_1NxIfbxSOxCXQ2Hv3Yb91G5NbuIPMlrLcBECsBRtaQXFZtNeQHOWnLEIxEz2s7hWT4d7_YJJtn7TuoP01pfkMwurnuOKboa3EiWK39pOOZoKQ--IgfnhVmGYMWeq23E-_2ilEVKwrCUMb3stbq7Q4wlLw0hdrm4FpFxFksAkCoTGX-RAIzbyuaXdFpL6FCXFVWLgjsJs01wesKsV3zZseHjZQWmVwAPxiRU
1404,Kings pizza,"חיים לנדאו 4, באר שבע, Israel",Kings Pizza,"Khayim Landau St 4, Be'er Sheva, 8476555, Israel",ChIJQ0h9IuhlAhURnsItqrafoM8,4.2,,places/ChIJQ0h9IuhlAhURnsItqrafoM8/photos/AaVGc3kaIaiRIQJhIAtGakq9LzaUvFM5dJOKloHg3Ug45KH05T-4w1Q_WfSAAc44suKnDrZAISrGNhqRb4hWTE0xcZ6SlPpIuWdbQBaY_lTTFPtNFkRMFNG4s16mhIiaoAcm9B9mI4Slfy5MB45CwnrXpjo9ulbnDtA6bsSanGe2xNYmBzMfShZtSbRmfSOA8zurtCGdlUGwz7ltPstsiiUuyjJCzXARVrbjn5pAluDl0TbYGHssgEvKxSUCEGyVc1FDL2X71Bp6TTw76qhWM4rZAmXU70cOatg2NOnWKO66rvDsexV2L4htdV-lYRd8uT3yCnCWwnikv9wGyKwPjS0srdnNH_exfts4u77oUjaSVPe6Ts18-PJCq1q9Np5THhcZybNOPXud2haQyOu3ai-6XNss7DaQZFZM0jOiGizZT5grjD5C
1414,טוניס אורגינל,"יוסף סמלו 78, נתיבות, Israel",מסעדת טוניס אורגינל,"Yosef Samelo St 78, Netivot, Israel",ChIJxWyUD9l9AhURzz0Iwp9PLf0,4,052-852-3535,places/ChIJxWyUD9l9AhURzz0Iwp9PLf0/photos/AaVGc3nmQcTZtEKSbMF4zTiFyE-EbtmMFWO1FtFvchaMPUzWsxHDfe1NyH7eAMzk1lQtLMl5aVfxf_7GHpAFLOgBp-YuNqA-VhBaLXAbdlRBD8NzNVOudBykz2u7cdSty6MOrFinMya3x8GANIMSTI9EatxT1CnStard1mYcnGhXcXodFIzMnrFkIR0BlyfxIZC1fiMxfJedFwr-TCX1DOBl66p0SHImHTDElLSK4Z_efS9yDoFn3hHtfASpbzTtqCWBlDJpFiQVsdC5NIfn2CkKqDsBluz3FOAIaezl6WKKYL1qqO961ALwbcftzJbn3eXYUq9WGvSaCNSFRWsYqEjTHrGaXw2dMN2QqiCd0U64Gtm6FZSghdnwDuh0eRRNh68JiJYwpAA-UXjeUtL-qYsiH6Zp-AbCiJLqrEHRKifl4iqH6Q
1429,המרוקאית הקטנה,"שד' יגאל אלון 10, דימונה, Israel",המרוקאית הקטנה,"Sderot Yig'al Alon 10, Dimona, Israel",ChIJKf1CowRGAhURbvtGfcjy_ks,,,
1444,קמפאי סטריט ווק,"גור דב 13, אשדוד, Israel",Kampai Street Wok - קמפאי סטריט ווק,"ביג פאשן, דרך הרכבת 1, אשדוד, Israel",ChIJZSuPvsKiAhURclagi57IZW4,4,08-920-0520,places/ChIJZSuPvsKiAhURclagi57IZW4/photos/AaVGc3ntok-Vd0SbGNy7dEaKRnhs95Mw6UXlrTfiqk-HqVPJY2E4HXfC6BIHO9FFq6pkt9_JQkCDmRHRII5w-jHrzl-1uhdVb7RDREnk03C1PBaXXQJjGuPYv6v4DTvE_dZvgukClA4a_BSIWbdUW6kckUr8ZGv9hTtLfA_EznknT6Ggs1s2-fVvagl0atVRCEbpwz2IqOUK4LMC49s0YPz-WmmapGPa6Vc2EGNvs9jz6uMXh8j-7oHYLYA5tIPFuVnaN8xQvmbTy4iC2VkDWp6VDLX6etiPJHvjWAM9eAQsBCwnnabko2CEuIVS7W05wp4OpjGyXTjtXyN4dT2JPS0cw685cudGZ4b_wDepGjHLypafF7PBpHwaDLmgmYhYW5S_nXpo8adqqmFQygrWKbmbCqO9nYa46IXDyTCSgLIAq5dtFywt
1461,תבשילי העמק,"הפועלים 16, באר שבע, Israel",תבשילי העמק,"HaPo'alim St 16, Be'er Sheva, Israel",ChIJbSLYJylmAhUR0-gyHjgaidc,4,,places/ChIJbSLYJylmAhUR0-gyHjgaidc/photos/AaVGc3nIikcvnt_C6H1cecKSf6BUXB6DcZdBD6RWkWE77RVrDmTX7FWvcndokTME5sKosm8aUCS1IZzVAP5qQW-nb3PbcA5PEnDnipappcWFswy2UFWuApvWY0Gy6OA_rdghPvwXxUjhT_28iESp56Tex1jjzFCBLKEfKIck-YpceWOIZBc6LT-sJiBeBKKzLnSqcBoN9ql2n63xOnZ71f9xWHryWDnQcdX032qGiGl0fyd1wkVYgy7NCaDZ-VT-Ca8u2lcbRNQFXmG4xR6HUTbgAdprrFZv5yGNaMltkZNEfmJ6ajoVkZ1s1_jZzSNSJIW94o5_2Hldi2BtaWp93l41T1voFfTzMfYVjDrkD2TVop8aFj1adf-9TY2RiaeF2wx_hlz90rL-Sb_BgRzmP5pOUQklEC93RHoAdHVTiJvLb3g6m7Px
1474,מיטל,"ככר הנשיא 10, שדרות, Israel",מיטל מטבח בריא,"Ha-Histadrut St 10, Sderot, Israel",ChIJv0iMp1aBAhURhRHVRpbFPvk,4.7,050-900-1510,places/ChIJv0iMp1aBAhURhRHVRpbFPvk/photos/AaVGc3nvAV09qhcJADLeh-FKV5GuNR_4hu6iXVcqjzw0jIgQ9xsazK62MZH9mnxMYNbUt4o1XJvvhWu-eoMirmAWfK1FKMtxI2pe7sIOZNVK_2DQHolMMvsI-ilq4g9am0E4-Zjt5dh9hG8cSF8rcE-XhHI3PtyxkBvjcx_7Q37y-2nJypjBVskYlgEfrYvHwxrrRH0p-Z3kFAjuED_NRk6EngRoZf7urDHivkM_DaLdjGAoKgio8RmoxuTJZFTU3jgAQfJOVQ0nMmwUyKc8Vtrx5h-GrNKKy2VtthFHi_r4-7yLuGHNnG24cyTXz7dzUGeMJKemx_f-RHJw8mwyL2E-36IkREe60UvSw2raC6NIxuQCqFynb6iVh5Pt3KDxusAgn94XosauiRrdT3ribE6srXr_OO81XDJb6LLdjwe-I7NP5ond
1475,פלאפל צנעני,"ז'בוטינסקי 45, סטאר סנטר, אשדוד, Israel",פלאפל כרמי סטאר סנטר אשדוד,"Jabotinski St 47, Ashdod, Israel",ChIJuVR62RKjAhURGIq5AAAptMw,4.5,,places/ChIJuVR62RKjAhURGIq5AAAptMw/photos/AaVGc3mUQb2BUqIUtxQHkRrTFFD779xi1iCX8faV_tBEOU-9UhMfnqGy3tiiR19hcQgfnZUiXzZH_bOEm0hFJa8_5JdXCZb-ILSy2YbaYT9KG4tFCXBjZCXGQPQPH2AvSnOSc63SoZsxeayDyOoS9NbnTJfFg01GM28Mhwu2J2HJjsAvqnSVJOjgvlAS6SQvn70JoA_gOi7x2F0qzFy92RHrvhGCNlp5SOWe_b6XdbeSEJxhd2RKV9itpnG3XocdrtbbEg2GA4peDR6BdilhJOX_pxEetaQbRjfbBz8N6q998hPpNV3mQ7nsL5mOChZhvpu6nmEd--3PaSfUD9NNVCsXWcXKTDpp0QqWQ7K8tiVpt1MTf_nmsaP-BNml79RUQjGGufjOdOP1lHeNB64L0t0qQ4sLbwfhz82NAacNthKUBy3tG5YWCMuMf6IgQuJO-Z4t
1482,צ'יף בורגר,"שד' יעלים 14, אילת, Israel",צ'יף בורגר אילת - כשר למהדרין,"Sderot Ye'elim 14, Eilat, 8855100, Israel",ChIJV9Jkau5vABURWPd4y7BVE1w,5,08-869-2888,places/ChIJV9Jkau5vABURWPd4y7BVE1w/photos/AaVGc3noaZmIve3a7ucYQpg4yrsst82edEMoL7zpYRx1ODgcI35ToBiEbhjwQm1hAuvwkC8rQynYkxA_sdqoChg0qyuTPdWgOZnR_DpJtbmtXv5tFyK9_P2xQCwZNQIMHJy1DQpBMGS_XqP6Gk5_qgSPJnAAPQFAPPdRno-sOTVBBibKWYtSwapW4W0n0_G_mZJhOr58-fm6JZn4Gmwc5Y3jbxowDtMXIhMb0CnmUXIqXljV6rr1kmQc-GSE8JsknHpgVf9gX0j_cUnj7fAtYk1eFO-WM6RzV0UmyjiFHpAqV5So3tSIqxSiNJrtpKYnCis_03pqTpL3rcM9EkfZg-HEcJZ6LLloO_7MwKbwsxO5s0XnzMq2itVvKWCtbibUjMNvaWNvx4xEQT_k2-IWdyDh1YS9dZvzJNCPN76Y5qb-wlEHvzs
1502,פיצה פצץ,"הזית 41, קריית גת, Israel",פיצה פצץ קרית גת,"Ha-Zayit St 41, Kiryat Gat, Israel",ChIJnXiLIWORAhURKwkHIQB4_Qs,,,
1505,שווארמת השמן,"ז'בוטינסקי 43, סטאר סנטר, אשדוד, Israel",השמן,"Jabotinski St 47 47, Ashdod, Israel",ChIJHUmGuhKjAhURPj0HgUygR08,3.6,,places/ChIJHUmGuhKjAhURPj0HgUygR08/photos/AaVGc3kabf45IqzjGZVgilg3aFvHyhnMN421adZeR2k8-sonoOtk4rICjcwACSJEq8bLClkoNo-SnIE9bed-bHUxiEv2ba_-FxMEZ5pgKtFwk_C15wOINqpw9QxR8FGs0RzpdssMfIWmTiMf_B4j2kNRPwUWNYSNIRjx7BxgUiNNTaglNy8ErCjoTFMWra992Zxe4XNhsK10T6SLJvTq52c3s_KxcgOd1nuqxibGtK0t9qFqhBRRAZpbuY4MFE1AQxIzw0e9flSoSz9BU9sWQlKbAguBdLyL2huSiN8o8bs9no0uJd8RpMrLfAbSo9YZaTgEJbdY5xJi5gtVfXAMzlYuWxHdt7LXUZzXK2gOQDmo1c4kAdfpChoLTVPEiuHwJTqapoRzLnwiXe3k9OgihK5WwomRjXwvPRVUXp5x6aD7NElhAE7w
1509,טאץ' בורגר,"יוסף סמלו 9, נתיבות, Israel",טאצ׳ בורגר,"Yosef Samelo St 9, Netivot, Israel",ChIJY-aebN99AhURlgl8MBUcHbw,4.5,08-922-2267,places/ChIJY-aebN99AhURlgl8MBUcHbw/photos/AaVGc3lL5vXQcQao93Fx7m1kvpdZslE-nkJwEiBxDULWTc18fkgq27rHk0SLOEKsUVg-ms2TZ0rCQ0zu6imIvDojZNqX8GhrRU6oeaJyP-gCYQFx_Wev9MCblagv8ff0QH50IE6sxMY8Gu-PXbTwHp3LSzFAYJ9dpA5deuh2MxrB9mICkEgdEWP-4pl9hnddfAQSs9qMPUUY59UMyQRANjY97joN0sMJ9SxAselyuQwEmxtRg44tqKqTJ3TmQgLHg7E80CI-4mnk5ZuEetkMTTprrNzKfSayHryRRuD8nZGeNul0UHg9MUTZdq0Anurjcc9yI9RtiUUjuXDCPaGDK077V8WbUOl4tnsXD2E7Gl_8G4kgMB-YhN3Pxzs7t9QnySYKTUsOxGyTcL40JWzkz6g-UKIn9uLpdRS3wNk4RIs5R6eMCL8
1510,פיצה פרגו,"אפרים 112, באר שבע, Israel",פרגו פיצה בבאר שבע,"Ephraim Laron St 112, Be'er Sheva, Israel",ChIJgzfRrY1vAhURDClNDpQgaDw,4.3,08-625-5500,places/ChIJgzfRrY1vAhURDClNDpQgaDw/photos/AaVGc3lpWveT5yxmSkPt0xxSNhTnCAaC_nMINzapa1mGuDpDHl8g_oG1EUEFxy0w2ztkB7-54FeobanodChbTrpJfDThCNC_s8iZz47uMyJbb6LnxihXfG7_lBNtNN66t3OFGhdAhL47d6i0nqvmUjCwYsgsbxrsf2hzPYSNWTdIL4pFmSoexS8dl1UkPxXhn2hZaHdKwjUeEUz1V2fpzBcFb_QzF1pkLE4I8R2NAC2wH0lmB9JLXTMk30rBsRJkkBEIaG6tYf8P7v7xaLw3fA7tv1hPdqZ3zVGds93wSEL7YyGALWmPGaD-woU1tYACidWwZLkczPc3SbNOQtXnnHPpu9LdpcJAdmvDfVZ-heTDEPdXWYJbf6YQm7LlWE423LkX_IuVqNHbjf8GGA3nQijxD_FK7yESQiFhtoaRgJEGnWmJuQ
1523,סין צ'אן אשקלון,"רחבעם זאבי 4, אשקלון, Israel",סין צ'אן אשקלון,"4, Rehavam Ze'evi 13, Ashkelon, Israel",ChIJGVxPKnWfAhURSdPiLjXLMmE,4.4,08-921-9199,places/ChIJGVxPKnWfAhURSdPiLjXLMmE/photos/AaVGc3lqHs5ZgaogdTE932kAs6FsSVYo1U0VjpH2diFJodfQt8Wq81l2H7gAwCo_eehhKV2mU_20w96XrukLrXB58oGgATAv3ilH64uXGYc91ixrjfH1s7UEIiDXW0gO6dL700-5n3I0WAPXGvVK_kHNMVNxDczRUqfUvvyXUd5FrEvUJVo0I3OBXOa8FK6nJbUj5bwPTMuP_oYambDNCzUriGr-T2agwvv8Lk7WfZP8jDizBqf8nbuvLJgYL0SNzrAz9jHAzOiYTnmXmaaz4VWDEaD-VqpGZv4nzp_nyhhl-FeVFOo5FkwWcMU4M_Ltt2QCYBQ3Stt9KUVkK2Z4XhjzBgdKb1TrmHlWYbMs7NHcGDzdDrSnc2coEj50VTb_9Yf8i5tLcG0NUd0pg9IqZe1l4jNpRFXlfcAdos6GH_nylaE
1525,דודא לפיצה,"אלי כהן 42, אשקלון, Israel",דודא לפיצה,"Sinai St 4, Ashkelon, Israel",ChIJBeZQ1GucAhURw1w2R9CWlQM,3.8,08-674-4045,places/ChIJBeZQ1GucAhURw1w2R9CWlQM/photos/AaVGc3m141V81Hh946GkONZGSDwUAoBxYHVPa64stZFn43ncnR1U4sem_rSTRnT8qB3Ra780U24AI6DQ39yuobenrWADdC5EluOJre1FGX8_HBodh14t3DQ74ySFg_gpeqih9BYHzwoZ_-MmsUBs4jTiSzR8TxnA4M_mo2kGB6b0uxwI2hzvWnUG5nI_70P0oeMqLwoMExp5K--AvwqYdTgu0Vo4UtJH9eGjWPutQqXTkD5gcIpXUIkC4l44hyQ90FPKsW14NUUg0VY4iLAcvQN9KDbxTVCrbUkdYs1_K0G4Po0a_U0fMxcVQK1eziYlwwbmmm_GuOiPp3sGhKKND4hk-Qk6oulI21vudYdaYQKjEzWCtcQcHLHK7FHFBK3FEU1ZfCLPVTlxORjnpkV32Z_qM50dbESuSBA__mlwsS6NaoANqw
1549,שווארמה האחים,"דרך השלום 48, באר שבע, Israel",פלאפל ושווארמה הירוק השלום 48,"Derech HaShalom 48, Beersheba, Israel",ChIJ3Up4elRnAhURgv8lNtiLGv0,4.3,08-699-5597,places/ChIJ3Up4elRnAhURgv8lNtiLGv0/photos/AaVGc3nrZkFH1WEP57D3amDfQubK09lmVc-idSNImGeie0LtV0un5_cvZBelFJxXxT94mUkzQZPu6_JyDIyxFzuWm_kh4dc4Qy-eDacwJPmNhjCbpnyUxEVVTvLkU4hz0hll7RkhwsnIlzeRKImRXO0pLoifHkxkRXXrf9chyoQYndfyH9OJdfyPDkd0GNTM--QhqlyLjF23jCQsLU7E27lK5nJ0Sw_pPOy66SndZuDUzmXVGqM2tMt2xvTpokTyGwKCRm-nYFcpYqZWogApcHvvLh98zpAte-TvJlIYTNi-nW0gvkhGh0-NuefcXxi_YCMfRnb8EWxDP8KvVRLBySPjE5osqudr9PXtwrVyEn8qRNsdDJ4RB6MMuYTYQUOKFbQlWwWBAxwHVx-jTouLSej2QMAILoEKLMR4qEJBc0E_aIxL3w
1551,איזאקאיה,"הרצל 29, באר שבע, Israel",איזאקאיה,"Herzl Rosenblum St 29, Be'er Sheva, Israel",ChIJZRbGSPllAhURzYN1sEE3rFA,,,
1563,פרנקו,"הרצל 30, אשקלון, Israel",פרנקו אשקלון - מסעדה חלבית,"Herzl St 4, Ashkelon, Israel",ChIJAzgGLXCcAhURiXwfHvkDiKA,4.1,08-672-2243,places/ChIJAzgGLXCcAhURiXwfHvkDiKA/photos/AaVGc3lE405gnYuQQoQVlV01alr4exO5oENTn9yqS1YuW1mUsdE_kHkbNTH0x-pGTNY7X846HkARsxQk2fXL_4eVc4tilhRzFBIvvvd10CNKVrSbpne11eN5rNw9Kv6ZIgp3V0xHpYKOXOGcMm4mtctF5XHsozsHgfCkkRH-CRM4FiEbF081dmRTlxEjNuo1hnvMKyzlcA4uIuwCLZUF_zfuXGlZ7oFDeiNxdmc_VmkKA47cznz-3EXf7oWQ7ilu39LFW597MszBv4p_OEPs2-a-sILbNIbjL-1jQHK94rOfcj6KNC1tdTa_RAZNKkhJPpcksPQFrP7AVnGcYBys8K8N79LspFeNI4ZW6VgybL9kXZbQ0dERq9TOKyx9HkXtHPzPnVbpXnS-oHMpS2VaRYgB5YVayspXF2SIdTG5xiLs6pIyC46L
1569,אליזבת איטלקיה אמיתית,"התענך 2, אשקלון, Israel",אליזבת איטלקיה אמיתית אשקלון,"Ta'anakh St 2, Ashkelon, Israel",ChIJwVqK9LudAhURB2wSHF5-Xzc,4.1,050-946-9464,places/ChIJwVqK9LudAhURB2wSHF5-Xzc/photos/AaVGc3nadUDAD39Bx8MM7W7ZcqDnVZjbpIpBWMHR5xBhIpC0EkNJ8HWeDeCCBVNLI17lvd45mnr5KQJDsnTo2e3QlEP96MuQZ7VvcxJDTuhN0iXiKZKPsdxbALcLqVFozUa9vKalOAKaqTIkXZZr95wen3r9eM9TlnQ4pcQa5z7wurHq57Q4Egk0VmvzAZOX0srTRssa58bft8lwp8nPt_Jl9Pojdt5fWjIGr9b7AC6vDp6G9DGjsu3C5z-ZmxuyIfTQJcGtjduEEb43z4duMfoxrzt593QEHduC2ItK2pGudRNei7XBWd7X-B4wLSd3WokeKeiKHJtRf0SxsaCcZTGgGS4e3TJpJru_Ch2pzL-siKWwbRT4tz35UyqeUv4hSNNHUlldNiTxjExT0uEE4QaUmBil-W2aNoPOUrgaEQzgyZ6ZXPkF
1570,אגדה מזרחית,"שד' יגאל אלון 23, דימונה, Israel",מסעדת בשרים אגדה מזרחית,"Sderot Yig'al Alon 1, Dimona, Israel",ChIJuaqnLAFGAhURaIXjm_MCamU,4,077-540-7017,places/ChIJuaqnLAFGAhURaIXjm_MCamU/photos/AaVGc3n6vzIMLY5zD_2u7w1_cxeOee9ZJCDnmqwtxvthv_gHO1CwUR5Q7y5Sks8SnnSuHERsdcnQWY5LHahVi35ZjdcFTbbkHTLSaNOh3V4HfiX3h3D75aLrLGnWGaKQmOuAtBA4oP_yWyd_-sgagi_vnp4ofC0AuYVYoMpdxDEfXsbjzl3ppf1vUhtAFwtHGzBXGenMt7b3iWJz84VxXFOuUge9653DAC8ZHVyNwRsgOdIvWSLR_lxGzYtSc6uSQzbD6UHmuTvtEhvWLOgEOLgiSjzoe1utSwGl5Dg3DfTK8cJMm-wOF-rJqmSZVH0uAQ7DN365MunJ0Y8WGPQ0Fsf8HNjI4U4RBRce0WQl_lFtmSuQdNcVTkVuUjvIvDhBBSTltWzmWWOjSUXmVdsJbBL1se8AHvV8nQxzO2Q0pOtM5kE_3w
1573,ארומה,"הסתת 20, ביג אילת, Israel",Aroma,"Ha-Satat St 20, Eilat, Israel",ChIJL9NO6wRuABURwub60euAJbo,4.1,,places/ChIJL9NO6wRuABURwub60euAJbo/photos/AaVGc3nmY3M6h_Us8BgIoIesDoDcLqeU92evxpB-x5lmWm_a-Z9ypixmBehvQH-tbRyxsBG3v2hPCpPCZmrL-lEuHaIUggaMt3mUzC2AwwinTgbzjn77WkcVZAuTht-anb4-S2TBJTq8FiPdItZEuEAT66zaT4C-UoR4zTQ7aSQDWQGLcGwzSxLv47dpq5Lm7FwYfCPFJVohia_XypPpLw2d0-Gw0qRHOgOm4BNjAQ9LF0klRr4fZmXw-0mSIfy8B37JrQ_bbYXX3xN7ZqYtN3OqgMFUKDnUG61-XN9xyEtEwKdY_9blbDM4R7aNH0TwMD7ZNl2Uyc6vG48d5YCbCI0Ihmc3T5i5UiedGu0jRfpPnNFYkDecWfdkpQ8Rjgfv3EWG_lAqGtDQOIgAWgmZ6nQOPGzYqqj9EzM9PsR4uCagY8LuqxM
1576,מאפיית גיל,"המחוגה 30, אשקלון, Israel",מאפית גיל,"Ha-Kerem St, Ashkelon, Israel",ChIJmXDV722cAhURPqMYdjLxepg,,08-675-0541,
1584,מקדונלד'ס,"הסתת 20, ביג אילת, Israel",מקדונלד'ס - ביג אילת (כשר),"Ha-Satat St 20, Eilat, 88504, Israel",ChIJwxRimG9vABURWgWZ_DxoMz0,2.8,054-336-0239,places/ChIJwxRimG9vABURWgWZ_DxoMz0/photos/AaVGc3mQbkOa3hafe7X6yfkQ8Xh4FkYO9cLA4NqGKThE6SRhjoNxGJJ2GskZg3GwPuL1wXRE0PqaIQNxfh9As5_NyDGY-V6Q66Pywdm3CS4yKeXNJ1vKNYspWVVwI4fUGvgn5Z7SbKxNrbmeWuib45YA14EjuHidUsyn7jYTg1oImnMVoQrv27tNIMTR0a6fLU71YyiBWxWwd5WBSQGeNkZwUeHJfN46Ho1roPJSH-cgHAb8IlzsyixYUnR5tjNi1nfhlcn-AFJyCBLbcap2rMDAUN0SxR93TvDzB2zfxub7G2CipdSJjGdSvDFZYpYOrYDfGWN2fGzON8PlsozKmsf3Zy3J01369wxnv637lUUw3bXQcDuzRpaO8Tzvmy7Ype1tPWhZ1NejbITS-G3IMh8VtNMyImPI7trTg1ojsiqpIZCyXiE
1585,אלוף השווארמה,"אשדוד, Israel",אלוף השווארמה,"Menachem Begin Blvd 121, Ashdod, Israel",ChIJ7RkXE_miAhURNA2OiGJMClc,4,,places/ChIJ7RkXE_miAhURNA2OiGJMClc/photos/AaVGc3nh0BxYD9I5cD1XU5EF09jEExsdzk8_BpFZedGeTe7jT0-iUfLstP_oH5_QO1LMahb06jxep_Dz36zdlwL0gt5Co9QbthorTm6xXeC3FUZuUX1sIm6ud2--Owe-twORNVy4kHU9I7-9XDFLV7EgTLcerYK1hyJ5IzD1eGMEClFlTODfts7-pwgFly2akLza84OppbEc_2feTjdyXHI1fk-9ZA1G3tC4w4soRGOYx0ePxDhTxMWRjhW9oQWICZWcnn421vEFPLvpJOP5IE-2S8WHW-eYM1BcJFjJP5DRZO5C-jUNiJFpS52wqxTr1bpzH-hAg6AJBgzxuPGwYwN4kg3ziCNwX9YyjOHzRVu2VAZVO8Yni43UUF58vTNOlLiTeKdczt7VIt1ajshrGyRcrGaXix3BySx-U_4H2CIsJOIqSA
1589,אצה,"דרך הדרום 3, קריית גת, Israel",אצה,"Derekh ha-Darom 3, Kiryat Gat, Israel",ChIJd9HYNn2RAhURqKXz1uR9UeI,3.5,08-660-1330,places/ChIJd9HYNn2RAhURqKXz1uR9UeI/photos/AaVGc3mz7ZPDomuh-c90cGk9BRWHS8lt2RWjpbWyQUIBc_6pXWA3sCE0y6kyZy9y0xgfmnaVtKtj5p0LPxVoBMLP5YpCMP_evhKsSNYdx78jcuEl8Q5-ikdeRzS2gFhjI6xGuHyH_A6WOHtB7eG1QzqYKGDZPZXUoCKh5oRhRA0Dytg-UZEk3o1huIUGCwQOG35OVUIRDfmIv3kvWhOacC0BTzmZoAmoKh5-zM6ADMdi972lszSosDNw2-LcTh0jP4dSiWBDdwUJFouzGmM_mAaBq6xr2GBX0vvYKR58SRxpwpGW5ALJ8tWfB18efx0GGaSvoz3xPGYzeIMM6lS2cSH-YKfYL5RvJwflH0SEzo4TjgJddkbyDQX76CtC1Mxyohm7mjkiyGxN5r8r4duUmjiKJGdXYoCH6jFddm0AYtJYmer-qQ
1597,פיצה האט,"ז'בוטינסקי 45, סטאר סנטר, אשדוד, Israel",פיצה האט - אשדוד - סטאר סנטר,"Star Center, Jabotinski St 45, Ashdod, Israel",ChIJWymWwgyjAhUR8vOA17ozQgE,3.6,,places/ChIJWymWwgyjAhUR8vOA17ozQgE/photos/AaVGc3njBehp_ZKDE5fXOCQ_pV9TCyJwHM6BefaACN3ojINBeg4tDItaL1OmVsBDtIelHcjMA1IwyoEr_fm6VRyeL-zCeXW4BDoZJlZ2BzRe004yRmWlBScvlsAmBNmdFAU2aP4M2rWPPAOPPrj8_LsNPfTNa5QsDpBOZvlx_EzQNroR6sz8XDjUSV1pEJDw_oq-rkwV3aZGtHNcfdjZX5bFcKj7YfbRQBI78s3JvW9qIV11rk2bQFekUlRzVEjmL_h6zapf1SggCX3hYifEGQSgxPtKFjVfWgHDrd12cpLaANMxThBXQp5zt0R_m3DAhFy0yTUtsQ9G6ykMA5BtEsb6C7zuadjHYvsOnf4X246yIxI956D0BJv2w65LuEa8mH37NlfH_8w_QUWgxk3lnUcv2Y5C9P8xO8J6VeiVkvCfoPXPZQ
1599,מעורב ירוחמי ירוחם,"ההדסים 95, ירוחם, Israel",מעורב ירוחמי,"Ha-Hadasim St 95, Yeruham, 8051641, Israel",ChIJPSvmQxw_AhURn15PmFpzFI8,4.1,054-624-2089,places/ChIJPSvmQxw_AhURn15PmFpzFI8/photos/AaVGc3nkYz_aqgLn52LHc5DIOh-tqffno7OE3okBqJGHs1AgR62BcPhR-i1EhUDX0pEgxInodCE46hVqRD8C-nrP2Ifg17rrSZcmjmrPQVjaemFtUvC_bWajdbP9OL88kbfmVggmIh8Yiu5zUC6gCbEpBqTy_8NghcUgVfmc_wjWPVtcVVx70c4t6OZjYMJmhvvfUuTk-z13B7JiA4gSnOgHSCDTQL5IWAFYO65cyNQDWDUdwiJiXGDreeKH82sUI1JJe5wcbglHkHDXfiDl3gl1oa8nnJSlTWejNISUVQZmPrUFeLWfQ1GIJ-OltTLD6FUAxbUNR39EdmvuS3xSoN-G-IJwnr4Qo840wl8LHkJX7LI3RsvQ-UlMWWASiAlL9wumzPgUNzWOARd6iK4bBo0kY-OAdKlryno0NNN6uR4Fzc9xqcg
1633,נורדאו 24,"נורדאו 24, אשדוד, Israel",נורדאו24,"Max Nordau St 226, Ashdod, Israel",ChIJ_0QDlqCjAhURFoUvB1xAoOY,4,053-937-5449,places/ChIJ_0QDlqCjAhURFoUvB1xAoOY/photos/AaVGc3lgK40Y9ReoRHOsxRE1ae5PEGZfPZgPCsRf0ow8uAyB_5KfS1GJ3ePADVk-wSZG1rfYZ9odQNY5eBq4vZVf9fZywuOx2prAZrDZZdjeLB0SnOV19eBAl69ZVWyEDgfhAygI2lsfWddz-sekATRkgQ3JNl4Rk3vZ_49KD8yLRZ5vFN6x1jf9gRHGVKlaCJsjfE9IBL-23HoIuEHXjXScnnC6oL9v_78uLiTXSkZUMnu5awJ61u9d4JonS-u5ILZiPG8YKeyNv3Kgu1Yf77Hom6TgyDimh1TCMb29M5So9DrTXsEVyvxxSVzxX3GwlanneNlMSq1lwDUo-p4Nn4FGf4HUTFZq2qenyd7rPRdJ4FkIvgY-O5gf--F9SNLPLe5TJ3wr2QHmW4n0PiINHryZ0lXRNanI5jeMwys9Qly6XNTdefIo
1638,בוצ'רס Butchers,"הנשיא 4, אשקלון, Israel",בוצ'רס,"בתוך אליקוס, Eli Cohen 21, Ashkelon, Israel",ChIJdRZtDCGdAhURdCFxgFJUaT8,3.9,08-627-3348,places/ChIJdRZtDCGdAhURdCFxgFJUaT8/photos/AaVGc3maG-HPOLoXQ0OMxq5rtn_KnoaUSfSr7hHR62JeNGeIRC3vGSYGEqxEXkW3KQFga9Gjk2IwT8tinVYydnScOgUY0Zz401oB_sjA1StNolW0njPVHE9Lcy2La7n_HJnRgmmtK-n4pY44v7EqPYBCkEF74h-FOeF2r5A4Fcwmiqso8K0EDDkG4XOLiQ8sw5O3Dw2cEOn7FMpfMjz-t02j7EuT9SI2QCnwnKQs2j9CNkhc42ezTSNKDWbzgXE8LbSm541md9aKIF031lJrhHpo1areQSTycFL9OegEcKQIhevqJPXNKj-hF1zha1rx-mM8UaDO0rHkwIADXxjfpRFrl2F8391l4-IAzm_9MzNwUexTVQ3xbwZqmflaYx3LewTTm3_zANaNvezA1CSV02LeG2SXPU8FwMHjFBxBrZYyOewjmqLR
1642,לה קצפת,"הפלמ""ח 20, אשדוד, Israel",לה קצפת,"Sderot HaPalmach 20, Ashdod, Israel",ChIJLZw3zRejAhURh-zrGpx80SM,4.3,08-644-0439,places/ChIJLZw3zRejAhURh-zrGpx80SM/photos/AaVGc3nNrTc7wN-UqECG9_F0_MMHLDKtSqqSV8cXZ_z7JdQg44EBS4IrAqGF5_Bj_UF4zZjud3f2qUDE1YUJ9ilsq6Il_h3-4nXdo6psiXOfd82Q0vNrsy6LV6IHMv1_ZUGTsdc_D9isQPvzhVmPPwIz7pK05cFpY7hneTRgp0uag-4FhHBVurfBEfUNvCId3QQNM4HyYwTJIIN98PGXfMDylYeNj21ICh1QrvHWiP5-K2UU3dIzbpjAjajQZ3oRWkr7T1ltUB7b2OtfNfU941UBDgXVQsg_QCO5Ihr--sfZDglbBE5ttOmwsdeCZDN2b0Uo1GzKA3gPVO0ZpJBFpuE05XcsGWpV3nMo6hA6QRmSSblA0rZI62HBHPtlP8v6QrDU0xGcOkSlRd2uW_nENBS8WwObCdVBnXreyO0nESeLkQ3rEeqn
1677,מסעודה,"שד' יגאל אלון 53, דימונה, Israel",מסעודה,"Sderot Yig'al Alon 53, Dimona, Israel",ChIJqUlohXJHAhURPvi7Fk2pxLc,3.9,08-685-9533,places/ChIJqUlohXJHAhURPvi7Fk2pxLc/photos/AaVGc3nlAYc6MhMZmnN3y68WybWDJ_q9hF-vDTdy9MUOmMuQy_5qA68RqemF6Lvu3ILEWYZIUgNrloUGV3lhduLngVujCQN2o_FsLX_E_FJeVnGrlea3dQBB6hKKzYIfm1l_1L5LJYic67xb03BN6RDqZs3nAxlsEBt601-P45J1g7LGrHEVYhFws07e8DxX4eGMA4yzxOUSxh0h-K7tjvpD6Oc2Bbsl1S9123s-KUonCG3gL4-XWnwRbvRSHAaUwgCVRQHeaOWpguXSZrQj92Vt60PbCBhpmfEv6mHQIL9qayozybTQ1O9IOOVYB7nozXCe_Gyd6zFk_r_Tt2dEKL0n9ScS470bAofNQKPX4auCf1PyOR4T4uLqvXWt33PCctxhUGbkRUhmntIQWGnl9HqSd9hxISh-VPFRG8lGoC23GDIQ3g
1679,הבבון,"וינגייט 1, באר שבע, Israel",מסעדת הבבון,"Wingate St 1, Be'er Sheva, Israel",ChIJt55aLFFmAhURXhL7DDsvj3o,3,,places/ChIJt55aLFFmAhURXhL7DDsvj3o/photos/AaVGc3nA8JJ3OEAfM-WEx4ILVC3VvETJkeUHQxMqEnQ9bruFaM2kdp_j6S830Dk76lJx1Clm77mLXhKbaK0qmp3AZGqh2rPauQu3qVGZ2IK6jgFGN4clmvIfkgVOenF7BUcGNl30Degs6KFKvgEmSH80Bygv7C-8QdBeja6EG7NS5vZJQLjnqTRu7XBsgffpyVWRcqXgwaodKmBjAYe_AvtM9BhiNe9z3xsbV4Ob6KAFtmN2zkRZYbg6MEiFWsBFUoFcZGhHzskgi2s6sMyrsxmcUBrzw6b2oRy5QdwWH1UGFjyKxsXoAGv2l-Bl_ejI7aGhL9zBufdW7vRmlghduWRhXCL-0o7IPLQJEig-WCtnxHwHcqXKhsq6DiO8E5eeLcbuvSpGO8ZjGhcXJAL0AWfCFsWeKlgsdhRK3L2fJ2klMIcRBw
1689,פיצה ריבועים,"ברל כצנלסון 13, אשקלון, Israel",פיצה ריבועים,"Berl Katsnelson St 13, Ashkelon, Israel",ChIJDVEFc3CcAhURIxRN4JEAoLo,3.1,08-698-3383,places/ChIJDVEFc3CcAhURIxRN4JEAoLo/photos/AaVGc3k1-iphkAL8I4TnvogMdZcURi8bMUJJwC1KCW3YHHecU5BkZ1xXn_9UfEsr3XFGGat4Hed_-sxann7uw22x-xESUWo5IAMRH5LwIKb6kyYO4ea6kPso6p1s_6fgcxrvXF3MeZkiSxt8hSvAyRQbEy1jvpthsUlhRrOu9ZNTSVkv0BGXomWbN0t7RUxXMScEwwn-u1rByXXEIkeAy9gQM43dVk7iMKjuECifTZ9QDzl0D7WDGyMHTJ3WZlSa9wbMnkrD7mZeRvpB0EaUvD_XTFqIXBCQmN2e6HJVahuuG4oGoI4uYx2KIt54snSnoXm9oiiO_ShKHfg78Gb6WRKP5_Prxu6rc4DO2MjxT2eaqNcvqHlPE3Vc9zGhKLY3eX0P6E4x0kMvYUJLXjtDYGDdziT9LmgF5RJQ0dUDW0plRbwgSQ
1698,פיצה גבינונה רתמים,"רתמים, Israel",פיצה גבינונה,"בריכת שחייה, רתמים, Israel",ChIJi_P0SUsTAhUR7n9uzqTbbms,4.7,,places/ChIJi_P0SUsTAhUR7n9uzqTbbms/photos/AaVGc3nvWcWqzSwjQr4gPH4OMBtUmYVEn7S0vTu8QfRZGRC_s7Ltc69rpTHvk6H-3_shQ3qcBa4zJL6Aq_KpJKc_wWdf-4rGywdmr9dEVvKpG_8wxD57x35NJG9o1sZM2oUxLyW630suzqA72bcaeOUnDzn_BSSSK0j3xvjrpxVW0BqqW_trL5_5T6fNikOgNZC7rE9XCwEzkyrOpim6-z3HzfEWpmEgnnDPta3bAW9kPbKppvcMZ2lKDuyl8nTq4eGXxLxYr1Q26aaCLvAPMRrblYWG818qmL8O7-MyMFAfJICiTr0h--3PlH1-NKUiqjL39Cj7vDYX6clwxNkIeaiMd45BhwPlVvKcyEMVJ0GFipyKp4LGyZLF9HJXNL-K-lwpLyEQ8lMQ0IlRrGohzQw0JriR8ROtWNz949vjGxABD_9O7w
1722,חצ׳אפורי פלוס,"מונטיפיורי 3, אשקלון, Israel",חצ'פורי פלוס,"Sderot Montefiore 3, Ashkelon, Israel",ChIJRZxr1bWdAhURvtJA_5lDuDk,4.3,08-992-6977,places/ChIJRZxr1bWdAhURvtJA_5lDuDk/photos/AaVGc3nAAcPUZqT5_cXyfHQF3h5t1Uy0HNjjd1-VBKk9SD6OWzT60yikbVNfz9xohCmm2Uf4upzTkA4Wtkh7RalgYTg8bgnXVMHHvi1zbR5fMMTIzsWU8Uv7KZrjdfVXwxWs3cRHboIbXR6IJBABj1YJMDVWFVdCR2cuSOXu42zbk71YIgDXMeJpqj25J7NtXjmCd6pVvLlPLwg48ueRRKJ-mMswiMsWtiftiXWoqoqcDypYfK8YmXag5vcvp7aBMxpyFBQVcTNPs0evdViGVukuj16qFLy4BYTkwkBUaKJY9ZJ6M45dObO--aFOZc6pYHSEIbzhbtG2FR3Ahrb0zPsNOOjmsI4GKRLTfG1XqtdVHO55BYKkGbAsBj8uNLHc28QLbPyLG0j5ksi571NsswHpwusP2Gxj-l_5tjU_dISKt0YYLQ
1727,ארומה,"בעלי המלאכה 2, גלובוס סנטר נתיבות, Israel",Aroma Espresso Bar ארומה אספרסו בר,"Ba'alei ha-Melakha St 2, Netivot, Israel",ChIJEcE_Cth9AhURmMVnhTHQwzc,4.3,08-916-2522,places/ChIJEcE_Cth9AhURmMVnhTHQwzc/photos/AaVGc3npxxjQFbI9EHGmjYQDHf0dbMCDR2zlKOD3t66HSxmN8hMUXbijstxOvJ1u5Z00S0DVmFw_yrOdbumgTubafZpshzIcPMbvkjaonYG5LR879D0yjIXz2gmwpEb80suz6wOISngcUgkmljrM4cHmDyM9Y5J5UhVvo_OGRynfhyQbyEC7TCxRqIJTnJXzN2qDu_yLBUrjj5VyApKmoroAhBN7-ua_VOd5EOFA9WM8mQfesvjzj8YEeznkGeB6uChcrACiFoxVImf0EG8zLaFSB0EePh-HDuzLguKRSDqJPha4hnpOhQm6x1LusnzHCbebI5l1c3MWQB8l1E-m1xLQ0SwM2afBfH_jATUmKzt-vJk5QH-DxRIR0ig_bZO3rkCi40TYIwdcikD57gxETHOokLci03TK74iOxHjMUHXKcoIg8CKV
1729,עוד ביס,"שד' התמרים 44, אילת, Israel",עוד ביס,"Sderot HaTmarim 44, Eilat, 8858510, Israel",ChIJd3TLP9lxABURQX9K-nnwAKs,5,072-397-0181,places/ChIJd3TLP9lxABURQX9K-nnwAKs/photos/AaVGc3nOCiJo0E8l31upvxk7MxymWL9UW2Obx8kiGxmsDGE_d15MPtrA5Q5ZrTyPPAHN_HvFgo9F2ed5t3jJlDQ_Zk_Gt6-ma0OjhQJd7-we9_iFPIpFhsEkmobd2D3cJ4pWCQypHyrLECroVQYv73EdngxuBufvasQCyo3Uo3NFrwPOZYUXZTkknxOS9d7z6hEJJ9LJy9fMgtBI8E5DFI0Tf-PWjf1BD_9bbkBcLJ4wKb-BQsgFZ8rP0f7NNaJHK_2aZUxT3Q-Hfztkh6N61OdHbcal5c7aHZyE4xuli4tWqoVi5E9w-Za6FUxhGy7aRT4xJKF8i_vaoyhYILVkYbwiabUspwm4C9WRLz0P1fUchyR5meb3zsdrw5ZPE-II9fpzq-Tc0eRNuG20RF4JzXWMyWOaL7fg6i0uUrM9y8_plnaxvA
1736,תענוגים,"מבקיעים, Israel",Tanugim,"צומת מבקיעים, ליד תחנת הדלק, Mavki'im, Israel",ChIJK6t2precAhUR2XrgPW0tNIk,3.2,054-911-9505,places/ChIJK6t2precAhUR2XrgPW0tNIk/photos/AaVGc3lagI5HDK0eUFUfB3l9W3iJe27c2i7k-SysYeuulNSMcgrZ1BK99GLs0C--O2DYHPfr9WrB0YwyPfGi7cAZRZ8krVdqFqNWVstvJT3r4Mpcsr29ne4OIszhJW5zhSnEyQoTJVf1JkdAOUMgVFm9AqXX2-rjbHSBT7LWvBJbfllapRBnK0nK_aIFO-mGOKx7s5ERqrcbaAJ7-yqicQDYVgTkFgNHA69EMgv1ydQESrxWtt4sLw8nmoSvG4thJBv4dc-n74CggxrnOZGV9EaoDw6NqWOAtrmJmA9ijhhcF6PRJxPeWiZRTraV3XWxyLYnMn4fKN6Xfb25jslPnp-Id9C3PEHiMl8J0gqko5u6vASDkb5K1JVb-strxBxUW96BH2KM1WniRHzeWRhmw1oTfw87BoE1INeMVfogBkE
1738,XO בורגר,"חוגלה 25, באר שבע, Israel",X.O בורגר,"Khogla St 25, Be'er Sheva, Israel",ChIJ41CZJw1mAhUR1G0tXvhsSqg,4.1,08-998-8228,places/ChIJ41CZJw1mAhUR1G0tXvhsSqg/photos/AaVGc3k6u7vOyr00BW77Jt1t2_Z8jDM9v2Bu0UfhtwIAM1I-BWAX1rzoWrIsqXqqC398Wn9BdJD5GVS6Sbl3OE5c2ewJ5OXC3vUcO4wBZ5wsyf3mEPooRI_apSS-4uOEa9S0C52KOuZJf6-Ym33oU7I-6EXAWDpPYrHQ_sQA5gAOpuPT7f6aGIQqS7LXKpG6XNoh-gsAvnVlxnQnvI_k1JngMN3GpAdMYsu-xxqzPksKF7ta9dkOzDA4sjneZJXGsUOwlWgMC8HIrWVuvK1sr8W5x0TEQSdJaL44WX12yn8KQDyCr9fZwcs6OMG7cka8SFuqgbgpwh6tWrVpWE4DCl-KaNUZDDxK2-YXLOMS_LZE8UOOeZGsi_pXi2Om1PMTbFr-Cuea4m238bEN-qrmDRSocfp_svcSGUEj_USD3C37zUtwNuQQ
1752,המאכלים של ויטו,"החרש 16, אשקלון, Israel",המאכלים של ויטו,"HaHarash St 16, Ashkelon, Israel",ChIJBwSIJyedAhUR9jxCXICB9rw,1,,
1754,רולדין,"הגדוד העברי 6, קניון סי מול, אשדוד, Israel",Roladin Ashdod,"Ha-Gdud ha-Ivri St, Ashdod, Israel",ChIJE2qXylWiAhUR1mhty3JsJ-Y,4.1,08-853-6612,places/ChIJE2qXylWiAhUR1mhty3JsJ-Y/photos/AaVGc3nD4xwzD72yIDQe-o-2ULBzA_Un95vcw3g1xFY7AvG61L0NB1P-ja425PcC-oIwLljUhBVgUWG3-b6Nwz4OnR0HB7pRsvGZpJsUT0EJpZ2JP9bFxlarxdYIdT7-tSeGGhTXDqGB_SSIVTDAtzmFNEZKSTLrAxdP5AfYNkQnvIhBaGZjK6Nj32jQJbUrbQARZzUJsjTVewe6pd5jzg1J59FSYqc9HPy_zvqvaYh3P6UeryyLIUu3DtYKnGWRFhoFwVgDUpo1z-gkDDttX5vnn45PJTmhcQ8TqXH4xe5-s2R_bPA2ANa80PNRQ45SAaeMl_vSWfbpjrBYPd6rJTEtqVNXg4REfx_LURogzY5cSc3rqL4SbWCI5PFXl6hnv3UCtYv7K38s1XY_t0eEL1itff3OTuh0sVQ31K95dvnjtK4
1757,הסטקייה בסומסום,"הרב הרצוג 5, אשדוד, Israel",הסטקייה בסומסום,"Ha-Rav Herzog St 5, Ashdod, Israel",ChIJ6Vy2kwCjAhURKJHgeB8w2vU,4.2,077-330-5337,places/ChIJ6Vy2kwCjAhURKJHgeB8w2vU/photos/AaVGc3nUHCZ65JpBK9QMMCkJybe6uCpoHWaXB0UORUpgV0L6VM8qD2eEsCESVhNhW97UPmiy3q_37f6lvTI_Jehw8qOcGt_dz2zORO-CTSMzOOE-phLx6EtL6HmFeE6WAsII8EZKNsa6QFA8IRuy7iXHJ4yW4JkkgCHNZVP411NiFIHWbaUry558GbLblgOJU4YhtyFgrq-XzORIyIakl81hdhXSz-SjEVjz09wM9YnTJcrlxn46iO0FV2VHxsqKckK_5cCbvvCUdeL0kxreSRoml7r7Q_0fKocxW601jtHo31XP7h0XIn2sTARUjwkJwygyuZPUgez_2I8CFOQJIGE8--g-VvZPc1uLv3D8RyoQch6ztiP2cYmEBs963nvrR6zAVhDkkHdUguaJY2FcX9yC90o-uHA1qvC_DIVe0Z28KE7q2Hss
1760,טורטי בר,"שד' לכיש 33, קריית גת, Israel",טורטי Bar קרית גת,"Sderot Lachish 33, Kiryat Gat, Israel",ChIJeYj5yG6cAhUR1s9yTzSQ-gE,4,08-374-0012,places/ChIJeYj5yG6cAhUR1s9yTzSQ-gE/photos/AaVGc3mG7StRYaJXTwnMnu43kbLHrVsg3zqI-2jncQMI1AVyT0ckJFLMiMfNLg6jd1dx-SIrXWI43UoLhLUlxF9dMvU8S_MPGQwdo80u2RF6_Q93FkhVyemc1YLuKbYj3erQuTgF__C7nwXGOzokptIzgvrafSV4Ghuc8mQyB-F6Wnk2ON6g8geo1xsv_x_C6LmL0iYo4yJE-YwDJ1USFiRMz5ZpCR7wSQfZSK41zObiZcdjkG7SJh885A2vsynxi3XsO1hCG4hFAixf-Mtr9KNj_dCEQAsLtrzacmvGy1kHUPSRRVZvgnn9FKBa9ROs5XaxaBUkmY3uiWaww2Lf71GmhNal0y_R7fJKYLTlRGIXGePTAzH9_jrJBWVlDEeFhLzzPbKjwQ5ZyZb2-_TB2FcNjOoEM7pMIbzI3BreK48o_cg
1762,סאן סושי,"רחבעם זאבי 4, אשקלון, Israel",San Sushi Ashkelon,"Yefe Nof St 27, Ashkelon, Israel",ChIJPcefK6CeAhURPTvozHmQpFc,4,08-850-3311,places/ChIJPcefK6CeAhURPTvozHmQpFc/photos/AaVGc3kVvIhax7kIcj1l39CW1I9bdL8GJt1YRY4m9gY8Ba4Tw9pvXUkuesUHyhIIXqqTk2s9dqu1K6tmtVH9wDulpFg2QjmwboXBj9lqqkV5OWY5OuTWRl8evsqRbdgAF7wPk9zUP36826QSzpUEyKETDak4Cz4Is6WrOXcLqkR5wmNAgV2qxxFRGaBKe3LiBS6kfIYJ-OkrAyUeQzk6T432vYmhCAk5OvfSUNbm46wGRhBZaLOOB_bUCjWEWispes5M7PH7g5S2IbM5lWFLRRta2dQ613no1OlEX5j2g0PsKsYg77SgDEAj71aC4BlwlS_9p0nhzNV0HwgOAlkLeczhlrFhN62YWJZsPhzrkTpXEHGodSZj1hRsUtBPGwxemh60YjUKOpiF5qvl5fr9Usn4irAK-bmnM7-izrF_u3Q
1770,השוארמה של עמוס,"הרצל 29, אשקלון, Israel",השווארמה של עמוס,"Herzl St 29, Ashkelon, Israel",ChIJ5Yv7z3GcAhUReIsi5zJ-57Q,4.2,08-675-1024,places/ChIJ5Yv7z3GcAhUReIsi5zJ-57Q/photos/AaVGc3lMnUwFqBZnG-OEw_GeMqqgOeAJDC8o6Ow9KkhxKtbcwTw11oRsCvEGIuz30zi_qDhfMgDFhEXbIz1TPcIlx5EOBLplq5syDvVrgzNzK3XgS5JkmYFUblgUy_3DC8RAn-8nejJCyAOp9n59aZ9p31vluvWvYbI2zz55mk1yHrJ7hXaiufcDOQHOh23x3W96osgKm30ELTqFIdEIdPrgrCrtDCpYsPcAz9FvhYLaE2xAnYYXxwTSjj0Cirz3Aggj7YLohUNrGVM1-VDfrjUUGSGHHWCWYVhhJOpRDTAFG8HHMXrpOnGCWuOdlmT9xQ9IGLGLxHEUiOOYhfoi-SK_efu6qclNHAUCNid6aE2hpnzdvBYmh9cIfybP4sIvf_yCzW0T6uBDwRQx8mUXjl_4v3F6Vg1Qg9siu8p5lkUMcZqSRA
1774,בוארון החדש אשקלון,"צה""ל 4, אשקלון, Israel",בוארון החדש,"Tsahal St 4, Ashkelon, Israel",ChIJ6RoYVbSdAhURIW0MIWBO0oI,4.8,08-996-9908,
1789,פיצה האט,"אילת, Israel",Pizza Hut,"פנינת אילת, Eilat, Israel",ChIJq6paN_dxABUR2oh904diGUE,3.3,1-700-506-070,places/ChIJq6paN_dxABUR2oh904diGUE/photos/AaVGc3mgLrKs-qnwit2yFJbgJ6c4qrETq-T8O-yPZ0B7w5t7bzenbUnJw5u2bfyhDtA0SEGkfyPqciibPuyLUEHP68_iCwZeBmsF43cL5Ns0qe-7mu7GRFPpFDBBgVFjPv-8oQZwSPVCLHya-uaHF3MHKeCzdJZmOhgoHw8scatw6CcjgP_U9tU-u25Q8HqYxjZqqFs7PI9M7K5a8fG9tU0h8NQDyCqnDco7xgbQBL4deibEKLP_wjGArNFfXZ4u1Q-pkfAc54Oo63WwW672vPSZoemMsiaJVU7Ke_aPTECXlXqKUQyMzltJH6yZDzbd6Y_iwu9Mre-aGzjQ5KQo86TVtwqENTlKYV843IJAyJ251fQeBmPhNBGbbKKEHHiVu-4eFfcTZ_47KtHoGEIU0MYn0IKn5G09ZLxVzcSjX6gz9Q1P20Di
1791,פיצה בר,"שד' ירושלים 1, נתיבות, Israel",פיצה בר נתיבות,"Sderot Yerushalayim 1, Netivot, Israel",ChIJOR4gRd59AhUReIA95g-LZNw,3.6,08-994-4454,places/ChIJOR4gRd59AhUReIA95g-LZNw/photos/AaVGc3m4b_IkanpvyX-tziyyaUVaYn9x8Uxd6cXb6GRRrLPtbPoBjSLLnGSMSGAXSlIlXvjaEVU2x4ajPtsmnGGadxcP5owqPHPruHxMMlWDubiYXreKjFzvTSaqFu5qlwTcOP67EPXiXnhH-Jn4a5azDQHpb_e2yYqrv__clB4eW4FRuRaLJ0Cwm_DeJxIST1uUVC7CW4xokKoDV998onQGKZMrinC4QuSbqpsSaX05le_cfHKUw_MiXX-3frkH7fl5EbEZxlszkWE4kcBTne7KcjMj00CaI8ojTIVT2fpu3_LE3CUDNd5CKZP8DeL20kMpSQpdkFM09C8NilkrpmFOrUdbqob-T44bFcdnJh2d5mTfc_gPLhRT-_W8Obua7QJOTgCA-suIZjA1AQ3_CQ4Hav8P30fz3mY42ZqZLKN4g7y4cg
1793,פינה בים,"הים 4, אילת, Israel",פינה בים,"Ha-Yam St 4, Eilat, Israel",ChIJ2Xg59eVxABURvei85gjxjUg,4.4,,places/ChIJ2Xg59eVxABURvei85gjxjUg/photos/AaVGc3lxwBcKRnJY6un2p6OBRib18fMpeLobVzegxQq-h_95GN-FSwtTnjUAg4crAsttswugROHvr-nHZc8sXu_Sfd-Zhzm8SeE5MXUDapwBKlWGSUilTAIvY8Ywqk7FfHa2TB0mQsWcYlsc7Z9rAjxQhkHDaPXyMdqg6Mgff_xXursbN5stybVmEiCv8gfFyf0-9afC2TXNkPto_aHWOXTMDsS8uWvUCnJphvRu_wsQDQygAKwjT-TidK0g9-mQy4GhzMXVcuV1hzBziqPGIzacRet_XAqPynBfxLpM8mkQQifUQkWU6lgVe-02c7TvVwb6z-ZsmM4TE_0KayY-xB7Xq4UWwxzLNgCaCmLQ7-rPv6TJXw5W2xdoMk3hADHCPKJ6r78IC2DrspC9aP2RTp3vouzkEfhUw4FhOzBpi3TuS_r6jg
1801,פיג'ויה,"יצחק בן צבי 10, באר שבע, Israel",פיג'ויה,"Yitshak Ben Zvi St 10, Be'er Sheva, Israel",ChIJxV255lhnAhUR3e6_hc9GvLs,4.6,08-922-2150,places/ChIJxV255lhnAhUR3e6_hc9GvLs/photos/AaVGc3mtewRYOhXzQhPm_d-sC6Nn5UPSrGWGSOEx9yjnEX1a2lzwJKtrD2gGqz0LEJz97Ku9LE0vxrX8iXCH--_lt877EBhNHbhZJGfnz8ZgeH8iwMJwK0gbVVSLwgrIJZeLcrxvxn2Godkr-qA8uJzxvH5kr_B5oRphCKRgfnchlS4XqqaOHamyoS5_S0IgYATdItRDkv_9azgdj8figKpHfIeD0-HFMq8oY5LlyZIQQl5Med1pYIR7iYcOxb7yn6CF0I-4YXS82y3uhN4huA6N5e5cWu2QArX8JwdFhJ8CRFF_GyRrcx-GkTIy30g6lTjGoRVrW5QKQpTlE8lx_vFlBM4ZUbncVB5-SJpppTHR9251ptbQBasT8OuJVSyEfOqEvvxFA_a3AtAwZ0BC3PZx7sQFQHyRWSCNqPPenZGG_gjIjz-m
1806,בלינצ'ס קפה,"יהודה הלוי 15, קניון לב אשדוד, Israel",בלינצ'ס קפה,"Yehuda Halevi St 15, Ashdod, Israel",ChIJ-5im6QOjAhURsJtyGeRjLFM,5,,places/ChIJ-5im6QOjAhURsJtyGeRjLFM/photos/AaVGc3mV1PUXcL2PCz3JwP6gMrFsfyGBTlhw8G6kMCMOT8uryrbnF5Wq00ZKI2g-IFyBIC82UwI6POf43RrVmyBoMUvEkATkKorqXCr8GGk9WHeOpXug1_KRCgmw2ZWEnCnQqFIU-sayKwW_TVcDhEwFaUTVia798Ifd0NMlec2vQrK7uFsUpXdPuHKDCXr1kKBL6uowgkIyNskKLRR29Gl1r_3iWDZMDqkdC5MpmQwJ2i8zQwLMzHeh0hWM0Nzax-OHxwYGaHOI7Xl46zA-yzIRnMhsz-5CRZwE_LA3J6kVYnISVxuei9YMrUHCdcV7h5GE1qzGyZYlHarghV7bHhJRa17R6cVTuxLq85l3JORIegRs5qyXz6thkU4He1H0Senhad7ElPSn4YMOFZvJzFx-ywQrApZmLSO3Vfgm70dmKSm7_rYP
1807,שיפודים,"האורגים 27, נמל אשדוד, Israel",שיפודים אשדוד,"HaOrgim St 27, Ashdod, Israel",ChIJg4zIVmyjAhURddFvAoKMioE,3.8,1-700-700-026,places/ChIJg4zIVmyjAhURddFvAoKMioE/photos/AaVGc3k0KnflkXhg4KYQqvzndVosUZXu8v3caBOn_GeqHLnjGb1LxS96Q7c8x9Q8NZFz9kYaFLMpawwE6RqwlA0uMMob5FUYpqKCkSDQa33_4DNM2u_HGRg0rS6UXZk0GAGzG6-tvnedoNCrjrV6gRtQh_4WDYdiC-Cxn_IPsAswfF0lkNstBNMzwvMVlqzoUdsJaYrzf2TRAoOAIHdcqT3IHAlBvVzr2rbiCPnxoNFrWPUwwAlHNfDSsL6G_s9rfkiM9xEK6zi74yPHjcciCdD_f_pmKDIOzJZH_9V5PMZpSeewcpqWIhZZuVOreJ97WVSP1d50U0dN0UFnbBhtdIKcZ1Dx2boUN9mPJUNVg8jLrHrm-BYsCv6YSY5HIHd2YyT07P9ales2yzKLCZhFuu0fOpi5qvg7QCl6QdXSZ9ttydvfLA
1813,נלסון,"ברל כצנלסון 13, אשקלון, Israel","Nelson נלסון קפה, מטבח ובר","15, כצנלסון, Berl Katsnelson St 13, Ashkelon, Israel",ChIJSSx9cnCcAhUR5OBzgr8muUk,4.4,08-672-8833,places/ChIJSSx9cnCcAhUR5OBzgr8muUk/photos/AaVGc3kO19CZnZiyBApuo8lFAxOaguR1qQO9cx32YSg9SrON4QuhXrX51Wj3STGfcBttnm636IJ9QhGirG0aIKiXOU2nMDFTGt51Kc2fE0ZNpo4NtXsTAtd9z4X35lUz4BEs61YD5A6BuNDS-PofbcMwIq3r0seVCN8lmGJTk3JwwgfBII30muTaMYZ4hrv1VEujEhcSfPcS5MeOljBLCJzHQfLU00fBvjgajKy_71DLNkcUNdEvwuB40GYrTBffQ5DS9fm3WyeS6t-z9OuB_Sk0GheEGfcRclz8VgqK7yUd7EFU1M6z12Js18KDwJPF0ePLrALLVQkvIx4P9-nF-jULEjdrLftfsAaWtznOjWfPSG-tP9sedQWPI0HoG5prWrb_RtUlIGY6blJ8IOVDP7fD8Vf_VRfxoJ_PsnlIus8
1838,השבע,"הבנאים 4, נמל אשדוד, Israel",השבע שווארמה,"HaBana'im St 4, Ashdod, Israel",ChIJfQxsjWujAhURZzLWBPYEHvw,3.9,08-852-4555,places/ChIJfQxsjWujAhURZzLWBPYEHvw/photos/AaVGc3kCVjGae5sicOHl5T-iTkXB674o3FPbFRafTUDsh9kWmuR5-vgXu8DHuZYN42GSA2X0MfSXC3kPfvffGMcxFAiwtXnnuE23pLT24lGtNd0QfQyvrkxOzW3DKjNuMYjQ0xlC0dWuoj_AKHCsZB7Z22VPR29RBHihZs8U4qkkz0kl1UR86Doa4XzUjT_3VTYFxAEX6NsxbXV3kRdslSPc7YBbBzaLeLUPO7Umsw1ZoobzSkGXF4faru17TZJ0sOm74_YxSBgP5SO14qsyCDuED8HFoBMmL3Nf6F8yDKCgGLJBNgcIAzuArtxgShg0GsimuGHqFW4NKtiXo8vGfCa3fkPQ9_nMHlGnMVK70D62ybdVk_nCqfaBzZ-r2rfpqbmRjTBF26vsb-F8A-kXgN5CH-W-W57fQGluk3T5ThtOFxFjcFl1
1846,פיצה דומינו,"שד' בן גוריון 3, מצפה רמון, Israel",פיצה דומינו,"Sderot David Ben Gurion 1, Mitzpe Ramon, Israel",ChIJZ_Mh4k7yARUR2c5B6bpTf88,3.7,08-659-5252,places/ChIJZ_Mh4k7yARUR2c5B6bpTf88/photos/AaVGc3nMmCaNXbrLabIPGPr4JQzmfICyNs3oFBwU4L3Gjt2D7YlQyu8bRzJ8cXTXZ_7Ona9gm7u0XOfqTI7ON4Io6nbF_sqmCnSvwgkIc282YhQAMIW9j1dk5I9K91HSA5C5RRWURId3uaF4XEZswIo2ZWmrNIYr66NTsUM0bGn8P6nsd8sRLjbsDzojlmr6AcJ9RBGJKvsv-4Y6zbwr1AkAVASI0c1rKlgyqnswJ8XYBCfn8Ir2ZuxCgT3cOl1WmrTPOsIpqUmr-SOMmIbiFme5XOPovVI4luLONrBO9fJAoDTX3zmOJKqFhEJEztam9UPrRR96oRHfXpy3N3GyNIm1T8z-tdO20BHG30yKlP5Y0D1MpNGv99GS2rfiXr_YJjrJyhideMhzom0TABwYGkb2UUiXbR5CVtZiUJGFw3DaSAqr6Ws
1856,פיצה פסטה,"המדע 43, באר שבע, Israel",פיצה פסטה,"HaMada St 43, Be'er Sheva, 8486017, Israel",ChIJE7f2xe9mAhUReKM7kS1Y9Ok,,,
1858,יאללה שווארמה,"אברהם אבינו 94, באר שבע, Israel",יאללה שווארמה,"מרכז גילת, אברהם אבינו 42, באר שבע, Israel",ChIJS5FMp2FmAhURsbC04B9Wfes,3.4,077-780-0138,places/ChIJS5FMp2FmAhURsbC04B9Wfes/photos/AaVGc3k_nV_u80Avc0O_ZkIFJ_d7rl8B4thiTAOW-1akhFdCPCQ65z1-eDrThmYOi511iNSl9ebYXtJg2dAti46ee3Cch8B1UUXFUI4IXb80w9gamm2dLSv9BaTjwaKZ-uWCciDOD-Bn7LRgU8R8LKbzveK-gB3kyLnFA_Zk1LyXig08eIlEaEsB0qG6hiUMHq4jIiMIf6PnFKOyrqm9TNh3XXCPeBpndcoFXJjMHLzvPjO50-YIp1WSeM4onlFugSFVbqzxhSFFzziMam6G52O-CnPPGINOfoMCPDmnVF7zpgjCKFhHtDzX34ywRiJJHioT3kmHFdKtxYVRB8xsB1I1b6Am_dH59R1rbhReUKhhIsPDxLAat08GiwkCglHdR9ozMnK9I32_wgI2goTC30V5hozPDEQFQR5INzTsZQZmv80Wxlw
1862,אדיס-עלם,"הבנאים 5, נמל אשדוד, Israel",אדיס עלם,"HaBana'im St 5, Ashdod, Israel",ChIJ0-oh8WujAhURbzyXC8ybZXU,4.1,053-273-6551,places/ChIJ0-oh8WujAhURbzyXC8ybZXU/photos/AaVGc3kU8NoNUJjMSbnxyLfOa0kVclpRD_H5Wlt_wgAqmBdtdYaov9wZr4C6ypbx4WyTHQJ-YLWYmo1jnGjdd1NYFHl9842A3bQSRk39alEEtyxm-_QZ8YSobTALqnKjcM_9iwYm4DHZAPGR2LS5Y2c_aRwf5X3WfzCefpOps_qm2ASqWrQDcsSR15PM70BgbugPPQtwHzUiHcdoH-DdZk7YCLuj2K8pmy3IPNIcWUVbmQ6hpudNVE7Bek7f3iJFfSeWga6sC9pJoF1tbnJSHq8qITJj9yxmNAOWQkujLQiqsRXbVxFBqg2NVG7Iq0RzsoMDy5TXJx6bSqMrQQkGdIYlpK_KYSGW8PuoH_ff2UrKe5RrGYildnijHOvgoXf-Sqm8tc00YwmVddleaT4M98z2VJJTpxIlM2fsXGAy_fgrQ36ABA
1866,פיצאסו,"גדעון בן יואש 39, אשקלון, Israel",פיצאסו Pizzasso,"Gideon Ben Ioash St 39, Ashkelon, Israel",ChIJbY-RxyOcAhURc8ABfTeweK0,3.9,08-860-3603,places/ChIJbY-RxyOcAhURc8ABfTeweK0/photos/AaVGc3mSXt_kOEEMyjoIte8m_7DXQ5_3qOHpUYUf3ZikvAh7wekjyjSE_XACtIFaIOOzPWBfIzEVOJtRSN0MFzsDXTeZ8zMsNMF9yhr6IIBd7HyQvfbdQgK8OyUVvVoSEalVSNlvPRsGey4eII8APh2LOYMSPXQfECAxwB_RfdybP847-n6XQAVqjUIDLuzecPMz7CTRonX4ulrOp9HYEUP1Th3n4G6f7apsUy4apwQVyBGIIisMruVGCv06-Z4Igp_Q7wwPVjxt2qo1ME314jsP9hgGdAAzv277rWYI4guFzTSPmQU3OP0qWbfUm7ep7TihI_dr_Y_Rx8RhBy1NOUywRUNtftw6Ei6PeSTL6kqOY0SsiMjLyCafVBObk180-FH__D-XAVX8eoWlJFyUI8Pgl4CFINb7lKfC1GrGLXypn0Z7ew
1878,שיפודי רון,"מ""ד המעפילים 4, דימונה, Israel",שיפודי רון,"Memorial Dalet HaMa'apilim St 4, Dimona, Israel",ChIJj3bwdgNGAhURfKPacRs4yjQ,5,08-855-8110,places/ChIJj3bwdgNGAhURfKPacRs4yjQ/photos/AaVGc3loCDNqyqfY9vemNQpc_S2qF-v9rpug2URnF3e7Ljc2VHioyY9KCCyRExLcE-pFZZlwmQuqevIRmVrEdDpRSMou3AT_CID_R08YRfwCQg41cpyP_3zutA_VUH4ChLm3rGqxDXpekp_8H0bTujJ5UHCDzdt1RrJxnhVRlX1OVV9AWyxgAZX8oXZFG6vBW7LgwQhou3AKyVNqHpFpXNSd6k5qp2dKHOGTSqMcaMmhE3bh6_fHWB9Nas3Tgl0xXP5dy1a4Tpq6tet6dWjgUyWVYmpaWJHMUgXbzGt9yGqRKi7OGg-UUHyzme0J1ywZpY0hpxFPKImYmsSTqdW1nDp88zh5O8a--zLQwLGzQQN2xz9v6Cf0VSBTdt2sRP1QjyeQ_HczOtWWEuiFMOG7s1J2EZc39iw-BKmRX8nX2Q2I8FLI4P20
1886,סבא שמחה,"הרצל 27, שדרות, Israel",סבא שמחה,"Hertsel St 27, Sderot, Israel",ChIJiS1hS06BAhUR2ozwb3oAgFI,4.7,08-669-0222,places/ChIJiS1hS06BAhUR2ozwb3oAgFI/photos/AaVGc3kOcpuMABL6x4GFu3cu-CvDBVJkjbEx9qrQa5-YE6M1DvPJXDm4mjoJzdW_4E5D8J1jFjr0PIcGuPqqT2TwVSutZYk0Nfn0_60k_Ulm-0futnTU97kk6UBRgixae0p_F5WiJI41mxE5N8_j2ikuw4XCCitGSlr9SE6o3-QKKJayo59DOoQPM3Hi5X3oONqJAnO_YdBrHPJQOpc3nco2AqH3vM8B1tmIZ_ZPoo7CrNvOwHdRaxDGFjkCwLMLeZ_47hxjftP_rRFYo9xbMEpp6YjeguDvVuGBhoqB_tRsswxgjyIoe16UUHknSD2AgAvSVx7tYS54KLJpW4ItJ9jT5iy3CnPlHfXZ7GC9A7_ej9iweE5YAQHU3x9XUqlpUKPSa5nxdcoynmXm-bemMSN27VcnnJLtOpNa0xLHwb68VLwmZrUv
1890,שניצל קוויק,"הפלמ""ח 20, אשדוד, Israel",שניצל קוויק,"Sderot HaPalmach 20, Ashdod, Israel",ChIJH5w3zRejAhUR_np7AFS_-Qg,,,
1893,המטבח של לידור,"אטד 86, באר שבע, Israel",המטבח של לידור,"Atad St 86, Be'er Sheva, Israel",ChIJW5GFgwJmAhURsFwA74P05_k,3,,
1895,"""מאפית בית הלחם""","קריית גת, Israel",בית הלחם והמאפה,"Derekh ha-Darom 13, Kiryat Gat, Israel",ChIJ-VJ5BtiTAhURKfC3ejguMKY,4.4,08-688-9669,places/ChIJ-VJ5BtiTAhURKfC3ejguMKY/photos/AaVGc3mrKqwQPSRSNOFRr-yw97cKIkwiNGpFWFEy8orTX2Nh24VZd_oyl1D9DzLG9os5hWJ1uGfP54ApYKmSQpaGxVZbqjCcMoBvHdVxxa10mAQA3R6P-sKIARqczClqehdiV1-c5O63_xNYy6aUuGRhlbBjFeJja5thJi6MkmBc9eQSVq79VLa4llzT1AGmnCteX95MlocNB9sW3j4z4rOnEA2hh9aWiUyk0mhxq937iFzPdXhKIPAuLo6BpYSGvuQvJrTeUS9ym3emeMnaJQWgeuXdeuuFLi8hDjzXBQetL5y4PzjiLOw9vqmJtAUky0xR2K5vRqEPHBYyGjHCHZyvMB9x1xOVXxkC9DZ66M5XoxxPvab_gFCXv3CyZCZd2Ia-ZxDdLeSGRlP6dJOa0eg704xg69f7bSSZ1oRSi1csh2ulEQ
1896,טביליסי,"דרך מצדה 266, באר שבע, Israel",מסעדה טביליסי,"תחנת דלק פז, Derech Massada 266, Beersheba, Israel",ChIJK76RwURmAhURxcqfGYvKqQo,4.3,053-724-2815,places/ChIJK76RwURmAhURxcqfGYvKqQo/photos/AaVGc3mRzInoa6bEgmWp6V3HqXGaTqpECPoSgrpsmgp6BR9_VFMQ7fh2MqY8G-Ix0unz0BuSvtFwtVQgsUfVG-rdtuFEbL0VY9MfvEJQRtEWee4w2meGceP-R_d2Tzqf0_4EvPrToGAxFXK1sj5Q7GzuVpnSnG2uIZl8CGK3yFqbsTkyTdd9K-u8dJ7WUVwwsiTpCW76tgN4lRzV7S0-Rq-ItWo4nEP2A33Rzi3D_c2iEsl0aYjZdB7D4AifeweAO4iI8MRMN-XsLAFaY_qVx3-FMpwWKW0DCCJdKb6x27VwFoZcTX_TnBMjZtyJz0i9Zk86-AWJu5UXN2XTc2J9x7_aVh6MpSrHqTBbeOkPS3lZF5Iu5MZtn3XUGm2icQiWFryKA6R885_6nlMqv3TOKpDTBJ3l6AlUy28aSaFebImfPf-Tevw
1917,הדסה כל ההבדל בטעם,"העבודה 57, נמל אשדוד, Israel",הדסה כל ההבדל בטעם,"Ha-Avoda St 57, Ashdod, Israel",ChIJH1S4p0GjAhUR7PtA6y8tjWk,,,
1922,קייטרינג בשמל,"באר שבע, Israel",בשמל,"Dror St 22, Be'er Sheva, Israel",ChIJFS4g18NvAhURIri25pJymVs,,054-836-6446,
1928,T-MIX,"העצמאות 4, אשדוד, Israel",Mix Markt Ashdod,"Gei Oni St 6, Ashdod, Israel",ChIJT74a4b2jAhURPhmauJ_of2Y,3.4,,places/ChIJT74a4b2jAhURPhmauJ_of2Y/photos/AaVGc3kPkHFKjt5ZIJ7Be8J7cXhvJhSElXKOWwT2n22sq2NF4QwWcrlE04_gxKSW3Px30vB9HYc3Fwx9dKlJdAk4Q_lipDFMIQyq2za38wCh1fuUhyAMMcZDotuatCa13m6fOAI6mRtI4s9kNu9hVVhizEq8hvqbJKTUh2Q9orgBBmCWZvfptbSt0MEqWSIR0xB1up7lpJFylxl5q9NH3PBAyxvDNdhkvjhR9_uM-Tusvm_tiG1Cvx88_0D_oS7Z_Ijs7DelAo5lhsh13GpYDY_LsEg3-BaNPmFNr0WEBtHTAEE1PoecbygHtvzp_NFgzemQxD3Y69aMuIux1ATIm9YGoQOoI3nNWs-QVeFk50EXwgLaa7MWhqEzxFvYYOrKJgJEfHDqnJZRXroNkTPacRsbgnGDgJgmSpNwqKiE16rtdrY
1935,פיצה פצץ,"תש""ח 11, אשדוד, Israel",פיצה פצץ אשדוד,"גן העיר, הגדוד העברי 5, אשדוד, Israel",ChIJ7-RHdRGjAhURZs4INti1S18,4.2,08-864-0009,places/ChIJ7-RHdRGjAhURZs4INti1S18/photos/AaVGc3kVjEx-LU9efTz8b4feKlg9j7OchGFIP8xjBCMwqHGWDrRiJcSykm8z6EWfbN-K9inv3Sakl-1HSiR5nbxC2KAZdFtWu_m_lGl0hMWbHpLkeAO8QzF7_qu5rFZOPUx-M8t40bhL-0rN1GSYD4An2z9D3JRto-EzqYUBBAuPjnISV0mCcvW0KjAANPy2m-YQRp2y7TYBGmmoTNT3-hVy4RHAvR51TdQQR2jkDjWmCda1W9Bf24gGHZXOhriA_sOcg6Xl81EtnLJEy-QuthE3zF9Z9gWgerQ_LXhO-wn82ACX_phb4vvPOEU1tYwN1xRJYCOtpNF5ZoUwrORjvdB0JREPf3Z_2VpqAWRluX0zs10qDn-Wc1RWNOqJYaAlh7MmGZoaHczQFzINlSkfrtTFNoGzeZoMMySxa0FOzP3_k6ygfjj-GtsdCAgwyhq2_85H
1942,עדן קונדיטוריה,"רמז דוד 13, אשקלון, Israel",קונדיטוריית עדן,"David Remez St 23, Ashkelon, Israel",ChIJ6wVJBsidAhURqe0QwNETF30,4.5,08-920-2010,places/ChIJ6wVJBsidAhURqe0QwNETF30/photos/AaVGc3ni3_QrRfZNGmjpsEwZfT2qZZUKYQ9-03yvmsPL69GBhoRrupO7AxLTyJ4U1TxSNW36FEoMOyzzmW5npPv08HsBW33GtZdS4R4SY2qKqTVBno9lqr7D9dklGXKEE3nVo70cKVv0_Q7BfrXhTbGf7KZnOV73mp5IzZGBzh5_z4yGM3-S-n7YXL_q_xjzhsn11-mtYjsgKefoXMvQvO6i1doOQI0ctRNVU5xY9IZYcupMlPVImxTgYuHa4Y4EYSz8rXiKDUyQecGarZplyrZWJFgcwocbX-W476Erd5z1TgyfcxflGzm9lBTsqweme7WjOLJco3657zAAZeFM1MHgRtFC-4G2I5zMibMu7fsnWt-UIpfaXUYa-2Yasro3ET4IoKbrInXanivYOCgHoKyEByLaG2i_2_gktR1h4RLUqO9RiQ
1967,בית התה,"לוטן, Israel",Kibbutz Lotan Tea House בית התה קיבוץ לוטן,"ECO KEF, Lotan, 8885500, Israel",ChIJGc_3Nx9TABURZn8ELeDrQ00,4.6,050-431-0205,places/ChIJGc_3Nx9TABURZn8ELeDrQ00/photos/AaVGc3lIeBYx5_jnXM2hgbKi27iLBP1-ozjKPDB0S22SgNtEl4ztlRiP9B7CSCAM7uhGiskWTIUDeT6iM1VWcJ0m3zaMoeN0FZkJ5hxI4xmXBC6WYGfG_Sq1INu-7Wsb6_mQVGvt6zjxED71qOgUBd8dLEXkuoBk2k9Dsu54mo2u07coQEJv0a9lPuuIG07iWKKhOySUgrzaYP-qNoD2vZWf3pSfQH0xtDcu0E-Jur_qaNkS0K-6DKl5aqkMhm3BrsV-CGtuX1SGmSefk6b6eo_dgTvSn1TbVP30XLe28aUll6ztK-dR1oo-Jq6PM5D4FsERzykbwoLgk3s_QjRjV0Ix5Hrc_oyU7dOhaNWBZa5dRl21COaPUiuoGC00HWN8ptaVNS5QYO_N9pHwfQQGBe_kVaBaji4nnKFsQWBKPhDzDEEFhk0
1984,ביג בן,"טבריה, Israel",Big Ben Restaurant,"מדרחוב הבנים, Tverya, Israel",ChIJNy0zsEk-HBUR8W8ynEfF2yc,3.9,053-944-0764,places/ChIJNy0zsEk-HBUR8W8ynEfF2yc/photos/AaVGc3lyOMJUrK6yV6tfThn3NHWqlPqGeyqtjYO648YI0lfo-MWmoEze97dJ6aBeWkeMvipmB_GN_7T3ujho5KHZz8kEaNKlvt25DFZ-ooiZkRHQ2LuKalBniV8aOjQz7cWGvi7t8syRz8uoO9-ih9Sm8JaVerbowW-goEQ7lm9zv_6s3Lbivab2s6h3W9_2oyluykF6mrwRyKp8IS41MhLuSriAerrGqiwup-bR0ekT3N75_tuX3CXlV2UwH4tdobTOzWeHOrowC0tYrJH0ff-T9AiYCDj54DP89ANfHoHA8Klm0mCx4Tm72k4YqJH9WbSTIv08iJjcyRfsS2UQZ_qDHUx72a3NGUE_1zDtDbP4avi2PI14rBbz0upsGQDPsXQq6RSuD5Ii-tJa1jOkZah2PNhUajTdHXIdHHgCAqMe-hs
1986,לנדוור עפולה כשר,"המלאכה 21, עפולה, Israel",לנדוור עפולה כשר,"Ha-Melakha St 21, Afula, 1825303, Israel",ChIJjafZRkdTHBURpZpFC7Gp3CI,4.1,04-902-2040,places/ChIJjafZRkdTHBURpZpFC7Gp3CI/photos/AaVGc3lZzhCLjNbaOrwumVN--JouceNOpF-g-jIqkX2kQfO-QIlV4mf9CdTtjleQeBAUrtfnaFEHDpQiIIU_VAa6zdkEolwpxx-SduO15S2F6R-WXKoGoaP51SQkEUp9ktcEu1yLBDLP9bIRE24ZzoR-57zsFz0nkJ_w-VQb88GLFW4B_0c70xV9QB_4TsAt55IpdId_QLej1IJK-Nuj7oH6bCQ8YFgjGas1Y1XwP4w_rybD86Jy4MQYu0c63BkYY0epPHXr7g8aQSgCX02kx3COmKxfteACzQMDlH5vmZFwzdoAPbdaRxoOxpIXlRnMzQ1IKPBwx1g2hToZMe_5qxcLOohZVkyT6K3FthzYv59DL95wYaum3X5CitHFQGN1_CaBjtnVWCPJ-EGMdnpdFJI_j-NrT85fpoJU3wjfa1IX_ZOli5AAq4E39newJe9eFq_z
1987,הטאג'ין,"המסגר 38, חצור הגלילית, Israel",הטאגין,"Hatzor HaGlilit, Israel",ChIJe_gIieghHBURs6dsz7GuRh4,4.4,04-611-8508,places/ChIJe_gIieghHBURs6dsz7GuRh4/photos/AaVGc3lzU9oQf7cBXcwGqjpWzK95t6hr_Wl3dlePnE2yQV5wCjR0oJnUD65EUtjPFxnAflVzuxkpUZw8lQi4pluM4NGMLYU5G0vvJBggZ7B9bvcxhprVbUe9FridHY5gLEJR7ft0Qa0Sg-W51TgPXFI-0XMNJ1mIH8ruhs0j94MGTeCW9pLJIFSJhFkWzpIxHAxJ0HVcrV4Cfo-jNgrL0zABKqRmoyC4lkZXwnEuilC6gMolEfHdEcqbr3RtJAX0bWhjdsAetz_AaCNXTXm67KDWuNgAEa6RTFSJgT6T4XOQcUJLBAFrBmvqrZcwAVNzlULkw19s4Iu60M8l-Z3ycQ1AYmvl2lQ9iYT2Qa0fO8EBu9Qel78PTcp5At4J9jR8fkmr6P3fompZ-mjfl4SrH9E5Ph_UPSkaMLoZ4zOkNGPR8pFBNNgX
2034,כתום,"חיפה, Israel",כתום,"שדרות פל ים, 7, Haifa, Israel",ChIJj1dKhW2wHRURJtWZWUS1oY8,4.5,04-852-0487,places/ChIJj1dKhW2wHRURJtWZWUS1oY8/photos/AaVGc3l1Az0YSJUnVfAvTfIf49R9FQWfvF2Yhe7Ji2Ti9J-uaoYQ8hJDUJkRDsgfN1NTN2pzZaj135DY1jp_3g_7wa5zKSyoM95dczOzyz7NEQMWUxcgkTdZ3INx22A0MqN7pumtNs5ZtwGZA86vXKORWFu2RxEAKJIroSWctrBa8WRaPcGar2e_YWXHi8l-D7fdJWqJmBExO1OSmgiGqDJtU_gyd-Hp_EwtZYk6Y0mSGm2oLiCV76JEKJh2SrG1AqSD6cpoC-utnV5Rvlfs3naUJAr9_qDmSF8asOTSmEyv8TIMlBAQ6dYrkMAlAvo_yJYaMpAVXXNsgEuDVLrvVlsaGAmpAOlDbGX6CNZ5deXA3AHlM6Yy_-VTQOM2WTNGVL_ISNDq3SFjZgzg5h6a4KvrHgqGoXxsQlBkIU2MYCwbKDVDVugH
2043,תל אביבה,"תל חי 120, קריית שמונה, Israel",תל אביבה קרית שמונה - מסעדה כשרה למהדרין,"Tel Hai St 120, Qiryat Shemona, Israel",ChIJ9_PVM6uiHhURhjlF9vMk8Fc,4.3,04-695-9887,places/ChIJ9_PVM6uiHhURhjlF9vMk8Fc/photos/AaVGc3nlfwNB471ePD_jbmiFlz0bvzV6_F9e5BXG-D32wo2xDxW3HVNYhrXAC56_MhFlooPuKTNvsbG0yBR7-cmGwyY4Z-zpBrGF-sZ1axzIy1Mm8QOpc86UeF_suClDRfASp34hV_W6_Tna3IGdu286lNu9Z3TMwRH2HkBuePn1F-me2IUsHnRjUAh7EYrLSxOS55cmkd-0ixWme_Ip8t4UnlSmA1h1pZQKRI1X4oY07lrUv99Tx14u8MRYXuZd0SefPzm2SZlzX46xkiXZlN-LE18Pz7epm_jF_ZwMuz7Aicl9T9dDsTSXwJPJIA4YS39TwDIsemRjOtODTrm5GEYcoVSAqpyowvyLyfKMzZWmn4EJjlEhj9uG1AXpwhMoxUdcn0vtnqTfuP4niUM8lz3dp3jRBEI_GJ1iNAtnrhVIBXc
2047,מאפיית דרך הלחם,"מוצקין 11, טירת כרמל, Israel",Bakery bread-way branch Herzl,"הרצל 14 מוצקין 11, מנחם בגין 35, Tirat Carmel, 30200, Israel",ChIJNZMLirWkHRURMGpi6mD8S-c,4.4,04-864-4486,places/ChIJNZMLirWkHRURMGpi6mD8S-c/photos/AaVGc3mtIOctdK3a5Q6m4hsOU9-dliF7h_hOtCscBYZCorb09lRzufVWaog6K1jCfIjj0PESl2KzkrAjA0L-71J0-quqBlXJjIgzY7iKIlTPT3YdSV2WfCkvA_B0JroLaGag6xAdP3OiTBPbssFUvcw-lZA2nJFju5hbREvNx7hatCUBqg4zU27A8J_W4EqwUmsyUvSo9yQw8p-Pe84DLpo76eF8YYcNAsto8wrO4bb8l3FMSCr2-6cUw3il_vgrXFmCfiy_BdjNus2ZnarjA8A_8s_0k85D9Gf8FQaalJKv4XmG64RnuDKc4dGdAxCw_cgTEXs34jXD_cxAB_t1DiTwQAwATwzP9YvvtCXdUiYgML9EMASRLKdIxlCXXEig6oemaFfAyL5mdt60naYQLvDdjN1c6OiAATFti2zuCKdkTQcjeA
2090,ביגלה הקריות,"אוסישקין 30, קריית מוצקין, Israel",בייגלה הקריות,"Ussishkin St 30, Kiryat Motzkin, Israel",ChIJ47tP-SG3HRUR54ILdkwM8xw,4.4,04-870-3944,places/ChIJ47tP-SG3HRUR54ILdkwM8xw/photos/AaVGc3nqXlau7RhvrC3DdNtf9IcwwzyIAO5S2_XtBTWdAN69OUysslNSizluq7p18gc5bzMk56IcBJzzCBzjN0A26IRbwBzlmuMNa8yevyK2_6gpD1lO918KAxy1OVjDpqpLJlizcDlzqZv0g4JH7qF7nrSSjbMY9JJXFdgClCjRqQfKL-41kVlL7_f8IxH4ZBTl5m_CjugBrOlgBGUW_ZnuKGP_M7dxZxAHZUwrBC03Az3gBiJj8qr7J5artT8ecQ1pcbqSjwweN34DV5fQi4TJmbgKcvGRjn6mbor9lx-EWkZ5f9w6dbWmNS22wIBmHVK88jSjZO_RXLPjkxheGvjBgyga9zN5kitE85RkYZ1DXC_EMrNLZ46ROblABQps-QhradvaLbJkKLsxCMbNZ3OyuqrwmlStYIDDIrGWgalTHEK3YL19
2117,גוסטו די נונה Gusto di Nonna,"מורן, Israel",Gusto di Nonna,"2010700, HaZayit St 10, Moran, Israel",ChIJnUCyGFQ7HBURXSsfNi_254k,4.6,04-698-8991,places/ChIJnUCyGFQ7HBURXSsfNi_254k/photos/AaVGc3lfdbQsMgkR24lJqcbPGfWeCdSak606lAv6vRXM-3lPBNr4AB-VKiUWqMVOYW4ZB2bMA7IrrqGBdcPGSeOulDG9Fhto7B__ZWXulPWVeTMX0fg1NL945jDxb9anqlQQvGI5kc7IgGtNuscnMtyEiVHW5bW4YQ6r2Nhs4pxb2uQHcA9a_cYgqnRLtoe2HxTeZvFURV9R-gbOi4VFE_Zz3oz1G0W2DgGoDReqWU3ShvNfpVCXyfb9BedgASw6rg0fYgVc5Fxajj4N278nvZq_YO9KPnbOFOmH6WkTt2_ouvKJU2Ar7xc_UqcARZ5na_RoNpufxkzBo65iUVanoQUhW1IYD4JI8Xx7MeoU0_i2QVcmdsdjxQrSYee6HQN05U2tcWW_IN1gv9VqEAlMaejuwIam3WBDa555FkFQ5TxVdHl8J9_O
2128,האיטלקיה,"רמת יזרעאל 13, מגדל העמק, Israel",האיטלקיה,"Ramat Yizra'el St 13, Migdal HaEmek, Israel",ChIJf4h07JtSHBURZBRZAoykoMM,3.8,04-680-0640,places/ChIJf4h07JtSHBURZBRZAoykoMM/photos/AaVGc3lx1R63BDaKLsMObjxDVV9z8QSOVRiPK6Qb-SegOe-Q6WWg9Hz1Eya1-zoE7DOjcPFjLSBnzpl5p7FfWY01bkr7sBjNRY13WvwVMe9SavtzXgq2B154WIPPA5jKI_OgrdjGZEcxM-ZciraaUWm9cpBztIbWsMV478ihuQ6XLAkJq4N02yH9epmSDBeGJ1FpGsVSEriAw0qwV8BERZJGK0pVs9odrU_FkblKPW84-79e41jJn4QXXDbTizZTs9bmHhulSK3iMDMiH1rMSR1ceS0j3kJPFzzfse8mvQ-fin3HuV6AC571h-xV-exUQQ913zXh_enDQdkn5wvNrwKItL11heBm0Dq9ZFDPUVFqzBrSKJrXqg8zbi8zD48RH6gf8ncSdbHd7S2a1N25NPNEvH_5CsLGPc4VP2-z9JpVPU3kYA
2132,חיפושית בקפה,"שד' טרומפלדור 1, חיפה, Israel",חיפושית בקפה,"Sderot Trumpeldor 1, Haifa, Israel",ChIJC7b6u4u6HRURMovMghSqk3E,3.9,04-832-3548,places/ChIJC7b6u4u6HRURMovMghSqk3E/photos/AaVGc3mWtpxMqeuiJHSTi-qNCOKRbXq2hVDZKSvYRcEjjtm5ngaoOXrpjzmFZpomJSJm2SOjnGzyvYQlaAF0FXHjEw8m_JeRaPr-zxhsVE849Xbl1Qd7lmOi3tuNcMX4xSpBlh25up_fg6xs6GKkp9nLmSkSkltM3_4iysZ0NbKJvhDw9N-0F1XtWRVLsbDw-hyz9P-fRUtWyMqjmtk0cNYD5Fnw_b4SzH-P4HG1DOukljW8OO3D0zHA4j3sru7iwezqVJ1Rs5yOyu2S96Ukauq5OwmQdMvW48A9D-sZdAnqsmpAfMgat-2u1CtPobr0_Y6rGWQKfhvw0QaIf3A0o7QWmG0FChW6E-6wWi_VZk0XW06Mq9MZrf1DMDdNdKwubKlk7AcToSGrvfoUuIbZvpFvXsdOBGe9W097rfzTq-ZCPWj55fQ
2141,הפלאפל של שרון,"הרצל 66, נהריה, Israel",הפלאפל של שרון,"Herzl St 66, Nahariyya, 2244401, Israel",ChIJ-ZVznGnPHRUR4cPQgm5GWus,3,055-240-9006,
2152,Crazy Bar,"שד' הגעתון 21, נהריה, Israel",Crazy Bar,"Sderot HaGa'aton 21, Nahariya, Israel",ChIJD2CC7ujPHRUR3ueDvA89yjo,3.7,04-999-5414,places/ChIJD2CC7ujPHRUR3ueDvA89yjo/photos/AaVGc3lT9A-qdIB0kqeSVFnIXaoU3wyfFXaoPt2CAXFWVgyYZq8G85hWd1y4nxfDR4dUH0veTHSUZCRwlD52NZQaVEK_SUX3_R-YBnwJCSOzIWi89qnif0Q01yUSLa3cnmC_g_G7Uc326dMQgQEIvcQHbk_wElNfy18rPFdSu-uXuK3dveRjfTWIY7Tb8nyXEktembU6Ua2MespVjOJ_-ucxS1QRz7j3maRd9FsSHG6h00-YZSUqefq2cFMOkCOjbtkYiRgncZa_TNMeSOWE5FJC-ap7KWsMF5mJfDrvC0I3b2yQhFCQz9GyvH_36-P3nS5UyFMjNQsxq_FUXNbPqmeB6--J89RS8tU6SE0KJR_C4m37bfxV_bQimHAip-p0DDpgLkz8c_0TYUrpaOxdNBvjd9I1ViBpcIymarbGSjzm6UPtxWyD
2165,בפיתה נהריה,"שד' הגעתון 19, נהריה, Israel",בפיתה נהריה,"Sderot HaGa'aton 19, Nahariya, 2244427, Israel",ChIJV_HmcTXPHRURqeK61rZFYEk,4.3,,places/ChIJV_HmcTXPHRURqeK61rZFYEk/photos/AaVGc3mR4Zp4VrsGMu9PQHH3Tvmjl8RaB3mBBw4ch9cN2QJccjxfNtfJTRzwM5eR999uS0tRcvRf8E5OQSxMy01o7TpK6gZ37nPmZF5E03Lnnqny06xSneAIT5IJVl6TtLPzDjTdWYnZNlBJHcDhsKU9dftKLawqSOUB3Jy6HBh6K65L_z8kKY0_7c2UghnO4tGNNbWceyeNLP0Yu4QrjAM8xsp6psF0ZDoVLxcfmelN40ZsMAfCh6A4fYxLitxjWxt5YnDAtR94T5kQqeOislhBGLbFd8DDdRfqhoE5EhEhDeceDVhxpNHvBuf5lBw_cUipzjyFaEoRNVv9NXrwQFscWTcNtbbPJShIt7sWL7mYKwWi6aq1u-GkL98xPMzf--8RBAkK8ux-qgQHGgq_3K19xaoLgRyaSfhXiWvDnn61CuDz2YMW
2172,יאלי'ס,"הבנים 4, טבריה, Israel",Yali's,"Ha-Banim St 4, Tiberias, Israel",ChIJtbHwC0k-HBURq9-XI-PHMvc,3.8,,places/ChIJtbHwC0k-HBURq9-XI-PHMvc/photos/AaVGc3njXihRTPELI2FC_zniHNfZtOy7DOk-_3SzVenWwKNRawJl0X_nc7U1oeQok2gly9Wr6mFItd0tasi0cvMzO9SQKqppJNtEslztk69CIxoFOTqOVrZWfiTiS18GaWHZ01-w2WIB8X6SkKJk8UwVaaBiHvHLuyPVtmGUn7T3Y4fqlZfGYHbaxJcfkejLd9A2cbkdTxCshTTKqktLZL5JBXCRdA279qnqxqyalZaPtVtESUQ-m3zv2RPpgKkPmnp0QaGjSAK8OryedQv7w6TYnOyooyx7f_G0Ls9APxBLor5r5foeUiYzSupd_1lfQ58FTV6IevBG1D2F-DDibjJvavjEJck_VYcr0fBCJUMJpgETydT1cS6Lw7D1EQjGzAVV2dUIDUvu8f1zAmIuSzqyZkVAcwhtb8MTIoGNunXJzmTRlzXG
2177,על גחלים,"יגר יוסף 3, קריית שמונה, Israel",על גחלים,"Yosef Yeger St 3, Qiryat Shemona, Israel",ChIJ00mH2VS9HhUR5a0wwqwdWsc,,,
2191,הסירים של KATI קאטי,"קיבוץ גלויות 34, חיפה, Israel",הסירים של KATI,"Kibuts Galuyot St 34, Haifa, Israel",ChIJZ_bLi0W6HRURghN6LF-ISKw,4.4,04-631-3335,places/ChIJZ_bLi0W6HRURghN6LF-ISKw/photos/AaVGc3mejpnfgJguZTYFz8WoXo8RAoNYy2WviLG3OC_FHkiU8-eQVNDkgGw7McAWg1JaKVu0o_fKTWJr1n3IrtcS90YMLKN9b3Hk8UrzXpLeAOE2k-KwviWzwk1utP8ROuyWsupTOIzQ0R7m2EKkFlMBwkuhp-vNnxY_JBKRcpSi0znpX4ci3cc2XnbrQ5RQJfLdeEORlYudR_4ncVOnXUKWUSd_dDdddnVBh9uMb25U5TqiImbSIOfXnBR8bHL34f3NWp_7X5-ZWml06aAAIlEHhwPeTWzEnl1Bhzfn6DSagTfK1_ldYxjYrQl0NbUjvzkT4HYvEOMlzeSHBpI4ZEkekvWyd4jy0x4hWASBq3ZZjA8-G5GmPvt9ekkGZIE3dN7CiOYb8PM-2nUsww5adCoojAgpHC1pliG3aWo1dlbcItA85A
2194,קייטרינג בגבעה,"פשוש 12, עפולה, Israel",קייטרינג בגבעה,"Pashosh St 12, Afula, Israel",ChIJp6xkortRHBURZ-g3Nz3BElo,,,
2203,אש בש אסאדו& גריל,"תל חי 95, קריית שמונה, Israel",אש בש אסאדו& גריל,"Tel Hai St 95, Qiryat Shemona, Israel",ChIJC-kfbKmiHhUR2nl8cp1t99A,,,
2205,בית-גני,"אשרת, Israel",Beit Gani - Galilean restaurant,"ישוב, Oshrat, Israel",ChIJnTBoNUTMHRUR7D9gky5zlM0,4.5,052-373-5562,places/ChIJnTBoNUTMHRUR7D9gky5zlM0/photos/AaVGc3lUiPNVvq0_hNpHBoaXxGq_wamfpUzgqqI_OAjo2gZnXiQL5ipbKxNWk20dLALkcL7vyEkXym8l0dYEkzqyP2lnZPBn6yEdoPJLbyLh_R5laHtZpky_6tovP2H0RW6FV6iioi-moZlZR_Zf2XMjdVw_yH6a6l5x8aW_9KRX4VjxZGUU43DCk8WltS-NpZH4QAkqMW5PbqNP1wI8SJ-N_UUCYbY_qilS_FlWKHhoikEAEyOK6sZ9BnbGwc5y-0NwA5x6UU-H70V1bSVOSEc86OUG7bGxFU9X_1gDA-O_ACe6Wbny6BqEEL9wXGfDt9Va1JvnZUDZI_qShYhOn5fkO6LWkfGSLbKsRZPmyS2YdivVN5G5Lp0Jxlt9VPIEhwDwXYsCEDcdEc9E3tZYAtaT_TEl9VC6Fe47cYQuUkn2Uj-GCA
2211,אסאדו דרים,"הבנים 17, טבריה, Israel",אסאדו דרים,"מדרחוב, הבנים, טבריה, Israel",ChIJBVh1cGU_HBUR_qDLoJzlZ-0,3.9,,places/ChIJBVh1cGU_HBUR_qDLoJzlZ-0/photos/AaVGc3lkEqcIg0IezPFYWFF1omI_QN5DA0USvGMmgajR6DSzn_wH-60Mjd_diyMGmV-OkmyZXv0qpyJFdMQltqWM0z8CtScF-wvLYEkhFBXRkzoy8mRw4UUsQd8D86dY68hVv04lWcjZQqSBkGEstGdNwolg0Qxoon608s39lD7xkxkoL9GQKS4yblSc4Y8DNgjV8g4wgqdJJazZIJnl_lZOSFFpbGa97dnvfKvZY7_cg_fzWJtx0aqhQUkZpQsBztaHgZwQ_oDZ3V8ylCN8ZqX3wbWFSjOZ4tZsrWwGjRyoX1B-xBOFTGL2dU6QmjlsUAc3ZvwD8c2r4K8ne6Stgp1SjfswIIv2ezZ1DvGUIJyV5MQQTdGxqjgr26UsIQWErmwccbduVc_fE-doVkgZmJI-XnqkLaNowcJf4bXA65MLg2aZAbUy
2227,cofix,"פלימן משה 4, קניון חיפה, Israel",Cofix,"Flieman St 4, Haifa, Israel",ChIJ19Brt2m7HRURx5ul5YUZr2g,3.9,,places/ChIJ19Brt2m7HRURx5ul5YUZr2g/photos/AaVGc3kFyPjveRv5-0SuNj5eYA96h1KQfOBsMGfAqDhXSvA1JZU72e4Ic-KleK5IBgpp7P9cCXkMnQDacdM81f_o8Ly0z4qeE1KiXE9e3orJkhgPfAOraG-wUv_WebDRmMXHSgi-FJ0i6v5EgI2g0gBud0_pdw1Utgp1PsiIlpLl1ZrFNUGWlQQIgZfIbsjKkLgKp-D0IlGXebMNsdcVlddxg05oQ-rgHrBMjZkXdXCBq9UdyLKbjGLOCGIf4JsNZro6FFyz64qcph1tYUi4J6NTmLnbHexza-WT4Nmwz7lyDewz6dPozW250lnaCakNLgk-4pf_ILlzYhap6PvM4nJ4HBmiJPNbvtk75FFl3HrFqFIaDbGMHkknEw0Pd9A99_IR0KSTSxTKZWHjcQXJE2v3_jfpfCfJ_hGJboRehlwHAVOscg
2230,השניצליה,"קרן היסוד 12, קריית ביאליק, Israel",שניצל 20 טעמים,"Keren ha-Yesod St 64, Kiryat Bialik, Israel",ChIJyQtZQQC3HRURUDVTb7hpj8w,3.3,,
2280,ארומה,"טבריה, Israel",Aroma,"Yehuda Halevi St 4, Tiberias, 1424628, Israel",ChIJu0NHL04-HBURRkhSHQKBboU,4.2,04-855-5555,places/ChIJu0NHL04-HBURRkhSHQKBboU/photos/AaVGc3kssn9UZkvgdDN1zM_JYuK1Z1UH_aYvBP7PaB_weN67drcvd7DRo8JFxQI5OKjKCTCK2DTBTKXcEoIU6fvtEwmOHNByY6TBfXws7hAonbh_BWEengCeasdt_fMtR2yoP23Vqtvh-a_8JGqFmmb4Jh8x75PolR2DX2nxxlv-SN4cRe_TEnFSfqhtdX2IOJzPGDV4XRJ0bAZdnHAn9HfnAD2BD_kIg5OhhpqSceGsqf4D6XMc6oSHogdiDINM8ES3e_y6PkwAi0TJUoU60v-85N2Dd62M7i93GCiHMSQENOld0mX0wuaf_g53Olxf9oev2g-QtCgvvi3ZJK3QP1rq0bCiRz-Hn43a6FVe0WWIkpaFf63YB5F1RTuqkvlRiQpl-rCrKo2OBx39mcdxeFI0gTd7sUBAEFPSM8kmf31jEKA
2286,מאפה נאמן,"דרך חיפה 30, קניון שער הצפון, קרית אתא, Israel",Neeman Bakery,"Derech Haifa 40, Kiryat Ata, Israel",ChIJ36B5B9SwHRURd-NXtCVktVQ,3.6,04-645-5543,places/ChIJ36B5B9SwHRURd-NXtCVktVQ/photos/AaVGc3n2Z4BNiIaPJQTlVIH0XB_3cTfrp0IDf0dEaYNv-A9bOs7jv3eBA4phlCWQ-SxjBJQNqfoEzztSV405RzegMLOYBvmJ_p27PRz-u6zg9zoFpPVlTMq76ITT5m9J_3YiJHJS7NLIOzoGgcLk2Tm-voaED6YoSFr96X_8tDiWquUMIDtGBGBwoXoK6oesjR2ZQj0_dgYlu4t4sCtm0RxIflF6i9tRsV0WqRJ_tWaZStG-5IaERHBul5PWR-nvRkGXXvRcNTfsVcHAEdoXwlfsb8Lbd7x7h0qkjWC9_cY9oF4xEp2OliRnk50OD1H_YdFM0ckocQ-BxN7B-BIYCFRdJcY6CwABKk7cqKqSPkSw0KV_Y6DFTZA7vJNXXxZmlfZsjMdRtLJY6eWsyvY4yAuYgl-IKH-z8xXTCO8A_5All0Ow0QI
2290,סין צ'אן בית השיטה,"בית השיטה, Israel",סין צ'אן בית השיטה,"צומת, Beit HaShita, Israel",ChIJt2nCZ0hbHBURLDYq09qoabo,4.3,04-651-4938,places/ChIJt2nCZ0hbHBURLDYq09qoabo/photos/AaVGc3mHrvPMy6DRQ-VM37IJkA9cAi2tmY3VS3zNjTIQBiIPDln-IDOPprcxt6T5H_zKMBw8Rt5u0u0dRSNaSTyp8K2D1staD0H5DTdMVi7TJeIZspTcWzRG-GWCwlnolx9tpbdCqMqgql-J8TeJtY_QaUx-nd01N6qHxexe5w2h39apaMamjlT-9Hwhop74s2kkTDgb3RgnW9EiyklVjl_MhSUNWzVXkPNHXvnSk6qn-0Yof1XgM_N_Z8I35lZ958N4wbAWyNrBvlgcbiydzwS4eUCmL-GMAit0JNUcqBjVzQVHrLXhvCzyz1ORB8Hb0p9lbYGFgIX2VxyjSDnqWvLYU_2vc1ym1y3L5YQXVMkRcuDONmW_9iTzcfIsRwuyNDoXAiviZe61hAjYo85oR7g34EFxSopuw-Jxj-k2nfjMBVE
2301,טנדוקה,"יקנעם, Israel",Tanduka,"Yokne'am Moshava, Israel",ChIJW6X5p7yuHRUR2PVS296UH5k,4.1,04-959-0323,places/ChIJW6X5p7yuHRUR2PVS296UH5k/photos/AaVGc3msV7aI4kZzYBFxfbkS0t8IS0J9C3epXAk75ZJiYTr-I2lBtkGtRh53W2CWUWF9OfdR18oLHtvZujrUwR2WMwY38IeuEVpZz0HuV_GGecZhb1Lt5cg5E4WnXEFgu-wWgP1huZWRvdOc_Uz6QfemJYYrx2DGxGtmFT-GPIN9ikdCMdRmOxXFGE9pHVfLcXbmUcwkCm9tkKHOydAfa-6BvRUFwYGlWXgpBwxj783eLEnFXAGzdfcyS08S-UxPJE_lGecreXPb8C0ol85bvqOsBJOGTao74wWVmCEPVWd9jHA9Ousc2-IIdh8_MdVb9MHwB1G-AxGt-v2jOcXkSkfS6UEWBKfSpd1vld_ToBEl5aCJ49lgBAcqnQsvWCf93BNWa4IFw0wwUdipXkkQdBJkAJY2JZQd9fIsyPBJqOzhCt_ClA
2314,קפה אלמנט,"זבולון 32, קרית אתא, Israel",קפה אלמנט,"Zevulun St 32, Kiryat Ata, Israel",ChIJLTt9Ucu2HRUR5UXccATXLzY,4.2,04-631-8680,places/ChIJLTt9Ucu2HRUR5UXccATXLzY/photos/AaVGc3nPFC5Pq5c2TO4KEK1RTbN8bfYhovUW5Irq93ttvbFklWAI-Gs3Fk-m1sogOTqWFOxyiWNufOvLI5b5SM-yKaQiLpLkndMv8ID9iY0QrJo95LZ74GIGPD723odiMi656qlSsbPcgnyUz_JfPX5P5d1EXElIqQovo0HaO8RSG06guqANX7thaJIXFGVlI9cO9tiaTHyCrZ2yZAcewCOgoltaDDUF3P1KE9OiDJNss-vXCgdDpZDcxBtMxUR8zzvOCmkwt13dkRh-TxXEFa_8spPLG6-bVoRdbPXrPHkYAZtuly0le7xeeFDumhmd9_SuoT9Hpf7hpCwuJVvPM10SZSUt12dUcFuzCSeHEud625dqIYboHCRin1dAz9S6WkdHa8ihI-J-4WcCyQoEgt3s8y_GLFZ2Synzxnd78FBKnvGWAoms
2343,ביף בעמק,"בית שאן, Israel",ביף בעמק,"רחבעם זאבי 1, Beit She'an, 1087000, Israel",ChIJAyIravhfHBURw-17kna3DAA,4.2,051-599-1006,places/ChIJAyIravhfHBURw-17kna3DAA/photos/AaVGc3m8CgowJKMo-iCKYjOeHyC0BHdrrhET4EI-d2MhJn9AA9y9dz9t-Q5zaZQWc4Fn53KN6t53vBwIXj2iZoe7LMLj1W05NhyNNpsogPYdls1Kfa-tWbpDfQNO_2otuFe2K1usmoYsCgxTAx4TLNg6FsWalDEwacpetbBhuNgRQWj3zKC4jIxKzakORMzuRKhy_csmjhu0GA0QyfjXIgBHCt3jhMyYUS5q20nqj-hMWWZr7E6XZNlsBkG5wFx02DjZ-fMyGrRE7X02F3Que7ibDOe-DsUtlKw-9B8GzcpdI2B1R36THy5fGtI4DYCbnnj2sYyB6XdX9RaWgw054P1nCv1MGZvIB3aLJi9PWBsSgwMzTvqHdm1thel5Xp77M62DF1SgIxfIrhzle2YC3pLCWUB8BFOVCs3PPb-JDtryigc0CnO0
2344,פלפלת פנורמה,"שדרות הנשיא טרומן 107, קריית חיים, חיפה, Israel",שווארמה פלפלת,"פז חוף הכרמל, שדרות ההגנה 20, חיפה, Israel",ChIJ79BtUke7HRURy59d5FowFfs,4.1,04-611-1711,places/ChIJ79BtUke7HRURy59d5FowFfs/photos/AaVGc3klYwYHAR3jvtg1id9LU8GBOfPtRlzbEgv7xCfXQLEzDSmrEp7xJahVS9JHFai-RLiKYLPGLYyDDN6G9YJBFOEU98R7JaXxR6uW619XzjQjOUTG6Pi1n7SXLRcusWCa8wHB11HFUyuSU74YurNOtOzM8KNnkX8i00O5Lho2Jx1XNeg75jQDbGN3hKa0uE9ghBrOZaGhfWNI-T2MsZsvBiLBIQsbLJgUF-SBI-XjV6G5bIb6VVat1tzibKRZ_u3R74aZDN4XqfhE80puMF3WipA9BquaFFOfgZCJK95hZEmITKVo8QwwThXUdXjW4cFNIwQPuEUhp4skW1UMTAVyzfGr5-3DEj6EKzswdrKlY30MfRvBMtuN_-WNGN6GxD9ytaxZKBe-XPd0Sw68UUgOj2kGn3U4WiQeS0zGA9CSKDsKXvA
2351,סנדביץ' בר זיו,"שד' טרומפלדור 56, חיפה, Israel",סנדביץ בר זיו,"Sderot Trumpeldor 56, Haifa, Israel",ChIJxwM2u2i7HRURrWYyNO_gckE,5,04-811-1213,places/ChIJxwM2u2i7HRURrWYyNO_gckE/photos/AaVGc3mSPybXJfzNuy1vNHS2yF09iECFV8WC_lQ0OVa_zmeq9n0WzuSNnz0MsT-YgqCMRSrteHCfgcl4SEZay2rxLCtk4Ba50j-UUjr3NPDr3vZ83nsgwBlvJnseExGHmB6GJxniYgtHpVoMy6TPVsh25jVE2b8-YGJd9jnAu2aGszn7-FW1DVmhvb4IiZJtyTtU9_Ha-at-2OvFL0SLey-_36G8lUHe-C-QHe3I6jjh7s47S-5wmysUTU1KI4WoOP6YGwLnP7ZSid-aiQXGFZQ2KWFKEV6GQWTqPryFtdeEr2gO6W9vDxEI5IwQJqWVHpDWXWOBiyHOvURsmzdpv9IA6OGb9sEXrEYYvpN6qJ7a4aAbXynBCbqayRHfuc9iDmm_0xWelBpP1gJFEHqcnxlJKPmAxmgsW-UmDKvESqlHeOoHWQ
2366,מוש מוש טורטיה,"שד' הגעתון 43, נהריה, Israel",מוש מוש טורטיה,"Sderot HaGa'aton 43, Nahariya, Israel",ChIJTWsWcvjPHRURGE6eu5IPOaA,4.2,04-828-4343,places/ChIJTWsWcvjPHRURGE6eu5IPOaA/photos/AaVGc3nEo9xhwxwQJHZMn0F3GwC3zVI8NDrCx_Ko-MKh6DMotZ9DM7-fwqqCqjZQlSJ6Cq5kCn_-S25KrRUNB2tedlsZ4mqesu9wNhmfBijCp2kqSKXYXFk2X1TRmMxedn9eRwVzhtk2clMagA0wFCbKF5WL9t50zWfYigtk__8lmtleVN2IxrxmCKcvCjncd2nxV8FVp51C_u4RWwjQonS0zeuvxkL9xoGc9s0bsQkLyebZp3yx2KcGTZYslP3nXp3wc9AY8x2nBpHc-He10OR9R5Su879OzBQz18bwwNzWo80w4j2cEHhRdKL91krH_TPzDrmwXN7TliEgsI6MbponSRNKhMHXYWvMbwqoMA821CNrRl39i5WttzkDVdJOfszcgpCuHIrlul9LYScGmnTQ12W6Uw1znSbRcdTeeMvTaXai7w
2375,פיצה בראנצ',"היוצרים 7, כרמיאל, Israel",פיצה בראנצ',"Ha-Yotsrim St 7, Karmiel, Israel",ChIJ6-pfYmMxHBURLLWuNYVu7co,,,
2388,שניצלוס,"אהבת ישראל 11, בית שאן, Israel","שניצלוס, בית שאן","Ahavat Israel St 11, Beit She'an, Israel",ChIJXSMKfMFeHBUR8IyCPCdZZMw,,,
2390,פיצה לצ'ה,"ניר יפה, Israel",לצ'ה - מטבח איטלקי ( פיצריה ובית קפה),"תענכים, מתחם פז, Nir Yaffe, 1921000, Israel",ChIJ8Yve0AVVHBURF9qTrxFKSH4,4.7,058-430-2021,places/ChIJ8Yve0AVVHBURF9qTrxFKSH4/photos/AaVGc3mIOKbyKytx-fRJklIKnWg0CdP_OHW_DQjaL-rHlPYbl7eSTWGeYOuRG0-zxapbNBKa3Zxyj5VmtRpF6RnOb17LkTMPaL52lze6RpaWKLaI7aje8y1I7Jb8Q7qUxCThBvpBX8sLi9RnzCuDKKDOG4Y_DFl3jsdeqRlfxoERn9QNKlcdFjy_ptdXm6lZbo1rSEIbf_fwqyRAie9OAg2cYIQG1rUa2BvvK929bo-Qzcy-_v59FTooft50gUeWcFPA9lKJ2_WDNZ8DAc2SEymXRZ91xGIwyk-iuXk88Jsw1jPPB6yyE-cZFmFfBEuXbPNzcuTC7bUUmOrjpptBCitha28cHZuIQmXG1cTHk10ANyw3DkBMle6M978HoJGLAsas0NrfCHzc_CMPZ2IhSx0H8s8zu-yRe0AMM86kpIYdbDeftFix
2395,קליל- טעים טרי בריא,"בעלי מלאכה 26, חיפה, Israel",קליל טעים טרי בריא,"Ba'alei Melacha St 26, Haifa, Israel",ChIJAbBegta7HRURGOyyVVGV2Bg,4.3,04-615-2200,places/ChIJAbBegta7HRURGOyyVVGV2Bg/photos/AaVGc3k3qCQuTtfR0WtpgZxjgIbkZrCTM7e29PqX4-YS6P0JIc1tkIwfj700lxFtafJR4PIl8ep_GV2OHuut9S_KL8VCByiDD5JQF7JOvZxjj4p_B9yWZk3-Lih9TUPYB_pjDjIguiCMcNR4nNThpD4gCkkbb8Eb-EAPt0BbQjjw2L0TVkkjMXIcNzP0491-eA39xcuA3eFlOawAWVE2TbwOp8QP7q9_DywJ3OEPmYkxL8U_ah81akI0UcCi1bvSbFO4nT5nALHYsTF_bBzSMLC78ukhSiptRhes3_dAddDkK1PcBcuDHeS8RruZ1SMYMVz6HY_TU0GKd253rfyh7_-sa_jRJihjJ1oPdAiMBT4OmUOTtdVrzCXERkWdEHQ7xygTjI_TAhc9JLsAUUvswzly73X9HSGf8mzS6l9m8ciLxhbGSw
2430,שני,"העצמאות 37, קרית אתא, Israel",שני קרית אתא,"עזריאלי קרית אתא, Mekor Baruch St 6, Kiryat Ata, Israel",ChIJo8AStsq2HRURG6z8cwnJnr8,4.2,04-853-5070,places/ChIJo8AStsq2HRURG6z8cwnJnr8/photos/AaVGc3l5E0mxoooW63jsQjVD9pDO77OIvJV7ViWBMLmT7o67D7Mp4DC4oJiISD077cSPbkv8bqyQVjPx6QrZQGUf4AOqnt5xYce44qCrnrKdln7QRpyZlxYi4YNeqM9P-aHgob6tXXHPiO1xa_P-boWYK8D2kXEBK-1ypjQRmSFj5BB2ZmRi8bACIu-FwKrvlB5oiVen39XEfT_J2uqOsPlgFEEUNCeuHhpwC0wKwYFpA9FFOxni_4dlA1r8KS6p-YarBE4ryfz5kvUBbh9rjSfuFN94e9i-lgDRwAUHMGNFuparWM-9V_wWstgmMm2df31DVlRRT2ke58PqSAqKD_0Km9lkNaWE5B3qiKtiJb43ABpc2Xs3f2WiWvtYU5lyYP8g-rs1eSq0Sl35u3_feULhR5QYFmZP0gkhcK-E5FjvyX_tELU
2431,פלאפל ברזילי,"טורקיז 3, חריש, Israel",פלאפל ברזילי,"Turkiz St 3, Harish, Israel",ChIJ2RSR_3gFHRUR2RhSWQHCOlQ,3.8,1-700-707-445,places/ChIJ2RSR_3gFHRUR2RhSWQHCOlQ/photos/AaVGc3nKu3J8KbiFlhXc0LMhlgfSjWmO6UXVdoKLKPteXEpRyeiCr3O83egMtMzwgD8PLHEPL6dCOAURQszsiUw0r7V8aQeVQCeS85QUJITjHMvLzLN9ulUYywMsS3NVg51CjAqFwSYnzS15vjKpwITH3sO14YqA3ikUnRkSVAqAY2k-5wxDZccVmI3tdbKSrpzYzHAfB9BDPqaAKVej41iyprtwkOvxpU5n7vfxNSf-5ghCF1pPJjJOTSncc4eVh85VFbmp-HmJOiAYukvqUO0Ots2db0Je5ySFyv-DY3d4suuNOmGNPVVb5W46unFSD0FX16LkFyF5--orMh-JZbEpaZ6lBc5pf2BtxYFQZ8cO9gjzOEgvb_JGc4UedoJxaIO7Qgu0oAJ2c0CcxJ7-oLVttBA-8KhIiY4W31cgP00Mw-J_ZMua
2447,ארומה,"יהושע חנקין 48, עפולה, Israel",ארומה-Aroma,"Joshua Hankin St 49, Afula, 1825459, Israel",ChIJUwEgE8JTHBUR5bNiGV4yyIw,4.2,04-689-6050,places/ChIJUwEgE8JTHBUR5bNiGV4yyIw/photos/AaVGc3lkmSlx0NQJ_lLdYfmWRnBww6-w2fa1U8jQhbsRrI08c6QbN4yCVV2Dd0E_F_sT0yRrs1mb3r9lt2GFvXNTBayID8a_EgDJqCQMoGQdsZzPeczYQVq3AkHpZXuQtqg1mqDGkWHUjYbCfF7YcunJZZ8Nrk9Og0-p4juSphLZGXEhgV1By6rbadoR-fHpyw8JFK_y-H1QpfI-GNVcrHxUwSnW1xxiaxy26q9030R_J1t4uDBQ8YODa-Q5MQR2_sp-TvlHbXMysLjs9JJEyUO2d6QVSHmEiAJnGWBJsuH4PHPIweVCIbxlAML-HiNricRfsBuTy_Jw7xsPbvENKIfmPhpcBWwEb0VqWRel9LLFDfzkbe3BCPHJHQ85tWFG0W1ZIIPUJMgVb_IcVOBF9wpgCD1Kr2-ick7EC5zqgmn5liB3fg
2463,חומוס גלעד,"ויצמן 24, קריית ביאליק, Israel",חומוס גלעד,"Shivtei Israel St 6, Kiryat Bialik, 3467645, Israel",ChIJvx99aSe3HRURaFqBxzoLVJU,4.6,04-827-7554,places/ChIJvx99aSe3HRURaFqBxzoLVJU/photos/AaVGc3krU2FsvBjXtF8F3nsFM-WEtiv9mENTLV58bGk2eQCvSFtAmJA9SX7yiCd9axNDpn2k99GfMC3FJiqVdiyYT_XYpTcBT60NMWHTHzdQgdimbtqm6gOoTNqGAArb4zyZdpR6ZfpXcwG9kKr1gl_LCwCyyTMJck-sioD6k8XplkAC2USqIHe01F_otfpJPzvybdNqhxJiCBsDu9QjZgSZ8dc-SzcZa_x5xUEkWfdW8JLG2zuQLnzgdoDSQ04ytiIjdMaViiQEmiSrRM88e3iM4vV0NWMXVl6KCSqb-_FS-Cz_hEDECs2I-GgjQgaOgh8U7j8LvY2NTg4ZKKpe2bDPuYJzP_rY2vw53PkTTfHsKNIPfh66liD91FEQgh6QU4V59JjsD9FH7WE46kH9mwKwUzpPwjVyz_C86UaSy6RUusNtS3_Q
2472,דוס לוקוס,"יהודה הלוי 1, ביג פאשן דנילוף טבריה, Israel",דוס לוקוס -Dos Locos - גריל מקסיקני,"Big Fashion Danilof, Yehuda Halevi St 1, Tiberias, 1424625, Israel",ChIJOQ6YjgY_HBURRQlI_VnvCPY,4.8,04-812-5777,places/ChIJOQ6YjgY_HBURRQlI_VnvCPY/photos/AaVGc3nKEWalMRJGDapU72CxrK9Ea--jTNQJy1PZoJRt8vO-BQ63Rx_RXifepLcmKSZVs3N7DEwBSRIPlsj7Eq-BXps3lzf0eANAWR4zbqEnQ4IeGRbbNgBLMNjFOcD7LzSDWrbC-6uhv7FFJC9Z-J3Glqs063SokMSe8MhUhucH_ktPcmT9aTWPnCdBB3Znf1VcvcbORiUfC9jYLtteuX9t92d_Adwmstap1sL3f3P4Ajay2IpDxetCvnYatrPf875Pok60LRg1K5X73WlzTO9_1zh-OCcnPrqZqBIQAhoEnfqId2be66xCsP49dZlYuPk7dNHrX3KXpl381qI87A7-zedon5Syz4K3PE9iLS74cY9xP9n-OQgZCw3jd0PE7ylqwFDKcEPJMNOArnhBAwOgUbCFgj5YXr8vbeQkPl3WzSkNOw
2476,דורון אירועים,"כרמיאל, Israel",הלן דורון אנגלית כרמיאל,"Yodfat St 37, Karmiel, Israel",ChIJG-JiIeUzHBURyEQjGgso0Bs,4.5,04-988-5907,places/ChIJG-JiIeUzHBURyEQjGgso0Bs/photos/AaVGc3nGA9igOIWDbWsMsSp0S9H7erDYJEhCiTddlYF4_28_tVpjmpUD25S_QIxxPNfoanvvwP_RIRhTfEsCLdOtY7OKQ2XN5u7Ocb2q8WtkfcJP2pekgplgjNcQ6R4K7fgalBdvOculxAug-07K5-NHpTaAOp2O01A5fH_rOvGCv8nWpgWuKBcJslqac0BadNWuW6EN1c9-T2jz05rT5xpeVt5w1pZNjLYZbJQUy8iTie5feUbnPgoPW4TO834ZqJR-NJ1hHs5MEV1VJBQXIB4sdsIGd3X4umFbaCaTA4_iJIN4BtkXUKQqCRqeGO6AJT7f3_iRsqi04X-kTiWPHQvjBfeWxxcrdG7n6E5oA89pQOuNExQtLvskd7oeeR9tipWeF_NLt_kAs4s0oaJca-Bd1GNVAYPMmQDWnHGOvfyDpjncmNY2
2483,הבגט של אביקו,"הרב עוזיאל 66, שלומי, Israel",הבגט של אביקו,"מרכז מסחרי לב, Shlomi, Israel",ChIJ99Qx8YnTHRURZ1xVIoXnZRA,4.3,1-700-505-040,places/ChIJ99Qx8YnTHRURZ1xVIoXnZRA/photos/AaVGc3nZ9DlzakurIAzVX-W9CvX_ZjMzLwjDcMRVy9rVJPRDunek1J0yYwJoSjhvyp_JZxgYrQcdIENwgVQ-96iieVEkIU4rsbTQTs-_rsJzVHQEnf3oxS6wFYJUmzc36QoB4YKQyX9Tbj2g2fzS4PoAS-jLKVUG4vLy9oB0COUvC_b2Fl4ZZ8CqRM0ru7tt-q-QltZ9OHh13L3aL2Z2af78uA_jdgFXqjNs6cmrpqB-wQYUM8Pz0dUfqh6sk2GT4FAFiv7f2749EpPiii01Mtu5r3910ZNcnk8FAxp3YNvBh9iid8DggWCZoUSqGBNi4KP9FBjtWF6o0sCzIl91kOKqgpZZrYribWYLudRztA8bZV1MjXR9HLPzZhLta1VMU-9zIq_L19ZiLqN0AHyANo4o8zO5EUoKDIDfAZFl35xtU27o4wg
2490,קונדיטוריה שני,"מעלה כמון 2, ביג כרמיאל, Israel",קונדיטוריה שני,"Ma'ale Kamon St 2, Karmiel, 2165001, Israel",ChIJV_rIIUUxHBUR4i35iFW8j4I,4,,places/ChIJV_rIIUUxHBUR4i35iFW8j4I/photos/AaVGc3kAiABstVh32vPm9_UnDG0g0bK4RtxlSu3sbrjusRnq5hPfKiL5v_JKHvXHhp7OiC7f5m7Yo0ipe6b44pFKpkxa6UjJaif3y3KWvUZ4jLWQpRNu4fOuW35gmwwkrEPf9prWOczUegB5GMBm_N-kpx3MCaceVQ8kPh34Qj4N3ZrMxFZiNOpwG7N5rzUsbneVyeBmMr3Dw4lKLhiyRSX_6W08ESUpS3rF53WFQEzPcm-uj1qfzOoSVOGkSqSNt9WTIQL5GfFyV93dQX0xqwmIjADQc1DRHqe_XidRNGB8_C7L9y-u19FmTEhQh19tTs1dqcORDSmJu8HI98Ry4jzj2teHQWHySfngYT45HuZX7Zh6wx5YCfKmC5jyyCsiNqXs-5kM1oAXWbHwu_dJHzpEw_G08VGNtz7pyB3AZZwkgC2KGb7e
2499,שיפודיית BALMAS,"ז'בוטינסקי 62, טירת כרמל, Israel",שיפודיית BALMAS,"Jabotinski St 62, Tirat Carmel, Israel",ChIJBZ99CvGlHRURabPgxqf1PTw,,,
2502,צ'יינה ביי,"שד' הנשיא 101, חיפה, Israel",הסינית הכשרה - צ'יינה ביי,"HaNassi Blvd 101, Haifa, Israel",ChIJ3XN2j1YOHRURHxWZtz_g7uM,3.8,053-937-9369,places/ChIJ3XN2j1YOHRURHxWZtz_g7uM/photos/AaVGc3n-ctGyH7mbpkJhwSsl0tBiOHRTY_ygGE75yfqzeEvavmkQNPEELjqAJnqb-pNaTyj_C2oFBJHhXuGkX2GMdSZw8jloT_iv6nPe212b5__4wdgFwSLtjMiFuJupGnch4O6r2tWp_zNe_WdhMBqsYpxDmgQBPIyx7EY3fYFfI5IYQUjaiYVS-V6TtW1v-Rnm5Vnhzl8CqlYG41HB1kwsU2wLMl9RoAHov-QqS7PxX8Obz7-btkVAvmauRtN8coELwXgPd-nnWgg8fN57Dbl4WWVU9nNujf_0MOjWKMrIeZNA0jo-L_LVui0A3pbyoGtxcJD10KpyvtEJV7W9geaFNPvU_JdkwrYz0K2B5dhBkeOZeszcyKlVQLnd2VbG4Db5t8ig4MkN4PFFbU6foBrL5loredU-dmHf8nSjbwu14k9rXodm
2506,קפה גרג חריש,"חריש, Israel",קפה גרג סניף חריש,"קניון More, חריש, Israel",ChIJnzLMNUkPHRUR2Wpbx0_Ot1c,3.8,04-853-2264,places/ChIJnzLMNUkPHRUR2Wpbx0_Ot1c/photos/AaVGc3k--7q_-jrn67osItRpJa8xD3yAoHsU2vdmdtiSui6N4Tb1j4itKnpLeYF1R7r6ftwV1Uk4wWh4pqNi1JmnS5mJaIuVmdKtKO0kemzFN62UGcB-wvFTGyz0h7m-fl3Mu_CLeFir0h64Qi-70SbHplE2xuNq4noJYWqPqOBt1ugT6bphptdpwZRKMo_xsdWMr9YaNi72Mv388o7bxQvm3DXsVScwof7Ha03Y4UNScZkex0XWtlxh6xUoD7Lin5v9ii17J2r4tvMGAYPjgPZaxRil__Dc1P1j4Y364EnPD2LyJNSZibjxkMCQlqfDsLT_vfNqvnSdmZ7Um5JtI69P-YawEEDJ94GehqJmbAUbVBTQAXQ80GWPwOXtchHskLjYESF6bf_tjCotKJROEAjGyGhSX4yBeLZQJyqD8GY6Zzm8Euc
2534,קונדיטורית וולפסון,"הרצל 67, נהריה, Israel",קונדיטורית וולפסון,"Herzl St 67, Nahariyya, Israel",ChIJP1wdeFnOHRURgynXeYrxsxk,3.7,04-810-5012,places/ChIJP1wdeFnOHRURgynXeYrxsxk/photos/AaVGc3kD8Ht_raY3xewaiIGq2boglmMNAKZNtgvi1GtET58UDlbcOs8Wfe25FsEliBLdPoIikp2eE-p7C8J6ensQpAelIXbpLzMmA5MpuFj7gGEXw4U4ja2ZzPI67bhKFaGsDEq8C7UZ7VQWOY8ONsnHr7DYOBuqXuAZFBs9_qL5PMMoG-ZEgi7TeYqqPzG2sGsd4wW9xQpILhZrgsAA57EHKeubaPT2hpTtFmcnqnlgcujTH0PgR6Az8ITOFwoqyVnr4ulUE80sIP7NCOx6zaTxp_0fnYeII5CwSFQoW9dXZcBIS8eQNpKgWxsMwmQNsq3NSh34p_ALQsSwbegswSL9ujmxYVnv0ujHAP3Co8A6vHh2fEP9Kn_xwQhbugPbjlZmFsOYcDizTzvlk65oCGwZeEEveu-VSEU2vqRMqHKMM15yTCs
2538,על האש קווקזי,"ארלוזורוב 4, חיפה, Israel",Бакинский Шашлычок על האש קווקזי,"Arlozorov St 4, Haifa, Israel",ChIJcbCMLWu7HRURkKLgK40BGdY,5,04-638-2857,places/ChIJcbCMLWu7HRURkKLgK40BGdY/photos/AaVGc3n3GVBOzq1x5XW_n5JVjI878Fk9X3e0VCZD6NJ7ZtwmwYSmNWEXtvSKewv5LdXNm1itoSDaGUdG2zltb-0faPfxXQImhxf8iDeKOww1GyGZGw581qXPduJVRsW9gmWnz8elVjxKU1r4aTzt0BYw9_1wBlu2rZ2lNi42sLTpnjnFa9-NWBGxWzv_YnTfIsx3FTJ4ChdOfH7o-W6jNBxu1wpW8GRbjDr6Culj1NLK-uHN1Fz8KMhBntho8vaH5JFwkvjnoGQaU_QJkNsQMP2AVOY0sql7ds4YXJ-Aa6YMklJ6g-bDFZrozcP0Hpb_21x5k19-ciKngxPzpA2MP0pL4MiV9UE_Mp_qzh9HLUtSVbh3q_7yxTyCtKRSvNm2zV8_svjOBX6dxzw6NnzSiDgNDmOmNUe2tKybhz_uplAQrmW9vhur
2544,המקום של שימי,"מועצה אזורית הגליל התחתון, Israel",המקום של שימי,Israel,ChIJ5QGffGo5HBURyZ22BIVlfdE,4.4,04-852-9999,places/ChIJ5QGffGo5HBURyZ22BIVlfdE/photos/AaVGc3lqUOxPUX2XphoEOG_HebrBPT9qgfTBQKMKf4Pmkvt8Ebvz8-P17ikq0jIe--7yu5LCi6R5WSI0tl8MzNKaik-JKqxjUnjI_OTTWUKQ3ive8XkAQDPgB0u3LmK2Mi1YmlXpoVRdGSrOaUGRuum1E4VaTWNAUyLTHhIqOTW_IHcSAgEmDNCNSCLQu_hQd0IWP11PJhEUrqwB16yF5lM_5ShlyGY2vLisevbVl2CejHhKDPZZq4dvgM5o3oPBAI-oDGgUg-NHTu5PNkBKLkIdGT-VYcsxGY_KWZoeEsFyviWaLkIdw29Y0Eut2O4rwbWuj_g51uObWo74hX4PGSqHfm2HMYsHlZPurzXvzQ6xLGOJY-owkracRADkr8H0NHWzHII9IG6b2qA-tZpCdCqSuk33yXitlRRAQgCGZmP5QSjxgyo7
2553,פיצריש,"דרך ארץ 31, חריש, Israel",café פיצריש,"Erets Rd 31, Harish, Israel",ChIJqbklqn8FHRUROyy80rj6hpc,4.4,04-877-3771,places/ChIJqbklqn8FHRUROyy80rj6hpc/photos/AaVGc3nveUyh9qyX-2lnE_53-IM8HVZEd6DHYR-jGeZ1OoCWlD6EM6hpJZTubL2B1k9oug2A0PDi_aMnxtJ517ZRIbBxrTr4EU4hVAToLszF-yiWsjfUpmCTnkhOlrhe97HzSFqroD8hwCi2Fw0EleGwm_pfpz9XW3ZRai8096b5XIxsRTWF9ZKjKF-aobUaidYYM_Hk4gP9EOJ1J-adcNTC8NEAdFwDg0gCcS8n_vS4WhxF7WkE0PZNqnaWO5RouKlVJ0t4wLgxgT7NK0qEgOz-M9LOrf0BWxGr5GrSVByoImBHQtW3wU0oli3-wfKsdfwfoZtY1x9gitqzzZiT4x7JyC6ESRE4xYyiL2PU8zv87WYpK9Sm1fLDfYX2OtviCy2qTZJeLHzMSC5ACQFuWWIXdxzXdquTFvpOC1JuSa1j02M
2567,פיצה האט,"קריית שמונה, Israel",Pizza Hut,"Qiryat Shemona, Israel",ChIJxYxZOle9HhURkjXe2-2bXyc,4.1,1-700-506-070,places/ChIJxYxZOle9HhURkjXe2-2bXyc/photos/AaVGc3mis5zj_bBeG7lA18e2YTPryKr9JnHvIzs00BX8S1j7orN2VooSuSJKzy9OLqa0Qj8P6ON7SRpiRaE1hFUUyvPFof65jWXWDoY6-Ky2XZP0vUK3uKUF_e2veHRt4LQj5qGmd_OHY0nfTTdNMuVfEQttZHGVLwQm30KBZ3kwpuZU-Gyknwc1wUg027JkIz5BLp2tPpikajOM0kr1zr3NqUkgjd66-2RLnlpuogq_kv_L35b2V9y63KfKgBPXfccug863NDW2Vc6kqUB1ctvoil379RHBdZn6o3hjAJA-GQfJF_Y6VxebxbZoFwm7-8vjEDImUpazpg4DkWw0icqv2Sg2VlG7cdOehQxGBq5J9uzFpQ9frvQp3dv_ObficqZCLX9TXmOw4OWfdBBCQqSDs9aPg82pGWUwyPhYP9DKZx_dW-NkqEAocAMnqR6b3w
2570,רוניוס בכיכר,"יקנעם, Israel",רוניוס בכיכר,"Ha-Khartsit St 52, Yokne'am Illit, 20692, Israel",ChIJEyXDuievHRURWB6sf4rid8w,4.8,04-828-5050,
2574,השניצל המערבי,"ההסתדרות 20, חצור הגלילית, Israel",השניצל המערבי,"Ben Gurion St 20, Hatzor HaGlilit, Israel",ChIJ_QJhfPMhHBURq9MAcNfLFm8,3.9,,
2581,קפה גרג,"דרך חיפה 30, קניון שער הצפון, קרית אתא, Israel",Greg Cafe,"קניון שער הצפון, דרך חיפה 32, קרית אתא, Israel",ChIJlYPgCdSwHRURSv1kWagk98c,3.6,04-644-4074,places/ChIJlYPgCdSwHRURSv1kWagk98c/photos/AaVGc3kK1ByR9ceRoa2AKox3PBgCeQL6MolmF2hij8RKY5DL-1uRFhD7KrshiSpR_coASL7UTUecipbIYB8lW2180oTLlBa8mBaIyr2xAhDbfRjHSziCiZzXROZ4c4bK-KwkFAILW0Ua2TI53GYHd3kXKsUQuGXN7hQJz_cRkH_RgrLTwcT1gwtbANFykjxWprq2x4Pfhf9I59rGEKQqg32IkgJnkDXqOXMupW-IP43sMOvnmq2bqGd6wnvqCQArSuAUQ_tWjIAjAahPQDmEcowfLTC15dzekyTdfjiVPlmyqERT_d3QBB5TDrpTQPXaDBSW0mUVhENVg84FPYlvGfWYwXVsi3PulkGX0nMadkDirXIvusvAMjmtxWr0pbI_UsI_J-ofl8tM6cTNVZ3Qq-TDuQfqPJICemf8fUxRxWj13-_CBg
2583,צ'יפס טוסט נקניק,"העצמאות 33, קרית אתא, Israel",צ'יפס טוסט נקניק,"Ha-Atsma'ut St 33, Kiryat Ata, Israel",ChIJ09t1TDWxHRUR39qz3aIQeIc,,,places/ChIJ09t1TDWxHRUR39qz3aIQeIc/photos/AaVGc3l3fF0TuqvEzetbbjMrBnUq9tolVWRAa9CvvS2XEyhb6sPFiVKpSEGzWrv4yVXL3uqAogiEyj_p-Ef1zh8K6iZpWTF1VIhN46c1nYQzHfq-bLMfT2PhQT17TG3qoYwEwfH-lZqn1ddqiMYjIdJbsJauZpfWinOANT7vB4-wEw3kPZf1FBkyMZG19urbJQPtTLeQpwQuw6SbtWZOpju4fFE6o045AtLEE10CYdG3d0W_s1HSGTOvtdrpeJaFCeo5j0WNXJmIGe3MgMCmHB7EY553hCzPG_t8hcWvhJeIngR10jB9_pkjyoTs8lO44SKKo6LZs4z9BogqifqgMAzG1-x-3gixOR-wEfxDUHreayhcIgrg4y3UgIbApwhkzIIrHpHjR1SLuhMbWufA1KSL922Bxyx2xj2MBFkNL9s8bg925ATU
2589,סחבק בא בטוסט נהריה,"שד' הגעתון 35, נהריה, Israel",סחבק' נהריה,"Sderot HaGa'aton 35, Nahariya, Israel",ChIJxZwxG0_PHRURGaCeMr3FG_o,4.4,04-990-5333,places/ChIJxZwxG0_PHRURGaCeMr3FG_o/photos/AaVGc3kF2f03pihZLA89SbVgREdoUy1i2hTz_pjUcOBNEKrMY4g_eGTSVpP_jsWGS-SzFn_gaEtsrxZyZKZioYwW3nVDdPTOJv-SWGeTQx_uWLxANPPLrBnqNOrUl5PhnifQqYN1mi_nhW4Mv1sE9g4WOz30AGJPDSbp10Lu_LPFiRDHVs4-PE8jy36LjTVBrBpc8PXS-Uob1F-sfttjgeL8BkRlGPourqRd3ojcJnWWNI8E1RQwXBhMPlXst9fBTzMv_1FMKAml3Cqpw9TJE-ArUx7fTF9KpfHZ457c5OJ1s2FQa5fPbM-WZZwA0SYvLBaL1Q0uDsSVmk4uhMfx74deuK__I7Qr9CBR8eOQoYLFuIo4YOf3clv-BSXMwT9V-S0xhnb3t1IeeZ42fkBdJli1kr87dOzfZ56TwE-Qt_4Vqg4
2601,בורגרים טירת הכרמל,"ששת הימים 1, טירת כרמל, Israel","בורגרים טירת הכרמל, כשר למהדרין","Milkhemet Sheshet ha-Yamim St, Tirat Carmel, Israel",ChIJLYB_48mkHRURJ-ho1bofq4A,4.2,04-657-9988,places/ChIJLYB_48mkHRURJ-ho1bofq4A/photos/AaVGc3mWqNneb8M9G8NheWeETyw_Sd8WzqHMVjWgIx6a1MCQ1kPB_uwqYrsdpu5yUQUhlMccr2MtJvjMiZhm_1T3jzSCldwcA9AwnkKLIqJlHEGWcdwIPS_1d7B43uVX9y3lPtI0CIPeG58XpTbWUfiYAOovgMbRbVRLNdN4F3oF3oq_STyLX1bdJ_5QiQ-ovbcyQk6_7cfb8zzPrse6sf3jRec7r8VTYC7PETAHv-3MiQSvRuc-h3KB-M24KZ_HX-nZZQQKcNH686tZgbDVlEIcW31iDHaHk6hs5Su4p21J82SlSK8yd_QjiQ6gT3uMIF6y0E8Ha4BPUm8k9Vihz_eX7ixFHxJLLWRJEZ5IitdbTNsOTjHAZX2HkxxzWBHYOpeoS9S-XVa61Xkwa2P4pS9BSI0X1gtG2PRBsrkMnpwnmcc
2610,בחצר של אלה,"שדי תרומות, Israel",החצר של אלה,"Sdei Trumot, Israel",ChIJ5-jizvj1HBURVQlccU8Ykvs,3.8,052-673-2939,
2632,שיבולת הדר,"החלוץ 65, חיפה, Israel",Shibolet Hadar Bakery,"HeHaluts St 65, Haifa, 3321303, Israel",ChIJJbpgXU66HRURwPBXlt9_3y4,5,04-866-2790,
2664,פיצה פאפא,"שאול המלך 39, בית שאן, Israel",Papa pizza,"Sha'ul HaMelech St 26, Beit She'an, Israel",ChIJW_uv0LheHBURkATj5lo6_LM,3.9,04-648-1222,places/ChIJW_uv0LheHBURkATj5lo6_LM/photos/AaVGc3kSKWbXoOIgr3in5RFBxcvpt0BI8JcBhPqmfJvJ9pT88RfkgBvR5Jrmth9y1wwGXlwLtvX4qn5pUacPHWgmxOjKjA9ZVG8HpJ_SBvYNbeoKAVSEEKHwsDhdJc9uMkg2P8PNSaPz0rG-q1pJSLTo-KZZPByTg9TeswV1kQieEA55fbElEpRdBjJL9LgWQ59EXrHFIrgR__48oR-Ymve4wQ8X0fFk1nMQxur2WCgGKDOlK6ghGQPjLAYrfeWpLbuDGg4rpwljfAzWu-7pPoXRwCwt8Okwo2sekI8vx-xx995al9XBt6oVaWA3qj9O7O-gaRky5ZFRZvg-b1nlXwM7mp9gIh1jFZYYYLLgQKxh98V-YtkG7npTHOucVTE4g5J8fzTstg1ABD99fnXjwG8rck0k-_AJOC6MpD7dNv8a6so
2666,פיצה אתא,"שד' הציונות 29, קרית אתא, Israel",Pizza Ata,"Sderot Hatsiyonut 29, Kiryat Ata, Israel",ChIJEwYnQbS2HRURv0mKjsZKBoc,3.9,04-800-0400,places/ChIJEwYnQbS2HRURv0mKjsZKBoc/photos/AaVGc3lMUz9u32FiTFYt6whcf4oSAUb6LsWMvlT3pLSRoVGUVaGGvtLsx0lpCm5UUcJdNgn7VAqpv3znl9e8mg7NsKh1pj3Q7RFsuzPfCCayNscAUGkxWigW2WQzmFiqKtiFrg9NxNZ93nZIdg6U4Pkc9sPHXspOc6jQStiBdNw2jeggHcOo9PqmONTdwT4b5a2cHwUDOBzGgNOsVGof4VJdsxuYh0_QYTne8ZC8xAJFUduUnOPUhGV5pcJWvQkE8MT9wmUQsvLWqrzbJ3_4KPGRHF49vQyIhokbUbYWpSIZXh5GNu222OWXdzcIO6A2aDxEENIg0z79br1MBgBdBR6QIR0QR-OAYyOUydO83RPoVlVD9iYJ7fYVxQLhiJX9eTCle_L03eivr9oBo-rWQr0KPd9559tAOZgL5bfiGETICwHJBQ
2671,חומוס אליהו בית השיטה,"בית השיטה, Israel",Hummus Eliyahu,"תחנת דלק דור אלון, Beit HaShita, Israel",ChIJr1TxsixaHBURGFUg2-2eI8I,4.4,04-633-2290,places/ChIJr1TxsixaHBURGFUg2-2eI8I/photos/AaVGc3lix8VB71WI-Em4GTjfiriYZJ3HD3hlSPwU1oalADASeZpOY0tvM9VBinYQIwFPXWohvHmMVvrQOSEVlb9tB8lumSfPWGrNvsDO2J2gVNVj1khHRtE5y6qDFZraVz1yBeNsL16CMxCfSCr_ie3lOix0-wEj6EyLC1_AFJ6Jb3K83CO7uQy62TMKMmwWE9PNWxZS0AK0aGG3KNEeNtUT-v6WNHgcXDuPqbCfnJBHadypWOvI6rMZQ3oTgst13Uh75y3gyaTYj8yjdWIlOWKo4R5j00i1ka9-UWZZQJWsluBX64l54xhAoxOkiAiUsKqax2E0vSb7LA1oAH5Q8-HphpKx9mC7f6tceB1DKaJRaRHmuJ7OzT2pFVm1pAqgQvLZ3MXbzQzViyRG0-AXVQRpLOcOqIrUmeOHozV1tT_d4vcekw
2677,קפה בחורש,"החשמונאים 79, קריית מוצקין, Israel",קפה בחורש,"79, HaHashmona'im St, Kiryat Motzkin, Israel",ChIJB97fvwG3HRURMbQMX7PB0Gs,4.4,04-872-3565,places/ChIJB97fvwG3HRURMbQMX7PB0Gs/photos/AaVGc3kQe3djKas3JEus2h39-4fovXl87ASb42l_g4WvyizTMW06boaaVMT1xTEXyphlH7AYauVzOheXUcRMiEu5JoIVw7cvZA5SkGD2RJXnAxvRj79oxMMPFjSZqVUwu63e7dQK-7JxXorCrArtiCFrT9le91DPOdKe6q-uhDXcqhnC5SpiX92L0zcYRXIFH0oe5HrXJzQbYQ1SyP4ZbJVirqtnLHhYQpXqma5o5-ILs_TWXw0wGHCL4myMsQrAJtSf_979gg_yWWkAjseIY132QcHkwanACggQvU4RKMEKw7HwIm9ALRSBpKLyu4HP9o0AXFlpjqh-xsR26M2XotPATJIUM1pSAAu0k9MxSnm0fQTJuLsxyreoo9PfNg4lnPCv7Wq8L4LJZfFhdY2uixsebzwSyhwnUyqyhPIyB11GvqQnyw
2689,פיצה האט,"קרית אתא, Israel",Pizza Hut,"Kiryat Ata, Israel",ChIJ-44fntKwHRUR_d3NkzWHHX4,3.5,,places/ChIJ-44fntKwHRUR_d3NkzWHHX4/photos/AaVGc3nzw4xaDHIcFD9y4O2GPalg96YROkKzuOkTrlz4pyPNuqqESqJVlsNkNXbMkH4mI__b3qbdSgy_w9V9FbxrGA8MB11kGftt0kwq4mH7EzqKQ-Tu81v69kWJd-P-4WA3FC361EaVtqiF_QPlamZxrbG3vLD-7XlaIM6i9IJzObxI4cOiQRRF8r8iIBxqaHMxQH9LQ16hgMJ4fWjltsjA5GbbBnk1UZXR-tDuhW1SgjZBYoJ1xdJGZqx4o8HjpulXA1b5o3OmNWHAIhCWknCq6ieIE2Bgg-UWADTWwzyuzdgvfRa3VW2osRhUfnpSopns1lpxShfHHT9yUxXuFZgPjI5-_HMnZ1gaK8AqiY1kpi-DoivnF9YHLapSM7Hke5JQIj2wwzzqzblG6Hj1GaqyhZSfn6UaQDAuaJK7jceQcnE
2694,בויה נקניק מגולגל בטוסט,"אהבת ישראל 9, בית שאן, Israel",נקניקיות בויה,"Sha'ul HaMelech St 57, Beit She'an, Israel",ChIJuW9LPr9eHBURiEwIoxgJxkc,3,04-604-6433,
2699,פן אחר,"המייסדים 56, זכרון יעקב, Israel",מסעדת פן אחר,"Ha-Meyasdim St 56, Zikhron Ya'akov, Israel",ChIJQb0k838JHRUR4OGYAlm2pjg,4.2,054-439-9637,places/ChIJQb0k838JHRUR4OGYAlm2pjg/photos/AaVGc3mOb0Ti_AUq86HJeEf9gklNnMHcNBZVt90Jp93QFsmqfcma6erXTrSrtGp8fsE3i4yXQA3KBWbltSlnL98DTGIFnO8GUWO_Ox7boNU62QdiSl8aMeibgNayP8766a4nrFB6EkkHwHg0eE2jAaVEeTKtZlpzva_bXMe31n9Yc-p-QBr9d4UMN6PF8pvPYyYmrTg0Jo-DZyulVVqYcQBjNDynR3zGwnqJSBma-U4Bh5OpaPl4VRFA4TyJ1MU-tOh8OJwMvoBirJ6U3T4sc304hdcM5SvBoI5eIEKQmXq5Ola581QMHm58sxkCov6-QDAA3_zQYDB3W6fD7-C76qnAjvq2d6D_wolDEjidO-HcR4Qzmj0AsZLKjGFcnxVItQ0Cghde4rbpF-0zLkkRKPE00bLzYsy-LF0VAY437js2ZWyQAA
2707,הפלאפל של פינטו,"הפטיש 1, טירת כרמל, Israel",הפלאפל של פינטו,"HaPatish St 1, Tirat Carmel, 3902615, Israel",ChIJ69I5nbSlHRUR4FSwcFB_wBc,5,054-831-9159,
2712,החצ'פורי של סילבי,"דרך השיירה 21, נהריה, Israel",החצ'פורי של סילבי,"Derech HaShayara 21, Nahariya, Israel",ChIJGYlkdmjOHRUR5PvjKrVuWXM,,,
2718,שיפודי אודי,"שד' ההסתדרות 247, חיפה, Israel",Haifa skewers,"HaHistadrut Ave 247, Haifa, Israel",ChIJ27Csns6wHRURfXYvPkmqcgM,4.2,055-247-8328,places/ChIJ27Csns6wHRURfXYvPkmqcgM/photos/AaVGc3m1Uj10azJQwK11pZs74wN75OXo06DCgN_A18bhqdH6LI-qhAMZDRLhAN6ev68SVY_qkrfNPcJKcMP_rcztEDk6sW5KueCCTkfp2P1ynE6s6L9sCi5PYsmTW5mkKZhVWKiid5sQjX7bvnZoj5WHmyOKsdXttHdWELa5vlyIA0e783jIDY6yXesCcStB2KmGDMfZJftICiFAf_P4JiytpO8MTrlUWdtYDSMos2NZzpf8x_E2UOVusX-c2byFOiRzZ4oJmCdHnNQ5aKpvGWlk-NjByPMeFN9QsNWloZ76kyl92NiHMZS31RKSBim7aFOk6-wuyCw5Co_XUEYed7wKBLoJWul3DAhn1N9yJEubaqgCFQIigJ8XHx1TNCVyB5SoktAOK6YSAe6FCk0AZRcKyiMWrAJ_21wRxFRccstb1Uo143s
2783,קפה קפה,"דרך החרושת 2, עכו, Israel",קפה קפה עכו,"HaHaroshet St 2, Acre, 24517, Israel",ChIJeUcQa73JHRURbsBlzCl0xeA,3.5,04-850-7294,places/ChIJeUcQa73JHRURbsBlzCl0xeA/photos/AaVGc3lcRlhU4Qao467NWvjDOLNnKsE9LZuBpPHYjVlMp0o7PGRX97pLbW6784GwL1PVaYRDwqv5qPzS4sqM1PWwG7s0NKOEVzsoaF2AZwze9sMnGqLr6Izw3WgYFnaaT2ZkDyOMcdopqA2jTkeoW-uIYWgJEir-ZmYltTOGew8_GoCMJJ7PxFJ9odF6OA8n0sNE_ivwYIw_dVlh9SkiXnRd10A1tW46HLWteBJ1-2OY3IQc79nYsn7bfIlbltApGEvKg7H4627kk2y7kIYCID1rBhHIf_hYpcv0UKGJzux7N2qY5ulYZsiIgYKFMwOgtuCjVkwewas0xlZPNA5Mtxn8XWX2IpK6kE0OY1bcrfK9pBXcGqIEfNyFPDjZAOpPY2RL3T3K0oLoDXXBR3naEN0L3h3EOQn7lfi6wf3jTtGzzcg
2802,פלאפל ושווארמה דומינו לוסקי נהריה,"שד' הגעתון 19, נהריה, Israel",Domino Luski,"Sderot HaGa'aton 19, Nahariya, 2244427, Israel",ChIJE3XIWwbPHRUR3TXme2pf-is,4.3,04-992-4310,places/ChIJE3XIWwbPHRUR3TXme2pf-is/photos/AaVGc3kR8eSYdc4Dau9LBy3w_2fX7Bj6Vc7I9c7i0rs9jy70aTgnAX2RryWP3MRD3O7v6GmF8jW7ZDxhr_RSLt0TSs6z9TsVbeQt9pkzZia7ze3nmSPAl56iFbANVzlowG6mZwfnY0BzWasGJlmzFKbDT0CfKEQi0iHU-7TL4ImJFt1gi21b8pqPxOxsdT01R0Vp_hwjFvkGDIFDHKBpTgZqYy-ewEPDPWo3hsfM8J_TRvQ-38jPQfcj3pjDsmrNtPtkvZypr4kkR1uzpxSeobH8vJlAvsp3f54FKsLB8pSo18Ve4-9yniYeZKcyd5eMgrrDNJp_y36zoGM_3fJUElMluyvKg4UPiITdhiPzeF6qHgPRmu1rYTq-5PKQtMN5vEzaZ9CrnmGT7dPYVfagBQgrBJLpEVdK6XUVgXuuuuHFBofd3u8
2813,בורגרים,"שד' מנחם בגין 8, עפולה, Israel","בורגרים עפולה, כשר למהדרין בשר בד""צ","Sderot Menachem Begin 8, Afula, Israel",ChIJZ0D5It1THBURVadAAg35oEE,4,04-640-4413,places/ChIJZ0D5It1THBURVadAAg35oEE/photos/AaVGc3kHcDT39OanvnNJMXcbGjgu5BwfhlB9qggrvFUubOX4-Wt4YeNGKkh77OsL-hbMctkY2SBWBxg8LFzLgFPDjuCHVA1j9HyqkwfF5oNNMbdWWOyXOAmmv0oTG_CiQlh2VBgrjs7Dlpje2xntxqV0Qg_Rs7zUKYCIl6JQpLk6-TEi0DinnRwVggr77IMlqZTdD-vLm5p4PaeVT9BJ9fnx9AGZcz7cd8VVJqeOCQ3lFsKZvMJeVA0HVw9eO00y6y-xljRXDOaQEa7sTFw9tcA86UglIjKrbN4oPJJygfESiUrqg03s4SFMdIFB87qJbbNXyKu5glqrUpyAXyLlQrWoeQBabC5S6BCSaeGjctNYsTa7zJ89YBzVxmXU4OSlE93ZEuku_q3RrXWDtWrA7oljiafVaVA4zTK3NdqGK2V8X5qKyA
2843,קיי בורגר,"להבות הבשן, Israel",קיי בורגר אקספרס - K burger express סניף להבות הבשן,"ד.נ, להבות הבשן, 1212500, Israel",ChIJcdh2GwKjHhURm1NEFEjg-UU,4.5,04-695-2321,places/ChIJcdh2GwKjHhURm1NEFEjg-UU/photos/AaVGc3ln5eUhA0RQaBNJYWBqHemGEOHIrU8hIkc4LEc8G7YPcDZm9_CeNke3YZdyl38YfUUsD1j37T_yn_AXwzAgR8oquzOtAplhRf7qGgjGzLlYkTBYQ_72cb9am3UxXi6Q9JXnoDdzDTUzg4JdjyzsolTPzgKqKhSf3kLJb8QupbXLJ6G2nlmHi1JYhIhhlVPKDZM39VEyEtMIDMA7bx2WBK-89JyH8Pgn-Q2Z4hdC3yASDP56gbKEaix6P2piSf7YLO8rPKc8hgg-Zqot1s4A5c3vIArP4pkSovM_C-muCpYU9ct54BOrroImvVPxndlKjZ_cBGYdLiKmhI6Fvup9MLdYQlKvGrtfmcrpICDn9-Vc0Hl4r2YPQf5L6M4oIOxLUqlfbjN_U8u4OBFS7NQA6Y66i4S9_VR4k6jGFNdyEW4wC9PT
2847,מלכת הטאבון,"יקנעם, Israel",מלכת הטאבון,"Ha-Ta'asiya St, Yokne'am Illit, Israel",ChIJ6Qu16o-vHRURzN1ak2jnzy0,,,
2851,המשביע,"ויצמן 1, עכו העתיקה, Israel",מסעדת המשביע - מסעדה חלבית כשרה בעכו העתיקה,"Weizman St 1, Acre, 2430122, Israel",ChIJ3aWlYivJHRURxUgeqpqkZDI,3.7,04-902-1515,places/ChIJ3aWlYivJHRURxUgeqpqkZDI/photos/AaVGc3m1vvDwjDGeY9N1PqTSJyeFWMP-eQSWIHTkjfRg03yvPaSMPN7bgrfwdnLNkufF9mr1AN9Kea0BUySnTs-SQe8q5VKboWB6LeCph0yn_1d_A-0yyEhIsnLZ-VynxTEpxdmGt8CO7316UPwYF0ULP7zH88Wt070znSlFDD3PTf2CgPBRCO9LSAnmXKEYc4yblbZqnff-tNhnR6ZNoDYI_ZD2pWjQKocdx4RgWcc27e8tk8NxbLzMpqzw_LpM_K9GdSHzdrZ_lnHVsf2i-OY141gz97m7htMqs37IaxAByYfGiDILydbPmLxBnKmR787lGIoryKywke84tMkWGaI6HBvcha1KcJmUt2wxFpa7JiUSoHYQXs7RzJPi0HwuOTaUyg0A_ss8ouwe-u0HJJbm7E6xLQFsi7ItW7LsDd-x2Os
2854,מסעדת TOWER מסעדת בשרים,"חיפה, Israel",מסעדת טאוור - TOWER,"Herzl St 63, Haifa, Israel",ChIJpW0DP8C7HRUR5oBiU4zPWpg,3.8,054-930-0088,places/ChIJpW0DP8C7HRUR5oBiU4zPWpg/photos/AaVGc3ngbcVRipvOAxAWVoTIpzuFA9CwClYRO1HtIwisPcjBiCtqzJxcvx0XcBykDkKUPoY4Rv6a0oYQ0yHmKX9ERuyWjK29s5XUCRImHURRX9GP2hTOzIN-9M58Wb_pkUTSiLWjZy7F0QSuaPQ32CNWWGih_vUzI7ZG-9MfN6EWDcAzDVDmD6wD7QmPH_ooYuWEaIk6aWg0g6_BFDz7fZDfmd6FZT_DHMAk8IwFLUBDTGxIPtHZaAGOkOeHrcSLrIB0VICFIP8yrhLLv7Hj9n1afiu0SFcnxh6_Y-SYSPLFDveE1rJp-YUREozvJpI6I-T0jiR-sqrFdzlPwMmXHKfCvTipi9evLBh39ZUUKnP67vNQ9hpHODjotYxtJDg6uplFmbr_td0KoK6-sDX67san06uiKpYsJx6lpFVTVByCpBO4QLc
2883,פיצה האט,"התמר 2, קניון דרכים יקנעם, Israel",Pizza Hut Yokneam,"Ha-Tamar St 2, Yokne'am Illit, Israel",ChIJMccYVceuHRURzpyZcSocYbU,3.6,1-700-506-070,places/ChIJMccYVceuHRURzpyZcSocYbU/photos/AaVGc3l1L2QgV9kyWPGzykQwhinufedpTkH6TtqfngMx8XOAJ7zAxOvFjVLUvRbcNEfDRLrDxpnmmhfGirOn7TuoxeXZ7VO8kn31t1aNFxNEIvRf8083-C1CeF-umUDBIZ2kN_inoY1QyuBro4jSzQAAN5huqgv1VGC32ZXVtMWwWvtCGuFSkU09khqABIb_95Hh3P0qJagf311uifOdkxxDnff35BpdAHBqoXvPz2B8erxDCytN7sMzG2zwQ020lYSXsB-Zv8hl3r8G1V_ztn4w7ZPf5Oj22lQFvk828lakfzeXWRQJSqUBdfC_t3fHWdy_NONWcDNXdMESbzm0NouZblv5rwfbtPztimW6QLTJ-ZUtJqIf1u9r_Vjs2D5A-eVPbhvRAyL8QQLbxkK1RDEnsG4h1QuISjcczJSG3qf_Twg47ZIwTe7D9C54Rx57esq5
2895,מקסיקניס,"מעלה גיא אוני 1, חאן ראש פינה, Israel",מקסיקניס ראש פינה,"Ma'ale Gei Oni St 1, Rosh Pinna, Israel",ChIJ____EBkiHBURg1hDy8LOo0Y,4.3,,places/ChIJ____EBkiHBURg1hDy8LOo0Y/photos/AaVGc3mKspabCeaRE2Nr-RJSIMFeqAqGXrgNgfwqxlCa1WuqGYkePNyMS8tO6CJrMnAJA-D3_0OMus_tgaLNds2VSek2bLj2qjvQOt1TJcb6voFP4oe1JfZAy8vCKWCldYwdghR-04SGpCkUf7OQmAIZpaj72jpmY0tua0OhdVJuQARH0MtOpyEEfz6U-Hy4yiqPYjjhY7_jYZB-kAfXBCw6QWtdvlqkl-sddpu-Ru8QTl6egJq2Zqx6twpJnxpliyvI8OolbirxsOUTbzWAGT_QMV1o9ImU319dUsUD1wGZRuKNPkteUcZFfhukMWAbakuILWWg2utXR9dlbE2a1Ox1bisn6hDi3DxQ_a_S6u5WP13vDtAPsc7mK4qKMCLp2L-GYNe7K0wFhFT-QbreM6PD44bruZLMHoL9Tg4c8YFCEKlx6W8
2896,טלביס,"השוק 39, עפולה, Israel",טלביס עפולה,"HaShuk St 39, Afula, Israel",ChIJn-PkQ91THBURnEhXbs6vmQ8,5,04-994-4198,
2897,קפה קפה טכניון חיפה,"שכ' קרית הטכניון, חיפה, Israel",Cafe Cafe,"בית הסטודנט, קרית הטכניון, חיפה, Israel",ChIJNbnwb5G6HRURIW-Q-__oiuY,4.2,04-999-5161,places/ChIJNbnwb5G6HRURIW-Q-__oiuY/photos/AaVGc3kZozupDRGWDnrn5uLzjABX3k8-Czn3rTBRTORG4TWo4iHdJSfuVUe4b932m7ArRLUDIQowjrez862hWEv-wawYLL2NIz5Y9mL896y8R417-Pz3MR1mAvXtMdPiOxEuS656cqYQUk7bReBQ5GzeKtRdIO2a0ylChPEh5vSN4JyFH1eJYBLHmB8LhA0pQuwFjrDhM32wsiCW0Y6JMvu24QSVSBhAL5Z3FfQH_MpqT0TfuF2r3Q7pkGAUxUza1EZmLVTCkITHORUpHcANFKlJ1mzpPpVcr5zhTwqdTQnDpUtw607C8D-DuxueAe9ssO86cERIpABwuYchcUg8jZ2ntbBSrROHODVageepqAaOnpmPHeEGLJNJXUS_fSy0IgWGdXPyi6dP6Kh97uafYzkB4aPXp--yY-18s5_GsfaxCTRUiQ
2912,דודא,"דרך צרפת 63, חיפה, Israel",דודא,"Tzorfat Rd 63, Haifa, Israel",ChIJzxi4ppG7HRURLA8tNcDv8k8,4,077-552-5805,places/ChIJzxi4ppG7HRURLA8tNcDv8k8/photos/AaVGc3kLoGpRmgbE2gJfJyPyzxCirDY3fy3NIfH7h7MwQDiPTSJ8fndFa1gDB095ArlsyPGXcrN95SjWD3wJhFRkbp77U9nK70SZwgeCGQc8hkyGbpja9Wx5jd2a_Q6-_28AfBIBYyKYH7yPApv0ofwbsBjvjvnX9CHvfOG7tCFULrpAeYuyf4oGGxAehth8a-9q5Uo5ss75ZvCyfPgu96VT3sLnRSDZ8fewJxFRU0MbxDKPSdVU2AN-1wadKgz2kpKrbe9FXcha22nw661WK7xAP9WDYHwW2HjXj3WnDY673lL1ll9KyEf-Ape-zpXnSpm4effRXARXNHvkESbVToGKIAik8DMEBh0b8ZY8Dto0IvDTfKaqsl5f9N-tDk530yx-0TKPaiVX_ekjmO1WYiDL1-ZtyJXfbz_ftOh_eRt7ulsL1LiK
2915,פיצגטי,"העצמאות 65, טירת כרמל, Israel",פיצגטי,"HaAtsmaut St 65, Tirat Carmel, Israel",ChIJx1kkhm-lHRURuhzBtcsgf4w,4.9,,places/ChIJx1kkhm-lHRURuhzBtcsgf4w/photos/AaVGc3mEHMGmXnBAX-9ODiLInTtvzVaIySg48myOkKwvxzmyjuJL4ZkK68KtQFqEvHuYNAdBIFuGAL8mC7Hod5i8zoKljOKeBG6jvXPMnVYpgdiaMK6pj8tdA9oMkkyY9Tv0cP5bmqafvdNjwY-HOwIqpzocQrAdq5adlUqrBFFAsiLC6EdxsDIyIk30vSxU0NsdE0gdbUX79hbsmwllwzEhB-xRtObyhxaaYPVIHNTLZdnLzWKwaP0SIvxiVexgHiza1jslGTCHDeu-qncGvg55V86DxgrTiFKWO7hQSyntjpVp424Iwp7-2RJu9ViGLFrD_ctFFNKD6ttQm5R7Xd8MFaHTuLaiRBN2d82u4MlCyLnJQorU1qMjvN9oOakiT5XDhb4FI9GDpbuA-CzlsUzLY-L5KgbUXd9ci4HwUybYauQTUQ
2920,ממלכת הדניס,"בן עמי 1, קרית אתא, Israel",ממלכת הדניס,"Ben Ami St 1, Kiryat Ata, Israel",ChIJq5ZUOae2HRURHmOzzai0YNY,4.2,054-785-2237,places/ChIJq5ZUOae2HRURHmOzzai0YNY/photos/AaVGc3n2LRWZV2K8f1pPIdYB3OPmwAWspgEW41talo9zd7IxOgFxVaflXhtAa5E29d6_rtD64o3BCz4k2L3_xQ7pYgyj5luut_7E1feh4jxxKuA1zrC3gA-rQoraUInR-fLXAlEyQ_mMSrcmEJnr3IlJkOLRZNDUKWtL-lLNbwdrobUrQIB1KdhwOJ1QN-85LyPpzwI8XwgTQ6mtD2Q-rLoWSpv5u9mZTI0r4IRJ_zVezN9KDjlA2hc81KTneWlOUvp5O-jM9rqHKBHLq7Z-EYXZG72eKdXR5XZsfyWDSJpL52tRn30JP51EKZMICUP0WE_-eqak5RtQiLXUmXuiFxLXjXXspH0F6rB0IJGSkqFWTgOm9QMAdeV_DCZlPuP7hG16c1fdrxVelSv7e6zAXUzrLJAyUN13ljBkIlaoKrFTUec
2922,מסעדת באר מרים,"טיילת יגאל אלון 1, טבריה, Israel",באר מרים מסעדת דגים בשרים,"Yigal Alon Promenade 1, Tverya, Israel",ChIJg5hgPYw_HBURQkEacis6LNM,4.4,053-726-6720,places/ChIJg5hgPYw_HBURQkEacis6LNM/photos/AaVGc3mKCvnaeb4vYg09jA-oBpqum4gMhs7SlJN4Ve8JLsFwW4F6O71wWeJsbELgfdylHN0ioybtVrwUXVyBNMFbbYr41D4a3ogpgsaRHdHL2GPmmaRzqsfamRUSd_Olh5Ofyln5z_NRsSLwe2BlNioJp2iC1DGjynog3jyp89DJWKFPl9EcPlaDaJBzII_dmZ32v5N9SZHvXq7_a3Yon2FYGxGxf9tMCA9tywtVOm7eX0Tq34r8DcWCE8JGZY-i6rOKgYY9xMWry4KKsst80zlRNTNoC0sdLsL5vBWJMJWFUhDHjTbq_tl08nXXsJQqGmrV8RHpTWEJdW3OZe9_yb8FdFonFs0vtvzCk9eZ21_2m8qBV1QmwuosG_1NqqRCQu_bGLrGC3xMdXCzBjwFZPwFw6-_F3LkSmaLjQDy0nBNs2g
2944,"לחם דגן בע""מ","מעלה כמון 29, כרמיאל, Israel","לחם דגן בע""מ","Ma'ale Kamon St 29, Karmiel, Israel",ChIJvz6y0e8wHBUR9O_dtmn4ySs,5,04-908-0876,
2945,חומוס אלבי,"שאול המלך 59, בית שאן, Israel",חומוס אליהו בית שאן,"HaYetsira St, Beit She'an, Israel",ChIJa5ZRkfFfHBURtoPFRdd88X8,4,04-673-7373,places/ChIJa5ZRkfFfHBURtoPFRdd88X8/photos/AaVGc3mNB07CClwEZJks4fUzEDw-9YnIXJ-J7g7ddum0uUurpfId7AnUUlNuxredZyGH7vm3XMU0nr7ypuL839Z0D7FTYW_w309nzFOsM6wwSay6bSseQgBDFQ78YfGgHQkCgKtM-upudlZM3yIr6uUa8wmWVaavOdhrUQGjwtAueBpu2tfke3wnuVjmmTRFhBFsv6SbIptcBsaoDMkj4bLjw7Qz0R2tPoeprDLGh2bQvD38xNjYcWaNkj8Ns_nFVuljuyE4ZkJO-fdw-OCjtduuCn--vKywEiIJxAw2F6gcsZc6ba8Kse2OONCzJqA1p-j36_iXVXOIS9IDSmSCsUyfnu6mL9RVep_jDHT5Jmgckm87zlGeVcKJ_qOZROVH3zxOKKHulIcPHZr-OopVOZcSpv8YIUIHt06Ak-kjJSF4Fca-uT5yefKvAoi3jV37X5cD
2950,פיצה לשובע נהריה,"ההגנה 20, נהריה, Israel",פיצה לשובע,"Ha-Hagana St 20, Nahariyya, 2230016, Israel",ChIJpb4h_0bOHRURWp6Ec024Acs,4.8,077-553-0191,places/ChIJpb4h_0bOHRURWp6Ec024Acs/photos/AaVGc3nlVN5uAE6jRgHtJqMGJZDpMQxlf-7e4WLixrrmCsISqwtx3_HPjxo8PC21iw63D0o2RIY4cZ_FdU5hfewAVfmddsJdNkcgbWU7dYRDSV_PKISWvuZ-_4FjOuYxPLEMPD85JjJPYfr2tYFKl1HFbLCS8s-k2oA2T6T9vfmp9uYw3WuzynT0UEDW5WmMum84LOPMyjir2EGNSjeqx2i_kfUVVJ0l_90jmLJV56H_n4COg4AvEYXpGsYEkRCCidGjfUocsCM6daN3tBlff3xslz4QmFxkbLC0aHTSUtmFqt8fYzi1y33_kFPGP6DlZzAWxbJkrWyVmbNfTMbOFX4nX4oa7iXF6y4bvmeoyH3TCaeHMyEPh1WusUjXHFIZOFjRJeizt18-wu08oeSia66C8w_OtaoZ8oJD86iJteHBhAPerQH5
2957,בית הקצב,"דרך ארץ 47, חריש, Israel",בית הקצב חריש,"Erets Rd 47, Harish, Israel",ChIJAx2zwxAFHRURtXUx_aZdggk,4.7,077-407-0057,places/ChIJAx2zwxAFHRURtXUx_aZdggk/photos/AaVGc3l3OykpRy68btfoc_beHkILPPTSIgYnQCHxVikQGnRVvzgo7xfDefV1aY4ZZzP5-WRdBMXgRtA387wrR6QjmZ_T2TzG1gAdYWfhv_AKzKPYz5cr_xYAgXDpF1LFEAz6j7yuoY4yPVT29J3CX8w91S9fz-Xvc84Yvo9sukhp3cv-MgMdvsNJ8uqYG-SgseIQ7l15hF2SP-iq5YdRfDivkYSJkrMLnP7n9P8lYtGlrwhuuGID1PF-uxDV41Smvn6e2eu0A4h5XPHm1eWXWhufbImvZLIGxS6nS9ekjqIiG8IinEWgn3BYh_-igiu-p8hioTK7enAoM4mjOqLC-uxdBopdSgNipJDqtg5f3T9hzGZ-DUdRhpo0FvcPHzTgT3KhKAMo-PrUjZC-4wjR39uwNBhkX9CX_Njy3b7bqHIHJo2pXKXZjaLaqdxFHsZ6Wg
2981,Furman's,"יהודה איתין 5, חיפה, Israel",Furman's,"מרכז אדמירליטי, Yehuda Itin St 5, Haifa, Israel",ChIJM35mErKwHRURL0s8pI_vGeA,4.5,050-237-7559,places/ChIJM35mErKwHRURL0s8pI_vGeA/photos/AaVGc3lKjroVavBN7EoC4i-2OwnHToxu5ZPsfm7zZ8TPb1Ix-qiffjiWTkzAJnJFnOPbyNNgyn8GFHx1oKtaEU6Iy3FTGYFyULdXRR106uPDBA-b7vuVKsdNnIYxxd5GYqM3qR8P0zhBUdGDCaoW0lMlHJ2ncgy3OFpCzqu7KvMmPgLez2MmEIZe1OxWVmxZeHQX4Et4QjGpQlG4vowx8fhWfwWDdIamAG0_KH-84YAXdHcU3fjwBxNHKibCZEx_0yyqWa83wZDRXCeup2sPUrkAvjxpD0f1OxZHYRTT2Ci8y9ApD_lZb-9CA4GWPvsy8cLoXo5jHoaWlToMCxqg6YanREjgsbjzgQCCsfMWpyuhn7wp59bwtVR7WV-0EcEhY3UG272XFFyA2Vqx2mOB4bZX7IHXIvZn8UowPrO0YBl8qj03dA
2983,מפגש השווארמה,"אהבת ישראל 3, בית שאן, Israel",המאיר לארץ שווארמה,"Ha-Avoda St 2, Beit She'an, Israel",ChIJP7WUGehfHBUR1sPOk5cZ-9o,4.5,04-603-1238,places/ChIJP7WUGehfHBUR1sPOk5cZ-9o/photos/AaVGc3kOG7aaNqe9soCywyIOXjTAFJZdAI-rVp8sFIMIqJ6ByCeZ-Lao05WR7no8zkvZJ9_h3-5xkQVcw-g1VkRxWw6K-BVEXWMVi5zPaU6VgWOaqRSZE-J8024HphJqDBuLhwO36y76lrWQMgT3zZmY7Aoj2vSPzZ-WVAMGQzWSwgUtl-SClq54QYw62ogDITupJa0lqg0PdP4fRDOox1CxjU_im0lsWf4F53d62k-L6NxRInVz-8Z-rDsGJGknPI7_UkocJyv1wXK4lfqjhTzQaZlpiALCyn9Tj4VDVbVNldlWZaSo50eKzEWBMg-LzCCEbGPX7YKAm-DaV1T9VwmD0kh6dS0Lef8neRow0VCGJmhe_YPPJZQ-Xekrf3gqLKgWIj-HP9xecVJaq5QIbMxYvhv0uZ2xiaWvYoqQV_GyBP4vww
3003,בונז'ור spoons,"הנשיא ויצמן 13, עפולה, Israel",SpoonS,"Ha-Nasi Weizman St 13, Afula, Israel",ChIJBTzzgsNTHBURh_arfnoDMeo,3.9,,places/ChIJBTzzgsNTHBURh_arfnoDMeo/photos/AaVGc3nCUo-30rnWVu8H_vw5L6PVwFrT6GVF5MY2bnClGzlaEfLFKmuCHJQUP0vOzMgnK5sSuPOb65R8yjtO696_mRwSXuMWWBdCS7KrwmzvWn8KisdyvAVpvBJ72JCpICSpHMHzclPzwOPMyYibmZdzjV7LHNtGwSKs2qPT8cppRy4nk1WXZFeFd1v81o95lLnk5jMoSiKc5c2_9HU9cdA-iha5_04HkPPMSaoA-i5Z8pBzmH3BtqqKz0UPhsu6AOLS5pLNZVVHoSaO6H8Sc0saDSzOEmAt6OSiX83Lun758KG87RHU3MNweT6HmcRh1tSbSHlsIWBI0FfgVbyqxwJFJGSnGFJ02MM1INbEpXCZE-66PHgVu1xH0gC3Fm2fvw3Of6UDOO08Fi4cshRF0hKXH_9xNYPI5sqcxTUWE08f3wVTpHcW
3007,בורגרים,"קריית שמונה, Israel","בורגרים קרית שמונה, כשר למהדרין בשר חלק","מתחם מבנה, Kiryat Shmona, Israel",ChIJuUdvcbKiHhURj1bRxHHBLso,4.2,04-680-2616,places/ChIJuUdvcbKiHhURj1bRxHHBLso/photos/AaVGc3lCRzLU7p4T15E2CBl3Y7YkZbraCLhQBdwvaJKkVo9waiMM_VIln221Yrphvfizj-G1QL0piMuyHHZAuip2eufPdlrDv1ZjO_Fh6LJL6MaSpDn0HGWlp21OEsc95ws29KeiSugJWlIXj_3vDL_FcglmgCpWhA26B_GEWLDehuvijMHdGJEF62D4nb-InwicGHLANzFVQCLseKMt2J5VmpedkBR7WLSKmvj3kLkKKN3MpT0khXHC_iguHe5wzQLu7egxroAsctduG99_p7IXZfcJFMWsn5aFcjW1khnOQ3FBzKxiaYoovB6eQJxJE0s7HIIIl-UahmgD_47oUvLIxp0xwYwJGeQWO0nokp0VunepL5GwmMAATH4dtyTkvscSUc8n3gUtfftml_vxN0_x_eNgVSgope1cCKMVNVIuKUHYMjiN
3012,דרך האוכל,"חניתה 16, חיפה, Israel",דרך האוכל,"Khanita St 16, Haifa, Israel",ChIJnb4LpVi6HRURlcgY16VKEgU,3.7,04-812-1249,places/ChIJnb4LpVi6HRURlcgY16VKEgU/photos/AaVGc3lkgmJJZ3SSncao8c7sv4QNrtS0HOAFjKZC9HJq_-ky_7vO32tmC0hqajD5rXPFpCgN_Vtg3TldPJVQy_PVpxeAwwxnIWAGhknU0lQlGrxGfpJQOB58E5gQ5qnM4OobcWcffAq_yJYjHYnGfYEA4GKr9p5ZBFXOqDId61eQ5c2uhKVNj1bS-nmvT8wErkPvpU4duKXSteisMnOlcXrKV8Oc9mf2OVNc25x0DK3dNHRFUxvfYGuqGQ2uP-gvKfclLiSXhghbLkYRbyj8tlUBBpG9zEb3nwsxjvRYWeATjrisTp4P_F2f0und-5_-NDpWo1pFaogJfS74eBSwSunFrN65NFve8m101CG3MZqDWi7vpVEGH4kdzIDoN4fmEkSgdy2HcEKkYiadBERrhm0NvXLyDv7AaNAOujiN27CTJF_tKg
3023,קפה גרג יקנעם עילית,"התמר 2, קניון דרכים יקנעם, Israel",Greg Cafe,"Ha-Tamar St 2, Yokne'am Illit, Israel",ChIJ7R7iVr-uHRURpAsGj00wU5g,3.3,04-959-2288,places/ChIJ7R7iVr-uHRURpAsGj00wU5g/photos/AaVGc3l8s2esJ--_WTLu-S3kixuHM1H-jfouRthShQ5H4ymkJKVmEBBabIdLaOy_JWqf2AsXezvUXhQPOiIwc2evXG0iRC8zWV_i7H2rIP6to74ftfLKEMypML1F8Dj7VFfsMI8veeTKuzb3cSo_YWJPt5sAhn80OJJFLjp2RVugrYDpkq9ThQL7YUSqZ3ylxrxAQsQ1jVLHvC9InkL9UXIeUOYju1uiLmeL4A05tec43Iq9djSaG6bnIUBGXph7Ur2RSKLk6007HjSLYiFxGiJ1uU4WkCcB3P0fTTSpmoeElgNshumDyUQbv44YHe2GhiAiiuJik8A0jXXyCiAa6EcDx-twTotGrHpPBl4j2F5JBKq3w6RKyo3HSNv5Iem6hWO8nADuI5gT4Anq3byIyftsisHv11IdlDge-T-zpQHG51tp8wJz
3032,פותח את ידך קייטרינג,"דרך העמק 2, יקנעם, Israel",פותח את ידך קייטרינג,"Derech HaEmek 2, Yokne'am, Israel",ChIJF2mUI72uHRURipjY6XESQcc,,,
3034,רסקו 67,"דוד סלינגר 9, קריית שמונה, Israel",רסקו 67,"David Selinger St 9, Qiryat Shemona, Israel",ChIJ43VhEle9HhURp-NramKl6JU,4.5,04-994-2298,places/ChIJ43VhEle9HhURp-NramKl6JU/photos/AaVGc3mLTQGgEpxaOX1d6Qxnykykt3OdsbecE32dIBRiWESZOd_626ictjZ8CiI3NWmklM1t65FesQ17gBs9Dl8yRYITwi5FkGpaRaVODfZVNcY63nf4pTdtM9fGcI4uTHYuw7GmVc0NJvKx-SXGBEkaCB8bNhDdIbtHYYbS5RhMpg_C-uBqa4UazzGoj6_xFLG3G672O2mDjW4YLEZwfTOPiL_lh55ymzoHIisBHajx4HWJQ9alM-WsNsiVz5I953VuQgV0KwwAiIiU5qnWvKNkZR-9EOsQFy-ma7c95WuKwZ6J-_riJ-6RFd5Z8Jn-f2JeqZ6PeK5uW6ofwZ97aMAbt-cYWBXDPJhzcN_Yvf4_WvzCBBMWmHAsNaq0w8SmD27LPi4lUym-w0BLOm7HeYFF9KvlAcbJ5cQv1BBu5WMW1TlUjg
3043,G27,"גולני 27, רמת חן, רמת גן, Israel",G27,"Golani St 27, Ramat Gan, 5222441, Israel",ChIJafEDTuBLHRURiNBnLrj6NBA,4.2,03-739-1659,places/ChIJafEDTuBLHRURiNBnLrj6NBA/photos/AaVGc3m5iBC9wZGi8Gh8By82B8PfXLCTNWOVlbRjXz45rtLVriwl9J8If_BLY1CgMkODi1MjQof4OKyydD1B1V2ScO8mvAr3NBpTwU-DDOgBFRrCyjDIq1VDWd-PdvpkTp8qPKddMx6MX44jnnQZBQBgBvZ2G7lL4Lk3mt6es6_m1FhQ5vRwPif8A4fOAmAaZBu2Tr-YL_-egnqujbYeokzdqhVN5y2JNriDL8_jWDnOFJPecBoV6RtFd4d7m4Aj73Tsm9TYXWkiTtFnN7d96_0ijSgRSAmB0Qxnxco2MkoM46BlwdIdfZ4Fc4vO3QH-_Wq2Q36KNvu-o4kcF_Ls8OtAFdoQNaFsql_zMJjLhhyjxlDOQNNokcb9TKyeQfLNQOMHghxyqjkGSqaXVBvKvK9j8sFg0jtFglNR48r3ON4QGyLdcnwK
3098,תימנה,"המרץ 13, ראש העין, Israel",מסעדת תימנה,"HaMerEts St 13, Rosh Haayin, Israel",ChIJMSANrSg3HRURq3q1XMun9NU,4.4,03-938-8822,places/ChIJMSANrSg3HRURq3q1XMun9NU/photos/AaVGc3n6Fp8C27EmzmmGzgzUdm_NRx8llyDfd7vgFx4YPkTa-33sX0PAaTA5wHPpce6-NgrzLvF6LFnTkYiEB816WHTyk66FTDcKu15-o9rZXE5E4bQFOwh6FfMcBtj2EjKUqeOGFwyLwoGXRllkvxeYdUsRFN95t-yLtoqy3bejVSoquZze1P2SrXKTIUFnCAwGgqoNIvBM4wyI_Vpml0tKBXCvRchJrONdSr8pWxHapOm0_2Z1nuHAEXi_mR87omhwIjiuiCEoSWbYZkitBh3UllLh3ZZEFXPWeXd-AqmMXJ63rE6iZrFaqZjZ7MHO7KIO9x9NAjrZsUG5lCRRi5bXUPRgZwTxQq-CK5XL1pxEcE37ea6yXheqyOH9J7HUUqcwd743jSN4ht10SeSFfR43mqZ4cih-bgjq9DKXI6Xkf6o
3122,פיאצה גרנדה,"אלוף קלמן מגן 5, רחוב הארבעה, תל אביב, Israel",Piazza Grande - פיאצה גרנדה מסעדה איטלקית כשרה,"מתחם שרונה מרקט, Aluf Kalman Magen 5, Tel Aviv-Jaffa, 60000, Israel",ChIJpdiyreVLHRURKwjE5PRCMNo,3.7,03-671-4653,places/ChIJpdiyreVLHRURKwjE5PRCMNo/photos/AaVGc3n9wbQpOvZowWsRCqxKBhPdJFZxhWG4r2ZqWaPovXS1dRJWzgcKu4DSDz2BVOqWjPxKkshiGxr84P_2bgR_YKY7MJn8pirh77ZKMin8GHi-C0b0RhHvkHqxOacWYcwQNCqlBNxMKRildaHG10iNdfNZslpeb4On8rkZkNX8Ip15BQZXhKWTJbGpXxNg6Q_0CFfsRbOsz-h73hLWePPQbc3Qj6aYOg5ZRq70jaJDbTdlJkp2xqMJjAe0-lILz9ne1CsBN5tGoqeriBmk-ntcEnUuo0vmDR12iTHatLqBYUlehwwamjk5joInRa0xCyDhgGKrNO8t8cNyVAcSMHmdO_GYcehc_EufcSS1YgSpM9E2C4NaqGLfMbJ7gjhDGcb-gExAcJiPTIjl1zbRfvWzZp9Tt96BXrPirc2NDq8rxZQPrtJs
3140,לחם ארז ראש העין,"משה דיין 2, ראש העין, Israel",Lehem Erez,"4,, Moshe Dayan 2, Rosh Haayin, Israel",ChIJZRyUptgwHRURUUKI9qIXT7M,3.7,03-632-4976,places/ChIJZRyUptgwHRURUUKI9qIXT7M/photos/AaVGc3kOWroR2AqLq8AT5zvPldgvMlN3Jbi3JUzEacZmEYU9XLaTCFbVHmSBMRIIB4CXNUpa9lBSHLTANXdoPyzbswTL0IMZkZodF68ScSyPlDxks-f6ruITXzBjRF11ltnjsiJH5mkzBkn9rodW_2sVT8atAiGhGOnhLA4wUF13M3DCmn84sx-R7LKUhecb6_Gynjr3QEDGq_2QukcerYY57aegIynC_ADqa6SJbuE2ApJrVD44g1J5hiukphK_00pj8WzB8fV_kElGmVicgtgPavBRGntddJ4BBtEqCSDOA5SZaq2JCyyLTgIMluoLm5koNyayg8oXVb9UunsWmQvL90cFV2QHC88up70hJmZBHlOL1gIesDNkmdM4AXhWQGr7Ay9_LJypeXeGOgy9UWz9y28BYykV0sSHE6bqVMhYfFPRCls
3156,פרג'י,"פנחס בן יאיר 8, יפו, תל אביב, Israel",פרג'י,"Pinkhas Ben Ya'ir St 8, Tel Aviv-Yafo, Israel",ChIJwbiAr75MHRUR3pGKyNGtEz4,4,053-232-2929,places/ChIJwbiAr75MHRUR3pGKyNGtEz4/photos/AaVGc3kK980WdUJ1uDcNvQIE1iJMgUZe1SC5npb8FB9Glf4RUnlvltlLeYWaffSxh5kBgSls4SRM5wvsrtGGaMFRHcJXOV-5Oi6gz8bghCKv3CzVE2-H-Zasegbn-9GY4SsJaRiBphJgmMjsEkbfgqpr5K6hYtXIHkXMWQCCMDMdd9Bu4jDqkRi2dUvWLoC4R5EtVY_13PS2tm2z8IH1uEeuZ3MCmytWVbSYRt_BCzRSBVjSQNbYUzq8OwWfGpy8Ro1T99UgUDZc_Ykz4HKzNGcrer3-HemeE2nkptI4QzpI0pwGp9MrAMRUFH93egdCBofj51ejE-3pZEJxaraqQfrYu6Ai0Wj1TzWO8GsBiSUAc46nmq7JwWUy18Z17mMHJcHUVKqoSsPIeKpolk_a_OtAbcYimCubib3_yEFRvDkq7TAFig
3158,פונדק השובבים,"נחלת בנימין 68, תל אביב, Israel",Pundak Hashovavim,"Nahalat Binyamin St 68, Tel Aviv-Yafo, Israel",ChIJa6WWoJ1MHRURnEKKywCeKVA,4.3,077-212-5155,places/ChIJa6WWoJ1MHRURnEKKywCeKVA/photos/AaVGc3ktxoZAZOFsb88IwEpOKq0TQdH0lgY9zTtG1qnKW0Aso0B4L2OLK4rlut24y7PcTV78Xhpz4qFNtA74HaL_VroWwB5MMqgJNRnv9u-UIvqst353e9E7wQCEuwQKWkgszNm7JIlG-04ZrPa6CEYNSmmZW2D4i3uHJfla68rGTBqLgNGaHcDlzu9J6GG_94X-r57qEEahxsX5H7oPAgU2WOv3YDjtJPWaPetNbRiDKE-XhrZkbvk_BRLBEUp7SmRBYu72Hpz-031xn79CPDrEgf5CtUy1BTViUCrgdZZ0Pc0EfLPGGu7wba0vIy7YdLXC6ZltSd6e7aJlaWh2FsEFg9AJv5CV4m_m1EG7_CBJWbySSqvS6OgZCpQPYtu6QGVXk0UUZH3gBIo3guvMMsQom73H-51_oXIxyzAeFooNwqhoUw
3163,מיט אוכל ישראלי,"תפוצות ישראל 4, גבעתיים, Israel",מיט אוכל ישראלי,"Tfutsot Yisra'el St 4, Giv'atayim, Israel",ChIJv3baHbZLHRURmLd2a9flfPs,2.6,053-938-6259,
3187,מקדונלד'ס,"רוטשילד 19, ראשון לציון, Israel",McDonald's,"Rothschild St 19, Rishon LeZion, 7526605, Israel",ChIJl3sggUe0AhURMS-CvFm_qsQ,3.3,052-944-0112,places/ChIJl3sggUe0AhURMS-CvFm_qsQ/photos/AaVGc3lSIkeotlYPVWSNi0AseR_jaH7s5LD7eJINsiZBICQl-jd0FaFs99SNjx0Z0ziyj_DAaSfZ7M12wP-Fr9S11FMdGYR4lsNpgfmqTjdnR9OFDDTGsaFSD1s_so5IqNWIENzm530wu8VPG4yxwUlCxz_7rDAZbu8rr9EtKSEJpFX3-p8aE1G5foimQ_HnkERHSG5QFNNKiep7lqYw9_fF6pzwqDKQpNY8k870W_I0wJQGINd6oF8WnAnQVffDt2LWNV6eNCHQIhXtzG53ww3WY9rZb06HC-u_IZQAMrKoUyUShM3wKWC7cSQSc7kewZof5Lq7_RjDyJ-NE1uTmzaqo-DA7zMUy8qjJAfHPB0I1DuAGGcqN6qaH_b5fORqR09YRnqClAXiG9VJLtczBIfqrGU3cmie_L3k6R78RNySCzV9fw
3188,שומשום בר בריאות,"דרך אבא הלל סילבר 2, מתחם הבורסה, רמת גן, Israel",בר שומשום,"Abba Hillel Silver Rd 6, Ramat Gan, Israel",ChIJP6XgYsdLHRURYv2zY9zCEcE,3.2,,places/ChIJP6XgYsdLHRURYv2zY9zCEcE/photos/AaVGc3nsWnxAOgTluVXqcUfRG2EG-5-kwj469bBgQdJ1tnOygoHCur3EORD9PxJAWVayNsJWdajEMNrWvtr5-AdRuVaRFtkHeQLmsukBZs2mU3NBTeYjTdJ-ltzxBRMyNgDB9ZYlTgS89wWtDaWxQzDHXOsTs4UcdnX-bNcBGVRsfraM4U8GviDlNYRexMXmi0_CpHsMU9A_MAoHzq5Burw4v7O49bxOGLKMQMl4kBEeBEAriNcOdrOTn9CDeiqJRkI-n7TJfz8Zas0vgxHyY-kWef9Uhsymyb7nOTmuudhif9fPEPxTKhSzCKFVixFba3ZPJWLq1ToVl2_J7nF3w0OxP_evN6ZKSiTpgpGMQybYOY54-7M3R8-UHWPstj8gaaV4aPVxGk7_dgIc5cPDMGtkD5aGjzl3JKJwJuL4mrs9NrSJbw
3199,פיצה סטורי רמלה,"שד' הרצל 45, רמלה, Israel",פיצה סטורי רמלה,"משה לוי 16, Ramla, Israel",ChIJPX1HudW1AhURht8WcjdTVhY,3.3,08-610-3010,places/ChIJPX1HudW1AhURht8WcjdTVhY/photos/AaVGc3ne11WuYW0Gb2oGKCJYRHeC0m03CQcb5J6JkW66IleRVrkST08hV3q8aNhQU_9aTFbqF9-gyNX_OnBEkD7oVhPsaGonkvtEh5ZLaZt4_rR_axIqZju5-cNsfvXpnYmQxLPFnaiyn1XVdx95kye8Al5RWYQhQu2Tkei8CUjAFPkO7W5LVf-EaHhs_bMj_onri046Bikjl-SgxSA6uyf4Z7ntD6uKU9dk3C_lVOZgrQZdRTlmWYPDGZ2bSp6ojEDWH61kwVNDLTGXJyvYv7UD2U7z0TdRhmU45cIUkaaMg4ZKVxQ5AQHTPIM8Ip-NxkJJB_y5daZJljjNWeqEH3fUBgP8-FvMv-Fj5D8KdNTXFjhOfMzX4k5vozYHFC1IJjihhDl-MYGiexDcBGxjdpWbGEDqGxtuYsmbG4TOFa2AnfjUqA
3212,בוריטו,"חיים עוזר 7, פתח תקווה, Israel",בוריטו,"Khayim Ozer St 7, Petah Tikva, Israel",ChIJS-qzE202HRURD5wgnfq8sNc,3.3,053-809-3010,places/ChIJS-qzE202HRURD5wgnfq8sNc/photos/AaVGc3lQ6FmwnbPx_snUc-JZTtFFq0o_idOA7apcym_kDIXN4m2SS4L2CoaBIJC8g090bEJBWb58yy63NerKn5_R-tSBvndG0rVzQpZOgjMa4gqfkaT0BqvgVrxxVifaMwwoItmSfxDlYbQQN_mf7lHbcIVhnR2yUhwnBVdp6gwcv_wb-j0CwK4zePe3X80ACia8Bk4nzXPewWjWCCI77hb6d6a7oukpbs9wZZVu13LQeLvwg_ltNuYyDFtOLN9WGVLgY6gTIfOUCYRW_1O0vC09XAhAQPwybrK2tOzhJFDfC6r1FkEYz13trkr1DKRg0EjEub_VNpOdsJazEZvc-N-dUACPRALzOLh9XOWtcEZezHZmvA0M54CAb1eSKcoGw-xTEydVxSh04kJCf2eMgd57NiQCwivaJnQWW2PXgvZCKIXDEg
3221,לה פיצליה,"הרב חיים דוד הלוי 5, ראשון לציון, Israel",לה פיצליה,"Ha-Rav Khayim David ha-Levi St 5, Rishon LeZion, Israel",ChIJXd2J_ta1AhURA6JZATH3FYs,3.6,053-938-1804,places/ChIJXd2J_ta1AhURA6JZATH3FYs/photos/AaVGc3lJa29rT-KArO-zCAWid9w16SsrTkucfYedvKFLS7xKf93iV70yFb5ml70AzHj6xLL5sUJwxxh-u_GSjecYyonuLao9xvSSOMpmjwJdOkMdiEztzA08mQhdEbBQ3COI5AOflhvWYWY-oBMxSLfhT1wF3L0H_csNuA51zvS08bz7mLKoZ_HfRrrVdDch6dgql7cbWlI9dnDb9pM3XzVYXGGcmUXkkd66JbPAg2DaCjt_FXIRI2mh3666uQm1K7yTv8a3VcoPdUCat9lLXcTV_95uJmBfSOWNCTsrKF2jSqWV8-zB99UUU5yNWsyY2PGAgQ6mE1OGiC446lYQ5d0cNtlv1zkHI6li6wc6b139pcoyLhnP-uvqG8CCuQKpE8ZmFlgNmvU88bflk2KNnKyu8Gz1tD7vx0wkqAA2HIg-rf-SRw
3226,"מאפיית שיבולת השרון בע""מ","העמל 3, בת ים, Israel",מאפיית שיבולת השרון,"נעמי שמר 9, Bat Yam, Israel",ChIJs7mOEfWzAhURWdE5x-v6jxM,3.9,03-575-7171,places/ChIJs7mOEfWzAhURWdE5x-v6jxM/photos/AaVGc3l2s-4SYR59sb7EpV6jUZyMlCxMgSDcoLividlEyawPJQrk4HXucIgeQ0LoxvOH1m4kzgc1Ofq1xBEwRvpli6h9nhggWEaKjdRil1n9Qq62mmzNejv3bQ-rfW5i_ot8TOywrO6bEqmIsm9HcJIxOOZjJDM7bzlPqokFhRWO5iu5z7zJBMgG6k6Zus9BtyPI44c4xOd52d31h3JhFoLlAbW9d7G3J5iko0XkRwjCntB0BMO1cpRE9Mctnrxeeo7fgjG1MX-k9PdzDsknbNjCForIgFRGHkW6v64NexBL6gquEf99V-vjeS9lpmHf-_GsygZFg7LMWKP73Z6mq-uaXpElRdmeWfllBN6LTvd9tvupWfV4yfd2fQCl1tL0j6F8mGScKB2IrMwHiUk3nMskuA93vWjB9xmQkKdCNmHfkzJyqPI
3228,אכלולה,"עוזיאל 55, רמת גן, Israel",אכלולה,"Uzi'el St 55, Ramat Gan, Israel",ChIJgawz3UtKHRUR7-PEEaCcnc0,4.2,03-674-2586,places/ChIJgawz3UtKHRUR7-PEEaCcnc0/photos/AaVGc3nTl8izqT22KstfTeaEgIiIhLwvaIoUFw3X6GFTZtm1gswnpM5J0YCJ75pW8t_kSp8IPMj5ORdn4UXhBY1XyrUT2dWypxXtVlPlw3CEdhkNmo22HSOicI8U7RvQKDIOnlbYCs8U8BFYXHVbow59r8ZJfUeOzB8qoly0BIP7AdmOCSNWmlF-BZcM-NK_a6mrvCKLGJicCeoCIwRzraOgMEl9OGU-6XXhC7_q4lS40D2kipPCei-9wX59T4-W28j4-AEr1gvVOuRhcFVDHJ4i7_DC3gP3XClKfyqfiSGz6tN3OUQdO7szHyZlSGsE9YJ8Mu6SBG0KHrCFbG0DPOSl0U9XeMjI1uyM_05Wz9gsC5QSd6lFTx5Zf0NTDM-eD_HvaBR2upMbvBn8xmERfVkU2QHHRZNiB6k2VuA1AGyHO4HWmiWQ
3230,פיצה עגבניה,"דוד רזיאל 1, קניון רמלה, Israel",עגבנייה,"Sderot David Razi'el 1, Ramla, Israel",ChIJHdtLe_DLAhURoApXk2OR_Vg,3.4,08-653-2312,places/ChIJHdtLe_DLAhURoApXk2OR_Vg/photos/AaVGc3ltdZZ5C0iZuUVy0Eji6IERmzxDl9BGh0qqh84CV-byINdoLJminfD8DLpmR3R-QYZ58dW2fgdcB93B_7U8G73bZ1v024-6w-FX5uwcvYlk7A-xVvq_g8rjxXsW6dfj5mSgcudm94Cl7Q97wXawr01LGnYXllIbjdC2q2ILwc9TB2_8emq5Lp6TW1JHzOfJHfLnPBm6TmdWu_eFKw2uMmGnFk6KMfzAIODtkncLv4qs8XyUZsVZx-XnFAE_QlCYn4gf4qrm22d6gVmVkQYfntqhM91pWa0IBzkUT9gnDzfkilN4FFWCnI4P4NIirtCZM4lMRedpPHPaJhra8UnvwuIPvho5ZwRMVQR1FCFReFIQEz7oM-dtyzzQfUaeP_Dx7Xl23Vum_cYt18lYJa4HSfZU-_81pC_Ws-alXmPXIwo
3234,לבל אפ גיימינג בר,"יד חרוצים 14, תל אביב, Israel",Level Up Gaming Bar,"Yad Harutsim St 14, Tel Aviv-Yafo, 6770007, Israel",ChIJ3UKLMPZLHRURGKbhiAIUdLA,4.5,03-949-8560,places/ChIJ3UKLMPZLHRURGKbhiAIUdLA/photos/AaVGc3nl6hpBBx-6cD95nYalLeDwBTxRC9rlK19wcmq8K0zh7DRuDIj6kugCJcl4hsl4fl-aJfkRA_7zTY40CylJalJwRzeD31SVBYsUwGvXwdCEDFwNgbOcyTTyitWOg_uOKz46IOCrucTwzE1oG-N4_8SHhxVUTLzUMnsdIyhRzoCmOK9h69mY1oR7tzTCbtXUDdusflOxIiYMbxQsBGFmLhfAa_zpmnQ3yRZVyIBB8DWkCEl5AbMPv-CqIxOGaupXhyIW-_Dz7MSBwT7QJi8tNgnQNNCesEE2yu9O2NsCxS8UDuDtyOPc3s6_-VEYWvOS_YXYLiS4NISoF1po0JRlCAEJn6kWqWGGbhGlNwePR1g5GBX8Xl029xQmeFqONQmosMn2IjQhZXyruy8ZUG2JYR5sdeVSBD2IIACfcEOry5KEkA
3239,בהדונס חומוס,"הרוקמים 26, חולון, Israel",Bahadunas,"Harokmim St 26, Holon, Israel",ChIJxfUCpsG0AhURDTz2_LIM1Vo,4.5,077-414-2443,places/ChIJxfUCpsG0AhURDTz2_LIM1Vo/photos/AaVGc3l1_5QFqFvuijsnpnhkLlAbJmST9G6FytxqXTHwfNNCVlckzvOJjFUxn7LjCjF87-rWtPK0LHuxNb_Yya1w7EdoWiufMbZufY3g3FdWtE7ULTTZoFV0usS5VqI-4uE-j_7jnFOpqifGlg314p69icgH0yyv-8yEmlpL-e1e0lbmR7cWeoQvzNHERbjBMmKPrwCwpPdIfFCoxkpklqOst_4Okx9PyyrAIKMo6Y8qFSTmaVG7P2_XMMXrznUGpn3KyrIKgZLkZzoHEJYq1VOi8uzHt7Jm_0Dbu-8SfvZVlQWlkSoOkvBtAxL0X1RWNsh2fNzg1bch0rlLG2AsK8vHpYRBibtsiwM_6Ijx8o3g-sgkDPn7BD8dW_rG_7Q5h5EzU4xTcKB1p3ZsVvd5qjYFFeMncWuLPcHqU8wYs06QxeVtrw
3246,סאנדי בראנץ',"אלנבי 117, תל אביב, Israel",Sunday Brunch,"Allenby St 117, Tel Aviv-Yafo, Israel",ChIJwwEyZp1MHRUR2YeJ8H6FeUo,4,03-613-7000,places/ChIJwwEyZp1MHRUR2YeJ8H6FeUo/photos/AaVGc3m1tbkP0Wy-rEn2Y98_aWY_D5VRgQdlKpibvC2ejkLXOeXNBG6NdAQMYxZmATZdOUaIs7S_oMYfrPybKbgCx4L6yNLVjiAVVhsqEIla_Xdk41tl0aDZCon-aGgmCEgTwnncWK68KGtbnGnZm8PqsVOh_C-zyKLvjIKHyq1NQd6-GSnRY_q2Z91iJ5h6JfHmcCdezKncBBRV_AHz_eMa6Da1r4_m_nrSmCAkABC-gZr7Sp_Ugz3OqU1v8JBLBXTVPMk31N4cdeejTxFbaOveprvSbPSC8HA-2robxV1kcqkUC5mO8-KsrjfImRHVYAcAJ7cwd4EXM1MrMy-IqoPA0-_mbWvUMk-rnZpU6kzshrARrMoS9AVTQ4T7F1I0fzuHCvSh2rbOZ7XYUBVENdFVcyox7Wle_6Ufo3chEHiwgfESmyCI
3279,פורטו מיט,"שד' נים 2, קניון עזריאלי ראשונים, ראשון לציון, Israel",Porto Meat,"Sderot Nim 2, Rishon LeZion, Israel",ChIJb6zDI7m1AhURxjOgfWt6SuY,2.4,03-713-0880,places/ChIJb6zDI7m1AhURxjOgfWt6SuY/photos/AaVGc3nbkXaoyTcdL1CdTFqT8gC4N6aLzpddAWaydNzRu3RW-dZfpv34_m_GAWBucY5ySfyXJxVMAe6LcBGvZBJxupeOvNgnRRxPHoPNRN14Ha47zyWe0rqSyylwIUToEkV-MqneoJ819thMEVWzwTkitHcoS80JblWf5bhv1cYjvFWFBlimWUMIkzj_2U2K9vLsOr4B2BSIdj9P1LVSnKiUqOAaKI-d5Ofw9RtloL-UCJ9tf-gTXCSoZPpQARSa2b8I8afy-2KppF3MRJfpM8AJywZjzsstBy1D0VcFhmLsH79HcwaHNSDJIXBEIaQgxUkiKdLSYtkeISxdg3CPCS56iloxEOhPYk6jHzSnR2ij3eCTt3_r1HZ1xvh3-M94Oa40tn8Hy3tXFZBEj6dL5OtKsJaHO9D_7TXyX8_wA1LHBXhwuyo
3289,חומוסיקה,"הרב שלום שבזי 38, ראש העין, Israel",חומוסיקה,"Ha-Rav Shalom Shabazi St 38, Rosh Haayin, Israel",ChIJ2Xihr9Y2HRURIMqNWzZticg,4.4,077-549-0262,places/ChIJ2Xihr9Y2HRURIMqNWzZticg/photos/AaVGc3m98RLGDGfLuEx557dVvM4vlM4mFPRZxBQCVAXFrGhrUrWjT1vY1xk4yZ8BKVVXrKJWF1UosX4RX3IW9IrQRYnLdWyvvZWFsWkrhpCDBSPzVhFREHCsu5qiIK28YWi4kaqFYv4rANGOQTFv2bOTQn0ReOuyKtFoLIwZ147GNJdMWZbaU9uZaaa7v9gUgm7RJqMTIA6BBvdZHmbkrwgIlza1DgnW9K-YeKDqqHAeImIW5zj0h3-uCulL_cdJP4G8B1YYLgc0Z81C6g95oreycSaau8o2E82WkQLkXGuyFMvabIlLFxKL6gyOnwfintgffm-QMkiBnv5Lokxa_OVnfj4SQAnirQswtPExb_2vFOIisIxzONWsCW90JJ_OYyXTfr6m4aqF03BaVAwWp0JDCIG1SXluz6OqJiMHcn0AyYXJkg
3290,אבי קבב,"מורדי הגטאות 55, שיכון המזרח, ראשון לציון, Israel",אבי קבב,"Geta'ot, Mordei ha-Geta'ot St 55, Rishon LeZion, Israel",ChIJ1QvL68u1AhUR6868p1d0gkQ,4.3,053-238-5794,places/ChIJ1QvL68u1AhUR6868p1d0gkQ/photos/AaVGc3n63FpYUA1ela5i_erXG1F_fYJwFMVaPUoW62R-bUYoUWQ60YmKiEqgS7_wKXezcARirn-W9F7HwMF90srVHduFkLJITim1QXjGHRgQCD8PIIVQHpgSxlNx6SZu0m5kdIylnsmucp4HsBSTPtODoIPgcXzi6JTVbhukBJ1Pc8YLtSMi4XKNt-uhkb21PHZDH2L8_oh_8TKo7gM4s8jACrZhtQEb2krgDKQk4P2JQGTHohqfuKWXmNF1Cm9OEuInJq5npYCN-5zTN2H1C4XWLo0lacA8y8hhy42OXe1b6LXJpBjndByXDqaOQRMfSPZ0F_p0RNdKpOghmM9anBEC6cz1OAOX0oP8aJ9Kq6QHMZ2avjci8qJ2DIae1k_qpwMBWq6LmXdZbVeorZV7sxn9KMY2zc9c1WkIAw0uDsPc538VEQKJ
3298,ספיד בר,"סנפיר 1, תל אביב, Israel",ספיד בר,"Snapir St 1, Tel Aviv-Yafo, Israel",ChIJedakbGlLHRURa8ZdV9h6fcg,3.8,03-537-6002,places/ChIJedakbGlLHRURa8ZdV9h6fcg/photos/AaVGc3llyNdy4uvMT49eJaqKMMMhmSGjlyM586YzO6NzeMBf2drRvhJVNgq_-YkZ317W8ZZP6ULJzpx3cExDxwPrm8W6mAwNGdhZIKNz8taa6WpnonOAPVUY4T24RtaX6_DSVC6CztomVKURGaZnbFbVfkDaZ1EDQ32s-TT2Ixz11fnB81KTNRp-1S6vwImM8c04iWrLTIMv6cJzcsgSlAqwb3EHFAaz3aYx5gY-zUHFde-0VPFv0JToBGTV4Qpz9nvxk8EQXT3g1-DsMsSetKZoOUPePtf1izz18D6knZuR_4pmU4mCgcd7zZiWmiaOXmaPDs-YrNJe_xYfdiZ_EWlxaHW5WK8I0uLqw97vdWbDYNXE_u1wyYzjzkxw-rJm4hPx7sWkJlSgFWmN6EXPVz2eqJ8ooSRH3hexBCKH3LprWVIQjg
3299,קפה עמנואל,"ביאליק 40, רמת גן, Israel",קפה עמנואל,"Bialik St 40, Ramat Gan, Israel",ChIJm9dKTMpLHRURMRIEDYEl2VY,4.2,03-962-9422,places/ChIJm9dKTMpLHRURMRIEDYEl2VY/photos/AaVGc3kOpP662x2mGV1J5mXiPyqFpK8Sw4nZxM_t9AT65-rh8EP1b5ruBH5gYRG0YPt4cYtGES5j1ZnaQgHRK8L9Hi5wyT8hccu3NUY27KqIEcV4_bA770glSlxP8GVemb7sxhrjudA0gRZ6XnHyn-WTL_5p7YMBpuH0npFr6crvTxTSVmQGZ5R9kc38JXz8iyIYNT3wA4fFht3B06VgV2_cQsdxD63VEWCLlbeqPzE660yWRvP6bB2WlQUYaAWlDkwLsHRL97pzuZ_Ha-fRqT7WYUSItJZogjHL2qAfWYN9DmJbh6H6zWCkwAAtWlsi2ffhSJ_Xpa3Swk9m32AjBLQoVA-KERUpvw9dJXDNbHBkdL_0fdWkRAlg71ONW599efQP-ZAT0aNDIquTNqpZrs5ToM6LAvrY_ppt0VCvKbbNHvoCI1na
3300,עלים ירוקים,"תובל 23, מתחם הבורסה, רמת גן, Israel",עלים ירוקים,"Tuval St 23, Ramat Gan, 5252238, Israel",ChIJwXkfUr9LHRURgJetjgrCn9U,4.3,03-575-5622,places/ChIJwXkfUr9LHRURgJetjgrCn9U/photos/AaVGc3ln5OT86vnoeS37Xb7yK1ArcPjGN2WtJzpJd-Qk4NxGhtYUb2cX-QKgsA7urLoRSWKNXOYTJL185kj0xF-d0gQ4Rqo1-TDJFpy2GP8xpmpRW0q9xg80VRVRQaclFHBo4W95hIPhPJ8xQd7uH9jLQbnSgNkPf0Znzp_66Oa8RUwSNviXSkd4P09s_TiuunKMg_hQFkDWWsFL7zbW2P2WI0yFOet2KbUWRl7h7TL2qy-stP1zJZg-pPiQIfwrZck2x_LiGuT61c4HwS6k-Mij1Bcnd8L4-Bpi8GnwDF4cC-oDaO-OetjzR4h7bPphheO-CbTSiHAYiz7ard42DtI3EWNEkOU-gqYlvHtZBDiZuHfEW762aEO6CR8-0ySCVCtA5yjFWNoVV_LoqC3eUcCg8NsCNdv_tZHTM7o6GL6x9sZB3i18
3302,הדרים קייטרינג,"זיסמן שלום 14, מתחם הבורסה, רמת גן, Israel","קייטרינג חלבי ""ארץ גושן"" - מחבתות אירוח","Sderot Yerushalayim, Ramat Gan, Israel",ChIJwfNJC0lKHRURefrUASecsJo,4.8,052-403-6969,places/ChIJwfNJC0lKHRURefrUASecsJo/photos/AaVGc3n33FEzofZ4zH4M_eUCbZefFZUug5fcSowAokjExKoQGjCjyI9jIxciP0i7Qe1fdzNsUwcc0uMO2ydcjsN3XV6KQJ5Y3kRY7PFeHm-bM-Uh-L1Hu5hY092KdzA66oeIwwqzy4OvBasZwrDZKPBVOrmrOoZJhPFWbX6SUBopGs5zIcm0wQlVIx_o1YyZF_Cvnck7DscIYkFMiGaGDPznmZz2V-YNrQHlTIkeTbxZC_laZc1XUwgGxMalE-gATmY2UengUlRfmUJEFFgzmvUQ0r_3DE1RV_2FVDndPucimHZcwNP0la4ubqDhDR1p9hY1fra_MR96m_XDNNAE14ZaAWOw0YSuz5WX7X2eeZ9coimxrVAklA5ZRDJ0ipIojQdwwritrtv4N89d-wCLg-uoOeNTeIjySmHEPPFwAZx3JiOzI2k
3304,שווארמה סטריט,"חיים עוזר 20, פתח תקווה, Israel",שווארמה STREET פתח תקווה,"Khayim Ozer St 20, Petah Tikva, Israel",ChIJQ6Guay43HRURFl60_pM9lX8,3.8,1-700-555-020,places/ChIJQ6Guay43HRURFl60_pM9lX8/photos/AaVGc3mPfWR0LdblMaRKf_4sWVgQ-8h8kk2er9lssNIt-UTF_i1yfkxDuxBrriq59CuQu6zmHU0APtvGBqWqoby_zGJ5I6aJ8ASIbOwpf89MAsMXyL2dw9e1nL_ExtRyqM_r1hE_UlUa5yGohAfTvDHbGSePx643ovQMp5rkBXhsQv5lQzUrzfaYpU7dgZm879WXCoruLJjeyW_Yl6TZhlWCxfnMNjn55bshYqrfWBcyhedRCY6DGQen1pDX4cRDIL4_si5PTLOxzWqa9eI7RAYcIKYrD_g1orLPM4UCFdOwzB55l9M6bkxmkicLc14Wpa8H4gYGr90oSmrYw5yAnuvV9Dx_USAqNPqqLPC5cQQSaK75h3vjYRfA15vMKrfwJEXRGo3ztTKvW4adNwWjosb6VZOO8MW4P8encK59atoZXbg
3306,קניאל בשרים,"דרך בן צבי 106, תל אביב, Israel",קניאל בשרים,"Derekh Ben-Zvi 106, Tel Aviv-Jaffa, Israel",ChIJvxpJLlZLHRUR5h0ZErMBKMw,4.3,,places/ChIJvxpJLlZLHRUR5h0ZErMBKMw/photos/AaVGc3kR3WjXjZ6moOxfWPTeQtsY6PZaVcOAWTRHCXndVWHAhjKbzQ8sW8u6PupD56072nwzvl2tSuvKFxwd2h3jOPUtQhkK329aI54s5CHKP1A21z_BwCGSLd9CV3igV3Q63CnodPjUiS4tkE-gS-6WrRxi3ZW3LTt_eU2Rkl_5kM4yG7rI3HQU4e7XJBAd7qTnOP49KXpOz2W3j-du802R0vN0u3nC7a1Vd40LCfV4KusbRn4_IMsMzL5_ceQQRbFzb5FZfGVh_qZpKbEVm2w23GV8HHOD4frGqiYxUCNuX3BS2dz5nG-hAP8vyWTZ0PR0ZQDro1YpnxtjrZcyXZ7-mFKUX8s8xgq2-0N0w0jrQREi5ev3CI8NHVVQnYnktqnvHrBI_uYzteKTev35aOAjFR5hoCsBrikORb80sse9C4EHzg
3312,פיצה רמת חן,"שלם 1, רמת גן, Israel",פיצה רמת חן,"Raziel St 26, Ramat Gan, 5224426, Israel",ChIJ_RQEeANLHRURbRrMo7vJqoY,4.1,03-631-5004,places/ChIJ_RQEeANLHRURbRrMo7vJqoY/photos/AaVGc3lH8y9HAP3s0C5L4Z5bGyjPKFh0CbH5HCXMkaYsUzOU6HidvB5oU3YPwZDs9kypUMaAwtm3bDzL480sskoSh7qIbNzANz3yUYXqww51CWEpPzmBpBvRCzs-O3DbkORp_9GQSgMykNPpZ1U5ifY-uU_zUzgV33VPPaLchpxnSQKIjVkrX1YrK-zZ4Uv4HcG5S2b-QDUlQK5rWE1FtHqoz9cV1ZcawaNG0wkK2qpzQqTq6Q6mc4OJZcWZM1fwXN1CXZG7gX0NvLy-4LSB03TSFxbDIFklNwsyYpVpd77AodkdBOWg-yCSz0DjmihE5ccirU4rNn1VwoGj9XQVI22lvhWui6Q_2ernruZJb0EzN99JZZsFeBe6IJ6FVg-sno7448sSSpxylxewCIAeSij0GKaojPHOXO4MpABESZmnYMw
3329,בורקס הכפר,"דרך ההגנה 150, תל אביב, Israel",בורקס הכפר,"Hagana Rd 150, Tel Aviv-Yafo, Israel",ChIJlS8hKA5LHRURGeBbM2luyvc,,,
3332,פיתה בסטה,"דרך בן גוריון 2, רמת גן, Israel",פיתה בסטה - סניף רמת גן,"David Ben Gurion Rd 1, Ramat Gan, 5231347, Israel",ChIJQ-YkCH5LHRURrWQYatd2yyQ,4.2,1-700-552-152,places/ChIJQ-YkCH5LHRURrWQYatd2yyQ/photos/AaVGc3nZqb7hjHVCpdD7_NHWzvUKyg4iLjGvh1Tstxqvy6JsawGF53NT0LSM1zSj_IK1C_8HZjtGQQFo7zgXIvs7y9aPdvxM_8kkvhsACmJJeEowWOk6eWdqASegOvwLdGs3X8nwpGfPRN-XPKvDOfMGKLraLFVJIQ9nTta6rMkWX_M5dDruKNQcTtWJv9SD2T5Ao1lCFoRRSa9SnMrK5pCwzL44k1vnAZnBsjmjJaS4-oHil8NVj8Z_ZFnX6N2HL-R-loT-IhhemsuWzTjH_2swb63pNOl5FIHoiBuUF1wgZVUN8kwFT2NgZGwRyHbQtBU0FGfeMQxN1TK67jeVn1O-k64a50mzgbR7AkuYK8l4gxuTBkqvRLFLqY51uc5G4l4SmdMUJGxfQHZEeKqggxz_ZWRz3VML90rMmiAQ4VPi4zq8NA
3335,Cofizz,"חובבי ציון 35, פתח תקווה, Israel",cofizz,"Khayim Ozer St 13, Petah Tikva, Israel",ChIJD7yLcm02HRURbPCSYhMfg1w,4.2,1-700-502-350,places/ChIJD7yLcm02HRURbPCSYhMfg1w/photos/AaVGc3lFToqCQ4cjw7T023BdpLDMuPgCKOwmGJLcE1D-ZADNmfDRMN1cFBLRwkub2CxAmY4oetwg6NsddJI4mKhSjmUC7GV2ULuw4VEMnqxEsvW4qQ4irHhDOZzM9MABav-ov1Jiqe-U8c73xMPlhqPbll92m9_j-HI6VHm913RY1say-hbbjsGdpKU0-yJl4BfiinpYcLIi_hLkjNdXiF835cD9WQl00-v2ebSAM_aaWPEGpLGbXKBYsIRT4xme0t7_oz6mM8XjSah1s2rHHyK6hwd7cO-7xm_L6Y6sEErebQCgM5TnepdnWwECuQk2aJqIfTDaXpd8qpez9UdmBSn8P8Kj3j0AIvmA1MoWrFo3y-psh_iJTv56bdj8Wj5RjGEygLircmts9qzdDP8HXZmjidegOgaq1Q4jScCxRHKRnBQ
3345,קינג ג'ורג,"שחם 36, פתח תקווה, Israel",קינג גורג איוונט - רופטופ לאירועי בוטיק,"Shacham St 8, Petah Tikva, 4951708, Israel",ChIJyz1GS5pJHRURz8JbjZ7IPZo,4.8,053-556-1165,places/ChIJyz1GS5pJHRURz8JbjZ7IPZo/photos/AaVGc3ndLKl2YOdY2bj_6ExgkSjN_6dR0jJzjyOfs-0bd_fAnDAMuScf6xmFC2KIzk3C0ljcRmM8O0OccuwOLrkiSEsbtW-QrLScrtuE9PTHUtsktu3WUVn-tLJYSzWmLBNESqlteBQySfpBQOZVlHQ43oKJ3zVfI2gVDuEhK7U8x8VaCNNyYeolu8X42rFPFfHi3_6zKB7th4r5nbys46GnElOMhqUGYpmMAJHLwLwbDdPi-BGs-yvl7rfMa2nZc5S5gxYXNRV6AnhD6waH9GUpoKt5ozlV18rzvEpGjixcFwoVKQ73qMdspfNZ4I_epP8QSq6cq6FYKqI2kH-f6zkoo6hSXCAWHm9aHR8vaNuIZD9xuOrr97_RXF5C7BXLcLyaRBW4i20fo0dIxQbpLiyVlaKgRp88r6jm951ZCej5262lyOEla3gX_QbSMxG1hX0Q
3355,שניצל על הדרך,"הרצל 54, ראשון לציון, Israel",שניצל על הדרך,"Herzl St 54, Rishon LeZion, Israel",ChIJnbyMR0e0AhUR3w0zXTIR-R0,4.5,052-481-0265,
3359,"מעדנה מוזיאון בע""מ","שד' שאול המלך 27, תל אביב, Israel","מעדנה בע""מ","Sderot Sha'ul HaMelech 27, Tel Aviv-Jaffa, Israel",ChIJiz9FAptLHRURq-WrTadCjrg,3,03-695-7784,places/ChIJiz9FAptLHRURq-WrTadCjrg/photos/AaVGc3l7MqUuzpqD2wqHYF8pwD8RGQRe5SeYdTuFwHyNOOx5-GysU_ihz0YKvuic3tW65zN5SCO86ex1b4po96mi48sS-t1OySw_hwcfZdOQVzePLrEVnxMgY_UALSuHgwElQMFqSCEsdTakZ8_9epiIt78uA0YmN7_nfSar0oe0fC2urGlejqCNEAnHdt0CHVBFM28lfjJY2m8Y-wNhOnrGjpgjYWncB6m5xOv8Unlk2Mg0WEi24i9XgB1imZplgvVnQd-mtZRDNIjqV86ldZKpp4w4PK_Jrr-aD888a7D9zfTpbs3iWanc7msGlWtBrRe7iofKwusASp6bFhp4hwXAEfwqmmNnm05ZDuJbUxpDMu5xYdFvt9yKFIf-l7XCoXfGquczsT4AGrUiS-MeMNnrqfZD8S9tCxv6_5WsgJohnGO2bA
3361,סביח אגסי,"ז'בוטינסקי 99, רמת גן, Israel",סביחה,"Jabotinsky St 54, Ramat Gan, Israel",ChIJj2q4G8lLHRUR7GBH5JGmh3E,4.7,052-825-1763,places/ChIJj2q4G8lLHRUR7GBH5JGmh3E/photos/AaVGc3mAc131psyPGXt-UC-8knCmX3yuxNkFhNEATnfQUUqGv3qG8moPX-3_w9yRU3FaB1c56UT4JhcOhbyMh5reZZY8rC_sZCehEdVI_IurgDxXAnIP9jv_9tdYlQ8himHkyukZqG4t_Xcr5UlR8PwM4MjkPTHFaTCm2DIoBRRWkjxZH3u2E-RQLW1VE3CXxOQlS3z6yFJe3qN4lYKW5FXYWBo8jmn4JGU4RYGJwfTlFXV1oloHw5fimWMkibYaIzTDh26vllaBAM1vY8HB4gUtYG75tP7iTYo7ocXU4D9oAykhUzLSZKqT88bTcXVHacdlpMkNu150i7amDvy2gyNqF7y0VHuJ5s-XhGaM1qzfCSINpym-r1jGhhVRZ0bcIatcZQ4o-wIua_gnKrVgwwTfc6SELcX9QDNbxK6WOAgQJVi03A
3368,וופל בר,"שד' מנחם בגין 21, מודיעין והסביבה, Israel",Waffle Bar,"Derech Menachem Begin 21, Modi'in Makabim-Re'ut, Israel",ChIJu9JE497NAhURmme4SGnijhM,4.1,08-979-8868,places/ChIJu9JE497NAhURmme4SGnijhM/photos/AaVGc3kWYnHlUFN9zDCb1H2tD19Nq4MT4Y5WAw2C9zit9Dl4oT4uHqlb3xtTl9orzCWIDc-UEgoipnVyHfsN8NDvEmhK1S_soFSr6n8EWAc5N5BKHagYyjCjsoEDedE913E4rRdjU2_BoBzdrU_IvXrwmH24QafP2jgDyenuIlFNH4B-XRfWdP7ukGJ7fg0fxso0zRhpWjzJpx2AhOYwUXVg3Rn9yQrpnagDlPM5WBgiI8Z4wc131k0b_wfGxoA3wnqVxMRakZTboW-_FNWRqvFB7QWlcQC3ht_vkAPD5Ogx2D_yZfwSjUV6A__vh978JQ5ATn1iS31NVor3Tz7j3sl0PsFOfSOOLvUJPzW8vVB5nsPg9ycMSfIYFxH4u-Ye4GwD9RnDkrmwe1tJR_QdOYz46t5k2lzp7d7AtTDAsHkpREA
3384,מאסט אנד מאיו,"אלי ויזל 2, ראשון לציון, Israel",מאסט אנד מאיו,"Elie Wiesel St 2, Rishon LeZion, 7579806, Israel",ChIJv0XvK_SzAhURhIzwv8oHSvA,2.8,,
3387,עופל'ה גריל,"יהושע רבינוביץ 11, מרכז סאדאב חולון, Israel",עופל'ה גריל חולון,"Yehoshu'a Rabinovich St 11, Holon, 5867115, Israel",ChIJ03kaoX6zAhURU7lw1YlDeyo,5,03-654-0870,places/ChIJ03kaoX6zAhURU7lw1YlDeyo/photos/AaVGc3l_s__eASi7Nnr5gVIEpM_ao2RSeEUTKzPbl3age32LosmEr3CPpM4F-x8RTiSYx2JOCqXGa8LXrVq9kWacHBLZ1V33XwpL2d51nxnZTkmRRMbiVUs3COCocKauFGNGSTnf9pibdeLypLmXEG1ZAZvRjOBgDG8XjFsntBxqg19G9OG4TegnyKJlkce_JAeCmgDzeko1pqJSDDROf5QzpYMK39tyHXinO-jbd5Z0ONegg6bfs83uXxh628j4cY9GaW7Q5tqcgTpxeoXyJWcaGOEK7wZN8lCifCmnq9OZoPGL38qy1CX_3xo0AMoB2E7oqTYof6bGUr2Rh1kep7UH8YVCo_-yicFU3WBPLlWYyKnWEkjRXSLS-kvdQA4TV0WVq9U4xw2GmWk0vDpULvrUYrjRGow1fOw81goDMB_MqPQ-A7w
3403,בורגרים רמת אביב,"ד""ר ג'ורג' ס. וייז 20, תל אביב, Israel",Burgerim,"Dr George Wise St 20, Tel Aviv-Yafo, Israel",ChIJ1zSC2-xJHRURQaG_NArMrKg,4.2,03-676-9717,places/ChIJ1zSC2-xJHRURQaG_NArMrKg/photos/AaVGc3kN7kAahcE9jblkFOJoxe3gsfsv4oH4bgg2htVuGGIpw7Mtz9eRGbHUHaZI6rnGi5zLerO2j2aY7OjNz-4bhJxgvztKlKJnJZT8Pp55_VxI9xVk4pG-Md8ouVgg5Up1Pzwj9HjbacjyJAnza3FQh0RL9cqaf82JKGPH7KRwpBYZ3_f-OvfoI7ePjt9Sa3SbmdK4F_xkR22FqsQQ3_af20nEQItG6i8zndckYxaM4FGfEcyGd45BtwIfoZF6SYagTx5YNo1bWAMy9UD2YXhetCe0ASUWsVmkYCn7zhtcGK7MB0CiYgXpvMqD8XXgMvzOebtYQs_1nnS4tO8Bf4m7NPgywBrIHDF-UTcwMNKqePZbhjCmZDZQ0Jj6Mjv9Pd6HoA6zZj0sgX4qJ0Vxnr-l8pk-B767K2qH-74Mj1wDlSOu_ELSGykuctIlTTL-oIOl
3412,חמים וטעים,"הבנאי 21, חולון, Israel",חמים וטעים | חנות המפעל | אוכל מוכן | מסעדה,"Ha-Banai St 32, Holon, Israel",ChIJC0p7z8W0AhUR5aOv0ienmz8,4.3,03-559-0560,places/ChIJC0p7z8W0AhUR5aOv0ienmz8/photos/AaVGc3mbs3DbhfnpqmFyWSHLpCsh0dcwLxcavW4Klm68Ghe7IN2e7cfTnWhujMCg32ZhnkleK6WlvKYq6HnnoOVUK9OT510Z8kQ-MuibuMFZgI02THv4oOqAUv79akU_AN8rTSryj2ioWix0d1Jg2WeCUQIFLRsUPGtEHZ-s0G7588DYBEF_wVfrfYgom8bzYhwbuwD9tXMWDyVt8qs4fRz0uz8rDqRBV8f80Y7GDD-NspINZaXeEpfxXNhitG9g4iglms_4g_JlG3EGQlWLtC1qXKWgWHEgfuO0WFrPdCQ2vQgeGguGLO-grSUaRk77pYkPWvRMUuALSdTodiHruONJlfdAWHuI5nCpHBETe-xTj_hvvrryiHt4X7xyV6rHWCv5zv220yEl3R8U1YjNcJDC8_lbmKnT8B0B_Iv_7gPQ-Jx1xtea
3414,וורקה,"הרצל 35, לוד, Israel",וורקה,"Herzl St 35, Lod, Israel",ChIJiY1deGHLAhURZSv2RcYkNdg,4.6,076-816-3807,places/ChIJiY1deGHLAhURZSv2RcYkNdg/photos/AaVGc3lS5Lrd-be8ipsP2BTcR0kzHGa00LP5Fp8R1Zu-oYV26TmZDuc8JPTJyLKvE9n607gDb4RDfuyeexwNSFzJfVYMcmbBubnO_RlaN7Lqnc09qSa9YyRZ6ahxcdvlOm7nyCAX20Wkatu1BWCjDxCmmlzr4Yod0Szqo-CX1_KJy08D0tgkQdgwTY4sEK878L_yECwRMmbm1_B-JYdl4nzXeAKr7bTH2TsQKM2IPmOPRM52qiZoeL-lKU2C-zGy2BG_PMrpwcWwbgDK8V8Bm5KQWdW0Wu-ZexrexLOGzrnswq5FkFw6Z96VNABqEIpbvZ4EeSTEIJs43sphQb_PWZPp35lzbkU2v8i9ntqxEKZ-zjkUqNr93yupj-jNGhlzmD032UvzlsNKo2_5zhuo2DG8nv2-a3sxcDoZJnPFPtnoP2TRThM
3439,גריל בר לנוער,"אורנים 1, רמת אילן, גבעת שמואל, Israel",גריל בר לנוער,"Oranim St 1, Giv'at Shmuel, Israel",ChIJMWXKgGtKHRURVvJbKilgQ_I,4.1,03-532-3182,places/ChIJMWXKgGtKHRURVvJbKilgQ_I/photos/AaVGc3mbwqmPyIDQ4LfrTcJTHkLBuoadQQfYTrWOnlKl6Zu59tREpBHV7ByLjV0G_o5FpAl9VAbpEJGS3gnVDH0_nFjpGWZmYRAAEL1VfK_ss6teH7cmo4TUgfeXc527P6aIFkaItdOtzSLiVstLFbw-zb7B6f60i6qcWrPN0Q3FQdc6L4Xn6XS-q9DjZfDRy7Sv-lRrKkM_Mne0DKe2M_mVANIv9Ph1SGVfjA2tVEYV_XlgCWWLk8BuGUpyM9F_yY-aaAMXYoO6UOf2-zcQPV0hPq6v4kVltN6FggKTHqoLkPNeerBhnF_aRzzC0qm-F7-QF-CUvzUZEEb3tBQLnrk_RMAFvy2S0FAo2_FsdvDTByPa_6dtwFzKRz3lkP9dV9ZGE9qqe1OqLr2QlcWo7AucNPH7fVl4aJDFQbAVZPNDfKuO-0ox
3458,מג'יק בורגר,"אבן גבירול 64, תל אביב, Israel",Magic Burger,"Shlomo Ibn Gabirol St 64, Tel Aviv-Yafo, Israel",ChIJ2en6l4VLHRURpegqozrBRq0,4.4,03-695-6782,places/ChIJ2en6l4VLHRURpegqozrBRq0/photos/AaVGc3lTBXd4jJiyrFywBjmEyXk0skbXIm3aVBK5w54MvdE2GwLocsjdljeHKU-Q0EQlFFD1Z5XpVh4zs-fzZmMx3-ippVW-9lmO7SMu2HTQBaYpfK30BgTMmx5ycPRbPqhPwMH9w6mwaOJeqhqdkxT1UODYvL0Rk-LZ4KymhIV8CZXvDoHBozouv9xfCYyZZubG-cyLGJpFfx_7kkkhdreU0uVUKLaLa4SLSQiVxUSCblY41gG0cMSfCcgPEHqqmGBnSX6Z4dTR92B2H8vKgdnqJ-Rc875-U_qTHNy21Tj0m-yHX5J4lvka9gWyih1-3NuXXzHC4YzEXD7PIMKRj8gXiT02igc7WzxE1v2aalDk_dRgLPgbt6SkLHQQ7ysaLV4lxB6xSLpjNDbYUmckDmpM1Vqp3p4vzGPVbh5C0cLbVs_J1V9I
3461,חומוס פאוזי,"דרך יפו-ת""א 20, פלורנטין, תל אביב, Israel",פאוזי פול חומוס,"Derech Jaffa 20, Tel Aviv-Jaffa, Israel",ChIJHciW4JhMHRURH8m3GQ3cNTo,4.4,03-518-5023,places/ChIJHciW4JhMHRURH8m3GQ3cNTo/photos/AaVGc3n3QgzxSTAB4wSOHM-4oaZUAg5od3TYKNKaWm4LXWcoqLxj0b28NefnMpX3uSfpbVzP10Qm_eGz5g7jG70ja4j9fiGgUCCrjCdmuZv1jpWwCt9cBaL5zJ9mFoPup1cZfkD-6AjZ4s05yxaUci1QBscAwr4YfB5XDSXrfORHpxHtkUaGBsLMV-lUp7eRi87P-zG3oQD3lp39wmeV3wi1k1-Fby2tVV2HfB3-9eGVRgPtVmdvPkdqSFMMYIL5akQtp7Qev-usRcwgzxr4AlTse00PJel6qN0tSlSwT_lqUkJDAen1tglajue6wWdMUvAVCIWdudg1kLHrG12Rn4R4kRYXLHl6o8yBm-2Yw9jEglcWOns0cem2iEPYw1deiQzXPrs6PRm6BA8IJx6mxvy-Dmhb41sdTV4W20jCxjDj_uwWV-v9
3462,מסעדת אוזבקיסטן,"בר כוכבא 32, פתח תקווה, Israel",Oasis Uzbekistan,"Bar Kochva St 34, Petah Tikva, Israel",ChIJt4PeAac3HRURLLLvzj9eF3k,4.3,077-418-0280,places/ChIJt4PeAac3HRURLLLvzj9eF3k/photos/AaVGc3l7dpahZkK5iJm9Bfk59Kbc-dczFPNz8pvPOnhsgmR4MD7wcLUaUJFxOY4zCwlTfjuxHAPuKrS80eSl8A5VdRdRcvQ-eseubk01vLGBB1o459VS_NZ6IdAxwLnKcD2KTwJNAd0OA8qWzl3wzuGAoRqiaKsXV-cB3mZjwF0fGI3DL74oubeBlvx1M2oTCLCTHiE0j4E5CEe_vbzwad5pwO_tIYulPtIOit0RbH5Ets6wiCK-kY5XVllMvBGBNpLqWAxzjjcaDGG-c316UGbAEzVcBsz98k2mv-uuKBf33jJmVkPQyBswsGdEqFYS2kiGMHM92IMsb0Cr09dyqzfbWvxZlOEGroIhpH3UnCbn6LsqZ_t5zjM8G1Q9TcM3iZM56IdPP1XBrKoMzP8HbJeEua8JCWVB_nHEBZgSLcV_lYQ
3465,רגע,"שיינקין 57, מתחם שינקין, תל אביב, Israel",Rega,"Sheinkin St 57, Tel Aviv-Yafo, Israel",ChIJDzuAi35LHRURy-fsWUAwmf0,4.3,03-950-9144,places/ChIJDzuAi35LHRURy-fsWUAwmf0/photos/AaVGc3mUoeot3RgIbsYPikEWpuvNp_1V-nbkb1YeAP0gy3kLrssh7_DILRZDbNAZqwwWJHnY50H3wHF_kcZ9QEUcmQeFHuH6WMAcU3wr6O1Ckb87epBii2S9L-A5Z5A9MaPRybH4Yt57szLcQjigS0-3RLEIhFHw-GHrOZ-czK1044FVqV1UMhbEJViWG-DPsUPXJhKcyBA8tUdpELuPAUSHunTEphQUe-msbwYmrfuMt8W4oFQrV1gP57_jY849bPnS1WdkQZQIn4CPsIQkCyi5byf7Dt7n_jt5rDtYP6ja5OavTTF_bGIDfZV3V1_HDBXE3VsMDA69CKNtA63U2W4mKDXHQejg3YC7clVOt4oBKQyIGFmf0p0JePyyMc9cRKSHtTynk9uvVhmBxS2q9IW8C90jkuXwpRmL-lApr8r7wT3SPX8t
3478,רגע לפיצה בני ברק,"הרב אבו חצירא 7, פרדס כץ, בני ברק, Israel",רגע לפיצה,"Rabbi Yisral Abuhatzia St 7, Bnei Brak, Israel",ChIJ2bjDoSdKHRURy1LaLizNcZI,4.1,,places/ChIJ2bjDoSdKHRURy1LaLizNcZI/photos/AaVGc3l8F46Yno0kBgsAELJiEjUP92MTfEZqXGLO_bJte7Ktc5Y0Y3gaFGFNRobbcHMLN4OwDZcipz6FXOBGTrNt5oVBPT9tRQP1MPnQiZ1QP_3vnPJohvFlHtFTyhR5NwB9NFl60kWe9dxpuAi_5nHfUXvEhc-F_dc0Ltmdy455_NtTOOkI831CzMypw-aHQuzXAUDR0H9gjMlhZ5VdwBHkhH_0KmYYWFbLeNwXYJBqwVsUiB1TarWQeYlnYGA-wXwedKKSiTbZaQ5BY_hyRuAGFl3y98YPeREhQz-2kCQ2E6DRe0mfmCy0z5jG3ubd6lcPRcLn8ebpL2_fOdn-RdEv-HY3AchCDyKDAlo0dKBWaaXuEA5e5SYI9K1jhDM4m3TgrGyN0Nt0KM0GMJYWNE0h43iIyH1BC7p65MyYklAitCFrcQ
3499,EggZit,"סוקולוב נחום 62, חולון, Israel",EggZit,"Sokolov St 62, Holon, Israel",ChIJeUze26e0AhURNH-MLl2ivK0,4.2,052-343-7501,places/ChIJeUze26e0AhURNH-MLl2ivK0/photos/AaVGc3mMwEeSPsfRd_KDRsTFnyA4WNdrM89a66D6XUtInujHyn8HCuLZiTXpSReg2bUGdJiUgDL5e14WXCPR92y197CL4HZlpllQtncObpm1eEYEWQuWNJYz5yhJnqSGo1iZ0BufbdEjUK25WUxuTNjokTMA29DPS0QDmxPF_YcZTUwyj3UKDCExuYgrflInLP_NBAqfftXLRu9sfrGFO-RzTNKByBE-sT8_5nGAznddsBMoF4A_6_VikOXCyRNl7ii4-5ZZFdFv78IP0U9eFcuq7q6uvujNTDI5VK-sXpfLHQjtqh_GhnjDf3XkVeUstwrUDqMIAOLB8r5CeugJdss_tkEKu3bwEQbQkYPt3QqFbqfShau00UppDDnuaxlc_tdq9ZeUM-SyvwvcmnF14HH15RPLZgKB6mrX3pOXx2tElyM5eXfx
3509,חומוס הנביאים,"הנביאים 31, פתח תקווה, Israel",חומוס הנביאים,"HaNevi'im St 31, Petah Tikva, Israel",ChIJy4lZiHg2HRURv76EXfYiKsc,4,03-947-6652,places/ChIJy4lZiHg2HRURv76EXfYiKsc/photos/AaVGc3mLmUCOdOW0XL6L43SEmOAArNw3xHI4XDvY5XjwGdi6rCwFzHpxz27llPNrPIR9vB4h1P1D0HFzksz21KLnsH9JBCrQJesWzrJD9z5w4-tGdAguB7YqiKaUiKT4wfJp9eX5f1JaKk-SSKlECKZvrwpKwApJqzPphqTg4SZ0iUWDd2NuegVkV3yVPN2gfkuXUNGBt5WxqkUNrL01dj2T16aDR737Odp7ksPtjtnZ6Gadd3In6ieOItJys6CK0_2R7g6Jgp-aD1Jysb2v80v5M4iTt1EOblRn3oxqMWnsRct_4gHute2LWPIuIjqOs9qD0bF1lpSHjFEfBkrrAosPjiVUSYivoL_8pljHbTMcj-GAaUt70mClmOT8bq1t55x8VG1m1-_7zzDO_FTpH2mpY5XKrkKO27YRLxxzX-Xvx9E
3513,המקום של רבנו,"החלוצים 2, פלורנטין, תל אביב, Israel",המקום של רבנו,"Ha-Khalutzim St 2, Tel Aviv-Yafo, Israel",ChIJiaRHhZ1MHRURUbfk4NuBvN8,4.9,03-527-7376,places/ChIJiaRHhZ1MHRURUbfk4NuBvN8/photos/AaVGc3kFEhsUWp97kaHeA9oaOhsrOPhL1NMj1cjFBNpCGPHZhfZ983w6MtXduZf1InXxj65cFVkQYUL_BtYzZSaGKEKCvNvokY_MDtHtOLZ8P4BhWQbR91nsFRgupMo8c2Gnwj_GivAzo_68HvhFt8itofHrdUajafcJ-Nb-JJ0Gx1qu5w2UFUYGzV8asPT3gLGIsyXJgvjNOepJVIvoeHXVgAQfQYXPrhor7t-e0Eb0eSl6DExL3cBHQsnYBO_ObkcfbYVUO6H_zQX78OR7TM2lKq0ji1A-IzERgNU9KgeNS2FkUXaJZ644cwXPnJqKC1eb-yMnXam98l-QmgIuCB5-CqVkGt4dj1ImoCEx5zj0xDnRlc5wskY8CzmDqbcM30TsmGCdeetqNltI6_h4zFIsIFsS1bTiRXybRiibUGy8L9JxGcVp
3523,פיתה בסטה ראשון לציון,"רוטשילד 71, ראשון לציון, Israel","פיתה בסטה(ראשל""צ)","Rothschild St 71, Rishon LeZion, 7520270, Israel",ChIJ2_MMX--1AhURMU5dCh9zx5c,4.3,1-700-552-152,places/ChIJ2_MMX--1AhURMU5dCh9zx5c/photos/AaVGc3l2eg6Wae8ppqxXh1Yg6TR2gSda1x0wiRIhI7lCD81gE2nDK23s_QqT8-xHwAXTvpQPhIKjhtYR6jlxV0iAq-3gPt9lxhFnnblPQX5dKOJVu7Tt8NeLEwCAZs3Gaw_n2teb721aTFMuhiElpPsMXgqZKou5muOMHKIScbf1tY5aSNtqAbDpa9Wg0DRFYVPkJRhxSDy7l5Dg8gPfdeETO8HfQvi4Eo39Wbkrqqa_XVceBN0vrhJ-YYxhwY3bknEzcC8ZwawhmArMhIbUo0Bh4w3Mb3oczDVx07ut2atcXms1yqkTvWKfbCMg-YWMa3CRVIHrajUt3Rr1yjk9Lob_qACvgh3s_BH6kxJN1zbPT84bJRtFcYo9SglDwegS_S4lg3O7j8nSs2QjRmJdBa68D5HcwpqqZ2BpzP3hLcQTEouODbhQ
3531,לאנץ 25,"הרצל 20, תל אביב, Israel",לאנץ 25,"Herzl St 20, Tel Aviv-Yafo, Israel",ChIJcV8GRJxMHRUR5RbZrbl9_MM,2.3,03-605-3053,places/ChIJcV8GRJxMHRUR5RbZrbl9_MM/photos/AaVGc3kCXaz3H-P0OjulBEp0OqpX2gHe6m--hG2HjZjwfy4edzOg2PsbNepU4q-eclxVRUtVBn2zfT_K5MnLPQr2d6Bdh5FV0Sc8CmtsKjn-PkwY-WkE4vu8XCEYqzTJZZLO8tJC0aAdTXNi70RTWmufd21pN6AHoOL4xHVmq5bHAdxcAq59kKSgUCBpjbNvEkcMD6N937OXFLPxBFoqQH0Xi7yKUDfxz7GPa1aIk_xnE3LDbhUkdAYuOuGsuKiK-EbmrS1vq3GpuvOzpVF_lpx513haQ_LEqP5Uywo4EYtJ-ilOnMk2irtCB4t_11tkU7u5esXpwuVmFC3qd3_jI2RdWFzjIiMCvfnMb2_AlApOMFabK2qAR7_TK2t_TzIJjNafX9AAXhT0_VIWsnCO0iLxWbYg9xxLpMqVF7wsZ4sJffw
3534,קפה גרג,"דוד רזיאל 1, קניון רמלה, Israel",Cafe Greg- Azrieli Ramla Mall,"Sderot David Razi'el 1, Ramla, Israel",ChIJW_4xIADKAhURSRz3aXGncOM,3.5,08-915-0900,places/ChIJW_4xIADKAhURSRz3aXGncOM/photos/AaVGc3mUZwTLL2tzlWqebRY0brnQytIrtrnU0UVhGl_98qnCIMT7beeU0b8fBhi9U7_QhvacRBjztbdv_11EnMaXuNC7kF0H-qXkf8usxBfglSXHEYxVlmfoX9VxHEx7agQJZKeS5fxWm4Q9qAd0hTDosRYpkYjeE89y7mRsXo8JdoOMbXi-0TaBSfYD7Zm-37Ue_ErbNHHjFpBj0xAb-aafrfZztRw5CfnnW6zaBBdaHLal4w2AjTxgcygqSiScXlhbssvejVWnekUbF7gqdJfdY-yXIXLImr4t6TBW5G1xrspdrRJxDZt-yO3xFMkUhg8XJDhUZRiUyBEQmBlTxtTOdcZay7a2Eb1hLpjwXJdGyTJI09qQtqcTziD-AuEPh1fCh8gex0nFwjGXk3N6UD0zry1XtD8nh-ljWv0RArPpnicS1K8
3540,בורגרים,"אברהם גירון 26, יהוד, Israel",Burgerim,"Avraham Giron St, 28, 5621732, Israel",ChIJg7QDogU1HRURXhuz0UYs7lw,4.1,03-600-6223,places/ChIJg7QDogU1HRURXhuz0UYs7lw/photos/AaVGc3lYDaZ31VoyXUIU_fA8uBJZ2UU9evEcmlxjDqlL8b0AJ5mha409NYWCnIHv50zboUB1kKGJagixTErZQHRgmVNSEni0MytNnr7kJtre_a-qqkJWghy4xwKurIc8ezJFndD7xy7OJPUl4QFamvipGYQdNTRuVqJekJ6gstRRB1Xp7ixZMNU5_f_fjA0spuy8Wy6BDbPOF5uZ2zqF_cEfDReUiUwyzia6TDRpxaFZZc961oohhaixGZhAro8B3fVwslveZYDlSRFdecqGSyBVfpgz28xXwreOdM2esGx0KlzqeLSXkJT_FRfN7bkKK2n2e8ojPIGWtwBQYXa1bXqxhpHAsO6_N5jXieQia1YwgONAt7v8MXtSkYb6JByg2eFlX-1r3VMtG0qStBoZ-gbpoey1adqH0Mlvbd6aOOPUZw9ckA
3541,רק חומוס,"דרך בן גוריון 13, פרדס כץ, בני ברק, Israel",רק חומוס,"David Ben Gurion Rd 13, Bnei Brak, 5126016, Israel",ChIJeR4HXyJLHRURNNMDi-V28Oo,4.4,03-774-0077,places/ChIJeR4HXyJLHRURNNMDi-V28Oo/photos/AaVGc3lBsk7SJ9z1y96emabQ2O9AAH03MpMHWb8QGtAgERVlH5nV1ymbLLehnbgTT5VaQzW6CHw2KHXDyA7FKB8ORZF5qKilcV_4-fTKRk-RP5cO9yBU11DTRt5GrRQ4E1LTs-OsBuUDCKaUHxmGU2sRvAlTkNF82qfKd4nmqdUmUhzUe9EPqzj4Z7wiTR8qLKfNff9i3aYUA2eRf5MvayDy38_tEuL_gbsBfjAWgSMo51LF-xfV8LCGsv2mxJGchqD1h04Obg8JGLx0pyo5gTQhdEqVyKA1jNyzIMCdHaZr2US40hlTtmke1MXX46hFtlFVlGvWYiks276dbr7CqI-_rLQCYLXIuE-vK7feZF1xpr2IUASF1syihqCQ86ncO3R6LQmNt2AgzPZVOAFC6gMGFfrq-vGUEO-A0kcnAlUvLjQz0w
3546,בא לי בורקס,"חיים עוזר 7, פתח תקווה, Israel",לב הבורקס,"Baron Hirsch St 34, Petah Tikva, Israel",ChIJB9cx-Vk3HRURDbKeknN7fiA,4.1,03-510-5755,
3548,מיתוס סטריט פוד,"הברזל 32, רמת החייל, תל אביב, Israel",Meatos Street Food,"HaBarzel St 32, Tel Aviv-Yafo, Israel",ChIJIzGG2epJHRURGgRIGUwNFpw,3.9,,places/ChIJIzGG2epJHRURGgRIGUwNFpw/photos/AaVGc3kfb6OpKZQf7hLRQmxv1nNl3UO33Df45pYYIV68gr-Lmt3HuTjEnuTIKlUVJmIK-Fw_f9Qgs9zF9SezMufORzNVKEe7mNdab1AQbf2HheCUacxDePLXJF8ZmIuoX62TYzz3pZRIzq5z8FNT5xuJDnDc5J73kO8UTjhz11tZLj1JwG2Ou0t63NaVntR6wToLQs0dQdRhFERrrBm0OGpoaiSr368Y2f394Sh7yzkMAzJsAfigc7AU6yjMzchtXeY0tMTyYizcaDtAUfFLGGhycbMPw-ZQUKgQptEHGZ8q41SOpmREDeguYkzbkgAknzyqxtRhkfA6SrHMMfMvQ8kkIFgnVlUd2OfADW_3LtnnoFaQrzT1_6E6ydyE8d31QeknoJH0ia4lYl2klkjQgeelBI6hOLderXJGttvpRTMr4eP_Yg
3549,פיצה פיקס,"ויצמן 43, גבעתיים, Israel",פיצה פיקס גבעתיים,"Weizman St 43, Giv'atayim, Israel",ChIJ9SAmw69LHRURYqvElt0HJi4,,,
3554,מסעדת פון,"שלמה המלך 12, בני ברק, Israel",שווארמה פון,"Shlomo ha-Melekh St 12, Bnei Brak, Israel",ChIJl1R_9T1KHRURCN8hiRSGjpc,3.5,03-574-6605,places/ChIJl1R_9T1KHRURCN8hiRSGjpc/photos/AaVGc3k-WCISX6a7nBQ9Y5F9RZmjssTof4RcS7Ugp427zg_NTyv5GciSvFUwhW7Q0OOCHavJSlNdhGJ2JDeagOPfsO_PNN5o4nuEE5hKeNUlX_9viYShyDJhnO8OmFVVEbPJNWRm6YgpMjpNb0TQGIo8WkxHRqixBuhX8OI9sUX3kMr-yV_N63xU684kwAbkjg4rczVF1iGF1-HpAENb6W_rD7iYTIMW4WWFwty-hY34ShSyd3wusKE1XTQNM2KJl6nfzx96w483k6lWRPiSBBnMo_JfroaRtM4JL_LC6G-m1qC4uzPFyb90oD-pRdeHWWKRwtV9SpK3H-4c-5zp55E8-S3pukABB2GdsH-pJ9yi1QO027AdvUCnuJvjMOuXxBQj2eX-OUB5g1aQ3F_5Hrsu934ZENx-7oa1Lsd7fD5XyUY
3556,החשמונאים 7,"החשמונאים 7, פרדס כץ, בני ברק, Israel",חשמונאים 7,"HaHashmona'im St 7, Bnei Brak, 5110001, Israel",ChIJmeIFr9hLHRURmv6tKzRBFDw,4.5,03-575-9473,places/ChIJmeIFr9hLHRURmv6tKzRBFDw/photos/AaVGc3k2sh_jgAxhhG66Pe0thDhIKhe1-QxlUCs8IgWy1dhSPwHhAqwhtzMA6beeKh6VV4_VQewDJ7abMSKBJmrin9eU3iM8cAO0j1o4Ovzfqs1SBDBSUrxSk2E9fS0iPbsGXrojD5B8EZ8Y3cfGGeWntkhjprsWBLJcie7OcHVVWIxNmgtXVw-KquCFm7_g8Anrruwh1Sx3g9_Yj-Geh-jD7FYMjCYuAo8HtJBubK3DSYiVVRcRhNigsa-aaLbsJrlKAmL1flzDQmezcsplJ_vIjECfTVgMKK-SSX_YwTUa3INexFcNszpR-YPo1uCgJoFCunt5hugXB6wnoKS1UAmTpe3iJzdk4KKDGE1fyIf_u4Au2-nevB5VJvutMi8n3pkSaflgZiH5WWIOEdtHfocnDpE-B7DIqsAXNsq1Ymavqim2vA
3557,מנו ומאיר גריל בר,"השלושה 11, יד אליהו, תל אביב, Israel",מנו ומאיר גריל בשרים כשר,"Ha-Shlosha St 11, Tel Aviv-Yafo, Israel",ChIJURyzwIVLHRURRkps2y4R14Q,4.3,03-773-0390,places/ChIJURyzwIVLHRURRkps2y4R14Q/photos/AaVGc3k6G30usmvU-PqpTBxFNMR7H6ku-UFt6ZmbkkwSLwhrh-CgkDrirNlvNWzGOB35x850-dYKbGXX0a01gLJpSpLhQvm4JG4FCKkq9-IZqB3yEfmPiaGMzl3hpZ6s__r_jpbMdsdl3C8zqoHO2jpCulNV5Ads3iwArGn6b_gund5T9sWORRVWtmu6hhj0SJyDQHMjO16vr9lQzbQlJTQ4a1mhEQS7A9uLoffLsRHXFskUPoZaycMPhEBep0bBMat6NKTZADSqvu3xpfjXQs0Wk6EAJ3w9LeEG74k_stX39zkGBIMR3ya6KYxW6ZE7JkrkL-7yxO-w1rw55vf5mRDqwlZjiZEyRbykobdhiz3BCZ_g30KoX6dap921pQVivUL0J5SH4zxpluQb5BewVbmkaAq7hsAYWaFZk2u-sHdatXs
3566,רולדין,"בזק 1, מרכז G אפק (לב אפק), ראש העין, Israel",Roladin,"מרכז לב אפק, מבצע בזק 1, ראש העין, Israel",ChIJu2QWhuAwHRURnrU98UdAV-U,4.3,03-504-9999,places/ChIJu2QWhuAwHRURnrU98UdAV-U/photos/AaVGc3kvjxwGmnY5wMxExwC0JljUyBKMTH2kGmQhgBEx8pH7uwwot5qpWc9B3sdr8D60G5_1KYUHWmeFRrSv0y09XC1PxrIU7USkUHGT24QrsC8sfk723EYUw-v9PrFWk9QWOnvijJE4Fk_p3IdujittkoqXl88IEdrbxL___PbTgBi5w1agXjpHJU_6lG12VUWcSoZlRo6O2VIsRtRC9loeSLnVe27fVo1iLX0f4pjbGXJofYHwV7epgjQzEZIe5FIeb36i0I5J1L4oL28l1om_Q7oZIyuIT7OluQq2vv1JIj-9TFWUUhcifbFp57NZ7R7TE-XZesUuTiMxvSYkFxNx2cOe9DH7LA4jmgKqJYzE-RvHHdQ6TBDL0TvZNjjHEQiYUr9bj_fqKQwbxfvcVhm0piZTNpl0S3kOgaaziMBroDthHcUK
3583,פיצה סיציליאנה ראשון לציון,"רוטשילד 112, ראשון לציון, Israel",פיצה סיציליאנה ראשון לציון,"Rothschild St 112, Rishon LeZion, Israel",ChIJITXFQhS0AhURM2rDQ3pTcv0,5,,places/ChIJITXFQhS0AhURM2rDQ3pTcv0/photos/AaVGc3l8kCpvXtDkyXISIbt2iaBXl8h7bl8AfWG58tMsnJ30zV8uPX6G7DrKR5GRA1PPeadw09rMER16iaWZJE1sN6i3elhWt72PryQW6NNZ9ZY51fyV9nv_nyevK1vtjjstVIZjxRcQxhuJBZ4JrpVfeFuQtl2B7jHfMM5co2VFclQQVbaWcLEfOIZ7qZP1h9lHzJh0sS4Pz6lAvhGpVhMd3Th6JgTdMJ132bDvL6v_P7oMTUV5qJV59ws5rXtkPbZzS5V7RGagAAofZBNrhMOb57SYgoRVGndIvsj1HGvZozA-BJu4sn44db1LOTojqNL6duMhH8IN54XGDV5jjV6bEFbWo2MNsFdjNysj-JnSReb2w8AO5qkmfaPxWy5og6CdXRCbl2fBXBiCOt0yf_7ebQDTj5eCZXrVheyl3byYhybT2g
3590,חומוס כספי,"חיים לנדאו 7, מרום סנטר, רמת גן, Israel",כספי,"Khayim Landau St 7, Ramat Gan, Israel",ChIJfwoMyshLHRURlBvfewj1RJE,4.1,03-633-2267,places/ChIJfwoMyshLHRURlBvfewj1RJE/photos/AaVGc3nt4OXx1gv9rvIgNUxi20s4Yr9hpr5u-XRhegfpDh-Y0tKfPetYYUbBkNlD1pxB3SbWMrfXigP6xWCx5btxhCWT8Rpaz9sdDRCJ8dIA6GAJ3Q4szw162-Of1kX14dre_l-5ER-hJw-RkQ4XOe4yWiM-ZpywesVGRjBaXBb8D1IHCO3-47TRGbU21gYfgtUw-iJv48SaZ1dlknmJjBuzbBMAeHTjD-6HjhEYTD1av7hJPIepUK0mu2otOnwSedtWMfqwNbQHmtJeG9DDjUTA3wccA7SlXvWE1YGlU9SnfqWxrgHiY5BzS4Dtbrtz7BY2XWfWUg2qIybAoWvL9K-0I5al0BFzphzNR9LhaVREIBB9MZObgE-X9-BDeZ0Q-EerSGU57YRYaQKEqgFUSYpLEp8jx9zCFKovl_8jbjHYvW9kn0-k
3599,קפה הלוי,"יהודה הלוי 33, תל אביב, Israel",קפה הלוי,"Yehuda ha-Levi St 33, Tel Aviv-Yafo, Israel",ChIJge2iUJxMHRURn6pKiEJrU-U,4.7,03-516-6999,places/ChIJge2iUJxMHRURn6pKiEJrU-U/photos/AaVGc3mKlJnpRU6Ba09TNgnpsd-MZkM8-OOVAaabPnNyPUia7zZ1m7rvs2Dz0SI72QhGE1iWrf_dupeEIJVCEmqcm6BNvYX7kfN9AsBHweS84Z3xLRNZHO3hChDNMQ3xw_blisMDghQteEWqVc7f5-2iIDSdZFw0D8_4wEu5bhhcKQkZ_HoLSJUJG9TCDFae60hHoZqPW65zQFFW5Sl0L-YCm5cEUi7m4-OhDWkB4KIyUK3v-zKvK-4vehlXNdtUhgzEBrSe_d8caDQidxbr4sH54VaqjdLVZDKOD_d8nik1luZynmg7lFoLxnVhHkDbmjCLW1OkUF7kaEkxhfHWd7WV84KvAPxghA0pIDjaslod7Fa-aUdi9x8yWjRv0kuX88SUkj4nQB7wdCdx7OIIB1yMkhGgnztaHE7WnVT5P0N_nLRZfyQ
3603,רוני ודני,"הרב חיים דוד הלוי 3, ראשון לציון, Israel",דני בתי מאפה חלום ראשל״צ,"Ha-Rav Khayim David ha-Levi St 1-3, Rishon LeZion, Israel",ChIJC2tyziy0AhUR_dEGtwScLx8,3.9,03-525-5359,places/ChIJC2tyziy0AhUR_dEGtwScLx8/photos/AaVGc3kQfhuaQDJ2AVfj4u5ugTQOZV2KJVynYEKgC3rvC2O6b13rA6BqCgSkNQdGQ78OR_sjvI_9ZBHvp6I-WZh5YzbvjWWLRG84XBZy74oDTQbUEek3eMGl3ftgcICE4XPAnQimE6XB0g1RN8q055_Nt_AIrCw_GDYEtfw9sy2h3EgBuKVOsyeWEPPDe53F6CiWG__wUXnwTw5AumHqhN-KWSQ3h6pCy0zKpyTJKiC80UV9eOx0PmqHkGdiNb-yG9yP4u18KH-7-jT1oPvemAgwpopimmr576I_OfYkfvWx97sSIQ5oDJ1HoZXa2Cy8JVuHpVJUEjBeitRJvPvAkswLC6xnYe_9iIcU3JmPlS7V6RXHG9P3EH0Y7E0SRUIpoadfdDBQbt9LbHiwPxil5R5C_8GcxW8mYvq_yOoeuEafEEGS_aiY
3610,טאנדיר,"דרך בן גוריון 71, טיילת בת ים, Israel",מסעדת טאנדיר tandir,"Derech Ben Gurion 71, Bat Yam, Israel",ChIJhTh3-hqzAhUR2cdlzsIz8KU,4.4,03-900-6363,places/ChIJhTh3-hqzAhUR2cdlzsIz8KU/photos/AaVGc3lbp_U8KVd-hU7YAlWe08cuAmWjw-tjJu4iYMtjKYj5VpuqKg4oramNvvklyJlpfyLyYr0GdKA3otBy-jNuzmR_loMJnETx71llanGzwW0eagSiLS0MFk1xDQ8YfrnGVPLQ7qM0HUk36d-cipO-WkMqM1V8doOjetJPBQmh1Ux4wBTRunrU2U-4CD-Dsq-v9y0ZuF_nTPTfFQH1sSztlFp8OMjt70UQtkXO3F7Y64GMMB4Jg2tH49unMOL82UTfV24T1lzyYmUrxGRjiPXqyXPYgmjpcWx7QLWiuRtxM7WgXDwBwCeHOyutS04RfBCoIZIMi0sP-RxwoniF2j4PmCZuOs0B5gYZ6b4Y9TwAkHxDN0J2x2tAUslsxUpDRjf6daerHAT3SMjtps7UL9zbHFUqOQncofwSlIB0XTjmEd07lg
3616,ברגר קינג,"דיזנגוף 50, תל אביב, Israel",Burger King,"דיזנגוף 50 דיזנגוף סנטר, Tel Aviv-Jaffa, 6433267, Israel",ChIJG6OyYYBLHRURUe98EhuWmAU,3.3,,places/ChIJG6OyYYBLHRURUe98EhuWmAU/photos/AaVGc3nBhUNVUyi9U8DxHL9Ey5uZiEI0ytPb-sBrDT_SPO_4oRSMqmNolL9DcHTx_AdycK4xa8bI3C_OelNoKAPA9AFsZYWMdDqMF2KarA9r6NbU8X9XU6-hLQv8qb3FEZR0kH5Zjh5_lFFNzq1YWy4h_YjSyqUmFUqo6cCi2K2VoCncHfG3Jo-JFIwPYW14sojCz6KNPFVwiqZDUbPfLBdEVGASPJjNrNngY1vt0HPa1Fwi2pgAwqs9zN_SNYKvJF1cNVYkJnUGNFFFEsqdkNnt3CD-ekgKp-1LAHwm-fNjdyuSNXXETlD8isXHTriYx52KcBBcTj3vld85qaDug57JwPFqefjjlQo-MC1rOJcjYkP3VLFlHvUGsNr5Rl5kLIaFH8AnOsV4Bd3dD_tfUSpNdLoo_PgvFdVyPfKFPH-W3gIAoA
3618,קינג דיוויד בורגר,"ז'בוטינסקי 16, קניון לב ראשון, ראשון לציון, Israel",King David Burger,"Jabotinsky St 16, Rishon LeZion, Israel",ChIJk1ZY5z60AhURWfRnRdIv8Lg,4,03-800-7070,places/ChIJk1ZY5z60AhURWfRnRdIv8Lg/photos/AaVGc3kDp5P7cPMPx5m-zGuIYSgpMacfSGFlB1RYv8rj00OFRbvnIdAnQZ7tpwSEI-RFdEgHKqh0xzP01Nl4rKml-p3BGCuForBOOcK5tSBXA1Fsmj58noeRZ0Nowdkwr1ruKSsA4rwdo6NcgHhAVYKy_mHIpB0_VbKewaFGU2JhnKgW0in-JPLAjDQGY_KuT2h67EK8gjwPslr542SW2R-eiAxt3mL00ER0GQUs08HQCRkHGUrkcTpZcZBRXjmqeEy4OXmchVUM1tE2p5d911-VaGyqezcTkFFMCdJAUkdkfY26fx_tSg_Veqmf8tGd4oGes4fIrtGC9yDTvpYqt5gY4KIH65OLYDXVSgAP3yhWvtCkyGM3jBDnxkW8KZLLEDdGXMAPwsGEAtYuWlwo1uQi5ClU5Zvr3ReQQhey-AVo6yocvg
3621,שיפודי המלכה בת ים,"אהוד קינמון 10, בת ים, Israel",שיפודי המלכה - Shipudei Hamalka,"Ehud Kinnamon St 10א, Bat Yam, Israel",ChIJ9whQy2azAhURhvRW9tiO8l8,4.2,,places/ChIJ9whQy2azAhURhvRW9tiO8l8/photos/AaVGc3nqDsT0D3jkzTIbVt19TdWo_RCCPaYVpUWzr07KJQ1TEnJoCh1NFLaQw5fTqTyE6BRuEMBamHVZ88lqsUaXXV3o_C_z0oCwkFgAZ0W5cKDXd1T9ObV7emqtXAVBrhlY6Kqb654HPKLHxgaClpDHn1nFmrbFqgO2Fg6lxtpgN8KDtdFUKK7aL4o41MoraBzlSZDPBdypEI3c9hdGSHvPzUyZLJwjSXm-WwrSVwEu1AGQF0NwRbPP5WlzAZWIC3b6p0G7pjqRhx6ThLlQwlhm-wq6A3hq5aEn1rI8oCRlyjgADLzrPiBWu8dUFITXe5FChPSCeO3sC5zAa0_YSR0LlUrmxLcIqhA1shg7j0xXGAJgMmF07fQsBva9hx0W_ogntMxU_ROrbQj982L1iWwGqrE3LyQ72-355_wG7FFF9ejFH0s
3623,פינת הבלקן,"עולי ציון 32, יפו, תל אביב, Israel",פינת הבלקן,"Olei Zion St 32, Tel Aviv-Yafo, Israel",ChIJOQCexbtMHRUREI09WE0IiNU,4.6,03-681-9949,places/ChIJOQCexbtMHRUREI09WE0IiNU/photos/AaVGc3mYvr5DDggUzD_1ZDwb1NaqHP9rrCowYWivN9UW5hCR7wTgQZlK6B2A8NRtpmTOJwsTHadhNeKqvhhZV1HfgO264BY8kHXvbJiVZdBEOZLx45RNEdX1ffSjH-OjVEOLCfOhdUhPQO4jgpHpFVkFI-rzO901Ax_mBaKKyYShlnOr-YvTbXh9HOyvPoAeGVGwQkxZn0S-RgZJEMDlzrVVWJYvrviwgnojXUz3urvVumpK1O30phrd8lk5W0xUZb7s7iyO9C7QEVzINzft00FeDEHtLvyNOLib6qF1_5bCphFf-aE2VXIWeUZQ0xxlSz7ENl-3DEfSdRRWPtkO9EI26GpmF9ecbZ52rjUtKvBBfUfyt2FEgH5Ip2zydmEY75Ujyk2tUFeQ8NCB8Bh8dpn-k3SHw9WfqmcyMHww56HtDRpjIw
3628,מפגש הכיכר,"שד' דב הוז 1, חולון, Israel",מפגש הכיכר,"Sderot Dov Hoz 1, Holon, Israel",ChIJf9-8kVmzAhUROnz1Zp-No6k,3.5,03-624-0746,places/ChIJf9-8kVmzAhUROnz1Zp-No6k/photos/AaVGc3kbkqlOLet4TUDCc3iXMiylwc8_iQfz_sgC4Y1u6kxdfj3imONXyUUqlTzcX_IV6o1LS4STX0Msy1RnZWUsg1y9Jh1tX5XpP_GP8pckzM2jC-cNQcMiHKzWovjr-q86YtPhuy2z2cyTJyDDEQ63kdDAoJFN1zXpbE4VQHPgbRaJD4dnLAjnKoJKfePusjZS5Lu7DeRDFcNb3eaxx2TyhcpeHXLCTw2dtZgd2N-m-PiMXt6Sm9Y2XAFUvSsrHVL9a8J187Xyt5vud1jGXvI7VYF6KRUnuZmgFVkhAgIM1mMDz_OYqayXMzhM5NajBg9p0JIYBBLI-nA8UMnRGcM705oS2slaejnjlbyRAQOGlhT3VITNOm59_YF9sKwyQxefeurzRvzQiuQIlmvRNVmxzvXTRV2aHmQ-5x0WcC81bgq7GQ
3632,השווארמה של שהרבני,"דרך מנחם בגין 48, תל אביב, Israel",השווארמה של שהרבני תל אביב,"Menakhem Begin Rd 48, Tel Aviv-Yafo, Israel",ChIJ2yc-e3tLHRURaU2dPBdGsUU,4.3,03-537-1581,places/ChIJ2yc-e3tLHRURaU2dPBdGsUU/photos/AaVGc3mvQ4dNKKeBScFb7CQEay0tE5TWGaS4AUiSHRidocUOIjfPqHnBsvIWZaeNnBkoLc3rmwMdGTwL4gjT37ux0ZQoUPlayMT6vOBF5t3E_wo0UiQBg6xnX5q9LAKGxVgws5-zMu5sxY9Vl_6_0rCflzB67Fy_oPdTt47TZN-D5HPvzKuxi-UZcY5vgWrTvaufocRFwopiTKegM-HksOkQoC3mQ-nvmaq8oRpPc6HZL8qe30q9B4Z5n-q4iq_WbqyqRg6EdC4h0zt8U9MzP4pt9fFdxe4Kj2NWtk7J5_fMn5D4tAPjVAayVWHpkWNXNihfHXvkYD7009SuytiuMgO_Zpgbi-RMVVWrM8pJzpwT1KDMFPU9bM7no4h2e3ZCnQsi75E2OfsixesEjSqz5uZ1bMSbFFVdBvsXaAn38OdBObBvMBAT
3639,הפינה של מוטי- בדץ בית יוסף,"מורדי הגטאות 55, שיכון המזרח, ראשון לציון, Israel","הפינה של מוטי - בד""ץ בית יוסף","Mordei ha-Geta'ot St 55, Rishon LeZion, 7553620, Israel",ChIJybF7vx-1AhURa1F2tYug0IU,5,03-520-3111,places/ChIJybF7vx-1AhURa1F2tYug0IU/photos/AaVGc3mgutxfBKkO2yPzdRTdFekaJ5-40oeyH174OYWGCKnjOyrbCjpPYJOa9yfVzk23jovzCWL55z6hfLWOepgWOBAg_nBliYzqVdObSBAYn73SZeI0RN8Bjj75PCcBOxRmGsTvp4_wUqmM9rHBLTb2kmEvO2RlS_S13XxACNxnOVObKkPT-HX_i38MMuYEd4nPsyESKorBZeiKu-Ql6YmFJT_zH8RLVIfMa-ZyygAFT0bGc_mmjTzgmhn8GrU5g9djYkuV3JPqUMMfXvcdvWOgadoMeVLl3TkYtTLq20tyNZO_jyUkVBhrfyzuGc4fAwCwqpM_jMnCGjX5kU-ROvliZYIrKcMtO28EzRoBBVSeYS4BozHLl2z-PEzIu0UT22mYQn9X95Gpon5vpd7toy5bdcxi7GXx9_d5GWEXlBRgXKsQYX9q
3645,בריאות LOVE,"הברזל 2, רמת החייל, תל אביב, Israel",בריאות Love,"HaBarzel St 2, Tel Aviv-Yafo, Israel",ChIJjRtYLJJJHRURi6If9ZrCGyo,,,
3655,פלאפל רצון,"ז'בוטינסקי 116, רמת גן, Israel",פלאפל רצון,"Jabotinsky St 116, Ramat Gan, 58100, Israel",ChIJGduAVi1KHRURKgYpCZGrNVQ,3.6,050-794-9303,places/ChIJGduAVi1KHRURKgYpCZGrNVQ/photos/AaVGc3lyjOIbq-p3uhIaO3yNvLdd50HMY-xxINWHacAJNtHOtVeQT4Bj5T4P9jHUDO5Hvxhy7XP8PMtM8Gyr_s6DCcE2CKAoqJeBFggjSzYE3BtCfI2_0LaJcO0O6zoPA3uBo6LLPhNUofqX4nWzO12yI50Y8YssBlHTzQHfqmgkgTLRF4kZN5V7bI6CWFQ5z9DXxx_rBFYkBKQCF7ji838v9PG6-fSfejPpWhHy7A3p2ufRco6xbqdRGaf6OvAuAR_W_7BjePNlkI0E-E9fhiRQ4oVFyyyglK5HRbPxGUJAtSgLbOtl1ijBcNE4XNYTCoDO5MqzwWQQI5Sxyp_ZQWbiQk4UPYqRETr7rOx_deYTqVEgOF1neSnDPY4vHeTbsP2T9Q-8SRPW3al4eQ_trgcgYJ4KcRvF6I9KQZZQh0fNA0QfSsiD
3669,אקסודיה,"בני אפרים 228, נאות אפקה, תל אביב, Israel",אקסודיה,"Bnei Ephraim St 228, Tel Aviv-Yafo, Israel",ChIJAQCQ159JHRURI_-0kvVAHmw,,,
3672,בלקן,"החשמונאים 99, תל אביב, Israel",Balkan - בלקן מטבח בלקני עכשווי,"HaHashmonaim St 99, Tel Aviv-Yafo, 6713316, Israel",ChIJt_VmyfFLHRUR84UzVqHYhNg,4.2,03-643-4517,places/ChIJt_VmyfFLHRUR84UzVqHYhNg/photos/AaVGc3kFy2GC-MDxCp-lN7as5XMOzxUZ5l-SdxBRcHGVhk2OLcmdF8-4A-KQkNZWxCGUyoxNN6I__AJb4anbpDbZMKbkzUb4xlQBfBE3BxP0iYweJv8ceggpAumQobWtnGWV6Zke9qCrzmB6EP0Wb0L0jp-uU6P7z1d6vswv2zXt4M006tea9W-LAnIt22qjHpAU_JZcg96Uhuw3m2BaEF566MU--Lw_sYlYjAMhM6KeULMgfbLgBQv5KHvq447VBoW35dIQl-CeEnynO_ShcSGi2GE5oh9qH9UWIPvBsYyfW5TIUBSQtRs_pOjTP049IOA8RNmuzcvrdkw9T9hOrD3tz_3kgK-Q95dKTXERZxC6VX4M9zQqp6lYFNh-TsrtFZmvlxni2_oXTjrUb0AyoVE7XS8BBmPhgWFBj7eEy-YB9PDdsg
3677,הגריל הלוהט,"אצ""ל 68, שכונת התקווה, תל אביב, Israel",הגריל הלוהט,"Etsel St 68, Tel Aviv-Yafo, Israel",ChIJDYxBFppLHRUR-9IUINbJ37I,3.8,,places/ChIJDYxBFppLHRUR-9IUINbJ37I/photos/AaVGc3ndQKWomMJ3Ml5NcKowRFa_6CIEBMSkhr_2TFvMw6N_wT0HzjVPia-wlHMERNaNY9J8XlvI95ZPqPitYIZfCJoJ9YPqvMBzTlnxYoIXE_jfQveJNmh69yTaqqHMyEepKSJTi1J5WHStHYgAPkE9lwJnzPTZjobBhcvJhjgkF39fxErd6pHmrhm6a19EUIfo5pSQC0FArmhWx9AXW3y-Wa3RFc1jhikBJlM4RVBcjApes_P9iWKFaTbfobAyvEJm5tV_Rbqe_WzVnIcvkTBWfaM9ubS44eAVZj3pjwaFnjNT3VoGGJA_0_bkhrsVSSTobp8SQS950FAHn9WF-w8j1Ae5d9tSF6Woc8525Jhm9XFcGSM97GdeQL7XA8cJpoA-F1lzUb1HVILKxf8zSk8LZtYWXT0Sot95rz8-yMm4sb3_Oh7V
3694,שווארמה רימון,"היוצרים 6, אור יהודה, Israel",מסעדת רימון,"Ha-Yotsrim St 6, Or Yehuda, Israel",ChIJiX6kD5dKHRURDONrYX-wdWk,3.6,03-635-5475,places/ChIJiX6kD5dKHRURDONrYX-wdWk/photos/AaVGc3k2ozUzlGO8LJFhR6Fl7pENBXpBQ1IwurdZOGWIIkS1IILNf_kWibYxTxjWp9bd_7jix9lARi00xQlSQQicNRmcXuSPLxuVkL59AZj9DKRhISa-ATV1iXsmUSu5CKT5MYQYDhvEckbyv2HfWWWLA86MJ37FdN5WvL0PjEV4XWeP7Ykuz0Y6Wl0DSrbyJvnNY4bAzFEo_a3Hpackg6qq80TdGf1H4HZJI-cZ-2VqSh9RqZM8Nejo7Un6CsG8KSSXLR4paP7FluZdeJESTH53k88ItuGyOq-1e9Ji_LN8gNZIdWekYjvFpzsZk_yo2u78PaPK6jyddeTXVvyy4wPWYoHvT23RQCz1OYgx1BHikssMErh4IuOJrSm4jVLEW259JF1D1aNPcTzOYChTmV0ciOVB4QQ4FZyet_G995I8RKQ
3697,פיתה רחוב גבעתיים,"כורזין 5, גבעתיים, Israel",פיתה רחוב גבעתיים,"Korazin St 5, Giv'atayim, Israel",ChIJz9Q53IxLHRURgEWb9jf_5lw,3.3,03-748-5899,places/ChIJz9Q53IxLHRURgEWb9jf_5lw/photos/AaVGc3nsjHjeMlznhyv0VozDXcaIwxDGwv7PLPZmhG9DXcNhlOf-PKUu6YRv-kNxj6b561SogxX7FHdMG0GpZoFl6dgyHUcHhDSeNjEUfS4FGXDdLE7YoutENzAFpUNT-5oi-AI2GKiNUXgeqrqYfxCfwr05924LChJ008zvkxlyq6SywYLi6PgxiHIalep1DseChavfSmIOblR_Nh4dSgY7G1_qtiNvnEHuZV1evJJhVc8ZCUFCbdFS13huiYmAU85x-RlbTJhG_SXDjGBMmZOAVXdsyq7K-V6A6HYnMjaCj441UxJTrMfOikMeNsMe-Jv8-R86q-8dpb2NKL_Y_YD453JAy9FqRZALYQJJaokZALeovuFOBdyqERtSE-1MDovsMhN1NjD6ykD9jg6h7LyFPhCTU0DNHaWcawWvGF9jQ-aZ_tWF
3703,פיצה טוניס,"קלישר 15, פתח תקווה, Israel",פיצה טוני׳ס,"Zvi Hirsch Kalischer St 15, Petah Tikva, Israel",ChIJSx7S1XA2HRURXvsyRxNPR-Y,3.9,03-600-8820,places/ChIJSx7S1XA2HRURXvsyRxNPR-Y/photos/AaVGc3lOkRBfBSLiYllkCtmRfJ8PLnWRseslv7yRgEa8BsGSpNPLBk5bsYFSekPvLUs2kT52tVltK2cwuSGtRbzrgWJd2vDYawhRRAStKwKMXgR71fuiUZgDW0pCxNw-B796L6ULzm04kPE3dAQKVHTE28G1QshQ64M2XPtl0oIhK9JSazUQ7-QwVrzjxmTpFqfxRa9Nrr91Es2OTEtZVfbSvvsN0__qO3o8RHGzWXXiqousTRbNP9dRnJh54Ov19yvLhCG_KCG2gu1b5FDtPO3Pisz0QhxkEhvX7Qdmj8ppGS35Ng0duwTdkJttpanvS1wIFaI2sWuPMkjjujge15zwHP9epEeltQvGl-4gEhFxNxQHArLUlQLc6Oi2gu9xKj4AXoWFkXiSdwH3Sab2i-S2KlHweC49x1pjf36orzamqkQ
3704,רד מיט,"שד' המלאכות 22, ישפרו סנטר מודיעין, Israel",רד מיט,"HaMelahot Blvd 22, Modi'in-Maccabim-Re'ut, Israel",ChIJc84Ic6bOAhURgwcezsWiNhc,,,
3705,קפטן בורגר,"יגאל אלון 94, תל אביב, Israel",קפטן בורגר תל אביב יגאל אלון,"Yigal Alon St 94, Tel Aviv-Yafo, Israel",ChIJwcVmcBRLHRURVpckHZVmhCo,4.4,077-363-0179,places/ChIJwcVmcBRLHRURVpckHZVmhCo/photos/AaVGc3k6kmtBqyHxTwswj-2m1Jt56hDHphInhabn6MeQrjWLYQIb89FOA5szD4o4-tQCUCmi6URkJqBmk1prfuDRU7-E2PzjYaloqI4YZfnUoOUVl2o3oXHmT3MtinNUKV5Xv96sobVQkyd5NX093wE7xZe0A76MVgSa92m7dUOxAHp3DgZu16eLeqxEZ3mofhNmaHXFOyLAMUl23WzPXCo5tKj44MGYRMMG-hIYs_7cOo5WpcuU-mtI0LiT76xyS_tWEOAM2-DgoklF5oDZQdYbpW13Gkx-g11vyYS-3AvYjthwp6DLqV1kI0WZPsvgWM74goaCZIAwILxgQio5QPLwfPzMc7Q7YKx3KlCf79Ow3_8k9KAChzihGWLJiH3yrREf7EF19afQ-40CbiZDjEU33udg59YtSWj6xFpMuIe_Xwu_5qem
3710,מיסטר בין,"הברזל 9, רמת החייל, תל אביב, Israel",מיסטר בין,"HaBarzel St 9א, Tel Aviv-Yafo, Israel",ChIJqbcHwZNJHRURuebpZfH4BfE,4.6,052-259-5870,places/ChIJqbcHwZNJHRURuebpZfH4BfE/photos/AaVGc3lIFoKfSIuAveX83aesYRKGWKFuwQzAFaEKti_8p7Ey5OggLILNKBloctuG06UvaYLFr1RJ-H6b45Pq-MzMh0lS7XSRBuHB_jhTkrYPnetifiQR1W61GSFFlh2LNJ6QrdYh6IvYQAlCZ2dD63YjKR4ikg2YZ5RrbxcAM09sKwmqdVPhVXXWdoYTjhyLoEuaUpyfKwvh2muFX7EvHmev51ZqAPR2JuuD7JHMlX4Arzsj9u0YZ8X0aNM4eggO8WNXitlOTUQL1zPcZLU_CPY2XNfg0hou6vWaHlLa5H3f4MAGDNNYyZrfdX6xgsUulG2_9_m1SEeHOam600h4Ua7H6ZFhRK9QrCtuftDe7AEh-kTCDTxQvVPEKozzn8DtGNiKms5-_9DnRtfBTVLDIvNWwVU6DXsnsNHutZbBUeNX77cpTw
3714,ספונטיני,"אחד העם 15, תל אביב, Israel",ספונטיני,"Ahad Ha'Am St 15, Tel Aviv-Yafo, Israel",ChIJe5tdf4dNHRURFNJ-9DATGs8,4.3,03-946-0590,places/ChIJe5tdf4dNHRURFNJ-9DATGs8/photos/AaVGc3nduHVO8b41robATTxxOwRdTVrivsVsOST0DH1SAsBcxbfEUsueoWLOb2FnLrYRyAJFT_cxKLdO7v_o53r7aWF5YGkmd5U2DRGt2wNbhhoXXqxOoKMlQx3-2kFWAHGGa5Px4RcHyVQ0p-Sx8ykQMW79GJFO0yRu_AyaVi2NZxA1chh_Xwx15w1lvO8n3-_6mIsu-IIGKrbSWUgiTB7jTR3Iwg8GKJ3NhkNAS_VY7G-vJjCiCpAVYIgoXNFrHM2Th39tNrWtSuUaIz6ODE8A7GlBrH8jPZR5tgnLN6gC3-z3egg0h7JlgnFwDFiqEZF2uVsQaqPrdPvZb4hGTbk2NfppX3SWn6cXM61DSSTKHgFepsPdgJg3hBoPrw2Uk_RALf4TISssjjPXAfxfJhHjyv4aSALTBxvYzNLlxzi6xbJU6A
3716,פלומבה,"ביאליק 34, רמת גן, Israel",פלומבה Palomba,"Bialik St 34, Ramat Gan, Israel",ChIJZT6lXMpLHRURDncIHAZauYo,4.5,03-670-2575,places/ChIJZT6lXMpLHRURDncIHAZauYo/photos/AaVGc3kxNwuNymGtC5q00xj4cNmbkiYrIwIs7h1venYJhpjHNqhKOb5exbS4-vlsE-BWYrNdJIZXXuvZ3TzaTI0ScPcz8c1T-af3OD-7KKqLwaAsV3-DAmMsY7weTl4BPfDIhwz44Qcb5nJWpprgcSOT7-A0B1s0KRnrku92-la3n8Au8FlXzzxj2JRWwQsdJTPZGTauCo7oQI123JpQB8MwszfzxG1GQS2ELN_WB4ABrPcVFxamg5UuIaEtzCYiLKrngZc5Gw8JXpOn73rjXrwiuNZ_j0iiwGzNfh-UlMWq99x_SaUR7AFbB64ndiiyxKL9iMs2fbEvPKn90-jGpRXIIRvPB938a8gN9yhv3YrCHBWEYVBHozD1HinQitBXSP7Dx9aPO1fyVtyt5OkfioL2UcP6amE35qb-HAKbBoApNjMz_g
3717,מאמות,"בית אשל 7, יפו, תל אביב, Israel",מאמות,"Beit Eshel St 7, Tel Aviv-Yafo, Israel",ChIJ_____4JMHRUR22CfxpzGJAo,4.4,054-489-0258,places/ChIJ_____4JMHRUR22CfxpzGJAo/photos/AaVGc3n9nrhKnmybFa1bFgLFbqPfZ-xtY0Pp5b3ilMbPm8QBHr8NYdpeOrDZE3fq9hP6T3Z1g2JzzMjclX8v0CP3IWk2Ut6pTIs50gV688bs9eWrFi3WuIgiyMICh6zXhLx7Hg4SvH4zqEDB5P7FmxZq7EOXi_Z-j5sYmgxB_XCBHPkYk4_6bXMZCutWRbi79xpSeW22FGwRRJjlAH_c_QDt92Q8_ZKBybY2gkrFu8TkcS-mSElwqaQBWNTUld2vWMj3qM9Y5BF8sfTmJCOPN7tzlOXqK6HxupTosqQZbej32i_dtemVDF0grQx9js14HfDRNCStREM7_mYne8haWMcbEE4gRLvNuodMbVKw_yuUefAw_gYU_Hz6-spNOrF8sIJpD_cBeg72v2UX_ddqjpA0DC-UBVeCifH2Azp9y3DjbpiLRAM
3723,cofix,"הכלנית 17, קניון קרית אונו, Israel",cofix,"HaKalanit St 17, Kiryat Ono, Israel",ChIJV5y3Qog1HRURCHPwlZ3ndLI,3.7,09-973-3150,places/ChIJV5y3Qog1HRURCHPwlZ3ndLI/photos/AaVGc3nPjcD7yPCWUSLT567Bs7KmlBGMDmurawRmPJpLK9Ms8cccGL8YvGKnFdPKaUYTtKRxyBGc_JRb05WGMNffq-yzidNZAahB5m8JWDXU8VTn_-iLnYAN85eJVa__XXaVb-MH5tAA3KsvWaFVuikmmqDQIg8pAQmayXXcK2UrJ03VPPLDozI-15hXp0oc6gyRXeJvF8JKtg90pFt44mlBZlFqZPvRDjxt0QByr7qGLQvjchpq9btvN1v_PpTmeWzMX-1hTJqA09789QIbzoQnwUYhrHPUP150Q-UVJN9vsLShf1BQb-KQ8Kkc_EknNvlpQcAVvYG20z0TPzg2K7A-idJpzft2My4JbYsjTQE7u4jbrfx9Al4oSEFLkElAYt27SeUAq9Zrl7Z5PjWG2MsTtYdN_O_81o25Z5DSLKW8aBMIyoFt
3727,השווארמה זוילי,"קניון לוד סנטר, Israel",שוארמה זוילי פיני,"Sderot Hatsiyonut 1, Lod, Israel",ChIJPRvcL0XKAhURiZM1ZaT8jdc,4.4,08-921-2564,places/ChIJPRvcL0XKAhURiZM1ZaT8jdc/photos/AaVGc3mHZ_NyPRSGj0yEczsHADBPNFgoZf96yriERC6J1UmXcuC1VDag8lQo5m_BONwOeGs_hGi1NXmlKkjDY75N0sO79Y02WP4YHDAOVlkTQR5fAyAigSSjbtMOqt7INkM9NJjQzaEyyayaLqGwc4dsGs0zCilCYz4G4LHAT868Gubx9Zx0qMQ7yJWlbF4RN8cTaC8p8ETav9QFTAV2CyBiSeQYlxrFSbUHvDyBrlwkdt6s1mIesgvyqZAo6wjxXx4hVoItRg_zO4M47jpjCJxaC4TBRcyvUS6D7iTBn1GkX4QlEYUTenAWxwaBI8eSmPBe-aqYiHCZFrhPH6nOGH-P2e78ljC5pXBtxUCyFEgWa5DyCgV9cE2eZ_-aLXjBwV6PkmdF8Nr4T73GruL1v8ty32a-T10YySobHePW9e2aA_I
3735,תאתא,"הרצל 22, תל אביב, Israel",Tata,"Herzl St 22, Tel Aviv-Yafo, 6688408, Israel",ChIJj2y_RpxMHRURdaplIX4D7MI,4.6,03-561-9828,places/ChIJj2y_RpxMHRURdaplIX4D7MI/photos/AaVGc3lgI8_3TkwGhfb-11IzuHyY9gzkkqO4uBeJo3SRJ9MqH9Y2Eomp3mX0movq32gB9jvyPcC26aU4gWrNMm8bhsJUP9m82CGtxGkt7vQePj0s-12tjOwbmJC1Vl6LPV0GeZ5c7qcugrDG3mquukF6hpVnLkrp0bJbBiYqSd6DIFaRhjogbjUYyA2UaVrSS40EhVgSiHwFW6tPCU0qz4C8ybiT5aafaNiXcl4OU7ghR21M5ZnKP09jbC534kDcPDVgPeeVMcujPp1gn-tAqIlvcDYp4Wt2dmITqBuuRLB6ZVWHBb2i3VNAiYOLIy2omiVh3ov-MgAVowzNLf4Rl4kfK7AWqhEbkOPmyb8DVuA95RRFKHVdww03lDDwUt2MED_G5pFlrf5h2RslzsyGGbLDJqMrSl3E6GhBTRlPCYx5jpOcS_hW
3737,שפירא,"דרך אם המושבות 12, פתח תקווה, Israel",שפירא,"Em Hamoshavot Rd 12, Petah Tikva, Israel",ChIJT9sEvh82HRURrnhlHl_k5ds,4,03-536-5613,places/ChIJT9sEvh82HRURrnhlHl_k5ds/photos/AaVGc3kp9Fz9mRKGeVJbZ7X1V8aUvd2g-xSFEpvXdCf5EhTs7knGUmhaCVXqXkj8naYnY13z-scq4dpjI-siQW5HDDxgQWHpZ-x1MTE3_THJchDZN1ixiO7aiy6ZYYdMe_TtYzzh9CguY45r_gJKBb7oIjqKXCwZveD3hmqRJmaT_I2zQWFhcrj52DbNoJPi1slHf7kyELm6HNoWQOnBsh_XtocQVPuKT6mcyvRlZ8TwH9G34yJszu_vq7EhgTLlL0SLDuUZneVCqx8MOX2w6yyddHgQXYyC3fdeYO1HlxrYe-tbKmakmNzBxMIAnzSM2qKEUv2ihpELJz3MV3u_wcw0nyHivII_zZ_hDo7S7HkWt-V4X4-T-zD-JD2EwwiGIAW__GYln8_Lw7eQR7uSLx5W1R7-Gh2GFOVmi2dya1sEVkrLMw
3758,עידן הפלאפל,"אחד העם 13, ראשון לציון, Israel",עידן הפלאפל,"Akhad ha-Am St 13, Rishon LeZion, Israel",ChIJq4x4Aki0AhURQ-XQfD_-TBM,4.5,050-599-9169,places/ChIJq4x4Aki0AhURQ-XQfD_-TBM/photos/AaVGc3mLUbBgq6phFNfVOW8-E3F5nPB54OfAZ6RqEaCdrRjo3PyaSaUcmEJtsJOsx-vw-pTQ1YCOfa2lm91se3h0vdUWUjXYBN2A6JG-JHrsXKTY11wg1wQu3rvBSBF77xJm5oKBMZydDa-swzz4RFHBP0ErCPyBMJTo6ghnZWgSznid4ZxA3yq-tNO35k-tlw_9Wvqsh3Rw29HsOdJ9RLiExOKQNDp-maiKNt0unO3FnNZJJHhpn2Qa3xbDqsxGc4m3lEtK1iQwfGH849ectTxyRa4_H13E6A3LyHP-KKC3DohpeQE4WyipW7nH_jo-AFhK2ZE697JzTkqD7VHXWyT1a_9A8O2mNk91s2QVbbKI-SBaC14jGhWfyIjdtJcad0QOaoE4smPf-5oouTv6Y_EVYC5D-3EBXncUSoIyB0lYMabMvw
3763,שיפודי אלפסי,"בן שמן 1, תל אביב, Israel",שיפודי אלפסי,"Ben Shemen St 1, Tel Aviv-Yafo, Israel",ChIJTWO62WlLHRUR8tCd5hfKb9Y,4.2,03-963-9767,places/ChIJTWO62WlLHRUR8tCd5hfKb9Y/photos/AaVGc3n1CkHOlTpWTQ1SCdIxsouqF7p2bgGAImwMd5GUYjqvVetl8F3d3--wvcDvSwQPSOcy6_Hpu3hIPTtbZ5pXw40i_1Af04isd-Rfw_CLE7-Tsi1NoFQLmUnE4WXrG4wHK_sSlidQpzBP6hZs923tPU12DX-r3QDcedm8ibIz6XwW782PlV5fdN-D2gK3UVoWCxhVDxMmq_wSOMHoZNDtQrbqqeHYkMd-OU_1g8aW-B59jdF5-wLN92fgsjbNLqp7mudYq6267CwkQkFLnSy2M7d4sPWPrtR5pbvMMc-_bxSv_3Sp1RpUvSQOtBJB2dTtJ4-rMqiQLWiIOvYBGIy3FPOqQ0CEzy0OjXIgt5yWjC8nwwEWGw3SiLPOnodb8FCrjoOX5oYhSEyUQO9gsXOLb37ETMuCVLETQ_2Y_uQOaROw87P0
3769,ארומה,"דרך יצחק רבין 53, קניון גבעתיים, Israel",Aroma,"Derech Yitshak Rabin 53, Giv'atayim, Israel",ChIJlbS83q9LHRURnY2zrz3znG4,3.7,03-572-2800,places/ChIJlbS83q9LHRURnY2zrz3znG4/photos/AaVGc3ltaaXXpPpyfjzaqS9jilVhqPTPmct8vwS3SQJJS0aFx0UTr6c3ZQbyYh57bS51DaXm8fLNfGOh_XSB_K4-VrWR2I4CsQhtIuTMY8Iq57lP0WNoEBK21yXLyKx3pCPxse_1yp3u19NVEQYslHj1UuSlx--Opcm1nw8zsaBaoQXBb4p3hb2B1xAGmSlfpoNZrGMtDbqSzaysuq4RvjnEvUja-3FoNg31fGkeCw8dbcohdwihheEDMzV4TrqJETi5T9In7zUYxi6VomaPwF6-ae966RZU8hz0zqm71NYh0E68tCM8V0iC1sXpLDOsR0AoU0UTfNsjLb9ajPQo2eChBmdneKDJOyvBnyQvG3cYBzuqc9lCjNv4L6Z2Kra_IzWoGpAg2XJkZDVO3n_lv0x8-VFLPrwCZx8YHi77uiPMd8BWC7ZR
3770,דים אנד סאם,"אורנים 1, רמת אילן, גבעת שמואל, Israel",דים אנד סאם גבעת שמואל,"Oranim St 1, Giv'at Shmuel, Israel",ChIJZ3UdgWtKHRURSD3LgqjxLbs,,052-300-3786,
3780,פיצה איטליוני,"הירקון 8, פרדס כץ, בני ברק, Israel",Italyoni Pizza,"Jerusalem St 36, Bnei Brak, Israel",ChIJNVmkgClKHRURvu1jiQ7YkbA,4,1-700-501-222,places/ChIJNVmkgClKHRURvu1jiQ7YkbA/photos/AaVGc3n3f09osNMjQMHkvZ8EXXWQQLArg4azfJXx4yfa6Yo90IfmLC4Y_JxL8cPBqzK-oKJaQLiaq5V8vBU4ggyMlVhp_yoarOpKYFt5RHoUWP74Tu5sJxtHy38VIQ1kCO4gn7FL11hL4LooKW2oHiRF2CSF7JowPo0Pnpi7rBaHQTuqxv41p-P19_yYLQ9mRTMOXJUKJgAyIfKsJbvWaxolgoASy0Nshy8NOI2l_xmTG6DWvJxoAVkMlaFd-pha6CDdw0mga_d6YO7ymU6yvppnummPkOoVqp0miZ4JMf8m2W4cUDECTy6QCYbO_RmoF7E3IRYvhksSyrosyrSI5b8FoiVldhIHha-itqIOXcBveaOhKGSHGx4z4OoyaPIcoTfVf2-OrhNmso0jxUcq7SDp_RJ7--9o6Cmzt_nvG-wV8jLpkWmGdiQnvMvaVCh8CNEM
3784,סעידה בפסאז',"ביאליק 77, רמת גן, Israel",סעידה בפסאז' רמת גן,"Bialik St 77, Ramat Gan, 5246158, Israel",ChIJERJHPslLHRURIDTlRYB7c5U,4.6,050-839-0000,places/ChIJERJHPslLHRURIDTlRYB7c5U/photos/AaVGc3lWC-8WGE1fsczSbRfjBf3vxLOQA2i8XMaww4w_d6GkWff2Xy__xVnsB1VMhXJUUthHU-_wLoes9LaajyzyGoFH367jF1sUxHBaAUGBb96yL_mfDkv00BrAJVP2n1cQxSyzCHMNdTmMlKyECKVwntH-idf-TZON9SEaonUSHnSkVjMzedQLTdvpDXFZG_R3JanyHvJ24Wmfa6scA51zscIONHjHQdjxHKLxAZY4g9fdxIrzHfpDHCiBY2mgL6vGLqq2YPJaLSbkgUJWk1JJt0HNrjSuBmpP9v7hfoDzxBwTTlE4a9zN0A-eod3gH2izIE7KpM2JOF85-ICCN2xhHOJ_CsMeEIGQrUMNZkGIyywfyaEDFddMK2t2l0fftBshuocrV6NXJFi-bB-0LMCcbu10_d03PQ8g7eNF4cVohkBdO0iM
3786,אצה,"מרדכי בן דרור 4, פתח תקווה, Israel",אצה סושי בר | פתח תקווה | כשר למהדרין,"HaAtsmaut St 65, Petah Tikva, Israel",ChIJmZ59o203HRUR7fey7HBV3Mg,4.1,073-731-2616,places/ChIJmZ59o203HRUR7fey7HBV3Mg/photos/AaVGc3mqYV88z2oPsWer6LHho2kAq3y19DzYIHBaqD9Ugt9r4itKje4JpXDwmJlALtCL2v_rj4JAqgQV8pvpWfShq5GfdHwDOf_PP4ufz1JXsL7ikY6BA5KKeSIoZREVUxmuVz388k88B59O5hgK8y_3GaXbXgBxmjvovsPO_tgRCU5ttCsz_zjFH3qi1NG2bzZGQt0XHG6aPxJPbToJCd94Nh4PtpyeuAvw_2q3SN-1Gr7Vci9K7hm3yt1uE7OME4c2p75oGIOzKLAkU_zFl4DTRtXXPik7qsQmUjo5iIjzrE5MBEy5Xpxf1PDe1qBu5vOi-PEzk1OKF-VstgK7sYMzpT5XV7TdQ2PoH_bIEONqgtJNLjhtLYJqDsDfByi5H_Qplo-Ly45NKWPhwLDvVe0u4SNJqdZvCba-pjstMqUOBh91j2RaVoZVneHm9Buec902
3787,רד מיט דיזנגוף,"דיזנגוף 271, תל אביב, Israel",רד מיט דיזינגוף,"Dizengoff St 271, Tel Aviv-Yafo, 6311802, Israel",ChIJKbVub3pLHRUREEIV38ykFtY,4.1,03-677-0504,places/ChIJKbVub3pLHRUREEIV38ykFtY/photos/AaVGc3nkcs5NZgqIfXgkGU1TYIBMORlrAFdaLb9RDB3EADNFLOMv-mFDvZCDcQxCVPl7mbDvjNHNgFMsNwNmg8ngOQOVTuts_O2_XAzl3hOs5PN0-b55CoWKe3J61crk-M7FOaChuBHRxhqljObY6QunoVCd-c4A2QERRTxkqoLncjgBRq2BqqJNz7Gq2WANAR8L8moMnY67IOJJUqpvQ3R-tr9V3mTH103JvTeQHWrSzzNwF_1R1Z51Cb8e4quufxsaTOh5AqB0AxEdho9NRMaYOJdpjU1YqWbEWhA7UBAMXJzuCZr7rGi5uq_Ehd4iMrvCyihjTCStEp0vS31wra63fvDPwr9oF4x9t3ewzj6zFDANglJxITeBSsBXUrUHgfSZPCnktvSrSdX-I86CKulykCNAnY3DGvjxoSj3zwyzOoacKPPH
3796,ג'לארטה,"עמק דותן 66, מודיעין והסביבה, Israel",Gelarte,"מרכז מרלז, עמק דותן 66, מודיעין מכבים רעות, Israel",ChIJJz_aDr_NAhURx3FtWeQJ2oA,4.3,08-926-7595,places/ChIJJz_aDr_NAhURx3FtWeQJ2oA/photos/AaVGc3nBsaWrw_ov8zoO4pqbRriaEJl14FIUxyQBYCqHEO3OXKPtRn_fvMI3X8uwr7rZAnqvRU5FH5tdFacp4G0bBXOTFpcF8n63OIWwO15OlTXIQGkFaPi9c2L0vMT6_9KoRYZrdJbIVLgZUvkrYKZ6upU8haPsPCi_1yVGG3WyfLfz99oCdK_JoXtNZApYbYGov7rWnSiF5YJj2khCbu-qHkoLGhF8zqBHWyTsxh8ANb9GBPWKaPJl2PEV7vETDw-LT0RrjgGq6E8-yUObNY-Uj0I8b1jt96yijKkfKrXB3Y1-gJy93DkfjsoW9DwTyRV038aAQjngltLLb0fIE--DAQhgO0eNVEmD2vy11BgVU68I3xfMYnohQ7SueSXJ8seelSaZFzrjL2Hm3ScN6vd9V0vYCfSPFjhRIf00JL_Upovm5cw
3803,ביס ביס טוסט נקניק,"שד' רוטשילד 37, תל אביב, Israel",ביס ביס טוסט נקניק,"Rothschild Blvd 37, Tel Aviv-Yafo, Israel",ChIJLVWux_dNHRURfnxo-Loyc9Y,5,03-775-0507,places/ChIJLVWux_dNHRURfnxo-Loyc9Y/photos/AaVGc3n-zjYkXogJz-5JRXfaNq2z2NFu3tbrvZQkTTZAhyKg-mZRhnIF--v5vWrCs6ArTSW4N_i05tTTkuKL_G-Z15jMiGJVF4mjP8MxpfR8sklpQy2YXyg9FZfqyJ90ofG_WbLDAGIDIyLOlZEw2gTGFWaYPPkJRBgVBpz28ESToTFDXVG0ETjxqQ-NZiRRlEh4Wxmw93GtJ_iP3LUaOL_WaZ0c1mnISaXoMdBzAKQQHUDgzQT9owxc59gkCFqPyVZj69Je6W-6otMrazRHhIspmc5tOkhNXiqhSmgA3vuaC0CSe0OEJwCZ8lUAa3XjPTD3tdp3spvlg7zdwsJ5CmnyceEv9JFUekcdsSK6JbfbA69g62A2mA3-KatlLTcHSY3y1wWR0oKiQtMh3h32X0NCv6jv7gYKfJMmjf0x6AXHAgXXwQ
3811,דון ויטו,"אור יהודה, Israel",דון ויטו,"צומת השומר, אור יהודה, Israel",ChIJjwxWQJFKHRURcjC7fpwo_EE,4.1,03-634-5834,places/ChIJjwxWQJFKHRURcjC7fpwo_EE/photos/AaVGc3kMuw5bdLfFH82sJjRkQFi9vbjVO7enDm3jtawZqwsYgSQm0cPdQR2Y_pAvP_MmV1MvD-WwJR3rDZzYnN_PjnUKqP2UHNqu1sWB2oGeL_iNsGLZ2wThipxOM-V4aoE68RMzwrozG9h-w3kMKA69pPK-_D9o-fSf61seuytPCpBX5gj_vTAdodi_9JJArgdgBv5_TyLDOqky7itvnzcXlSDNbIwPb59XbZZYoIep53biYv3qxcpMOU7GhG_QgOmdSz1z3qrPszH_jt4GhYl6oar3i14BC7g0k5iLPZ5WxO_ftiFjJnuMkXV2xU-QbKj88Nl8qyO6QwfNHpqx8jmstqhk9YF1Zmg3WBh11fZrAuC8_VmDHtOjggk70YeaalWqSxdbp6VZaIIy2x3nrzLQna0PYLJgwr3kasBxAzVpRnTH1Q
3817,עלים ירוקים,"בר כוכבא 27, פרדס כץ, בני ברק, Israel",עלים ירוקים,"Bar Kochva St 27, Bnei Brak, Israel",ChIJ0zkL0StKHRURb7BdqijJM14,,,
3820,ארומה,"גולדה מאיר 7, קניון חולון, Israel",Aroma Espresso Bar ארומה אספרסו בר,"Holon Mall, Golda Me'ir St 7, Holon, 5839101, Israel",ChIJbR77_qG0AhURbFZXqcRwZm0,3.7,03-517-6650,places/ChIJbR77_qG0AhURbFZXqcRwZm0/photos/AaVGc3mJ-xRkyop2Z5_88r7DdXwZJENfZGFKVpFzwPI-gl_qq2NdpIEUCa3knNQVUIiziUOiy17nJBz-8Acb8BfaTxgSICETjDGwTmmOWdybOofl0Kb-0APSweMHetmIJBpMi3nJgtta2tZhg_YGDvm0sF9c-UQTXIqOzglMH_M9-roOduzRPp9kLYYqCHDkKVK7ahdA5iD2rl3-9b1S1ZiMvU9p4Klzc_kPReCcfRTk69sdAOdBhpsg-yqZkBTuWA0NGRjeBvr650FAQ1PwdM7bOFFMZ03K9eSPfAK5EwQG_03YsvFKuqL12YalI6vi0uyl6Y56boh6367K0lCHOufadvIUoV7uCZF0CKYfyOtO_9gUn5Y2d3gS6v32D_H8XG1mjykPpQBl41XWqfX_Q3VCAUTi5_cBCzg5iJnW41EwvMmzGA
3822,גורזאר,"המפלסים 17, פתח תקווה, Israel",גורזאר לב החומוס,"חזית בניין אינטרגרין, המפלסים 17, פתח תקווה, Israel",ChIJHVgBX4FJHRURuERhCAzvxDk,4.4,03-550-3504,places/ChIJHVgBX4FJHRURuERhCAzvxDk/photos/AaVGc3mGeTb1DfiAU9g9PqAJIiidmj4CoJgcIIpFiCTvF_k7rk8_fbtu0kNte8ChkX-j3gtGaBxO8cM3B3SRg_rANk0td-b4VLoMDpDTiG6OtEcTG-UA5wyVL9RRuYifQbyfORC5Me8Ul29SxHLo7ynnHAAQoKuqu5LrJFE-8wjXc-BX0b-j2HKb-c9sf0fY7xKsMEVkY-zDSYJ9ryf4GAHDbtO2jlWloVJ-UgPR-7rMqMRaEKX2Ay6GAbOnifSN9-bBb0e_ZvicFmRiJmpEgabWQ6RYrYQgZZPNCR5mGvPv0fgO4PvmP6zroQ0bXt-izco8RgeuiypX2mZ9ju4CHAa70w8iz9SBySqGp8ju4OyP41lEpMVU1IFeMj1hCXi9q0l7ZtON-fL134z1nYNta6cbrxbzpZ1HVLAAoH_EcM6qge0
3824,פיצה מטרלו,"בן יהודה 6, ראשון לציון, Israel",פיצה מטרלו,"Ben Yehuda St 6, Rishon LeZion, Israel",ChIJ25OlcFy1AhURYr6VdI3t2cc,4.2,03-730-0043,places/ChIJ25OlcFy1AhURYr6VdI3t2cc/photos/AaVGc3mX2QubGWCU_kQUXFlSo4ExhbPtBS5EwtzCvUzjhyjzu2FFhQ1QhDvWv4Zb4YUrBOiHkLesac_68ju0rePIGAe2IfjUmQPqalullXTvsGKMdJwtxcDQBP2iczrA5RTnt151qKrB6bLklZLnVsEt8ea3p0LXN_1RhMrd7ft8aHJqydAMoiVyJdyDQbCKknnMbe8miLmGpcfIoTvBSo5HrtWRRWlYdFL3bWD088ivjQVbNVA19hUqaVb1uLW4u-4dd_ZkewijrTm3Y-xLFDvkvinhS7GE0gK3zLhmlC8x6ywXz_aBPlEkAsDn6gQuxk4O9mhpp12xBgAtmeyG4h6F0WzmZSFC-nEAZwea6WeGVipvlBFYmpw5RQqMY2P4VwBV4gAfCU-t66L42BlPCfxwE8-mOmaoOBGIl_aHKwznVTk
3840,מפגש רחל,"אלכסנדר ינאי 2, פתח תקווה, Israel",מפגש רחל,"Alexander Yannai St 2, Petah Tikva, Israel",ChIJh0KGyFo2HRURbs69Ac5YNtA,4.4,052-804-5313,places/ChIJh0KGyFo2HRURbs69Ac5YNtA/photos/AaVGc3nCetBbxEVfJsPW1Bo_wxNk-4RyPUenYDTq_7hG0VWF8dTYegWnFD1_824WFRJT-FvhfFk7XhtzhBrHYwXBRmU39BzBuXfxe9Wzhd2lU78EgFjwXDzdWq-Wt4r35XrQ0YgX0ZXiZtbuAPXR7lkPQWY5saHZHko0nWcWXVCNkQWUpYJzne9_kKtndg3K-xFjUVcUMo58E4snobXB6FIs7oRbv7us7jYNKgSShGO2QOX-9GZ4yGWJog67Sc3z-s5Rh1nEWoRxvlJD2lMx9fngYORSYrgqtnYuX8XUajkgJwry1UDL_gWRvZZDUC-stGhSTJVlu2gdxwF67tQ5wTtOXQWA14PhUTATGmmbZ38upkMYAo9XPs32jzcf3bVYg0C5pC0PSHY0Uxii1g53jAzewRu_K6lV8a0BNVYV_7-twAmL-XDA
3841,המקדש,"הפסגות 9, פתח תקווה, Israel",המקדש - מסעדת בשרים,"Ha-Psagot St 9, Petah Tikva, Israel",ChIJoUIuRzs5HRURpJXg8Rnm00I,4.6,077-231-1881,places/ChIJoUIuRzs5HRURpJXg8Rnm00I/photos/AaVGc3lAMVSO6AKUEB-oSoCGQyj8pzRpLbCDNYG4m8SeKscw82Z8_i59xK1m4Le50pAJfv4_gdhxiFLeaGtLpVggxykZWRNqsjc9Boy86R-qJF2UYdqNgUp-2SZnmCj6XIVJ_KvAqfdb7Z4LE219GOsIobl3r2LUKRscNZ7Aje56eJf_tVp-IYQy4pZcMMR95kQovEt5mcE9djc2lV2wucG7nx6qaaSfNcT7T67yEEQ_xULyeHBujZ3EMzuzisNMwe90VpFTa4rvPz4nOeTQxMuWPpcXM77EMaK-tvmAMOhLZRMDm664d2c2woaDi7SRtu2fdkVmFkvEKHhUXBWkMufofa8T-t0C7YepPYx7a3YjDHM1_FeJWGvfQ7NoP4jXwXmoggz35fQ16yuAHt0I2ud3h8tWxQS1JY3Ea1GlWttC4smuLvsg-laC8D102cplaSCc
3842,פביאנו,"שד' יצחק רבין 7, ראשון לציון, Israel",פביאנו,"Sderot Yitshak Rabin 7, Rishon LeZion, Israel",ChIJCZUCtPWzAhURA9HmzEfxBTQ,4.2,054-542-3384,places/ChIJCZUCtPWzAhURA9HmzEfxBTQ/photos/AaVGc3kAfjhCuNCgtr161iV3wVfXhU1BnO3_BuaeKtu3mJdH_32UFDvG2Wyz9Fh64JSWQym14enLAxolVJn0KNncSMkh_zkIc2uk42P5-dg0yF_kTcmoBc7PlVMGvQeoCmAF8VDyHrpODmfucjfmzPLveU_NEUX_xnK08d16GizZgM99vShpy7iftCTH7lFq4g4X8h3yDeiEJ9cy6w9OQAnDgqv-oqR5QVUl4w1u_Ziyr5H4Ph8AgQNU6236to2Tcev7ifD9z3w89pDStDhzZDX3AE38DE_kpibmhwN8wBeSkwfO8YvUegztoWtckPk0lGZ6UI6qkfHGarsaS49NONJKlmgVyWeS6O258jH00QgF6xGDaFu1JrW05rKvFPCQjX27tVoOsBa6uVQvGZvnVYaeT1CLSHOWgbul0QdN4Q9_canZURXd
3846,הקומה הרביעית,"החרש 8, תל אביב, Israel",הקומה הרביעית,"HaHarash St 8, Tel Aviv-Yafo, Israel",ChIJgU6ClWVLHRUR8hUOhKb7Cvc,4.5,03-688-8554,places/ChIJgU6ClWVLHRUR8hUOhKb7Cvc/photos/AaVGc3mggBRbTXEm5MZXfj1ljlp8li8zcF2o4l4WtNmPz7VzYUy8kc9I4LY5PgIXn7D9jNULgY14Gv5Fv-jmzJo77fRmC6nDF_RM2ypKf_oJkz7XgI5xkxtA_0VFk8MOQ27CBa5pacS_fSRHbZc-1iCXk6EqfgXjFIY_Gqb7FQbKQzSXNnLZc4ln8HS0G_3oOCLy7ClvJKyNoWK06v_t_Mku_MfOzX8vkwxmu6miUuadwODatlIglLiHUV6CXMP5K5fBHmhCqj2LlbT8riUN141kz6zDtclshfRf8Rcu3n_g_N9URb66VxrDljKDMZDXONBZuB8tDVwJP_TEyubeFTnp3rqolgJavlt0y-jmSz6I8OU2jNeYT8NUIW_IMHQJ4v5jy0CXv3WJ6KNRItWUg6An4amLvkn5Njay7QfZ0dWShGoQLZyv
3848,פינת אוכל,"רזיאל 26, רמת חן, רמת גן, Israel",פינת אוכל,"Raziel St 26, Ramat Gan, 5224426, Israel",ChIJf5IY4v5KHRURcdt7hAw3TMY,5,03-674-4655,places/ChIJf5IY4v5KHRURcdt7hAw3TMY/photos/AaVGc3nf6muaUsW2KiBg4m7NfSCfjWhLSkRMjsOYorzSyEnVD7OCdWyV7D02f2eAGhGtcIe2YnNTSp-jkj69ukG-tt6CUaeagD7MkxnmJ2tgckJoi0PKk_f4d6gSwmRTPCK4b8v8fpmVbI5tnjpFbv5nGfMOGNTqk0kG98_JojoZESV6WQh9B9HuErHGzfSFvrdDB1cLgt0jj78qGZIBI6-J0xbW5Oo81xhKdyS30NOb37aooDsH-qt4v5zpLAPuujt4vernqSNLWLBp-uwoXllwnuXz1hG-kMKz4Nj0GmFuSinAlUMjOY1uaPnnJCEpLy0-a1IQGJqUHC7Q3CgC2C8M-oyWQD3PewDMVCTSqkE6NlmUHXNqZzrdUo9KeFzHXSpgmPkUBKx_IdYeiaoo-3IxlDVdvgzJlTLZTqXIeg3cas2uBw
3858,קפה קפה,"דרך בן גוריון 81, טיילת בת ים, Israel","קפה קפה, בת ים","Derech Ben Gurion 81, Bat Yam, Israel",ChIJY9jNixmzAhURjMbbFtHL_Ss,4,03-502-1177,places/ChIJY9jNixmzAhURjMbbFtHL_Ss/photos/AaVGc3k-dyH4jMKbxMT0eqPvDP37X3hgt0xvQXXGbEBX3WELDfpmeaozaj0qfWppN-h6zGqF8MlRvzXs46ZDHwI2GRkW2fAeP0wxMdHmf35j8WCcJIgnyaM0vaRXUqua7oL7oHgCE1o9jkMurBjWFLqvEpbH_N26E6BI-oTsryYNzGfydtzZ__xb9yPiN9DyUk6ASliLe4dUu07vJsewFNaJr7zEdNXsyxulGkUocmA6rcnoJIlauwU3hqgw2o-rFR_3FkBhRk8M95rPaMN_ibpXbUg1sLHWwUDwca45V7NhNB0rAPpBFhQsCXTc6IfAkXriD6DHxWT7hSVm9x_ZPD21CD6HpTvWb_Xs384zfIORWipfP9FXt4cxDP1W22-zbGiuMthih7PJxffsbTJbiG4BLbKyiqgExTmkaSzZlr96OVm9itiY
3861,מטעמי צמרת,"סוקולוב 51, חולון, Israel",מטעמי צמרת חולון,"ناحوم 51, Holon, Israel",ChIJt5MBiwXKAhURYNwFwQdh1og,1,,
3862,קייטרינג רז,"הנביאים 14, ראש העין, Israel",קייטרינג רוזמרין,"Ha-Avoda St 7, Rosh Haayin, Israel",ChIJZZIfOi83HRURj7zX6Fd3crs,4.4,03-910-4242,places/ChIJZZIfOi83HRURj7zX6Fd3crs/photos/AaVGc3n-XBIFjfJ9Dkjqn0o0eA8D3Qx8K62yLGj6mpyzQmNdmdIj5CWbqP9NdChdu1smbt25huSSG-jp2clXgBbHkdz7psK2UmKzPhP-R3dLkg53PjHbGFYfTwghb7_8aG_O_9LazeX6fGVwTLHIBVJ2UrrL448w0-HjLz6rx3I8Mt-4YK0qGYhFQAJTAP6ek6ahuOZCpLM6UNZ17eKXiemPCT0h0-zrlL8jWCEJkAMzTkWPJNWYtwqhzQvhbdVKHALtjthTe4GRfVtJp5nkSOwHzSkUigNY2ebUAGQsvB_JY71oL7IMa9JY2Tc9OmZQWtodheJPjS0DcHQ4eAsWyBT1GwtbRqLfnEnahCiCM4APddthcLuG77YDi9GPmP50kKYSmsdINKyFE6WFfBIAk8uUx4eYbwDebHEMjM4xrFqMk-eDvA
3863,גיא בשרים,"המלאכה 12, אור יהודה, Israel",גיא בשרים,"Ha-Melakha St 12, Or Yehuda, Israel",ChIJJ0zut4ZLHRURdj4OBrijELA,4.5,03-533-8037,places/ChIJJ0zut4ZLHRURdj4OBrijELA/photos/AaVGc3mVxdr2OOyc6e1JYHNcfjFkvC75e_IfGd0de4-9JI8xhQAPqWTuai0YxiXMc0MHWiXkjlLf9jRlPr8TtzXjm38qV4QCbw59BAqWxHeyBXtd6aChZV3xArsQFZkeD7EqXCCTz3D6opC7gfj7O-Cc49RxRTYhGVhIfmAR-XF152EZ8hPqhEP91EOK95e8vZHJUCID0lcqXH7sQshUM0pQYa3mjVMNQd4mQibvAVErzoLAvXz6R7Z54sPn0OXr--qh7DpYAsgop-MVAcS3VNAgoypm4ZnDrcS2BdIyl7yYrThH1WjV9txraM8jmkgbmTs_NYLmbH1aVY3a5imgbBv3U9GPk6Ktl8PI6dIkDROi00-I-mwcWaADOI2h2QRrPODrqFdlOQyhZB9SiVOhscTRIFq_WNsaOjrPNb8wVdgVzwg
3867,פיצה האט,"מנחם בגין 30, קניון עופר הגבעה, גבעת שמואל, Israel",פיצה האט גבעת שמואל,"מנחם בגין 30, קניון עמי בוטיק, Giv'at Shmuel, Israel",ChIJUR6m-w5KHRUR0Q7_clwnmYI,4.1,1-700-506-070,places/ChIJUR6m-w5KHRUR0Q7_clwnmYI/photos/AaVGc3nJUrHh1aA8exSIdSrmVflL0L-Jw-b8rKbHQh6IWe0lONdIqHvnX4GZS_95RX9xD5zN64sW_yWOMNMwYmJjSee6sZ74ADTtNK-40ASXGtObb-UJ630wVTp9x33i7pLGBoD380ZfYO2xQ3e3dTO8krkxP1JItzw_sLZ_cqcY3AYMgy8ihEvmeohpvUcqVIBCRUuCk8S2q1mmXURXmwLR9cBQ2FHFUHRUoyllv1A-n0YIawJDL5E2HuYiubxRxfxrPzDSfTw_ypYN4wsZbW-ePttVbEIkmU4dX5j79yV_aVuoNnIrFeTFFfTT-OEbl0Llr3bBRjOBYyqXIJqsy11HcH-etDZdUpjRX4lmdTMhSVAIV1f2ENowvKBECWYRxQliP0AjNHHYWKt_yRyiuCPS_ReQc6jZcuvX8LvYNQnqPlCH2yDq
3877,מאמא חומוס,"גיסין אבשלום 61, פתח תקווה, Israel",מאמא חומוס,"Avshalom Gissin St 61, Petah Tikva, Israel",ChIJ63WnOBw2HRURzfHLEEP1fBA,4,077-434-2709,places/ChIJ63WnOBw2HRURzfHLEEP1fBA/photos/AaVGc3lzurucTZDk93ce9jYruoDbIVF7pYxFeR0VXuFSaduB4H6D6zHlfr0X5XXROuuXy3fro9DPZSmjEDia9lZi_NsNyEc8tbNJuaqBVat2u02Nhvnu3hFUjUsSTWEQzb3_9Ikn5XFqUId8oH2BqwU1upAe8oonSiZuBNw3Ipue0Ffh_5LJMknCw_o2iDqoB6nTvLjRzbNaXV44ZoH1uCLSQvWCQd1ZqVmWAyoNOB8HLNi4KzuLvYPwFSHD9G7a9dlFGfZuogQhZHGYlwBBf3WQVZqqs_ru7hZTRWOMmY6MVzUrChJ1I4nGwbNszjQn0_5fYhFKdUGr7DkUlyJ0-huF0MaEsDLKd4RpcsTdWmpzfQuG4WN7oKYPEgvyfOyFaDEM5GmKYct1MC4XjRQ_EJsKOimkJoRzZb0xI0vBhf1vt9C-uw
3883,מאפה נאמן,"הרצל 52, ראשון לציון, Israel",מאפית נאמן,"Herzl St 52, Rishon LeZion, Israel",ChIJV008eOu1AhURpWAsrR4sCjo,3.2,,places/ChIJV008eOu1AhURpWAsrR4sCjo/photos/AaVGc3nM1XyO47kFE0tgRqEHFWewsxVnvsgqPAzitrJsjFOnnw93ETFg4UlQFHhqxNqKhwlFhVYLnRpytMicp4cMKJNlRlz_A42jnD6HtvAvjbq-GILlWqLHBX0txxDq3xCYcvFz__zTLzoZ75hq-A4kcSLgZ1vYcuDsHhJbjviU89fDpjqwDFBL0Sa3aRi6KfSYQ0ZrHwG5FMQw42SFiXENrVoF3IzP8dVEUmHyDnxIqoVplouzPImn6rEmTOE0QRp2zBad2tD0q3AuyEd_gXAbJTVJt4guKSiWX3sunCgngjYIi1UAvGMbn2bwt6aXFU89-5i1rNxg3GQ3pEuH3FNJUAykrpMuhAO8MgLt1VAgWVm6CaKgbLv3pkMwocNqAhXSXZPB-Me_POS_G6EicfSoopyqdvLR68kH6A7H2ZhxlSwBHL7m
3888,כרמלי'ס בייגל בייקרי,"דרך יצחק רבין 33, גבעתיים, Israel",כרמליס בייגל גבעתיים,"Derech Yitshak Rabin 33, Giv'atayim, Israel",ChIJF71IAqdLHRURt9Qpa-SbOPw,4.2,03-716-6770,places/ChIJF71IAqdLHRURt9Qpa-SbOPw/photos/AaVGc3klcfVpnkXj-5w1s-_4sh3W4p3t9aj1-yep1CoWcu8ydPAgSdQxSR4Hhw0jcHrapt2wg5lk4IrzvxX2xT9-m9RU_fsNxBUMZ3VnABl4bOWLGmG_sBHf64-H2jFo7I_tyo2mMuCYLAvRI9XYwcQSkAjLHi_xHVW3rh0Xap-d5Cn1npeBlZHcb-9uod4Ugph_c7o5fShFc94pXDEOBwc03hN-PWLLcZOnvGyYfsvmx9yDgYySrTquZhDz659Gk8Sfn9suvGF1Q2MFhi-C1GgsFbpYfKvXrmEgt7ZuUhnjavAtrFyuujgXff26lfAndwJwjzKNspioH-HlCXhSUB-vTvt1Gr4i1FHoz3a5XDYbu7FhaARWt_m408rSoNCEI3R6vEWgORNE9_wGyHUJXeSCqMAq2CWv-YRa9AJLaHlSfYqlp6fn
3889,גידרון,"הסיבים 39, פתח תקווה, Israel",Gidron,"Ha-Sivim St 39, Petah Tikva, Israel",ChIJt0Z4wgNKHRUR0VCIs-AyKZA,4.2,03-939-1532,places/ChIJt0Z4wgNKHRUR0VCIs-AyKZA/photos/AaVGc3noXdnO5eGY9zGTIPaLbX0fmK0ffn5qj-Rp4un6qX2P7TFii3Oh7jqLleQufiQ1CCHvcVCfYB_jte1U7g-hVsJEoVd4muSa0Vp74Uxav7_oUDNKc2icWsuMvKf9aDiEadxPIcVdDeV0tUaGZ39TyBWTb9ZG2IJbwu6t6V0hO1tkfN0PisaKbZKpojtUQUo570s__l4eLJfmYyGQvVk7c8kgo-qulLFy42LIjKMl5nc0Tj9jZAGyc2DAvU4z53-55ALlo5nr9I2Ge389RoiHqURq9yFhfkIs0SNHRTBxdvyV4MXkJNljt3xCeb1ZdIZI7s5O6DBs5AvU_WS32RsYsbpTAiVk6m2vwMqcA_XBROFh0n1H_FltxW09v-L8QeUME6EOLQrGmyNomkFNQbcWYWWSsPys4dgxhtq38xj9uk2gPKk
3899,קייטרינג מרקש,"האלוף דוד מרכוס 34, פתח תקווה, Israel",קייטרינג מרקש - פתח תקווה,"Baltimor St 7, Petah Tikva, Israel",ChIJv9Da3jo3HRUR02fg_mqJrb8,4.3,050-444-0827,places/ChIJv9Da3jo3HRUR02fg_mqJrb8/photos/AaVGc3ni4jAIpGcRW3yUNtAWmnGVjNq9nfzMlYD39VM_aazRxHm2xcdyF9398o65VpKBbtGlbXIWMAygXPdiDUBZjxjEpCzMhq-UtPPT7f6vNwp5impCNvb7z9ntVav5_XfODDttYKlL9DIp8_TBmAbTzPZrZSi8pYTSjpr7C0ZY_OMbspGbYkIkzfaC3k3xJhCHPUGjgU8yXAztEgnVtVtNO8fIo2jBKhGpcMnG5M4z1jxItGiohJ-6dB81Y4aMrqPs7yXhJZxAulvoEbfPfvQaUHyyizbqauviP-IfFIL4jHEzo3p56QrTvBwxCFEDza8DRDTIDsSoVw4S5NRB8hPe5SyKOWoxqmOsFr0-QJ4Il7WkpK01GAp1wp-XBWn9EcZjj1rY3Cvnm2R5nZlTQmmAcgU4w85k-gckyQz32JHfBxCnwA
3901,ארומה,"שפינדל יונה 1, גבעת שמואל, Israel",Aroma Orly Givat Shmuel,"תחנת דלק פז ""אורלי, Yona Shpindel 1, Giv'at Shmu'el, 5403718, Israel",ChIJnb3mjBlKHRURGrtreRf-4Io,4.1,03-536-8640,places/ChIJnb3mjBlKHRURGrtreRf-4Io/photos/AaVGc3nl6E1S35PAKX6Qr4K0PYjfI_HkfqAeiddEh1R1MSeae6HrI0ycU2Ujx0TmvvkXP8XKUvx_MLXHIvlGIaJ8YbwfqpXEk1ORnp357oLOKV23Ubi1fGfTIvHuAgj-bEd97bhtN-FxWKOkP3dbh_PCEzk-7OSghA7rCKr4q0b9jDrNvGZUnrMKNr3MsMcjEOH8RE0v87QHDSz2mEMiy1_xnri9_TmeBtL3K8Bz4_4rzVm-Uj6W32BqZchbdHYWmP9IyH-ZvCtOFYQLW5TaEg4Q2UL5T_QyrS1oiI6f7JPAmgi1sd-ogjYFIw4hMPHbQ4U3i7Rp7VskgfbFRprweNMU3-7akaPWo1Bt7TFMstIH0qjCkXiNCpoxuDgFiN_7Z40BUJSOwyRxcqBWYsfLD2YwiLw03ECHEjcdfLic5x2lECU
3905,מרסלוס,"מצדה (כנרת) 5, פרדס כץ, בני ברק, Israel",מרסלוס בסר בני ברק,"Metsada St 5, Bnei Brak, Israel",ChIJc8JRiCJLHRURjHoTW6eZ7fc,4.3,03-959-7000,places/ChIJc8JRiCJLHRURjHoTW6eZ7fc/photos/AaVGc3n9XKQeqimRlHoAik8V_hUEEngXAsGCda1j2PpS8LJyzklnIjHLwrfQkyy-PrQy96g-aeKRjUi92TIqGr27QIb5BaKAyQ7Dnnk0l28mAhZcAcCBvtR101irs0U8OidtTns9t0-4uoNzz5CxnSBBw-rcMdpqxwQ2NTjbqABilwPKtOFAGBkNM0xy5AlsD857Ppk0BqmMMlfS0bsX8dc28hp21HR1iTuFZhP3UQGIwpP8AlCLcyoSn6Ehy-TjrG2ZMOGfqeXsz4uiSalHUcO-BWout855ibAI206TuUPmpOsxFCZHtdeZl2-UrnZMJhxQFuwhF2rP-13vAP6rnLO-4d4CBrzHKJudAFXHY5YO8-R0eXolCsRQEtooALhAGqYAX6utFzunuRKUT653eHzQw3gmtV3zlaSSLsLKmgqsEae85g
3911,בופה לאכול ולהתאהב,"המעיין 2, מודיעין והסביבה, Israel",בופה לאכול ולהתאהב - מסעדת שף ביתית | אולם אירועים במודיעין,"HaMa'ayan St 2, Modi'in-Maccabim-Re'ut, Israel",ChIJ7zH0mmjMAhUR2LbEcs5dhVc,4.2,054-564-1635,places/ChIJ7zH0mmjMAhUR2LbEcs5dhVc/photos/AaVGc3mPIULWd7OPbxg7EqnJvMnlP8EMxnk-WECIaJ72Mw6AEI8eE-PlH-e-tC2t4osWou6kTxEzv4PlPuzsWgNFXr2PGaDtDCNCqwYagSOQPYaSebiF5K2Ekw4ucLbJ4Of_RmUfKZMK5nSFc_kWP7abp4xsyEwIosgOwL3j1S1UKdRoamCe213o3QAC-O-zw4de1jX12ChHFryYZjnYscLWiw6a5zEZRX3Bgqjgep5lDLUsHNlQ0-w2izWHIcA9f9lOW7TMklkss6wefbuAfA1TUCMYjqtCH65UGq2hpPvOIVWjGpcT4OMRgBpnDj8Aapiy8dF7HrygNosoVaoQJ--Yzd2DQkDk_pt9SwjoXkbvaIAAF3ixj4MRvJxv-nWUS7rmHzLfg6roPmZ_C6puHtkXT3cRSv3gcHBP0ioXEKhxCpvlgg
3921,קפה יודלה,"מצדה (כנרת) 9, פרדס כץ, בני ברק, Israel",קפה יודלה,"Kinneret St 9, Bnei Brak, Israel",ChIJm561gilKHRUR1rW3MMPceN4,,,
3935,ביס ביס,"מקס ואנה ווב, רמת גן, Israel",מגשי אירוח ביס ביס,"Max ve-Anna Webb St, Ramat Gan, Israel",ChIJTbKdkwJKHRURSX5e_xOFg3I,4.3,03-579-1137,places/ChIJTbKdkwJKHRURSX5e_xOFg3I/photos/AaVGc3mj37_EQMR3J1A9n7NudPxpW-y_7LIsjXWEkjlRJMhQF44UUEBDFGR6wpb0IdYIK9_9sbKPBCvBquyT84QjYhxuJDB28QWBeCyVii9h7R61sPCKUzc9GU4QKTAMZ10CFf3KTyDRcQvbsX11bVJacb24TGuVfS7j1XH9LLUyAx75wFeebQSkyqrQGI22ngYPHYD0WOJhAw5d-gaGg1PR5sZZgJ0LgbPLISvVBDs7nzm-ih5Xw_gZftCBnG8eze406r8KeMkutKsZjA4U0kB2fjmwwOwnou7e-hSLuFaRVnFNL7XXKBwyar-9SSawUfTWPTIQhAYa8yu46GfFJ4ieIMtq-6SamkYo2GxB3QDAPDMdgYqFtltrLBbtiL4gjFKBUxxPUL5R_EcU_bqA2RX53l6XA10a1Pke-SvISFMFtd2rg7Dw
3938,הקצב הירוק,"בן יהודה 98, תל אביב, Israel",הקצב הירוק,"Ben Yehuda St 98, Tel Aviv-Yafo, Israel",ChIJB9j3KPZNHRUREfDOH61N8TA,4.6,,places/ChIJB9j3KPZNHRUREfDOH61N8TA/photos/AaVGc3lk1SxZxQv2BsXw7wgco_LfiHu8xFP9gyjPzGMxVSEe1D76o-YZG5RL6z6neLKZfLTrRX_IKEiqsat__9lHrJzwTt04XbCx99PC2kXMUfHIsXmX1DNGOHkLGWpsiewPiTsxDSJhCgaq9lcnwrkUwYF7yuC4ehYjUnFCojx1FVQvG_bVkJmy457zeQKeidtCCk2IUaVef6h0iwTOzr0zPIPHgP-3iqbInU29LnTCjgqhajqWqqpjoEe5EZpCIuWy5Art573NHUJ6pmFRS5jSc7ZyzgDdScdweiJ45cUEkFmfomJmdJJqZ5fjVWcjzVe2P9nIxOfru2_Dq13TrKlmT3-gsI6D0tdzdRvzdVGM4fv89YGyMntSLqR9IT3uQDTOUfo8XQeDYwTo1hE6uFyAZ8TqWR54Lo1VRmcPQW7Fzcumpg
3939,מגנדה,"רבי מאיר 26, שוק הכרמל, תל אביב, Israel",Maganda,"Rabbi Meir St 26, Tel Aviv-Yafo, Israel",ChIJS8RfCIRMHRURPuNmwUVWM3U,4,,places/ChIJS8RfCIRMHRURPuNmwUVWM3U/photos/AaVGc3lR8z8HWu1EnaM_SWnEd8sW_B6RY1x_kRGIgXdDanqsrd11rMbORD0-8LC-Uv0EQJb5qBx-t-WYbq-naqtmdJ_lH6880C5nnhyTPI9656dY3AG11Q3Y8z2Z8gl9G0UKePrb0Af_yjyyHwsvLlpKyyaAQariyvCAcji8DlhJ6FuOco42it6qr_RjODpbrlC6XmCuH6_ZDqauPatdEK8f1B_2eeuLsR8Ia_SMBWGiumExrvpY5qe5BvgTQuTUdD2JPp1Nxm1TL6PdglPzEO92KS0LbGlmZanezDphZPGCusTGt5AcCXJowf2OmNq9MjEeZ3Bm3RBeqoyhyHKLEptVljihHXdVbIGMbPswwwOuyMHg-EQCS-lJeImrFYx7uvul9qsMHJOsyetC9kbY1jhHqD4Su6xGx37S8VCIGnSrfRU6Kg
3940,המושל,"דרך אבא הלל סילבר 2, מתחם הבורסה, רמת גן, Israel",המושל גריל ישראלי,"Moshe Aviv Tower, Ramat Gan, Israel",ChIJyXCGqiNLHRURZFR2vn-hzKg,3.7,,places/ChIJyXCGqiNLHRURZFR2vn-hzKg/photos/AaVGc3nB7wmy-eIcr2b1NOnjSLzREoX99gyFZzV6QMglCE8AT7k7O3BrqUNyNVbwefTPIQwEeEC4eN9CoKdPba9-SuAnlk4t9qEZ_DrfmPweqQILtEfeNczESlN_jHP3Qx-FpLmJJl5nGs37YJohJgwqlHTLz_fYZo_S8Ep1J3u9FDPg5d_fClhp872sBCo0nIRK6ijM5imbDECLStQm03MKNdZQWAx-GpgXl1pWfA-9tANhY4Q6tP01hhJX6bRFmBU36GO0UinPVEGoaTpHPwipw9fJxuE8vpRNVRwV4ZLWXX7ztc1oi67VeqK3ckNrkYX1wXMu45LYo1iOvz3vrs6NUWdz9k01GNVjxORopfZb4uLKVyMPoUIehgeVr-x_LmPYyw3fAA40cNnl06uFqGoLLIsKYtqQ8OVshUOrioyR75k
3943,בורגרים,"אריאל שרון 3, אור יהודה, Israel",Burgerim,"Ariel Sharon Blvd 3, Or Yehuda, Israel",ChIJESxnvvxLHRURMAJ-Lk_zQXk,4,03-677-3311,places/ChIJESxnvvxLHRURMAJ-Lk_zQXk/photos/AaVGc3mmkMXtoSbRzXWnZ-eSh8yUWFy_EXnppfjnSLZVE1-kLty7sBbV-nAoIj-oLexzYn5QQeDig-rYDPTT_Be8Y9TdW0DhF82Qvg32rrO-Bdotzric-vJfdHsQk8VPT2aIL3Kt13_xdDu-qmP1mIbCJT20UMebJhH2H5ozOUWTZtghduDXTG6KIKjp5z3n8DeIJO4e70pxW86RyOK1PlvfS3jRpa--LM1rGQkFC7dEgw8HaKiJanO7pHdHleSreXwBtSkmVCIdm-OFMzNOGRqXt2taE_8TcwoowYdv5hc0l7mtWzvplo_3_bYJ8MT-8mFEfak2pguEmnQdyP3ZKVbbRKQHjqn1gMS4WJ-cuLE9Kcv3PHt6GJqLEfXBMg0XQRVCymwQBSDcBcD8X7OAWLrSm5BObhIClvlMwBAVbf3iD3a9ssdx
3954,בסר לאנץ' בר,"בר כוכבא 14, פרדס כץ, בני ברק, Israel",בסר לאנץ' בר,"Bar Kochva St 14, Bnei Brak, Israel",ChIJszKj4CtKHRURwUxsXFgNPrc,4,03-602-1140,places/ChIJszKj4CtKHRURwUxsXFgNPrc/photos/AaVGc3m1Qex6WjQxYW6dLf0d0pK9Z3_LBilcQOz7Pb9saVKGZL_3_bOTTlj78SEnRM0Y6t9Z5oftuXePc702uIdhOPG41rjLE3gqRQ-A_1BbxoPtIdP2swtW7EMY8nEIFXiK59SENHBCh-HJtm-ZdInaGHSk_0SlkWneZYau3AaaFtJE8_e3C1H2em2WzYZ2RY0r1aZ02FYMzqqj3mT_k5Yr_eOgTE_i6AG1eKjyWlkRXTojSJtlUWQjbw2iMLbywgZm74WqVV0NS4qzu1QOE1jmv_n8HohvNwC8H9LjhCOFUJ9syhbxbnj_zTcORsdqjXqGLFTTU1vR9iNJBqqFvIxfI8BvoIziJH-VL4c8IPUWfYhtv_wC34T9BDIoDERLWukXzibjntniJKuZ4FOMB0JStnb15rs-Hhn_ZVWmfuw1jv6y8w
3957,פלאפל בכיכר,"ירושלים 14, ראשון לציון, Israel",פלאפל בכיכר,"Jerusalem St 14, Rishon LeZion, 7531378, Israel",ChIJlW6xwze0AhURf5b2LFYAs54,3.8,054-304-1355,places/ChIJlW6xwze0AhURf5b2LFYAs54/photos/AaVGc3kr1yeXEGDQ026FT3o45r4fssH7JcbhDr2X0zzVxCQNitR7a09tznV7jSsvDUEcQAarbw2RoWKm-sM8VPAJJxWavMabUcdO_Q0L4cuHcXChAF0Fg3uwTHPOsx4Az_g62CrjCRUCVDlrcT6WoqEl-PBtRRY1taK4X-Gi61POVYTJtWuz9XmP8uNmFQV7QxytEe0h6rzdZVDAetZ3bp6NgameZYbVLF5KQfs9BCzLP80yTsRuoSntKHDkiUmaYKz8U0Ik-12bECQccj_gz-vUI0ms6_OKfuJ44wBBcs4GDxqma_eD-0zvdalDyeIZX4-BJQ4gUPMQGNWbbtfiMxM1o6dVmUYH20cTlNaAaScj2F0vlME9D0yP3TbUydNhCr52EEOM3Piumz9R5aV7b-CcehMFcgFTGylzFN-b3kFOb86xSw
3961,חומוס הנשיא,"הנשיא 57, קריית אונו, Israel",חומוס הנשיא 57,"HaNasi St 57, Kiryat Ono, 5557057, Israel",ChIJwTnncltLHRURh-qBim_iFPM,4.6,073-743-0496,places/ChIJwTnncltLHRURh-qBim_iFPM/photos/AaVGc3kRlpmXu--i2g5Gz01h3AMDUr2XYuePkoFZt7H-HAofgLG0zN6kh-4XJy8lI_r7pvv4pPD3OYmaOdCq_weJn3Qx9cucGh8INxGJoUiRK6fFsDzZMfyKDBU_AnZiyPo12IqPx4rFMg3KwtEEz8wAm8r1Mhvcd_GHYypCu2mL6gcg6SDDupw86k9S4Im1_ZVGT8J_KbTRNWTHsl_mPik85ZTNA8ib7PW0eWKz7XUjPvwqeGkN4VpR6TLOM9GU_NcjVIYHPp2y3m_WN-VtADUlUHh9jRsnPeuyH76HNMvWLbQiEboSSkQE4O39AyJ58ACP48EVsngINiB-73pO2jEU0TsP6ftbCrQSxMvoBdrYZXFkp2y28qT-B7fb7JVdTlOLdhC6_fOTv2xR32j5zs-UY5mykGqepZkZxzWQULxyzCxvJQ
3963,קוזינה אקספרס,"בוגרשוב 36, תל אביב, Israel",קוזינה,"Bograshov St 36, Tel Aviv-Yafo, Israel",ChIJaSmBUH5MHRURwbh07ndKw1I,4.6,03-624-2454,places/ChIJaSmBUH5MHRURwbh07ndKw1I/photos/AaVGc3mPtyKw8qH1kWkcFrlizrRHNL_VKJEqC9i1ZQEwyq3RLqwvfLF6dZ1p3Nj9Rbw_KWWy1Z1gZjNzZP2ECAhdAK1aS1HVtFua7dRq_KxIddRoL1y7Wn7C0wwLnl8auH2VDQXuEM1XeNV87Co2DbAMyUzsyP51LyaUGzE38Jg2oTtvXeoRd4axtBTLgIr8djgepkHMnYVQayA9gt38RE49vJjQ6vGtHW66PIsQSE9yN7Ce_nlrHXIgvtxGWh9nQp8HZgBzeC2vG-c8qoQFUHFIyimvo_4JyjQ7kD0J_Gr0esVMctjWIE4VCsJd0IADqcanLk1h7LySOUo2xzqNtSzu_mdu9vZ2Mpaz85h5Hkw3VBQG9OcJaantZ-AnVcKyvI61-8Uyl-_9Rv85ELkWlzjIDbSa4HggyuH13ePnjgK91yMOFA
3971,צ'ורסקו,"שד' יצחק רבין 15, מודיעין והסביבה, Israel",צ'ורסקו אסדו ארגנטינאי,"Sderot Yitshak Rabin 15, Modi'in Makabim-Re'ut, Israel",ChIJw558usTNAhURUdFVocrPEs0,,050-524-0988,
3975,FRED diner,"העבודה 11, ראש העין, Israel",Fred Diner,"Ha-Avoda St 11, Rosh Haayin, 4801761, Israel",ChIJJXimQS83HRURSM-CDu2xX10,3.9,03-555-0195,places/ChIJJXimQS83HRURSM-CDu2xX10/photos/AaVGc3mRpN9VcZB8ERqo5Snw6yPGnKNkodJWW43_vTra39KQyDia2JduKKZRV6XM8MC3ijWrkg0q8yQmBrXQcSapRNaRe_Cmn3UJbs_nnrUHF0n8pnjoC2h-QIFvIY2X-EY6iKk9yrug1OYesC0wK86y0edLf_fRdLhaaWlFmlqETHC2D2hVzx2E6RyfBitwoliW_xjzT8RTShN7-1UOeda_y5kBrONmD4T2chqtikEI9RCCCEXfGB3jP_RQ2_tJvmpO9woR0LuMczqdRFGbG2qbZPInPLoPHOb1xIvlOFdhn4ymaYbwtF1iFi_evuK9I7uf90lWE-_iUml_jmXwcB-jP62nfKhLJ5qG5aqWtDdHKqvDq5oxxrKVGxtcb0s-P9UNtEglrzkxap6E53VSXLogzUZRf5zNskjUsctpcjnjNxgYgMhu
3983,פלאפל שמעוני,"המלך שלמה 6, אזור תעשייה צפוני, לוד, Israel",Falafel Shimoni,"Sderot Shlomo HaMelech 6, Lod, Israel",ChIJ19nBY1zKAhUR489-QGMQPaE,4.3,,places/ChIJ19nBY1zKAhUR489-QGMQPaE/photos/AaVGc3lJ6ZD1DhqdX63dF4ieh4D69OzNpxnGMw5tKAiT1DInr61poes8VKnth4nwOznqwMvmnbv3o-pDT99hTnTbrpnx77ovgZukl79kYnvhMJmD7YvzvjJfPoe9ZCXyaw-wAhx4Sg8Isgi1NWPIEL5t5hed8njrFuCD93X3BPrIZ378JoW2kHc_tjYyBi7XQjgoW9hBwaKbn5oij6x4eUIjRck-o5lzyv6KGzREezVscIxtMN-mt8mEIyMr9XUioLvfVOFNqNfmr8mRF5lEDe2pZ4LgOgsv0NZKBzavrl4Ll3cUfEi38c4XbcVZAdArC_ePBRX1BHX4mUUyh1nb5EdQLuvYqqWb2jaCDRgBU94X5oZa5NK1IUGFFZE-zJq-gir6dLT95XidszOMbtLEbBzY7HTvg0erYHnDRtsekU3vd8Yq1Q
3984,סושיקסי,"הנחשול 30, ראשון לציון, Israel",סושיקסי,"Ha-Nakhshol St 30, Rishon LeZion, Israel",ChIJl5eKDHu0AhURlLzreN59xqE,3.9,03-779-7072,places/ChIJl5eKDHu0AhURlLzreN59xqE/photos/AaVGc3nwGO3Mkzic_g-pqDun4dByjPu8mnDn4IDCbDVgVPI5Q4qQkJWvaanqopCbh2NhDIcv-rV5Q9hg4iEVyyU3UwniGmJ2tfBUYkJF7LFtrua9DqqQLCk94rLFCZVCqielQK5iJqHEf7BP-O1kAyNAiC-XGX6Z1v_9WGp8nkrqSnT5XjpAGvD79KCFheJZmoIAG7koxtLLC6udt7w6q3XwcBbeMUdK2isc2QDpegDpe_P0RmTVUugCbV4D8t1KdZWvSFWaMfsDhJNbTABmKP3lXmI7gz8cRKsd8_Wa5k_ykikxP7v8cZwe62eaQzbAEtQ5_RDtLe6FSaQix5kSd9gRxO35lscin9RUgL5zAxTB_442UMzprxNkXkZOoUCmh50wN7pvwELiVcwyVEg1AE2f9noSRvnT2jTEOVdq3Alm-ps
3988,מיסטר ג'ק,"שד' העצמאות 79, בת ים, Israel",Mr. jack burgers,"Ha'Atsmaut Blvd 77, Bat Yam, Israel",ChIJkyWGUTizAhURO5zqlvC-KhU,4.4,03-647-6737,places/ChIJkyWGUTizAhURO5zqlvC-KhU/photos/AaVGc3mss0U3f0DxPZP21DI-I58o8yCReHZwu0SG9NPto8LsdSVmGpvttnMPVy4d580hMaX1_XqOFnaD4Jw9rexaJ0AO6d06Xx6u7smnP413hSFF47PbHR8DEtpomt0CdAO5wjYksAvT1gmt-iVuP56ZYZjMPMhuO38h9IIJsuBVdNpiEFb8WUOPQngPAY6ryd32T7K9-gONXTzyNjYpHKRWot18KO2QJBht4P2PEckg9_RrykCrT8tAxYp-yNxHPv4Nc9fpG14JmAk0xOQteRHszhk4bhRxorTxr2Ol3DDnB3oIvdB4_EEOxzl-pFeKHf2VNW3flnUalEWTgqNghmcHVAcaxH8F7thofuaqEMBWV1KjSiXkU8iQBS7hSFivUh5CGJ1sYq2D5447I0XRHiWrnIe5GKgXjKnOtjE2wVPhgm1t9kKs
3991,קפה דורי,"משה שרת 83, תל אביב, Israel",בית קפה דורי,"Moshe Sharet St 83, Tel Aviv-Yafo, Israel",ChIJ6XL35OxLHRURWORtJfNPODk,4.4,,places/ChIJ6XL35OxLHRURWORtJfNPODk/photos/AaVGc3mUYvCiJTF2VgFsX7DG0aJ8l-5cyEODtH1gf8Vj6A2xttaIIZZXe-C_d9AVMuJZu9aL6pk-QMIpJ1fkqs1xXqO64uYD8FVDGtPy5-ClZxhLAsvsTN7yN-Su-IRFPoSzftzz0JWVh4dQZ4i3Vn8zuKgsuqXeWm7TXJGt-T-3butHIzldsAepP6MQ2NGl7Jc3qmeUMmOSJEc3gEdYhmva7bg5_CQr0xxkID1tVzI6qWrU8bZoOeardbJQV4wSqDjD6S392AMbVds-unGjx-QTGLa4Xx-KfOIBJnXCUjXRmr_JGHpVSocvjep5eqpk15dDke7T3loMC5a5r8PfdpZCZbz_8fPC04AjcLf5GoJf7Ms95broosEzp3ocoS7srUBTl-VswqYhBDr0e6eEJPR0v83sdZ6QBRZwIGb8gUbkDj2ouUCX
4010,הדרים,"דרך השלום 51, גבעתיים, Israel",Hadarim,"HaShalom Rd 51, Tel Aviv-Yafo, Israel",ChIJzXgrx6ZLHRURx6_q5QuUU7A,4.5,03-573-9332,places/ChIJzXgrx6ZLHRURx6_q5QuUU7A/photos/AaVGc3lr-fu7flqoYViHG9U5eza_al64KNop-PNnbiVIVMX09J_kJwDZZJ5-3qrxwXqtQoCILkO7ugj98w8qUqNIRMZ_df2HAIqNrKMGI95Ocii33nmpXirSff1O5Oeolt7N6CK-AORZ9wSFsyEZQbkf7UTfAKnh2Cij4eKO1JD-MY184Bsuo5wkEKBakc3qDqI06Y6bDD_Fg44NaU3xl6WJdbqxYzMuBS5reN5AE5h-XfcKbyT6oYLJHTI3hEo3v5JQ4hGT9EORxRZrTYt2TBbIsAuB12_8pK8A7i6_pIXDWFEp6EJ5yshOVmGjUxkt5LFtRU5ZBp7v0KMr8NJqXWIscKLw9HGHAD4JpkBbyKV22M9ay3P4IGSz3DLJw-NOOHpZjUSR8iQRHpCNAAIUn9_kiPQiPdA41a3-Q5Usuq5MJNtmxQ
4015,פסטה צ'לו Pastacello,"שד' הר ציון 106, תל אביב, Israel",פסטה צ'לו,"Sderot Har Tsiyon 106, Tel Aviv-Jaffa, Israel",ChIJqSbLhqBMHRUR_Njt18_Xge4,5,,
4027,פיצה האט,"פריימן יעקב 1, ראשון לציון, Israel",Pizza Hut,"Freiman St 1, Rishon LeZion, Israel",ChIJD-U1wlC0AhURN2Sly6wz9CU,3.8,1-700-506-070,places/ChIJD-U1wlC0AhURN2Sly6wz9CU/photos/AaVGc3mrpy7b113ZxhQWkRKPxXIWNe5KyUai4wDUWmIDv4oqIay85RepW1NhlSfU9KzKwWDdQPw2YsZEYB_4wurguPvUJ0YE2yczTAs3NmImEVZygTKv1fdjhmE_d3c0yeNJMHL6AzBu458h7bx4bRny6lYTd6g7BfJdzchRCCpnabZjY7-hyWYXfsAMRIjb-AIjAbmVfkk1veltmaN3Gm5CIjNoj8ki1Wy_cI3lDTCn43cowU6hd83BUmmkmQzRaq1uwywUaLq335bYspirubw_HAOC4Q7cJcY3DLMDCpjgYO1YU5QXtGSjrZ3QNHE7S0dXEJd8cudvyWWumrkNkVurbmLNu58pjezNlqmHaCLSC9rSpc2JdsK4zjIcpy7NCUz_-Vsktz5sy---ZA3PXksuJxbpScYXOpI-J4xxmOz6VPP1CbMWaa1oZ5-ezRfWLnwQ
4038,נוגטין,"ראשון לציון 1, פתח תקווה, Israel",nugatin,"Rishon LeTsiyon St 1, Petah Tikva, 4972339, Israel",ChIJNYuKrxc2HRURMnkbLaDFWtI,3.6,03-924-1322,places/ChIJNYuKrxc2HRURMnkbLaDFWtI/photos/AaVGc3lUAPUPJUWTp86Cjle9TWRb4T19edIY5nyE55wOtWrTHG7f0MVFsfbwiU3A1uEQYZVjCwS74UvlFwewePZtrj7oFoPDaD9FumaKlCTi52lgATOPq3im8WTueIv65IEyNN_JJBZbadnFxsUrs0N9Xi-eUjhis9bHL2RovZbaOZZwO3W1cbSFH0syBBby3_bcXkK3UmAC-GrfFk5XHPBBTLkbybS51sYxIsLB9YzWy6vSk6NYk-1AHTLLTQcBhhb5LZF7kcMrS7b44xgxSzcCJP9wf-5dwkz7SkyDJEbAVXti5-qP35B2RxOLawSwbx08MoXCq69UhsNSL9YaZMsvC1BvV0kK8cx3l2x0zJ7T8HUC5rDOkIR6Bz2CGLLpC_7xsZBe71IKo1JVSm__Y2Fn2R4ioQjuygx835kgbVi_OBlzlOtn
4040,הלב הרחב,"צלח שלום 30, פתח תקווה, Israel",הלב הרחב,"Shalom Tsalah St 30, Petah Tikva, Israel",ChIJpe3UuYY2HRURKVce95et89w,2.6,03-644-8325,places/ChIJpe3UuYY2HRURKVce95et89w/photos/AaVGc3liPJU9CoURDw5kegQO4NsQl26SaQJyODFWG9UJMpBBTo8CgXcSY9YU5g6OkaezFGPmBFm5Cu1Xj9VK1GQveynxgwW7YoTU9MKH0qbyL4pTB3HeSJvPUS3s_1TQyBiOzdr3Ood6r_UjvTzLMgV8s793f7GzarD_C9oCUoimTqNfoAHFS-Uduo5iZO_H8woGjfgDqZ0BcjWH-7MMM5aAP3ga9JGXuLB9SQN2rJfPYctGTlufdM3028pNb2cg9tCjFEqFVD2Q_UyzSWHv1GN3sXIiQP7qYR0qeQz09SCYoa_sfHKqumWBo6-mYlJaRSBFR89NzgRLGvxHK5RmVazb7a9FN3awmWjc8jJqN4RNX969qHKgzD5kKXZTFSQS_KJoiQYHbaqdgMjA8Dyqkwj84msXMA7gq6u_o8FYmTtqvs4ISi0
4041,חומוס יוסף כפר גנים,"פתח תקווה, Israel",חומוס יוסף,"HaAtsmaut St 63, Petah Tikva, Israel",ChIJOXd-m6k1HRURqFM2kwkls50,2.9,03-552-6477,places/ChIJOXd-m6k1HRURqFM2kwkls50/photos/AaVGc3kVNs6IjSQeqN5ANLW9Rl5_lI1Tusxdh0ULkY-Rksn7sDvrgdEI-kiR3j-2yYaflCHGAa_hEKbEYSKvbxzAdpoSLkwP9DOt1iLR-7Fp8RVohkM9-e-g-2cbIQCWKxEDDBIkuUoUjESDe19-sHgf_UjLi5t135ZImTWIeDi3H5X70cz2tJJITQGEBLJgV8Dwc6BLP79v7ezIcO3UIg2aP_5dEHG_0A2KRfn1kr2Y0EiGMCtvxob9G3BPhftfNpROMVzLbjnVgy87eCNaCiTS-z2NWWzibTbx4oVZY7lmxCyGQFZSiCo7ItUndbkETCBk3iyDNo2TdLZzVuVzcZFeN9a0Pl7phbfNeOXKXp3eVc3pVlVqL2lLsZPQkMqWEsR7kZU06YXbjVy2sjQF2Z0Ye3kSHxpLlMwxmvR8h64a5mc
4050,פיצה עגבניה,"לב העיר 2, קניון מודיעין, Israel",פיצה עגבניה מודיעין,"Lev ha-Ir St 2, Modi'in-Maccabim-Re'ut, Israel",ChIJrQVlcxLNAhURUa1_cO3Pbx4,4.1,08-677-8707,
4059,שומשום בר בריאות,"ז'בוטינסקי 72, הקניון הגדול, פתח תקווה, Israel",שומשום בר בריאות,"GRAND CANYON, Derech Zeev Jabutinsky, Petah Tikva, Israel",ChIJ2w7vbwQ3HRURgv8mxZz_1k8,3.6,03-921-5360,places/ChIJ2w7vbwQ3HRURgv8mxZz_1k8/photos/AaVGc3lX1dkd3mMhhXJWH6dQt8GhCjqE97GkDSpHY3pOAn34UiRFGPY6j5B4yIghlh-MpBclczGZ0WmVhyfKW3fE7624Y7CRBT7GHtoh75G5jGxxDKqb-eXXOkOaDaASrSfYlM7g1fobbqnhucpvrAiom_3Iu_r2N6r-toYPaO7hRoBuSHEX-gcLjA1ZofjYX9oKJRoNq_h8g29pGx_Fn4M2J_rnc0aQnxwauFKSjQNeZO9byFa6ErpfbDGJmjXSLvZ7SlsdUGRWku3jLOVs31Q6Xm4gyql97x3GJ7WZnbOrT4HW5cPS5V2wrhml4SUF7RV0iV_ttRVVgFRLStRlTKZipNi65aQ69ItLcfrusUfcv1vuzDjrPwmzWZYL0psIDWjQYt1RVZxhXwS_c7DYQMzwHOMga7pNada4-tEZY1caeSctULoN
4069,זיסלק,"כהנמן 104, בני ברק, Israel",זיסלק,"Rabi Akiva St 76, Bnei Brak, Israel",ChIJnWxqoZNLHRURkRWZRxYsHSE,4.3,03-634-3477,places/ChIJnWxqoZNLHRURkRWZRxYsHSE/photos/AaVGc3n4bgAFj4GBqyTyoYexx_0wTiXyODsLGIcqi-7nBruhRQmmZrIlyAgjkPo6E_hDm9GOLPym3e6mDGIvT5t1MNDOKtXp0lc3-uqMv7tjlcFeD9hQFMFs_3WUYAwkoevzqEbxajc3NupxICqxo-VlVvXJRRGLbFl96a_DSCz4Y9aEt3TjzvvWHbOlR3ee2tPd5IxdL4MEXZQ6V4MZ67DrFOidpUa3H6eOxY-VinuuRL8_CLgXriPTcA1UXNpJbCTRLUEnXbVO-bh29q9FB_SbhjMuPVluLykHKnAIijA3ul9ps6rlCySibBmUEHPchZuGfG_hGRA-ZoDNZ2J7uEpTZcZz2tzcXd3SlLJWTw_jeUWiAQGXA2g-B862YCXM1ka671zrYtjGZ2a_zXa0RweJL7cdWPAyEzp_mTm0RWlxLe7g0QY
4072,פיצה מאיה,"ז'בוטינסקי 78, בני ברק, Israel",Maya's Bakery,"76-78, Jabotinsky St, Bnei Brak, Israel",ChIJcTZ3AyZKHRURrPhpybN5gX0,4.5,03-618-5577,places/ChIJcTZ3AyZKHRURrPhpybN5gX0/photos/AaVGc3msXpmqaqs_6H94_SxChBzQ17vwmp2lgFjs53rmVgy0Wn-UEXcFdfZSp9RUTgZrP6Ni-hP5f0ljLbyuMJWgwtYCeamMA9Dwp7rjFwKbzxBkunVi7V8qRCcKH1Mw-1HgszJLm2k1GCP1NAnHcWJLUXAw_rUIQTEIMwgQNto0xSpZiO50OnKH0MfWcKFLMS4HZZlAIkG8DlDRkqOyz6K9krLHkkumQTe-0EnKnJlIf8EvHmev89MjZoydgGOkSNEH33aVdPsfTV0kBUhUgBxrdQFBRohDHn1LypgWFCtHUjRladZYaNGt52jCr1T_LtuN5-Fr9e1FSVhWtFx9q3iR61RqbBx4MYYp4YqQKNLnUmjZhac9RYuYJLqsVmQaniuOSp17pxN7j2tF-lHhE7JfNREmgLeHiIKpwwXRKmVSV2T1ng
4078,חומוס בויה,"ראש פינה 9, רמת גן, Israel",חומוס בויה,"Rosh Pina St 9, Ramat Gan, 5227351, Israel",ChIJWyvzr1pKHRURDWSOyBbizhM,3.3,03-904-1999,places/ChIJWyvzr1pKHRURDWSOyBbizhM/photos/AaVGc3lM9pg9DRnGu4l4Od6mGOmoV2Epm4mlvPAFTjBS7rJqjoFbVG8iCb9nhwjhi5Vy70iZTjXOF2G_v4rga6uMVwDwCnRoFmb2Al0XepoeDmdrA3LtFsi5F7BKP4BspOZ7r3LUicX3Kdc3H7Ot0KDA8GoDuMWbwl58coU-UDVQvQxk-J8KrkFBnJN2iFkwLLQXuXGy5fD9rx3ABkTTuvVf465tFGdzpEF8DUydjc7O2Ntnzq57EMDvkUMnnd1UmZs6wu1ndK9X3LDbsm_oAdZXuLyI0XKpjqN-nDBlvK3RCk3KNuy7zjKNvCj2MMu_PfWyndlDuvF3uHmWK3PISc3XbmW7SAlbuPjgVXLBx2_-BjcLjaVpCEy_CXC9TXV5UTt0BCvgtxmRDDgnu3k02zDLYUdBAzd16Fez-zaxCurWz5n_AUM
4079,My little kitchen,"אחוזת בית 3, תל אביב, Israel",My Little Kitchen TLV,"Ahuzat Bayit St 3, Tel Aviv-Yafo, 6514302, Israel",ChIJ9e3e67RNHRUR71HtiY-D24Y,4.4,03-627-6070,places/ChIJ9e3e67RNHRUR71HtiY-D24Y/photos/AaVGc3kRcrB2KZGVpFoFae3Spq8_TvcZ7Gi9k7iJZ0faqWZ69-Kc7-J44-ClEkZRbLI0kgPXppY-LzDeyudBnnkq0ZVkGBKf1aPiEYnYns4yoEYer5xM0qLq5DS5PwAQal4tfZB0uZgePvF3Z-5vJGK4nS24nPMxHYRnPC837ogGiRXq5SdDSrkj1ojjlvxH7KZ5RiBuntgzHcDSU5idNMdgRsaoFHdbYXE5j85rH47m_gUlIaxC62v6dL6NMzJtMIeusPZv8PnOpDyLYqmzMJiMxPPMYzEEdAVTN5J-MwkAJzPI__1G5XUQq0dALXGjPg7SFZnhl9PBHloi1zdbSb3HG5Rkcb5-GZlF66W6nA7RqGtt7CfEXD7dQsEB1EAAayI_voQrbIV_0tFH-ZOPJPgVsDTu1o2MUKNHl5Sh_NhJRFs7heTG
4084,בורגרים ראשון לציון מרכז ומזרח,"שמוטקין 10, ראשון לציון, Israel",Burgerim,"Binyamin Shmotkin St 10, Rishon LeZion, Israel",ChIJFQY4rz-0AhURMjVAcm-jD6s,4.1,03-536-2828,places/ChIJFQY4rz-0AhURMjVAcm-jD6s/photos/AaVGc3lc8aU4OV1Cuht-mFHss5oP8AQPgoy9AgmH3EVzaR8SjzN-oJ6wi7VeTfT-rPaWhmdm4a9zh2zJ7rwQAbFOx9qPXu6MbizCBYddObjdUI7ykVzpQYSngPCfaqvP59PjGJMsNWKrRILUi65pVQWFrhPnZU3niPWyyQezwTK3hk97r6MMBPP9oaYEcQL26vECRdf8z5njv0QTs1HGTcSjEZ5mfMpgGS-V73QWQ--OsgSgRbRA8FDUMJtNdTs5j_Hw6gcViGB7sbix_ZiAASbNePNS8SeAO2VGf2o-WglXj7lsj4OCy_eOp64KiEkm8H67cWgjNqiKPpG1084y0G_sLmJxwdQxvZj3Jjvmop71n6f0_i31ikRm1qzx0W_UfuODs8ZsCJY4XNtyQdVxCRyG_lNzK0R94xv1EDtxOJvHUFHRrCo
4104,פיצה פיפל,"מסילת ישרים 92, תל אביב, Israel",People pizza,"Mesilat Yesharim St 92, Tel Aviv-Yafo, Israel",ChIJmcex72BLHRURcIDgn5UN6NI,4.6,03-909-0337,places/ChIJmcex72BLHRURcIDgn5UN6NI/photos/AaVGc3mXDPZxtck7QZ6IaLWBHLFZEmO0SiJN6V8rCIPraGSY1zT-fvhn9VSVFkCsBHrKlIVfr7EGW71YTcZfHK_k14iujvVu8S1fY4rZMCUfi2TerwQJBtFVOaoKO9FZZkmcQPu7b2V94bq7VF6k2CDgmVmiC8mW0DpFqm1MjncvDBUOs0E9lY7xO9iq-Q0vJtv6jKSjrCgRdB9jZmR3TlrTlzsOi0Z6NghrMQTqAitbS6Gg75xN-Kzj8OPPcg73Y_JjR4EqM24cbEJd6-jnYOEg1mcLNAR5SLjICKqJ_mdZdaPs4yGUg2MnDiSJBR89FT7vTEv2B-BXz8h3diiuYoGMQtW2MyT-DLpUw-47paLMdyNOUjSWlm0lU2V-GZ4ste5IUmQwArfxC7W0flU516qm5XSVUWw_wxnH-FQU8O7hkFriqQ
4116,מפגש גולן,"קרן היסוד 1, חולון, Israel",מפגש גולן,"Keren ha-Yesod St 1, Holon, 5848930, Israel",ChIJVVymGb60AhURGtk_XFBFtIo,4,077-434-6717,places/ChIJVVymGb60AhURGtk_XFBFtIo/photos/AaVGc3kggubGxYzjBQC4o0-75_mznguWn6eChLANMZD8zjqeidUeVJjQrixeu8PsqlZ9hziZaXdJ36_Kdu1jwcV9JzEXW2rzIZzoTz8EbVvogLgvKvzzfGGFKGbBH7B-pUPEntAwqH2dBed8sHMJWQDVSKZfX2TSiG-kjwYLTLq2X0CT5GVuFSplWKKfzMBjy3NuOJUKccIxYG9fD5Zx-bCDAfkL0t1O1fkBEEmONfs26ODGsdJvaV2PuzoP-LvNoqLWLeic5mBiQKM9in0OHsvC27p5LWMC_o6mZbrfSEmiQdmNF0hvzdHPOOgPf0eOxsW2S8AJIGw0bggrjs7p2uYwGKgqLoyduroD-5eH3fxrs3LFpP1_fxx-txOu790a4YcCPuUwInspeDOnsQ6_MluMwxJmRELB8x9E1eb5Mz78xZVnolo
4117,פיצה כמעט חינם,"הרב שלום שבזי 58, ראש העין, Israel",פיצה כמעט חינם,"Ha-Rav Shalom Shabazi St 58, Rosh Haayin, Israel",ChIJxxtJ7tM2HRURdWSl451rSpI,4,03-901-4440,places/ChIJxxtJ7tM2HRURdWSl451rSpI/photos/AaVGc3nU9q_x0w3PD58k_eCh2yl60khJ5UqK_e-75tmUlsOxTH8JFvmZCPKiooMLzZavGTtTmO7s8L65nJUGAUoTcQkrzTZv5_j-IajTuyXWzsInaCrJ8GoWC2rZRyNmjuFbkeWmQF5sCbhIKGyeDn2zVo8P3Ssf1QVTDFbBFZhKo6KyhxDTHuqgGEoFRXPDdC-JDtyoPk8bHUawvevW9fBE2X2qeoH_-YLXcPJ_2dn0ghwYTVRl0Nu7feBDMbmZfiJ9yWQ1z9MmKrEy-VbzXuRJ_ieBrOcF5_9f_p3T2Z8Lkwj7TnBo2WRw-cQ73L8U01CUEaHtHKaXsTtWYOc47wEm6-RlzgVY-CDXYcyoh3laORJqWE1WJDT_qS7BpOhyySo5gB_eC2kK_T8QS7XMD36v85XXak-B7B45jdoiLlnwsVJrWx2l
4133,ג'אפן ג'אפן,"שד' עמק איילון 161, מרכז מסחרי שהם, שוהם, Israel",ג'אפן ג'אפן - סושי בשוהם,"Sderot Emek Ayalon 161, Shoham, 6083646, Israel",ChIJ-Y5POZw0HRUR7CiXZK_ngHg,3.7,03-691-5559,places/ChIJ-Y5POZw0HRUR7CiXZK_ngHg/photos/AaVGc3ne6KKL3P1gTLkEjJkcGHdbhsrFuF2i23n4muOC1n4MyC0Zh5E-rkWbacNiO_yJJM2yaSuYGsZDPxsEv8xiaqkT4Pnn4FDLMv52S-Me0QQJNI04YYuusWUKJr1OFBDn9NfP9YKUBmRSq_zVPpuQAWRBcJM1pvf95IqmPao1pDBr3TM9qtPpbWVwx8XSvC0GFV0RDWGa97TjoZt22CTVgUqsHgXo6_XecLzVskCpma8ne326oArAwUB4H-CgvFN_l7skp2HL5BCs2bz9y-5AE1aYQvrKujbkXjMFZCHTIYnsX8S72jnU-vLoeJ2Y7QMZQJ7bi62-sAG7_z6Y1lryPCGsMBMCTv48eQdemuKmOd-zmrTYXrV8oTX5Ctt_Y5E6tM32dlSHNesh7Rjhr3LeMIKLkN1hrV63CwrFszLPJ5K1nA
4137,האיש והשניצל,"דרך שלמה 174, תל אביב, Israel",האיש והשניצל,"Shalma Rd 174, Tel Aviv-Yafo, Israel",ChIJA4-nxJpLHRURYeqnqpmdjsc,4.9,053-950-4480,places/ChIJA4-nxJpLHRURYeqnqpmdjsc/photos/AaVGc3m1ydbnnxgWLbje_0CiuCaEPVTpnGk01g70B3vfLU9Jx0ArOZdvPIa3e-uhryJmRYPrzHk62ZdhKUNQeJ8zR7NogvPwioFgtY9xkWUWCDafEjlTZGnJn3rHMGT2tHb0ObqXmCp2R98xY19ecnf1t0Yhuw6h-Ty9rzyjChUSKXI0upy5CbxoAIwdDz3HSBUDOBD6bTItila5svJssaEjQzAxUs14HJLU9VElCCoY8UxE8QVDRiU63E4UJ_7YvQv5J3atxQbXbT83_55DSLWEX-W3PCBIAjfIUylUfh_xu9XZlYIvKjHee-wEzh1kVtCNbz3l9-30sYxr-f217qnq1lnOr_Ems1_8dMWKhpCC83L1BjV2-KOjGChxvY4wUCQw-zakwASynng8cIAuFZ0izbBrM8_Oe_gB-b5z1TLD2G7sbSKJ
4175,אגדתא,"יגאל אלון 96, תל אביב, Israel",Agadata,"Yigal Alon St 96, Tel Aviv-Yafo, Israel",ChIJYVknWgNLHRURPk7uk5wx4-o,3.5,03-561-4545,places/ChIJYVknWgNLHRURPk7uk5wx4-o/photos/AaVGc3nUunNszwbLqSHBq7vAUq07Dh-GO9jDyGJjo4WQlVB_4Rx95MAzLZ8WKBsckvFe7LxIvwpen_W58r1GmgsA2WuSJCUKH8mN6Qa1T_2URHgAd4Q-7CBaTJk0bomqMqreyTg9YaOcKa9AfhQPBOjXbYoASbGh85peU3Isfz6U5fGj5pd_zlas3IFWz84AZVCwDc4PFY7nRvvBdQAvRs5-NYJswe1VcE15B4hT2imvnEJZvqQv48ZC-QGKzmSxxuk02OXsW2pBzTebW3-bgTBFC2_I-VMvD_7qA9tmULElQ9fVspTB1ADC2yVM70100bU0RV725qAiGQDgdMWijAj8-zCaL7x89rk2NDvQJ-riuVzvqrzMeNaFWHJcBUDa8XYj2FFpGrm6R8qnRGl3wZCaxMtLMlDc-AzLYRTSXN80h3hbbC5C
4177,ממבו mambo,"סוקולוב 60, חולון, Israel",Mambo,"Sokolov St 60, Holon, Israel",ChIJ_bVb3Ke0AhURhanFXauc9ok,4.1,03-505-1888,places/ChIJ_bVb3Ke0AhURhanFXauc9ok/photos/AaVGc3msv1TwINlE0_pQNH0zT7vKpRkPNyY3JQY_2KZUUAO89xRmimdjw_0LUtCUzAMxnHw4ejgwJMyc1SLXsPIUOhYjxBFQ_K8aCK8Xywhl1H-Kjwb46eKrs5li1KsftloXJUYCKP5gHbOTOGRfZFkfzDRn5YvwAtwyW3DeRusxJFavzcWgdLio4ihcTjV8k-81ly_sac3hi6VF5JBT6kwaYAFoveXlvvPXzAN1CLz6vwJi26uRE2-udCqlNvOA9MQ_z69Cb3GCQ1M4ny7NjPk1bSjSvriLHawepD_Z6IBNVyhKdOPdEd0m-d_IoNHEOy5iYSjeDJ43aAYzIaF0Bscugfmiay-A5yFOeypTm9bxYwk2QxtohKrdWeg7GTfQ6Px95KOsGMVYxGBpMs69a0OhtcmxRVB4sYb4UtLBAkDmlQfCIEM
4191,עלינא בפיתה,"ראשון לציון, Israel",עלינא ראשון לציון,"Rothschild St 104, Rishon LeZion, Israel",ChIJQTYfy6a1AhURF4Oft_zO5vs,4.1,03-622-8055,places/ChIJQTYfy6a1AhURF4Oft_zO5vs/photos/AaVGc3mLWuwF8yY9ccaV8Xi_lnvsG7rAeJ85O2XCP9F75I-REoyHFnfNqW1VRpOVQSj_r74BKfIA6wV10XGdYYNL03IUkFJpxea_3Jp66YBMFjZwCOH1D9w_dzRgJ_b3xd7bDknqAr9xbcd-9x40A3PxKT4FzJc5IigSMdJJuHR6ShET-dxWvHzGqup_Hrkf6fa-VKV1xy-4iNLGGs-TegVHmRjCgKwKwoXYUx2naw90fXVrQOi94iJKUrpVa3kKqPlUHQlSMfdG7IlYY76U9p4p2EjHzVTV4xF47vaee0QmapYGYvEjg94TNdyk3gE7hNgKAqhhqDMfgf_rct1W6FG3KEe3WkHFbageiTjIRExnENlBIDfqHZ40AhBQwfBX7DSi_HyVLCtpI1cJXgdqpG51-IyWHoTYBoTxke0n6mcrm_Wp_LbjWAzOLVJJ2_40X76A
4194,פיצה הקוסם האיטלקי,"הרצל 48, בת ים, Israel",פיצה הקוסם האיטלקי פיצריה בבת ים,"Derech Ben Gurion 79, Bat Yam, Israel",ChIJY39rDj2zAhURYNPD6ezHntE,4.9,03-648-5555,places/ChIJY39rDj2zAhURYNPD6ezHntE/photos/AaVGc3lVgidvhPW1xRM1bLdX-3nTsY89JVJi-hMYi746FS2rcNHup_pNrJWm1UQ_9EuwNJ-KiIybhIoCwidih6wP6HB588ZGyyKTWgDVbFX-7jvujr990Yw7CKEjmcG9kCG8jAydmZSg8mCtifjFckKAdGZtDNw4STWql6F13XAU4Z5CWyBcIiJrjYrDFqf3Us7n_1vd_ADbCWhnTYy2JF72LYIQT6wDDvqDqvorN51zwf8ZMRPeGO4dTIK0O57Z39W5Zy6pPCCWrVIxccRXlmUnFPp4kQdKIsmz64B3XY83yWLReGc012ci6iTiTa-XJPzTCDe55FBy8Xzdwtaeib_dn45v3FeD_TFPy4iLE2GJZtAOJZhuCOOoprs8BTXcrIUYYL9CbK6CpHijsUm-0bxVd8YRJFpIKV-eYgZlE2tM1y7RS-AZ
4195,הפלנצ'ה,"היצירה 19, מתחם הבורסה, רמת גן, Israel",הפלנצ'ה,"Ha-Yetsira St 19, Ramat Gan, Israel",ChIJExbdNsdLHRUREe5K4lbubRM,4,,places/ChIJExbdNsdLHRUREe5K4lbubRM/photos/AaVGc3l1yfp5XFWjtLWk52zZsWL-xikfl9tq2Pl_Sd9aJ2ILGX_2_3PdVpbMjdQiG8rtuGlSpvMPzfGOV648XSPSJIK7ejLCoN2AHODGXajUBn3Te-EcZX40mn4NLnKbtMS9ECZ6NsBG7dUtfxORRQchuEhrGOP0UHCLjPPcyoLZf95W3TOP_gB2_gb6bM2emdQvoR9O17oGtPphmGbQI36MOn94rNUnsXfw496BPvxkMPNR3qO0xg4Izo8eQC9f_4eyMkMqU52ZEtqrHKOZG9m3gwsV3vnCxXJwYuueOSiguSEau0IOGCh63YR-19x3f4Xr-9QuB68gPqA7zDE1eRH-HWJ9oK2wFZZOb7JGtrx90pqtGhkN0uqg_MDSl-UZsqAvZ2gAdT_zJRGhEM4SJQet-y-0BfB6dftZ7Ew1HZja6k4
4197,שיפודי התקוה,"הפלד 7, חולון, Israel",שיפודי התקווה - מתחם מבנה חולון,"HaPeled St 7, Holon, Israel",ChIJGzJTtcG1AhURrobzP0_rnq4,4.2,,places/ChIJGzJTtcG1AhURrobzP0_rnq4/photos/AaVGc3mgLVPhrPx248O-BlkK2MY4IHrTYxKEn8VzehF6UDenTS3OMNoKXjvEy2ugZOUcsMAOScQwGa0cAZwTuNHUIQ1XLlWaduMqFVmcY_IbIBYl62d1frq5_AbdDYpOIuF9IbfuEtwWeNT3BZTfPm9dteVx1rMPY7llWAEjNWBni2iIlh5lGVyYBA2j3DUl4ystL4hZKW7unLTC64e0HR_rHw430uHgdSlHlGRRTu9L8xUZzrSphIdBD_jH7qQvjOnqMhXROHoaoUXbsR4JMxpFwfKbQhTPj_ys7rvT-b9eIgLXGyyPg4tCHrzsdKE1EpcB-fuLcH8ct0ypH_PTitMFIg_Zllw5Z5caR_uGyRFCqIURV-XcWbZpX1YWidoTgHec12qv04mfGe3IInF4Mlgf4j90jqDOtwhX0n_uSgf5Rzaucw
4200,ויקטור טוסט נקניק,"הרב בר שאול 3, בת ים, Israel",ויקטור טוסט נקניק,"ויקטור טוסט נקניק, דרך בן גוריון 97, בת ים, 5955601, Israel",ChIJh0_n_DuzAhUR58bMJtSFRI8,4.3,,places/ChIJh0_n_DuzAhUR58bMJtSFRI8/photos/AaVGc3lhpSpHQAJF4QGpCfCPOjqdWLOn_lQjj7uQZn9wc3MTsMtVjRyFHEny29dpxs8bF6n5MN_HtEHxlk05M7FuD5QJL-puadFFU0sLICqvtz6v5vn3KmtG24l0aW0RjOJ3t3BMzxDeOCyyN0k1DP-WeuLEDnth5zfRGj-fuzYBZrfVn0v5yctXuBQcL2styCufweFNJQFX-63y3bUY6GXTBdQoFKrUgGPH5YTB2aQGRHkfZR8WccXKgPM94v0yIjM2J2ZBHHTkKMwgCUs7PyKJYZLQtyoiX83W5hObn39tki-nq8HZy5HkeIRUsuv_lF8R3SWH17_Kfv8wOpPBN_8cuBDUXuMjwsoakgK7NunmpAz23Y4-C9faeopS7budx6-tNVDcKEB065DYpN4K45vQDltFBusdvvwXDyfa8UpfLy8QV40bJCaC-dl9OuN6oUYb
4213,קלוד פיש&צ'יפס,"בלפור 140, בת ים, Israel",פיש אנד ציפס קלוד דגים,"Balfour St 140, Bat Yam, Israel",ChIJf96n5w-zAhUR2uV7_t5FT0s,4.7,03-688-0512,places/ChIJf96n5w-zAhUR2uV7_t5FT0s/photos/AaVGc3k4V-0MH3QFmFaiAXOpk95SuGvVvMS-WOkgfnhX_oyn1X2sjuoDo17LfDrQODWLl1SdwBCW8MWp48uTy2fjFdshZZQrOqkE0Zwg1TX-umxaRkDbbJsSph0un4IHbKPu9CCKEoLC-oI1Jsw0KXGyQnQ730BQLIJP7_0T0zQbcBSnBgBUcsbsg0tac8vOiMIGKg8jsa8tC-s_SUP4JQn33iUxw7hvpWNicbXfHVHFsXcxFZQBMBHHGzcAMevOMXMeax_Mp9b6bq5fmVFae41c2hZR7-HGh1-HxwuvXscG4UXg4q4mBT1IeJebpUWAzcXuTjqSKPoAo7VSsM68KU7Z6qw0Apu6X9ssG4rMi48Av5R5QVedqh1URgrY0GVWJWhB0fM2wiyKF-rzaZ-aHRwYfnz7zETRkPc82ke9MXJwqvI
4216,קפה אג'נדה,"הרא""ה 79, רמת גן, Israel",ימממיה (לשעבר: קפה אג'נדה קפה באג'נדה),"הרא""ה 79, HaBanim 18, Ramat Gan, Israel",ChIJ4ba1QDFKHRURezlkILqeMnk,4,,places/ChIJ4ba1QDFKHRURezlkILqeMnk/photos/AaVGc3nZR8OoP0tsMAidqrToR9UhwgdLqZGxdMdZ3qs4QkToScE-AVY9adUqHIobVfojxvvnD2lpSAreuGvGkjJjTyCPqLnBJcP28tHZ_4-AffBX6xeALrOEwJMN4M9ZIdFDHRBTkiS4v64zV-SyZYr4M-eDBFOO8JAvwYXQprYnRdmXhfnbVRv-hijS33B4Qb8IgqrTpBNnYEOlavyXJZ3_BnphAtbXCik3fKn5dOhPfmDTC56AbIVqCbSICZRnKqP4DPSnhQWfspVtdZ1s85o1RhEcjmIE9TxGz_mTQnCM-cozTCeeNfqerFPIv_QzjwQ2jyjv9wSEMcF2F4ALD7PJ-cSMAE6hbKaw3pHVH1TwkH1hT1YPG7rOlvjIeXC4cIQCKn7LzrYxQrgK00gZurfckXMFvUJM0b1bXY_qfGxqJOcTJl0p
4217,מקסיקנה,"לב העיר 2, קניון מודיעין, Israel",מקסיקנה גריל,"Lev ha-Ir St 2, Modi'in-Maccabim-Re'ut, Israel",ChIJN077Gn7NAhURZ17x6wkcv0s,3.5,08-682-2728,places/ChIJN077Gn7NAhURZ17x6wkcv0s/photos/AaVGc3n5Jo83RYPfQBK1fB3kv5sAWzjyfRkQBTb9l449kOU91XVEceLbArmDV4pYJa_Wpy_6XHXkqw7B09VT9ndAPg90HR_nLM8yGBwNmlDx6yUuD18ZyzGRzHc23IDb9j4FLvnQev0sI2GDjpZ3r95btB4808itiec2KOepdaawdqQgDyulm3W-HHxoK8qPNnyLhm05Ra1TAlMNZZIT87NjfALJtmwYO5qX0i6beQklb7OUgSQSV_p4Z_M6y0NXNJcvxca_YzDU4uhBfCYsHCfhGATF47jq_11-eHuHalzpSUQSkTJvrnTHq_qGB9yxawkD8_Mc75SOBkIjC9Jq28sWwtb0SwV3xtmOeDvs1VwI889Nh7YqzFJlWG6uiPV17O6Ulpa5Din2zDgdOiIuKX79QDgmlW494vLgipfwql3DHzw4Wg
4220,פיצה גרג,"בן גוריון 11, גבעת שמואל, Israel",Pizza Greg,"David Ben Gurion St 11, Giv'at Shmuel, Israel",ChIJzWl0NxFKHRUReEHQHXrtAt0,4.3,072-250-6873,
4221,METRO BURGER מטרו בורגר,"מקוה ישראל 2, תל אביב, Israel",מטרו בורגר,"Mikve Israel St 2, Tel Aviv-Yafo, 6652106, Israel",ChIJZ-p_JepNHRURogLfVg-tNqA,4.1,,places/ChIJZ-p_JepNHRURogLfVg-tNqA/photos/AaVGc3lGjIcobEwkd46IADMssKpIuxTR9Bb5LDDqKFu8ttkVjdrClYIEWBAdWluHfc9EQyRPQJqbO_fljCrTEJX8Odr_1IpoJFlSV8n6Pla1hgZMMqbp5Fq-g_6So80Dtl4TmyjcU50OvMTxldO4eYsmcNh3Nh-06I88IpLhsNic7woSBa46klzEmFiXaAq-TvMkoy6QvSAxXapUeB4zRqyR-Y5MDdpjqAqZOHJWY81qhrB9sgrVepl-hQuufUlaxv2bOgK9k_T897VvJuG0vlRNJTlpdpKu6_j1shB3I9Yb5LQYR3NaOG1Bpg6QlRt3uz0Lf6pzvWLRY8PuqkTTWYBbSv7o5WddVPprf8lX7OLbOOVN034-SaF2J1A7wHZSWpI4ukD_qfHjMCGY719QzX_JI9aKSdsPEQ-GXhjFoO6ikG7A9vF-
4228,MY טאבון,"מבצע קדש 55, פרדס כץ, בני ברק, Israel",My Tabun,"Mivtsa Kadesh St 55, Bnei Brak, Israel",ChIJy5k40IdJHRUR8YFJOWtOvho,5,,
4229,ביס בלחי,"לח""י 4, בני ברק, Israel","ביס בלח""י","Lekhi St 12, Bnei Brak, Israel",ChIJfe8hvY9JHRURfs6mQRQ7hCw,3.9,076-831-7867,places/ChIJfe8hvY9JHRURfs6mQRQ7hCw/photos/AaVGc3lSLwpfEH1uxHAVmOherfjZhrbOt3TwV9rDbGpWzqgoGsG4sq7icmqYcgJMAE6_P8w-HqoXubiuGTq1T0jDebnnAhBuWByWHFoSLJ9wastWQ9NOZ-0ThK-rDudezalPKU0PZaLL3EGFicmnNnLJqC-B6v-6ktr7BnLRf5OARjir-2uAPFQQFHClsz605bHg3vu8aho3C9RgZtMdOKxm1pUR_yn_fOSodWmDW1TY2XE0BRf7Z64aer2RkwGHNMhpaxMt4p4N0APif7h6PxGD7A9qUrJwBZ_n9flD4oKoSOqzf0lS6xIc5hLZMmLPN8jCbouauWzpXRwPokS2i69g33KzBcdjmQna9fVAndUzmTBdqFS4xqVas0KPyGGIp0Vuk3fhhS2-l3X4Ko0-xOr32pEHMN4OVriitRXstksrVnGvnrLG
4236,שואו ביס,"יוספטל 31, בת ים, Israel",שואו ביס,"Yoseftal St 31, Bat Yam, Israel",ChIJ3VBoMxGzAhUR_wSkbhjGRv4,4.2,03-508-1416,places/ChIJ3VBoMxGzAhUR_wSkbhjGRv4/photos/AaVGc3moCFlC6uDwjaVtnB0YC1KDhpyI_c2RWppyA4RLYg5Ja9KnY5wRMsY-a46N_8OS2ATtWgxA3bLAIspO5w4elHhRTn4bN8xAwdYA10O73FEacRPYcLBHAlFD6lVA9UQK_68hi6V92ZtyMqfzrElsbWh-cIiQkwa-ufGwmDA2dpFl9ZMvIq7SjdhdVpOt4KbA6UKKSCNuLTWuQegBD3zEvBg9WcyjNnorZWdnAwHeGFXE4d8J7qtxgi5KaNXLV8iratt2AZFeQ46_uliwu0DvEWET5B_i0ALwOc3wRDJeRUSIa5zN9ELhkiQos8mtgBiu_9tzYgSfWmR2JI2Bm0aOzMBJRBGGo_Epzotpvpf1kH3HiYRx6_YamGHg4A6o4_2q0M5XozZUa8cnZJmI5L0xwjWbfDb3u6_qM2hYGq-SfcoKUJkK
4239,פיצה הולייווד,"ז'בוטינסקי 111, בני ברק, Israel",פיצה הוליווד,"Jabotinsky St 111, Bnei Brak, Israel",ChIJWYn7E05KHRUR-9wDZ1iigpE,3.4,03-618-1230,places/ChIJWYn7E05KHRUR-9wDZ1iigpE/photos/AaVGc3kP7pxu8sFlFuhl8ghb9oji7IxCXatz1mLrbppjiysDbSd1E4dlwFf3c_bpQ4xqoO3Ct3afIwmX14377Cim02ftyVQvWdZXpbRfGMuiGp8sPXfYsZxMe6DteHUMW9eGcb13xt4DN5Aj-9nMzozY4wK-5L-LH4-tz8-5io9271VGXOzFFtUi61zTEyOtbMKiAlw7Pwjfcxe_KCQM4C1uBdTjNPbdtl3e26H7qCcgpJw42N0uZ_x3hh3EUvK3z4qRCRNBxX0r__UfC0pfPOmsnQUsxEiMDpobYZftqNSQ-GiqalGSePxvR-eGresGN2mCv8FXKzDwDSrYYrHev7CKojNmqY2wPX_BWRCx8gUE-cCd352JidpQyPbBNpTXhI3enYF4Sq6Ck493TRw_iLnwhwsm9f_bRevSNXfh5dwT9GZebkH7
4255,מסעדת זאב,"שנקר אריה 8, פתח תקווה, Israel",מסעדת זאב,"Arye Shenkar St 8, Petah Tikva, Israel",ChIJ-5_Ll_tJHRURQcpKs7jbUYY,4.5,03-923-1130,places/ChIJ-5_Ll_tJHRURQcpKs7jbUYY/photos/AaVGc3kWImGzsfOJI5VA0GDU0WGJPsDDIu-743vGlYEb8b-T34LqcqjT0utK_orAhQzJE2e3AmHwTKOm0YgqCLv_8rJYuNoXerkQfOXpV4exbk8sy4XW08LJf2sCTtsDRJcIKLfaAA74ENREGMsN5WTZscIS9oBKqr2O-WjnRIJShajzVmvf3tP3GdPt26SOzpeyaML8WWonte1qgM9NORaL7ARiCRe23G31B6GIUl3hJUof0e9NYMnTNsqne8NSVqicVLZW1Y-oRGLq8c34ALtkBllCt1tUdpY0AvwiFFDGV4dEAkm0uXBoK8uPw-rBsI5as9ZeeQGprmvRW6WpdPhtmypHnXPjt4GxkEwulXzNrI9CtjoyRC9b65HvJUrYQmQPCsXdEv_EUY-Dbg7U1NMXCb0dQgcVxHX5nAPZOBWx8p56nw
4257,Eva Coffee and Bakery- אווה,"ויצמן 27, גבעתיים, Israel",Eva Coffee & Bakery,"Weizman St 27, Giv'atayim, Israel",ChIJY-K1PbBLHRURu5yTLCM0ybE,4.4,,places/ChIJY-K1PbBLHRURu5yTLCM0ybE/photos/AaVGc3molejqUTRh1dWxz7XCSwuaeakn3oBVSOwfogKwZXlKhhj6Y2gvHrBHd3YCTTDGDNIhp5rSu_8ftHAYAGKHrvH1AnE-TGjkhCZGGzjkd5pRLDk-AzxwKCpvBmx3Ps_p8DvcgMb7oW9xkt_uQVC_JgPqb5wIrHv-Yd-WQUIEl2OemxxktFe3cyCpA4n-yvtdHrx6r72v_JiL2UQpXkDW57Z-u8CsyVq7XpcnyNyVMaPMc2bjyQKiSGL2CIL1iUHzFuka95EYUFr0ydze9bY55FXINGaK7Yn0In0VPD6xX1vCNLOYFIpzvZfknnqKt07CPcM0fhZJ3ArtC7gpy8tPfCA5a_sgxQLg5sXqirrp0xXXE5eI77x9yo58tVy0N_j9wD7hE2rYNC5vr7bQBBS2Sp7U4m2Advujulpf3ZCFbbIC8w
4259,beef,"צאלון 21, מודיעין והסביבה, Israel",Beef בורגר מודיעין,"Tse'elon St 21, Modi'in-Maccabim-Re'ut, Israel",ChIJ6RU1fb3NAhURv6Nr8Uj7rkA,4.2,08-926-5556,places/ChIJ6RU1fb3NAhURv6Nr8Uj7rkA/photos/AaVGc3mBupCwnedFN-eFtR79HLCS4Wi1Wb1A9Zx8eN_FEV-NpK8oMNZKudAhAZkZhDztqFsU82H_EJZoVx38BXhHgGKGWji3bVX3pn3ojw4fjnUflmYTZi9YKUzku5Yi9LXVyljG8gH5sCn0ZPVmvWYZteNlcAEKs8sqgGJGOFXgCRYmbwwNYQGUYX7nZwbdLDeMELypcRzyxpfcFCPXep7hu7GAc7a8lUsRlRwtE6pURWwZyqZ8iS2ZMbMwn0J8_Pl4oIHSM8FhMr2B3MqAEF8zkeSkVUokoUr511GlFRrchjww1ZGnuzl295zeenScY3KnPGGLBXD4D8h8nguXHt0b_FerRaUDUHOQDDtDmhvr1ovEVner6PBVY3AHNW-7cR5qY9LM8FT_GKR0vco4UF7vZVYWhwbm7cAH9EYMBamYmTVacm0
4267,הבוטקה,"ז'בוטינסקי זאב 1, לוד, Israel",הבוטקה,"Jabotinski St 1, Lod, Israel",ChIJMzH9yUvLAhURI3aMzLzYAgY,,052-686-6684,
4280,פיצה פרגו פתח תקווה,"רפאל איתן 3, פתח תקווה, Israel",פיצה פרגו פתח תקווה,"Refa'el Eitan St 3, Petah Tikva, 4906509, Israel",ChIJpbh59Jo3HRURiTDr4kStE2E,3.5,03-673-3444,
4281,דון איטליאנו,"הרב לוי 8, בת ים, Israel",פיצה דון איטליאנו,"HaRav Levi St 8, Bat Yam, Israel",ChIJUbMj7myzAhURh_FbLw2xAkw,4.3,1-700-555-563,places/ChIJUbMj7myzAhURh_FbLw2xAkw/photos/AaVGc3n1XU-Neo0FH4oxRzrecLwwYBKEBNbps2_4uAp6Q3FV82-a_B0zdrjjqI2iPosARWqggKMw4SqKdDxYN9F4ZwKpod6sA_HmouGFw9pOcJw9t_iOqR5KQwWnEmqfPdn8g11zLCGTZi8Q82dLZgiIKDgJLtzt1meGCkwndSWIwdrmcgnIQj3GP3EYgvr1qxsAdRqbsUI9XhSrVfynjK-GoAmMINwlvdPR1KoT4M26brYmN-zQ2PMOEmQM-mPO6FO_T0KxnGPALQTiCSWyBuCXo5kySOdP4ulekMPZtSABV1e_M1nDIE1dBBcvUpA3Zc7Soe91OmT9Ylhf1hSBp01ZOQytxKlu2Mtkr9ZBZqJxCZzT0z1Bqcvg9MUKaSqo8F9fdTa-9qoIr0WP5w6x7dgDP4iMXfztuLhpXzmbQDHE5Ko
4328,"ד""ר מיט","צבי ישי 5, יהוד, Israel",Dr. Mitt,"Tsvi Yishai St 5, Yehud-Monosson, Israel",ChIJrwLX9Qs1HRURzPr43H7lI3w,4.8,03-533-8887,places/ChIJrwLX9Qs1HRURzPr43H7lI3w/photos/AaVGc3nBZlJ1FI4lbaWoTuHxLV_UURrL7U_RLJOQR3jluBBmXIcLQoG3jnkpUu0yIT4MaSTVqENsRM2SxRSPtfIXDSowW-3YWlfMesfVQz1yIxRD41eiEQVCrNOEsuQ6b40y2V-o9ZGZd-X7mUPYHFb-OTMd7BpaelZhU17-1qAFFE6HbaScZXIj9hyGqX82AIqdLV7B6YKM5tNqJgA8GkgJoy83f6toAMFlt_wDIWC-Xyora2weC2yKXJW2j4wq0LJSaPKwQVl94x15ch2AiyiHUhE9j9qpY3asT3qsXVMPLMsyrS2XaA8fS7ulGeqfN3pSg0XGi91P-Nn0xtos5Tc_ZeifMK1O9ONnbpDXt5bBfasd8gi1cD6EwKbT8oPr7dauBVtjL-NE_kFSDo3ZOW0VeJhCZDg_dcLq3ProqAREbHoPdeD7
4329,קפה דגש,"אהרונסון שרה 16, רמת גן, Israel",Dagesh Café,"Sarah A'aronsohn St 16, Ramat Gan, Israel",ChIJZZXqIFRKHRURMLDsZD1Rdes,4.4,052-957-1727,places/ChIJZZXqIFRKHRURMLDsZD1Rdes/photos/AaVGc3mfGfUyb1LMAOp92wwW5GlnR-1Y9N3yIUHreQWOHfV-gGcEXq18XS4nS_vOEXfnjPeAQbmR7pI8e--4imURb3o9TzimpI2hPHBvyaua9vAXQZs-lOxJjlY3wcXjAy2y9al8Xo7M_OmFkbjDptGUH0BKtzbBnfSTAZ0D1d5lZYqXndHuk2OehFzRufQoWn_2kD9e_QEk1ZhKtbEKkGlIF-a3kBhDLcN0Flhp2zxx_36hklk-ctTWqq0sLy9URyviuv0hH9d2uMXwS7XOM6jPyGgeE8opzyTzSmr6OPSB-Xk5DugKKIFIEUx9RXzdk5Nofeb20WQocfzVn0St_0RPKB9R-iHZ2PVMmjFj1Kib78bxYtw4TaGBOJ9OUG1pkjKoza0MpFsoF_vSSXPBNmNykgHL97VGW2Z55MfizxPesQL9hw
4346,וול דן,"רוטשילד 87, ראשון לציון, Israel",וול דאן,"Rothschild St 87, Rishon LeZion, Israel",ChIJOX2KfxW0AhURuVVqUPyfUg8,4.2,,places/ChIJOX2KfxW0AhURuVVqUPyfUg8/photos/AaVGc3n4cmGE21kp1txg2cfAqjPpeUGANS-uhpJTqro-IevJuUZzxYUXwPyjYYnpXaGvIkSBm-zNjPNi6-fBmt59rjmXwWElW1NWfjQunLYGj1g89Bc9NMYzqpp4LJp4KffZ_B7YLUGV53kjAjEegM0Zo5ktVBhGVcxvqp5uASTA6Ck2PjBsnXYndFNFC29SolE3xjmYJ8DKnjLL6s4qtAPpfAgY9KdMDTv1-9cL-XK4AZ3xSWH7JH_eeXpFRZK9E1ijlp3sqDYdRXCrOMdwMekrcw-0SDszo6ooHxo3aY7uwt_fb3eD2Bu0JCD-DfM64Wy_UccghN9UEo7sYHuhN0D8Pp0WA4eSFjvWPYbliTyFm9_sphFV09jqmcwNEapnWv1BxrcbEt4Fyt3fhMLK_AJfa1cp0_N6SpQxmCjXCHo4wArRYQ
4347,Bakery 60,"המסגר 60, תל אביב, Israel",Bakery 60,"HaMasger St 60, Tel Aviv-Yafo, Israel",ChIJC7_QWJlLHRURD8c5Uy5t7pM,3.8,03-732-6112,places/ChIJC7_QWJlLHRURD8c5Uy5t7pM/photos/AaVGc3lk1ZckhtHiujAf7LXv5JCaIj54lqdsg5-tXY2jygtA9vwOQz85Ig5mtg6WZ5_zXGKNjN9gvVmxvnqQEwcZrq6AV4VbcDq_e26fyGlXuWmwBQvLYJvyx6OqPPHfyvvOdxZkyAse7UCnq_CyeQftUYtEe1l7FVDuTUIcw8koksKrxJXNS-5PhW0Rbv7k4TAKX4XdI-abqq-sCS_b9EtSgJ1btTRCdb1L_qcUOenm8vyHjFW3yR5SrdTuJKO-vNnvnNQF2o6JZLuM3f_KtQSE9dL2JMsrRGxSLMcgsinLzKdUCuvBNCCZ7qpJ6W8R4PMtgGLl9tgP5oo4JYDPyFqmRWVVgqWv88gyaFMgW09rgegbsR8CiT9Wmg6BeZ94kEyPz4bUu2xIB9lDQvoS7EI90CjEV4bHknvdT6wjRjd1S-nQj4_6
4352,ספייסי טורטיה בר,"דרך בן גוריון 65, בני ברק, Israel",ספייסי טורטיה בר,"David Ben Gurion Rd 65, Bnei Brak, 5140203, Israel",ChIJg7EZ2Z9LHRURFSX93OvWxRo,4.4,03-750-2883,places/ChIJg7EZ2Z9LHRURFSX93OvWxRo/photos/AaVGc3mG1aiGe3u3xTwIwlD4Jxstg1Pdj3yFDh1VA-DosdYsTQl3gjZLr8waI4rPPIJv1ZF_wzqRuC6dj7UcVhJpG-NOIIpSg8bAuH4RE4rQd9TrASEq6-HnYfmnM_0k4QCNzwedbrKWRgGa5J4Obj6cbRPlMYWEHRTiCwd0P2FRC25wc7nEJQjdAJKglrK09fbbA26dAtJfNMn46Sy0J-34fbDkcTwr7VSFHIPmZTIPkJ52Ilh_EoZG66uAED1IRh6HNlnSiRBNqcKCr77bmeBp7-HlyLksDyEHHlNGqBJ-3sRU_35kqGZIls_a_noFoWIfl6YfQdHgxk3f-YnjXasrQg-4uS1UJRbu5AeyQvBYYzOh_3820wceO4DJ25yrYN66EQgj5NaJTElvRYXRUuOqp6An5345seE7ldC2tXjdtQ3e0w
4371,קפה בירנבאום,"נחלת בנימין 31, תל אביב, Israel",Birenbaum Cafe,"Nahalat Binyamin St 31, Tel Aviv-Yafo, Israel",ChIJ6YBJEINMHRUR65MgpA3_huI,4.5,03-560-0066,places/ChIJ6YBJEINMHRUR65MgpA3_huI/photos/AaVGc3meoD9MM5B0Pc-JEEmQn9OQ9VKrH9lLbia9x1i0MeK_DiOueRPywXo1B-6E_Wy85h6ZDjLP1PtThA_e2cBULly2ahBxohOdkm8Re0OHBELg595EFGYC0x7cvPuAj2I0fj081ggXNKPcQXmPGtwNMp_e4DC_w8-dI5v5x_5uaEb2vupA_1v-xgGq0c-HdKsFxqLXjBZxvY0i3Nq5RsMohG1vO1_51unLgPCYAIuOIQsBVxSzBOFwiMho-GdaGuxBWwgoie0EKpzKoJT8e1vv0CvLF5SqQrEOzIAaIJkQl7-JSrFORABRN2xY5b8aynp6vUt8Fc03qv6KYkcwP0IfFm5FDTbv2RDMJRCaGGBw92ta7J5d6FrG9OBSUZuW_XIqjErlxzfGCXxiYX4eA9g_eTUB9zvouUbY9XMM4SjGCFm0sUU
4388,שיפודי התקוה,"אצ""ל 37, תל אביב, Israel",Shipudey Hatikva,"Etsel St 37, Tel Aviv-Yafo, Israel",ChIJDWEo6WtLHRUR2eIBuSfu8Y8,3.1,03-688-5243,places/ChIJDWEo6WtLHRUR2eIBuSfu8Y8/photos/AaVGc3lcPgflwuN9PPu9fskoYETmufTBu0d19gPqC8HmKlLMceD2LW2QgXoHMIcFCEm_vBUdkvQU-pqHC8r6VXI7NECUg1fsFn8M3sAe048NgDgKsgbNdDsKe6od9PGPd-kKlZkUkBImvce8UVoMbhsa2nmtpoaUtd2qIh-3FlBMp4qg0O6nfTW0q1TpYtmlAF8xpdyeg_2a6INW4phETjy94Xp-UWSoFQK7e3GmWP2WrP12ODRk3Fv5VObjXmzJDnieQdpMehi8Zw6WKfGI_jkCm-iGxKvLNgz4uz-BavazJdJkSx7wS3e-6LmwdmcSedK-iyFVqIDY264hLlZyBqTprS17gjGU1RqTA4djgpcGnLEYHYxjsHMIzPM3BrQmD6PdyPDbXxXzH4nrtfxGYfvtRovsnZyHbKoNGYCYl1EkINF6XQ
4391,פלאפל בכיכר,"טירת יהודה, Israel",פלאפל בכיכר,"משק 42, טירת יהודה, Israel",ChIJKWXIyl81HRURzyigJ_pskhU,,,
4396,האחים ומאכלים,"בן יהודה 17, תל אביב, Israel",האחים ומאכלים,"Ben Yehuda St 17, Tel Aviv-Yafo, 6380208, Israel",ChIJV7uL931MHRURphiuAx1s0kQ,5,077-331-0450,
4399,פיצהל'ה,"ז'בוטינסקי 12, בני ברק, Israel",פיצלה,"Jabotinsky St 12, Bnei Brak, Israel",ChIJrSrVmS5KHRURvvuNbHkHwec,3.8,1-700-505-048,places/ChIJrSrVmS5KHRURvvuNbHkHwec/photos/AaVGc3mNIT9ml21Udle4e5dpaOncbIKgN-ckvvRCU55TdU1Y0SzKDZS4FIn0tP-H_NXU79TMkhfFK3E6tLoefy65Mz7MVPWpZ3Javr7L1zQ4GmWgkYG2hh00b_9_BYuSSAujvgQHOHMdH3DROASlvPJSDbCPHJHJAURQ1H-WxBk8mj9ycrcfZawAqWPVhBN_U1w4JGGa4D2P_sDSYmHDCSk1H2gdqwbwUDpDkpsuYC-LoGsmPICZFp_R_pzNz8nQajJCEQlMUQraEMdHNgpiV6fLQMUMK5JvjNBnQWro5t1Tqaf-o6nb5pbhukS8l4She4IWG4K89agNvYriUHxJj_CfwzaeRG2VnByjTDcsKvNSrn4hPUeN35kaCkALjmW3d8Vcd1H0D38HKAoYUPj9SQmNG_hkixwEQvG49iHx8zqLEeRI2M03
4402,פיאסטה איטליאנו,"שמחוני 4, פתח תקווה, Israel",פיצה פיאסטה איטליאנו,"Assaf Simhoni St 4, Petah Tikva, Israel",ChIJ-Spe0Ng1HRURdVfOre8Fa3I,4.5,03-932-0451,places/ChIJ-Spe0Ng1HRURdVfOre8Fa3I/photos/AaVGc3n-iCmU0WSuNlDi0rO0V5r5ewAfZNIG9GWywNbPNu24bvqgOkD0H1wAQp46bkvDqM_OS8sWNYbnrRgfhqpbXeDfWU-mWg00UBUMydrUOwCCC9fSTGv0VVs1yphuMnlKtST2IXS78EDkymEYhETy9lee_YILwBlkVoBEq9l1-xs81wNoDug5PpeioeSAT_1J9WyhrvIHIYCHz6A_c4OG7dm7ez1Kr-z9bYLSpyYyzKJ_eQthvr4rr53cGYSCNvLAv9R0K72VEVoenj9LMPjsvRIr_8RmMipNo50EEh0Qv7lbwJczLGHRSqP8XgFJGRJSCKUmzEE8QSFr32-ng1YJFPo8OLe60r0GqWS2hWLQ76EngsjpvF4UytudC37NXVTVmh3uEtd3mly5yPEoSXiAa-cWl1J2DmVU31reeP1umkU
4411,שף במושבה,"שטמפפר 42, פתח תקווה, Israel",שף במושבה,"Yehoshua Shtampfer St 42, Petah Tikva, Israel",ChIJR4WSrc43HRURRKNQ5xPXEis,4.2,,places/ChIJR4WSrc43HRURRKNQ5xPXEis/photos/AaVGc3kepx316NLV-I_7m4MWKTg0n-YS8vqvMv5_ehYV22URBgoeI_GZUgxXTsoxw2ccXnO334zdlnfrwewgPnxebX7pYUJTlf48A8EPex613M7FEemH22iV-V89NtOkr5EmiOW8fES_aqhQdmIGNf89BMfHuRQUTS8-XM-5-P19Y4Vn2NhD0oO0-JrJUw0JCnDxCTl3cDVh13P_hN4QkJe3mpzlk2YrZtH06T_GVVkgLZ3Hq-xxeGguQWY_kHmvbjFvp3zk0tYSNTbrA5MqrME2XioBGwtlN-C4fQc3reSnnrAE_sHvoyHnwRMXG8s7wGaBq2JD4BIq8R7Ie4dC63MCKokOIzP8xHfRyUJDG6guRqdC4Fa-Y5Fn05us-A3aBcDo9hZ_vqDYxcr9P17hELwoAnW3T942WwhUcJ1Q8_q2AAA
4415,קפה קפה,"יוני נתניהו 25, גבעת שמואל, Israel",Cafe Cafe givat shmuel,"Yoni Netanyahu St 25, Giv'at Shmuel, Israel",ChIJ2a3iaw9KHRUR-hfiqjrGugM,3.8,03-717-2454,places/ChIJ2a3iaw9KHRUR-hfiqjrGugM/photos/AaVGc3nSoFH6QUzXhrcooPas86HgRuLDcgkOwDwQUxJ4XDJFkwV0LPanwUPhd_tGm28qyualslsudFYmI-xzmueLs06Qb8oouh06hK-XdYAR0eVz_muCWfQGEZmkkpSa2Glaq6fKKDWXXXgP_c515bfz1bhS2ti9XZLM51HNLx4UzNJ-VGVM0RFXmqExTlDte81GfTJodLI7RpUGxN430NxdE2MBz4pGtrsSHk2uqArBzDLRA5bLb4fC4n-2_YgGwQwgMCtowSU_G6wHcd4nF5ElpPPdwQ_lP-iy_u4Q0Fo4ZEa-cmeNbtrEzJEwV_lzaw07e_mtesUpDMndckEnCV2KXv5ZliiHsBBd1z6lZHTEMi8Onch8sfB6pUnFkOFQnzpHJW80N0x0WnD8esTwgYnGDlXxWvXoZfrAQeihruHr4B99Vg
4416,קפה הלל,"חיים עוזר 31, פתח תקווה, Israel",Cafè Hillel,"חיים עוזר פינת, וולפסון 31, Petah Tikva, Israel",ChIJc03QW3I2HRUR32X9v86Wfmc,3.6,,places/ChIJc03QW3I2HRUR32X9v86Wfmc/photos/AaVGc3nWQg_ymgcckDHjL03mWs3KYyH8kLIVHFGetBk52mBWVNqVJeS0m4nQPiaf_WsnFN2gd_EJDsOazB73jNV8fDw5hl2JGafJUFLnCEqSwW_K592GLltDDFgXRBXm7vsIS61ArEuBL4C3LxxwUb0Bm4Jie73ptxjpxjfbP1sH5L1J-UTvlpkEAV7HKeG0x15ysUjv-Xs_7yiwpzLs3NIpVQK5BTyVuH69C3WidxygENT87l-iPkpsAUskKxoKdoJeG0Fr8JFg2Fy0B8dCSKDOgSYIbT7iP5y_YvWop7FihhJRp-IWr3zd0oOeqkyrLoPVhaAz-A_gFZWp8xT7uizi-C65GRh8fLL9sHpXzIhhcOnxH0OIYprkq8nOvXZVhddJ_ybJJe-haBGrG7LXFEyZwQcTjp70Vl_b_QCK2jTapxXgwk4
4418,מן בורגר,"תרצה 19, מרום סנטר, רמת גן, Israel",Man Burger,"Tirzah St 19, Ramat Gan, Israel",ChIJ6xRImEhKHRURUavtPuguDKM,4.2,077-556-5105,places/ChIJ6xRImEhKHRURUavtPuguDKM/photos/AaVGc3lkn_71plmuuyR3ieUIFFJI0s1SkltSAa6TddgbIqCQsyDFjQoiVk5J769QdJdS_Q-6T3QTSfuRzkVfFYnTvC3v-ONJUyp9PASA41cVv5bSTavHAl5eSI3T3BIcpkx6d0kyQZBnG-RPMR2FTOvvGXqOsBqvfwQbSYNzzZ8tYceucirC0A3aHXpeqKkn2h28IOhJy5Td6HaopcT2aempGkIHwqe2K8iWqBQELxL65TtcvEc8S8juKEPdUgvl9OkG1jo07RLZuP0aPR3l06HVAvO9AST60jajJArCV4XD2PjqTHfU-SCILQfhThHXRBBZ5A8BVRfgjM1yCdzvNKrefmC-w2UQhMm61JTZ7ZuSbbcZ8h7YVROVUogw1zNsvhibWL3NLlgTAI9sDushovfMK36weLagU6quo-6ib0QnOYc
4422,ביג ברגרס,"ז'בוטינסקי 7, פרדס כץ, בני ברק, Israel",Big Burgers,"Jabotinsky St 7, Bnei Brak, Israel",ChIJcx4CvS5KHRURjHDKssT8PJk,4.5,,places/ChIJcx4CvS5KHRURjHDKssT8PJk/photos/AaVGc3kbXAvn9oYI6ps6z_3FaOd98cXuKcsezHcbZ92joTdKRV-85SKOBEPqEqM3mM-kBTwkbwl72bjB1rDOlPKgiKBAmoNP8XJYZHk5-HlhTq6swPGzTYmPZ2bKkirHQ1ReinANsRS3PTf38L8hQotkFtzHN2RVEEkbC9o7CwS49CdfZSrlOgrCSdexnEuB4vgmxoUYiBYjTkrZIb5uU2UU6gkQfpnw91RxHYvSoBLbUspEd4GgOzTM-KQyQduLdF60pup1p8tim4sWcG_iUfOPzxMuuo7-BVOatJ8y85-l7TBQmCemMNkv05zVo8LnBSuSy4GVc_kV821_rJDM_wVXRZ_eXx4ziuIJd0Ij_yuvqxho8-b7HZowAfuQQ7MusIPrNThFwc05-_7edb-OINvwX0HtYX4poN0X-WJNSs-7gr0CBA
4425,הפינה ה14,"בית אל 14, צפון תל אביב, Israel",הפינה 14,"Beit El St 14, Tel Aviv-Yafo, Israel",ChIJ5x6EorhJHRUR32ASk_8N37A,4.2,054-240-4016,places/ChIJ5x6EorhJHRUR32ASk_8N37A/photos/AaVGc3kxHop87az0n57_wiVqXRXBEHmMqDpslnQ4pju6xFO5uQR2R4jUO3C6lLAj89hzp0toV1SiqcdkPbC30cTcI4wWw7ciFs8QlBAlnu4r3NVh7n8WNyLW3Y3gYqj__XNa3cTO_2_c-7RqDKXKQSnlod9PqsnK5pzomEHoamo7uUIlxQnkIT_1QEIXkOmVviTRoFnfb0OMBnByZKhQcpgX0-W33qnXhLFxZKoTjREugZtEUGhaPEai1epVCm0TVVdos4jfEPitYRVS_mlVS3_lrrm6FhPl1CTYYzdLdKkwV7grMTjb69xG5t_NhrStfera1QcCyCRW6XlmYcBqG0crmJkMloza_wl2UwrJypIwT3esqZrN1HUXZUAsaTO_Vt42x_1Dj8vEEJwbI6Xd1WEWASJCKx2g1GYbCD5q_s2kv3SGLQ
4441,אצל בוכמן,"מודיעין והסביבה, Israel",Buchman's Pizza Modi'in,"Emek Zvulun St 24, Modi'in-Maccabim-Re'ut, Israel",ChIJlXV-Hd_NAhURPRzcTlziU38,4.2,054-316-1090,places/ChIJlXV-Hd_NAhURPRzcTlziU38/photos/AaVGc3lq2snkoYLzt2zOYXiqL3Gb4Us6e6qwO_GN61Ey6iyGLbPydyDr4eeovnobZwa6X5DZ7xNzRdcX_dTMswz-yBf_HcfwlCARGeTM5_agRgJlPqKlnC-mGgMf2Ql1CZu7QHSTfQwBreCGOqIP22cHVKg4yDWNjIsPiRjegQnq-m7X0RLD_IKS2AyWU02nCFXUhXY5wmakFrF6JXGkgyp3eJA1J2SEW4XJSv8wMZcUYGAUDJbEbJf6ULK4CRD0XvPGu_Tr5wH4xosW4w2x-gUGBKwIJiZ6i-5P9uF0EDXT0KDULtgSEsIG47FQwS9Z2VuQmmjFYB5wDZ17M7nkwFPbXw2I7i7Yk2qqDEHAlchq2kIfZznRsRfuRk2gHwNtRu5vZZlJVrVX9Tob-ofveFs7ggC-tWKY9qn4K4l0-55aqRVezmY
4444,סביח מלכה,"המלך ג'ורג' 46, תל אביב, Israel",סביח מלכה - Sabich Malka,"King George St 46, Tel Aviv-Yafo, 6329808, Israel",ChIJAQONbrBLHRURrpnig4D6Epo,4.9,,places/ChIJAQONbrBLHRURrpnig4D6Epo/photos/AaVGc3nXubIQZjphGSWl2S0RRypDtqORghupV_RxFT1nJehaC5yreokjKwvRGjj0axgttYrlkFzDQSmlsCmk2sgjY-UeuiZzgpVy_iP2KPqtMxNQw5WPQrvhJawfgtmlTAfJgOXuwQ05P0l-1JcF1oJxvIMLE5ZQdRZZSHI27EI92duV0pvmyJ5Or0wJPUTlJ-P4JuzosCFDsVzLS-O56clKcXYfQwpgTa7DjWB6qYuWf4I6msDu04QS7GNTzFeF2UmL_V5zwWzZBURS4i5cK5CZs7MZt6xA4AGHaYwlLu5t4g_H6MwknbOy_KZ1PO2L42k9w8wFnrFUADCqT2HC01E6Ij6MyYN2pd4dTqj6qicCpZwVmWAlXH-im0vWZdrp_Qx2-KlIshDrFwiRXd0eNDzVc9DAx1Do5ygsMLqDuez8vyla2CZ1
4449,חומוס יוסף,"המשביר 1, חולון, Israel",Houmous Yosef Holon,"Ha-Mashbir St 1, Holon, Israel",ChIJ46cQcDO1AhURXOb92uhhtiI,3.9,03-659-8388,places/ChIJ46cQcDO1AhURXOb92uhhtiI/photos/AaVGc3nuYUPtpS8m-KXMYf8mphTlehZyWW_SGmlY3YJePV50xYdTalEW4Bs3gXHG-u9f_8VA2CWX-TbMS5a9zB_MIR3-hNIjbxB-DTs-ZWDUlqkaXrl8EUu1YEV61ZEoQK-SvR4v3GcC06ur0YYgoTUiDjFuSNMuuQhSHUsP6sp0DsDlYiK4dgnkkZtGuJvjXg5zP-vykRY-9i8BhZDL6JbBVqOsCgRCcqTzOUZCWzUI0_IPLUrr4yhCQcjCNBSaDzGRu5dqDiRjc1KtGGhEmQM7vG_jOU3J-UscwWSKSg2xwJGGnCqB0SJLOk-7y2yqY-CJveIyX0X6-FuRybvIiUT4d5biovfnGiZb3TomkSh4TenQfXGMSbFr5oLS2IZGiWboQR8SgQWmrfmvqIPVLLqrigaOVpI91_-Csg4MiJJAP6jBTh9v
4465,שיפודי ציפורה רמת החייל,"הברזל 27, רמת החייל, תל אביב, Israel",שיפודי ציפורה רמת החייל כשר,"HaBarzel St 27, Tel Aviv-Yafo, 6971039, Israel",ChIJp4t9ruJJHRURSkrBA3wbBUg,3.9,077-980-0423,places/ChIJp4t9ruJJHRURSkrBA3wbBUg/photos/AaVGc3lDgAuRljCxIgi5HyEPJCA9miqU-kwhk-ITbXRy8hk8G_9-HfxS2nQ6fKT1gBfb5Qv5nQNcGahybLHcjqqQjox-fH-H3zLFJrf_o31au28NuKgPYKeOPhsiTh1KWRMtjUy4jbvfTC9sO1bG_J4xoR_UpQSEfC1nKGvKEkNwE49zFhO2OPshVZCTPJ7bJo97e_8Ij7pgmtdnp-l9nqEV4bZbyO73uRTelcXpy3reZjd6GLGtNbkaGhzfqKwnSZdGLV-i1JfuHaL7kXP-47X3P1fZFYB0sU0qzhkmLoNptxZs88KQ3m8SRbqjGLvftt_Do65ui5cHfAvoTzgqdJXXEQIttcqbXL_wmVSPlccgcL0LeVTz7fBBNChi8mnPtOiPmTm45FOPYCx6mJeB_eGGnYJKgiwfmxce4QPF7Iib-k2lqB4a
4469,פיצה שמש,"ארזים 1, רמת אילן, גבעת שמואל, Israel",Pizza Shemesh givat shmuel,"HaArazim St 1, Giv'at Shmuel, Israel",ChIJuZzjf2tKHRURPNb23qAh8MQ,4.1,03-525-5600,places/ChIJuZzjf2tKHRURPNb23qAh8MQ/photos/AaVGc3lGKOkGFw5jDB70uSKl5eCD8M3d5YF9rQQIthcZtmt6nj61wNpQifgAtZKeu1qImhmonE28c8GdI3ysv7GdMm7h3S8wUlXa55FxfrCG0gaWhRIFIm2hE3PTJ0qs-U6-FFZmQmgXd6mL9YTiMb8z_JYgpVMgaOrqu_XHhTgBkawQTzx60tFr8bAE8eEvIm7yniLqbT3dNdA-COX3QNrYQXAN4abSBwEnYE6jpPw6WCNTKVqUFrNXm_UB8pwKHpLBdYbjVO5O_1ScpeI9W15rmefsn3H_dvY_Yz4n4fjPd28dgiauP0sn_bIAv3YcklXhxfdvD5FbrYUR536c2UTiuHBbhW1SgkR1Ca-oOtlbAqz3MF5JQxyKuIY5Zf_Ry5wGh6NDgr22zwfKGI_TTVSPLzHlD4TY1eDlWR3cxZWq5Jxb_dhg
4473,שווארמיט -שווארMEAT,"ניסים אלוני 4, ראש העין, Israel",shawarmeat,"Nissim Aloni St 4, Rosh Haayin, Israel",ChIJJwdNe9sxHRURtl_SB7xH83E,4,03-695-5775,places/ChIJJwdNe9sxHRURtl_SB7xH83E/photos/AaVGc3mmisMl3a0A366AHeA09-WHv5DRjVE2XLwDHFWWM6fd8RlahsYVrDqihG_tAYI-v54-xLn6MDtKjyeiLTfWNkbByMRKrNVB17ZAtdLtSIQuw7BAnRJgA9NeNSsEJnJZ82jJq0ncj1a1E-d1sKZ1NAyVpjSHu9Y0CqtJl7vfoPFjH1lihpHfdWHklrZ7JXNeMRSj2lqgVFIec4RMoRxtpdDnK4Yfxs-C5INk7iOIQ_wz7m0I0x3snRuSURbaWuOEerac3y5P51wl3UYtAbpjGsAhdc70PKK3_EwuhFlk_FHogmR687RRvEU9SOMTJTBmKoivBP5ZdhNm_kj1Ft9bwbn9l-g6-iJ4sbLAJcIT94x89wCTxDg8Zl7vhkM9lN2Vg9xSS7RP3cyVjOFlFfIko9NbXMx8pBvSmq-n4pXt9hnHQA
4482,המאפיה של הרמן,"פלוטיצקי 10, ראשון לציון, Israel",המאפיה של הרמן,"Plotitsky St 10, Rishon LeZion, 7536130, Israel",ChIJTSSDpfi0AhURCHwJLdJeaeM,4.4,03-950-0902,places/ChIJTSSDpfi0AhURCHwJLdJeaeM/photos/AaVGc3nhaIh1QqY3Zqpb2LdrQgvUxPiTBGd6H7PJ1dapFkFBHsSTUqjCohv6BQxD0S9-DQaV5RMSqI6xiNP3OcXwyZwFrYSS7L6mIhfHqMh_Ni8G72K2osBkwc0afVMpnV5i280EGvUJ94hlO4k5uwzVCGcUtJpXHeTOOF7pnNOjAdeFIezDp-cVuoCaXRxK1CU93aocK_veLhcKSIg_F8XetBdC9qqNcWjVQ8Ihd8w_GLzkWcD5kBfUBdjKk80fYR-2iL6qwJq13QiV-tX0FRPTv9vdneBjVLE2S9M-rq8uMBxjoXVyyIUBIMzCqY_-h6wv1_uj7gSmN9dLjlUGgmkVi1EKz1HU15onshcdKQ4pZnPf6G8Ff4B-gnaPwJLRTLV0R1YPSi3uzcbHQBxxLGQIJYVcWHxpnaGVJKalp3kWvcerUsgv
4521,פטאיה,"שד' ירושלים 26, רמת גן, Israel",פטאיה,"Jerusalem Blvd 26, Ramat Gan, Israel",ChIJ61BzW_JLHRUR-LD1RlOnZnY,5,,places/ChIJ61BzW_JLHRUR-LD1RlOnZnY/photos/AaVGc3nrn4LhByRl6Jd0lyN7MXh8QIhdbii8X9QKi9xs-kUFiCdZn3Ici7Ghng4rpL3kgZI-9aK9PP1PN_Eh1-TgfUAQ_l7NpCBBhTQEojVkLVUbU3cOTtJg8aNKOArWwSD7SuLHB0uK2MRAEP_VJhGuhi7CQ-4vetODj_S5MtAuZ2f319XHMMwvf-A5_Ay_lc4IBNFs_XGPEpMxEzdg6V8qescYWk6Ck0YmZ-_1iOwaJY5pKHutxQMAqGLmbMXv8Uou-unY0etyOP7Ih1QFeVwJ3jyD3fQSyBHcxkYp5sYnphU-9SiTSr0hq2ZnO-TTTpnnAJqsCPrkP4Xik79M7EyeyP0ofyPWosS6dOpW3eiLPbTn6NNADfSqxbey0CPyr4gSLOfeHow4zUns-Jasyh2Dzztd2i3Ej6fVfQ08KaW6iZnwAQ
4526,מקסיקנה מרקדו שוק צפון,"ראול וולנברג 20, רמת החייל, תל אביב, Israel",Mexicana,"Raoul Wallenberg St 18, Tel Aviv-Yafo, Israel",ChIJQYNwWJRJHRURm-Fl8_3Barc,3.7,1-700-500-993,places/ChIJQYNwWJRJHRURm-Fl8_3Barc/photos/AaVGc3mcvgE2jJsks4GFG2XiBj3dXj1EIyC7ZpiPbrbFgeEccjFJ85smMsbnPwiOcsuc76fDej7AAU9P6Z16gtXwd9_4CyK-VyYBP6sHdLcMyikmp12aWwqiPuQl0sU0WiNyQNyKOmztcivI4BB_NjPU6-ryjo-mN11oaaaIdQBybbdvjExy392027YPQXtORFg-XjYuO607hw4t-UNW03AruHIx6Qjv8XRt7_sq1MaCwmWlAzlpVY7k7Hk_uwnBgQ5aKcL0nTsUV6ncDU9cTkoEcRKfPOsRzB0tZg-XktTZ54XivrEeF-D0-A666G5uEzF2GAzN5Rg_j3OIzYbsYnYP6ZJTwnBnPNi_R57BjWDntZOQXDYcXofYn7o5XHo3Q07vtXAhfvsjjsCpALuDANvtVBgRPZL85FkNg5cA5RN8OUDpYlzc
4530,טוסביס בית נחמיה,"בית נחמיה, Israel",טוסביס בית נחמיה,"Unnamed Road, Beit Nehemia, Israel",ChIJp_fPhsMzHRURP6nx8VHLPSo,4.7,055-941-1479,places/ChIJp_fPhsMzHRURP6nx8VHLPSo/photos/AaVGc3lFODM9qY2khy2t_4Q6OZbSUIjqGvbA5SXmWdYJaZu1IEZ1naTs7y20fT3ItYPkruTOipmd-22jUqVVGIXSusm03CveRpIM_qSZLkKmUlozkGw8YqXgABGJ2-NZJRMkhDzKsBWc-8m59fQkO0IBUQppvVzupDlIj3xevLhvHZwy7iQnlqakqTh-_dmSMnH0RxbAGazEa6y8tWvse5r38TWA9MxJoQlsbdeTM05UjQYFHOl-hdcZVDa1znuT07GX2G-k8Zk6vHJnJ_E1FfxoxmBgb3kADHexrsbqoE0RfXZmAz2QDCXXHsgsETEm5Ap_DmkGuEdv0w_lwI90ID0_UxK6vrKrX_5nghfQaiZ9ZsEnUnBtHN56SVumL6zrFDyRJ8QapOg97RC_bdyYZx_07n0-j3-n2SrnAGPuiffD7hp5-4Uo
4536,בר 99,"החשמונאים 99, תל אביב, Israel",BAR 99 - בר 99,"HaHashmonaim St 99, Tel Aviv-Yafo, 6713316, Israel",ChIJ70YMVhZLHRURYLC8OnSniAk,4.2,03-643-4517,places/ChIJ70YMVhZLHRURYLC8OnSniAk/photos/AaVGc3lNovl5_-RHcdqQzQpdoi1-GihLCtfQZ6lBAIPCNFSkDplVENzun9tR9gpPw_y7yux164Sja7atPeBP_7GTvtCLcPQZx7FmxIhd1j7YtbZRrakoFQGhFLDMm-Ul4lMa4rbYXqggm2AmpCrjQluQBx8OulIk-yRmrT5xcGfBJxV7LWwkmFCsUYumSE0bAWjfhg0KEfrXYdwsxefxRqB6Vrk2UyrPwkola9q76ho22frGDQei29IN9oSniPCzFxH1_Eze1ti1dNqhCgdUUtdz9BKNTjWVfdef9RzuUH6RROmu222iJ7BdrO71OtQnTLkXVnxHfEQqC2pMhdmd230ftQN3AJ8ysFejxEjy5WkrGpBwEJwiuPlmep91Se5Xkn01rOLp3qOKAV_crzQie_J_CI3qN7P0qIX_nl2HrsH_VhFUDw
4537,חומוס פוליטי,"הזיתים 96, גבעת שמואל, Israel",חומוס פוליטי,"Ha-Zeitim St 96, Giv'at Shmuel, Israel",ChIJr2wWHyNLHRUR9e_Pt-PqjGE,4.3,03-644-7550,places/ChIJr2wWHyNLHRUR9e_Pt-PqjGE/photos/AaVGc3mX3hIEiYbSTQCvP8V_ZE63RX9sTbDIEF8io9O0ILur-96UmwqZj4gNXJCeklQGSYgSTz2mV68eoSwmQuPFKdF2Bl_a_Og0C5uhq3qDELAlaYEMVHVHgsiCUUCUnebSsROfgDJnRa4RCGqqieDgQY6z2_usn4yuvXNPXBIZtq9m68jBgSMSa_CuRI_lgVcyMelPhy9eT2oGHoInZpSLS3XT8O5jGvpojiVnihc8DVtukTkCv42UZPBCnoeO6GksqyfgpGFeWMlkj4AAXI7fodR-lephsbwUTBmei1uFa6N4XlnzvEnvx1FEXMhUlnr9R7ZK2agMlN9fGQzU-0tCaaKAuAnI2oiONdwYxY-MPL2AnZi-qH3bADDlw2MH_D0qBkd9RfbZBd12M4aAJyvV-26zvp9LSDt9drTaO7QTK_7ZnPsR
4551,המאפים של מאיה,"רוטשילד 16, ראשון לציון, Israel",המאפים של מאיה,"Rothschild St 16, Rishon LeZion, Israel",ChIJYxqwj0e0AhURIKg4sW-KAJo,3.5,03-966-8405,
4557,"תרל""ח","ברקת 9, פתח תקווה, Israel","תרל""ח בר ישראלי כשר","Bareket St 9, Petah Tikva, Israel",ChIJ1Qje4f5JHRURMJW1FwSobXM,4,054-306-1921,places/ChIJ1Qje4f5JHRURMJW1FwSobXM/photos/AaVGc3nIg1-lj9yAjZUv9dmkkrJvNonAu2yAd5e9vNs9IQPQhchB0x6iH85Ea_ebCu9H2YD0J8VEhRVqfZq2xnvKB-x47ahlK_XUurCjo_KNUqhNn6pr7rX72d0GLRYPjA7UqrWRGq4gEhEJabUrBWAgd1yEpL-vB3PWmyt34_V-6kYZaHwEywws-NGFz7PvO0OzGzSIQWsfLjP6W85cFyt6hQ6Q89rl8ML1qlXkWSEv19kMeb0dlPIhfLT6r78l9r5N2jPZBZzqkIE7DTXiDU95ft7V5rOdoYsPQ8O2VuKmTg-zJCtXD2g5DCRb5QBLOM898HzmA-rY_rQhuurUQJrs6MGu8ZR7iU3iK7kHU72hMkj0OkZtI0w3Ra92FdFL5fyM6-Ly69wChQhnnofZ1z2MaHdc9XtZIufemdvzHz6HxQAUgcCV
4567,מוצרלה,"קרליבך 23, תל אביב, Israel",מוצרלה,"Carlebach St 23, Tel Aviv-Yafo, Israel",ChIJtxjkhOxLHRURmLFuA29JFZY,3,,places/ChIJtxjkhOxLHRURmLFuA29JFZY/photos/AaVGc3nCe0gMz0O6vI9l1Obl9HoFCYRGLOJImRzMUj8Q3lKOFHZvRD7WPxcg0vlkQmCBlF4EVigsFidrDzVVd6khEBO7O9riBOkyM0Nyv9CtSh-AhkONPu5y4EeXmkEqQI2FQAQA3XzfSg85ju9c99J85s5eAh1ATgoG6hX9NM0nVvkWgOz4vfwdJKbVDc3VWmItNQdDst8Au3uj_DTDupZs7JyYkSx9rXDurS-Kh2iBFM5O-NNP6huAFzPG1A8MD6HAdsBGOMgaaf1THMCGni2-s7w2P3Fm8XrAyMzUnz2vvbKTj-lM61v-PTrDgrXL9-FT3xAk69z6bnxbEz_2bRBREhqMxn2edaHG11c0NO9gl0Wprcf2F3LaIW9Dqorzx3PmdG6jqnD5z4334tA5IiZnxDeHzUMu8GiaieTOYtCj4dgdAw
4571,זותא פיצה-Zota Pizza,"המייסדים 3, קריית אונו, Israel",Zota Pizza 🍕,"HaMeyasedim St 3, Kiryat Ono, Israel",ChIJaYgM4llLHRURcsPuIwwjiyI,3.4,03-934-9080,places/ChIJaYgM4llLHRURcsPuIwwjiyI/photos/AaVGc3mc__ExA-cTdSssH0mVAo6j8SSmN4KebyeM7ERtA318VopC1ojjliP8ljCQjE2oYuzxmN4c5_bPDbtU3Oa6B0CBJ2rWzIrY1OslhybYEz6NdhQb-xO6cxxAGOk1nT6NV7vT2mYYF17vaZuq0gyrOevSwBykKq7iEnRRykOhdmP9pmlvN1d5l9ArMnToEjuMok_UmOBpFJCB8sO2rYstexHcUf6XCFpW-DqzwyaTducSollu3qGkX_DHVGlqzDeenKJPSyM3sNUvxTbwq4SdT8wrM5KgAnKUGwfbkULDpQymUSekp_HnVQjw9RfL0JOY5mqxYv-jf52uAuZVfJNGJEpIVKg27ukuop9E3rjhXBYIZMvkGKtBVFz3EIZgJSvCt3udkUbWJnc0j5p5_0433E5TR-d1khyvOZSTlxiZwtI
4573,לילי 24,"לילינבלום 24, תל אביב, Israel",Lili 24,"Lilienblum St 24, Tel Aviv-Yafo, Israel",ChIJeVn1X5xMHRURSF_zdaTYOCQ,3.8,03-510-3913,places/ChIJeVn1X5xMHRURSF_zdaTYOCQ/photos/AaVGc3lWOCyRZ2oF6_jk07RXvVErKzijpMfw0hl_Ga5egJYcRURQSC9eGdI7eyRJZAx0EPK-fdRCWSjqlr8DCMvsWDdAJ6ej_K-qfCmHucfFGvJdZKImBLtbTSeL-aXOp0zQqfkDkJVk69oA2LZNNIXcxn1lx9tWvWBuAZ7Yz57MCpY3gChNG9Km4nZE4lia0dAFPjhhC9UpzaUXaAc9ZDpxulNXSbqgFoBfmflaT2NjWQkXUdL1KRgkb_VJw31ho-SXkifjttkiMAHFOXPLltBDYOBINPB3dO3K6ZRJVIwkMb7t4idhJmBZNwBg8xRWkIHywwW8zLyKKlVkOX-df2wqFYQNx_juw-dQwmBuW9_eo9XDvlqTquo6HW6SSG3xB60h3qFDYuL0H8c_IiIa2j56fK11l7QuGZsnEgDpsQRQX9hX_IC3
4577,נושה בייקרי,"המפלסים 18, פתח תקווה, Israel",Nusha Bakery,"Ha-Mefalsim St 18, Petah Tikva, Israel",ChIJh0x3UB42HRURUkARhZA7wd4,3.6,,places/ChIJh0x3UB42HRURUkARhZA7wd4/photos/AaVGc3lfO0hQL_pE5zpCmPtQcH_WGq5W5Aws5hH7PzOJthLL-xI2sItG72jdkmTjw1gPisxo8irGPDTYTR3K32UENmNE4kLfUW_bSqa7SuVow0DyjpJTAEFJAdnHTb98Qgcxrm-WilwdXrjqFsx6VcqQaHxjQWFObQIU4pdCXKhU8kpPfTScxFeaDGDjdan36hN0DVqF2zcebQ2El2Cgw7xGSWA8d_c79rvoLnCrivYXkvGhZ7cY2XH1eKNbCp6G0hIDsLk2p1k4ThLoSht7QG0cXsCUCl6OXUOSO1bP4kdld5LwIjbKjue0YW_zO-j1QLr2Fm5cfNdSVwAh_J4mjrrskuQsE7LbR7GzOgmW6QBAdcxJofDGRsBuxBH3heO-PQrUu9zKwXdY8DD3tkWkJQHN3LHJQYcCiX1ZcXaGK-B-HnU4Vw
4583,אדרבא,"בן יהודה 46, תל אביב, Israel",Adraba,"Ben Yehuda St 46, Tel Aviv-Yafo, Israel",ChIJTffNKnxMHRURrBmRIdAW1fA,4.2,03-605-4443,places/ChIJTffNKnxMHRURrBmRIdAW1fA/photos/AaVGc3nkStLAITB29eM8UOeL3oLuIJOFAiAJw2GDFZj0bdR060jzGdNWHM77Znh33OrF2kKxMx-YBd5wYnhGcO99d-Me2GutiYvUBaZbUVrnWwIWtB5ET5Qo-r5GS8qn4FWxP9-uYveU7QZ6Qg7zJ1XFHl93vI1h_uX8F0413IcV2UzxEfQMvHppiafNT6fqlO43pTLMS3sOcQXVdDCd99Ll41yotYp_yxhYiCR0abXXKXgfXUBCF5iIXUvv6lknqmQcjfl7R8_9RorMs-cKXv7XXXae1cLuZ5tL_HCMe9keY9tSJQXZBPeDum5v3Yaal5R8zAkxcSTDUoeDocxCFipoELYYkzUfGed8sZqb3FBvgAaPlW7BqaCjrIrCmfYXsKuIsRZ80omGGgGjjlFxwTCPKkfQ5_5U79FYqt9Rk1B3fsw
4586,מפגש גרונר,"ז'בוטינסקי 75, רמת גן, Israel",Mifgash Gruner Ramat Gan,"Jabotinsky St 127, Ramat Gan, Israel",ChIJDydqUS1KHRURBcm8O7CjkKw,4,03-670-9670,places/ChIJDydqUS1KHRURBcm8O7CjkKw/photos/AaVGc3kmqCAW5sT0smU_Zx3ieFxP9g99DigUOARBfHvSaN0QSRKWLyXybL3zQSgw7pEhyJR36uEU0F6-RuwPk2E_MWl6UjlTeQv6h9LhkkJvz-GIkCMTepLYGPNPuJj4G8X01QWGc0Jf7qbkXI4EMA57FYUZR172EfaNKbPsFLBzgKq1T2PbLEho6yTldn-wciqXAks_Troc1NY1LWmoFsHdAWTLmbjnsHm3f_SajsxjmLV-aNHmdPUobiymhCWTeRIIP0yCuaL6_aoYN0crDIJulqtzeogFgpHqc4krwLOz9TDE7ktsqTR8xvvVdn2Quyex34FzFyA2EH5aDerLoMmgadhkRYHjNUPLOjCzZ0YroGuL-9dgdEFdCCM9egOi76BjBhY3aJaSlJI-DDLPbXGtHaqr-Yfe6i5r2etYxafGZn-dlB1H
4592,הפיצרייה,"שחם 17, יכין סנטר פתח תקווה, Israel",הפיצריה,"Shacham St 17, Petah Tikva, Israel",ChIJy9vLp_9JHRURpwxEa7zblyg,4.2,1-700-555-077,places/ChIJy9vLp_9JHRURpwxEa7zblyg/photos/AaVGc3mUoyRSSHeIwVPIa5UuYh2zeHfiQzk1Y2DPc4oUCa1XwUDCrjdYWfHxgJnz7L3AB2BohBOHBJXqrJEef2AzOmwwKc_EHTMNOyyInklBzjUbyr-bd7u6DQknupWC8G1fHXcpq2kgCPUnHZbMG7buU1ZHK-B9nmQXCOuU3PVagH8RYzEu-pKFZBAP1kfYC5lwZmtmtPBXoZ0VXgJe9lnCMXHgrMvRRodY_EsJvUXQVqQpwx1a51IdFUeGgoeGQnXaKHk2teEYWVtIhR41sooTnNJducGAdYWOGYii4SAMH2xgD8nWRk3h30ZYa7TkI6peXfzEHe2GXN7SmJ9xn5xXXVV-ehboryNmpDvLVuDjgFK415DflYaYgdb_pb6njF5UAWlBwUCGLkyiJM8UbRgDCiUAMLRfoHngAGzAHPw9mqI
4593,צמרת הלאפה,"שד' המלך דוד 9, לוד, Israel",צמרת הלאפה,"Sderot David HaMelech 9, Lod, 7127241, Israel",ChIJnS1ZWFvKAhURZ8raunF3FGA,4.2,08-975-8866,places/ChIJnS1ZWFvKAhURZ8raunF3FGA/photos/AaVGc3kkUzfi4NE4j2EH3tM8oPhGYBDQCAixEKimT984OCwMLTyyInv4neWKISctCs8L5Dvy59Vjgxd8pdsFtWp_PaGTKSOr556T1R0-Q0FTZmv_E7Mw0izl13u4jiMjQf1Pf3lKVbW5x04cmYZN9k_GQINMhM9035q0qgFbkh2x1ej5nP0fSL2X_7tYGi7fRxH53NJ-f6-vcwdYMCX9zhpJFGnyFQD0a4UevqwlUNwIW2pSDgpLrIzsT0fR3wbUNEVaYsA4w_t3nzn82XYP3Bnkv4TeAoQ0aIcM8wpqCP1pK2ZfHraGrFmeJhlt1GEkInt801UTBjlCVR9m2UzrJUCn_oBCY-gFBmrfLGZxtSYF34uTKgm-FVvHQbJnraeQSePfDdCQAyg8Rzeznc9bxxNX0VU580ou5i5u4ownvBarg5YBcA
4594,קראנץ',"בן יהודה 6, ראשון לציון, Israel",קראנץ',"Ben Yehuda St 6, Rishon LeZion, 7526366, Israel",ChIJ5RoqxDm0AhURMMr6nzBMApU,4.5,03-965-4444,places/ChIJ5RoqxDm0AhURMMr6nzBMApU/photos/AaVGc3n7WRfj7qwrVktFECD1c3zSKMCMfH8Yx_1LNubvm_rE83RY9yM_eBcuSxE5p6zGOrwgvg64GGP2W0ki6eXMdONj464akRZWWtaArSEq9D3WXV7TdAEyiINBpfdDuAubTKR5RlaDgRcgywfSo1hJ9ftziqTDxxpVgnRpQOEwA5Vu6xpdLc8ZW11VQV9xLuAn5WEm_4EO79q_SSjtvrIQyVJNYOOqEu3JGcELvcvoeBSQEmQ6cHyugH6Mekbw81qH5XVSdHVSfu6FgmDKH4sOTH0kGAy_3GJli0vghc-lLOZiF3_GCG7pUXNP8aV8SGIRxkY6iGl1N9lKppN0Xo7OGnB8lhR1MHu3ZSdnSq-f-ya2WlFMxPW4dodc5kz12cqmOIOB30ciFhZo4sDl8Ym93jJc4DUPpr2iTMGwVcL3HNw
4600,גולדות,"ביאליק 60, רמת גן, Israel",גולדות ביאליק רמת גן,"62,, Bialik 56, Ramat Gan, Israel",ChIJQ0M-38tLHRUR3mBIK7U3ez4,4.1,053-938-0716,places/ChIJQ0M-38tLHRUR3mBIK7U3ez4/photos/AaVGc3lK8awHkthcFgJj5fnFjbBvXYLncj0u5l6VkqP_6yeSkYxKiFjAmWWQbAwlMN3Jd-dKc5otItZErpYENKyt3Pg14Qg2jXH-9Rmkt16x7QCY_31Bskh4-NF7Qjq61Di5M5_AfrM6eujl_-c-p8h00-Y8nFrHKxyMdro6w1_Crrto04OfdEwuufMjn9E9UvT-7l5ibEYugCx0Swl6KzWyfcbb3X6FBuPDtVf_Qc733zsFOFVEERr9JQIL9i3vDihyohfUcywfSSpim1nGbPls9yyYcCCyth_PIi2rbwvFir80MfoYsQCXjROOHTCkXYYAS0fyCZnIC2mLZUJlqDMs-7BFa0rFHwB1AiGQnKQvuKdH5PnMvKRTL0cQluOYpzhSkvmvgCnqbK7oO5PyEiELFIdHtbrXDiRN9fFM8EiPb-_gfiI
4602,פיצה פון,"שלמה המלך 12, בני ברק, Israel",פיצה פון,"Sokolow St 2, Bnei Brak, Israel",ChIJ9ceXwD9LHRUR5WYzfo4iNpc,2.1,03-574-6601,places/ChIJ9ceXwD9LHRUR5WYzfo4iNpc/photos/AaVGc3kDZNlslc0J2etwFUJ-m4_hi-KVz4Bv8KesR1FauudL4Btzzk1tpLfk5n0K0QL_Ez7SwIwjAZT5yfbvgv55y5A-okZdmddH8e4AbBLMM8S_d62Gy638YstrQP-3fAIQn-r4TS-0Z-w6iIRalLRtTlvcKcbeTX6qfy4KiMXuGcdiayzdmuxWxrYjCXwFiUHKWrL8HadbjTRl7E_i7qpzdPF3DlXNPV4nOJCzse86RT_wJu9v8H2_xFMU6y4-3dAbTL0S17DfeXWqpWIbEhAspFFeqM-NvWb1U3w1NC3mzKfyrS_3kp4Bj5miVBfsuiypjgBU6r8JRJ4kFCn76do83tVvcA6SJbb-P235p-iZ8cb5uuszdao-eMql3gtpoKPBuszVWi5Z3U6JEvwS0KPTOD8dNeAg_l5UOxNiobKo5X1O9w
4605,בראשית,"ז'בוטינסקי 63, פתח תקווה, Israel",קליית בראשית בסר פתח תקווה,"מגדלי בסר רבין 3, Petah Tikva, Israel",ChIJdS3RU1A2HRURsIgO5SH0Q3A,4.3,1-700-553-005,places/ChIJdS3RU1A2HRURsIgO5SH0Q3A/photos/AaVGc3mqo-wuw_wYr6UExKnVdUV2qr2LKlcMNgLpj1f2AGRfUHpGHW7cNtErkFloFDXqV8HBo8ySVwp2PqAG4Ke9qS3Eq4YPTY3bZfyX4po1cEQWryZv7qZBTEG1OYRdxDeUZTNul4KWcTA6IRVBHkZPdmerQvotMyLx0DbnZhdS1PjuBj1myq3xPRTWQ2jHHeLKQ22cgrGp9ISw0hAyWcB94zJxThxM37lz35b6E1U1aFrNQdGc5zaX5D_08bcm_ruLyvftsaaCFk7C6VW3eJxM8QHhmon6b_aip145XwCaEB5yrJkGQlENa3E6VeL4IWltbmL_eMU7V_x_EGhzeCAp86EJpYe0jB_Ln2voBYzssD2n2l5YM0SQCAhP3yviT-IqcqyjtrTqoQ6Q9s6Ydu0-_1rtsEjZIZ673WVHp39KVA1KKg
4606,שלייקס אוכל יהודי,"הקישון 13, בני ברק, Israel",שלייקס אוכל יהודי,"HaKishon St 13, Bnei Brak, Israel",ChIJH3hy7YhJHRURxMGquayd1N4,4,058-405-0929,places/ChIJH3hy7YhJHRURxMGquayd1N4/photos/AaVGc3ngmRtXubjGIePjmQjMP4nHYEIsDMCaJggExiQbgZTDz3jsPnf4GA22D3_25NJEa3auz_zvs7G0NaH9RLaJ0kxnSVCw3gFOkeQktrB25d6MjvQFvEVEQP_aCe_4hU4YbkaSLovhuYzW4Nn24v3CfBaBZeOUeWkbpyJynN1uLVbOJqwkR0WcoNY5c5LuPUZtk5sgrb4SX3EIAaTR7iupVABhu1KpKR4Mp6nWqkAl_-rmUkLW5-0KC989vHHjs6SOnHuLekdp2FTVp0EJhT3dvC3YDxOYFoukBB7v-UvHozg8blFoULOqqFEOCIsRYHKix5AFI91wCWWetQtP7Vl42-hBTap8Rl1jxTDCd5oVxNdnUEq6oWkNX9nTkicPk4nkRrwZgucMEx1Vmk8Afc2qftceBCNlhoXLPmT1rlWiBOh9mg
4615,חומוס נרי,"הברזל 5, רמת החייל, תל אביב, Israel",Hummus Neri,"HaBarzel St 5-15, Tel Aviv-Yafo, Israel",ChIJpVIjz5NJHRUR6pUdrVlGDOc,3.9,03-902-1617,places/ChIJpVIjz5NJHRUR6pUdrVlGDOc/photos/AaVGc3lVbTAUGlzjFi6mm6JvdAWcv6lLcRthh0hj3NtX9-VmG3ctPcQYhzEj9mYJFDLfXQEaXPxfDP3ryFFbSqnN8W5yimnaHQHBtPG5UGs7r4HjoM6CzOFxG9CFdb5xLzYzVFyraF0d5xm1_-gZ11vwErGJX0o_M-tVFZQTeqecy48cFkFKX0DYEglWPQM80VFArRovdg9QOomvm1ucMBjQhkyLssmWHI-ETFuwd8UzMbXjLwre6GeB_zv2Xn-VoaVZ0SAROgYyHiXHkbcO6a5zBs0Fn12xmY_IKp67YDKHMZ8Ee7w3x9MyZAxT3haMLRsVmi4IjRfz9lymrMjqImmynafnU-z2uBb8PPTfPnPTe9rcUfMZrxTVLHHY863jp2MWubPFhZVDlYJwP5pB4v4rQOOec8UR_2PnQU2eIg0OTBg_tdAh
4633,להבות,"יוסף לישנסקי 20, ראשון לציון, Israel",Lehavot Restaurant,"Yosef Lishanski Blvd 20, Rishon LeZion, Israel",ChIJrfkxuYOzAhURiZRL6nVEpH4,3.6,03-956-5757,places/ChIJrfkxuYOzAhURiZRL6nVEpH4/photos/AaVGc3ndO7qP2gxeEyW7zqlCFjIdn-I12psEK-xBWgT9ZxaodO6GnMkvQlSh42HpEFQPrLNSRWbEvxjAh2mUSxPUJi9xJVmAZZOjECgUA50ZtKVa4m6ysgMSCUpP0CXDxSI2JPHCfptVQFLbWsZbBY3ITWjdm-VDHSDh1lEE9FR0VFDl3gAAnIVF7cucHkVm4V35y0RQpXtdGO2ZvjbK4r4A02DFOjck6dGuc38l-xwJ4lRqj9s4tn59fm5ozzsq3G_EyB1F-PdOEAYugmzIuVrTwTcSPImtJqnbw6Nq-aorQ451SsQqfXG078XAl5Tgg5nwi1GWLZaUx0V3pQgzJiozHl8RGNtgDXCddtXAMG7Wwd84sEkWKX2k6XLanbjxIplEcFSEQjNZt9H_UNK6BLrrOUiGc-bFF_3QjbsWRXuk6RFG4w
4642,פורטונה,"הסיבים 2, פתח תקווה, Israel",פורטונה,"Ha-Sivim St 3, Petah Tikva, Israel",ChIJq8rQsv5JHRURF2L3w3w-8s4,3.9,054-237-1283,places/ChIJq8rQsv5JHRURF2L3w3w-8s4/photos/AaVGc3m_QQ3DLht7N1nL1bdKJrWuu28YFkJoAQt6rpJEEkBUY3crtKvpdJ_N-iTp91bqputd92QInp6i0U42MRW4QGHw_tWYNxw8FKmtbtOWIl1lqAk90mb35Vgk8d9JSHOeg04Ka3_1u3Cq_h53FDVE26NAiJc9--KwAjxD4OhORWNLBmBozl-jGO3p5Urvjuag4y2Z-S6N0LctSN79cjwTlI1Aq6HvGscWvU_ikxJh1m_Ma6WsRCRa0FhdRXXEyK4VEp37ISVwbAi8vhjg9gdFCm-ucK6IeOeWQvyl6n-CnkySBFfnlvDlIMrTuW9ViSfVKfffNWG6-SMUvWuneLch29B4MxklyEBabfJm55scF6U_KWuO9NMdYBdiy-mHBSb332cXcQpFN0dMdrdcgSrvtkNknwHnxQ9cLTpYo4noI10
4662,"ד""ר חכים","יגיע כפיים 1, תל אביב, Israel","ד""ר חכים","Yegi'a Kapayim St 1, Tel Aviv-Yafo, Israel",ChIJi__3KHtLHRURqQobwPUjI_0,4.3,050-202-0772,places/ChIJi__3KHtLHRURqQobwPUjI_0/photos/AaVGc3lrq78WdZTtZ2r6QO3oQPGovDtJDd8SSYRZ8OaAVsvofPl0iLe9PRAT8dT96RvG6iQtb5uMVzBPKvS5xa1Ecn5Yy7ynTQUIUM5S1Iz04TPT85dnuYVBKgKqhA5X7OBBNeSoBnuTlV4Jev9LBLWOTFYSFXacRVYR1ePkhO9h39ijsBufiyeeW5vIbDp5PvyhTSIQ66vpaObtYh2UQ-NdRrsjVKENUBUee_SwSUiQ3ndsjXj4LWEkyo4ToWpBZMcsZ3zTQlmu9kf7Fd4KTxAfO5QQaQTru5zQokug8MhhuVFztP1J6y8Pb3HgV8gYzKK4HFKIW1Xql2L8EFmvab-uu-7vdh4zmOVAWj7EA1VO7WWBz-VaGtHFlGxLJZRxhoDF4gy2mTYy7u2EDyyRmTHRZgpW_oetA7_6ZT82vCKV91BKCQ
4665,נינה סושי,"גורדון 2, תל אביב, Israel",נינה סושי,"J. L. Gordon St 2, Tel Aviv-Yafo, Israel",ChIJec6LLW9NHRURmYlUffrMgnU,3.8,072-271-2288,places/ChIJec6LLW9NHRURmYlUffrMgnU/photos/AaVGc3nSC3cjeqBigyohfzL0Bq1iBGUA5aBNwYUJFjurgDSnYPfT66H2fiSCWFVjrNHb-VbOIYp6RzW4iXgLiHzEvtCE76CrBRJvejhxKlJLho5nYfnaycTnwBM6SvOMIvR18dsWAmljDOaQH3Lm0ck2xza5TmKTM20nDCfOqc_VddwQGCZHnk4-GqAoB5K0ihJwVFLqE4QhYZoziZYVHdaxFqfKGTFUtwGQcBw6FVenmFT3Ro9FYLVDgpt23DBOAYdDfcl_KtO32K3eWzAup0lFJSMC82ErSzBt8vltF8GSq7K897otQhIg9VAnJ4J6Yr0Yw9DK6I6n5MBM6hN4Pku5PUOzE09cWgL9bzH8i7ExzteaEv3wjuthAtjS7dxJObUnxrHZGGNar4ORpnqQzO7CJrUbidue7NtGJj7xDLT-0Kc
4683,פיצה שמש,"שד' מרדכי בן פורת 79, אור יהודה, Israel",פיצה שמש,"Sderot Mordehai Ben Porat 79, Or Yehuda, Israel",ChIJdWwjA6NKHRUR4h71SVqLCpY,4.2,03-533-0111,places/ChIJdWwjA6NKHRUR4h71SVqLCpY/photos/AaVGc3myztiAa4e8WXuUfVIbhmP1mdi5epHWsgvw9sg4aUUBLPzrUbTcQTiFnBjrXImOccW0a9rM8r8WTrDzMDPwmScasexY2-ygq7wAyskePQtifeSH8pXgFnAG7yguIoL5rTkAPQTGOE86Ttae4lS5eS1UM1hB6ukviogBRXQT43xADwFCuv-Sx7CyxzNT5rcacN2jyxZlE8edUon_MMIBWmTqhJbB6y0eiiu97CgDzotzQPJ1asWhfqvyLxCRIwir9-pRI7ov9S16XU_SiYFlcIsRhJeaprU8nwQXUCCQQ6UJFKjMysqEy7yX2bVKdP7AeE8Q3_79V_lGjyM3Jqo4v2d_MEOf6o_0rK79cI5u3SuhNXG1TE8DszTih_HIZyISE64xmbs3CcbB6u5Hgt4i06qzCq1xm0VMU572A4IbZXunD_5P
4684,עראיס,"הרצל 12, תל אביב, Israel",עראיס מחנה יהודה,"Herzl St 12, Tel Aviv-Yafo, Israel",ChIJwcB5BftNHRURU-njaixX250,4.3,03-740-9797,places/ChIJwcB5BftNHRURU-njaixX250/photos/AaVGc3monLnnsVumk4k6tp4G1S384mX1uMcwXSE2ulX3wrlA_n6jFuAPVBNrzgxOy3nGac-IbE2jrZeRU1zTHvZsoMqltrCjNFUx-hm4C3dQtPcaedtoQ2D0QI9kWnDkdFfbyvwlPR3RScF5RvL8sKobxeV-Jqrh78Ki6IwuZkX-_JnV6U_Vneg45nLaSFjZ6_SlKxECkNWZrXnaoyAjJbv6k6XaoiZH_WOzO-om08D1_bwwB8jkdMcEerkPk1orMPCjQFqfI-Omks83PAAJX7mB6cDANNt9CGg40Dk6HNQl95PwGomjkk6nN25DikdlXYRPvRYVqLJ5DysojwmVxIDtY5c39lj-Hl7ElyE7CQ_o9N7dXRU0sBvNtobppAXpbI-OFwl7SZDYRQc4KjNGLVAiTrR-tiWOGksQ6WBp2Hia5jvBzbw
4689,HaBasta,"Hacarmel Market, Tel Aviv",HaBasta,"HaShomer St 4, Tel Aviv-Yafo, Israel",ChIJ1YYt7YNMHRURP03UUCeI3Do,4.1,03-516-9234,places/ChIJ1YYt7YNMHRURP03UUCeI3Do/photos/AaVGc3mps9yd5JUK93ThlelekIyTEVq2fUMYL1tsn2KCBgrk5y_ILiBRxT-JKlWBivO0hdMcchDh_a6ZPTHp7E7T5d5ATeOVL9yaSYAIST0dUAp7FIh1MQb4K0uEe7zFw20PvzVd48SrrK58nAeTNxbMrxXTyQszMwmTIZl2V-sKxc5bU0BUlG64p-kHEH3jDUMNzY4Y-8f1eRQoZ3hrwfVeaNjUMBzly1iJuad6LLe6YmuUc4vSAANFQp2OXnLq7RavUd78Urv5jvi-xNugm7sUzbAYQyQpmoxQxhN0-EYyEH1PX1ipif74LPXK5U8sqNehCNSlsCPlZx_AMJqvoR2ddUv9MDH1WJ1K80iIrVIxzVIEKP6K7lAcCNn4Xo5yt7pCSc0Wymp45ulJsVYYtnyT-fPbSsDj2Hk8NMVE8YrsoiEgC6Ak
4737,מלכת הממולאים עין נקובא,"הואדי 1, עין נקובא, Israel",מלכת הממולאים,"HaDkalim St 7, Ein Naqquba, Israel",ChIJA5X5x3fRAhURBrkQy1SNI9E,4.4,077-230-7687,places/ChIJA5X5x3fRAhURBrkQy1SNI9E/photos/AaVGc3nL8ytIJDKTGm3P8F5EqjJcrcGKG2J1mj9ztrNYK0Uuwa8BXuiv-f3uCUGU1d7Fp3bvztMFVLcyq6-9lB8w0p-BkisinzHN2To8diepYF5_m6G482F5LKXvWNdHvJXxIUN8Y8tS7tCeK1ucFJ1QFh7mEratRdpvq4AeGz-ZKrNd-bd_OwLIvNxwZ0QPAMBC9AAqMAWEEBbd3QAQOz6mgulqqZOwKn1U8QZv9UvTy2pzt2pr-P3W-YofR2QNztlTQckfUlQWWYf2cc6lSydDtiB1YXjYbrIaBm0_m0H5Hp6tE8T2iw73uUs-ENv4mE1Vg2A-ZFJ69xZ43SElSYnN3oV2FtG2-L0IPmy9A1wpkpjbYaolcXBMERFlzwB-ZWAiRfWP1Z0ylLLDP8Ug8ukyOFPCYWyWTfmsTgSb97lloBo-iZae
4757,סושי קבב,"השזיף 10, מחנה יהודה, ירושלים, Israel",סושי קבב,"Ha-Shazif St 8, Jerusalem, Israel",ChIJ1UFZXCjWAhUR11NnviOtMig,4.2,050-287-8138,places/ChIJ1UFZXCjWAhUR11NnviOtMig/photos/AaVGc3lhyqqcir36jNBWzw4jF98SkFHjsHObrLBjbr53LppMaFjmDaibJSkUQMkBFUUTbXPVovdXIjp4DBUQV7dl9dsE_l96JXY2DdE1XNznbzT448Kq2wevSr-xPFpLg-lHdlV7CiDxTkePj9klz0wv1tivpDz0UN0Cm4o02cIp9VUR_jv9AdyhPeB7z5Jd9gkMFWSyU1Qu_6buPxZYnFvxmcVwYGRLqnoR__diiAJ9NJpi6NCKOrGSp77I8UywYzfWr8xM5j9ENm_Fw_lOKr2LnqzNtW775wTbJbLmrAWVs8mgmoeGQV3cCEDhMfl-7jEfrzp2yfS593DDbYI6TTZZR5-9ZnJihIVJQQPklv-d4ieHuTmu2DMfbraSpGMMLTbyShOQsacnilLrrKr5AkPwzsThV8f1YVMhoh97rxdg6EQ
4777,קייטרינג מזל,"ירושלים, Israel",PARADISE קייטרינג ירושלים,"Moshe Zilberg St 30, Jerusalem, 9692303, Israel",ChIJRxNPjlCahEcR-t28jG7d5hs,5,054-763-0548,places/ChIJRxNPjlCahEcR-t28jG7d5hs/photos/AaVGc3nC0QhtqqdGviE6RTRkajbLnWJF_aHksOKwTWx0Ntrh0ZFFkaRKRE-srCJ_3PLGNqmRHU9wXDvBkCBj3zh2AGVdylpdnW2pMvA3Gs3qWSvvoSWmE-KxhlgXNlYz5725r-diLV4fjT7d0rRIfP4UnHvO8ISoZUt1d9GIrlLdRuNXojp647BAWlgWBY6DPlUJuHOSbytb-2iyRzIgkOzlw9brZaCLmUOzQlYhyCpkfFU7YrVv6eCqMvggoMSgv6GttyKQ65YudEayJm6Jayz40zFAnjl4QTIInsB3LPLW0An3dF4pvpb4u_xpcaHl-qPha3Gcw6iFt6Ki49LfBiiDVN7T-bnEQw6PNmwuPqQRO6F_hRsWaCLy6PH2Vcq1pDVs0-2Xa4yoK7w5jmyBUY7nAE93FpDtjTdTEPFdoFsbHkpfN1fhPIUrY_p5WgmOCQ
4779,שלומי חי,"יוסי בן יועזר 13, ירושלים, Israel",Shlomi Hai Restaurant,"Yossi Ben Yo'ezer St 13, Jerusalem, Israel",ChIJaSXlD97XAhURl5gsLtRvZEI,4.7,02-678-7949,places/ChIJaSXlD97XAhURl5gsLtRvZEI/photos/AaVGc3lKFMnIlWRDUhLV_HZfaVbRKw3PaJJG826dQhM2bDHHYuMvGuzvsxpIMza6ee4tMUWcflVkOCj_AOEe8P4G59L7WCTUeFyDytDG-U2fD99vStfC2qsUKQrNZhjPK3XjM5rqWMkC1jSFqB4imQNKh1mUqgQi3OsLGBk6rSciAwBGRAUFZa7IMoQnuQ3cwbXPCcqFjuhKveN-LqlkAmfPOp6Q7Q4kGd-30VIQ5N9eiFZWcYcEMBlZkKLHJBMrZjIzD2FMJqoMxI6RHeU-c1JW4SxS1limHdC2zbmE1rvKgwvlIZIg_9AeuD1Ft2y6ub6PC52rGrxTN_3yAfWn532wI_ZYLy8cIvPErOjQBcyajY_O-1YJ-RkGx763DQ4NlcS1aRNfIRdyY8liXBo57mbOPRahcjt9yRVJmq7WHKR8djE
4781,בנדורה,"יפו 36, ירושלים, Israel",Barood בארוד,"חצר פיינגולד, יפו 31, ירושלים, Israel",ChIJP9tZ0dApAxURuTmCkFqd6DU,4.4,02-625-9081,places/ChIJP9tZ0dApAxURuTmCkFqd6DU/photos/AaVGc3meQDB1tcuWJh4Ag5r3PhX69_557biq7-4ZsSx9LNbTmmEgIevgLEfgaqDJKDvZYVg9PGPf-q6HUABpVQA5bSOelWtJdtdmTnXOrHB3hOkPjDufDvtwyRftjOYdfRGfbf55K7BUfheI9N1NoyFRpm0Sq3dlQXyN_rYHAXlSQYuimn0_zhz0aPlTwpXYl4G-83-ioBjAh3gu0ORinXVA81zDPXrNL4cHq-irY_prwmpN9QaLuRUK8iWrHCNoSBKehTZraWwGgC_4aT_6beQnMPvAH6Kms9EovEOUFfJ7Y3kT69OcYr800eqFjHkzC0m6QI735oqYjOld6WDrVLlsv8G2dceXWGgsFQdPc39UuJaky2TuGIHCB3HnjmJWmDbKTdXuek_UDiDfMXgN5COyHVHGONoMPsIayzv5PBtEkZsgxw
4803,בבא ג'ון,"יפו 220, ירושלים, Israel",באבא ג'ון,"Jaffa St 220, Jerusalem, Israel",ChIJO__Z2drXAhURoBsEjbyk5u0,3.8,02-663-6629,places/ChIJO__Z2drXAhURoBsEjbyk5u0/photos/AaVGc3mTsz82gKHQA7QURoJDsrtiAMDwOL-ERTUteNCtYIUdsYktYY9ivTCol3SmnvC2Mq6-TInCAludqx7x3YvRQX-od7P202TBcmsIv88P5bJKvcOnxFs6xnukI9hoR47YEc1kVDUAOUmcdllSjkNPm2Mh9f1RR8OpYgK2jP35WKdooXJsKEtNLqlhEDYrhgA-QtoQEKZ_9BdqEmh_Ez9HoxpHrXeZhKK489NlkhIkOTuiwyPkvw_xurZDDypNFZBTSYzFr0GvoLV3QFsddP3Tt5PI5j2_h2L9DX5b_7rEtit22oWsiiDt6wArFybNxEmaThKxsFH3fPxrhOh7vx0078leCza5H3TGQmTAi6rHicj1dbzlAA9MfL_ih6QqLDmNnjoyHZOoVoTGrqTjlxRbzmoi0Khn9L_FP6fUD3aivyvHth8
4815,שרגא קפה,"ינאי 3, ירושלים, Israel",Shraga Cafe,"Yanai St 3, Jerusalem, 9418122, Israel",ChIJhxp3ddEpAxUR7YVOmPhMHbU,4.5,077-952-9952,places/ChIJhxp3ddEpAxUR7YVOmPhMHbU/photos/AaVGc3kINUug3iLpzufO5umXevzNc9ddjyZPEPNDeo_6lYmruvhnwhV8DeguTM5lTGZZO7zzJn-UvKjv_uyYqlPHSMFynZuSeqyHVmtLyMGzTQzeNVFOvoT9xLkSmaozxn7wjOWo5f1hQ-WYjbgeRNPAESVlX1dUoSTm1oDJBXM5X8AQon5z6JRn8JmcjIrMvFHmyd4XxKRHouY3QCTn6vtbMkjx9znkTt2LVWjeiIwGFe6r0-AUTixQcLj2vC01eVdEBrIXzrwRuNIxdabxk3JDUeDG7OpVq7om-NxChpTFio_NIfuMhksQGNYGMaEyXk5b2Ltpm3culFzZ4MH1XththC_e0oDzxY6rZ4Cm9chbw873YabAdKReZKPj6IVHeVQKe7xgh7yE5mvHyO-fCxaTPBNPs2Mte8KiTD7iiogesG4
4817,הצריף,"בית מאיר, Israel",הצריף בית מאיר,"27, Beit Meir, Israel",ChIJbdxVBP_PAhUR3rZR9jdOxeI,3.5,02-651-6990,places/ChIJbdxVBP_PAhUR3rZR9jdOxeI/photos/AaVGc3kkiGvL0leiVeaZEW5gPDoCH6RzEYEQeKlawQ73Ry2y6dFozN_K7QrE-Wa1AEMU4LrIUTEuB_osNdl_8LDnfxUgo4Z0MicLjnWBlNPQmZkxHK-t7KyA7AZIuejMeK1yAdfyqvNLkJaOs0A8xaqiTew2Qz538I4oqVwiYoWmnGwUMYhuHdCulUAB09eMuPg4svvb3pfzsJ6lbasnFVC4ppPVxc6aybzVy6dyS7G-r-5CmRoksnQ5NMYkuu433o42L45uB-jsnpinA5tpAeMmiy08hrvHrxzNhRPYEcbCix_Cx22uRCurUJi52Uf2-otlGKqWrfkRYU6wxJAQmMyIU35RgqkulJwpjErJ7NGiy_HvNudEhmSGM7fwhKEC_-H-yHwhACfpGlGwGyMq6Yed4dVprKYWWai2ovT8J0avqv8KIUy7
4829,עלראסי,"אגריפס 93, ירושלים, Israel",עלראסי,"Agripas St 93, Jerusalem, Israel",ChIJs26gFEjXAhURu-EXSnuIp0U,5,02-509-8333,places/ChIJs26gFEjXAhURu-EXSnuIp0U/photos/AaVGc3lP27too4zafm9tIfj5VCd6BRM7igMy-s1vlx03TshrIhha7fU8uQxvwp4D6D6lpTOl_QjBI-NgTPq9Pw5_Wv0LE5aRoXW7cOVzmcIGz4BleCxaq82NaVEJAcXYnVBEL4pu6UbJDppl6XXdj8hX0vD_MRkhe8TXTtuu6WzKktuvVbaaPtYO8Oihp-jcqSDipMT82BuYNmJ98-aTiwlCCNeVnWYpeskafsyqk5nG03xcyt9W5jNqYhuJTuOKOkbsSuSqR0_IU_8NZUnld7ZUoXB2JeSCqPMVe7uXNo06z8cFzKIsxwiI43swYnY1TM-D5F1aJM84IOSvl3ELY7SjXo4CiSuWV21tkzMQahhx5O-OWdRjoRo4ctmz7lT8Jz3Tw2WKM8oL756_2v94L3zSnXLJeLMUHzVZqW37F8kOEhoWU3-e
4837,מאי פיצה,"גולדה מאיר 255, רמות אלון, ירושלים, Israel",My Pizza,"Sarei Israel Blvd 15, Jerusalem, Israel",ChIJi_vXPQ3XAhUR59hLEUh02BQ,3.5,02-580-6611,places/ChIJi_vXPQ3XAhUR59hLEUh02BQ/photos/AaVGc3kVQJ4oZKEqEnSvcIe1s8nxl1MggImjZlSLylpnQ4XI1_kP8eQ6KNXRQmGwc7XE4rRpz7ylr876upgO218TKwB2HvBSumJt2VhFTDC6I0mhDItxmo9zeJpciMMyVTc7HX-mfjWJYDwRWkOssFOZq7W-MidTrAkcGvOW9AUxIF27T28vNooURILjXAUDYw42c_cpJV41q2AS-EGenp5j6CtzWbxykknhtaqygVC4bZCPnqdUc2ZVGrOnCiVu7GO31FHlLx2BtIS5XZN05bQFu0M_rTcst1ev2Vkc8X6rjk9Vo5kYJZ83Ge7maJrLEBhnA3_Zvlo3b-0FfuiclDDq0JcZqeSpG59mDX1juqrBJgAG7aac5YFUFKOi5-FYa5Yn5H2GcPGiX2IvjnxllS3SdHKbGKgF1t9t_XS_HAvfLr_jkw
4847,אריק,"שמואל הנביא 100, ירושלים, Israel",אריק,"Shmu'el ha-Navi St 100, Jerusalem, Israel",ChIJQ9eFzeApAxUR4UYVEWqXSZY,4,,places/ChIJQ9eFzeApAxUR4UYVEWqXSZY/photos/AaVGc3nmgZDq092R_9KbUYyi5AUKiwBpm4KGWHsXn1kP4tkH2RN_VsiwZjwH9DkTni2Du_wj3-KLWe3A9G0itZGyE4LmmD54UDZYmXmbLbvmSoK1nqky9QusT85kqstb0ebs0fE-afsnfa4YJAoQtd0I9ni6us-xcPeHJ0hHk01oSc2X-uN6CF7TNSFf-dxpjtC1a0eu19gBFbLRVeh58xeOeWu_ynFwynRyj0kbMxY_xf-Xm9MbYcFQTrclnwxYDDwAkvEqTlQb9a048LCofKvOKdoCssrH6MdfsR3pVKovn-jAt2UfWkWQkl5SbSlvWc2aRO7jm167z2OUsTp7uLCpiX_s7vbsA5t1Dz85XISYk_a8bhO9n7cNGpRrF32WumSb5lDaUeEbt4lGEZx5pNV-NRzTH2nd5NLyXiUxcFlBjyoYA44
4848,מדיטה,"דרך חברון 101, ירושלים, Israel",Medita,"Hebron Rd 101, Jerusalem, Israel",ChIJy9WMECIoAxURDrI0VvpxLOw,4.4,03-454-5454,places/ChIJy9WMECIoAxURDrI0VvpxLOw/photos/AaVGc3m52UtyPv3aBDGv4F86R8yI513YwZAxDKUPnZ4yBLygB2E6SdJ2b5uPkfVKdvGX2pd6jUTtr42CW89Ngr2Mjzpfw7BZLXrw-G3UIeWIMAHC2I3Zwl08y3UVen_XLJGZ7WGQzuceh6I5TWcUIZX-bWa4stGgB_aGX0P9VMA2pfSg69R-M7HCj0XF94riphA3ia6kW-SptWgKaQJZEaR8IVZFonQz-Qv0WG2ORiqPzVC40q2rDZd4a2jSKL2hKt6yDdv6eq1KT6lwIygVkfPkCJJHwh8GmTFsi9Cboo5VgUSv7AUUd2fvXCdI5ymJrqjUev3i92zNPxXvUcxlfaTRur96Mcu0eE59ke7yhUJFPXt3dzgsnuabhsHOCBQj_3lqi5Amv_9NCYrH-99j-ug9DddUXTFW8vEgsgE-RDkywfUapQ
4849,בר בורגר,"החבצלת 1, ירושלים, Israel",Bar Burger,"HaHavatselet St 1, Jerusalem, Israel",ChIJRcKGMdcpAxURjHUlIOoPAPE,4.4,02-579-1855,places/ChIJRcKGMdcpAxURjHUlIOoPAPE/photos/AaVGc3nAvHstig46a1mMQTBDJJHf86cjWrR-DmaYM1YieZ5HPCA8Q8rCdccBlhyX_hXR6wFlxQNp-wkmeYzebJ9KF4B7g35l46rsvap9bmJWc0ZPNmNxo_uAag1oLn2tAYdsQbG49cGr1DXribWFY1MZhep4YNiphqdmkbepuvjbfqchDOndggdTgmqaYm4DBs_40y-Pb1OGTIVDDFV0Gm5pdl5V3F7nuCV4pbiUaRHxj2h5_BB2Hl_d6Ul0G870oNsu0_xxqE3loH0KI1_1HuaTBdw0cJf-T3Wl2Sd9t0pP7AudKBO1Yt6IEd6_raZ5-0tp6XHrH5TZJB7VZLHjAM7JlC30z5Tt5A-VnDPOuqXzjv_IipCsnxAflDBPtqpmtYuH_w3BtHgf86oS-eD7muRDGy4T2dM_Rzv16tJ_SiExCqjxMQ
4861,בת שבע מטעמים של אמא,"יד חרוצים 16, ירושלים, Israel",בת שבע - מטעמים של אמא,"Yad Harutsim St 16, Jerusalem, 9342153, Israel",ChIJiwPYgkopAxURCRP4X7zUC3g,4.3,02-655-1185,places/ChIJiwPYgkopAxURCRP4X7zUC3g/photos/AaVGc3mXCY7DoUQTFoQyLZvN0ErJn04Yw7VaupKvA9k7Qmxx5Pc36Gils7U_-FeLfVVloYI5LvAkrfab423nkJShDXqBCoixh9GY80oLi3c79MpOBvbHMC3qreSHuveMygCiKf7JW3VSvKsdlBlvK6M3ypB4vlC0fdaMIjRtnN4XlvV6O9Aca7ZtS6lISysNf_ByM2qgXYaYSnIe-rnmDFdbTBsi5mliTYti8G5UqWT6KZNmmoT2sukWySrmx5PJ-68ERzGJzD-zNhsF_mJsVBAuaLyG05Oh-WDY9a_e3OOb7Pi7y6xmqzQqtyW95dGhAH9htTrGPJbXEXYf4MfO8460dX9uACJeJcmzTvumtQKdQJv6n7KfS46xJRoQoV0qWn6yYFodCj0YF5zX1NVa00TsOEsYBDziGcSbcxfiERiT0MwMCw
4864,וופל בר,"גולדה מאיר 255, רמות אלון, ירושלים, Israel",וופל בר קניון רמות ירושלים,"Sderot Golda Me'ir, Jerusalem, Israel",ChIJlVOeEwwpAxUR39LLNqQlHa4,3.6,052-813-4101,places/ChIJlVOeEwwpAxUR39LLNqQlHa4/photos/AaVGc3mICafwBP-o3P0Av5LaV3EIJGjaX3pES6-WgDW1BO3YIe9zJfquhNjQMwI2sVUEw6JdGfoyLS9ipovv2jJNZVZFPdh7wN-HrRyRdzV_bVSbiE1gmylhNR9LiUB2BkbzvDW9tovbQZACeIdVM7G-7DsA5kxRdZ7B6K5GSPl1NAQv5bVPn_rRSLUoYMISmnkgdgAJFMwxbIL8QvsCbuQulD--zcHpDd-1UYsEDRQ5LT7ARhV1bQ_HHfczaE4mpLv2P6Y0_6k_iIClnsTC6lGZjsQFY1NYXyV8Epj6Up2pp5eDuZqu6T_kcVuXkGl8N4KRTn4wknXzhhJ8YCfsxr0rjq1m9iFbdMp8tZuGZDprqrIIArF0kMqYPA4shRwjnHz0SAPZPkCT9SDtmcjwwfbk_AtX1MPERbgWBl3xBs9UDkFv9Ac-fM0SUGNzxP0MD5C3
4866,נתנס',"כנפי נשרים 24, ירושלים, Israel",נתנ'ס טוסט נקניק,"Kanfei Nesharim St 24ב, Jerusalem, 9546441, Israel",ChIJT-vvt9vXAhURdKHQPg5TQ9U,4.3,02-651-7198,places/ChIJT-vvt9vXAhURdKHQPg5TQ9U/photos/AaVGc3kQJCEEEL13k9vbYZKaryNXQfhaLqvf_TrOJ375Z1z1nRZdNYPXoDLOPYr25A-QlsuOMn43HQAeCQS83Mj8KOpq7vRM0BQsGqq2pj0roDg-Eg2-9u80eqEZm9J1URnXpysU0WIMZmRSgrdieoVqXDp-nWeYB4dNLcmziq5wNxUWb7qLnHJKRld8qKKFtj-MOq3DPvX3u7B8oCKDKis9g6vskacFigsXO2jhjRYowVeTJ5H5bj2XZhrAQk8u3l58HON0pvY9JUPU_SxKzaf7f-PeQdbH5-Up3_eQt9ypzQVSlwjQY0nqQtOZNaYXGEJyEIXqe3gtPW_syVn3kUtXJvqmPvs2mmW0mJxH4iQGAhPvRGLw0pZdOyeQD7xB5R5tOA_21pszzIdkV0643mp0eRenkX_T5C5DSjp2N_a9oy2lzg
4867,ואלרו,"אגריפס 80, מחנה יהודה, ירושלים, Israel",Valero,"Agripas St 80, Jerusalem, Israel",ChIJ3dRU6CjWAhURSuWoHSLSj-Q,4.5,02-546-5650,places/ChIJ3dRU6CjWAhURSuWoHSLSj-Q/photos/AaVGc3nXStFCoV_DFbTkF41k2LqQaY09N9i56uDAcnA-melEzBrml_Uq6hQ7MlMVZkRC44L_jX7pgHBK6lWuku5J54cU8WmHoTh6G5t2RHXwQ-8_ufWT2bRkKNW9z5IDMkWAIcoGH_cvbcbXUXWNfICnDiaY-DqXMJrOLzVogqgMQQ-6FwJWRI0pzGYRpDhaVQfP1tClXfmkxO3lv8obMrRKkg1kGi_APVpsOZ5zdz-zdswJZ8YdkKOcK48HQYXglKmrmn8pOqpxflq2Jut5jrFMzVw0p__06hM26Mb3YB7dPVeTKTuglVu-czCUkw961VDflMnBQ3sCF4X2qxjSNCYg0QV602g2ij3YCOSG4QA8eyuGC3Abo3J9PN13t5k0R1dsv5qR5aGRn8b2X6G-XTQpvZu8rnsfrpe1PodBtMnjH2JFqw
4871,הסנדק,"יפו 104, מחנה יהודה, ירושלים, Israel",הסנדק -מסעדה ירושלמית בשוק מחנה יהודה,"Jaffa St 104, Jerusalem, Israel",ChIJzYpZeSjWAhUR5aULxcGoUtk,3.8,02-994-4436,places/ChIJzYpZeSjWAhUR5aULxcGoUtk/photos/AaVGc3lEfpDAMDqRfd5BGL-rKkiCp3SRkfxcLMjjsZYeRv2qj8qyvntNFay4IjmdEsGgwQGdv3_OnxWKE0nmXfv5PU18ocmh6-ihlFtHozgp6v4JtX9CMiNTuHwgTzOJBmlOooTYg21sVTTmLAZnaSgx0DlnmR13EdTcKtS63fWtbVnVCSpIUe1GE95Wj__jvKzKjt0q_m7d7_N8TSRAMyDMrA-FC1DMXY94prOmqQ2UlCnbVg1ipcQeBCJJ0VPiTOjsYVuqJJzZzzAjluzW5Bl-hTO2NLE8olPT5fHOVaomo1ZGWxR5Q3uUvziK3Z1WkrCI5XRUZqrQOnIiNHNCBAA2kF8GON6VkuRvYIfes0fyxnGQSkXqR3sJBfVwRtnwNo53pzsCLRs26bAJyejlc0Yek9AcUCd_BYBo4yseAckC7jlmpaUI
4883,מוצרלה,"תפארת ישראל 16, הרובע היהודי, ירושלים, Israel",מוצרלה,"תפארת ישראל 16, Jerusalem",ChIJCyPBUckpAxURhNclR3rbbp8,4.2,02-628-2299,places/ChIJCyPBUckpAxURhNclR3rbbp8/photos/AaVGc3lf5HNGnbMovy7wr5AuXmejFJWU60b1tqR1UWJQWw9RkrcQg7P_E-1AD6A6jO68zFbva3ptm1D2GPKNg1yLBjThxQII7yfeTi5mSXWtmReTZJKqjB93blG6vfs2yWEx-a9PvUo-bamNDFsuHFekKko8cI8AfwLTK34Ziw6CbcZiyXKIBPNgt7DFxJMX0LZpYHsYUnZyI76JQyLJ5XabO3KAngce1nxPoRuymu8jl9Y0N9FdtcchHtNwS0JK5aC0qQQ3LYgXQl1tuX31C0-uURJTHI8FxYIvWTDJutSr_eGHHcSzaooyabympnj9Wd_x50IKgbxzQjSQhKnsHyWB9GD-Wip4g2STt5bHZMyv2axTOzoR6KwqHszpjHfUfdqF-tpFBNQRerrozS5DVpLi4AFSMpa4PMtvUfeVVzJaALn62Og
4892,Bakshish בקשיש,"השקמה 6, מחנה יהודה, ירושלים, Israel",Baksheesh - Bakshish,"Ha-Shikma St 6, Jerusalem, 9432306, Israel",ChIJRWaW8yjWAhURdysTUQbretY,4.2,,places/ChIJRWaW8yjWAhURdysTUQbretY/photos/AaVGc3lOSz1VkUvfe-cNTtELTd43iFugYDYoUxaowgHKPSSbMyOSKq2TF_29fyoEDScco2IvUrNGuxF28bE_TF6VSUga57tu8EonQCj0Xgu6YMMvouVbRbb2CkPjEw8OOoyXq0eSNbZTjS5mZF_YOYa97fqLqDT0PWmiYYyygInHKu4jOKolsRDREi1M9LwQ-6MMBIdbUB9l0cEFgEw6gcKN9IQ4R5ZPGEy7guOK-H3gCMDynvcGUjnJuD80FmeMZCUNsQCRi5yDVig1-RuEnO-V8O88-30-BP6V1X5ypiMsc4hy5Zw86nHoKyGJM_hNyEXsf67baCrqcT1S1sAP1WnQhdxTJB2hLUzNG8JgbHj5tERb02CL8awM-v6nYqbGhhOEBKAREbTRsd7QKvHQcETQC5Vu10uL1BQQjHrgAPBtENs
4899,בלו הול,"יואל משה סלומון 12, כיכר המוזיקה, ירושלים, Israel",Blue Hall Music (בלו הול מיוסיק),"Yo'el Moshe Salomon St 12, Jerusalem, Israel",ChIJP22uz9YpAxUR0Igm0s-7tGM,4.4,02-625-6488,places/ChIJP22uz9YpAxUR0Igm0s-7tGM/photos/AaVGc3kXu2zNp3i91MGJQRBMGvVi9BULS55CCaCfnclmxDHvO7L6QJjIvJjoZo2NYSvmlsavn4o0J0lqWt4WC192ln5C9gb41tBIIF5pHaTDJbCBsz-H3PQUkuXw_iKAgq4e1z6QguKB24VdSrMfPY1r8zFAW8Grk3GuuZZ4iRXXOhyKcpCrtKcwgRWCOCf02OtxWSosE04P-SdyliKHye27opH_pn3JPiwUrRv47RiMZn2-THW1QkGOochU33I1dIJMVb40X__rsFfN9tvYmzPsbwDAhlegnvxUclYBTxQQ4K2N5FULOLJe_5OAqj5PY3m_AmJJxcFwyIfkFv-Okqbw0joEGGtlEvYzJNcBUZDSTKK-Uv5NoC6OzYHTjDxYplmxPkFMEmqav1mDKl3z5-qQdEPFOpUmC_TmSwLqPJAbumQ3bg
4904,קפה מנספלד,"דרך רופין 11, ירושלים, Israel",קפה מנספלד,"מוזיאון ישראל, שדרות רופין 11, ירושלים, Israel",ChIJzRfXItLXAhURVIe9TehAOBc,4,,places/ChIJzRfXItLXAhURVIe9TehAOBc/photos/AaVGc3m1kNP0uVs8IORHDANqTNObmEfFxb9IMzL-LNPghkyaT6so95SObuBmQqpQ_uOeew-z79EcjvGfJd-eWLiR1yCRBoN6R5rqLhuuL17aCBtDz7lOPeVy5jUfoAiDS9-whb1xZ3AYDRK1ZYbgKZ-_YZc2En_9O5tHFpP0vgEq9qVnA2PSTa4-aa3XJy1N_lOxgH6qMO_-MT2BkVVOjTHw0OdcvnRFmwyouV_wCBmDsvNGm4atovtwNDLTjEKvOOaY57OPwv9u6qFci7S5brLgKOf901j85QYAi7wbD9EaonihdCyA6nGf5wwe7Ev1W24OkxsU5yH6waGYvUmTjuouFq6RIf3EIDeSOsoKJNFJwWwzJOVaEugzQjrR_YUAJ4t1pTY5chPIOod0vDYBSh1McvBl4mjoo0fpYxFkYF7Dvyv_6er-
4905,רוזה אקספרס,"שד' יגאל אלון 3, ביג פאשן בית שמש, Israel",רוזה אקספרס,"Yig'al Alon Ave 3, Beit Shemesh, Israel",ChIJP_6vYVfEAhURw629OrNFyaU,2.3,,places/ChIJP_6vYVfEAhURw629OrNFyaU/photos/AaVGc3mxgZ6E0Py1ho4fwJWztjxVk2ceVnCxNjT4X9lY1vExPl_EslJQjALeMo9p1GJanG44XuXAHw3RxvtLD0rcI2igzVxJqaY7O9HQuQ6kRjfmkN3CNLYy-d1eZ6HndJPz4zX7FVECWA8PIOaGkdKut0FzyMzKTttpYhaPeKjLlHhFb4vBt-xFEmG2l5VMrUlstU0XsO3CY8CuHurXB2wVTZ4iDKhOgNVcO0a4S9SkRPnMhzLk-YUs9gJEYTArTf26inMhWebd2-To8tm43rqk1Mgy5VGs8Ft4wUmEDOycJ4a4w1O0DJMQsQLaU69W4R8-sAtx0rgwr17dvM_WXV6S4pSMg8ylCu9tonJ3l_ns4posB2jVbHH73ODmdSwUMil47NFM2HNnNu9eEjofwxwp-zbxW7QelfJcpK1bfDXzP4_3NltL
4907,vigo,"הלל 28, ירושלים, Israel",Vigo טוסט נקניק משובח,"Sausage toast, הלל 28, ירושלים, Israel",ChIJ4Q5AltYpAxURui3PlFaleqY,4.8,073-750-9743,places/ChIJ4Q5AltYpAxURui3PlFaleqY/photos/AaVGc3l443SaZ1RlTwtWrMBRd-IlrkjYLqRUEEuWv5cCNIQpDce22iPPKecNXm4my7Sju4aa4Fw4rsdjx1pWSqndza_pVl0tIdifXsT5rek00_HzjjEA5z56kb41IEuTTL0Wi645xJe6hEyGEyD6Wvfj1nYV_vaSqDl2GreawIEwlGddPEn8EZmySfnKpm-pJ2u5CppXQXrOfQmQ1FeQuBFVURD4SkLSq2l8VM7mhRJHZrXY-ig1RbL3GX6LnklQwcHXs_XQcBqsldeXQMJdHQ8YgRmnCouVGNOCZUlm5-dHtaVaZ34Cym7eFCzL-CnPi-0JzzaHM-PZoQU4HPSZJcjpPY-VtaAQaVXH9ePMQy26X-fgY6O1a-O34YX7ZCfvpBT71JEGuNJ9bvS-ElHGfSV6fatRl7L2nd8nhjAbcwg8jsJ4Dg
4916,גרסיה GRACIA,"הראל 10, קניון הראל, מבשרת ציון, Israel",Gracia restaurant - מסעדת גרסיה,"Har'el St 10, Mevaseret Zion, 9076002, Israel",ChIJGaGhoufWAhUR1LLnZyp5xpM,4,02-579-0445,places/ChIJGaGhoufWAhUR1LLnZyp5xpM/photos/AaVGc3nVGB8LJyFyXFJT9CnguPyefvrNxuXbIIG3sdbh1wczQp1Vv_v8pzLH6hRetOoBkoCVFUbCjjJ2ADO2VxgLwNwAwSKnwuc3bAiMMO_gfCXCHaSXTsb36kg_R9LYejwby0h_QIl00FcUiW2JkjIyy-Kc0PVIDd6Pozota5J9x6hdlEJ4I5-CeacClMsTCCyrKZUHvS9Wv4cxtPlZ8AfQPZvhMW9TgzCCQxqNypfEoWyUDLvngV556HmZlPfqBAM6GF7n-qQlkDvkXeg7mWRzXXjS163LlAOXs6ej_ZbmwIVcAjic3Z6Am-LdQlcnxJmuEeYZucydQA9GgKvZPlGmExo3N-NQQMvHPtHNqx7PnzTQeRocDfAV39Mt2gCGySJ99QGIyH6IHQLOJmwSd8UfKOtE8xcdp3PSkAEm2XURAi3DBA
4922,לויסתר פיצה,"הנשיא יהודה 1, ירושלים, Israel",פיצה לויסתר,"Yehuda ha-Nasi St 1, Jerusalem, 9326901, Israel",ChIJG5faWunXAhURPnflURSZSyo,4.1,02-679-1102,places/ChIJG5faWunXAhURPnflURSZSyo/photos/AaVGc3kT-nI2Fsv8BRFt6pnET8qTxcWD0D_uW1BE--1FVHwdT5ZcicNX1GeDIWoOznP9fgxL17mWBdBGogGSfMEKy3IhEBaA9J7pJKQ66D75bEtzXD3IgHggZaCaW_W5Ipl19K9ckqF4YlWB3S9r0P2w1hdwSjtrR_7cN1Blrj8h-DrrHUIPyMLhBTTOWH-H0AFvD3Akhf670YuwpoSkKeVKdMcFnzWJZwZGD75ZR-0QXK-s8NfYzr7WHdZRMlR6z4QPCUWUr5DXPWcFMtJfPHmclF0erb9bl6D6GwlSigSXktPv3i-JDZYQ3062nWrln-gPLpSCS_NnyXV5gz0qGWXHIDwyzJJ_gXDDNZ1rbs3ruh_eQk5shkpCGBSppQN7Yu04q9-5T1ahlQHz4lgzZWhW9jMBKuUrUvNdrDqfp1ewfpU9cNk
4926,מפגש השייח',"שח""ל 58, גבעת מרדכי, ירושלים, Israel",Mifgash Hashech,"Shehal St 58, Jerusalem, Israel",ChIJZ1aMlI7XAhURflhaqNmT9VM,4.4,02-644-7565,places/ChIJZ1aMlI7XAhURflhaqNmT9VM/photos/AaVGc3kwetDOvSYiTwtFJSPqmD9RVwMuNfSsW04XERuMDiCUFLK0ELxXcv5F4yTmL5nXVFqRgOg_IWp8DVr02OJKLp5FeVgjZbbO7RkxM6ODXUGcz_nOQ2vd5c-BFMoUee6yNuDnTSdxcCAy1tITOI2zejI9lh1a03c0HX0uyrbdVuRHtPJEgenkWVrDx8zlaqHtjHAZoVYv7qitXqjSKhdvQVgJLjYoQuU3bVm7NV1rDaKc7RV6q9jbpkzE6Vx5D03YEqirPtTBcAMyDAEBpGusQ_s7I7CjFM2-XHy5HmwOhevByUEL4KDqkjuJBQ-VFNwddwJ2pxKydiy7IJT-PEM7OPyr6anU3l07oDTSeIiB8tQPEgmQ_p4Ou0_W454nu2mMla4lMfSuf2fMNQTJaoR_T4QSY_5aAMrovBHQELYB_gri-w
4932,נגילה,"ברוכוף משיח 5, ירושלים, Israel",הבה נגילה Bar,"Mashiyah Barukhof St 5, Jerusalem, Israel",ChIJi6YxxdcpAxURtk0C4K-LDmI,4.5,02-622-3331,places/ChIJi6YxxdcpAxURtk0C4K-LDmI/photos/AaVGc3nDxMflrlMjyVjQXk1FFAzINDFPbUMYeGAH7oQUhBck3mIV629SlBpEWrW_CGG6sbRe8E_j6f361hXzrVlpcJw9vqhLn-djrVa6EsM4Z2kGbDUfnFtjEkpsgST7kuHmnIWXCFqnDHd43IzLLWPO352d8YAUaeowqSDQbbYT3yKcv7gJCN31EDJa1j8sd1a4G9S6HortAH1A8KXnl_3dtey3HpgLTEu5axC8a88HpbS5zyG1yFOTDimbBoriYE4SPFcB-OAazjH045OGdjVDNTRTAhrJL6pq3xidSk1L3CrtMRcOiR_arWK_U5xtVeWb6o6ESKdfNaO-HBR4XmMuX-gvSUmJjihZPe5YjQCU95uMuNyyBj-5CCrKArjTy23yXTxGSvLi9i3zTkWxDc7gw3fMjZvDn_D9FC2Iwn3rYYPOKQ
4933,פינתי,"בית הדפוס 11, גבעת שאול, ירושלים, Israel",פינתי בית הדפוס,"Beit Ha-Defus St 11, Jerusalem, Israel",ChIJey2HdEvWAhURYIJrIDOiawg,3.6,054-759-6633,places/ChIJey2HdEvWAhURYIJrIDOiawg/photos/AaVGc3mF10XAYIO4Qo_lbqXGNHsicPTx70MVl1yCqBhq2gatWMkQoRMk2tp4Q5URoUpg0zGG5Q5FDIm2rltn1Wlw6OHY65Tso05cZ-VgTatN8dxAhCngSY5nfQvDPhaq1oAZ2bQAXC4RBhrbDOqvIutVFva1HYZeNCex2b1aapVTnrq3ceW7qT_jKzukUDboztuhM2509ji0GIYP3T1gEd7sXNcJEhqve68Q_ZXq2RuLmeXRwJady5AcwWLVT3fPLMswnQBQhbfjeMDSLqDRfbqyzx8-aOITuOpjPV3o4t2-2bBUaUKlYEo7I-Bibv2jux174TQB6eKDpwx-xcB-qZmxaByLJjMLhLjvNMQB0YtXCaLq0Ibay06wMGhDpqp16Yo1hgrgTCHNFZOCqWWY0ngiRYxGD91UKJJwISza-k55WWKFSg
4937,אלומה,"העליה השניה 1, ירושלים, Israel",אלומה,"Yad Harutsim St 18, Jerusalem, Israel",ChIJaQ21-QApAxUR5gbVp0-6Oq4,5,054-431-4322,places/ChIJaQ21-QApAxUR5gbVp0-6Oq4/photos/AaVGc3nFhXedYRWXcHFuA5z-47OYHYqkHvgwMZ1TrOoab7DGMzEdSl9dHBbxDhR9Pyp3mvcS2JWoqShREdJaEDWPO41bzWtJPdJdrUQiVjwPAjPCBQ43ljqmjVkQO1z6EVJsLU4kQeppe_CAytOPYNPiNz05dkLlwLybm5jjMt7FHyJ6GPQj33Mn-BWQXeqiiS2xNQdg1yuaxWKPANsTrLKfpQkimADKTaV_IGeJ63ZhmRFs9eZoMBgzVrR-MRy2Z8mu4df8_sGWqNDdyY-u884qd_2Z7fd1GGwh1Yczu0J0kB5GqzjN4TsAG_REOG4r2QHwx4mv5_sQ-1TQ0AkUUtkEKygTM2q_pnrqsKRwC8sgt9pR09ah2EkwVaNrt_3krcpzAFSnC8I6xBR50f7ZPpLoIiCPTm1G650aMK7WMYl0yzhANDBAIDIqWeQeOsmX5bn2
4945,חומוס יאלי,"אזור תעשייה שער בנימין, Israel",חומוס יאלי,"תל מרים 206, איזור תעשייה שער בנימין, שער בנימין",ChIJuYnE06ArAxURZo72XvIpTgQ,4.6,02-548-8040,places/ChIJuYnE06ArAxURZo72XvIpTgQ/photos/AaVGc3k-fPH1JDDanpP1AFQN-C8mp7Tl8fU3N25P4fh7eUsZD1W2aTNVv3SL07Vw4mJl8z0zATdXN9fp4ewPj5fphtXxNhdFEvUrS9yJr4q-w4QIW0Omn_MEaZMcAPd7lpEdFd1N1E-vizQ1095DGR9JJAB5MGo6QTGCepKJc-hAHrVD_Eb2PHOJxq4bFc6FikN7W4O6f0ncmaHpB2Ehgqhjwi5xtaQUCajM8eY27Hf0PACCwYUVLUgBGMbOlXtD_fN1qitixDD0Ayh4Vj_XM2cUAFdKbYNcyrKIAxP4dR1iokZytMZNyPJdt81u0LJL5Jg5xJjRTnDaQ9rug9bZE2CqS3AeJJHmy_Kcp6SdhmsmhlY9psD6JOugai1_GZ-s3qJq2Wp0k5V0k5Yqs-KDIyJ1o-MQICZ2Uvrvo1fppKHMjoF5og
4953,קוביה,"יפו 97, ירושלים, Israel",קוביה,"Jaffa St 97, Jerusalem, Israel",ChIJyyLo4dcpAxURjzhKt-w9pls,5,,
4960,פיצה ברמה,"ירמיהו הנביא 34, בית שמש, Israel",Pizza BaRamah,"Yirmiyahu Hanavi St 34, Bet Shemesh, 9914089, Israel",ChIJu0ckL7vDAhURMgBnHAZv994,4.1,02-583-3111,places/ChIJu0ckL7vDAhURMgBnHAZv994/photos/AaVGc3kxdmvy82fkmxDJfFHOxM8Tgg0bROqqg-zEqivHkV2bkEsYl6u_w-R5aID2-ih0maLCbPBtPeMH2mYbsHUfjXBxXp9XEt6_34ggYi0wN0WC8Dp1g5Q55yYY180fChtfoVWKicfg_rS_KUp30awwhQcKewKVzVME8P6ZU7RjB8XAf6BPzNBUTdv7c-EiCojRTCrP1cL5614514tGqKFLyO7yaI1F7BwMNB6SlsosKmZo_lKDhAqoveO_uGtsdsymgSX3i4kADZLyxChShkKLQXaQ88hexsB6ygNxvfboh1ROZJ5lYcWagPN-QW0Nz05iledfUpecfyJeRDjWTq4fAXCRvASbsXtEwaqa8cvJyFDvdhFDsjefnaa8_dmM2qAvQ1-O5Pidze5pEGuhB4JKUQGUkItXifKJewBAGsnOvDLm_Q
4965,פיצה עגבניה,"שלומציון המלכה 4, ירושלים, Israel",פיצה עגבניה ניות,"Ha-Rav Herzog St, Jerusalem, Israel",ChIJp6elcQDXAhURDWnsfMkRe9I,4,02-679-0888,
4966,פינתי,"שד' יגאל אלון 24, בית שמש, Israel",Pinati,"Yig'al Alon Ave 24, Beit Shemesh, 9906223, Israel",ChIJR29rPVjEAhURaBQtubergkU,4.2,02-625-2880,places/ChIJR29rPVjEAhURaBQtubergkU/photos/AaVGc3nBrbIWmOkxzNAJCmDWJskJDeHGW-M6axfAgRozpymlOQf-fToQzD2nwMyP2EGowHvh5qF0JYLu9ADXZzWZOk7Zbj6Stg9I453_yEE239O1hWEXymwfhYrukKHGAal-cZvswRoEv7ImVoKbyGkxkk2ntFS91db3TA0CqZ2smty_X88jJLX80sNpbNL9ET4xa9y9NRxqazRKU7sECSyTKdLoKLsElNFmeGylIhp-FJfWfk9gNiSaNYTcletnp32owAHncGkU21gnP-UP9joZGaPHIKoVUlyfp9AHwc2rHM5nqEVN7ZKkX0M5-B3yIhWdKu-lR2LLLoKJifYN5tmuTtJmQPwAzoHKW0F5yi3W7nZJ53rbUml8hlHgUdY6qQTjrNvLn4odKyT9V33VV7ahS_1p1JXkGzlIDiDBZ8fRZjcVDO-x
4968,שאטו אנטריקוט,"החוצבים 10, מבשרת ציון, Israel",מסעדת בשרים שאטו אנטריקוט כשר למהדרין,"HaHotsvim Avenue 10, Mevaseret Zion, 9079129, Israel",ChIJudBO60jXAhURH8nqrm1RKcE,3.8,077-996-8312,places/ChIJudBO60jXAhURH8nqrm1RKcE/photos/AaVGc3ksV3V6Evu9mr7M-vsqOysmjaDUw4xVMnJeLHwbqqMavIKk23yDVPz9E9hpVZIQo4ogXkub2hgo1T1DJE5Vb7nQWYGBp_fivGpVXzwsCU1VXRB6fnqPV26f75dGoUL9TkpDBoJ4af87jOUsdYgaTpc24uFEF8el7eoDC49627UxU_YuUzpKAFYyqNqGBmeseN5LKrguy33jKtkkWbXQiOfsPxFho-ITaMI90Bg7lWj90NOajokZVHvZ8VLxf2mvnNar4SumZfXVNi5YQE_-mpRR4guhw0jaCGvp8cJGBF1zZNdY4uguuN5nQg4MUy8DmrUsOW8h_BgywkCFD1Xz5Bo-etDWCFPQR-4iPYdCrQ2CI52o2I9cF8_E4L9iOMkmg1uehxWRNH1XWNtHxUuRiMzhLdKy4VzG3tcZyJi_nnig8Qlz
4969,חיוקה שף תאכל,"עמק רפאים 51, ירושלים, Israel",חיוקה. שף תאכל (ישן),"Emek Refa'im St 51, Jerusalem, Israel",ChIJJQLWAycoAxURPu7xf8RWo5E,4.4,,places/ChIJJQLWAycoAxURPu7xf8RWo5E/photos/AaVGc3nbj0nQwkx-sNmTfgBEv4Qq8JkhkfiAfLoyLxmyvO8t108Q8DZiRQ6iLFK-1ZmPBT1ZrNxHfqhgt9uXKpzy2XEg1KYkrBSQxqB5JWPffTbBOyOcb9NHAjau2BsZcjvfa-A1-eOYmOqQAaK1s-gOF5LG0DHHCSUx69H8i0Nx9eY_O1ziFrX3Bc7eBS_JYKGF7pMmncPHffWTWwpF5-WyHa2c7zPIY0Gj5RnOqMT2F5wGCWHPTU1H17wDJ-alBkGpCcdgA1YWW1GvzJVDt0vX8-scO44UJReUM6CVm4kTwhVzsmtmXYMiYN_wAVVXy-WpjyuRwDri-WfFUaZM03hiDWYv7IHCODOlxsU5KgGDBh3t9Roz3gIDlLGHOPLV8I6ztqR_boNviWacWKAfTqTpvpqoLWO7GnHf4MLss9qGw6I
4970,קפה גרג בית שמש,"שד' יגאל אלון 1, ביג פאשן בית שמש, Israel",קפה גרג - Cafe Greg,"קניון ביג פאשן, שדרות יגאל אלון 1, בית שמש, Israel",ChIJeZy04lnEAhURipwwePPxpmY,4.4,02-540-1964,places/ChIJeZy04lnEAhURipwwePPxpmY/photos/AaVGc3kDyHxiu6bW-RjYcD4YxYgNZIAtK6-StnC-PFoRT9Fu7ziQLKUiGk2qzDczsiH4zHR4VaTG8w9FO2InJA0lDGavOyxYc_lgu3hx7QGWLwyqJ8EyieHIE8-uATY_LAbxI-4Ra9ELgyAKfElD_VP2yZLzfrv6leJ6xvmVFhzLCgWkWnOIdxl5PwEykmMcnjELEdcA1rk6yojchWr9oQbDwgDryX-67B-6RsnwMAeoghfbk63wmYWe3CEXJ83Ezggh3_HErCsysczco9xuyJ4_l7371dAvFZ7NAEvn0iMvPJMbVrJrT0tu5It7s_jkRJBEp2OX8vPpKuXKJqow9_8CskrXkAy9tSRNBTnKSBHc3JjNGRDnylusX6GRCYyPcp-jF6G7qBPB7YVRT6E5yR-Zdlh3OlboUrtWKLGAA0Pin6Qx2X8
4984,סושיודה,"עץ חיים 69, ירושלים, Israel",סושיודה,"Etz Hayyim St 69, Jerusalem, Israel",ChIJQz9eRCjWAhURc96req2Ibuc,4.1,077-554-7750,places/ChIJQz9eRCjWAhURc96req2Ibuc/photos/AaVGc3kPIoCwh--M_4Z_S73qnA45qDPuJd3Hqxn_k-ySbrn4Lhcaeo3XpB6qS3e1euT3MvOt22pzvX5a8UVppQQbqSzQCer4pCuVhYwusNZV-ycCfFD0lXb-5hDp62dQ1oGQ4h1GAVIvi0pnOhEfCJFY3RFDwxf_kIJ4mv8ZjRjPp8Z1lWjqryUMR3S-NHq8cwnTX-BHlnsMqHsP_s0gFRfKDMOjxULivA_QOa9usUZW780s5d5DuP6e0DakoQl7jt_0PVx6a9c05ObLkfgfSpfnw12HSowlnqtwXGKThI_d4WFEMwkTp9QDQNYj-6QjzpHdgCsZyQ8ud9dBG6ZjXShQfsbbcobzRnJw6jnCRK9AtWduRo8MMa5EwMzg7jmST78-VOzMTjkH4FeDOoZs-_GT9osGvPVrt9GppO0UXH3ayLA
4987,Mr. potato,"יפו 234, ירושלים, Israel",Mr. Potato,"Jaffa St, Jerusalem, Israel",ChIJyT5UO-vXAhUR6wnEdf338tc,5,054-387-0234,places/ChIJyT5UO-vXAhUR6wnEdf338tc/photos/AaVGc3milhJ6UsfCIOaP21_CZuDAEG9xsc9J_S8_HgmnxyanOecPKqroaMamW3GAJjvGSMIuGb0EnO3EuCF68_n7VpXZjlzy1s3Zcb4PLSpK20xzIMjlVvnk_c9Tuu1Twi5oPjtICzzuymx1tNpYLWbr3VqoAjr0pOB4_OX4pJSXfmcGZ81weoWcVecYHU6twCGrkJdbo59lN5melItiztqUouDRpjXLsljSqnegE7bebJy483xj6TjfDjb6jXVj2gh8fXbiZlAbOKR9K4hIYu5ZHlBuBjYKfdGF5OjpbDd6gkHn2efZOH-3Msw2mQBUpV-6SvKESXKHJMD52kMRF5074OIvVq6IvuVx6cxXTGpiU49bxOb8rXIVQ6TG-ozlTP9sUkhVzzc6-v6W6evJDgZqbQxXGB66C190UbZ5IEIXiLWmMA
4988,שטיסל,"נחום 7, ירושלים, Israel",Shtisel,"Nahum St 7, Jerusalem, Israel",ChIJ69_BtdgpAxURLxIfs8WPHlo,4.3,02-538-4447,places/ChIJ69_BtdgpAxURLxIfs8WPHlo/photos/AaVGc3nCwdtZKNthR1OlcJAVNJXXfVLhtU0pb47i-lts4msQFMAFQ24bXF4N8QCb9bSdRjt2fcJ3ysgRjwcN4DuBPpPPyMJhyHHsOniYnb-zgEJ4k9KdAPe0Jpi4vdRPljWxrcMR1-QC0ydP4fF7OpJzbOIRc8ChDLcB2-fOhFxgrIyf1Lno17FoZ-rWvpLjVJ5tYjNKupKi9x7iIA6de36EPXMVejiQPiG6WqxBCFIJTiK00FopCa_aRkedjbDBGtwQwg-_8gmfEfRREY2vMgT5HLK2hatYa5RRtqEObYV069LdebMUN0B5ciSI8usweY3zzVsXdi8xzPqGwxESt0jrL750jRXj4PaZM7qmQ5kD2Hi6FvG74__X0kS1qeLa2XLVujfCzIt9xoDmYgo9fPitdpizbIQhcvVC0J8jnzGHkwcVnw
4990,פביאנו fabiano,"גבעת רם, ירושלים, Israel",Fabiano,"Jerusalem, Israel",ChIJpdHtqMvXAhUR8tGF7dHAssY,4,1-700-700-819,places/ChIJpdHtqMvXAhUR8tGF7dHAssY/photos/AaVGc3mwuh9qGiJEl5ezl5qNsvxyjU_T4XYTc16J_bHWDh7A9e5Q8kx5Ti4BAdxH_QvjYMSScSwX48WD4isd88auLMdPo5eDYn62fwwXd4Zzy8ymnqVYIHBfmsywC_NV1BB-GrPjmXxFcjsZ9X1y5jC74PCeIE_N3kGs9heVsBqJYRnbJCSBkADj7n53HTa2Bj1hqEp9vFjbB18z5WK3T7vFYRb_vwsqUzDcf3PudL193lawStfMNOrzIHaKuOw37PH_7Zg-z_neJTX3vQEiSoR69L32MXlggp94wm4XEZuLVCyo2rF16NnzTAuX3lcWS9xhex2cso7IcJwfb_t6kTBZs0pbRK01Kb6UDjFmqM_kFyovYr-iKQ7eC2bBJtU8br3pZ8-YmC8Kj-6rhP7tMO70rWq6qkGOiggAhhVLkf5hiPU
5007,טייסטיש,"ירמיהו הנביא 34, בית שמש, Israel",טייסטי,"Yirmiyahu Hanavi St 34, Bet Shemesh, Israel",ChIJ3wOgrKTDAhUROol2bps_w8Y,3.6,02-995-5650,places/ChIJ3wOgrKTDAhUROol2bps_w8Y/photos/AaVGc3kXP9XSXvI2i-Xj78MOCpjBs8HXGqeHbG0wLoT4TnBbfF7bpVGfDoFq2btOVyWGzVkS9mXz5feKDjKE_9gg4nCbGl46jiboXAJ_0Exr1DkTjm5cD5Y10EC4ZOslwvQiklg4m-WbqSCqCwXRkdOdMrRKsuc6bQeHpcZcDTf0wVtTvA3rIid-4-JE4XJ_sHy8RT_gHL1_Ue_eL6bdFZwxstGDROO62JP2afObaQCDWEZas6Ki7p3tri8Qp8ovmi8n6XiDhOsgm_mQ9_GKtg4kG_AD5r0RSX3e2Jb3hcf8kCEwadxcu7krqxd2-qG5sB-ffZJPFAv8ZRhxq8b6YLxEYHWGthTmmlueiiRXX5im--TTKRYao2Ys1qcxU49_t-sPiCZLZvmFoBgGpYTyoPGXHyKSfxS0X_mIsEgkR9eSIeDZYg
5008,פרסקו אקספרס,"הרצל 37, בית שמש, Israel",פרסקו אקספרס,"Herzl St 38, Bet Shemesh, Israel",ChIJ9QDt9_XEAhURjJY6nuNt4xM,5,02-544-0010,
5009,קציצות,"החרוב 5, מחנה יהודה, ירושלים, Israel",קציצות,"HeHaruv St 12, Jerusalem, Israel",ChIJo5DAlYDXAhUR3K0-xRmo0_E,4.2,050-444-9250,places/ChIJo5DAlYDXAhUR3K0-xRmo0_E/photos/AaVGc3meJhJLt4xSX6yOqs9tN4hZaXrxCs9Pi-egGqrPQ3_1ld3bw2zoh-jW2byN9qNmYfeJrEntysL9hq8OONwvGUimZS7woWIku31wN3FiChLpQHkRYH_hTPuWUkhH1m3Acwst3B0KGeVBVho1lUOJikGnwGIAmlQUifzvWPZt4qWlT0C0NsxVURNKsMeW3fG99LLoIcOtmW-EH87ZIytv39jlLe94SzadoxJlMDicnQ-rV1U8QAEDYNhKOD1hS5WtS5XKbLbQyaIWQcSmBz4Rs58PNR2T-QKg01ZzmPJwvNPctmtAUcZ254yunyLN9-ghXdR2Zp6zN1ZBLp674lfh2uTUcBqB1Hm8txm6JkPtGsgaP7edzWcHgK-VBFUqbfjpjo68GLr9Zs4VZ9y_Vo5ngHw8A5t2lupIAuxPeTfn4qFrwvE
5018,פיצה 770,"בצלאל 38, ירושלים, Israel",Pizza 770,"Betsal'el St 38, Jerusalem, Israel",ChIJ5-tN6LzXAhURI_bmGYUvkQI,4.3,02-664-2770,places/ChIJ5-tN6LzXAhURI_bmGYUvkQI/photos/AaVGc3laYxFZPL3qx1gjJx1vSnizsRJGDE9QBVpdu4x8zfEqePGLj-jmVRkxvTgXvUnaYQXqNVn5bCh6jWIffy1ZV2nJIfp9_-ApwPznnLiXMaZS1AA6DO1Aei4C42WNjTAz-EeNd6l4knd1tc8hzgVJB2PzYKKFdeTRBAX_xe5Q4hw3Y99I7pPjE__dAApAZeKr1x5DDHWFt7m2Cz4FC2RFSJQuUj2kU7Z0C6Yu1CcI18ir2PzWXe6uF7X1eC1yzPij-Bbww42FT-3oQUoAcNauGtoHqJ6TeOTUQx2xkoXD4PptucRlIN5LAu7aKWMj0-3duHqVh9oJlXzHXmxxBaUe7dcO7cj8h-g8wIUP6AesJxa8NTI4btm3dYMHELkuC3g2WnK4wqinXkVtCzfAswqMK5qtFnzgbgl03lQXrRSup8RXaA
5019,אנטריקוט בר,"דרך יצחק רבין 5, בית שמש, Israel",Angus אנטריקוט בר,"Derech Yitshak Rabin 5, Beit Shemesh, Israel",ChIJK78xifXEAhURe8R-I3km7UQ,4,077-553-5057,places/ChIJK78xifXEAhURe8R-I3km7UQ/photos/AaVGc3kH8blFt2GVZ1zyrbGK3-3-_cIyoTuZzxqyriB-HJw871geJJyfrwi5mwTwycgr6oQmvvK1yHrP-ME3gJf546Iku01vRDhNGHHZMPQECQ8igrZJVXsrs_L4EnXZD2-_WopvgkgAiEr-4uB0FtD9Mgn6OPO7R3wTt5zxkprXYdg5jTTuBa_s7S395FWkK0_bJS0rI_sQvJywU5mvTc3aIDh2Ipnhatx1oiU-Hw-ytj_5eRmTp57bR5EfDK8jdE1UOZp76imUPsNu1nxaJrWNZtvlBHRULdFA86uCeMn-ler2vZXh2adf_HItOju3J6LQIBCVwZzSGqgsjHX9b9Gfzj8B_Db_xKraJ5OrkuIteIetaLIee7px9sQKNOxIBaIsfBwwSFrdsgIca71tvMd1NCYSqNAzPmS7ADh8O5T6J7YhoA
5020,ביג טוסט,"בית הדפוס 9, גבעת שאול, ירושלים, Israel",ביג טוסט,"Beit Ha-Defus St 9, Jerusalem, Israel",ChIJ4Qyfg3rXAhURJsa07ctprKs,5,02-653-5553,places/ChIJ4Qyfg3rXAhURJsa07ctprKs/photos/AaVGc3luKf3yhJxN6ssuAitltlw-IX7TgdkbEKew_vnHd8Z1nAWQmjSTaHyOo93KsYR2_etmCS-tJm0bJNxvbKRUyGITuLMIhvn_5ggGGcMUP4fe21t12Pn02t5B04yAsGQJ9iU9HDuUYFTU7t6GAbdHArM-97iGSVP4Rh0x2VN23GwBNj5Wi0IuERck6TFGTCe6quJ3D5defq1m9uT9iQV_-iQjBA3qztsNNgwnDUc57k64elNKuLfMswQhwITVcsFz63zgUfEbDcuY59cdTBAg05BN2W6lPh3aRLz9Q_fsYaK1YjvNCcg90po-bDJ9wKLV07zc2_hdTqMcDsrqq12vbdjmSKO-nJzeEga0kpzur61zJWP2Z5ivA-do_9PPtvk63i7XLbdWRRkvczxIpQzpmE4-BZQIouIo4hnx52e1pc7qKtGg
5044,בירתנו,"הלל 6, ירושלים, Israel",Biratenu - Jerusalem Beer Center | בר בירושלים,"Shamai St 4, Jerusalem, Israel",ChIJ1X3RodEpAxURAY5jRgtfpAs,4.7,,places/ChIJ1X3RodEpAxURAY5jRgtfpAs/photos/AaVGc3nByiT_4216itvd2qPdzHGiH6XOHC2XAMM8HIYmBc2MUSR5fxosPHczZ9imTveKgBgHzFHo_jZVgpmcpXybv6u2EA6tgJJdlaQEriCcRIxiOzOYdowC77Sn_iQufnokS8lYgIfIUFXLheI7pHwMD1t1dUhwd8vjIoZZ1nuCT_Ds9pe5uDqnNi2n-ShAFA5moy4x2wpcAK-8IUTNv1vsjSx2MFCHNB-L_WhYhzzjX33qPdLJvlBKvTWll8ueixmjke0zOZu3nX2HIsFgC-kNrigNk0_5X-XR2JOR93jjmdCoNTtJYNzlFMwsgr4XX8utposo13CrnLqIfBWm2IKcDRIqOoBdTwP71U_DlJO7BwCAHnW2O9UfKE_VTSxNXbpXywPVBmfg0c1cEgs1qJek76EYRNRhLS5S91NlQC5OF1JCc23VGcTcNxg68RQ7Br00
5045,פפרולי פיצה,"דרך החורש 90, רמות אלון, ירושלים, Israel",Pizza Peproli,"Derech Hahoresh 90, Jerusalem, Israel",ChIJU24sJxPWAhURRB1wS4u3-Rk,4.1,02-586-8787,places/ChIJU24sJxPWAhURRB1wS4u3-Rk/photos/AaVGc3nYmIXI5IMGP3J54sQE8fZVYxiCYDmIvtP5tmP_g_rc8SOjUGIPJYffDXldI9-eBYlxqAxzMDVDJR62K9phH_3MZeOy8P-EWkzOqcmeY18Xp87r3wsVasRgt-6vmaMF1HWtnNRqWONoKTi-eW5j7lNwtLcnwLSQJe6URyZtgU5mMQr1l_kyQuPbzY0dLRpUF-Wi6yx6lTic6_grppu7TfA3RzGTn183cpv3ActVkJjM0aal2q1vJ-VupKAy4J52KCAV16yRdGAmB8cUS4BlWnTZV50EI5q4xOH9Gii7vejw7ELZ4p8RKHjpZgoP8GW1nZqJmKxShuQ7ISr7d0UyF2XBj8F612cBxvQhVp9trOGketKgcNSUYafw97RvZukjrOGWV0a9MHH7XuB7IodKn3lim-xniejTUwe08ejccNqRkg
5046,קובה ופיתה,"התפוח 11, מחנה יהודה, ירושלים, Israel",קובה ופיתה - שוק מחנה יהודה,"HaTapu'ach St 11, Jerusalem, 9432029, Israel",ChIJ9dkYkB_XAhURh8yf8GO4eZ4,4.6,050-364-6405,places/ChIJ9dkYkB_XAhURh8yf8GO4eZ4/photos/AaVGc3knthTESMsDt6PFKTFyDuWQAckyVn3Nf3nYcim2CPbyx8j2LFAu8u0OKRnz0H5ZJowYG7FbBUpKOOfbxu2kF5qJgNvL8-53jlSPtqKp7ChIOnN0V_zcA-u8Qhe7mixtzR2EEa4PvpY358tIC8Ok6RMU1uBRNNoz0kqlA6w5oazJ5OElVf55gcQpi8Bk8jFiw3Lf7yMddqnhdYTUgExLi-_vLDj7ZAXDJrvGDSxQ4FVVAJ3zFkLsrmIOYOm4Gz06OTwKRTuHgRkbhJRbnz4njcJQTZt39iXBcUky2GahNHi46bP2oNRqDWABtRc1fW7KeR3BAqUBi2MFxqRnOIq2VgKAxmwzPtRcRzFWblq_A_GOn5VeADZwt1i9mG6OZBPjE-uGPxQlJ7ca6a0kobttmTD1YnXaPxVX6cPu_3QPyitPtA
5049,כרוביס,"השזיף 17, מחנה יהודה, ירושלים, Israel",כרוביס,"Ha-Shazif St 17, Jerusalem, Israel",ChIJj5zLQijWAhURqy3u586hnw0,4,073-782-2985,places/ChIJj5zLQijWAhURqy3u586hnw0/photos/AaVGc3kaYL7uMMkKFXgUidW1ARdAgJ_uaWeZG--tt_gyufOGK0XKjr9j7gpJQrMa-uJH_h4YYk3hZK7dG8GVp7M3X_iQZo5gaRc3nnaIEg2sy3mZ5cihx772gRw41NfmO6S0c9oocNJN511ILcYl5VpImlnaLEos-z4m2QokCRkHTEpToZjKa8vaCHuNTcnMaO-m1apb0SdLyUO9M21hnNIlKR82ipCO_LrRssA_aZVRV60sBx0ThSMnfyF4T5am3bGLNfSYO2kCGH4CKJmxS5SMD9gBdjptYUja1bDDKOX-WeTv1tpCUeyydyGYFSI22jc97CCG-Qd5a8IaglLaR-Ix1OoznsX1Rm-2_7HRqvv9ejl7vjDVvIoQsTOtXZ_rdUUpofVb0PhLJX7n8hUlC40vFxwsnmcjx4l9vZsTWP4nkjgRew
5051,דרך הגפן,"דרך הגפן 1, בית זית, Israel",Derech HaGefen 1,"Derech HaGefen 1, Beit Zait, Israel",EiNEZXJlY2ggSGFHZWZlbiAxLCBCZWl0IFphaXQsIElzcmFlbCIwEi4KFAoSCe-eXlIO1wIVEZ3qMCXsnDWpEAEqFAoSCYn4x68P1wIVEW_sX49i6Xv_,,,
5053,Manou Ba Shouk,"עץ חיים 29, ירושלים, Israel",Manou Bashouk,"Etz Hayyim St, Jerusalem, Israel",ChIJISUSaCjWAhUR_ZIwj-ybbjY,4.5,02-622-8675,places/ChIJISUSaCjWAhUR_ZIwj-ybbjY/photos/AaVGc3mavj6Nc-vfvnGw8PYRHmhMOyrwxiXQbw6iaLnVYnqccaGYJckris4o1Lk9oZQQq19hMJnELnjlJDkmuLosXFkbN_YYIknV-bTlxW844BebNNh5D8sHlGOQc-ZoyhYQBiqFrM3RmdoSk5tZdgN9E147EI1nCdcRjxHJ1SSeMnc-tsJUPzFa5iMjzpNo_dcWXuEr3qfBo74ufJPB_ef42pY5B7fqoE0Fu3Akv0D5lUqANpUbpO8F3HJjjNVBr6Y1oTh0lIJUh3mCeNNXnBgOJqhDRBRhZscfUZExVBWVyTxqiuz1l26MM8RJHwA6cdGhIHksvBKAYxtbJtnc5J_gcfh2jvi5uvwZbzUd5D9cycUe5trUXuqJ8EmYneYd1pnLPY6RNmOE7RHvshPygXoPUPXPAjvStF8F12FJm8z_6HEo2Atl
5058,בובי בורגר,"שד' הרצל 100, ירושלים, Israel",בובי בורגר Bobby Burger,"Shderot Herzl 100, Jerusalem, Israel",ChIJVWLFiNbXAhURHkf4gVkEJ6U,4.5,02-626-7979,places/ChIJVWLFiNbXAhURHkf4gVkEJ6U/photos/AaVGc3n-ZXuIU9cGrp5lfq5h9qdfdsH_RyAUs0AoMOV95XGb_XQ87AIiRxBRn-2bO86ZAOG_8ncml0uZh3noDeIua6ObIDn0-CpSMi7_elJCkl4JyPHTw0HHDbxZPaqqFNCR_mqdS224m4eL5Wnj4CEFG1mMfmS1ER5pfXqlH1yhUznFttoV5mXQYpb8I0jjd6k5JzV5VS33dK4Lt74f0rI_ntQlt6pAJx_EfQrek4tuiM6SxnTaMTNJpv5kWMbEYBW8dzEtV1OrvclOspCr3VWg_2hs1G-U1MSrSMPGbkWw3HcvpqTPZrTM0sFexGtLD5y39FOG2ZrYJvjpT3WANheoHscEVZRBeoWIJLCZ_8kxAdYxDrUxea6VIkOKTn370hQ8NYeOgHHXawz72c5UBXvVGIxg6lRD4nzmwD5Fs-nb6sk
5060,שערי שמחה,"שכונת גאולה, ירושלים, Israel",ישיבת שערי שמחה,"פרי חדש 28, Yitskhak Sholal 10, Jerusalem, Israel",ChIJb2L4TVspAxURlNy_fbVASA0,,,
5091,ג'ייקובס,"אגודת ספורט בית""ר 1, קניון ירושלים, Israel",ג'ייקובס קניון מלחה,"קניון עזריאלי, Derech Agudat Sport Beitar 1, Jerusalem, 9695989, Israel",ChIJleJFlyPXAhUR3Y6jxtCguws,3.3,076-560-6090,places/ChIJleJFlyPXAhUR3Y6jxtCguws/photos/AaVGc3kdlwtF18Rl_pXd1kCKKgllNNuOMZd_WCFNl6wIwq4--HfVa4UML-RcOI0cY2vuEfA-lEmPVdg9dZs2gTKSOSj58ZO2Cp2K8GctWrBW8Fm7X-wbVdw6eAekagqdBmq6RwUQpOeThye4C7XToIuNtcFg5boLg-u6y6xEKGLdT8aZGGyF1fUv0kgUjQk9aRCSK7e4fv9RNy1WOeCVQrdhOK6MzKoXZgYu1WWTYukQW70dtJY1VmtCRM6npHZ_mRKGQxmBCWos8fL6pmUIh2biEHlGr5n14LyIn4ryAlUFMafB9VeWDgZpM7ZWueEdFk_BNORMfYzsukiw-HQ5uI9WtblDnhf5Jka6SDu0VEwTqLzFbYCbmO8AV3HRmOOL503XaFkzayxXVGpLkrKVgorGcwU5BiZjLRqJiTjuODT7jeIjWw
5100,האגס 1,"אליהו יעקב בנאי 13, מחנה יהודה, ירושלים, Israel",HaAgas 1,"Eliyahu Yaakov Banai St, Jerusalem, Israel",ChIJJ9EgZijWAhUR28_iT3OrwfQ,4.2,054-313-3442,places/ChIJJ9EgZijWAhUR28_iT3OrwfQ/photos/AaVGc3nr7C14mGNxmITF61FL307XQZ0C78cTO30y3Tu883c9KMKi2x9GaQ5Hbfwazgcj9Sla11Edxv8VOI8W6sXNPs74a4vTYjQSx8nUUOlIP7aOtm-8T78TEj33vorkKGLSgiZX8rq5NxRZZZotnOg3_38qnGXqjwb6_tw3c9o1kfkuOGxlH0RaY-wSmM_02vI3LKSM2cbK-FEs2z-j3PUaY78LHCxRXBKoLRZxeNTOAMiD0kHN5ys48kWr9o96GO8-7LWOPIuh3JUFJs_MIddoUbuIWk8L_0reLW0DHYccCAH8vRi-SsNnygmRZCNiZKaCuPFachkjrUuRThM7YxOLsdruZeGJC4zyDCcIpDR1h7UI2VBToa49mp-dZbXXKpspYH2W1REx2vYg7MJCvcDLUQHCqHG75udgjQ5NoqIqAI-nHjgQ
5114,מפגש השווארמה,"ככר נוימן 2, בית שמש, Israel",מפגש האלה,"Kikar Noiman, Beit Shemesh, Israel",ChIJp4q6DF3EAhURsZqdMPzf4iI,4.7,077-961-0467,places/ChIJp4q6DF3EAhURsZqdMPzf4iI/photos/AaVGc3mCqqqF7JpVmV_cKYNwvV_rQju-yQZt3c5ybUAwKQaF7PVjHvv3i0LjIX0HGwW-FDc_gmRO2sejQeqM25aen9Ef7Aefn9pm2rGlQJNuabZnV-8-axtDIZkmw7lJbLaysLQhdVanubQY0EeY2_U52D-vLda-wEboC22QTdd6DCJATMb9HgrS6xw3QJ31inoL9LP6S8gFTcp8KqEidzai-hlBwSV1OdDXtHUB_tuE8TXAOUfG9X4IQ3509x92sDVy4RbrotgqapCZzzpd74Vi8mTDYRCARTqmzLjYAEK9wvsI5huS-mlrRpaFsIKFZ4cFwtk7vA9HqU9y6q7RsZXYD19sPrl5GwCLRuBpINT73D9nzeqsoZ3YmST9JNpM9E8OkPghbgO1qp2lvCcilnlZyC-NqJie7Ti9FuPuIrBBY_UIBuVwdxCJ-SsAEGHXePen
5121,אהטנט,"אגריפס 78, מחנה יהודה, ירושלים, Israel",אהטנט בר ומסעדה אתיופית,"Agripas St 78, Jerusalem, Israel",ChIJ-RTZ6CjWAhURPiQH4GLecKk,4.5,,places/ChIJ-RTZ6CjWAhURPiQH4GLecKk/photos/AaVGc3k6SwP4E_mgmiyBib-nw_m0pkjvAc3nL6mdYJremOs6xpRiVcVhpKxYVhAOLHqVeRtrcTlM_PNfsPQHmreiYsvY98pc_t73-wJpT8ReegJGM4zlp-WbtEjRTWfN5tflVgRdyWGkkBxKPnDetxrA9ialzirvb9tUs_uXa0z-O_Ha07Os8jhDQ6Dltr0u6cC9l7DuMF1AiM5govQZFTnAdXQLSj7Kc_GujK06NfSJZ_mNshtc-WT4c3eY11Wid5-7ieJUUfV6-2muyZC-QO5y3jr9QqgN7XPGzRFZo8gQaOljwQ_Rc6cgbBEq05_cqfRCXAlvhHKG2XeSCE3HDHjcQhNxU66EoMArf_OOhHS3D-MSfhtwn4NLGonGzxFo4h3mixRCo2MmMti-vxekwyYajRV0r6pN0uGdtFJLQf2Dzt8YhWHY
5123,פסגת הפלאפל,"גבעת זאב, Israel",פסגת הפלאפל,"תחנת דלק מנטה, Giv'at Ze'ev",ChIJGbDlubvVAhURgjxSMKNw4po,4.6,1-700-553-500,places/ChIJGbDlubvVAhURgjxSMKNw4po/photos/AaVGc3nhxgWQK9BPWfFTDzqPiup-XJzDqKxmUb1ir0_qlYdv860oWuhg4OisISH8-y3d7GEdy1s23cCFr6IVzFbIhwWjFg56rQelXH1lx_JmzLfJCAUO8CDbAkEk4EGDIvk7CgiBAqKq-N5kkb9C52VV-4HklNj2qCwOLAk8FebX76g_SJPtWSWmKmmZYfqnzfRlBF_2MSUMRztlhhRj88B0uIOQBrlCd2DREC5QZ8Vuw7Aa8QmoHhhM6XdHVMvMORqVNlHaFqnCiDMjUqJpgmp4VJz2jR6rotzJL95n336FhK0zl83JMAWeP6_jEEGpN_G2izARP0Sbv4sOKHuBmOTCBNZtbmLxn9B-nliywT4rWyakbIRQWeMJhsxq12j_M3CfTpC6yj_o9YiNadvCLfMDdTcuYhQeiWDD2cnFIIR_L0Ys-sk
5135,מפגש הרכבת,"קרית משה 1, ירושלים, Israel",Mifgash HaRakevet,"Kiryat Moshe St 1, Jerusalem, 9610201, Israel",ChIJCRaGpzbWAhURhWF5JJ_tOQg,4.6,02-625-1583,places/ChIJCRaGpzbWAhURhWF5JJ_tOQg/photos/AaVGc3lmXAZqXB6Gtfvmgh29DpCuUmibPxVWd7hrFBnlwHZMeT-ZsLfR-u3XQXqE8nYo1PRKyzDFEa52lkRVaPzrMSlgP9yl2-ERyEpNhuEqxN8hzVOJEPNj7sUk7Fko48AnIKWU0memH8W_w7BUxn7hNi7s_mVxl02C_pw_DEM0cIV8RFns3RAkul9-kUZ2WWIYPZFkv1qiic-vQaB7HOLqs7Z1dWqU2SSYb97j01obE5QZb2-wWWeA3q_IBrt2D7fxaqsc_YTSC_j8bFK5fz2_udaFIMM6byqeuS86MG_lCS9RBdTHQ3BpZGm_Ka6KUu3gtDhHcP8R5RWAwlB-qkh6KyeF_43F69YO8MRBgX38Kwf-uaCvEuos2Vvr5tbiUWi8plCckKbjZAG9H1LCLnWs7iTDDn700acgvF4hJMotC0A
5158,גבריאלה בר מסעדה,"בן שטח שמעון 5, ירושלים, Israel",גבריאלה מסעדה בר בירושלים,"בן שטח 5, ירושלים, 9414705, Israel",ChIJn1TyB53XAhURLt0gnE-GhEE,3.7,054-783-8893,places/ChIJn1TyB53XAhURLt0gnE-GhEE/photos/AaVGc3lD-I-UvEJyTX-lUHbVv_r24D1bJnuw52NWVJVfVOG9QXZ3X6vXLb-MzeFkYzpC90O8Cj9B3MxtI2WgUUKZUZ_kHRJ6dlzYdnTjhbZjhviVGyX0GHF-qtg91xMdyBT0IlFWhLl1lBtncW7OmAup-FuvdJwJ2S7pMC1oTf5mBSb7tAcfn0_adrFbBzz8W2j46f3jlqagUbS_VxSGnG7ARfRi7CDLbLEJ_qg2APRu3CR87IKjlIJ21pF8n_aJvWz5rodMRQvu8GFt-2VfmEyi6BBdJ1Fe7DhpWu0x2jhGb0iEQXScRGrs_yK6XjBIAKrh_1M4ZxhsrcqQUfynYwGW51qDsNp02w1eExkATrdTv_Q9b924KaV6BHWu98jhU6RUKpDZczot5bVGack38ZwFvj8W_oVg_C4UFZG7q6muun_bjHsb
5159,לה מקסיקו,"הלל 26, ירושלים, Israel",לה מקסיקו - La Mexico,"Hillel St 26, Jerusalem, Israel",ChIJTSXHx2gpAxURHU2OP-6B9Ek,4.1,02-624-7735,places/ChIJTSXHx2gpAxURHU2OP-6B9Ek/photos/AaVGc3kXj1kcNGSvKH-L3LDGQTJzvgO0uafHRshUfDn0oh8rZklotvq3idgvLShw9rbyIsHsennOJR5vPVxCDT78EL9iuKZQPJBozaxSkiUQ8Y9LnQsu7ZP_r7rTWqakwRb9JFj5x3xfWM-73-ZuntPlArvXBB_bBxC2oov-xjF7EBRCWhbjOwG2uybGt88KzxUTUVmg-ZGnI3SGn6Gw4-WZEnayEvN8grKpZf0DEgbOoQP0JzgLxWfkpYsXYsMNOFeBF0mCaeCaltM41KeB9-KoGk51XJI_zljFZsY85ZOKC6c9zRERIseJq88LKj-BoL0IHG8pSDHIeXOaJDsmuwQPw9kpqSBNkZUIf_336arlW1g-y-y-GPCbTpqlhii9F-c6m7YCb5rcwTMZYpJg_9K_UCOKyLNAcqT44cs0SYfoWk9aEg-q
5170,חנה ופנינה-מחנה יהודה,"אגריפס 77, ירושלים, Israel",חנה ופנינה,"Agripas St 77, Jerusalem, Israel",ChIJtd2xD1HXAhURmTTW9KOUWM4,3.9,02-502-5250,places/ChIJtd2xD1HXAhURmTTW9KOUWM4/photos/AaVGc3nRymN3OUILq6rjFcCFzB5Wk_nxkaJ0RVjXMmRsbYAiAKDmeACmOv0w5L21-axMpwjY5xsd7twC6SD0wrCzZVWJTZk6ts0lWWtP8A-f1yS-Mr4af0rrTp5QaxdgNIHr9LiEkWVFiKLjorA3pnbI2GSeHodF-RPoOg1bGs-APMeLXz1RHPpUW88TZQCXEsi9fkI7X6u93UiMS15Qe8q-Xy8Ez2iPN8iZFthpLpipkSnSfLE3GcIjBJCWPfMaBKbcjYiARpHmHXsLXjhi7xErxUO_SzKni8igRK_3HyfY0HihS9FhDveSQENx0aJIyLtLUETwdEcXc9As3WwGqACxswuARAqUWna1CRdyBP6pKTMzsfV-fFFN1HbqxBnbkKpYMeLo0PuA3Lxa27wJxQyJI0d-8qGMNIkb1j1o0oczMBQS2A
5180,יפהל'ה,"מעשה חושב 6, ירושלים, Israel",Yafale Restaurant מסעדת יפהלה,"Ma'ase Khoshev St 6, Jerusalem, Israel",ChIJX3edRx4oAxURB3AaFMkdXk8,4.4,02-577-7477,places/ChIJX3edRx4oAxURB3AaFMkdXk8/photos/AaVGc3nIMfJX2IjjSwURkfNtZJdVBAOURHGS7mc1oPky-2JLzIP44OnrNJ92ZKUnw4ApKn0pjYgauOEZrjgXm6p6QCTrianbeIZSzKAJNEu0XLqWv2Xf90ePpJfRdEwoLWfZu-eeNBew4Sntlecd2UxlXS63u-WDHWdq4sbIEhbceVaJveaP9SY4TyD4CYSJp6oeg1DyPcZZsN8-p9gPsIer5CKT2UeMeGvJ-8rMPSdtVJsNEspEFZji4oDxZWGj879-SF6mx5WwG9hGaD2MOl3PKM4dEy-X6Q9JTSdlLTX4OYBcmVeKSKC3OfmT-RlFpbuxc1rGa72TygaWMo3egmX_LVISi_E5U-juZNofGab13HgG2H-zX1xcnCtDCIIlBG-Fl71nPC0juAcPyqtxSrAo64L-ZFLyZeEbHhbbXzKekPPpmQ
5185,ממפיס Memphis,"אגריפס 68, מחנה יהודה, ירושלים, Israel",Memphis,"Agripas St 68, Jerusalem, Israel",ChIJqTT3-SjWAhURPAJ0QffM50o,4.3,02-540-8791,places/ChIJqTT3-SjWAhURPAJ0QffM50o/photos/AaVGc3lhxwkJLG67nXMI3UZn5tut9NpcVaAHhqWgW9NhEbmK0ntDJcTYQqd1y76HUT8rVRR2OyA3ExYNAYIn6hinzpibqaUjnFef1m4BWHXcjRspBu1uCKjuSY9plaWo0Q0SAIR45gYdPbFL8GSqhZeyU2PuA6gQBDg7b3ECbdQuO23moC7Q3gjm9QM3KbCdsUTEoiwS7ygeudIMf03MqctkfsQtS1SWYRMDea61w5o9knQYqVonJ9yDGz0rMFVc3VDj8hD1QEAAdMmUSnjD4n5JzMU4RGvSAnm1lihbvUQs45E1rNs0n-PVkzHeeUUT71_Qsg9pZ-Rov_-_I0CNS8FZusyscQehMo9JYYr6BXSFcS8ldTZCB_vTfZz5yJUcKREEwpobnR-KBSYTt1Te_C3svItfe23b0w1HAnj00RwHphI
5187,דארנא,"הורקנוס יוחנן 3, ירושלים, Israel",Darna Restaurant,"Yohanan Horkanos St 3, Jerusalem, Israel",ChIJ0wpnuNApAxUR7a1vuaLmfuk,4.1,053-942-4688,places/ChIJ0wpnuNApAxUR7a1vuaLmfuk/photos/AaVGc3kEsC-goIgqhrkUpQy-RE8NJ80jvENl40rdPz8rQObXMRqRLoxAUkHk_GqEfxRqbtqhQ7Qnf-9dfXHVmcbtgkbl82xual0l75EhyA2sCwfQvr4Vf7P0nl2sXNqXGVi4mfbpUw1eBRM7zfgwOW2pVbDMRkyMsaPZ-L4MC0FkcDy-RH0lbYbWXXhyXw-ePQAIm5yv60okN7a3enUnEI3JgfumcZb27oPfD7iADFlDbW5whjZHvCHzoLKm0sDke9LtFxFnQZgTYM1fPRUMfWJ5334WEkXOs7FUeA0g6RT-OoQ1JXqBxCxpxC9d-sHHOdZPiAcTYJJBGysr4rdxLfsq6rX15jahz025Up-4PBCKkRfej4aif138INTjYEfxma55JMJS_y0XkXH2-02jtypgRPTOs74_LqkI5unPiau6BaeGFQ
5208,קינג סלייס,"דוד 4, שכונת גאולה, ירושלים, Israel",קינג סלייס פיצה ירושלים,"Rehovot Ha-Bocharim St 4, Jerusalem, Israel",ChIJz3vk1d0pAxUR_BUAKKwoR5s,1,,
5210,פיצה האט,"אגודת ספורט בית""ר 1, קניון ירושלים, Israel",Pizza Hut,"Malcha Shopping Mall, Derech Agudat Sport Beitar 1, Jerusalem, Israel",ChIJB-V7ICMoAxURVyU68Sy-34c,3.7,1-700-506-070,places/ChIJB-V7ICMoAxURVyU68Sy-34c/photos/AaVGc3luUDOe2pTFDc3yJ1uCgc8sdXHQxU71wTdj2WY8q8WsEOurVTwDDQN8ONxHXen89CzR9wevh9LcJCaWMRafA2uZsMdpmpf46Hw7kKXOiefimnoY0K1E4S62rW-nuCVbGAgNCk-VaLNf3sQIrxT0FaywBcpYrQxkyluLnOzmtKKFyGRWDDH3T9jmBb7J9_DPnOzmrUGuGJR8k_TK_LTw7gAanwJJTRIBgBMrJo0vD5uLi3P3t6OfdFPRmBDNZVwhb_Jh6dWq0XObtfUt5Kp6suMOdmxDkewBLa2_LoPY-IrTp0qExZO8oJP3kQWxpoe0a2EFq-eu8M2GbxqneZdlbhum24E3vu_hpxUXacTO4hM8QiI4dKFn9ObQrcLryehHbu1otdksd51JmxSl8-0jjCAwtQnFh19QGyhtWHC4xwAquUxdZmHlVeDtMquk8A
5216,פיצה בר החומה,"הרב מן ההר 26, ירושלים, Israel",פיצה החומה - פיצרייה בהר חומה Pizza Bar,"HaRav Yitshak Kaduri St 4, Jerusalem",ChIJIWKlW_YnAxUR5mVvqzrBoGg,3.7,02-626-2273,places/ChIJIWKlW_YnAxUR5mVvqzrBoGg/photos/AaVGc3nlt8rJNzAu3qN_n8ZpWfBIi6r5IeQlKJANfvLSlhY4WZ-kK37yXAVlQ4JaxKgfQDmYviVvxsWtrSUAE_Gp3JcvdA6ja99NUNb6BxKg6sVDjqPPy6nOo2NWe5BIoCu5vJdl1bVhMFJi2VcIv1l1fMb4WpZ2ablziMiEEdFeEpO77aGefSTvhx9kI9au1qXsZg1OIXyFNunvVHNSMUgvqBBi8-xR_HqyjjMW8hgYQ1Sk2aWDekGk18SU4k01-XwXUXF-RptNcjpe3hpMDBpKzI4W4JCiW9YkTALfrDGraTOhpG6Q0pdGEwfcNvluky4z1BDjKdi1kMs4OKVMw_rTf9bYZmLtUx3a-NBhVG7FF8KsjyAFms34_0amV-kV3VnwyKDMJ-6qS5pEJ8BzIIZi6c-rxijq4PrgYmn4K4b3u0gahOu-
5217,המטבח של שושנה,"לייב יפה 9, ירושלים, Israel",המטבח של שושנה,"Beit Lehem Rd 27, Jerusalem, Israel",ChIJ5fSLTyQoAxURiQ6AUR44e5s,3.5,02-671-7348,places/ChIJ5fSLTyQoAxURiQ6AUR44e5s/photos/AaVGc3m7aoSi_CcvlNMWfOpeyWqaNEx7ySnkrAuPQpGpoTImjEhF4SY-El-PDGEX7vVcvDEpDUnQpwKmEQyACuE3R4Oc-qUyS_ykheT6FFprKFUV3pGcu96LsYFxQmmICtuaPGFP45HpL3e-UpTziNP1T9pk5K9XOU_A_ygbg5t39Cdl0edCibHT93rXPuXH-6Dt4LeJpWyQmLkIBtUGIiha5-1-pPw01gw61YjGYASBDHjzYlZtqkOEUb-cPzQk91lIGO23pBkP6fUn_oaCYJjRQAU5QcoDuOjzCoRYp7VxIzGgus8vhVY0PgKFEtMHiMODP37MW_tFyylFJHtYl-WsNLgqHKJ9c0-U82IbCUxdKYtut92zR1cC1PUE3sZDTZgC16qqIQQRnwcx0VaP3_VBY3X_Xl_0kI4T0cKARxYItTTP9PI
5219,שניצליית אבא 1966,"ירושלים, Israel",שניצליית אבא,"קניון עטרות, Jerusalem",ChIJpbV-iCorAxURACTaZOWafA8,4,02-663-7000,places/ChIJpbV-iCorAxURACTaZOWafA8/photos/AaVGc3lqAgI4ZvCM2ETFWrYavcIa1l6B-tN5PS02inyhBBSGXWQ0V9i4P_6WQExhbzwjHbA0YIIVdt2Wwksztfx6wJZ1VnQhyPRz8_SwZgGWZL45icMlI-g69uDbdHdBW35KddoJdgodso0iaa74sCvxt5ByvzH2cudK9bA4cy_-Kz-YO7x0wr3WInU6CNaVIIVAERJED_wRyKyMgBqIWHHUffpLBKx86ZlAT-nZo-AZeRuNYq7Z4AmKj85CpM-CVexU-kN3lDkFvlmCZ5Lu_cwl94jU_2tfFmfDrNV7H70AYriwsDYrCaoS4GAU4HbcPJIMHMB_pcf-Utxwc2ga7e4eEf3QDFf_T4AKBS16u1KR0uE2Z2z2yErXF_aA4jdkcwAeDGaz1Semm5Z15kSVGSFzFeq1zn3jFuJQ7ZdhBUBVCIGz00E
5225,פלאפל מולה,"אגריפס 82, מחנה יהודה, ירושלים, Israel",Falafel Mullah,"Agripas St 82, Jerusalem, Israel",ChIJ1WShwijWAhURUccBI7b2Gh4,4.4,052-843-6476,places/ChIJ1WShwijWAhURUccBI7b2Gh4/photos/AaVGc3lsBv43PS5AGIhxqJb40BpERNSBKeBaM2v7wYjUK-e-4KNmr7fg6omfTHs298e4Ue-7rBE-0b8-9XrpLpWBkoM4HSh7U9wxfRWn_K9TmM3NDYBkeFB8uyjBbUk0my0sDFoLMgkrU-sbFkSzozLvnR5qaiNK_KH6GlonlQJXroiKqnQEgm0ljJF9I7yPC8PVBAlC7Ov5E7FYCVQ61B9IvxTD8d3p8mN_Te1cLXBJ4qa_uZOvMDizwU1nePogE9gwUNUUIaOjMpvOo7iMRDpvrgrjz9ADe5IZchamACs0ycEH_MsDd6CQcdQYQ3lVH_UZ_Lk93ko86omkRcrUxrKV80h8czwR3aTL7-Tdep5dVTqe-fU7C8nD9Yo0iOb4TXHmwAyS0M3S-Jze6VlNS79TttjpXfCInTGZS1EzlX-ZnS6aLw
5231,טעמי,"שמאי 5, ירושלים, Israel",Taami,"Shamai St 5, Jerusalem, Israel",ChIJof0XWdYpAxURYlZbbM2osIw,4.1,02-625-3644,places/ChIJof0XWdYpAxURYlZbbM2osIw/photos/AaVGc3kAMCNY8FtqFX54uGBLMsMceBHrKt3JV4QMR8lw-koFuGZI2H8N0CWX6WyUOfpmU7qtXKk9WeVJZpzCJlr_4IcfsEI58Wl5-uqvCj-PmjyX-Qeb2Tyr856A7m5M8fBxeOeBjGgA-CGieOcTlvUf3v8WeIgwWpBxMPHVeVuBXTA-wanclei8-xIFSag8qmG9tTj7kb6BBedOthPYjwU2tYWr1P3mOMM4apHHR3bwD-ZHK-_MwFbX4rUrZgA2TQ-vKWkrL4sl1gSoT7t4gcfAppi-LrevXxyQSJF-mOHyQoVG8HKEU3aeMQygBs_ZcC-sCGgSt-tUUMnvKuMMwGGIv22mkOn7GWTac7k7VlCy5Fa2RB2GlMTCF0pXCEYC13sTK90ZOBf_8aHMP3hQgVgWMB-oHtAmkwtH_FKNJXqfpJ_1BQKz
5239,פיצה פומפיה,"בן שטח שמעון 3, ירושלים, Israel",פיצה פומפיה,"Shim'on Ben Shatakh St 3, Jerusalem, Israel",ChIJnZqrPtEpAxUR0QVcNAvKQL8,4.8,02-509-5245,places/ChIJnZqrPtEpAxUR0QVcNAvKQL8/photos/AaVGc3k2dW1Rk5Z2Qj4wz23_atGFYT1Ys8pZhQYw_EolmOK1yRUybCXONE8qE9Vtm7p-wwh0xJVJ1tqTKDAY4fCUab25cu4rsnz3FsOSY9-3Sz6hrNxb1A454LWuEcBgSmsDEc2bBIRNxn0SnOhK-GpayFPHUNmn6BIUtXwhufHpwhe_s0AvkosWasavxuTvQZKhPDSMbdkRl4fFX3VKGK8HvDTJSBHfkOH80gxJLEs6PAq-sfcXYFu83JZFv9Io1ii6ltnIcrhGibWwJ8yCgslrBfJulRQQvpYXtI3bVL8euYEV65TQL4ubMN0wXeclVfxg-5vpPMU3BeJtPrwi8JPN9J8JiZydy9G2JjjivCLmyqInsOslmCwHIkCCMevxH97gWtwGZxcX7pgkwNh4c_ZOm8u7SE3urZoaI6l1lSaT3O1szDIT
5246,פבלו,"אגריפס 72, מחנה יהודה, ירושלים, Israel",פבלו מקסיקני בשוק,"Agripas St 121-117, Jerusalem, Israel",ChIJp7Ci9TnXAhUR_UxaHWDn2ao,3.8,02-565-6700,places/ChIJp7Ci9TnXAhUR_UxaHWDn2ao/photos/AaVGc3kigUE90rMS693D_emjROCqEPR9lZ29k3IP2aZXXpemDvvH1TsEzs6MLy-11zopnXJVnt0jMy-lkiVdAaVoKdr01c9Hggssz8JR2Xx_qGskfPZ6kR1KwAsKPrtN2JIvh6UjnerrX0WdINjjafUnGupmF5eY_JJpdvmQ0WrJRw7ORlbMWhQYOTvROLrFTuwMc518NC8jXPheyLt1BbFAHGF04_XaKm2UDyR5s1OvlGg6djn8q-nrZS_-HSB91OI2kOBWRsJOYzGs7FOglSCX-LgT86YFb9Q7FrOkZqru_lPX7GpC9moA_hecsw2zvYA30xpwKgDHC0AbIUvUUn_yGhXevPQQJpXcyPLXEdug_vaH0gsbAjdXqMApgIT6mgDiCyM1nXOmlAOK791sxBYl9mPUkwKdbeWbTs2a6hhCGZDXYg8
5254,שניצליין,"כנפי נשרים 13, ירושלים, Israel",שניצל ג'ט,"Kanfei Nesharim St 68, Jerusalem, Israel",ChIJEzTzbADXAhURvrTyDbiW1Jc,,054-288-2770,
5261,מעליא,"קריית ענבים, Israel",מעליא,"פארק כרמים, קרית ענבים, 9081500, Israel",ChIJCYzwaYDRAhUR0W7hBZqK4rQ,4.4,,places/ChIJCYzwaYDRAhUR0W7hBZqK4rQ/photos/AaVGc3kGTYT1P4Czs91vRXDTvjL3PW_0vyKaAUou5-CTAmsL0ShZAYNuoChwu0GTYSTEDEJlv7lTmGEcwagXNgirHSxKmhEM4qn--ZOhQtO0aKoPVe4K3mPGZiLLMhyazqz-PQ-UZwv8ysk_tvb01nmxHIouBd5gPRgQg1GadDLb4ohNiurQZqdQMoBwYHRdKwTxy64ctUL_ekUlwRFXV33O1swMV6_AIDRkD3d8N4N1NF8FKFJSxmesOG41herDTi1XBjReQ8Fl6LgRhxvSCKZIs70ivCMACbr-DT0GSaWbEBzALCjfk1riupLdTkBmfRlW0LsPQsB4paoACC7hbJaYjmHnHT6fM3WMZm2RPGviMZuYMG-JkN4yfZaUkb3CO6rAfi32JYmxXVC-typN4YOQCo7wxCiS0ncd9Pg4J7BKUTqlog
5262,סבתא ימימה,"הר החוצבים 5, הר חוצבים, ירושלים, Israel",סבתא ימימה,"Kiryat HaMada St 5, Jerusalem, 9314110, Israel",ChIJBRhkqwkpAxURiDten1Q0Gc0,4.5,02-500-0339,places/ChIJBRhkqwkpAxURiDten1Q0Gc0/photos/AaVGc3nM65Sgq2BKcZYFiIWD8sUR4b3wp9q3fEyioHkpO05ilAWK9fW3JWuX3VJZFe7nRo2hjhONYorSkzBwOR0-p-yJjm8HgvCmgF62wxpk5snHGF7Wdo59V39VMwnQ2ZwTfLX9K3K8H2sYvjmDIU65fHzIrn9vMA_dgS09edC_OUbmVDs0SBpoWtOgCW3lhvr04zX-9Jlv9SXYh8JiJ2TTi0o1NkQcQ4OeUYZVhXOXb_bbPTV68XO2LkNdlGdDCkmOSQRUoFKG7__IcsbTw1Tuq-7bm6dc1gC491N1OT3Z69oF8rdKZrx4ExfaTTGzCqxNB5uCYnert5kArr6OietnCZnPExjnjceuMxoNYym5sLfsscZzAxA_zshhynjpbVv212uwSrfqOdEOuqz0ZCb06jQ6iCjjnpHHrQtWaCQxOyJCqg
5272,קינג ג'ורג',"שד' יצחק רבין 10, סינמה סיטי ירושלים, Israel",King George,"Sderot Yitshak Rabin 10, Jerusalem, Israel",ChIJB8PHCjLWAhURxN4CRuJhBfA,3.9,077-231-6995,places/ChIJB8PHCjLWAhURxN4CRuJhBfA/photos/AaVGc3nFrU4YFV7k69YOpGip7YlA-PLNxHWK80bQaUbI3WFr1sw8SYMxWwX-BzD0rwjlDg2Gchya4_YT0ZXAg97W7FhnX3l4KhQh0HgZfVvkn6KPehK2eaOSK95NnBvEMUv09xX1QxehVBjOjCAIzuC2UGHOJa_DY2ilVZed5iwZB4E08lXhdpAwEOhNqTs3LcB9Brm7T2onwQuUdpeRyuocMtVEV8YQ_tVR8O56cdA58otMMQFvKAeV8_MjnEyCg3N0Hd7_90yCiYIdBgxJhp-Gh-8lysBFAGnRtpzHKuwPg6JY2qzu4resUgmVBFp6t5lOSBHqB1Q_w660BcwBTXCdyUBtjjUALL-SXmPK3x2m3zRNMs071wFb5zv5SOpOdkxYwLv6hoVMai850bpKxsnzwKO328sJ91uAdHU0AH_2AGGmi78
5279,ביר מרקט,"החרוב 3, מחנה יהודה, ירושלים, Israel",Beer Market Jerusalem - ביר מרקט ירושלים,"HeHaruv St 3, Jerusalem, Israel",ChIJg7rBJu3XAhURR5Cbbboh8fY,4.8,054-306-9029,places/ChIJg7rBJu3XAhURR5Cbbboh8fY/photos/AaVGc3n6uEVItFsAfRL4TjAnSZMK6Ate-3Uy2K4Uaeb6ua1YyHBjM-NKwGO40FVcIVB_TMYcxL8Fqseze8tFUlieZudiTpBZy4xt_dm5LkKrsLJIG0BQKr9ZLFjpzT0fM8p9FkAuHaCASKpqSZgB4r0dKfD-VUTX_a4ZK91mL7g5kAUoZuKQAOm6y4q-Hg6M9wbzhLxltTiAXcPymiyROYASgI1NsE41FcvyKgsUT6Ug7O6RZVtT5WfQENAk0H5GFAlLx6EOEkn0zhfOcTtzX72GSKU9mGiU4CDnL6cwOF9qj0jlA_4K4nKrAP2EFXCJrgAm_oUCMatEKL2-23fV-PCvUoIXkMgTlM_SNAbOIBMm0ka-h1U8-sjDRZnFgFKTZOAeoRVQHsbDrklrQMd6vRO87pHW2CB41sYbh2QSLqYUzLxrXQUL
5280,פינתי תלפיות,"יד חרוצים 22, ירושלים, Israel",פינתי תלפיות,"Yad Harutsim St 22, Jerusalem, Israel",ChIJMz224h0oAxURA0WZD1JZdic,3.7,02-622-2556,places/ChIJMz224h0oAxURA0WZD1JZdic/photos/AaVGc3lBVDMmYJbKT9wqA9AnNsyUVVo3HVMWrfbOABz1PpWdzek2hLoXxNHdHliGYspQ1XTIGzYLfdUObTOaD3MT01vImAr2TRkSjwxdmlC5WTG87CgUr96H2vdR0Zvo3vHzOg2A5aHlx7oIdG8DurqVqYHPlq7FNZrTSq1ZGFc1gDjQkAeG-ZeHh2QbiW-sSqkNzq3QOM1aSHoakd-mPoP7fkU3bDpx8tDFqVJnJI0JRiQRmr1EgDyk0PgSXxM5gqWgdlqbFWov3ElA2XB7SAfr_2bED1TG8b3nLEdx2nNj5oTP3bLJ0YssJ6-vTzjZSJ9jGsjtUzpdkdb5cJHDhGR5CvokVFH9SavSnZtV8vnMI7sy4oQZZAHFxAnuA_rvViJ2d74udfmbqK9hOVRq6u8DegzaP3xRCEMA-wIwer6mvgkcBQ
5293,שפשוואן,"הלל 19, ירושלים, Israel",שִפשַוואן - אוכל. רחוב. אווירה. Chefchaouen,"Hillel St 19, Jerusalem, Israel",ChIJhXHE4vgpAxURKc6eXRrW1eM,4.7,074-769-1308,places/ChIJhXHE4vgpAxURKc6eXRrW1eM/photos/AaVGc3k2MWt4adtxBW1pA3CWYuOyM2Fy-CE-IHzhmWsBvZoTDxKcG7QeNehD4sTeXKQIBz2Ttkedytep7OuzNLFOpLd3dv1jsZtUWjD24pAmJy7vkwI-WAJNg18JR_DDkR0eC4k2uwMKS_scVKxAnRhLg5HzCI02KdOHUykrWq-gWpxwJGPUW31hae9ekT3pAioJH72mjfaBrfPkXdJhd7JTFitrcdeQ88iboKCDljQkq0KJAXxbaFjoYas0JFTfaVH8uZb5hZ_mUwU6y2OJg-I2Zd7ZltIaxjfpHOjdSQtMTlwTedU-I48FRP_7PaC5ApbiaShTfhFSoij8GinsmnGx6Yx75hR3q6_KLndhUmMsU4ykpdRwYqWQoeRucflqX_I0TYUU4jLw4WTqvYeBI5N-tTdG_C-gxU4Pa4QRma9-AzFIgZt1
5296,רופטופ,"המלך שלמה 11, ירושלים, Israel",Rooftop,"הכניסה דרך מלון ממילא, Shlomo ha-Melekh St 11, Jerusalem, Israel",ChIJdY3T2ywoAxUReydvAnwALtw,4.1,02-548-2230,places/ChIJdY3T2ywoAxUReydvAnwALtw/photos/AaVGc3n5kwHlGxCCkPjyyawZPCzUKltsPq8Sp3gwDCkTWtXbxn3HvsJ5HzvzK3o7qiaeI_RzXWPJXtXb8vm6st0H6We4kCX3YebtrPhaNaXdReVq2AosiKi6x_oLFSL-B7DUFrWyjbzIxUXCW1NR4T8h9_8E-2UjHMFIrKDzRoB_ET5QBO-OmFyx3DuoOVXqbK3Iq4vpJld0ONDR3dpqxNT9uTJgrro_Fs0ecisS9QY2rUEu4elIKfRKIDl38P4qdDxxVPcL5-vNFplqO60_LJbX990kB7VQsq6czWDLmXRmfCQvm-Wl_qn52vwb77Q0JopuyF3NnQxZO1Jv_8zv6lBHG_ZCzEp5fH-5EXwKMZwoyMqbQzI6_0EYisgPpEguCBUUBnwLKr_0OBgTpJbbQkh2h4qOxvde2OlA2xGcmLNslqmy-kcd
5298,מאפיתי,"התות 1, מחנה יהודה, ירושלים, Israel",מאפיתי,"Ha-Tut St 1, Jerusalem, Israel",ChIJc08IUCjWAhURCs_VgeUohRo,5,,places/ChIJc08IUCjWAhURCs_VgeUohRo/photos/AaVGc3k8C0Tux7fEN0GA97GdudyAtEcQvv8xo6IRkPS1qn5hwJfK4PIDEx4yyQQEcGkhCRHQHRTR3D_N5woLao7WHpqX_FD7hBX77IbgS0XZ-tXe-7fI-VjSfQY1ZMXYaabsPayPrSCtuu1HeX-gP1T1SPu41wCnnxk7HQEV5qzo9B7PbX-D06o4PmvKWEsP8tqN8ZrPYne33y9C8vqf8IMi3hisDksjgilKxFa4pOwj2S-byaV-KjysAto8P_6hQv-qfg0aKeZl4PUl6Z51iNzB4SyMUa-ThphTs9qNcPisVH7pfA7scfUV74dGKgxL-fNrGua6dzSRbKX4HXXu6OEXL30Xc30VcNhfc3Dkrkpf4hoFiOZDNBL25iaNxhIhh6hyTFDy9Ah1SFupZVve6If27U3jPE4ExHFaLaMW-C3o9FM
5305,פיצה ריאלטו,"הרב עוזיאל 30, ירושלים, Israel",Rialto Pizza,"Ha-Rav Uzi'el St 30, Jerusalem, Israel",ChIJS_zBNNbXAhUR6rUDkwIVANc,4.2,02-641-7763,places/ChIJS_zBNNbXAhUR6rUDkwIVANc/photos/AaVGc3k2L7m5yLeRYN9aUoJZ7F5LmeWoyi4TuShU_qeooIbnVIhk9xFUt14Q7dLjMxcdFL4ynvVxTsrjgFCa8fAYc2fF4qZpmmC-uP1u8ASSLKi0C1dsn5hUZSB9VBraccOm5wI_FUJWwWEBulUxCHDYrHoP2WHBQDhJ2b65LNGH6_yhudofoV5yDBWElzsmBToxds2Q2q3VQJ-L4klHWbA6iF85cnVLyaavH4pW2WYwFK47tewIeifelIXEglxt9RNvj395byulAukJcwFW1EAhbVM-ct9L-AE2hM1T6CI_4ZtOVs_UBpD5y_QWpjfDX-vzQ7QI-Qk-42--lzr_Ainrjm1I4Yqba7iJuq4T3Uhs7yHHO8MI5-wywL0CKfQn7W2x0pQ8SGu0U67gpxFVpl9jZwB1QMIK5Mo5NJ7tYlmQCMszNQ
5314,קינג פיצה,"קרית יערים 32, גבעת זאב, Israel",Pizza King,"Kiryat Ye'arim St 32, Giv'at Ze'ev",ChIJ5wOBa-L6AhURFoLtDMTFYYQ,4.7,,
5321,חצות,"אגריפס 21, ירושלים, Israel",Hatzot,"Agripas St 121, Jerusalem, Israel",ChIJSRmg5SjWAhUR5IfpOZ6PmWw,4.2,02-624-4014,places/ChIJSRmg5SjWAhUR5IfpOZ6PmWw/photos/AaVGc3kz3L8doFDUxoQW1cbn2Vi-YnDt77oEKuBbxRzUUraFqTPiKFhB1rzVw_akdVSF6btkRDFIjpiHrGscq6NXiblUOnsU_HQLLj-vkkITdGMCO5oqQ90YN4Px_ZfJFY8139fLoBqyIjf7RVe8EeQEWcQP85KZw8wShv2eiYp6G-amaPr7QqS65_LIcuTY11LkRsmpiuW89MTEpF4N6qhA_rIeRaLUSI8voZJY-QGaxNkTP2jErO_jnqhxjiyqBBdHloMZtapqYp2TkoFTol2DzhTGVcH-o1drXlq17_DN-y_abQSo007dyi4QfRzsgrBlf9I5JwSVVQsAy6C7m8BbZPtvWkTQ3LHv2u8FNJHsHf2p3jubqHgNUWXVsHaRttSI-ZAMf5xeitauN2tCfTwqTNCemcPUgv-itDKm-1rfWFLP0uT_o1jrMSoqRkeaVWJ3
5322,אורגדו,"ירושלים, Israel",אורגדו - Orgado,"Jaffa St 110, Jerusalem, 9434136, Israel",ChIJzTigdo_XAhUR6mjjmt8aBVM,4.6,02-549-9000,places/ChIJzTigdo_XAhUR6mjjmt8aBVM/photos/AaVGc3nIPTgIFzUvjxWaq_yTEy3QJC6Fa0LXYxXwiP6RORAbsVmS7YIDgToyiy5SxuTCqw41tWuPlQtCjvkZISkXn_U1VdQFZ3nh8d1AItFYHoe37r9BpfTesFBqdgcEeOb5kJa09A4B3ZsHIq58fkTEnS_Scpd_8MuWUCCFVGwFmWIjeJEbgYq4hdD7F0wt-rL_rMFHRXI3k9OhxXNXIyvoc5K102FfPz3cs5-Z0NI9_iA5Fm83WagTzzAc0lfWT2ac6z9h8aRtsWVxNWUO89S9dZTEV1zJDYV2NHun3Ztk-OykKLrEN2sxJv6TCloNfwL6FaEXVK7JU5ug9Xf3EVt2w2YZwM8xaED0Ttkpe18lnFHArEPEur86Nxo3OOWZA_hK-gZXqV4wtksOfW-E-lT4eGbXY8oI5QhXaEn74iBY3Js
5324,גריל B,"המגיד ממעזריטש 70, ביתר עילית, Israel",B Grill,"Hamagid Mimezritch St 70, Betar Illit",ChIJ0T6nF-_bAhURGlvOgSxBeSA,4.1,02-582-5567,places/ChIJ0T6nF-_bAhURGlvOgSxBeSA/photos/AaVGc3kU9hXZrv3O10d5XXG5j9afaqusfJP0nWGZJhcoeHG3WFDrV5UFio4PJIbRgx7gSjpmAF6-NaUIvzdNA0jXow21uXGMJazcH8IN81Slpcb4apPIV-za4qXQxAg4iSmlgeTTSVqt_P91rXMHf9kPs2qQlbMCpuKfxjKEDY2Nn4JBFPYZR9ykmV3b-IEj144Niundkwk6Ocdy6VzMcMwxLHMKMgmv7SfMJ-6UDp_3n8i_Xo-k6Fjl0x2vhxH6KaOIYd8RBFQfBIW0sCmycI15fl8_E468K0hih-62UQCKcFX4tb0XFSzsixAfQCnC7tMbtAKkvhBOp0W-SEZcQgdaNEwTAbNLJ0uI_5WiVTpsvSAarzMXDw9E8TWgbBi3B2EYVnZJVF4VmwNrbnxdJjOaB1mwd7q9Qz6R3rVBr4CJAavaThOB
5331,פיצה סוסיא,"סוסיא, Israel",פיצה V - סוסיה Pizza v,"המייסדים סוסיא, Susya",ChIJewWnzgD7AhURfYenY8BCHpE,4.2,058-444-6978,places/ChIJewWnzgD7AhURfYenY8BCHpE/photos/AaVGc3lAoShIMim-hPaAAQDFoYGYrCG8-mMpvpy7Kn2fuZRulzQnW7UgCETCrzh8eoNYY88Hs_4-y0oKdnhD-1xW8mw7pW8v6Q-JltFpcKF4cKp55hGiigLnylsHQDKQdRmQ3yi_92QmrGAMN_WrY0Vw4oeWyV9c2FlDuWt_bVAG2Ae5kK3sWn8Q11-mOigFk4EZxkKDRtfgyYrJbxVqUNKD5fbmXqNUrOEVBJtEFROKaW03em4zZcmkNLjXC8Fb0frMVDX6-PXYZKcDF9r2kwOpj66aHMWEK0yhYRWgWbKBjRM0kXcoscOm4qUvWSGS9UCwImY0qPGWM-AXVSYRBrdGRvtATnwD5pVHQvMpIYrr1o_1f8omEsgVaWeJoePl5dA4IVBysFR14lMWTfBhywtOjG6MAmqVdlrBYVafwl3-ozQ2JEc
5335,מרכז הפיצה,"ככר נוימן 19, בית שמש, Israel",Center Pizza,"מרכז סחרי, כיכר נוימן, בית שמש, Israel",ChIJ__8_61_EAhURWHYpwiZHLfs,4.7,02-999-0880,places/ChIJ__8_61_EAhURWHYpwiZHLfs/photos/AaVGc3npb335SLcM7OqWuuuQ574dJId2_T89tqZE9zpw8kUqg4Ew5fIeQrKDqPmo2NZZUIuVg8LJXQA2InnH3MNxDhMLuauLq46RnRvdPXba7_j43hiiKIGn6fGtk9tswsj8xKP4yFHI9hncLaHcPyPgC2G0Qqo04T8qrVePwAD3GQZnKuC81dEhuIyFxz7OaZ2sxrxai-8tbntW2_GDBL1ohT6jjaaqbsE35hXP-6vnLrlQMpawqtuBzuyIztvPNdj_YlGv5Gf77L0xBXThHPcgDJD70y4nnWuy8UBIzBWq1I_WFUQDnpriE4nRTJwRXt9AYR0uX1d6s4u3gjmyBTFH4vPUrHD3_5FioIpDrSzk9cIT5Gr65YeWQSCclms1cYVblwLbKE3d52RbGeTPozF7UV5aN3_foteyYlum7AmAEXtxvpE
5342,ליפתא,"יפו 234, קניון סנטר 1, ירושלים, Israel",Lifta ליפתא,"Yirmiyahu St 43, Jerusalem, 9446728, Israel",ChIJhzhqCADXAhUR5VseRts5Oa8,4.4,053-329-0315,places/ChIJhzhqCADXAhUR5VseRts5Oa8/photos/AaVGc3n86zSrKv8g6kxjUfkX4FJgfJnOAI3eONGjmjY7nq56NtuxpKYbZyJchmQGsOqmxpSgHMevzPQ7cAZwEJwlky8e8PLpsXAhZ6YBPXxxGKmXHmop72v4klWCyKsv9XDnI-EnFXb9VdciLiOMmnDFWc0n4yN41HhjdMFDB-SejAIQpnbgzoaDIAeE7Kgrk0Y67Nu3EU8b8NEsI0SQpDW_NjGKZDHvTvfrtltOt5xnXRjAhL5JeMt4jqeEAI2Nhvo-C5qytL-7ip42jVAH-bTJJrzZf_GIG7HS89C0lmliPjgIzC3_70gnB6hr_t4CWl3ZM3hErZIYF5ytifR4paYQm47olGYTEF0-fdBFLKcR0yxGhlS3InQTd431QziHx-CUGUiiKSQeujx0Vfr1-PbObl3AgdeCAPo5vXysceXx1a9LpaOStcxS6SLEeKKEgw5I
5345,פיצה סבבה,"עמק רפאים 43, ירושלים, Israel",פיצה סבבה,"Emek Refa'im St 43, Jerusalem, 9314102, Israel",ChIJS_zBNNbXAhURrF6FsmZ8U2M,3.6,02-561-7773,places/ChIJS_zBNNbXAhURrF6FsmZ8U2M/photos/AaVGc3m-tNkwBFU9Tx4KknaIw8lO4Ra3elhrir7rag2PklviQQs_wh6W9CvIQuNQIUlf0vkKBx0MNdEePl7_brTZc-GF09KzZJxgXGHcf9pf2WeBzAPqez4Xg_iG22JmkyCJuBv4Y9x6qr15dOMXjZ3Vzz-dUMOoiY3jCDEUjDWLNBXr4iTSWohYD6zUAfeQ4PzGiTWp5OncevAnWvXu3LHvMskSrhwfJjXBlaeBBNHvT2XDDPf24pAqWPodbNUKohraMN1diU9-loG7qGgU-pLCBKwPoF1Kusrwk2rKqLfys6dMruSrV2RiTzdm_c9MotPJVnMtxyQrppL_-OMG__fAggdBA8FZILqv2lUqTxSIll5CRgxU-MfYktzcFoJazGyUYLTHQj1rCrp-bReco3qPYKiaGIENEBa0RLc6vloWoKuqWGQT
5361,פיצ'ונקה,"נס הרים, Israel",פיצ'ונקה,"Nes Harim, 9988500, Israel",ChIJAQAwCCDbAhURcOCexUkNqaE,4.3,02-579-9904,places/ChIJAQAwCCDbAhURcOCexUkNqaE/photos/AaVGc3m2vIGo6-CHQecYyCQ3TF8R446PTxT6sJEO0rgaJcSdBJc2KJRXJ2IMllk6o37ch0EGYVfNc3pBKDKcqTSOKIuLxfJIJtfH0bqBioxy1TB6gDDDVCzmQ8-mB_DA7AkBoIJfQsKeS13EjZLicrOJqYKb8Yfmopa7cI1TLZYvqS9JRv31o3HdQBC9GciJTGAWdsmreUoi3MQcmVWnMbd4P62EepatyQzQvwDjjFKfsjkU7w_DdSwNwFeCOXDl18PHPAMGYEgqIg1f0hMndOPudhvgmBE4euGWpGTnem5U0Z_60RTXTNBuc7SKzhFPQHyN2p-x5OnojI3Y_yFIhYhLFNXs_3Je7TwRUXDIdiIXGaGQwJSkVAdWEnscxiUnnfCW6Cqg5Gw4Pp3pi3fbzbGT9kO4wV6Jc-mnkijUIcECA38WUA
5365,בייג'ינג,"הראל, מבשרת ציון, Israel",בייג'ינג מסעדה אסיאתית,"קניון הראל, הראל 1, מבשרת ציון, Israel",ChIJKQZnkO_WAhURkUGRjgqlgRw,3.7,02-570-9777,places/ChIJKQZnkO_WAhURkUGRjgqlgRw/photos/AaVGc3lLbDRD4klhbvXEUPZn5eBAgiMrI0UZMZj_obobNeHaWpeVBTcJmNvKL0oE9MEuyfcmxd6GQ0f7zT_loYTJKxV1EoqQV8r1-JrlpX4DMJv4JeAf-I_WXK0KWRoShOuK0tU6XCNzigRZKcnSqjhd7c6CCks7lAaHz8ygpb_ozsj_xTmNuildXpRWbKk-TcWD6cz2F1HOXbxQuOjUzNDxnAiFaLtK15yjk1MzJaYh4CPNbFAKvTn-J5pIIpjx4Ndb9lItX05sMgOUVGeZlIcBek85Ah9wbfIfZw3uViNIvv0-uGdsPmQfsdLBbbhDiUb7iNtFeDLHjWM1yMLbyrAGiR7WiKCERkHUgaTYsySdskR4u85dhD7SKisx6Ren5MAvTPDiQx7xQpO3oG2abf-Q50NXm62KT_3LCFZ9yBM515o
5369,שפדוני גריל שף,"יפו 110, ירושלים, Israel",שפדוני גריל שף,"Jaffa St 110, Jerusalem, Israel",ChIJU-hX3znXAhURLZgnG8ZX0E8,4.3,02-549-9000,places/ChIJU-hX3znXAhURLZgnG8ZX0E8/photos/AaVGc3nvkLXF2DPMOOLOu3IMvPItKFj8dFhIRxdMN-bZ-VpCCXbV1hiTtcg5wuWkcEKlz91fO-VO7f04MShjLW6BxcAG3UEQ_u77qHWAu_LE7L_pjSHj2GPjZnDL_aLbVb87Sk3SAHeVZBmpe7XaDlcQ2cpQv6NK2WB_sT6pwNf7Z4t-3N208C6aarn0ij_xoP9gUCsH9nrcsJes2YTunznTGtNWAkQJ7_qPNPtspQLk8nWmK8GnXmcczTrpIGPWrnIv65UwPra2YVfWgoD6bxn7FH-XeBETvwZ6mbV7DIsGa2_hydtyOoFnA2C3Q7o-p0RvCmEahSDfVj3rXd6_yAGJ76w8pb3mmMKRF9w28NrF1wTmD3AVre31Ijera9e1YphB1RAEjxHOaRvpcyC_s_g9NIN4XFJQ0kmyaCshuLQcQwo9_Q
5374,אגס ותפוח,"יפו 6, ירושלים, Israel",Agas vetapuach,"Safra Square 6, Jerusalem, Israel",ChIJTyUSRdApAxURaGwA2FTfKWQ,4.3,02-623-0280,places/ChIJTyUSRdApAxURaGwA2FTfKWQ/photos/AaVGc3nL2ji6O7CP66CTXmQNoV41rAcdBhaSAEvo-tD7xjHkFMKhzcl5e-7Z276u_psFJDgJ0QpZk6x7CG_-_EVJVCnWUwTY7BJ1CbMwsASur9necnb5IJo8t3G9Vx1geoeZ9hm8fnCGJkPr2lBcrtoQowheFW3qjF-worQ-DcVHwIeT2R9u9_J_kOzkEOYiQIWZm0Q1Ts7FVAI111qXUIuzPjlfA8mi02r3F1KpiTqHPwPGwFYPABiRJVA1_cJ-vWc_sbihIFT-D8XDP79ZETdtY1dlMerQt5Jywvx_TtK3R3Q18nkLUSQw7gDZjGXmbg36_3d11ryiO_6gbiQQLHtdwFHdioL2CVvr1UDRQ3hCUhZoBuOMqof6dKSW8V1qxRkeKlS0GTKQ9ljAYXve9LNxm-dZa8Jyvp4lDnBk0ZbD-yIVXeMV
5393,שווארמה שמעוני,"גן יבנה, Israel",Shawarma Shimoni,"תחנת דלק דור אלון, גן יבנה, Israel",ChIJifvA9yijAhURTRkDwYxPLwk,4.2,053-938-4991,places/ChIJifvA9yijAhURTRkDwYxPLwk/photos/AaVGc3kR1kVqXowMDcNSAP1cYoes6v8reWGujG1i4svhfuCxG6TRLZgzAUp9l3nf7x3L21ZHSUHAzPcQl5-YYXH6cerF1lXkYgniL-Kn7H4FpGpBf7ZWE3Y1GTij7PVsqa3UtGOs8HX1OfTvEUUrEKjZgXKHxLwpCV0GKzv0NhsZDz29BXGGlxGzKCKwX6NdTPsqrwMeNqoqFKADNcvu2PnqZS3oGvsPjpsTDkOgGHjNBN3fpE1diljMoLwXamd6RgwJzHhJyYsnOe2-tFUMZ7ij__hEq9w0_wIpJkRlfVFugFaPBYQXVbpTcPVYUYrtIkcnfIwrvaOIHLMSirY_vfzZQ1duThhPeKcLf-XLkQHhAp08l8_stYt_d_O2TbQpJgcPTrnJiEFE1ExwdwxLZM6UrfVrWsiaTwAW53fEo06KnlA0OmJI
5399,פלנצ'ה,"עוזיאל 5, באר יעקב, Israel",פלנצ'ה באר יעקב,"HaRav Uziel St 5, Be'er Ya'akov, Israel",ChIJQ45c0Ny1AhURDnkdlFRYBQ8,5,,
5406,לוס אנג'לס צ'יקן,"שד' ירושלים 40, קריית מלאכי, Israel",לוס אנג'לס צ'יקן,"Sderot Yerushalayim 40, Kiryat Malakhi, 8303173, Israel",ChIJlzPVdoa9AhURDhizq638Eh4,,,
5410,קיושי סושי בר,"גבעת ברנר, Israel",Kiyoshi,"מתחם צ'מפיון מוטורס, גבעת ברנר, Israel",ChIJ7Vt6LNi5AhURUBXhn_-L7Z8,4.1,08-933-0009,places/ChIJ7Vt6LNi5AhURUBXhn_-L7Z8/photos/AaVGc3mCfvCbdsTINMjj25GkJUUAx0XoR2GX3ZPhLj60NeY3PMfHqinMj_wBRuAQqzAi2HG_E2ydsBghv_gbaIMCqB74o5mHdIfkp2P0JIy2uaT3WpwST_67CwYv2bGBToEwh7U72Zceoptko9v2CZB9BlRyrZkOjdHh9Ix6o2se2NvMYa0BIQkn7bizP9LkJEG2DbYmNZFZVvf06aZu64tEBYWj2Q_FScpT9HkIfI9YPfWoHJyiBpzZA91GUf0T0SRT58g4O_Dlgo8nIJy0WXHRZdp7o7E7ObYmcAAHcqTOK_xCQYoBkdcR38CrMSMbkQMNE9j2EOhEApyRU9IgVfgzVdMQ1vhHtxqEAdY_l2Hmw6aN__1H35YQVIOrLWJUxiu2lc8GuuR5iBws-iNNO31LS0zZy_u1kJXvzuafGaDir1fBBGcQ
5419,חומוס עמי,"הירמוך 1, יבנה, Israel",חומוס עמי,"מתחם "" מול הצומת, HaYarmuch 1, Yavne, Israel",ChIJVVVFVoCwAhUR_0h0z_Q6pFQ,4.6,058-556-6800,places/ChIJVVVFVoCwAhUR_0h0z_Q6pFQ/photos/AaVGc3ktrJnXlKOX9_YwyoqMq98bSvRDMYsMhvT1R11pIfIyGLuK3EU5znORX4wGML5vUR6Fa4LVwwaULbac1Zvq-smpaaTqm29ZLP7HvVaeopenq3rrlgiK6ZJlQfJfMEj-GUdWy755z4Bir8sROZD8crR9ZpuNhakgWGNOIFwq_GB-cF4a2c35it7gIM2i3ywlQ4AQhRiPtDjGX9FNTLQZB34vvZvGSf9rPnJnihC-lazLu6zOinN4AID7L84QS7FDqOoJk2hiU_9qUwawaQZSF6gRMZn_crujm-qqaFbIdkDSEV0T3u7AGaBVHWO7PTwJoq5lUa9GYlJwjZHl-kh3O0SNRSkwVxrwCD1IepADARFlJhEQQ0FJN2B5qcXP1ChxZSqKkFpQ0yDnErhwn-lU9q6gsR6v26KdLM61d14Cd9a8Bg
5421,איסטנבילו + שניצלים 10 טעמים,"בילו-סנטר, קרית עקרון, Israel",טעמים,"עקרון 2000, Bussy Saint Georges 3, Kiryat Ekron, Israel",ChIJkZfN99W5AhURc_wAShqiGoE,4.7,08-915-8874,places/ChIJkZfN99W5AhURc_wAShqiGoE/photos/AaVGc3nNL32ji12NXbL0U-mvhtv2JheZeGWyLnzxZHCyXzMDj_dnE102Nj9pWqxWoOi4uBHcZ0XB9Ts9dPX8ak53rPuYXDWV4VGo-bDVedn3bTvi8ChafX4S9u9Ot25NO4rjNIb0AsKs6Wn3W1GpWtdkUxNO995-y0L_I3HHbUXBRDgAIkUYFxBQn0G8SljCG2FnCCHOj1TzGN4g61edEvE6MUWUDHoDxqEAw8ifZ3JWqUJnnw_Dz6-rOZQCwcmp2mrrv-l5PObYqf0g7aHTGOli5gwtqdqgvdJXyKCVnVoLqTXeMvAwUmBF_XT_uSsKHSMUMRG3zUNZz4O51KJK4Sij27yTr5JYapH9KDcvECnwJNnKdhHK9o3ron38-uUa2WXijbbJ5M5Ery0JwuCHA4tbD93I2IoRakqQFyUbArU02V4fjA
5434,קפה רוטשילד,"רוטשילד 2, נס ציונה, Israel",Café Rothschild - קפה רוטשילד,"Rothschild St 2, Ness Ziona, Israel",ChIJj5rECJW2AhUReyTWH-zSP3E,4.1,,places/ChIJj5rECJW2AhUReyTWH-zSP3E/photos/AaVGc3kEv6SpP62vCdqyjRz6FI9rPOaB1Y0qhzkXyuJ3xWI00v6TtR9PoewhlgcU7FgFTMrotdL2WYRaMyQoTuPh18WldPx93qVlf-R4hd4LnWymHVGggXnMAbdremGbZ-EI9qGNfioVahVKhYo2UvMHLizrax3uw4CR5ESyEsob27Hd1pxYBeB3smBQcInpo_B4Af9iStvUcYPcLQXLg5xQixaB2ifU7rPUMvAqLIHuwQ1_ju-J2xKoc7u-5TI02niiCu_j4PlfSZVa2RCN8otZrqiX8rOiUJXs3PHhKeCs_M4mnyeU5ZvWPpv2MJ26MQkOJqeFn6Ba3_T2vQsXMTyjO0L0cJa9pkymrzLbPEueQz98nC_MMldhQksFBYqsXNwWkPykl5u2YQsDQ4y20uSrpw6BkgCtbqEt3qeskUk4b9a2hg
5452,שווארמה פלוס,"המגינים 56, גן יבנה, Israel",Shawarma Plus שווארמה פלוס גן יבנה,"HaMeginim St 56, Gan Yavne, Israel",ChIJQz_oz-q8AhURN-fTDDUsudk,3.3,052-845-6663,places/ChIJQz_oz-q8AhURN-fTDDUsudk/photos/AaVGc3nVgGXkrPHub1NnWdx1Emzojdy_AQzfGXMB6KAE0tilhs6l3Lq4YSvzATWLWRr5uyIXpKBbu_22JuU3FSl1nzyRxeotrimAOI44XZwv8Y85ZyVM69ON3Xe2T5bAdA_dOa7WLeLGAuDdt7KDliyJtlj43MrxKMEOswBaXd1nb2siFW9LkyoGO5OU7rbL7ZrwcqzIOUjo8aj2iw7qT6y8eCzF651tZpdDIb7P1Bu4kJzhtjt0XFjPCdSysK2DSCP4lwaI97eiKmD5-36wgn7IbEzcKYQW8mbsckpyNQWklMkZme52D8XbsQg5qj2iIoUx7fXDVSe08ks64LiCSxd8C9UnfSJqw54bWnzT4gkP_qwkqErHyKxeNJ4-eJpR4p4Ss04Mfrs5EORPGy3Pf-_66deaVdEws9zBeUIFbVQFb6_rIQ
5456,Coffee Show קופי שואו,"יעקב 43, רחובות, Israel",Coffee Show - קופי שואו,"Ya'akov St 43, Rehovot, Israel",ChIJv2R27AC3AhURu0trh6Fjx_k,3.9,052-623-2525,places/ChIJv2R27AC3AhURu0trh6Fjx_k/photos/AaVGc3mEV5s2cdwlgrBomql4FeVdCwzwc7tRAhZ5grmRL7BC1sBHOBPhBUnv0LrFEc5JdtyhCU0fY2ATeQkCD4MpTuOYrra0-RTx1VWeQtkuAcMuI39qE8k2mO4hFhw02FzpMuD6-PMwHzo2GMHF0aUIx9szc90qfEchoqe5xSLSLwrOrBXCP0ZfjFSQix22MFffHjCgtFt6-EjaktEGLGfeYslXqbrSkgHF7l3CIRVc3cbEJ0t2EnIRP8ybjTnohWIafOmIX6dnYEMUWe9coALlZELlI6MIx5YQodiZU-XPuntJs1_nzLw8Ylhn22NPVMix7-EHO7oxO3Njxtkng_HgBl_9W4C0axpUTqVV4eC6p66Dz1Hb9mHq4ApPreaoDvF6NG7V2lwu4wCxcSeIK9W2rxYktpWJk1As8eubWc5eAO-qbeFC
5458,מטעמי הבית,"דן 1, יבנה, Israel",מטעמי הבית,"Dan St 1, Yavne, Israel",ChIJTfgqBoWwAhURwx6wQMsjRWw,4.5,08-978-0780,places/ChIJTfgqBoWwAhURwx6wQMsjRWw/photos/AaVGc3nXv6p32wF8p4kgal_U88-2-NrT5CIPpa5Zdh8rTR89xD3ucVF9iQNmC75wf981ZJMJQ3XboQxwcKlbrGKwESVc9wMmb4vSD26UiDlAfzKTOSZ1PDl1RBILgONBmMuniYgQDmqg2F9FvdBl0hvRADF4C26pemsC2zcZSgimeTszXpqZu5kWMcCpyJHr1WURkLkFgX2bmV8QgEFOBgzVPVucI-KOOeWfE_Jz6Oa7nOaHWNaLwZz9WbT-MLl10S1CFUkTliWTzPo1cCPRFMw_YIIMJRk1-FOrI27_GBwPalPnzK8x8CfQkbORG9ZwvmhePuZnCuzWNSUFUSJJ5b94TMtgevl8u5dkQFzCiSfmBqcYWf0ifO5BMwron8kwCvQ8bme4IajhfYrFqNQyS5LQ_tVpYVIQeOTG_h9qbltjAWBqohxd
5459,פלאפל בעיגול,"משה לרר 1, נס ציונה, Israel",פלאפל בעיגול,"Moshe Lerer St 1, Ness Ziona, Israel",ChIJCUSR1la3AhUR7xJnSvTKAAM,4.2,08-699-9589,places/ChIJCUSR1la3AhUR7xJnSvTKAAM/photos/AaVGc3l38GxvJTZPn3ynmqhwtPQeVRwnh-8sqVUu59I9BLOLk4Ews5PDS37WmEUNMqSxci6074fonBX_gy3GsuVcttvBRKhlYtE101pRUWWChvXW1aQTuhkt27QCE_PtVv6xkufs35OwwPlCPLqyc0YRPdy6tq3N_FDPukBU3Zoc_oAq6tMP7KC5LRyPjyNqT5z2wnUDqAQuYJ8xYr53IWBmTbTF_JmDTr91i_fYC3ga3G6IzNkP9I8t_Naj3r-krSbDKPWl8-c0IMHuxi9zvkqPAdD46vSwH6GoHR3ny68cciXbtnKQSIATOCtImt1gHtiZf1MNAs3_4hBXsLyO038a9oE9KlLO8Ak66A61utLNd6JTgfQ2QsKB1DOPYDI5gxZfmqferzkA2pgiOSz-oF4qmPFbLf_arcvKA3fObEmHAcuoblA
5464,ריחות וטעמים,"ויצמן 25, נס ציונה, Israel",ריחות וטעמים,"Weizman St 25, Ness Ziona, 7403021, Israel",ChIJjzoPPJW2AhURqpudAEc7KYA,3.4,052-444-6161,
5466,אורו,"גאליה, Israel",אורו,"Ge'alya, Israel",ChIJ6xUTvK6wAhURvV2zt7aszIo,4.3,08-931-6617,places/ChIJ6xUTvK6wAhURvV2zt7aszIo/photos/AaVGc3lHPXuva3fgzdO2SM9bx-nnxwJCa3BuLC_mp7aaLbbXnUdMw5ZQitNbJAJkgrlSA2GjamTxTrFqQlW7cnCs645jVd4-g1WPm8WNY2Ig-5Gwz25k0SMZUU6BfBzmI4wzs72YFZjxVcRYQvoEPwURbHJA8JQnCiriLCIufzluwz_4UTXDUdpnkEw3pd0Q0gbPDKBfQfjELTUGa_lBR0-Uj_pnOMXSxnqpORBHfIkfiqqJEXfJ1FAzZuyPg0_spDsyMrRbLutxx_8QYx4kRiNi-VysLrwhQPK1qjZ2Vr0A7Y8Qyht0LwwwAFZEc79jIpo352KI4xsCAsHKMwWXbz5EQkEUzVaU-9usZTL5B-357lF55TKYgKUFKAqDmoIMMXzFcXZkz750WPSlOkNqe4Na_BI5sv5umYU9S6_W07B2iJo
5470,מיסטר ווק,"שד' בן גוריון 6, קריית מלאכי, Israel",מיסטר קראנץ טוסט נקניק קרית מלאכי,"Sderot David Ben Gurion 4, Kiryat Malakhi, Israel",ChIJx_ZoewC9AhURm_Oij53luh8,5,08-676-1066,
5475,בראשית,"ביל""ויים 12, גדרה, Israel",בראשית Smoke House,"Ha-Biluyim St 12, Gedera, 7040119, Israel",ChIJB90xxN-7AhURGI8G_qNS28o,4.1,054-400-0000,places/ChIJB90xxN-7AhURGI8G_qNS28o/photos/AaVGc3llKe9dlF5vEWfE1mVoUuflYyBVhohHxLEyLyFFMSujc1_dIsciJfSJ9txE5TLgOxFYYhGNSPla2-wGlFq-yVFH-vSMcmGMcHu_1iFg1opl0EBjnFltyYEUMBk_9gpjbLOwlNwaOYNbaZc5QHm3dEuOY_DUviV6YgP1qT3hVHpTNhLMl69INMZKtxCMVqK4u-MtOi8-S1K8AbwCCdcgGugfR3NtMCLrzFJJOYernrB8_oT2DC5qVkf4y9ONyhXC8IqT6tN8n55-wL92JeaGCH4E8vJb4h-bOCXkL936ZU9Y2AxnhifrqqjV3WHddp1o9i94dMy7cHRQLfBqyY_dA1WnAC0vHidt9zKkF6Fuk2m4cl2bBxQqs2yk5aG5SCMcg8dZnex1yVemHcBGawK7VPzSXKhB4thnV5QCDixOzWBvA7E
5482,גריל street,"הרצל 99, רחובות, Israel",Street Grill,"Herzl St 99, Rehovot, Israel",ChIJ8yHqygi3AhURu4buqORaCsU,4.7,08-610-0640,places/ChIJ8yHqygi3AhURu4buqORaCsU/photos/AaVGc3nfNUL6xskUOsRSunyaoTBS7EDvjwkzfQm0ZRrZLHTaH7wkj3xbvb7iXgJdD1BoecsimGF-4g1NIMAd6Kx-tzchcVkxQQGaeAlreN1hYTAliPU3i_19NaRnxCAINqjPwemdTmt_WB_4NR4M4CdkKNNl_HYsHltvKo8gp619xnfzot9w9J1qrITTa-I3qGh_B5y8B7_PWCpyL9yrGaQ8w_8y_hBpokvzLJLRq49Y0P94uYpmu2Fdli9H6XNxHBGgAjz6CNnH87D2a16qr7-xoJfbtF4BEz9bDZHmi4XC0s-r2x1iejFL4PRP3uE0Le7ig5yiWC-hyHTgwHzX6PZ6dfk1aCvaG5iYYBWVnMP0wiZj-x165BjIVBoPz_O-XuMR_DGE-p185XtSBwuoncYAJ3Zs4zTE-BCZEgVmlGHnxmzuug
5484,פיצה לי און,"שריגים, Israel",פיצה לי און,"Eshkolot St 1, Srigim-Li On, Israel",ChIJWxzQ5u7BAhUR86icSkdyUhg,5,,
5491,המטעמים של נתן,"היוצר 5, קריית מלאכי, Israel","המטעמים של נתן, קריית מלאכי","Ha-Yotser St 5, Kiryat Malakhi, Israel",ChIJP7CxBe29AhURceUysl7Rvhc,5,,places/ChIJP7CxBe29AhURceUysl7Rvhc/photos/AaVGc3mN-kD5y1r5fHwdwgZSmOdHFdPxYh8EP_Xm5K8YN6WYiGovBGN41h1btMnAFSRGUaFda1GX-pgiSt5ZkTbatzrUGUScE7c1FUuLazY6ZioP2nitzpbu-7Qv_6asxr70hdg49_F28qacZ7MmmlSt2qowgxSTixxTtBXyE17KRjM9rLklvT3TDdVUajvU4ent5jX4sIicSAoWf_3Ki4mU30mItMnPdhm05kxbhilM8lMqLWqHSJ55MV_TpZQ1xiy9nkwc6ZNEDzqyQ8hp5Vxqu2NqK6FEtyZcAUa_gXKpI__DZJE7qMkvuzhfGwTQKVqviLtcbCaXMFCcDYGNfoCROCPSX23O9ls2ta1foHuKU-sYqJrvxaiwIsZqdINw8cM3-h9CEQq33inHAMU_LD_xuITB-r1FHdXcJmr4xamO7lNUeA
5503,פיצה פאזל,"הרצל 34, קרית עקרון, Israel",פאזל פיצה,"Herzl St 34, Kiryat Ekron, Israel",ChIJ3bKgsIC3AhURARyb2YZLnmI,4.2,08-648-1332,places/ChIJ3bKgsIC3AhURARyb2YZLnmI/photos/AaVGc3lPz5bshkt9Z67jzY_ghbum6g2_DFAg_awDk_6RSb__oiz1DBGSp41GRnL4osnbyVlcRKTEvRTY92gQBZrWG_Oza6Ptcb7euC7N9R0a6qR2d6ZmWBROl6oe8K1fm-mSk7rWTbkITyz-6BsPBQE8_VyW5sWdaiIbefMks0djSiusExRYRH7ybXbeCv88QmeLhjt1_QYKQjB4c6DPqeryajJlOMGX2BXUQu3c5F_uAC0nYCvot7hrwZfZb3A9DKxnpPcTXzmse14bb8ZT0QlA5iAa9LzVhXp4u72kHDVcnRroc71e9hIvKvfqrkB7AItjHeYIHmKekwRKpC-KN1Jh_v3eKRkBLqLop1SVvQ1tZYE1HdsKN__WH6IM4IK_N-ZywPBtZk5eCqbILxZCzwhcKWbdHLDM4WTTbYm_TQCoWc065w
5509,מאפה הרכבת,"המיסב 1, יבנה, Israel",מאפה הרכבת,"Ha-Meisav St 1, Yavne, Israel",ChIJgUoTIWi6AhURkNGRti6xkEQ,4.2,072-392-3892,places/ChIJgUoTIWi6AhURkNGRti6xkEQ/photos/AaVGc3lRJz0Ri7pWlSJlAOrZ4YB23Vd84xI8XkLKrpBA9k79ZioM0PM0y404DcJsjlxiEZM6d7imLqgGOLsTpOASvSi4CBLG2HuSBN_I_zde3wi0BDHEwjEVg6tap1y-XY7A7eH3cHn3-3qyuw8q33YJD8Z29_2CqIls-BfoNvEoA1SaXuZeVhi3naAv6rL0b-WaNdw0KSxCegp2AXjpjgWtW3rYrI9ojZOn6Vb_HdefIBF7bimsyOrUw3pccoVRWHSYhs2M8WMBTok8sgCEJbcPnx3ddJ0xm5Xv1pMEKySPYzKTi4rhP9w2T15uDnWT6R6ZPE9R1YlYDVWxqZ269p1PeZI-85au9aYUf6Rs2X096nYOl8X6fJJh58ofrDSONMNDomPmSUWS0Rzah-f536f0ThBHhCbOqolREIXcySSbCN8xgw
5514,פיצה שמש,"הגפן 2, באר יעקב, Israel",Pizza Shemesh,"Ha-Gefen St 2, Be'er Ya'akov, Israel",ChIJHaXMW9u1AhURJasP_FR4oco,4.2,08-856-5139,places/ChIJHaXMW9u1AhURJasP_FR4oco/photos/AaVGc3m207Hb0ih06AIgF1kE4gX5E3IjUFwhOIuSVOV73gtkyJInMKlu_Cs8m4x0hPIRxSbkdVbGA7JB1uiEwyAm1gpS51p-MmlH1AeYUkf_DhNdtb7xWvQpNdE0XXaB3snQt1dvTW26lsXiI3GlH7SRSoLLe2zVKOj5FlrfJ_oAATu8WSo9deQWQFr866JZ7YkOqxIdEZlCPRHRGGBdOBfSp3JW24v2296czmcAyWQ9mE9aY6g_wlk-hfBzXicD_S7kzyZrDl7MD_wbC4kK1_GF8vCb3wAAfnXr9gl5LX5zo9yUCz-0G4FfcEVlMxufWglacPKRZKCCuJ8WZkYl5cJz3hTnznzdWpHqD4ZLmWum8HWjc0nip0oPn9BSBsFQXvuHsaBX81ePyBW6tooNNu0Qt68vrRclWpC_aq9oJxHFLGzKB24
5539,"בראנצ'וס ביל""ו סנטר קרית עקרון","קרית עקרון, Israel",ברנצ'וס,"Unnamed Road, Kiryat Ekron, Israel",ChIJ1eVChMi3AhURDninkQz3tA0,4.4,08-916-6658,places/ChIJ1eVChMi3AhURDninkQz3tA0/photos/AaVGc3lOAX4bvtJR9GJVSUhUyMr3CKu76bEq9qDwKY5umGNoooQ0A8RSTMugrn7KiH5uHPzotCaT6DgAU7MSaluCYZ5f7bNIAI75bZaMz_vmwUVKmsg95-VDzqa_VEvK1tqWpDQk12gd6TKC2-JW-CGB-W9Svf5sun76pmnvZ6yCIKokCXdGpYtXvc_LmWxDcEGp-oaol9OincKStQDxRdfSJd7jX8M6r9zAWw6zj3dKxC5p_b7OZ4-tTjgHvp5NsD4PaBydTPi910yzbb7MRlt7r5Npfims2AmnTZNwY4efsY3jqzu0eQgnPdpZ1EdbsSFvaohcflC64nYS6E2OLEU4gebKMEDRpXSAl9ELKzEyJhee-gDSUvmE7te4y72jFMpHp4UAU2VuUcFrd4aoNeA8vHKfv8rjUU5eHil8s1jZA88
5552,זוהרה על גחלים,"הקישון 1, יבנה, Israel",זוהרה - הכל על גחלים,"HaKishon St 1, Yavne, Israel",ChIJyQ68ZX-6AhURgA8T5de1mpM,4,08-920-0200,places/ChIJyQ68ZX-6AhURgA8T5de1mpM/photos/AaVGc3kbtjqYw9omNpfwKPIVLZSxIpwcm7JHkMeezHAdP-cMNMLgoKMDfxA8LAxNeMF9tcO2_UkrDBRMv2ESxA8eTtY6tj-riUeUWpL4ingSreQCqJldH0UZUNyTkkunoY1z-Q6Mh8YjysmShh0dVZJELsHcJKd70ZAInANrvLxmC8WgTggQaXyA5f9F7nD_2TcLJS4pyF60AirPAb1WLScVvmmnRfNrv51w4WgIs69imKhoAQ_J0XACcazGujSM_CnjTpoajn667Ssy2yyfqGpZlQSl53KmaFXMQvdJ0KmfdhikDU_OuM_PBId7slC5qoRVRsB_xvtUBEAW-hkPGj_-S7b0d8SSFgzprq7HH0T0Jha2Y4pjH82eBznN0OxJFoCvslwjNyo4JYETCa2TPXxyePGr5tJpKqJ2iONHAxPoSp59gQ
5570,ניושי,"משה לרר 1, נס ציונה, Israel",Newshi - ניושי מסעדה אסייתית,"Moshe Lerer St 1, Ness Ziona, Israel",ChIJI-unw2S3AhURrV7M8O5BosE,3.9,,places/ChIJI-unw2S3AhURrV7M8O5BosE/photos/AaVGc3kct4EN2_4rdRkjrvXsgUFbEjNYWt1f6yme6xYxgBGp3Zv80A3oPS0-ESvGThx6DR6zPsrd4mSHlRBp42qqflyoUWNokyf-W3hOcdiaKWUKJqkOAXKPHNVI05-39kmK61jPK7fUV9nOWV4RVeQLDgq_eXE9KanFggsf02vRIlCReS8TmXYglkv76fAfaOS0NO3pELn51gF85gRfSZ15PghthrkH2fuQP8arSxWvL4DVntmCO8XJVZT8f6BnzoNULlzbUJ2-I_6qAKvHdrba98nq--wCnzT8XkhNlKHsmsmmnnKWAi1coda27yGFa0OSlZv0yv5PjtLZf8ZPJzXMqjJhprOJO9IXXrWba6cqEFQeVU7eS9cvALZh1WJJQKzTPK1r2Yu9cFF_Rjo7HJKJPUPaKCZEqEqaZWIU8vwgbmJZ9g
5576,טוסט MANIA,"שד' מנחם בגין 36, גדרה, Israel",טוסט Mania,"Sderot Menachem Begin 36, Gedera, 7049829, Israel",ChIJRT4nJVu5AhUR350VwLvP0Lo,,,
5577,פיתה.,"הרצל 186, רחובות, Israel",פיתה.,"Herzl St 186, Rehovot, 7626720, Israel",ChIJk480pYS3AhURAqfsakEfpcA,4.6,08-914-1727,places/ChIJk480pYS3AhURAqfsakEfpcA/photos/AaVGc3lkZIJyVBqcS_oLbGp3nJqn6ny7s902rScSaY7wWn5falMVWAIhYVJ-vlUuxYnHiqn8sqdrCltsUV3bb4zNLo-pdXJQqOS6o2WuusI9KVEbydQFfBmx3IDY-35g8MRIN1anqG4_kFW2qZ2eaSTH-GLAqBzMuNJPppYCQEXWhC9rp-MDupLuP9qEIsDkP3g1S-cTaH2UAYvdKW2habdEubjXXrjT7ZcBTkXV6jCnQqoKArY_o6sQs5Uq49ymfpqeDpBlizDf1HCRmDadzRx73HDKC-bgXeFGGk2KI_AK4PfRWjB3uy5yNTTPP7PL9J52JnRiSGGfldnXOBN-Kinc1CAueMPrMuYf2_oMw5o8phSXoraYjSPwltr6Gy_YXE8dS4wunOVzm2DUPcHeCvzLWw9lltTUWuwc78Lu5XoKR4BiDg4
5579,על גחלים,"יבנה, Israel",Charred,"HaAtsma'ut Ave 7, Yavne, Israel",ChIJ63O9Tm26AhURTJZdgs9dq7U,4.4,08-970-0030,places/ChIJ63O9Tm26AhURTJZdgs9dq7U/photos/AaVGc3ndKmNSjyBJMwrJSVxHiZxq2Amw1IErmPyghoWB5W4mfWdrclKx_eBj30AQpT4rBiTVwX2V1MXM5I-jO6CwqYdvOEKnMNw35_SPyTFTivmNiDHw_P9v6IQIECrLUGhh4qDT3g5OMNpXgq8UxNiFEoKr-BsVsA3fJVOGQJ8wBp5lyj5XGMhQggHPgffeOJUdjzEJQrtM2DjWXEvPkviNtCc94feVqRTmeT5cd7oTBvUUS7Z3eRHw7hDluEw5kYBGCnGL3sVl8TL8y8s9_qPvVGPps62Mx0H1TKZGEqtMaP4MJqGk5eatE6n2llm4ARbFIHBXLpddHqlnobwDakYVUiZ4R1XimNKgVSEFddHC6SmBu-3dEZFLx2Q40VevRW7mBRGeofF-ELG2TdzDMVKPlM-bWdTmiqomHDwDrx_sURhuVQ
5584,חומוס משיטה,"גן יבנה, Israel",חומוס משיטה,"מתחם דור אלון, גן יבנה, Israel",ChIJgeLf4iijAhURd2mcV2onvyA,4.5,08-916-3353,places/ChIJgeLf4iijAhURd2mcV2onvyA/photos/AaVGc3ko0ciTEGH85OSDw0QurVz5YGmBuYhxmL7uYl_9tFzRFGKtHC8VtSNi1i18vjWYnmhtstg0g2IR7uVn391yAwrfKvuHSh9oeUPJTc8SIJFh-TXUHRM3Oepp3ePE39CjMjcAVQZq27or2i4MlkGiQlyNZXtmBxPbx-90lJWPI7fSZzjl_6Nqqlmhb3JvpZBPHQHrz9R4Ua_ujP3onxcFNJq49aeMt3MRf2vzIpamqueMjg3Bb8BsO6f69C1D4CienX50wcKGDryu2FhgJHRcCLiepLlVEebLFHxpDtxfbv3-Bwshq22rkv7kgZS8WaDBGyx2SmSKbYzNIvks-GOEQ3Ds3jtOsxAzO9WcWdcf65sWYQU_kDb7_z4CPyv1EhCsx1aEm1LHIpCy0S5r7e46ND4ZHFz0sGKIPQCTIWPFD6peLg
5589,פיתריה,"ויצמן 25, נס ציונה, Israel",פיתריה נס ציונה,"Weizman St 25, Ness Ziona, 7403021, Israel",ChIJoXapPZW2AhURTx_45fJHIZA,4.8,08-940-7606,places/ChIJoXapPZW2AhURTx_45fJHIZA/photos/AaVGc3nGtRKFc7IgafZhg8lukfnN9iIk3gwjA-7SXIUgS0spHj2TQUNmJPvcI8TQT0HEIxBfik5eLzb3yw6bpjiTjxpqdzXsxAR51ckW09RePhWH6JuVv0tIACGm_LRlER89Kkxj7L1dMRz3wio-4aj5P7nNd9w-aJXkKi1krDidd4SL66_3QeweU2sWMxYZnoidBLjB11C-4Tr_S39nLGkfwuqHxaJnGtTnfwCqrnjXyjdvE7TiZWvV01fBlUnubdMy6-UwpL7JUe36f7TyNuQ4LWjWqDNHdHS3ljyNfzhckjpWfbPFcOfcBHVZR-Ak3c5O5G6xpj_XxTvBwsFJAx0RKIpN6kSxeRyrP1nTQkqUoj5K5C4Xj8jMo6F35ujDy-4lg40x9rxTU4eFf7OC7qNCzEXzGlc9C2U9E81WRi9ZwMTYFw
5598,יאמן סטריט,"ביל""ו 60, רחובות, Israel",Yemen Street,"Bilu St 60, Rehovot, Israel",ChIJI1CJUgS3AhURM9FGSHjyeUc,4.3,054-664-4678,places/ChIJI1CJUgS3AhURM9FGSHjyeUc/photos/AaVGc3loD1O5EQ9RTHjuOKWmjKfGY4J_XXKrrNGggQKjoVSS98o_jbqyBGr78Qoh25r2vtdkfKTvEcB_Pwj4AwZYxKQqrya90L3HrJPMy75j2AsUCVK3C0KUzb9Y2JLVSvtecNfXMDdzCGeWQLzC_OTNBZv2ifXzgPrzmViL1tZ4NHsu2Z0xQDWpLB4GP9DvIezh34Vb6dTCmP6gAsIhAdR7ZsBhFJGmOJU4cffyDwHgZj0rAPenMAtww8meZBVp8q_GJ3msBbGko1yTWbtLPR-Fw5j6LuBet0hdjQ9TrDXA_ec-AYmTY1ydODPuDdXpN2Fpubxfq0eMRWFngNyBK_yCIl-7uFGD5u2sT2dQMk1t58ngZmx2MPjJ3IVwdb0Sot-u52hAyeD41QLbFI3pW9Y7HSwV_4UkfEI8-Pt9aRz46wQGQY49
5602,בורקס קצ'קלה קריית מלאכי,"חלוצי התעשיה 3, קריית מלאכי, Israel",בורקס קצ'קלה,"Khalutsei ha-Ta'asiya St 3, Kiryat Malakhi, Israel",ChIJpQGrIe29AhUR1ern3JE7Mno,4.5,08-699-9703,places/ChIJpQGrIe29AhUR1ern3JE7Mno/photos/AaVGc3nwAi1BHU8nqNqI_oPcbVAbQPz0JUnaBVtP7yJussv0iSjBpu646WLk-bqWxaisD8HO10tJCaH61AiNMHRDhAG25KyQJA56nntrD1vd1u962LqJVicOIkt2C8IQwI3HgGRwpRvmoHp0783KpqVRp_JE01BQIkjcyJw3eZ96g8RsGHsfHlw72Gr2A5sbWT4vHdFXccqn_32VAy26nBx2HC2oBHC8g8KYfgQs1TEJ6Y4_0MmLS1DpGY4PuMgkILdjXmonbJKW93FNrxAlnGdpYyhEXpeooGtYqBGupK0jyV63HYvO9UgvdFs4lIkEELe6pAJ15kD8cthvj19H7pHNk1yEDC5VaXcJj-ZbO2sdLkevYI8nj6oOxGtT4RX4fCOfIdSU-EaBy3aWYjpCoGTGIWlfikhDixqma5z7Al40-hJvQPnR
5603,פיצה פרגו רחובות,"הר הצופים 74, קניון רחובות ההולנדית, Israel",פרגו פיצה ברחובות,"Har HaTsofim St 74, Rehovot, Israel",ChIJAagteFgT-hQR0-pgSg8tSdU,3.6,08-661-3390,places/ChIJAagteFgT-hQR0-pgSg8tSdU/photos/AaVGc3laCLB37qPfiA8eaMCNG8nr9dWCoBnDRvT1Pc6fMSG-U-0WYOFGruK1XrqRgEWs0ChacqAs265xa7D_ZpEM4MCa1zWzfu5mlWqumEbSmvjoG1vo2HLCCpp7Hb7bd7i9mk50NQfTSy8x54bu4yL1TPRTbv7qnadC0EWFsl0vXwBuQg53KovYlvgAD7YJ4QZ5vti_hSyrBmZInhpnQ495p3kXbSJux-_3Esz9zlB6UGB7astqnjEOR0jhWHyVh4X_I9INZ8Q5EouaVzt3akYAMd-06NlXQwwNPsTpu1obfRYe2KqVSLxp7O_Y1GTsBWqvgGEbj56FcjrChN4lPsGvq5tYzGMTkaQZZAGR6MEPGhOopvanGniRmmbBuhXegQQZiW5wmMOD-zgrWfzDzcY-a8zYoa3IT4oAcIl7XTr1DMKluw
5605,גחלים,"המדע 1, רחובות, Israel",Gehalim,"HaMada St 1, Rehovot, 7670301, Israel",ChIJj-W_kgW3AhURgRsPVK1L0tw,3.7,08-946-5552,places/ChIJj-W_kgW3AhURgRsPVK1L0tw/photos/AaVGc3nauya1Fz4rrkOJqKTwf3rmcDYGEoGbrctqGrMyCv_CvbNKlbhY3BSnhs-96WfqXmp3FFPK7fTrOvU1XjEFpKjo-sJhbcVl7yKloS_bpeHVJwbmWsCzF58m34rHFZ9vuyL83ojD5tVKOde9FC5E6JbBbsqcNv8HsiYruvZ0PyO4fYhPb0p2834NPJIF02FZLLZK0Ck5-OeJbcR_utY304pkFiE9YkieotZ5t6sOAr9evJWuAnFrc9goLwXLFwYugsfTcTrgbKWP9NjWU6YLVnD0aQzlFa9LUbriHTFzUUoXHm5lGiWcysMqFWYAmoNgmlhrTijU_MZPF3leT8rlNQflcUuZD96FMJlUTdzdsgiRXVIM0EWgA2D5A3XAzTFksc_wRk-7RcBuQqcEqpPZDlmlKAgAuUZLfxAW8gCAmjkt9WTm
5611,רולדין,"הלל וחנן אופנהיימר 2, פארק המדע רחובות, Israel",Roladin,"אופנהיימר 2, רחובות, Israel",ChIJU95EieS2AhURaorf_kb52KU,3.7,08-936-5853,places/ChIJU95EieS2AhURaorf_kb52KU/photos/AaVGc3n9eaVsHuoXO22ImT0hGxiHcAybwd6DQxr5hvARhlU-Z6IVjzrrMa7soko_ZGXSuuWp7Rh8omvGllNMcXj0QyFMMk71im07Fx79tA4C3dPAQg354YFxNnOOwonL5w_I70bU8E4InjmWMazSdoD8RbejCpLyqY_GfEmZsNMqIs4mtIG1nP6Q5UH3P136Cpaygbzu_LzPBY9q8ftl8vO-IxUJJYCgW9JgCHo9MEGl4G0A2w1MNhehG2XRC4hPo4FlSPcolW5KzLgHFI1BkeUzacjUsztP8D7b0ku3JvQghT927Mqof0QNEvER8R2OyCZS9749K5yRTrLp-bqw6fXCmhE7LHx_JVG-GTdCqko0wYmAFchxdArxSsCVrouaGjQdFGANGNayr3Muf9OFhAwyli3SJsTArATdioZllBfHPKhkUiSB
5617,בורקסבבא,"הרצל 99, רחובות, Israel",בורקס בבא,"Herzl St 99, Rehovot, Israel",ChIJO7qsygi3AhUROsVT83GSEZQ,4.5,052-476-7671,places/ChIJO7qsygi3AhUROsVT83GSEZQ/photos/AaVGc3kYMcweNZVB6yIbNUrGMtGzHqn1x32IRE2-wIsqegfxHf6CYaoTzWtZUDGG5KniTc-bAfK447yMpZRzcHULkE0S0Rx6J_PJFfj5-BdIqhkIblJo7k09Oc1m2eCiUxCoY34Xo3aB48MunBpQjLiPcaX6uw3GjVZD4uyTeRWw_ebA7tsnYRBmaRViQ7YvcgC7DgDJRUtXK-S1ERYUXXOOx5YPuXA96x-AWvbb77ixWTMALSi28S3x7VSiAclkuL5hF0swAfg3DzTGlSO0jl04wWxQMzEq1s60mztxgFkhSifo1-q10TOeeK8qLZ4fZVGN4ngIDUDSmSSqSxMiFyTKxcIKe7In_VL00lhwFt3pEb3bgBM8_i14yFi8RyW6dlBeHDi1u1cX4_BbOmZlbC7pc6uYq7pCIpmBU05FFdPFM41qz2wq
5619,סטקיית העיר,"הרצל 192, רחובות, Israel",סטקיית העיר רחובות,"Herzl St 192, Rehovot, Israel",ChIJDYgWkAO3AhURyNJt24NJ6IA,5,,places/ChIJDYgWkAO3AhURyNJt24NJ6IA/photos/AaVGc3lbw9EovP0mEiaarPD38FAtiap1SKhCPu6IXK_EMfS06ioKgWmsPO7qNekNBSJaHAJIazGUepr3BSmHIJra12aPQ_yROBEpe0wvTiLG1s6pvyq6sxrXWnFAObJ0x8VKr38zMpNfC1q4oeZZobncSlsGX43d_DKmkPRCmjr1L1MmWdp7cXAt4i0OnDFbtopDGK3bYlEKTscnrX7iNMv8ODPv2c8l9DO8ev7cULQHWDoqTDai9jNCRpg2jWMM2yvL4vyKpb0RSC1LoA-dmdLX2RyPb2zoeQrvO7ODeHn6QgVrXAgZ77AALxSMxn8yDIVm8-dr77RND0BMzqbYn37r_DDgVcqoJEA1Z2WJeWDz6N0RgmxxFwXPAs5PVZhmswP_9EigueUf6_kpWHbtq45jwfCmgMts2dmlbomC-pZgR2K3CdE5
5621,שניצל בגדדי,"כפר ביל""ו, Israel",שניצל בגדדי,"Kfar Bilu, Israel",ChIJ60kiu3C3AhURQRWJC_8qZ0w,4.6,08-614-6020,places/ChIJ60kiu3C3AhURQRWJC_8qZ0w/photos/AaVGc3mBi0DdXYIQ0T1bRx4e24AAeog9whcP9j4T1sFpqFdvVLdD10IQgq0DTvcKihMEWm-FqTvDLXE7Y2b5p9mX_KplJzvc9UXM9sWqczWbeYQxxlKqKB0qrzXpI8ZnemWHPoPcY2CR7nc2-kTrMRerPz3zh48VGy3Rxpq8wBzK3UZ5dckmoZHDJQA4NN2nih15rW6gIOBr0MO_4kIbRyyQgUKbyobTfZoaGcJpcPCi8BVGLULJG6MbpKHE7V2NU7430cqzEsMQogWhMCEswTG0Kz2-8IdXBqxctH_QNIvHm0KrCbswdshrDasS-lpzBBNsEghk4v4M_bqL6aGhh6cqB7FOA89_YhMH9pfdfpy27Ftao3RBC8ePvR1AhTCGLLkp3DEfzxVhXfOMeYvRBASvs24TXfJrWFu1HFwI2R1zhcyTvQ
5626,המזללה- רחובות,"הרצל 68, רחובות, Israel",המזללה בשרים רחובות,"Herzl St 68, Rehovot, 7654801, Israel",ChIJDXCoqMu3AhURw8LuxXgbSPE,4.1,077-724-2176,places/ChIJDXCoqMu3AhURw8LuxXgbSPE/photos/AaVGc3k09RZbGoUk0KjOPkhx654t0P87RhrWIX_845cmwSvhzw4r_aYtcxvS7qfXm2HphQCIyU5qfQqt-qX2juA-1CZg0FUhog59LKho2KJJrnCWRbgoxTRAgt0OALYR0k61S1WqorUDbHJtwhK2FxKo1Pf8o1HB_oEkacKDdS48otAIBTl7ffmk2YGoO-RO3F8q05t6w41lj4Ezz9mDU4kqo3a_5ubIK3qDSf0QfuQ5F2KLvBdT7m4kyV9pop4i90p1TxMz5fZBE-y5GKp9LnSgh9GfNUYEjbCR6bt08f6FXua6KCo-YlA3Y4auqEBzb8PHB0mf6aeUJW2I-1xa_AlP2vERiEJHU-DDXC5hCoKwgJr6P4fIGjVwhTw2zhAtCmQORUfNtbR0QAhr5CWZeYEGnihpb5olrCEtBRHDUrumst4
5628,שיר,"צריפין, Israel",מסעדת שיר,"שוק סיטונאי צריפין, Be'er Ya'akov, Israel",ChIJAQAArJG1AhUR8jDwAAf6hf0,,08-915-4171,
5639,חומוס חימצה,"ביל""ו 60, רחובות, Israel",חומוס חִימְצָה,"Bilu St 60, Rehovot, Israel",ChIJGXi3qwW3AhURgaBoDPYkELQ,4.6,08-940-5014,places/ChIJGXi3qwW3AhURgaBoDPYkELQ/photos/AaVGc3m9B_3uWkfBF7BwUy_f-Hmvvebe8Kt_vnDSB1vLkHH45fSgkKuBdFvZs4YB_ZmusWin60cXDBuAIe084WoMq-hLNX7IWfxl-l2n33pFqEHl6hddqx9IXt-16NTYBk1Nri-94Abv7eAfOW-fHtClZJfolP3yEQI5n6kDXr0U3yfDPTvJvFJwzTITvz-UlF5ln-nm_Iy1M0tFK4Or29SxIWEi3rtj1lqO7teFyO1B-kTJYgQidM4zmcZw9FZRYGpNSe6Ptd0XgFK38t0bPyUZ6djFXF_YG4ETrJ-g2_Sqqb1smE3xo8d-j-2l7YplW5wADgdDUjRlXq7Zq8DU8rPxhYMYINEHWVS2JRdkf94QI4xmKMsDIwnoY995N5476fo5TgIK7n1nMmajdOLuivcv3tP5RF77G9qHVizPM5QjElhrxQ
5645,קפה עלה,"השופטים 5, רחובות, Israel",בית עלה,"Ha-Shoftim St 7-5, Rehovot, Israel",ChIJnxFdFqq3AhURhAwujs0G_g8,3.7,,places/ChIJnxFdFqq3AhURhAwujs0G_g8/photos/AaVGc3kEjrgFF21bDJ3YPHPPgrQDAxx6-oBxf7uXlYUpzf1bFEpfV9iIfrHf_Dbp3pr0Ro8BR4OBCK_nfQMS3iHyhLSo-ifH1tuL6LBHXlg5HTuLm5snfiTFLs__ZgrJ15Gfb7hP8rvmj8vuGpgTHXKbUciRMRcHcery4_WOyhsHYQP_XvS-tgsTDfFsf6ZQo314FfBhePPh021uG2Gd-HYLKCuF-nSWO3JWT0N7IWvbAx1-ZMqy7wY1zbhgT8H-njZsjRK1WMd1xa8F7QWXB1dBuA-gRm-3Sx35HREYDaoM7bN8yjNI7HVQXuLgo9wLOfC3MVDUeJYI3ObAgEa88_bdcPsitdCiPBFdO7nOIXJ1lhtMtTdNJFD7X8R6g4d7gVrEYbtOFp9bgDFvo9wTuQjfEHV7IRWnirawLJZRssrdOzACUg
5653,פונדק חיים (גפלה),"אברבנאל 2, רחובות, Israel",פונדק חיים גפלה,"Abarbanel St 2, Rehovot, Israel",ChIJK3YxZAm3AhURBJEB8Ubj3DA,4.5,08-941-7077,places/ChIJK3YxZAm3AhURBJEB8Ubj3DA/photos/AaVGc3lyZhaHVWOCDIYUm64WHis6CeIhzplHbaFJIS15TLBnzuhfMSbmExg9OKwJwM0K3I8CfdXg6M8QL9i0Q_V_DaT4inxPiHPNRI3h3wbZHD40b-bDBoBLg29eOl--8Ir0AQfU5_i-3Bva4-if-rEXZjgdm_txF4YypOZTcpaWKsWrPvTVvp03lfm3Sin_iBeILzoywVGUlDXQ-a8kdCZlaM2z0z99hhyh9I9Htzi1yaIupWvKPgCPTZbSZwesiKoIR54zC1yRwR8R0sFvVrYrBx2XdYlFOuZ0JTBgm23eWAgiVKvkN1hl21Xxd4Y2ZMaDAM7lyQVcgq73keXoZPzNJMCotzVzqEXi6TacwbNvttQ0al0Trd67G4Z67lpbApESLVwC4xAfA52Svd7-g-O7pCHVYSh9e_0A3ISVG7EBLthk_g
5659,גולדות,"הרצל 208, רחובות, Israel",Goldot Rehovot,"Herzl St 208, Rehovot, Israel",ChIJ2aEZkFmzAhURNDixZ1Qd7dY,4.2,1-700-707-575,places/ChIJ2aEZkFmzAhURNDixZ1Qd7dY/photos/AaVGc3ln6WomcGLTQMjHEkW0ImeIhb8tEpbLTqENTRw5KT9IbQYopyDGztCdpNvnzXAYnpYa5Rx_zw89nZg36kzfCR96487CNDzmFld2QG--g5coQpzGxbhO5pyk44bldQQstbOSig2ycPFv1uUnIFJx0Di4Ub3h_ud7rnSI5IaoY6kzg5f1ngWReK8C_GuwNVYPP-xMdxvBfv-zqaGps468MNckhFPObfCueo4E50HFAEseg87A-FqbOPJJ9147_5BhOrYdWN8kei5rb_fVK2aHZdfYM5qeyuqkhXq7ZSMem2wFtw3eQAmn4abEGjNDrjeRre2-zLSesfum72hDedWA2SV7ztOuU52fX4ePwsHV4Btyz8HBQCMp4lWoKTU3VECOFdyArPhrBhTcgiJQA-a7capQMcRNOx502y1qwd5Zkr-T2DM2
5660,קפוצ'ינה,"השופטים 5, רחובות, Israel",קפוצ'ינה Capuchina,"Ha-Shoftim St 5, Rehovot, Israel",ChIJmzTSpj23AhURp1Dd6L9RQ0g,4.5,053-598-8884,places/ChIJmzTSpj23AhURp1Dd6L9RQ0g/photos/AaVGc3khBP6239h99IhXJdBQmM9_0NAO9Ol3zd6U6FpLLd3CkrrBxFjP7_BKH8JZWSpii1fnU2vtj0Tfz7Vx2yoUNFJYQoMu_mIyV1l0fxxBrv1Vi67_-h5MTq8Pdc6A0tJzNMWXMKpwUIUuiaxVG7LIu3D_4t-gARD2P1qM91Yl2NWHVcQ04-Z3UILbmzOgglniLYSTDqpdLCgwpr--t-ISfpKXhlOG1TRLU1sU3_OoKA_yvhI9R9lv9bvyrUoRMMHktKA68H_snYPI_JlKzFxGZ1kHXFMvS34-PmopkaaqEKarth7tJq9AT6CB3pfEPKj9akc3CRM6wMCY2xappR7G7aHU6-yCjH2IZg396Ee8JScfVhgBDSfNa5HhdJwvkYZlsGDUDcGeGjUDqL1EnDy9-cqPM8UV5vThRimX8T4TUoiZPQ
5666,סושי הגורן,"הגורן 2, מזכרת בתיה, Israel",סושי הגורן,"HaGoren St 2 א, Mazkeret Batya, 76804, Israel",ChIJAQ3QqIq3AhURM6pXaYWzPg0,4.7,08-934-9802,places/ChIJAQ3QqIq3AhURM6pXaYWzPg0/photos/AaVGc3nUYVHYgFdMnexgIqgQAemajoytPo3aC-6DMJA8056ZeGEuyI4tOBsiE5g4bnVNnyPq65H_aPY282d_7F6EowW2uKCBmIOqbL7mT3gb1r1gN3cYBtw3sd9eVzIEs7MKaX4bMVDKW07NHFGpHqNXulSyMbPYMHBRrHYGB-r4MrUxggMKsX2Eo_1ymFY3vmjI7GnGncBC7cU8vy40IkUAznRgr8sdI_ByTkI90zTN8xMV5QR3-2aivGaVFireH4l49h6nkwhZtjF8Nv4r1dNi_KYI-ZRgq7kdRp4enaYzA-cwDbNfNQHlJT9QUoDgZe0aFKLAtgAVPebsmRK2ULLKedNhUqko5kR7Nsjbx_x8t-CkPowH68iPbefQJ_fhXpsNRhBs3lhUgNLf5rhCpcam5qHlvV4rrKRXqdMIHzFma7z3oDw
5668,פיקנטו,"השוטרים 9, מזכרת בתיה, Israel",פיקנטו - PICANTO,"Ha-Shotrim St 9, Mazkeret Batya, Israel",ChIJKwmhzai3AhUR5mYQ8mLpSR4,3.7,08-995-6565,places/ChIJKwmhzai3AhUR5mYQ8mLpSR4/photos/AaVGc3nIBIxwO4bAg61o8FAINjWrDJVlmMJA53ewLoIrFp0WHp9QFRs8BUz5E0vJm6LfCraplm4NZkgDfPah-qhPLesT2KYMGEWyXXJekqScSxVmMt6HgKTV7urK8d9-IJGfEJOJQVPXdt3RULE3fUh9fsKAo1OTGvgI_pGUgV3GkCvAH4ZQrjPcxxx8Hsrk0NF11vzJuYm5BSijZkuxffPh04SKyO6J11l2tIb7YEPrN9yujPfmucBofIK2AyII0sJjUvABDNiGRcFXY9Fv5CWztW36mMNpNoBOPLNi98zXPbADy8K2hxPFSKzFSrxqOvNYmFj5YqKcFUekPcXrxhB__UDcQyXKRxfARxDJfDwZUDULBOTsoIhG9sFkZpCc3WK1CRZq8eLVoGUxi7HyQ0MVviHJXRqPa5Nn_vZVWbBI8CQlWqZ7J1UCgF3Ug2XzyXVB
5673,פפרדלה,"המדע 3, רחובות, Israel",Pappardelle,"HaMada St 3, Rehovot, Israel",ChIJt4zaHj02HRURIBAjLvlJ97Q,3.9,08-936-4422,places/ChIJt4zaHj02HRURIBAjLvlJ97Q/photos/AaVGc3mT-xaWoG64ol3AZNemtYpwxewN7EczDoeHo0AbHIDwkSuGnsvLkeNWPPXAjARgazj2zQ3I0iV3_q5bm2u0cXhgIf24l_aWvHMOQUoRbpm8NRNmP2PykFIJKmxgRCqyBp4urgHIDoQxDVliaYsj61utVTHB8RxgFfnNmhXAmMZmbpB17dPg6zYz6WQ8nTR20PG8OlfueaTQpQm4IZPvD7WjVf433AsD2ImLQ-qFBgiga59ZQAYRCChlqVE3JfBn7TnreUZ_osUF70qB_cc7gDagmyzBBo5gGH6EuzC10qWgncTETudJgHbcsvxK1dT69FiujJfurbwo-MbEc2rXTEnLQvOUdkEdxg3aG4DqW1LMWAEMmKy-OwrQx-SkRpuVEGgPrWibPIPzaZfmLN-xyfqwcNxANPDehHbmJU7MHILPuQ
5678,בצלחת רחובות,"חיים פקריס 3, פארק המדע רחובות, Israel",בצלחת,"פרק, Prof. Haim Pekeris St 3, Rehovot, Israel",ChIJRY2pz-63AhUR843ye-beQzk,4.2,08-859-0888,places/ChIJRY2pz-63AhUR843ye-beQzk/photos/AaVGc3nhtK6PDInH0Uez5eqonGDP1W8BJqrVkV0fygoNfJQwxoVDECnXxQHaux39PQML1z-6GRg1YYmwpVt45kzmqwGUXpha38qIKgPDmwrGylbP3pIU2QqCWEin11zc8WF_w3uZ09eh5HX6IJtZRpXFDY0bLpqqusKVWM635BYGYtZtH__fV1-iG1_u2ehcjITfv1HoJ-gAkCii8RaFJ9ykHk3bxm6WN4Y9WOunxqHFypnUxksX192WsbtzU0SzJ11pwPv1d1XGrPYyGOJTFAVuDlpgf1nq_nnSdjpqZsufazVOO3w9rjlpFLdxWBiLcUy558FTk6XCRhxd8hinq6oiW4POwHu4koYba4pFQHP2IFPn67grL5UZTtNqwINakA9thusavFvlbqzFYaONnw3xFMZk82sisiJohozXZjLUlQuJow
5679,ביפי רופין,"כפר מונש, Israel",Bp ביסטרו רופין,"Kfar Monash, Israel",ChIJ6ZPmauIVHRURcb6pKkOVUSk,4.8,09-788-4712,places/ChIJ6ZPmauIVHRURcb6pKkOVUSk/photos/AaVGc3mgUpV3aYr1QAqA4ywohBLkZZxTZLf4M3tCNRlJVTciiuPeN481oVuYqai5O9HmQGNAeCUFGmPxVQoq9Kzb3joFXqOYfRPzHYAHuI3M6WB-M1xQ8CdiVOIL1pcWxbCVsHbKJ38BTEyVGb_PTo5WmvDCEB7vrnZUGpmsBFgIfc1NFmwVtqhh5JJ91TXpuneQ155oBW7rDzMesBKoKO26XhyKjooGKkJSjHP3uxSucMpg3KtyNFI7Bdw3gjCvRfaNS3G1ebVsnB87uQH0nU9gHU8bt17VROWotqi0izbMTTJeK1PDsNQ9ibuA7s7r0dN3WgXpourpc9_F3Sbw72FpuF-EBLUO8VzCr0cjko-lHGeAxZeTJvIh-4yMD19HrWPkpz6sADfeidTXJbGml5cM3r5M1D2Fm9JuE5wCr_1A_AuH_-s
5682,הפורטוגזי,"ביתן אהרן, Israel",The Portuguese,"Te'ena St 6, Bat Hen, Israel",ChIJNQAX2wsVHRUREXSMcjKCeWE,4.6,09-953-1549,places/ChIJNQAX2wsVHRUREXSMcjKCeWE/photos/AaVGc3mLwu86YLbWxGlgAUWWbTU38hZpVJ-a6kiMNwCusITleScyf7wFu6fG7RxVcfOhKYG_JzHJ9UaGvgl_MuW0J5pG5u_RXibzoiMZD-qOH4ORjwCxWbRHtlLDN_jofJo18bb5tMpCvojm5tFg8xfcTd30yH95qUwQ8oeHU_sOjZbXLKasIjJe_dHW-BNn8ilhhz8KKHLPM7XAMyXQRiIsA4He-6-2hEkkStfgWOm1zlfE34rZBqb-adkfWXnas2rfhiJVlRMcV0rmS74WUfXctQ6SvCv51-7FIOSpYsBn7cLUI5vQogjYcHc8-Y28WXFjdsIi4UhqkilEPmfwB_LEEBWS6p9bSr3wDQRs29XLBTS5qqEDOZ2ZQ_mT-Xm61Sra-i0bpzOgiYkKdaxqXcsWu-bDBKcmaNc5tIv5aJMiY-34GQ
5687,פיצה לאונרדו,"כוכב יאיר, Israel",Pizza Leonardo,"מרכז מסחרי כוכב יאיר, שדרות הארץ, כוכב יאיר צור יגאל, Israel",ChIJqaIBMWA8HRURQmJL0FcP96k,4,09-749-8848,places/ChIJqaIBMWA8HRURQmJL0FcP96k/photos/AaVGc3ln0bKSsMAuRdzcW9amQ13mM5-s-yBciuMp6GXZyQBPObB2xJBZe41hsid9ABcQxHu_xAgCE32puncw2r5_agnKcc8ocq6LhPZfZiC7GZrvRC6VEXDQ_jD38mThvIhx0aO6_ZnoJiLMwNEzm_NExTUZY8a2uiIfTND4SXvCNfHDFDoSRIocZ5aex1DeKQo_JYpWcUXTsg9iCKgJI7ohQZojI9wZvzuesQAb-0TOmyzCLQuUamHrXYmtjDvUkSXkuWze11LOaRmA_npgABSr2emMtZhaMYqEIuIf6hjAESGLtIEdgO0Ts7F9Y1oTuKzS57RLtNI_pP4g9xlppWLahnby63pK1KwH-NUzLPNy3IaV0iNxiglFAIztxFWEaFwqpB4RK0VCGFbpPHWVbueoCYiBv8aKtI9Qtb2EE-42D9uH-g
5693,רפי בצומת,"קומבה 29, חדרה, Israel",Rafi in the Junction,"Manai St 8, Hadera, Israel",ChIJMdK1Zl4SHRURTEwhjdPlMgk,4.5,04-622-1005,places/ChIJMdK1Zl4SHRURTEwhjdPlMgk/photos/AaVGc3kRbJfF1HZaitrWCPlkM_D5Gmlw7G33kGTkCDydfhprPUM7phkZEUULUKSmIaQXcuKzockElzKnA3AhnzsHcIY43Q1pm3juopu3Va7q8swmMWFII5otrjSdJXWMc2PsINVtyNWtO5CWj9eD0aehV_XSWMEE6sr7Ca1c_64yfLDOatJUEqBllO_bhDXG1ihV_re0-UbJfsU5MBX31DeZWa8wq1QkFbnFpL444VS_ob-3rGXv2X0obhnps3h-j7BqxShusZAGo4NYv9CG8-6lRaXFwRUI-I3XzRk-TvfWyH98LpRfdSrrIf20aqrkWX9f5mwfe_rf5ossxCPYIEjJ7b9IMMUAZUIPFxRfNdJ9b3L7fJ3k83kBnBBnNIAAvl71-nBhXbheteXp0dIwnWAMcYbOtgljZU8IiamYg2RU2RA
5713,רימונים,"המחשב 1, נתניה, Israel",רימונים,"HaMahshev St 1, Netanya, 42507, Israel",ChIJvW0x6oA_HRURHHeULEwfC2U,4.1,09-835-1010,places/ChIJvW0x6oA_HRURHHeULEwfC2U/photos/AaVGc3n4VoVOY1cKpKycSP2hjwjauh2Drj11ENQldQjfGj31CCHFiFwrkaXvC96oEywoFbrPvtq6Hh_PDLU9ISmjfIeKXOojy_JGmj6JiE3W93uxM0MXqVSIRxtkblwmtBXKMyKbmXbUWKwVCbcz7Jg5eaMs3SjtJhZBagNJkpQ4_MNgUi-Fe-VCCtrql2QBzDv3VuKEks_dGnLAkGYXsLHWvEfu7ZoYoirAXLGBOlKe0lc5_zNmPPHOfUvK_tLgG2Z6zOtCbKvHVUiioKQhqz4y6g_ATOD_Y6jwrfvSVM7yJJN0V2vJTEYJGEQgY245pkZ_-to6mOxr6rNorKVjbvhRQslQGkTcO-O4wxZCZb5GtRozs0kLfKdKaMoFAUsLPe7JsC8NLqY9RxxYrlN_tYnJxPYxglWvVKotwOkOuGpo9DKjJA
5714,המוציא פיצה,"הותיקים 10, גאולים, Israel",המוציא פיצה,"Havatikim St 10, Geulim, Israel",ChIJicaRb5k_HRURInAmUOH3IP4,4.6,09-778-7679,places/ChIJicaRb5k_HRURInAmUOH3IP4/photos/AaVGc3mcnFr1kj-9E-xCtbNsAUOY4OjAUrz6UcoWYb1y7kOX9AEGW4eYRBnar4T1g8k9hvygTJkFaRzkyU6kJVmzRIDPyvNK8LEKIRuZHyV9EHQfiMA4pgv8OkrZZ_l3aGCTdTii-pSmXhbnkNmHV5daL88yJyOlfYq7wFhqy2AjCwho4i6WkBZWGOO3osAyP9r8zf5Oj9ZVQilCRkgMH8cCskcjtUGQb2SmCATKd71GuvIJCE3cOy7bX3yK3UY-iKhAuaW2D5YJHqLBYJFAzZcAkCz90YRahEiHBvaav5ETM4Y6ujkSEMH5ipxp1TNxkh3qiyCVTT9EIS1b0l5KxnLaqdYFYMpJvB2m1q6ItAUt0-fOT0yb7BofXRHYBIhWQtmUFL4XNzN4I82dVUaQW2Zerc_78Xvjk_GeefFlGU5GJWIL8A
5716,טוקיו ביג'ינג,"החינוך העברי 6, נתניה, Israel",טוקיו בייגינג,"Hahinuch Haivri St 6, Netanya, Israel",ChIJFTeXI-8_HRURBpDWSgKUt-Q,4.3,,places/ChIJFTeXI-8_HRURBpDWSgKUt-Q/photos/AaVGc3luFRmuwro-3XussvN6tWq7nZi8RwRPuHUXPXTgwNMlPBbY2qwF91lRzkNqSk8gr9vhFr9-MbW0lU1x0A-2tPrXIAOl-x2q616UjOW3DgYE9FR0czfkLjfT48-ThTZd71SjO3FoK4PSwwkkgRXqAcNmxi_f92vrViT0SuPtwHQDikhBGv-D_WZJp7z6z-BoMG5SyiExn_OP1DNwAn2ybW4O-UPEszqp_m4Yi-ELFoPPMMdaFBmFujEEv2_JqjcCingqq6TXCgJw6aNxXpspu5lhcpQX0FQAP2-_7TIHWG6tgICj1HyOxKNOBb5fm-oPpA_7ysAlxgteT3PcJl2VLSFmN3jJo_S1Oru0C4sBLbWXav3sVPf6V88GmltPnbedc1lbjajxYokLw1VLGL70cx3Ce903Pok1Ol7dIMwFHvXpwA
5723,המעורב של ניסים,"אלון צבי (החלוצים) 3, נתניה, Israel",המעורב של יוני,"Sderot Hayim Weizman 2, Netanya, Israel",ChIJ_UOG_qdrHRURomb1PBY9WfQ,4.3,054-604-6757,places/ChIJ_UOG_qdrHRURomb1PBY9WfQ/photos/AaVGc3ly3cFHUo8ecXLx7JnSvj4qwKlGmFLtnWmMohWdmhefFPimTWpLxalGEa6HdTppbgfIpWgWaC733XQPxCwk_HpitwZ6rW_V6VcXxAN9mhTpzLxFA_A40lFBAbVZs5_9u0VHSeCRkxCYm98MlDYU7l9VbxMRVBRxrfNgnFZVIGtZiCtfPlA0CLmOPpamrGq1K3cwgxT6HtcTzVT5BHIKq4HfU3MQlcj7RD1acbvhYdgxNs1euHjdAIrQDxA2r4_US22_A0WQ_NnVvsdBaZ_ZQXfrAEMKvJfH_HeYOyu2B53uLDahLKHVO1uj5DoXx_uR5v-ErC_KtXYgoC4TGDOo2r2h4ihBatrcf0plism7UBMlVvmXFjeIt79xJy1fCbHPMbSIdGjTf4gYBjpAZDuD5EBICkUTZdeBkOu_ggo8AfTLlg
5726,סביח אל,"הראשונים 1, גבעת אולגה, חדרה, Israel",סביח אל חיר,"אזור תעשייה אולגה 1, HaGdud Haivri 1, Hadera, Israel",ChIJrUmmZuUTHRURCGAcFWH--y4,4.6,077-430-3566,places/ChIJrUmmZuUTHRURCGAcFWH--y4/photos/AaVGc3mXP7IorOLwBTw6BQtKnIejdnOuWi7Nkic4DVLVdYH_hU3wWVTJyc_-l1FvQVyhkhm91B-dz_UJKnvlFZZqGdzjM3AbjnqBGs-FIHWQN6m9TAb_5rMuvRW9oLA2o96cFZ7giWosEBiAWwSyxS7ppL3uQbD-SyWDLZqnPMUGy0c0NI-cK-P0ydkDDfubul1myUUb8vF4JihpHRi1Fc50-PKH6FrVtfkNkzwtTWwmFNQi49bhcO-jT3OmHd8Jtox1Uhni5DzsxHe017E2W7NKgeKY5bqM7OIsCi4VdZynpIPWNdoMteJ7oF3iGWqAWY-E9Lq2sjqFgHKBG0JJxrovi7cpSLBn1ZvTNPm4cUFRs7GLrRdTTxzfcVSJ3hhNYP5ESwDnr85Ma8FjHHwXucz4nklroBL0zFSf0-DdyrmmhHL4VXAu
5730,בורגרים,"גלגלי הפלדה 5, כפר סבא, Israel",Burgers Kfar Saba,"Galgalei ha-Plada St 5, Kefar Sava, Israel",ChIJZ3FN55c5HRURzuALs0o4cZQ,4.2,09-767-7660,places/ChIJZ3FN55c5HRURzuALs0o4cZQ/photos/AaVGc3k-B8Bui85dMQxWoD_N-fClj-YbTLa0xWjU_IZJYT9PAuhQyGgzExBzqSHAnO-F0fWbrzbY9O5M7f4XqjbQhnQVaWx38ECqSRy7Nh4Uo00Sb2kCvutlz1OFob4-OdNC0WrnBHvMT_HAIp-gppPmacFvyoJqosiMw_LGV6WT1-pxs6OCBcLZbAEUsuUykxERpgz4PCx2duiOSOpWOQ2pKMrDx6KxLtfOaS1IeaLiElBduhIgJFhZTeIDStYfRmaxUVYlG15SfLC0FgNmDiZ4ZUVF2TuQ-XdqCFBZfcPbAsT9d8gJmeUdW1QWEjMx-9XORKELvJ--1uRIiPuhIveDK52KPreh1gGbFk3MghrlFhFD6K07rnhUl6DP9Vag7qVSMITkfanW3Gm80G1vz2DsyrH1sXqPEw1k4nyEdI2imPTM3oL3
5739,רג'אנו,"נתן אלתרמן 44, הרצליה, Israel",Pizza Reggiano - פיצה רג'אנו,"Natan Alterman St 44, Herzliya, Israel",ChIJo5tdfdhHHRURTb2qgothtYE,4.3,09-880-1555,places/ChIJo5tdfdhHHRURTb2qgothtYE/photos/AaVGc3ktjL3rC7GzlWS_l9JrQgh12FtBXJHWCxcsr0xqH0VOGhOUOis04tCiCDQ5Axk_tTQU5zz_1Z5MYrUTboqZGOMsGXLe_Rt3xDi3wmboYQ0pMX_menNHENd3wNtEfG6y8QqR1acvpY8rghK5R7nIxKj2zI1C2OXtTo13S7vfC8V-cLLayP1IxHWph_kZqnVfMDbRpNdzaCS7k58Ff_P_hSWF--C8fIbs3IyJvwwMrkSa62l2fcuQXxryzHT3gGWYVSCyKbU6bFEpX9Eo0HjYA5KIYwlEShGCzNpSYwaJ5fsLDQX5CggFE4fvfK7q2o3TKQQewmbIDgPT2qoU74fp5F62UW_8F4e7GkdC_-rJLMI2e3S3x6p8qdf32GWDHDKabf_SOV6WIFkmYDJSQcN56qFce-qxDs34gMwQeaFa1kI
5746,lilli's לילי'ס,"מפי 5, מרכז סוהו, נתניה, Israel",LILLI'S,"Mefi St 5, Netanya, Israel",ChIJcYYVNXlBHRUR8It8fVSga-Y,4,,places/ChIJcYYVNXlBHRUR8It8fVSga-Y/photos/AaVGc3mIGfzXibeL9GSksNlC9d8qQ-Di_QWR4jg2Qqe8y_GqKn3aPyujUacDBqkaWXn3Uw8h-rZgaA_2zHLZ0TnWP4ZbRyZ1Ef5L3HA0ZnZs5spPxL-mEr3XEd5kX0iojxtXctUgC44_PTmxz5NganWAmwRdST558r_9r4adHFOQ4NVW3EXofEjbZmLEkTiahx9YszFcMiBSeNsLH7I7Xrs863Og-ropWkY6viraAF2hdHZG0-1HCSmgA9lO4i2naDd3KkkTfTAWGhRTCwcHvk00fP-vK9rHWhu90L060mBcg0AGww3y-aikflAyWSYf28-PeDCDs6LvdF2TPIqhqKJBMvGzl5WYylKbt-HXq9NiZS81JgFHUY3N-4SZJ5HtWPYXb_g8yCYr99otm35GiO9ZhCxOzXF7mNDpxhEKerTi5OWxKgeh
5750,בירקין,"ויצמן 273, רעננה, Israel",בירקין בר Birkin Bar,"Weizman St 273, Ra'anana, 4323316, Israel",ChIJi1zZ5TdHHRURCaa12rJ8kzk,4.4,09-832-8899,places/ChIJi1zZ5TdHHRURCaa12rJ8kzk/photos/AaVGc3l2V_HkO_DO0MLyiaU9jcF0dojF7hBK4mbpSnKXTe1pnQ7bGVUVYHmvNcAEFfH4p-FZQMP2FwoB4ywwNDae_TyQW4YZNRH2AIcFUbTGxvq3qienxBWuM-aGV7pEGtCjgjFJoMrKLHWadHy6nW5uaUE7rAcWB2TPWoeIfpnfp4NljLqyw1q6FFS6hMWJuNNVZZzTqHd0fssI2ra5LJ1B1kGHbo4OREXBbnEM2ow9wAJykIqjtqRv4JUCzw20g1pPSu0fK5acKVMBsH2TBMHRumKliBtv3dDvV1VDXQ8X8N6P_rfg4MAW0FiYLb9AdH18NKYF4VIEGA_HYjf-_YuyRsG8o2WxhZumYkjyuJq-Z9WEHsj3YqlaAS1gPKQC2I1bXbbZN40QMuiungjNHctmmHklPpK_KJUJVespmusMTpD_ygmO
5751,קייטרינג ג'יפסי,"ויצמן 111, כפר סבא, Israel",קייטרינג ג'יפסי,"Weizmann St 111, Kefar Sava, Israel",ChIJNaqQM7E5HRURPnxNzLppSoI,3.8,,places/ChIJNaqQM7E5HRURPnxNzLppSoI/photos/AaVGc3lwllxfZRMz3A7YWW85ueT0OsuEmLRvBUhNR2cbCCeJTK_0_8tuUgv6cbFW4SqN9bzBrZgSdkM89XecR8bjrr_8BNjIzr_EBERh9R_BJhiO7yQ_3TwC_ByBMUzrmamr8WeBKVwf2OPeXOlF_B19JuXpKQNhLpnbiyXQ7eWIDi-54l98k1SKBhTJFc-QjX6E0GrHYyaOhgP75g5Z-3Lizixqdf3tJuYs7RSoXQ8r4WdDNPg9txTOKOrr6eSIq-kgHekxh4WzlSWPHaQyr47ciiSAh71vhIIuyGcXu4yTIggcd7w4jf4-Ythmutu0Ka_9ZyoWJCPsNDQsTsOLznkmeCW_bzLSUKeVHURCb6PdqvuZdyvnj-mfH_gMbJYCgik0idT0H_x3IVi45j5xH4UGxC6iCEbHShC_z_917f9cOFfCIcCV
5760,חומוס פול ושמן זית,"התע""ש 24, כפר סבא, Israel",חומוס פול ושמן זית,"HaTa'as St 24, Kefar Sava, Israel",ChIJg-KF6VQ5HRUR7Ptq3DS5RC8,4,,places/ChIJg-KF6VQ5HRUR7Ptq3DS5RC8/photos/AaVGc3ntDX3Soiimgz2xz8rsh_9wQEyWGsOjnTdE2-WD1RN7_eqo36fIrQLqirOW6ZvGKEYRIl791dKim84tpvjF_hUkiC_sdpG7hzBRGFk3CC6LZDkBvyEt1NOiN3eVHMN5dyf9eCrpvDLHf_SCoNA5nM_-6UIq9p8ZMP8tM-a3VcB2RqRYaD3ILO6C2grCzf6bOlCkzz2CBbBNTjIiZIDlOmMLOazZZVVKzY3eosXw6kDo9xRwHvpos0fu992rjjp5defjABnkJdZ5Na-JNA4c5OEyjbEDj6z45_hRO3rUmCl92nRxHzu7jUwNLcDdFAj2K4Q5eOVXpzhmkX0WHwX28jY5cgCTjnUBC9LQnZ8sTKeNY9L2GIyjPdrnyR1F7mhbK1ptFj5AapeMVHOvxY7taVrIs6pf21MY4NMUllp3D01utHSy
5762,גלעד הים,"נתניה, Israel",Gal'ed Rehavam Zeevi,"Netanya, Israel",ChIJ9bJPoxtAHRUR2crnHYFzzHk,4.3,,places/ChIJ9bJPoxtAHRUR2crnHYFzzHk/photos/AaVGc3nhuTFTIjEzJ7eoTIxByfcsklmoQ_UrBRmAuUvDDm0I9EEN2UIe8fNFeJxMYStqIA3kOzy_J966ir2kCKTKjoTo7_4eBtfNNP1LuhtEKF76uORqYCQD6TJAcOHkj08grN131vVwmqgXesMdsp8cihpHpDEILmLMDPcKdHj4_Bfraf-mUmYJ-tX_5dHc8VqkFn96gx71cXLAek8gCCandSJifJkHQOr2VnL_UaCaoUStUIT9tP9XX2Zx20vrvO002KiMrgXU2sDVfvP-cUaVb8w-FR00NEP__RDLf11YE815ZA0ODzUTYluPRdsTWSAHI6L6O9LjVuJRzIyh56e3q9dib7AOOv2pEz0dwl4Z5xm1bpyfxUNDpHSc3AiEH5JBgkWtLlxbrl7MAL0U_j2L846BqZVVjSkIprqJIVMfp0Q-Bw
5763,קייטרינג מטעמי ישראל,"הצורן 4, נתניה, Israel",מטעמי ישראל,"Sderot Giborei Israel 40, Netanya, 4250430, Israel",ChIJ4_iqClhBHRURc5UAar6wV3g,1,050-672-1333,places/ChIJ4_iqClhBHRURc5UAar6wV3g/photos/AaVGc3mBjNU3hGQ0pemGCCk8hL732swwWYEUJtcUBrz4b2QllXomp-FAFzm6akuitoT5Z3n-2IzlTDgVA-7vHjXRt-2sFGiHxtJkS45RaXno1eigFQhaokJwgQWR8vmYMO9ho4xWllKl3WqhUZF9zi8_jq32fzdm8YbJuidMnER8BSz-cav0KKTYYbry65AfsyzqvRrn2AB4nOkxh9oJ0spR8Dzx-fCEnw_1rssCw0v81j6kKqXo6-Pl5NEVKqbfZuazk_Dm_baE3cpXsP6akBIV5E-1mU0CdV4tCGglrg_rFALWNyoYlBr3XhFKtktPiZIbbx6SNl4THZnO4B-BiZWfYwJIMj8gwMd0sQ8hYSGZ0NQ0a6yOu7lB9m0ahWC2BwWDqb37F838Y4PovvQAHS69USY0HUhUmRPbF1LoM9bLqQ9beTFxlMpKtSIKRaoT42pl
5768,ביסטרו 56,"השונית 2, מרינה הרצליה, Israel",Bistro 56,"קניון ארנה, HaShunit 2, Hertsliya, Israel",ChIJE_eeh-pIHRURS4VDmeRXu90,4.3,,places/ChIJE_eeh-pIHRURS4VDmeRXu90/photos/AaVGc3lJimLXwuf-DHs397vho46EHvzWjdjfuyYknsKuCIq5_Lyf7nXk-POarm64IwU098jYVx1LF8MqUQ4xmn-Lck983BXrk7xW5zvWODIhzZcofdzXyGGK8NyIHSzVh4XSG1jxRlQycEiQOXgJjGJx_XPztFlu92ZrilLZzTmp2tj_Pyl8N7wzgxqDkKK_otJJEp0fvzIHYMGTeL4UffI3MXGt4DQyZDrlLpknSSkwitrB9mEnHONOsZLeQwqa98R4IJQ-3AmYOGMHoneYcxVmevkZS4TQ9JEb8b0YJdLxIYIvdFeaMvkzguVwL_1Ao6PEo4NrkNeu3AEt5B4CMeMjniL6m-jYC-z8JUoYry3DliyoduIYX9EA-l3CCWeEh5_AXA0FNjnKOnAzckd50rwYEUOGyMbJXsPdzl9A2dB0Rhpkn_h5
5770,ליל בולונז'רי,"השריג 2, בנימינה, Israel",ליל בולונז'רי,"25,, HaSarig 1, Binyamina Giv'at Ada, Israel",ChIJwYu5viIMHRURSTYRWI6RZ6I,5,,
5778,ניו יורק בורגר,"חנקין 8, הוד השרון, Israel",ניו יורק בורגר,"Hankin St 8, Hod Hasharon, 4531208, Israel",ChIJ3afJBC04HRUR60ZG16GXrVs,4,,
5782,המטבח של יוסף,"היהלום 18, נתניה, Israel","""המטבח של יוסף"" מסעדה טריפוליטאית","Ha-Yahalom St 18, Netanya, 4229413, Israel",ChIJMSTYLJBrHRURYn-5fraYRvY,5,077-437-1788,places/ChIJMSTYLJBrHRURYn-5fraYRvY/photos/AaVGc3mZLdb7V5AglvvHCvEPLBYTIoxo4J1Be4NKtMRr0eiKZcfNQPAb7gVTn0zJ6m7iLF0eARO0Cra15ce-aPbTk3yWFA-uWFFO-Oi03FpPpd3H9Kn8LvKkqxF8rOQtjPX0PPrthwU1VnJ2a08OjCvetX7IuIETiEL7nJzc_WLeLq5ZhiSBvwER8FjY0mfD1yN20psdYDrQwWGgZd8saZGb34w1BBkKvzatcvB05eH6gwLo4pnhnUjZy6X7swM0yg4YTg-JoHB0_LQWCmQNZ2wT-jqQLRrGGMxOmIpLIgvaU7AGV5Ud8fGAJ1qerBVnsVxc8G76DqhDn-dwoZ9pXDqPYdbHaJzlcMhzcJxfmSEf4wP9DV65bQ03AYysiIMlTa18ad81IcwNH6nkxd_u4xsLvC0Ab0VEXy4xnIikUpEM1HI6ewMM
5789,אולדיס,"המלאכה 2, אזור תעשייה רעננה, Israel",Oldies Pancake Bar - אולדיס פנקייק בר רעננה,"Renanim St 2, Ra'anana, 4366101, Israel",ChIJT9nTvWM4HRUR1EvpFfPCwSE,4.3,09-884-9960,places/ChIJT9nTvWM4HRUR1EvpFfPCwSE/photos/AaVGc3kyE4WWRDN9MQB3398ZPWdTj779ulIGm-g7KrFYiLhe3Fk-equ79_9j00vFLexqs9S2_bHQGArrwX_WAjEHULNyu-4DHZrukl6Kok-pzhfZlVSpVB-aJId10WfzhWusFRMFRgXpNCHkmYgJalJVBSVwpAfxGjBGpjJUDYDBcglr7UljMpXQ05k-MQamd9VvtGoXpcFW0vQNRzSkfLDX-wcomvW1PiQzPpHuhZu9VqzjkSHAaqCHgWY5HwuEt4Y7d0iHeBLAOqVRACu_b_rN_Mwmtc-eH77RkJewAen-YgtU-rMf6hJs0SKaXjlBSz5t1uQ9wJLroE7rDisw-0br4kRSq2nv9vcESoPTedW9P23txqOnquxlzBLQ8jkrFTUt3WxvyT3sf1_BNz8kZnA0Qroh3o2UtF9QhkfgdmHbTLqmHg
5804,שווארמה טופ,"פנקס דוד 12, נתניה, Israel",שווארמה טופ – לשעבר השווארמה של שרון,"David Pinkas St 12, Netanya, 4237712, Israel",ChIJYbtMF1gVHRURoqZXFxNpLqQ,4,09-955-4269,places/ChIJYbtMF1gVHRURoqZXFxNpLqQ/photos/AaVGc3mlJk1EmAiq_dR5GGfyA18Jv_yNIv0dqIjUh3IoEHHJ8d8K20prbcJZXkAwxX6FozA0YdxzkOevx_NVsUdP_M_V32c9-gzp4V1X259nhOZ3d1HM3aTkhr7g2JKGhJWpDJGJQpzQEpg4i1EUkDvBrCAeEhphgemYKR385PgTzCnJB4OuvrgFu1Zd33CQfpQYBkKBu-tcApCaP47a6DGHmwfa9K6xTqHH7OZUHKHI8nnDn_1icG1SMRWPVkhVDRw-IlXAj2j6j6LEGtmfdc0VYOcXwi3Kt8qo4Svs1xPcSrIawBsJOwNxtkAv-7VEKgVd4S1egTpUOblDMkYwX35lvu986fqnUnbGiu6r4rmflPqL2KaO4QZbZf8xuKmPCsqMu8R8c_wICU0PqEC8f3B2Cockah-HjIZJJQh-J-LpxWLOQS6U
5811,קפה קפה נתניה (חוף סירונית),"נתניה, Israel",Cafe cafe,"חוף סירונית, Netanya, Israel",ChIJq0xyC6dqHRUR0SqJ9Oc46uI,3.5,09-744-4104,places/ChIJq0xyC6dqHRUR0SqJ9Oc46uI/photos/AaVGc3m1ZYIV6GDzrnAxCsAKUvBOA7p8kdELACNsfEiL25tB7NnP4r9-LL4uYKjpIYYj4Jh0mT07RmJYBCU3KiwObLBCkzyEpAdQeYNtKekIRextm9c_dgPSaqa1p87xo059pUW1r5rb1duZQPC0yQ1tWZRivu9fHsbn5KSwyZ23IpODWcr6-EtaCxcTVFMmALEwFgKFh1lb9s9aKB5SSJwmJ06F4qsiNadjS1FP3ZHIV5luvgOqRtx5VlK4nLOCv-4YKoTo88ggHnqvkC6UB1RgVgalSvHDIdG81N-HjKmsH-VEsx2PlPUBu1cuapvng6U2pxf059I273QaOJ2S21xH5ReikopQ03b-cLSKfNt5V-kWXaad0Qb8_TFXASYiNslpJECFTesf2wj69SmlBR8pUkMQoAb_pIpUTgr5jEOjOn-zmw
5813,Burger King רעננה,"המלאכה 2, אזור תעשייה רעננה, Israel",Burger King,"Ha-Melakha St 2, Ra'anana, 4366101, Israel",ChIJL-_sbW45HRURbCEi18WCTTE,3.2,,places/ChIJL-_sbW45HRURbCEi18WCTTE/photos/AaVGc3m2YioFOTral-_GZVcqFaIQpDxie8gP2fLee-AIop2FIA7vXV3QnSw7h2m211tbmEVQtIEy9PvEgbiSrzVudlXRUsAQ5bqM-jVEMjYQiD7vwxdLwEqrsBtRRb8r0flXbFChkKiE2bSyn1dSZIuviTE7_MPvKCZHuLAVBVdQLMneODoa0YtFw0IVKSdJzXhGHq1AjdC_d2tnqQ8Y495Vdyg1PWB8_hSF6d5iflX6U2rXUGmX_S0uxobIiRuLrsE3063dRbUsH5qG-Dvwl8tSQS5qjgNK8mNfbCZpVfbOg8BmGCyAcravsCNsIa2zJNQG5HToAs4XjnQxWfFJDu80cfObYITJPPyhsh5j2Y4nSQHGXWf-hhWRYBZXmq25Ft1uYHzpnADpRvzf2SPesVxxvAADL5PkTXusVOFwcoJKIeAX08qC
5820,אצל אלברט,"הדקל 47, תל מונד, Israel",אצל אלברט,"Ha-Dekel St 47, Tel Mond, 4060047, Israel",ChIJsRpaUO8-HRURlVkVbVAInZc,,,
5826,פיצה שטמפפר,"שטמפפר יהושע 19, נתניה, Israel",Pizza Stampfer,"Yehoshu'a Shtampfer St 19, Netanya, Israel",ChIJKS3DLahqHRURoBlYvnEoq1g,4.2,09-886-6641,places/ChIJKS3DLahqHRURoBlYvnEoq1g/photos/AaVGc3kvZDbSzDzVDFlsuPrUv3KsUkuMz0KD6ChBAQ9Xfz7UGkI_lb6YllFatJG_7-zVNaoVaEgRAVIZnMI0EqIa4IezAPypZMglulAlK4lw17WPxRdRRrtt69LQvdfQts0pbPpfKg0TOVvJo-wYj2O3pHTSCkIlL6H5twK7UDopwjvZLTIDAvdyXHZwZrDZc4sLwIrCMngN4pDZ87_3TL4Dvn5kGqboTCsSJ4hJeokDTezgJttiGs7Um9XFfhq8VIyrgt2Yoxu8hKqtSS8Iytw-ph_Dr9_KZlPfx9U2fH6YtplxaVWXvyc_pwalTYMjF8u__pzxy1eztjMmV92Z-mmp3gjbWF9AVZIm45EUQqB54vHxn4AkIO9tV2h45G_RmqLeXRe8mAcXY0oLnPQTySk_eQLaGL9L1BcWFYHWPiN8zB3sNw
5846,כפרה,"האורנים 10, פרדס חנה-כרכור, Israel",כפרה בורגר kapara burger,"HaOranim St 10, Pardes Hanna-Karkur, Israel",ChIJy6a7d40PHRURr8Qb0SpeiS0,4.1,04-883-5050,places/ChIJy6a7d40PHRURr8Qb0SpeiS0/photos/AaVGc3ms3DLelaaK3SLf6cv2jADZZPy4OUkCMCLyIFPwCHsVJK9SDLZetQ3B9YfhVK3dFxqyJ8eyvShwF30IEAESBCkJakumQOgcQ4gqP49AQloH6FK6Eat2XtQ5GoddU8858PlxtIBSL4a_LqhleH11uaYNiGxwG2XLeA5gyxqOW5ddUFmJtscvCHVAO_gCqPWbdVeBSa2Zrkqj0GJMD5TB0rKALAFHXsh4LrFG4B2mKZLEhQqWjT2_rQ5xOQRzQ2PYM4HgbTP9iFBQZWAPW3sXBMbnRwS4JIJNhWvbaVQOs-A8hCoaG61CrfyJrLR0HEPRIkG8jKc_jGvpUPIKU4MGw65kodXbgdk31Wzjg_jfdFMYGmHrLNqugSzg-8ISI4A1fBcEpW4vc1_uPuHInw3ow1xgOfEs-sPezKuO6ZePPyUUhqE
5854,רושרי,"קדושי השואה 54, הרצליה פיתוח, Israel",רושרי - Rosherie,"Kedoshei Hashoah Street 54, Herzliya, Israel",ChIJRciHGYFJHRURM2TIy82N4XQ,4.3,09-958-4845,
5859,אלדר בכפר,"העליה 33, כפר יונה, Israel",Eldar BaKfar,"HaAliya St 33, Kfar Yona, Israel",ChIJzVKYKpMVHRUR5MezmOX0ocY,4.4,076-861-7808,places/ChIJzVKYKpMVHRUR5MezmOX0ocY/photos/AaVGc3kd3vTL7oxLlYLlfiwq8E9-eSWwXNp3EjoUBxqcHDnguq8AYukdkHXI_vdDyxkNTB0MxcAbWFhDmYcNsslpYzMevAVjpehxYwTosgQSrhZiFAncVN3zk39iMj6I6hVPRdyxuAIFT6A95JTvoI22GIgPRrDUYpLtXiCOzK5UzjYNxKVmCMc4b0G_4YaB8vpxpiBS4R-iPkzR3IxTyKzYKwB1w9fMH7Xo1Sq4O7HxJ_4-4DqWLTQ8n3_-CqFJldEIMAZPu6grfhm7dis__2g8daY8NvFba_we0oeDr4oEeYL3xeAVRlsaxqlP4TRlzbSueYk__RAqDvpm4v2RKiaT7rh0AwCajfYHcJ4xdp_YL145MhuWtPpuUAz67x1egtL6mu6RLy3AOrlBJSYtqt0PRH2qhti9Xtcu3u6O3-QmqgzPJA
5860,מאפיית גוונים,"רוטנברג 12, נתניה, Israel",מאפיית גוונים,"Pinkhas Rotenberg St 12, Netanya, Israel",ChIJv7a9qoVAHRURhaVhq8cyA14,5,,
5863,המייסדים,"המייסדים 44, פרדס חנה-כרכור, Israel",Ha-Meyasdim St 44,"Ha-Meyasdim St 44, Pardes Hanna-Karkur, Israel",ChIJSz4wdVIOHRURCnJGeau-rf0,,,
5868,דשי,"הרצל 1, נתניה, Israel",DASHI - דשי,"Herzl St 1, Netanya, 4240001, Israel",ChIJ1bX2J5NrHRUR6Z15H3ibdS0,4.3,054-875-9939,places/ChIJ1bX2J5NrHRUR6Z15H3ibdS0/photos/AaVGc3n2H7XBP3_klrszdLe-8rUA7bJkTunl5S2hNGIh4KhK2BqkR-sHvZe_EQ6Y9tAcYZMVU8XqhqS27BBabcd0WqJnzsth4Q88FDnnisW6fdLNdYJfsA5xuY3BNUIOemdLQO68Y8zS0Y0xbhZyd2RTYi8E_WrR48I3ZG3w0_OUH9n3aZJGhtslaKYdTuQmzZPOYtz3IikNf_IwEd97wxMyXbHlrCNMwUPg34uD7EHInZdTWJ2dKCQM1mlAQQRaX3DG980FPKxDA6MQ7JJ3k13pW7ke6rXBCNzhf5nJyzVIXgIa6tisDDCjZsIraQgvDCtOdSZFenAfCXtmIxcJrmvOf2CO2zFHpeUdurTgGaEIxwMY-4uFrzttCoKdn374zxMR3K-8zUx-qvzjNdJxXG8Vba4EFLexj9SNOpSxZYQpZKc
5885,השווארמה של שרון,"פנקס דוד 12, נתניה, Israel",שווארמה אדנה,"דוד פנקס 14, הסניף החדש, Sderot Giborei Israel 32, Netanya, 4237714, Israel",ChIJURHWVEoVHRURLuFpYQdcVF4,4.1,077-205-3148,places/ChIJURHWVEoVHRURLuFpYQdcVF4/photos/AaVGc3mly-RWYKDTlEWWfq7mFZduO0T8Q0S3wHeusLUqbXbJOREkDJk-WOSsB24_903kJ4RKT74ehadAVuW9rlnuV38TNm9ytNHpmIXTXg-e4yso82InpAtl0yT9TosIohcCnhGTXEMNJA8pDZo0G1RPPhd-f32VuvMvc7xggbstA3CZsi9j5c7tcxbDwF7O4the21jwTMsiubjg0dMlrbmkW3zesxVNrRczxsX64_az0VHEF7oTfGpw13qrbAbSyZnMQXX9SfKQ524gRg_3F_palVJWoqCKDtBfP27lPXYkeOI3OBbA64XozqgCfdBZSpGzU3-nNekLf1SNjpFUbCBKOb8IQjwQvXTLCAFQ3g5VLs_x3qYBjhc-YVWhNXbfiAAaLC7lJRK-qcGK8xfrjL0aBdu4whQfmDg1Znd5vBX38y6-1g
5887,פיצה טיים,"פתח תקוה 42, רמת אפרים, נתניה, Israel",פיצריה בנתניה - משלוחי פיצה בנתניה - פיצה טיים,"Ha-Rav Ben Me'ir St 3, Netanya, Israel",ChIJ4wOBXN4_HRURwUIP6utJARY,4.1,055-454-3726,places/ChIJ4wOBXN4_HRURwUIP6utJARY/photos/AaVGc3m53thApMuBLJLZDMZS9_Q2bS4mjw0ucy8s75qZpdkRJPnKn1V81kDrEkP7aZDxMPJPvlWRT1AfKcbLhRL9BWno3Zv-O91PiegCVgOAc05kLFEuf8fPA8CuADa3BljM8iL7bp51jtIYWo2VnMwkYbYJtOi1EQMJC1Mhk6ucDXQ7qKkcA1VsRvzpOWZQelbeLftw-WwO-dl7KIWaSfYQAYF9RR4fG02QUSeXsxmrvqaIEKikj7vabqML-CIkNcg7SQuyI2jfpFUCDSANPdsfkLma42dfakSexdKWekXj2OSOK-tgWpaPTNQYykfeMUCDvWiUsHrmiI70LHlGVTqVNUZ1lCXeQVsq0hfXgPAomaMIh_F-cnPU0j0Ve0ZvHsIPpJX3mUkgUov0iXlVIGrSD3P2GxrlBMYVa1BJH_M-yET6hw
5895,Pinko Patisserie,"אוסישקין 61, רמת השרון, Israel",Pinko Patisserie,"Ussishkin St 61, Ramat Hasharon, Israel",ChIJP_6SqDlIHRURdZSpatvUTTs,,,
5903,צ'יקו,"דרך דגניה 14, נתניה, Israel",צ׳יקו ומיקו - Chiko & Miko,"Kikar HaAtsmaut 8, Netanya, Israel",ChIJ7VBCbB4_HRURwgvrcJ6bWQ4,4.2,,places/ChIJ7VBCbB4_HRURwgvrcJ6bWQ4/photos/AaVGc3m3ZWcsFcXNzqRXo1OMxj5YbzX_G6kOmwigwFYXvkYUsurktX63fW9QDrNLGfiVpM_4uzi0HfDB6OJKuLblkbrgR1xokLVkUMrriU--CPOzVzP78PgKXhQXizvaQCPiULNCJAJI38nsovn4MqGWQ8EcF1mrOATaTgsoqphRvbWX2rLb9jWkdCCWTTmmKQ5ocMQmCK-dLnq3OPzmwAR6DlWBLhdqqXtQhOE8sDBqIqCOUWuj8qLCzEyf_wBDUXy21ZOji8Y8e7vhY0-_LgsQPjq-5cc2vGaxbab30tOeOOkn16cK7xyfEztaQGy9nCaZCtJEn1Mcxn979_fCvij1-P0NnYs9KsQo-x5G17xGPQfv2_rCpY2F7iOPs7BfgFUSjZr8Fhu2Hkdiakk-QGZ_1MoEkEmklEkyUWTaMgTDFILxIQ
5912,סטוקו אירועים,"רמת השרון, Israel",סטוקו רמת השרון,"Derech HaTennis, Ramat HaSharon, Israel",ChIJzWFNobVJHRURHzwH0gaRFVs,5,03-649-9449,
5917,Meat and Sweets קייטרינג ברזילאי,"כפר ויתקין, Israel",עץ השדה קייטרינג,"קניון אם הדרך, Kfar Vitkin, Israel",ChIJrZzo-rUUHRURu5xTame2VI8,4.2,09-779-7775,places/ChIJrZzo-rUUHRURu5xTame2VI8/photos/AaVGc3nxslskYB7DGotfsWYHML9HQcTdynx04NOMluzRkcxgdaioL8kzWbMjHOU3Ic-YyLn3B8wljA0WAbavAChC7bYtDhSBbs8LZlSrpC4hiDgVcqP6HB4AjgQwg-PnnN-U62MgjV5g79YEPDzVH5RDRuWGlOrueHhuqRXBpYyTOGrYPR0rEmnPeuv4aifuXhO49QF4T0_yWxSVYUzgGllG9EDP7mUVRXJT6J8cmsdEVDu4P_3jz6Jzfp_h-FYxQsaMRo0nAapSYweoKBoWdndK5i_CyvTAdZmY_grCye2SPD1LhtU8SdIoksfQPWTNJDKL8DhqBS1YNpZnyQulanr-pI0wsGOgr0DwE0JE5Ylxn9OmODymwPVvXU95qE9p72koQ0xzxSvI4wSDzZ3s3LtCnhGHlA4n5UCPffGlQw1KzbdO9w
5922,סלואו אנד ברו,"התעשיה 5, אזור תעשייה רעננה, Israel",Slow and Bro,"HaTa'asiya St 5, Ra'anana, 43654, Israel",ChIJFeIsv1w5HRURJLE2UzwNzPg,4.4,09-765-9999,places/ChIJFeIsv1w5HRURJLE2UzwNzPg/photos/AaVGc3m0oq3CfjNxvDVMl8yF-vRLWVaxN7O2xETdQ583qzHjiQmoCi51f0g_VRtPDGn_DXoU7nSYs14Ct9dodJiMQX3K5y90lYlSgBHPlt27PCMXpoJVCfIh5bd_4R-o8BJNHkIWgKYie7777BDTwMw19-Oao1HODsd2bN2iZkuP4dhMPDnAobKiEMrpNDlaJqhdJIy7UZOC4jfUFeM1ygK7eKOJvgg_9Emn1JLW7krsujJ_ektx3xPctm7DUaJhSj7L-Uay2NTOZ50e1DcyK6EVNozXcstSiyLhIFh2JaRgNByKcnlNPQPoJY2Vb86UiztTEOOD7dBRk0etM-lHDc4YzpT97F2SqZWlBy6jIVYbf8GEziItb-pC62u5Z6nKtyAfBu6yDrTZSkkne2kbsy9GX52f9D1vjGoPVinsK46HFQ_6iA
5929,חומוס אליהו הוד השרון,"הנגר 24, נווה נאמן, הוד השרון, Israel",חומוס אליהו הוד השרון,"Ha-Nagar St 24, Hod Hasharon, Israel",ChIJqZMSqLw3HRUR7RRcQjy1KV0,4.4,09-954-4707,places/ChIJqZMSqLw3HRUR7RRcQjy1KV0/photos/AaVGc3l0apAzjAs40p5YaUqW2vUDoEckVqH0V0cyF1MaaPRt6HByxOQWAfrCAcKHBqgpzIKR8LLMwSTxRcQDlVe67V3aqjHEO53SjXFKtQmemzToszeUtLg_QpqWpnaX52NIBsC-XSHCe-bM5MG4lQJNaEKWhxFaM9MUeX0Ywwd8xHIoQ3bayic-pCHqDtP6SmidEBCpwd-ywD6rbGgrskDVvM8q2b42ne0dkR8I1IIrwHOkQjcpA0EZegqO5UttJ8Gl_Rk5T5bUAujdFSv68RKzXpbA4zIwAj0j15Yx4FVQ41y5hsTyONeqzE_6_6wj1aTwyMiGjCZy3sJKDexj6MfyhizchlsRaqKNpyVmwXXQdwelG1JXbpcp3XdcnDRsjxiTMldBCUbEms4V8spT-IGmYBg1rUmfB_9d9P4cglkmxqfXBA
5944,מול הים,"דוד המלך 1, נתניה, Israel",Mul haYam,"גן המלך, דוד המלך 1, נתניה, Israel",ChIJC97UJqZqHRUR_FNw45xguHM,3.2,077-231-6431,places/ChIJC97UJqZqHRUR_FNw45xguHM/photos/AaVGc3nBdq8xvPSs0PDeT9yQZiX9-X_amsWhZ6eZCwLgYtJpe31IIDxEXxf_DUaG4u4d-6t3FOrvbrVLcPfAIuxIsfSORZ0zcCpcbVe4mGVcua7FMz2SzJ2vFtf_Bqt05CBVrCY3MvD7fMh1aSuj5L3P21Q0pPmTDIlIE8rzj82PL-3To38BRqrP1JrzNnUVM0ZxVixqLH-0hHqnVRX9DSjdeSmploCR6TTYF04G0s_j_TVqdZBRB_X2ODzluKkAE42kqEBtUCEwRFT-CwPGOAyHDVjBpElf_o9-Oibrq2FVFlSrsv_f6wT3_uNiCUgSoh13oVyDKWSpA1PCPynCOdkPAhFleLopGUC5apMDjGrf52p8P4DhsQT6lUAkHauMhX_3qy7nagWy_GDIz4mmhGQTiHfdoT9Zjyp20K8QYDh_tLkLhqM
5956,פאפא פינו,"אוסישקין 23, רמת השרון, Israel",פאפא פינו,"Ussishkin St 23, Ramat Hasharon, Israel",ChIJAwAwsTdIHRURsbgtnr6odJg,3.8,1-700-556-001,places/ChIJAwAwsTdIHRURsbgtnr6odJg/photos/AaVGc3lTuANGBGsVhxTZ8q7OMS47olaDv2zR651d1r77imFnJ3nvJZ5Z1zY0NVWWWc19D69u7s-WhblHhC3MKaFLHSCOzTAqA8a1pGA9LWguAR-Ng96XU12LzdGxN12IOIUGBI9x48D86r7zh-bhlptLuUSNS1MHNLH1VgWIA7sRNrtWXJynOORQFCHH_YXs31y-ajO2hBqApJddTsxe_AI5bKjXKWt1t1eZ6NVnsJivPTefkIfy9E0CuAPPw5pfYn4bXiidirhVAG__Yw2Y2wxeOkqodGtTuAk3leaXE3Ab7O7vsPZ0FUjOoByPvD6KCd0ZFzgleKT0GzQuy0mID8V2HmTKX-2Kb3w6fMSWDuMNoDj640MCep_hCzX3tclGTo6RDFrhd2--bf-08VODUStHeeXYlcCSGjR4i1EQPha67bg
5994,פיצה פיאצה,"יערה 3, כפר סבא, Israel",פיצה פיאצה,"Ya'ara St 3, Kefar Sava, Israel",ChIJx0cMt985HRURAsLpnuPM6BY,4.3,09-744-4365,
5998,הסביח של אורן,"המייסדים 29, פרדס חנה-כרכור, Israel",הסביח של אורן,"Derech HaBanim 5, Pardes Hana-Karkur, Israel",ChIJfzc_PDkQHRURKjW2RBGIFeo,4.8,,places/ChIJfzc_PDkQHRURKjW2RBGIFeo/photos/AaVGc3n-XwLXTMzQoU3U5yvtFaDKcae9RVxfG-_GvDwtCupbxVUb7cj3VuS8c36DGn78qthuUDO0pmowmBp0VSiRjZA4k7s7PEDXbCq4izaSUhXN2HMobwdjlH9k8KDiR6KRsNgolqMNUSiS9GU7tedcZjvf0zx9HKkhhOCvxPYbQkhtXcc1C1BEOwUgl0cLbDzir62pis5AyFzC4ppUXTWyJv4c7Lrw8ruvQouPyTXITmLpDS2oDXwOK4utogtSaN-bCFKNi15n18N9Kxb8CFB_hxmuFn3STUpJBd0g_eNy8H-eZwoE5OlNLoW8tcczqD2RRynk87DF4_e95XEs7aittkmi5BsIkHGhgVWbs0R8uHF-GJbSLjAvGZjn3ftRCtxGfdgmxGxTgOwcwzkpFqQzYWeAbYEB-0_1Ht7EV9DRCLhZImJd7-rQs3PSDRZazEy8
6005,חומוס פלוס,"המייסדים 65, אבן יהודה, Israel",חומוס פלוס,"Ha-Meyasdim St 65, Even Yehuda, Israel",ChIJ8-2OVAw_HRURGXt4COZPkwg,4.1,054-738-6527,places/ChIJ8-2OVAw_HRURGXt4COZPkwg/photos/AaVGc3ntNPbaJmSkrj8AVuJAnTwdyE--SoAkb8Qk8oJU9lfiv1NYb-8kUvQnbhQKLXOk62w9dc9JMf9Xdq0cp0-XchT-1MmKUaSUDVU0omm_VT0b7kUe-mJ0j6mpRUcWz9jkWTdZ-YCSZ8hfNJ6Sx8Ewz70xFb2Q324sRW9fv8sY4zEF9LN9NYOWmuNPlBOsjuAOvddDdqrAU_VG1Nky2LBZ3sbiVZBNVthqkKOFwgNlSw29Pz_gGEodel6xpkY3z-GW1txmJTfqqLKZU4Pgl7w2aDSjbndUBfTOCj27ztMUFySi678svi8w_YAK3O85eJK2RcphlWavQ7m-rBeiJ1ushviHNDqvUA0ZTEyTEOfOX6oE2sfuCISRQl5C_zEfq9e6jp-78DV3yLKPxJDhhm6VejRHrFCCbv3H7QEivaZTE-A
6009,המפגש של כושי,"בעלי המלאכה 16, חדרה, Israel",המפגש של כושי,"Ba'alei Melakha St 16, Hadera, Israel",ChIJiW30kkMTHRURprBlDixir9w,5,050-334-6656,places/ChIJiW30kkMTHRURprBlDixir9w/photos/AaVGc3kZARRVUajkwpGla-uT7ze32sgLvshzBUlDbAFdPslaaXCH-MqF3aHG4Ti5yohbBT6Q2XgAXReqCPF5FF35W2hNZhdcJxDCPTVDVG8St79ucgfiE_g9H3V8yfOl2ikzAbGik9oALX645is6so_Kk97UNeAR8hpy47HUznnvqIWWTyLpGO1ijGeYq6W1OvPrfZD60xxIUAszejMkx1T5MxUR5uL9Ws3BrNYkBuP8myJx43FxQdsODZ6UJTym_1ts6dzIVCzt5T_176Dn6uiAaRgHwq1C4UWr0iOuru9Hb4Ll5vuAV5PKtFU4D7dhX2EVvwL6JANTgZrI2jD6xyb3QLda58uwCz4UtN7MbYyHvSG4gtG0hnJHt30-Q6YDFBe9y5YkLXnpG0qmamaedCA4e9T9xTu2upZ8Bi5cnZyGv-pqqA
6015,black cafe בלאק קפה,"הנגר 24, נווה נאמן, הוד השרון, Israel",Black Cafe,"Hod Hasharon, Israel",ChIJ9waiL3Y3HRURnwxX6n3DDbM,4.6,052-342-5614,places/ChIJ9waiL3Y3HRURnwxX6n3DDbM/photos/AaVGc3k2HY0Ihizojy33IGTGT44Ro2sIEbrUPUOluMSBvGbXP_3_BfSBphd3y5kj1quyiprzipBgqigIiNAH-AfCCyiJt3PMwE6oEr736j931YyFDvf629S8fr0gmfWc7UKIxTmB1-SWP1nMDpgZLBeNYSZgvvUZNZK2qLDvDbvljyiVwGdsd46hrAbFD2_GibiyRrN-7e8_W2Qn4zSpM2xlBWL75uGkY5uSP_zzvYfEF1A-keVhhqaleXrzuhzHy-4SPCS4EuHtWcm5O0Af720oN4RiCaNJc2q3Bx3wtFAy4bx3nXlUHyZ1OQUoUqhMcMdnCMUKggc75C5tgFKp5CnbwVPzrWhBpTovLyVwnrHiajanTGmDF_NVV95gG-OqzLh6pDdjGPZNV09yyU6X7eZdN37iqaHtTUW9A5XPKhJV_Ixct0B8
6016,לחם ארז,"יהודי פקיעין 1, מרכז מסחרי שערי חדרה, Israel",Lehem Erez Hadera,"מרכז שערי חדרה, יהודי פקיעין 1, חדרה, 3810001, Israel",ChIJm02VilYSHRUR6ED48bfpr9I,3.6,,places/ChIJm02VilYSHRUR6ED48bfpr9I/photos/AaVGc3k13gNvk1uSGB0Do1U3mUbFdOElAG3TmjQFmvLjtgNiZ8YLHdm7-lG4iC2MZzkn7BbgmIQVEqFXrqitnM1yBQH7TCI6yg9zvaPFlOZquwdIUGIgcoZbhDGlW5Mn4YXn_HuBPQQPIIsBsBOAr2mE67ZI2xsOivZiMcJZ-1dDgePgD1fLQBo9oOO1Uk1xzuUsunZmetZKJ39f9YRbw3-I-NU--s98vd3s0NRwdRGWii2OwaTrmOCrwzU6fMaoxF2RyaNqleZzXttDZaGlMq_sJcbF0WtjMS2KXT56TW_hI4XzByaVCz8YEtrO4py44IMWTyIr-g9oRkHGfWTESonBiyZBshy2GM4XNz8l2RZA_FazFUitL-TXJNE31Mo328uwwtMtOftC-5jnx1bhIU-2VPHWeJfskbixJt3r699OPQIWNoA
6018,בית האופים,"יקינטון 14, כפר יונה, Israel",בית האופים,"Yakinton St 14, Kfar Yona, Israel",ChIJA5R4d-UVHRUR7ooKv_zeABQ,4.3,09-899-3777,places/ChIJA5R4d-UVHRUR7ooKv_zeABQ/photos/AaVGc3m_o1No72VgTYAGYAwOG1Xasrfp93kcbcMs-zonDfEkhTgUV06GNzQ-j7N2fX1KAAur_M6ncGbIl1fBwetJKIJDVGwAKKl6S8NftPzZVH9TdHCUDHJzz34b9N2488VQHyXPDTdb4RlNLbWOQUkkT454pTjrsPZbi8yQPNkdSRq-aqM9wGdNYEgE4Nu-NATL7N49aaXgvcaF5NosdFQC-jv8Pm4IlYD4KYiVf5P1Yd8XETExpiw9F2xl4ZxOEL-5TknTMcbdpPc9pn0dM35_JxANVFvfmzEqEVnANlGn5zB3qNKGiQ3XaD1JD7npVgl1oBoBhBBeBD7GIB42pH75QcS5eANWx8gPSIiB3x4clZrYltYLicBNKAgE8fgLwG8VepUlkbtobwmI-X7oEwCxVAmDaT7O4V6djYE5hViHusWJfAin
6043,פיצה fix,"בן גוריון 25, הרצליה, Israel",Pizza Fix,"Ben Gurion Blvd 25, Herzliya, Israel",ChIJ84pCDA1IHRURuWYPHZapak4,4.1,09-766-9922,places/ChIJ84pCDA1IHRURuWYPHZapak4/photos/AaVGc3kD17ZnJOMbrGq8g7mh26P8UPdN2u1xcNoagTeJMxUVG34i5lgXoD34l-uKZsemJIhW20pEwYJFUt0O0KM_3NqnJPeR6TOpOR6SZFEEhLBI5MNVRWyKN37ManfwEtst8RJ0AC1VJ2teAeJkVajPRc168VmNilm2JiuZ99n3e7gqfS-u4EtVzJ7BCa3m8hLnpqMjKs_G2WfvUx9G33ezM9ZGQaLBgLYshvOLt4-DdSWCvBbfmC-ZMcg8SKr4o5DlJUnd6E5N1sOczyLnzq0po31CINy9NrgUt-0bvMDEI2sB47DX5-S6VQFJTMYVx0YGDhU1HftKzMTA_PjZm15XYB0AgdvvePtksG1o2yZxU-kcc0GBIOP-ZV0RrsTXcZJpwPdY_nbWP4qla62dizegZB31lh1El7wLsoOQFSOuDztPjXn4
6050,הבית של שרה ויפת,"ירושלים 13, רעננה, Israel",הבית של שרה ויפת,"Yerushalaim Rd 13, Ra'anana, Israel",ChIJa2su8oxHHRURvPR6GzMPd0g,3.9,09-772-8117,places/ChIJa2su8oxHHRURvPR6GzMPd0g/photos/AaVGc3kv5h-twVAW_0uSzdzInENN18wuBy5tUGUgMaeAGiAVOhOcjESIsrkZjPM1N9E1_6i5WNNIdnYHka6uFnJ18vw1RabpH6yPzvoqTzQTndX9OH7-svol5TBYlo3tGWYKFnjnnV1yWl6PKl5I8mZzXqenUOX_3Lnc60jVn_C6iOvCAuNE12FSnpdaJRmd4oVNxauS3iIGMuzKrxYmVTWiur_rK5NVrIUoVF_S0VZxS8M3MWxdUCeU4QdSM3kktET9aiZ-XFo1KOD-XJT_kRbCKlUYi33eK8NLvAOLnfJp2KS2slEnY77kdxIaUbBzbPK0N_k-fwPhDIQ6O4TqB3pZ92Eu0XM1UNGWkI_rVd5THQaf5ElPFozGYVd2ApqRCq0sJVqgA6tEok0jdiJOWt9g35JC4BrqrujtKmGSe9acfyHT4bxp
6054,ברדו,"הבונים 12, יכין סנטר נתניה, נתניה, Israel",ברדו (מרכז העיר),"שטמפפר 4, Tel Hai 3, Netanya, Israel",ChIJ7d6JBRxrHRURuH_sdjvT2jg,4.2,09-772-6236,places/ChIJ7d6JBRxrHRURuH_sdjvT2jg/photos/AaVGc3lX92ZzYkSl4UcqoIkfHi_WQlla7TI1ffqhfYtm6-0I41ZiU5RIBjZTYbGHc_dacUi0oWECAKHny8tkZ9-3pqAe7ckp0KKVLv-R10lKztVEr-JwWYNuPUkLuFXSAA8NVoLVai1OYKkgKm5aecTMfdhiF61bajk7Nn_qs5_xjFyG3AVuEwiza9HGHFpR6YE4JIdXadNO5fQZy7EzmKcMffihQaTKYn7AmwIuT7q_E1agju6rHpioRiT-LwSAVIWNtdddNkrRajoA2dSa7SBUB44tBMLpZcEE3MAisp71fz60pbqepBJzZNyjyoKkIW59GYL0iQNJjOlzkiDgoXHVVs0t-RqGkPg6T6YqV1-J0LiExaxVmn8HQMWMLy6WPRbm48tsxR5RFYY3_vShb6_NT-6rQL65TpwmbmxKFfxH_V2B3A
6058,המשולש הלוהט,"שד' ויצמן 17, נתניה, Israel",המשולש הלוהט,"Hartum St 40, Netanya, Israel",ChIJ55eW2Ew_HRURnELRgZEpj1g,4.2,09-862-5565,places/ChIJ55eW2Ew_HRURnELRgZEpj1g/photos/AaVGc3mYlhODbxVg8kUkNUCk72tk0LCD9z1JTX1bcdBzb0OsVykUyxIBO-yA0Ohi0Evt3uDDxH8waIDSL3Oj-9wUD3rn946HF98CZx6BuILON_F_muhnhci73yeQ0CFrToaiAr-dyzZuAW0dvnsp_lRoUsxEGCVYP2V_PxQOIe-0JI9cyibF0WLyQ2-HQ9tcZAEvi9zeiOFvV60_IunxsN7uUcfQB2WU6dq6ypWZVomvhfcETrBoaIIjclQ0hHAz8HDRa-s-j9wbFenZ_uF0-YuU_CytNCxPeFwijk9yf1kjESaQjFaabcV4teBwbgjZzf1QBWNpuYtwImNuaiiLru3po1FjgRgeSa1NNLNYbh_iU8na8nfWq5Jd5RNzSRVVcRHKNx2V4R1MQ-qOYYfWvnb0CEgCmN6yWPPQ3E0Tpdo8oAUiNKQ
6062,Le Cadre,"אחוזה 142, רעננה, Israel",Le Cadre,"Ahuza St 142, Ra'anana, 4339900, Israel",ChIJxdQAPw04HRURtwUJAKWnpi8,5,052-624-8017,places/ChIJxdQAPw04HRURtwUJAKWnpi8/photos/AaVGc3kZ6e9-Z9wMVCX5Tx2aNt2LAstCKL7HS7HCu3WqWj5CSVgSfbJMsJ1YIqo8fRZm-yoxHf_WJWZj0YVx3OHIe3wop2n-g2VV7DRcpX860ZMavyLh1PptszDKbEladI8u1Yi6vAsQKMxh9xnQ2BltbnW3WOU2KvLFLczuzqADfBS1iWh-Ln7yqVQS3VEUgmloQLOzBQfNbGhlejzf0WDj_wNe8VaxYR209LAgXqo__Q8_47z00RYG-h9AuyITmYHQAd2phmlgo9Hkcb02L_G0jPrx_Rm88tIIxN7heMrRMvr-mnXN6lnyEi0RSPkGI199WNX7HjHJAUjPp7b2Gpwwkryvzklbuy9ZKpqTJDRiUAKX5RmiDixTCdw_gIDkIbmGWm6W63eZi1bmJdH_bcNf9tIRh5OBkrOmGSlCi3SlBIrOqjz2
6068,המטבח של סילביה,"סוקולוב 37, שופינג סנטר רמת השרון, רמת השרון, Israel",המטבח של סלביה,"43,, Sokolov 33, Ramat HaSharon, Israel",ChIJXwWzkkhIHRUR4vPPV-hO2_A,4.5,03-549-9555,places/ChIJXwWzkkhIHRUR4vPPV-hO2_A/photos/AaVGc3lhnSaa8uRgVB5_8JOMdcu4qDk4k1f-kOb8MLZt0KZR0XgglUq9zc9SB9vH1_muTh8L2jp6VIqE2fYLh-MWBvR1v7llRBAEvKxUmRqQLBW0XuMn3gUv5a0FEwsVlLtEamRhbJVBor62GjBV8jhIFv_oBgbesQuVZ0Ohj2Q1VzAysOypTxltL8Ey8oRX4G2PYLIW-WfRR-AkgD1x0T5I2yZYDgGTLkHojSKo5JTDP2YiU0aXOSv9AwiZIAPEhJ-6btWJmHBdvjsyEhHmp_3if3afOiJOm7PfaUgpKd-RFCOAA9uyxtLNnItYu9nxWUwgxF9kJSEmHzZqtLhl8n4hZBLif-zu8SSB42bNzLrlbVT3Ldwav7YlS-mVTbBpUOnwZePh6Rfnb6nIfRzUecJtkJiV7yO2TCpaRHAqKh5MCefUbZer
6070,הסביח והמנגל,"דרך מגדיאל 62, הוד השרון, Israel",Sabih Hasharon,"דרך השרון 67, Hod HaSharon, Israel",ChIJgTCdHYg3HRUR1L4ct1qctPA,4.7,09-740-5001,places/ChIJgTCdHYg3HRUR1L4ct1qctPA/photos/AaVGc3lAOQBmdJY0s34QaBP_M1jx7by-5VwWYhKKNXuhCxBFmzHzvfUiNuA6PSuOkiuUhqNPkFZbJ1RQzmPO2bl3OPuLiuLCZPofhfyD2anFEqA1ypte2NCzZgpZ5vv095MXdnKWLSOhGbqHcd5_7lBm9BTLa_7gnzwDnrz8VIbYA-PtcSKUJ9MUdK0dDECAdO7Y7WRRbMl8vVC8tbXMheHGha7PIhyj1mFG0XDwL5J6hmgLtwNE4odIQKdwTNBetIH5j4C40ybURcIWDuZylMOgqOdvyBSzvqeUFnNtyq1gZbkha689S7yz6OiQmB1UYmJ_YulDBXsN5Lj2ASw8ycbaVFyE07k_FGvq7inf47G6bs75uVxKhdc4dbqe_vbtdSVnsvYIPzbpn0-2yfUsZ_7H_AiwAjkVVkqJWzQgvN0kgdBLUw
6075,השניצליה CONCEPT,"בני ברמן 2, נתניה, Israel",השניצליה,"קניון, בני ברמן 2, נתניה, Israel",ChIJszjM-ZFAHRURxRctl6_ZNQM,3.5,09-833-3799,places/ChIJszjM-ZFAHRURxRctl6_ZNQM/photos/AaVGc3lm_cpgChOVfjNfGfeC0f5sERBh7UE-tbl89h59qMIxLtnuxMpH5F5Fs_PLl069r1bWUIfd-OPVRVDSGpnlXBMieVw_u8la9H4igqvT6fWyD15SjyEwQLA2hm4nANWjO3jMWzgdMIkLnn--w2YkaiPA0OJXRX7j0Kjtk8KBq4wjAwn_dkFRIx-XD0kaTPYuXPqHA-SZpkowbePLLsn9PvuC7Zs-btgzk7wXOVo4BHVkWh_CliH5P9M5dpgliqXMlpLZW7OXkK9UzaHtpRndsJ81KKfvVGLvMTqN9bQSd2PPdSLqR2Y8BJGiG6P8s982KMssXLW2NDSIAntZgg-Q_1tQO58mfuXHHzWB3B9uLIIkLE29Q5f_lZEY-y-cH7TcJqO8v1ImHzvGs1wWRlXcYVApxYMkX5gaY4TtnKKPJr_xFgMy
6080,קפה עלית -אספרסו בר,"בן ציון מיכאלי, הרצליה, Israel",Cafe Elite,"Railway Station, Herzliya, Israel",ChIJEUD0wDlJHRURMGA_x_cC1c0,3.1,,places/ChIJEUD0wDlJHRURMGA_x_cC1c0/photos/AaVGc3kSvpD2X09FDBZI0mzYAbu1pIyBHW6KYJD74O_oFCeOnwlkWa1WJ4lmwfCXXV3tAhTOlTxKuEhG12UlQ3TvZAdtGxvo7RKQ8mtjb8JdOMaZ__Vu-hp_BD12vChgiP00ZgtNnz1xGr0g7bhREY_h3x5rqu3RExZKX5AKRYbDJ-wRV8Y4wnRM16yxq_lSVnDyzTNpUNSz0CWf7G7TPJlgGY0qSNZPUTMJ9GaVEs3pSa0aQWbCIzrtA0i70uQaFO60q4E8SpFFpUa0mzpuJqW21E5-rKtqdjFLcokyjTq6VF5rChjFC4pZciHcB2OWGtAFyso2sWCSsMbweAVufLk6CjimbIbbNrGHY8SqGxB0yH7DNdeW3T9BA6xTfFgD_lVqgJRCimt2lKG843RubFRH9MuNFBF1LaDVnTv-CuqvtYJgziA2
6083,Pa Pa Pio,"סוקולוב 10, הוד השרון, Israel",Pa Pa Pio,"Sokolov St 10, Hod Hasharon, Israel",ChIJTdyLji04HRURrqn54A9WQUc,4.2,09-974-6022,places/ChIJTdyLji04HRURrqn54A9WQUc/photos/AaVGc3lnd2XDBk1qx3ZkHYRxT46KnwkVmUj_SodX7YIFraZzgJ1aisH3LZbz6SqVQ5ITwQQiJhEIG8wscabbz_V-cfjSc2wk4bqgRksrD4MJ7WRY3lS341z1nXOJwT7zc7dmVBNC1ouAawxGwztLVVbJ-u9acKcGNARoHFAumuZCXsXyWI761qmypCE9PzlWDsThG1Fu5vg6d8tTH9lSHJcM5bkjEzzJs4ku3zIJXYUhT40El9gHRSCRicWaJUG9SeNDa17eHpeIEbIuOEGS2ksJPRtFlWYc2WtLv2yil3p5QJ4YVvxw4iMcLPnpw7eXfQdRB8NJT02Lhrwz5mvOZ91h9_fKYAIWM2n12ZTa8yENaEg-_RRwfwwuCYUgaX2-dzFRV6u7QDyqXSCHKTfDHckcXTVOrgqDuvWuC70Tux3sAiz23Scp
6084,אדמס,"המייסדים 26, פרדס חנה-כרכור, Israel",אדמס,"Ha-Meyasdim St 26, Pardes Hanna-Karkur, Israel",ChIJH59lyE0OHRURpg6cztqwK9Y,4,054-987-6701,places/ChIJH59lyE0OHRURpg6cztqwK9Y/photos/AaVGc3n7IOB_UyeSYAcClQiu-wXqzbA8vAIkjaMji_ySy1Gn7hUo8Itgd8OYZd2e4esyU7coq3ithai0wT0fEF3WKyhzQasE6KALJpV83LZ9IUFXDGt2NPAWB6XaqJMowbBU6Cpg0JDZa2KWvyPcfHAORaw4n82cCm3JDj1Z6QomR-EQ2Ahq_n1zJjlPkUMVBo1Mf9GRvRylNpdjRnN0vo-wIhrLO2njX4tksiaDHXBrSQGf7QZcSevMhqYjXBBLsA9IISVYCHvhfBMCphnog_A1DWvsCeDcY0LmjkELxdyXwB3g9Ffu9sXSHVfB2bWoIeNgpcPzFzlIV_SshSSOXHn23tWBjUkcWXsJdkGZqGuE0ppSURz8NigNw44xRst9R-yGmqE-Pe5IXEhS53wR7bSJHxtoUt9oN0DsNXhCbU_sJgb51Q
6085,פלאפל שופ,"אחוזה 81, רעננה, Israel",Falafel Shop,"Ahuza St 81, Ra'anana, Israel",ChIJ65ESqBQ4HRUR0twoLkCkwPk,4.2,,places/ChIJ65ESqBQ4HRUR0twoLkCkwPk/photos/AaVGc3ngRhbtvvUnb137ZeQymV246vItymLIHgkAOXT91Xhakp-KpouaAFKzWrY2i2mafECa9osCCyKVo1ZOCQ4qr7M1a0XNy7evCuLM9UZb0XjMDJeOy2s2T3cGrbkjHVUYRXQ6a1-b06ts_HmXiY1ych_JQmTreHeFNfBQOwjrdiPqTiW6Hmew4ReOKTx8n7zdiFDTv_Q87mjL414G5Pwxo-sAXz_4gGAg9zInhzE2IzhHe8-tUAEdRCRLXG6mt4teQw4uNGD73TOyrMaVScuOXclohsoG--ILBKRygQcmArLi3RQ8JbTFukrW-4JIGb5bcY9vu0WdYnCbTFIdmoXGUpBwtKdMo1kAiJNUrzgful82UHC44UDymL6hWTUCRV_WIn7VmsrQhfdiOUXGOZ-7quNsBtMKkqb5xPQRtB_MThyD-A
6095,מאיר הקטן,"רפפורט 3, כפר סבא, Israel",מאיר הקטן,"Rapaport St 3, Kefar Sava, Israel",ChIJFferap45HRURPa0m3jBmjQ0,,09-963-5505,places/ChIJFferap45HRURPa0m3jBmjQ0/photos/AaVGc3ntsdy1Rv5QRe-o0jlnoA6q_UdrRnTvAgIqNuzXLruAFftH2kZnrIrXPH_QgbE49lJcAn_RDZZIFrPvQo8Vqpmsii0sGe_A9V7mjwayL1A6Lqz-vjbZMFNmF2sRsFtlG-JtfGLHWKcCuX98zC9Hcf2UFzcZYFoko6z0yoS2jlmSEv0cod7Gca1fvwdlUiuyO4nB7cTi2KZO6qFeNvtwMsY1b_aCH8Mw773LzXD1iQd8Fm9WvVESkUcVOGdQATAXaWZcBCBM7qfDNvda9AJ-8Q2k1Eqdr-onBZXn6yJe9t7wpTovJkghbKlOUcxS7A1qK2wjXfqztS1sV4EUUlCJcgpON-FU3EEX26ebXc6myV40Idves95S0vuAYv5B8NffV_R93Z4MO_SOWaqShj7BC9PYR0GvuxNW8fq-sQW7Sg
6113,אגמים קפה בוטיק,"נווה ימין, Israel",אגמים קפה בוטיק,"Ha-Brosh St 61, Neve Yamin, Israel",ChIJVSfL0YU5HRURnBeFaBdmLDI,,,
6123,zoi,"ויצמן 125, כפר סבא, Israel",Zoi Kitchen,"Weizmann St 125, Kefar Sava, Israel",ChIJxV3TdbQ5HRUR_UuRMQlbgEQ,4.4,09-955-5070,places/ChIJxV3TdbQ5HRUR_UuRMQlbgEQ/photos/AaVGc3k2-yLu_GBjU25juNk9QZ8T_1mYEbH9ffMPKD1_9w8-UJ5ZCpV7biencoe_0EWzG2l3EmU6GKl_wlCiBQAqKKZtu_b_ZozYAVXzxoeytLYg9leH8LfV6w9nTjZ4dwHTGOq-sM7rJx4G26kLmATl7j7uud8ppCA4QG7cqjJIsl1SgXpWyEaACyY-VIrmyq538PfYfaDqlKAMo2mW4C382kiN5OURIoNSoC8WwJ-aPYVTrNUPndZzWmOiAgdxqMbfP-GMv70LDXywwpdn67t8fBBRy2MbN1ugQRvjrsNp1gDzTKc8NJFbbGfoL6PNkfjGNLdPg8cSJY1UDLl0odV0We-Zo7wBqgX7SArV8q0GfR2e4KB6jq00AsLGqN9hFSv26kD2kTvcXVLg2UAOFB2Non_7zzBVIMR54-cu6_DR1RI6ABgm
6135,הטחנה 1,"הטחנה 46, בנימינה, Israel",הטחנה 1,"Ha-Takhana St 1, Binyamina-Giv'at Ada, Israel",ChIJr6dsw0sNHRURKVdviZL7JgI,4,04-830-4545,places/ChIJr6dsw0sNHRURKVdviZL7JgI/photos/AaVGc3nRgcB13iQfiViQwf-XLAFwRYeuC0zRGsDeZ0BWFqDx7jpqas_3Er8JHERSHfFmgxM0Yq2BrVyOuHk-20DUSd-O1cfL6iLVY8rm0rys0WajQZH4GpKBSNufoH9X1ljVNSL8W44MHQEACwameLBqQcfuDpZkdG9R60eoufrAkUsLZHP2Uzg2TCgwx9Fp6ffKWt1DyAshLybflkgMAuecFYUxBcIBm0hjVjM22WyNU20sLO4S0k_JffWL9b1MprgoG42eo7YzePq727aE23DIqFKmHd-ro9XNHqEDl47udzRQg__szmN3JPg0l3VJcomw7kA2wGYruvZ9CNF29OoGPecNpWpbQiPgusRrPHo-v2yimB928UzX2VFit7xh7vqHPH2wd0GYY5g3fXQyVbWwMkg48MjMGMVlJMxjXYQFtSrKvBfs
6146,שיפודי דודו,"צה""ל 38, חדרה, Israel",שיפודי דודו,"Tsahal St 46, Hadera, Israel",ChIJs1a9TD4SHRURfxFA5xSFQuc,4.2,04-632-2259,places/ChIJs1a9TD4SHRURfxFA5xSFQuc/photos/AaVGc3mWtUDZl1LQ3kdh9G9rJ4HuM7H_1DLrh4I4a7fnm3168PDkvjmZbR5CrgQbSiWo802fSYKze52GjD0uEp4sp0cSbpEkw0K_WBwe2MCJ8hi8Pe5nDuOzRknNhFjOOHc83ibv-eunO9R9HGPxmmsOYEb-GRZWDQbNjVl5_q1jnuDOIIY7Ur0nRmjpYVkgJWbRMK6MKNH6apDHL5QXPPylNHsDEOnMLDpC6adMOt1P1l__L4_8cbtjwwZkSXP2vJqrpOQCZ-v9XpHGO2HMgsCbIHZ1ikrNrEF1Brgu_wxDcdRJrMdslQneCB9jm6lfO_EM2A79LN-69_BXmdjy4LQQyzdJxn8iSek1ZLz4T8TXWreNWm0Mf_-cmL5zSLWmRudo9Q3y0biuZHuMtswPHbshIRilTVC4l95h6xvuwHQ
6149,הפריקסה של חיימיקו,"דרך רמתיים 63, הוד השרון, Israel",הפריקסה של חיימיקו,"Ramatayim Road 63, Hod HaSharon, Israel",ChIJn3dH6Sc4HRURM9NBUfZX6XY,4.7,09-865-7371,places/ChIJn3dH6Sc4HRURM9NBUfZX6XY/photos/AaVGc3kABWsR6teo3ZAjx33lDKIgHwUd1ptgOh8zcRcwBwUKe_FZRrM2e1FbQh1ONiaOfZs7x44I5u4H1ARGfNf434lw7nzlEbBfSwsT_pLRELhavkE40gDbauFaSpI1KJPw0dZpWd2zbKmMlUWbx--Nj5dDL3qP4_CbOsota8wtg0DL8JWoVVDpsf8RiFa5JeU5DYti_uOTIdsOdBnLSpeSV2MC27nLCOnErQanoHbM63wcRahZvcWPTI_Lu1srqTAnUMicJwZNq608shSteCyrosbksoMTFa-c-b2KbzLzF7b9r_KOyIFi3oXqgo8JE95_7j8EcACRWRZ1_vNJP-asuEZeCn_LLBXovyK3xV6oQx6efQW1qca2mb9nTfoi3bafYz2_Q58cE77h8z2ls7AhuM5GWUPsb__LNm_ilUzV0BmDWQ
6150,פיצה דיל,"הסדן 1, הוד השרון, Israel",פיצה דיל,"Ha-Sadan St 1, Hod Hasharon, Israel",ChIJU_AjMNs5HRURIZ0P6enn58c,,,
6168,התרנגול,"דרך רמתיים 65, הוד השרון, Israel",התרנגול - גריל בשרים ישראלי,"Ramatayim Road 65, Hod HaSharon, Israel",ChIJ-69z8Cc4HRUR-ztuD5q-3t0,,,
6185,מנדרין,"דרך הפארק 10, רעננה, Israel",Cafe Mandarin,"Derech HaPark 20, Ra'anana, Israel",ChIJ5Q5ukHpHHRURCUXyj-w5vAo,4,09-743-7447,places/ChIJ5Q5ukHpHHRURCUXyj-w5vAo/photos/AaVGc3nAvz8_ECRxd0yI3kiwejB2fgZi7tudnMtXAyeqoVVqbazr2_eOZ2MISckygsyVshJICecIRxfrhAl0jcyIBaPUU00otaozIGM9WpG4ff8nCFp1IB9x-v4m9gynfLfut4SAPEQUHRhHKs0DHsDIBH4Gp5hKrVuPsKQkbFowwm4mOGKZx43bTDcqs-V1ojWvY2nt8wmFKqs-9JU9lmK7OJrtPOOT_2i_Np47AkMQA7Oh8bRbR8TUMzNG1aXLsLW4CUcQ3tRkWqngtvEitzNyIZctQ0xuWisDF_gbkYalpezojmB59HYBDWtrzEKNak01PKZW8g2WcDi8E6aD5JN155bhL2SOP6DXUpFGGvxVrP4u_Qul-rxwjsLIu6flCfPm7JUBniduQsx5Wa4oCUcHaWbeZ2c2HMtlZQBmolO4ZVVXIw
6213,השניצליה,"אלוף יקותיאל אדם 7, מול הפרדס, חדרה, Israel",השניצליה,"קניון מול, אדם יקותיאל 12, חדרה, Israel",ChIJ4QivH4ARHRURsEZdoBp2HIw,4.5,04-643-4454,places/ChIJ4QivH4ARHRURsEZdoBp2HIw/photos/AaVGc3kCyQCkdLmxEE42hCoEme44rSGpFUNNlzZ7SYC6E8_bng1fKt7Yamr8S93B7zSPTqFXD8L8BUwUUplwQdeqIDK5PExfWEGdn7Ctj9FJfGqkXUw-z77VDSdWnLL1nZXdSvc92Gm08eI2Fp17NxKV2eeI4PaoYctGk1dg3gRSzU75J21zbaHksDzfrZFNopNK1rulBdH_Vn9chVcdGMM0NCsRMWh8_ADoR2FmRydyuQn0WsB7YjjO3Bnro2cmLSOB_x_ETZ6qfDjA0R0jZqYjSMI6n66MgZ9SWiAvcLUVDE-DXtUyimhNEU8dUxkVGAP3mM-pVGUpRgltCZQqnUmgIDs9nT7-9s558LVDY59HAaMyeY8A9KC5ka-QaT41ogYG-HIYWV0avawYYP1LrTuLmr85g0_l_GZR3ptFrzjd6knQvHI
6214,פיתה בסטה הרצליה,"שד' אבא אבן 12, הרצליה פיתוח, Israel",Pita Basta,"Abba Eban Blvd 12, Herzliya, 4672530, Israel",ChIJR4bb47tJHRURcTswZ2NURMo,4.4,09-967-1745,places/ChIJR4bb47tJHRURcTswZ2NURMo/photos/AaVGc3m-lg5kINiusMq6RUm4WEdQzJx1Iy8tJArbo_qhwOmkQySQKco5jfUhS1aZewOiwRvviBVyeBA_htKDIyPXzQ_St2BfObqYxdorCZjwsTa7a8Yt6RX1iwdwazYS3FNXZlDpZ7VjC-zwZXfiKcDXCeQhhrxdHUr-s3cJkvvEJH-852RKEDQVGy4TNoLlTMNVsXn9JCTTfz9_F7UqdxJJuLMQDjSxrY0A0nm7b1_9cjzMnqYX-9V2meOsJoA2jhx8uyaVaw7oA3pBNCBFnunIQGXVGzJPf5LoHGL4JTs_F7-XY_lj4mOd2zmX9FOYkmtZ4avAAen_1GTj2eYzL65vb9_ammysVSci9rWo5taGr7_5QSJ_TTKn0GaSs9HHjeT5_PIkQZgjP1qR20kO5kZi1c0BTwspQ_E5ZHTdT1UvlO8
6216,מור עוגות בוטיק,"מגל, Israel",מור עוגיות בוטיק,"Magal, Israel",ChIJSSJDa4EQHRURG5ZhfrKytmU,4.8,052-501-7041,places/ChIJSSJDa4EQHRURG5ZhfrKytmU/photos/AaVGc3nzQxaUcWEYL1ywwrGrcKDdIzkj0NIjhgNKyoj4gVZD1A2IJqT8DSmu5Lu9n05bAwDrwsPqEyyCufP3yiDXM5dVgG64jgnO8cdr9FCcGmRcgU5iS9rkH7QRNucI5yskWI-L_3rDpfWbdZT0cQ3MK29MH11wLTqUBnn1sqF32PJ1a-ARbOFLD_KUtvfKovL0XMtT9ZoMpR2OAHMTKhJERZWF1lBxIoP8OQTNio89dzW-DX9DTRkxyxOQQio2fi75m7eA2cjL-P7N6VIeXze5LKGkHLPmIyKIutKhm3g4WS2mFleV47fIek7p4g7LgQgPP9Vy6AY2hX-kkM-oND-tc_bEhvd2YXZ2TgN_Dl0Sg2Ghi4Aumejda-Iel6j7z-rx7DT886M6A3gmp7dVslCxVZ3BPjg1vDRUfjZUXrf_ExLY-mIU
6237,מיטלנד,"שד' ז'בוטינסקי 2, נתניה, Israel",Meatland,"Sderot Jabotinsky 2, Netanya, Israel",ChIJS8Gkcm9BHRURc_4C43UtcF4,4.3,09-832-8585,places/ChIJS8Gkcm9BHRURc_4C43UtcF4/photos/AaVGc3nnS1tpjGR3WgaO_NkrpqN7VwdfYQtDH10YFAEhpLhY79Z3tk5JgGWtxm6s-Gqme2u29ej5SupE11oPkn7qy7rh9432TW98hpWrZkLwvjIXiN7BmA-rWtW35b1zZSg5mUnxpaNs_6s5eBJV64HguRbnPbECG3Q8ILFWl1-nCESoaf__iAl2kMjbtQzrWzojkvs2VgWikswkcBxnZPv64sfPdSEjqNpinEyrgC7ZbVbAyREbBZbNMjBnVaQbC_BolFgKRqpT7lgAjbg5s9BsplNyO54wdzHfWikLxYiVQqps19ISlALXBAj2qwPgUmA6ulT4N1LPu3QNg6JHbanC50TI-90x6bHsQ6zJWAVq1ODaCzlW4A0METtNkiCX1GWXpGFUd9tSL1aRbo3SNIAksjqiQJFP4HwtG45aTTMpxs_lfOCg
6243,קפה מרים,"רמב""ם 2, רעננה, Israel",Rambam St 2,"Rambam St 2, Ra'anana, Israel",ChIJ_Yh-ORM4HRUR4Tu9dAT2v2s,,,
6245,גיא הקונדיטוריה,"בן גוריון 2, הרצליה, Israel",גיא הקונדיטוריה,"Ben Gurion Blvd 2, Herzliya, Israel",ChIJRax6ggxIHRUReGMwP2t7-mU,4.4,09-955-0757,places/ChIJRax6ggxIHRUReGMwP2t7-mU/photos/AaVGc3mzP-Jq7Mtkp890LXgLZt890dvSIzh0AkeG6ay3UTcGfgSL_9780gtZ3uQorV6sYmhgLIXRi6KibF1eu4kMCSSiix5HjCxoPzMH_08XoIVpBu6SAU4aD0i7B7J3m-vE-GCFgawZWw_FPfclyy5OyEq78t0TkdPrxN4zXRfnWtUS17ahrHZjL2AkDhQUj23ckSeiFY2qgc8Tzh67UMEtM0URbHfMdKO5NEeMBm5GMjkfVaotpdR4SUwZz2awcJHHUHnvDdEQvUsFSRU4qo7Kj42GycYs95sB5ljJCtl9PZkYI1p66cV_uXj6cHmvSdFm2cbu_9qysB-OLt3lsO2kpu-yC-oCbwcagkm4v-nCEcLiHhzGF0Cnvqm_IkEMik2MoxIwfGiV5Fnk3fiqX3dfKrTUTpg_C7HyA-lASBP11HQ-0w
6248,slice cream,"חטיבת הנח""ל 4, חדרה, Israel",Slice Cream,"Khativat ha-Nakhal St 4, Hadera, Israel",ChIJ9VCfG0gSHRURZxMIDWvNhYc,,,
6254,sophie deli,"סוקולוב 10, הוד השרון, Israel",סופי דלי,"Sokolov St 10, Hod Hasharon, Israel",ChIJTdyLji04HRURaw7cgD9Tg7k,5,,
6255,טופ פיצה,"שד' עמק חפר 1, בת חפר, Israel",טופ פיצה,"מרכז מסחרי לב, Bat Hefer, 4283000, Israel",ChIJiSDiiyY_HRURHeZe4jpQYHA,4.1,077-420-9207,places/ChIJiSDiiyY_HRURHeZe4jpQYHA/photos/AaVGc3k1tCMBXN8mibrWsyUVP7ZbW--UvWyx2PWaRDfuGD-z7ds7UmNbsud_iEsf-CFPjWalOaR0qEJfFlJU43UWc-Umsz8u1QGju9q343DAgFmMNfwzjxpbWJyZRfZnM0AIaINrGpXUxCjss-MhncJtxMkiKwQTJAFkMuuDzI7RlZv0SzAM0Bw0dugdn2R-6oTJB_dJyunI7raUmdvmGNvWY6JbboC3A0DobAwFEVZKgyjBOSfhJui-0KifssoJ_Hnbiv0eYD9v97C0NZyPZAlUcFVIOhFgMsFdI81Bar3ycE4QH75g7KGLgi0d-6SR7g-ar4X3PzZ1BW3wG1Q7Xk01HB6h2w2QxDM1El6ZuYJdQGFeR-5ZC2hh18S-kxGL7B0oh7AvoMjHQ_gWL2Ev5JjUetpGcUE8fWRJ9EzJS_lVA0LLNg
6263,ווק אנד ווק כשר קניון דרורים,"בני דרור, Israel",ווק אנד ווק wok and walk,"Gilboa St 1, Bnei Dror, 4581500, Israel",ChIJrWNRyRA_HRUR3oSZXg71noo,3.3,09-796-6446,places/ChIJrWNRyRA_HRUR3oSZXg71noo/photos/AaVGc3lqyROeUsS41lFjTmdIVEGwpLp1RTh9Lni2uZrwuyWotPDogSHcEwS2VojwDhd6kygaHtcszOGuaLGgZLFShjxVa2wRKY4f8c7QZYW4uk8_07zeyydZPIMFZoXKcmysDpogWrxa8vEWwq5JzavSJNu1TIIxDFdsBXsCMlof7xFj3TaVnQNaw_5vmSRgSDzzfPe-DZo_LuqZ-2luww_u0CB3IPiROvBTCRJTLSbZ5pP1qNQ_7pp5fhf1S_llnRvcPUZnZSIZ2sy0fhFCZFba53StVN1N0NthlmhvtFAwALYEy4Vnh2PyZWbIzycUJVZ8sLo4zlBdS2qFJHokq1j3G_ndATKfMt5TDvoQQDkKJ8eVBEHdEM4Xum9sxc4GpYDRBsfnq02eX8sZdmrO_ngho0iqm2vy6GiW3Epg4gi5H9xVUxE
6265,באליחומוס,"ויצמן 62, כפר סבא, Israel",I Feel Like Hummus באלי חומוס,"Weizmann St 45, Kefar Sava, Israel",ChIJW7mEmUs4HRUR8fLY0TzC7XM,4.6,09-773-3322,places/ChIJW7mEmUs4HRUR8fLY0TzC7XM/photos/AaVGc3nK7RodFTW4ECezsq-l-x138HeEg8Xm88ndE3-3Gzqt_vBUyz0socPWy9MbxcsfIrFaBZRtNw7u_wnemDroQ220GcCdzL2PUDxcIAezOSSLAdtmOILDDNNUMw8zZhvjhzZkopYJYf5a7LzWo7c4LHVsqIdJfn18puigj18gvq4AVqM64r3QMJU1PjM6JBFPD7J4lD6sY3Vnz3IkvpRq-5iuzM0RZyeSDmgcwk7LC-QlxyG-yRGOjuQzNo_unYPuCZKrsbIF7NqibeDGhW6zxL-omfg-MpRWjpH1_FCxfCS4MR5G3SsQ4EAqOcj6jEYd-napUioX4x7qf5AnIv5S5yi8m3_mXljZqXyZq2lIoQQGx3E90D_MFat1KRqmxCg1kpy8kIZpZ2w00zC7_KaPnBA3CkQNYuvs3u69uJVHYUr0DA
6266,Romeo pizza,"דרך הבנים 17, פרדס חנה-כרכור, Israel",Romeo Pizza,"Derech HaBanim 17, Pardes Hana-Karkur, Israel",ChIJ88BXPEEPHRURIiFjuBzWYeg,3.9,052-527-5777,places/ChIJ88BXPEEPHRURIiFjuBzWYeg/photos/AaVGc3m5h7Ci8MeBA7YsvfgHfFByUHTIVvwFtx5F8A-Ze6qVcVxY41mQBBQoV_hX86Q2OZXAwfnXTjo65p5leB1goVRy4UXYpqDsO4ce_4DdZYgGD76CKIjWZnoX0xzZIeqkMbD-cvnPpxkq5iYurYFnomabLFkB8dckhyJpcUaXEH77FfgNYFmxYwqaE_5ymLLnxeoJBR9bs9FOFCCuDhOrvdcGJ0XbRX9myTnu6hotuAazr7bCRL-MMyfbX-c78KYjww8Laz1ylJ2SHP2j5oRw4tYhOPAoJ7bPK3D1JNwQTgGpfVreiM_-dUXIP2k39p_-Jj1NM4E-p4mwQK2MAn74H69UwJTHaQY6C04gjEiT_FRoYKrIPejDcH9aL10U5iT_suTxHFFMt0DRoIlvAGN78J-iKiohq4M2542p498b9jwp5A
6272,ארט סטריט Art Street,"האומנות 6, נתניה, Israel",ארט סטריט,"Ha-Omanut St 6, Netanya, Israel",ChIJZQw2AINAHRURpR-aV47eveQ,4.2,055-665-3683,places/ChIJZQw2AINAHRURpR-aV47eveQ/photos/AaVGc3n35vCXInYbM-1NPu9KTAsL-vRs9BBMkyU17cycpqOEscYVDxEN58JFHgfVxBWG5Ld1YGIW2yslczGNJ-r4jTa3hWJ_q70RLHj9ge8spBbTWiK5w9HaIZrplRZvc2wd4VixBK6IoPSZWXfvJyztxlmKk99DllAZXuTM-dSQzOAxgy8zf9WXjE8CHEBZZHsnPO0lz7VB54CqNgeqLqbTXYPkz8O6jeeuyqbVsrUvhf2Wbcw0WRizJ5oU7omtbzYgBn8oAMx6UhhVj9Dx8Y7_NrNvW2pu2axtJAypEx6av-78EkRPFD8uMgHEKAhd1fnLFSc7rrblWzxTQWxFCWKKWUqVbLQcdddZ5fxq5Xt2RKrPQIjkA8kei33DbwV8QQ1C7Z0QxOkBWdn3nA8nx8DpWzztLerY4RCfIcCO10ZfhQlAHaiu
6274,ג'חנון זולי,"נתניה, Israel",ג'חנון פון,"Akhad ha-Am St 3, Netanya, Israel",ChIJ3yqE-KpqHRURM70nwqNNELw,4.4,09-832-2010,places/ChIJ3yqE-KpqHRURM70nwqNNELw/photos/AaVGc3m6VKAGOYy8GdTVxZXbOnCAh6RBjXo6_1D90ZD_e1FIQzIvoHbacxaEA1gtU04CRnUCdbZz6cNDtK-qlmn83kyRLh96wjrzF63u0Msb4B4ev-eOFsOBkD-D8a86_-jsiooNdbQd7EigIh71cVTgSBBYPSKVMldz1BoWtSXmVe-YjP_f_9spzZdQ46eAV0djs0iCw9wmwOYuZiojdd4z6Rte1buJo-sfUQ-cfTt69F9j6-AWy62Y39n1KNyrq4PjAgRWWpvjdtUWaX6SFboCe9tkZE7avpLc1FTfkL1G9KVwxXCPccFXHRyDyr7_4tKsfAau0zALLOazaYCTfJwIIU8mH993od1W9d-S1n-2i9fr-KQiER8ZeVq0jCcAKQEPtxzJtq8-HH8TWto9ABO2l4DKA0BUwMjDBzNtzhIfy4TU2wrR
6275,מולה בית לבשרים,"פרופסור דן שכטמן 10, חדרה, Israel",מולה בית לבשרים,"שכטמן 10, חדרה, Israel",ChIJXXdXakMTHRURTPFJW6uQAt8,4.3,052-400-0406,places/ChIJXXdXakMTHRURTPFJW6uQAt8/photos/AaVGc3l-mHgQcgaFUu8BsR45bM3z2h3qqJikiIpSN1prqn6cto3KjiY6IP9LJ5FCc9gx7-SqFgZpoZmSe9vQamLqMr4Jq9lwyPEGqiW3u4fiN_r7ENnAcCLgxzhyJNEzN5cKNazOim2S7dOp1v65dVb9dYRcOdBhEGrbDKY4cvCOA_-VIkXnoAQ2zOq6n_rR59MzR-uBgfLkQ1qoG0KcgviqDqfMtt-yUlMNzzliOLwac-gNND6quzj2spJ49RhC8-q8IMlXOSnf_hJbWeGtNX6UY49RQmKHi8t6XBhp35XC2Iiakitp6tL_NNv-E0S6bXPLxgTxQNRHmPyn8FUa52SluU4SsvhB36sOmfLkQWV5uQQJE8aje4BC89KK-l2CtKzxrTzfBN_iRFrLgngYPs4uOtpvePcogjicdey3qYxSxZcQ0nTLGDvV33cr1Ui6kfY0
6286,"בו""ה שווארמה","חדרה, Israel","בו""ה שווארמה ובשרים על האש","Herbert Samuel St 67, Hadera, 3820206, Israel",ChIJ9cDRpHMTHRURL2wprx-tV3I,4.8,053-311-4132,places/ChIJ9cDRpHMTHRURL2wprx-tV3I/photos/AaVGc3kqXF-XK0rhJy3_AsHcI7qgWnWy4iazd-VZ06d2sj5Nu_Cdc0T1IidoeIT1CDHLtxhW8ssNp97UKvBvgRvTXmNIu012xBEV07vfcc9utwt_lDdCLbEUh8VUFqN-OKec0e4cRHiFnqV-EP6pGnHII148KTQizO8dUJiPyQRJuUjEapAfa1lH0Alinpi1fw11ruWwxlBrbj_y0yEkwI3hoW_9KX-PxJnEd5DzpD3jBv-AuWDd_CS6-cYAGc4r_ofgKTAVt1IU4Qnk4hLn2T0JVtUZrxttSU5ka_r2aRLqowKyFdDmgj_RrCVskmZaPc6mA6N5-lDDk-yEKF1sCBVnvm8pXyPhsc8Xv4O2qBIDuQBC8dvoICV_35lEYpKE1V4VBiDqagbW5Ct55xDQvsukBzes25wo9H_jxP9rAoceUMHNRRFy
6292,הלאפל של אסף,"מוצקין 36, רעננה, Israel",הלאפל של אסף,"Motzkin St 36, Ra'anana, Israel",ChIJLQYWvHM4HRURyhqP4w7Gb8U,4.1,09-768-9608,places/ChIJLQYWvHM4HRURyhqP4w7Gb8U/photos/AaVGc3lZeSfPLjITeXPO2xG9g5j_RX8dZUnCpqiGyfiJ-gcJmVf5gmppz4lns_QwtcJiF9KXRgpVB83T1SnaL34pbMBp2PtPH7XYuCajqJmH6YIrSLFpufbAFq8hucEemde6qZHeH-y0Oo4vFx4B7bWC9ElM4xyIzN5ZUi6bdKeESq2PywgIsRuM9JnDVllfeSO5wvFEiTVp0Ds-pF8eabnyME2bxbrY1cnvJ8KDyjwUmb015pqC-EOMIKO1CLvm6XMb6Z53whudrR-8pPe0ToVEEWUtF8aSAfkt8493Rrjtd_SjdYlMx8uZcwCg_GQxX8meNeg63F-2i7aAfWLdzHXc-_NP-uHB55dP_Xq4pLem3962tjd-kmYlvbvgJUnssY5r9wgwP3jFZJiUZTaY7IFlFtfkB4EK_6OVVqWfQdFnLft8caZy
6297,פיצה פאפנו,"כפר הרא""ה, Israel",פיצה פאפנו,"כפר הרא״ה KFAR HAROE, Kfar HaRo'e, 38955, Israel",ChIJq6qqqpsTHRURkLgHsWhEODY,3,052-232-5912,places/ChIJq6qqqpsTHRURkLgHsWhEODY/photos/AaVGc3k6xftGphHet1NoG8rQaxPaCF2wGEnceTbN2onfE2-pUrQv13OhkwXVO05xsV1tBKV6yWE5nVx5zIW0HvyYg4nkPPmDaEAXFGxpktU9yfb7riFZB3170KXbukGDaHm4UEh7-UGJMqoXmhvGsnx6lRRKf-5nLbtCCqFtIG4qAslYw51BovHHmDOGSGe13U9nGDexEhKQcQY-B8i8tcHv_CZp71IJnZNQMA6s_nef9eg7ARSNlXbZH33k73kn3VPwTqb4Nv1JA6PB3HJcrqgaPpZJMu_fb23rh5Tbr_YkGt7BS_5WiUXEUUqlm1zVbWXrWy6ufZs18ZuiVQQoab6RRHh3-Cw0-Xnqv7_6Rffe5vJikmMCv9v46SBT9TMykHnmAuq74Y0iNG8NEB9FHLBvu-tA7uTcLyfU_qDNb4jWh0o_Ig
6472,Azure | אזור,"המעפילים 5, נהריה",אזור נהריה - Azure Rooftop,"HaMa'apilim St 8-14, Nahariyya, Israel",ChIJiWJ4HOrPHRUR6ionFZEw_Hk,4.7,050-424-8007,places/ChIJiWJ4HOrPHRUR6ionFZEw_Hk/photos/AaVGc3nzhFypuHdYr3RyOm3J0LjOF2X699tNwr7XXbdBd6T2wMpX6BaQTBTNMtEvipzMPzNnnCkpaX01xxNAt-epRoa6fXbEgz9cw7yBdEjEr-jo1sEjJQKxp6_i2XouYm0fb2Byk9C7e5Aju5quAJ0U9Rwykr2Eom0uoiaEP_8weOqG7vgozRlDcoQJ15oHQNqGlRQYoQyogWJvmeCOBWg-t_X1RT9LOB5gotQLKuVtdhSGitudVURbgJLj8ImbkJBy2ec_NmNIRMjjQG-U6NIVr05jYIuNQFMHkqlUnj3A38ye0eMb72myaar4wuDYmseHKoCMEZcRmag4EWk9RsB69YGAmGwFMSgwL_m8YPGBSrWp0TFV9BnSWzrwewSoI7OZgmTMalqTWCmj8tHFecpvvvkK5PvnbVY1B-MnlI9dMWsD8tPZKFiqxqc91dhfJmO6
6485,רובידה,"המייסדים 6, מזכרת בתיה",Rubida,"Ha-Meyasdim St 8, Mazkeret Batya, Israel",ChIJm81Bc_-3AhURNqbWzIIod4o,4.6,08-623-9864,places/ChIJm81Bc_-3AhURNqbWzIIod4o/photos/AaVGc3nARdEU7-k5-6fyk9kpIszlpXAL85W9HkP2nCJlcLAdkC9hdBzTjh61Yk6e-Gst1mOb6pCvkAahZ44QTfP5AwnE_xhuG2EmQl_Lo9vZub1NJM-hG4BDr7iFncRpSeNLiRDKyRwSqcX6uA1xAcMasXmpyJ7rgROy-kiOhFXq_uTjutjlYSwv3sx25wt5jQCrtGSWABYnF8efz_snYAHLGOdAHZzbDWaXKA9iOjIDiXuJkYku2wgPX_-NBy4vywgCQmI0FGtZXyS2jTVM8fQ4C-Mp9zaYt4cK32Sm-JS6FfnTjUcNYuAGZLAaIMLn_KILJZRWLbVY4mleKilnFXkDj655qefxYeVwTn0p_ukYdpR1KhT5Qcj_dqeqTCMqIA_6t7qGt8kbrIqgqhdm5HH2iBwp8lIuOJraif3JWiSuAr5k-ld1ycms2A77Kkl7qx-y
6491,Beit Ha'am,"מנורה 3, ירושלים",Beit-HaAm Event Hall - Gerard Behar Hall,"Betsal'el St 11, Jerusalem, 9107801, Israel",ChIJrbwsiCnWAhUR5ZI32QNs44s,4.3,02-545-6868,places/ChIJrbwsiCnWAhUR5ZI32QNs44s/photos/AaVGc3l7tyxnPHMakW7GLypVmLsEHGKTegRbYa_CQC7B3kCMwkQW1FIDa8qZ71df5iHck1sZxHcLfYEVR8Z8eIEDlpwWpoNXXWgRlLu8qDZ6ORJe4JbhVE-XI7izVAFu5jbsb6alyf-6VhRfFf8N2kAvgy6H9HSwUFfiyzFKGK5Dqlo5Eyy9KyBC4OXyTOuLtOqGR9ZyIPoskc0QPe7Q_rm7Vl3Iuzm4T9E6_tEanZgcFZkvDoG1sM_2kmEv1V5AExywoXyPVWegyPQbO2YGDbiK3MHkxBxzecVfE5_KSbgyJfHUWFUAUiFN2lTwKde95TNRcl6tO5Ru2tK7kQ2YB-RuOid8SFm-VKSkODSrNzUxJdy-IR1hdqNCxA37ZSyLo9vWyMwVD9v4WFlMzFPVcvqBj6m5o5SHSekQhlK9e2dcDQHz7nbN
6494,Nice To Meat,"מתחם אחוזת ירדן, יסוד המעלה",Nice to meat,"צומת, Yesud HaMa'ala, Israel",ChIJT1nuvL8fHBURJh8BTXoSWQQ,4.3,054-211-6643,places/ChIJT1nuvL8fHBURJh8BTXoSWQQ/photos/AaVGc3myg2dEhIoYnUqcnnWYgLa-tfl6J0AglGrp1iuCNrseMiPeIiunmH2rqgbGPvC6sDsWGjmXK3itH8HArZPsboDJTF-as9H9EerhvB20z3q1GeHjxfwpkd5AI2xtHXn_wH9TzGVlpQ4tGC68YEbFmfQgGlCD-7NA3XcMTFXYXIj3N5-RxUc3ro6ExIMyieJRCN21dFa9JCnhg4nutt_8UsjWnCQNS86XobSguLGVZckole-trJWRYnEtl8RKdKEiTd2xwWffRd47Ex_1O2P7qhjASss1HTDi0fHfwtBMNbhstfyp9z0iRcYGpivwEfDsD8cC3xtAbPq11bQRAc323-crVvMJzPYjd7X_V8YdfVR7sUjY69plUt1NF3WwES8WY2G-OElo1da3wfObaz3FVbQQanW4AhzrXEqJr9Vcszo
6499,קפה יוענה,"דרך סטון יוסף 1, באר יעקב",קפה יוענה - עגלת קפה כשרה,"כפר נוער יוענה, Derekh Yosef Siton 1, Be'er Ya'akov, Israel",ChIJ108jS-61AhURLh3pcM2Ok1E,4.1,050-784-3843,places/ChIJ108jS-61AhURLh3pcM2Ok1E/photos/AaVGc3laBOuCmCwZpWqQzkynMHenCaDRVPzbVM8H2D59LeFlYltgdB7H5ulEBZGDh3oTHJwFn8y4rEx0MFVUzHv-Ri9YL-B1VqCcdGE1aZxGn0i8QuOtm4Lvnvx8vTMfURy_iZSCjhfi_VxXDWEvcO7wbENini_SjsVpl_pYg2G58yPfsojJKtDO-CNTeCAp1IO6la92WlJMic12a1wk-fRvoCQDv6OtewaB3Zy8Liko6ZYpevpoodyJTMbhABu_eiMrTBZHAymbbt-QdJrLOJzGDRs1SgANtKubSnmD4etsS4ti604WX8iNdUI8S3SOfLcOQ8qdnGTZ4yBgFeCHcdqZoUwv7Vhq5Ey-S7auJ90gnCjLhk_SCdJTDgoX6AlknSaTmRlIjsAdQiZMSHO3vT6G8CkPZYsCeI1J0ISiJt-MTIPyDzeR0_brx-HRrSjiqPL0
6530,Greg חוצות המפרץ חיפה,"החרושת 8, חיפה",Greg Cafe,"Ha-Kharoshet St 8, Haifa, Israel",ChIJDYVZLLqwHRURNPlcpZrwfMQ,3.7,04-953-6003,places/ChIJDYVZLLqwHRURNPlcpZrwfMQ/photos/AaVGc3lF9UzN1NQrSHuH9uwD0gAOjLWkT72lk6xyoa72b_T5mIFJQjlOm9HemyJKNtX2GFAmAiInz_pXtMhkSZ68TIt3BAykLVEp-5NE9sob_-4rTSU-ZbxrIBtnd7pkxYsF4UjbdlnXMJn-FRbS0LaZ9kb9dVgQezn80yUNl87yprWRQpbOHinI7k_EwlxqDlypoffUpXw3ZJChQ8YWGpxDuOxyOXhK7xwSGyd1CFA50q2l7aFJ9UPaLb_dPgDB63Fl8SQD5F6HM_MYx5TABdtk7QgZmPjjNc2VtmPn_AF1aRv06avoAmfeSW3CF4qm_IvsDycHWW9EczSJHRv53XWpWmqbHDatIaRTbRZ-vKeIiUAf76B178vQvC0eQRYNqNg9c2OKUvzjgaVliSfXMEVw8ioEI3CNWkE3U-_z41LnzvjRJg
6545,פיצה היזרעאלית,מושב כפר גדעון,היזרעאלית,"00, Kfar Gidon, Israel",ChIJrestJ9xTHBURRKqM9rO4a_I,4.8,077-780-5800,places/ChIJrestJ9xTHBURRKqM9rO4a_I/photos/AaVGc3kNK_uhvy38ONesSi9Ra1VoMOZE_CQlho4nbE4kRcjtEacIfoXH9m1W1uA4lVedWmT7sg10hODaj5WCuurcZ-eQXPs-FFtboeOlf7i9H94B8t-NMgNEmx4AjRE49GGCibDubnJFMEaBCfVIQaWCQOgqUkmfoAPHEOztMZziMnShoZ8ex4h4SlGb8lZQAvXt3Bxgg14kFEe9mPjlIf7a6IB0pcmi4KMlYTwIc7XWFTvzne4GbBWr5aTpQ_2InkUTHTVLlfLrKwueWSeXau20oQad48ffflgWtmm2v-fGRMxXPZboJiIQJwAbiFamWlu9jCNrIKCCX6QoFuqyN59PLyusyC-2WLfLy2kHctZj0US9kQ1nslZSY5L00IaNoBiToirmgOY7OdoNso2ZqXN9t6I_4bAtcxUZbUAVoHpLD3o
6584,אפסתשע,"חבצלת השרון 37, הרצליה",EFESTESHA FS9,"Khavatselet ha-Sharon St 37, Herzliya, Israel",ChIJB6oAhpxIHRURgEU6s7GuBJI,4.5,054-629-6292,places/ChIJB6oAhpxIHRURgEU6s7GuBJI/photos/AaVGc3nU4qzRGEufRFSK3XkPXVNXi0cALmC3iHI03GNSoleolwXcPZdgSvniZ034pcf5K7fedhPBMZzW-N6Dx9tO_-4uE_ru-tV9WpjgjutIuxE-xOQ6ZIDjRVp4AVXeBJwC2wtSDICWVIC0pZkk0fwOoPWyIEeFZaLXkLGyE5UW6NuRlgiaWPSiday6GPQomJDDjZ8bxDCyYXC0GMFL1T03IxmAg3C_A6SJ5u5R4wUHQ8pza8bwl3UVBmE4CtopbrohReG6UGU1GTqMD0aJS2tp2zFLA2NDXgd5iJau41KAc5yG02qpmqGHhmgzysSxmR6_kV0gT-IFQTo16--1rFfjN2_ertfG4SMkH6JWUc8D-NlgcHGbwIaMZjVkaRP1kj8STOnt1Jt45iKTjyzvOP53oPGEMvYo4ZB834Dr8s8CWnE
6587,קפה ברותם,"בקעת הירדן, יישוב רותם",Coffee Rotem,"הירדן, Rotem",ChIJZW0zlZ7zHBURRMxv8BfrgGY,4.7,04-845-5665,places/ChIJZW0zlZ7zHBURRMxv8BfrgGY/photos/AaVGc3lQEJ610xDLjrkLEg52A4ApdyzfvHknVz-o0BUFTlDtoYlYIJpeEh8bEAl_YPL74MG8VVelLK09kABQtA9PMU3LS6o0LBYSohZTK6i2XrRx688zArHVxngE-6IJJ4X1SxYJnwDz_SoY--6rwrIpVTcS936AGX8lKC_jN4svybPJ1mjdj0gh1P91g1nw41T95i6NGTe-F0jJ3m0TfUN4oYoYcfhavaVYxMdbyoLQUcr3h9haFg7DFxjSXU8qkZafTEbfAkRFMv4K6hL0qotVdb51Tqp76kGJUg5tqPPgtnHr30O-1CVpEV3bXuqkAClrUFbeULxrbihiad5YPL_9HOQZ8V9bld-yVdps6KwEIt8GNbTiG4827bzQzQCQCYpcg0CpREUlmv6zbg7lURKKAmP8vwVTaplVsTlAqzX4d0n0hx9tJ1BLphKAZA_5vLXK
6622,Etnika,"אריה שנקר 7, הרצליה",Etnika,"Arye Shenkar St 7, Herzliya, Israel",ChIJ1TnAPbO7HRURbITRLc2IbtA,4.1,,places/ChIJ1TnAPbO7HRURbITRLc2IbtA/photos/AaVGc3kp6WOPDHoIp0cTNvGyznYzx-lf9zJQNI2GAbVY2_ddZIFSLGjI9e1CSgX3Qh3olMRY3q7_L6UNlPRVBydbvb1uvs47cpV0gEshVTuysmEE9u1XQ9au2bxmW7yfufvmQHxmceWYnttaf4ZbAzVxNWAS-X-OKNYO5SGzeSK4HhAqPBkHFXethMlP9t_vbOD0cyQsCDuxPvFyDjUyyFk93V7gBbGpJ7OZWM8wmtPZS3AQRZpyNUuR3gfVILjsUaw_euE571dEmfd9RvTaaUbu1DVB3lS2eSgCYf6QmGJEFQ-fCQt7A5Yj--pfJcFkx1ysRaGiqJIoFN4EOFtdzdL8-E-Qk1zAj1MR2BhPgLQUKGkj-aYfCudNkOEnm5C59hI4joDmR8Y-5_kSmk7dtmQicgjRLFuZU3wUL243C_o7eRisplku
6628,B-FRESH - ממילא,"שדרות אלרוב 8, ממילא ירושלים, ירושלים",B-FRESH ממילא,"שדרות אלרוב 8, ירושלים, Israel",ChIJ306MlHUpAxURHR2VhvkznCY,3,052-474-2466,places/ChIJ306MlHUpAxURHR2VhvkznCY/photos/AaVGc3lYjN-UaU1eiKdTyU1nw9Giim-dh96cJd0y8US4zwn967dcaHonYbStRjRsarLu6KtBSZFg0Ew_t9fXguxRtwWI6s9WsnkLwdEedfZnOfQUprRddJUiaFWfbVzUPFEeSv7iV6i6beulFszn92QBWdI65Gbn1g8p9_zbRVu60IXWbiJnDrQb53ncRex0N0cPR1V2VoEb6f6iliwtvlLTru6bXUOg7O1yZLtNtx6_ehmJ-CQs5qmhKDABeHntD_rk8oMMBOnqJE0GK-IsOo6RZTvVuK4_lHOvqKC99D7qgOdEJunsu0y36dio6DkgkxSj5_vAo2Eog9HIMv6LJZ8pykIe01rdMwh2TRiQFwfEQynX9YQVurVducQhbB5MQxbD8RRFrg8M7eSUTZYPBY1MWowiVlwk3TIfdjE0yML1vIkn9pnvmMTLlMQZ9uCtt-AC
6629,ארקפה יהוד,"אלטלף 4, יהוד",ארקפה,"Altalef St 4, Yehud-Monosson, Israel",ChIJrRpm1i41HRURKuwn9kiDtrs,3.9,050-991-0049,places/ChIJrRpm1i41HRURKuwn9kiDtrs/photos/AaVGc3nECVXbpqulvg4R5BFkeFKAsrPVLLybz78mFoo0EozBYS4_N80Bk0P7P2mG4jjhrToiZp-SbkpqCU-YAWKB0PPS03UCYxptmGRoBcBzGorKN334N06eMG-okHNLCe3TAiGj43r5A4B5maYHUhX_2LBozQFgBm2sE0frSnOGhIuiwDJGNcNF6OP6wwbubtcFgrhBAQvqtZKNd7IzVJDELGXpD821lizICB3H0TIJWmM3Ll_cELtDY_7Ivq9hiTKYouoof4aGwnJXAX5rWEB3h_bSeDMZLMr4Av_qaE9lOKfAmyIsSS9OA8dlKwduNNbmiyiCGiG2bJ65pe3V7iJ0rPzdP4tT659Pmq-s8Pb0gsWvfiDflLXy3Z2GuAHCfUmCUZ2sLwWU6SpKXatr32LVu9LpLkFvrtkji9R0cYXvggU
6637,קאסה פלאיה,"משה דורות 1, אשקלון",קאסה פלאיה,"חניון אשקלונה, Ashkelon, Israel",ChIJ52l3rjqdAhUR6kDQWrk6c7U,3.7,050-565-6066,places/ChIJ52l3rjqdAhUR6kDQWrk6c7U/photos/AaVGc3kwafbN30UKpf4IYqWKCPLhdjm_52CTUJg45p7YiaK21QkuIC0OYs8I8DQcKRjo0WRI5qDrceaY1GfTTJNnUh1BJqvn4rb-d_XP0MK5nCz0o0pesSIa6dGNsLpYDHiQZMLrQxVv1guzt3k_JOksZ_Bo-5WiqZTD9LEq-UwLytxxb0aPZ55WqrdVAn6C7WxUAB2O7HuJZbvETlIhW7OxuLZg9360a8P0moHYeJqgWpJpZ5QVF1tPUNAMSKTuKth0ZfD71fkvekgD4zBh35O-3A5i13m665MrtuZzj-6TUAcBptk_LhCRXCKy6OnYk7wjVWQ2ppxYdJ3LupOUfTwozHmHO9xDBu5TrVn2XZd9fJBHbqgOs-9elWPbvmoqQZkh8arMBfPDUe4g8DmShjXSyFWWJNmlrg3TgECw6Rmu9BR2p9cvHu2uMySupIAXIZCj
6649,מחנה אסאדה- ירושלים,"האגוז 13, ירושלים",מחנה אסאדה,"HaEgoz St 13, Jerusalem, 94513, Israel",ChIJt_9ObvPXAhURHKvGH8kxYDQ,3.9,02-543-6433,places/ChIJt_9ObvPXAhURHKvGH8kxYDQ/photos/AaVGc3lwey9ZDH5Q0V8F1HVh32GPEXG80lYkaAp6sqAz8Km_x1gQMueGT_RMO2pjiqrv9qNNp7rdim61ALqZgWJqgIx79gIzhgVY8JmsCt0X5695C-4F5coKOKmW-gNH_VpwY6o35oSbcdWzv_Wj5lvK-84hBSaEWcV59IW5r0quXV61PydlDu362CZHRLROEpByHNriWIx-z20ZFgicsE_mE7gJ8wGmNSgtmtCdb_aQ2uDEC_CaOfH23xX35GKlxWK6o9qeknotW0jxR-DuNFOEH8zIiafqgwdclOg5YNVEhs-KxtSh9JoTVTh-JRHxBFK_LpjBWK2V5_jLW--SweJp0BjyUkuGSvQ_I-iYOqt9NW1QsEmkdzTNXtYhoB-6_PzPmUJ9LduJRaFWciTzPb6z8AcgGopTWi09KDUQ-AmNsyZPpegR
6662,BIGA נוף הגליל,"דרך העמק 41, נוף הגליל",Biga - בייקרי קפה,"Nof HaGalil, Israel",ChIJywDOfddPHBURzAtJLq9d9Lw,4.1,04-619-8838,places/ChIJywDOfddPHBURzAtJLq9d9Lw/photos/AaVGc3kuhp2mxmw6e7kzgf-FGVkuaW98Dt1VRxldHCr4O50tiigoi5gALUlEtKWQNMAbYp43dKjxA21IcjehkDqzkIAjLmb48G5ZkyBCFfRPjkT_qwRI6UOy7Y58JhWoZXmj4WTVbzf3V5HbmiHpmhPH2_dfZmHt_Kx3GFSlxh6BltfO5x2p_aEJM-X6VAWfwce24Uvjhb1p4aUtzFLO-OEpLN8G1xxWg9uwP8_5vyBV9LgGsmoYiVwv7xNRrDEnGSv4CQsXuX2r1WDP7FH-qML-kfqG6YrTtMrlxOXqdw_nwXL2bNQtxPGyWaLh7F4aFz3E9_Ctkhye4IBJYh3WT71iAAuw_8OnhHQsN1sYy0Otu6U6o4JUxBxkuv-6gt05UmaFePAiVde4oTI5047TuVcOqNB4QVN3kPG6gcWA-fOB_LfOfg
6689,בריא לי בנימינה,"השחר 2, בנימינה",בריא לי בר,"Ha-Giborim St 1, Binyamina-Giv'at Ada, Israel",ChIJQ0BROYoNHRUR6L3jvHNfSvE,4.4,077-938-6222,places/ChIJQ0BROYoNHRUR6L3jvHNfSvE/photos/AaVGc3ljSKGiPSODNOdYPqvCPnFRcuC9MCS0Gu4gYdldXZc-E5oXlnenxPt-nNb9nFBNs7y4AsCi0to4aYKBI7C-yenXF4UzWYuCtUpJ938M7drym6k7A6j-WgejKfFH9-8jwszBovxn0BAyaEjsfP7HY3dM7OgbNC8fNrCoqqdo51jaBjeZy7_XI4xMm4N250KceAF1WumC53EmgskFk_dWpmDYFwdA6z-guGoIRfDBc75FPPsNXic8Fa6I-GQaorrYXv3cHRlh4lFA18wABGfWUq64647_hdG1kzk6AjLc6RWVrChAzrn-l7t2w0jbjM9o7bVpY8SsnmsjugZTZD6fKfOwuYzC8CH1ekM8J_mqzFVhd3zsXkqhyUEFFoLWJMR7r3OCS70wSHk2NvifbXLEbIrQvBN-MRSG4IYJfSui8Lue6GyRea5u4EZK6H-px1ZW
6690,Burgers Bar באר שבע,"גראנד קניון, באר שבע",Burger Bar,"David Tuviyahu Ave 125, Beersheba, 8424351, Israel",ChIJW_rxp-FlAhUR8lMdf1rREYg,4.2,079-591-2242,places/ChIJW_rxp-FlAhUR8lMdf1rREYg/photos/AaVGc3mpWjc_e4IHIOp8ol2BZyRG6dY6FuSnjlkLdYskaYabs8BV6KdYio4bwGDa-gbrJg8O3aIjfgeNe4AxfGvAxh2a7uQ-PInMqU6hy25AWF2Us_kL-909zt1GoIUUkkMPXh1pEeYrigDDJjbDLQKqQDfq0YvOl5RpLVtKRGkHysDszkLjtR_5Mz8y82ZSi0-H74BOhAa51wifrx64DtSkLTMFJGviPae4XTjKzkoaCH5wdeH_xLiv_rYuxRcXN0KLqsLH5lNUffGoo-ZoXwd1VT0Xu3sUZh_MmkscuI61kNppEqpDUhBB1iq2PUTqe3-4nw_MolBa9lIJw_NdJS71ucmmPHJsxN63kZ9xljtwaYILq3JaGxcQAWS9bsVovQkGe6k82os1lKHGLPvZRNv6XZ48u-1SXvBpfpdxzfKcxF4
6708,Tommy's |  מודיעין,"דרך מנחם בגין 21, מודיעין",Tommy's,"Derech Menachem Begin 21, Modi'in Makabim-Re'ut, 7178081, Israel",ChIJnQJg4lbNAhURlGOmYuZvjt0,3.4,02-650-8070,places/ChIJnQJg4lbNAhURlGOmYuZvjt0/photos/AaVGc3nfDm23ezcpcHdBP1ElVwLdtEw9nvP1dlR4svn8BsGOnM01Cig8flwewWWuUp6yW3FJkwDdU0TjWDy7qXocnO5Z5Tb3jJi-xYGfKfCFTsL79nR4YtGC9HZQHsvALk5lfcm6kwZmlFOUnDKD-F2NBRLxi58ywdvnXizUFS0XAMTVMZ2bktk_KBWaM95xYxtKG1Hn49zWDpQcay-CJaHCRQWdnoAA0SlxeeYJ3JyfF08wrMBAsz4Se2JAel-qj8q9_H2mGxVlOv-7SdgnMAshl3z5wzklijrmueLK8ggiqi53u8AdPRbyZ5tRitzoxpcwVpdURmIFpEeeVx4BtjsFnm4JnxosG_vhojplP5EpHB-H5haVgznBHe3DVLkItP-sIAcVWW5h5yWiTyC3HwARZb-1Hp8tzVkI4UtShCLxZ5E
6815,ארקפה אור יהודה - כשר,"אריאל שרון 3, אור יהודה",Arcaffe,"Ariel Sharon Blvd 3, Or Yehuda, 6037606, Israel",ChIJEU_lwaZKHRURsNmqIU5Le8o,4.2,03-901-1086,places/ChIJEU_lwaZKHRURsNmqIU5Le8o/photos/AaVGc3lRwXdz2ADwcKG67bP5C8hYZIx4I0T2kWMxU7HILuJ6cUMDMk56_4tqjTYNjAbn_pvGUIGLTVW9gGLd5oAjG5NElOqJKsgIn4o9t9cR9PoAvRp4SpJCFuxOV4Qsl89YPh1FSFWBqakr1ox0tJBKFR0ahw_-X2txMBOPZUiA6Ks3KVh0SWZ3_TdLHSvgXBqhqABf7CQO0yycPQCE_1NiWPoHEBbS8ODHql3GoUmDsE5jEw67tD_8L1c1HDV_axidLi_STUNgYBr3nkGqtTvE5kG0UUgAYj5__Rsf4MbYDAoMhm5xpF8e56ME0ehSPe_gMLUvXWU6OGuMAoT5IEPtVEHbc0vgOAHnnkzgN7_gjQvQ2x2_1LzOwaPfnQLShVxgLHumWqSJ_EILNhi_2xQqzLathy5wUNH9Rvc8tj4mvBsLfg
6817,קפה נטו שערי צדק,"בית חולים שערי צדק, ירושלים",קפה נטו,"Shmuel (Hans) Beyth St 12, Jerusalem, Israel",ChIJycYVJwDXAhUREf7okl0bmJo,,054-832-1486,
6825,Mucha מודיעין,"לב העיר 2, מודיעין",Mucha - מודיעין,"HaRakevet St 13, Modi'in-Maccabim-Re'ut, 7177806, Israel",ChIJT9NxGLzNAhURip5rIACimZA,4.4,08-676-4017,places/ChIJT9NxGLzNAhURip5rIACimZA/photos/AaVGc3lrszkVBQUfwkYENpI3EF1FQe1LxVGkZvLHrZXQkcA77LJaVBJpOO6TblzSMbldtNn7jnoI4vNKqq8UuHH6t5nAQDuHqduJKAyIDCXCyxC5HYQ_X0czn8rHFTM3q8sLeA6syhEUsrVVKzbYmEjQD2Xc6lxoOii9fDV12vgda_l6rgXOAZ-eZgMd7zFKw-XnSIF4DSShA3jP5yw1NBhXkWqrZ3656RIl_ulglW0mWTJ4w5AlFoe5vanfa2O3PyrsrmxvUPeVUSpDZ7mY1BuEn71Jy4bOb7IPHI6b2YeOOOTXqClTYELmUnAxZVUR25f2QlBKQGyotPjgr6fIEQeamNhFTJopRs_nu10f5TUnQkgt4BsgvHFHW_K9JORqqsYWo7y67mRX7B0Gm0GB2dZtTityy8-DiHwlww6HUi1ClKU0jH3kcsOd0U_TSqALKCLU
6827,Yolo bakery,"יפו 97, ירושלים",Yolo Bakery,"Ki'akh St 1, Jerusalem, Israel",ChIJfck6hrTXAhUR5v7zNNFUeFU,4.8,050-236-6331,places/ChIJfck6hrTXAhUR5v7zNNFUeFU/photos/AaVGc3lLBtNTaGgkXFFcLTzNVo8cjLCVtlZRHqfJinYrB5WdWps-sfMsDLMZMDovnp7PjKd2g1sDpdQl7nOksb9gjobnWztNsCbDK9OCNkkCEGS2V3lEFAfNaDGyNuxB7oCTHo--E9RX27IXWlzW3Fkz86-xWlKFiMu6vnNBJGu1Hn5SG3hx-NddaHDEhuvJfu7yGp_1-v2fIpPOJyKZ6sVa6R6DBkur4k1q1UoeQSqqkTAu3tLxr6RddxcUVKJiP5YvplPpQdeld9fg7p5kNn7nhAeAPAdRmQ4uKf2QyuLugXoUwy3pLrTzqU17-kOdEA1wzWN_HEMeQro8Oo8pfBgXXC2E3lSTI1KZrsu3KqelWODZB2JzwBpsiCNPzbMZvJ7bJqbqGInrYOEp7mQ6b-pcsymZy-UF90bZuIVORkpXfFFW3Q
6833,The Rova Coffee House,"בית אל 8, ירושלים",The Rova Coffee House,"Beit El 8, Jerusalem",ChIJUzcYvqopAxURNl2LvOK4EOU,4.8,,places/ChIJUzcYvqopAxURNl2LvOK4EOU/photos/AaVGc3nYkIR4SSY9IH537Uy4d_DMpKj3H5u1AKniRXQIQG3zwNx4OFt8tUz1N9381vSqYIn4E7T0CqBz-F6aYo_UFwh2J_BSt6mpfzxgG_LRG4WcdehkTqp_wgj8b3SeD9dquxjQGRumjLpw3d2el5laQqPCUBXzb0gPxavvfSea8GAqLafeNaZLY5Kfp1gu3csH-cKQs1FNW0RZqADOrI0EFWqM8_ax5mqqJvNrLIqWSyT1l16E_yqmk_XUT4tGVuVtkP6i0oNGDYRyycH7AvHzcEk142JB1HaDZeoMoQGqKdGEVLCj92pSbazBTxSz6sy60eemMCFjoBt5n2Qldi6JKpf0s_w0EDvSayR2dZeUA9YI_9Ut8kWQpH--qfWSRE_bnINQ1gLZqG5AvjtjHiBGqM1piDR0s4w8rO1nXNCfMgZySw
6839,Burger market מודיעין,"דם המכבים 28, מודיעין",Burger Market,"Dam HaMacbim St 32, Modi'in-Maccabim-Re'ut, Israel",ChIJp0yVwKPNAhURlorqoLlYhmM,3.6,,places/ChIJp0yVwKPNAhURlorqoLlYhmM/photos/AaVGc3nOorUvHo-iQnzwG220TaFntLABfxHb1CK2OSzuV5nUUjqvJI1X3Jyoa9iaIEREeKqJIdgHQr2cVEbLLw6nC1zFiGQTDqZjoaf-6nJlGLUDVXcO1zQ8ELdV27OQuYa-aB6vQz-p-p_V-uDtVAcEacRgqjoYY9NW8aHoGNxOqxT9leXgFxuUpHwzUnKi9kkN24PFW7yFxAO3pHsqXuqREm4pVb1Br4tbZTH3eaYK_DCDJd89qWPA7r0U3lrFo5h1v7ruNBxXVk35vug9up765mmafGWvGxxvDrM-4xCQ4kPF4UJP84aHBoLs0DkjFrFBfGyeopU2AtgbZgbipA2gkNrgnY9ydzbf_4IivXsr-LsVuDX8_o-6v25jeJJCcskm84xskDS9tRIfqnJ14YfxkNP9adYxN6PkGSz0TqF42bBlSy39
6857,Kedma,"כיכר המוזיקה, מעבר בית הכנסת 8, ירושלים",קדמה כיכר המוזיקה - kedma kikar hamuzika,"Ma'avar Beit HaKnesset 12, Jerusalem, Israel",ChIJ-3alHx8pAxURCp6UA-1nNfM,4.2,02-500-3737,places/ChIJ-3alHx8pAxURCp6UA-1nNfM/photos/AaVGc3lqjxbk5GEEhrtCJS8v5N7mhgFx2TvAGlWIemJ3AUEvH4WzCBttxWvW4YDqItdMLS4ibAAjgjwbikJBnSPHLgpF3xbhAdna6i4LYhE1ChteSnoODJY9VwMjTPs7qs86hn0-TP46nZXFcHzCnWM_qfVpSscv_V4NwV3F2E02zu5YSXcAM8-oCR6t583SpADGhFcRWVtqCjrsmIq0okv_MKAxkYpyxFK0_qHVLtfUk56ZHjNKEc8VLzpl1cnYr0OxCYlW0eMW8V7aZDh25XklmaIoOeATUScz3OUQv60GIvxhtjuCkMLaIg0DohCQOrP_crNbFnddivjt8DJcMM0WV_2y8RVLvxqXsk_Z3X4i-m2nqMvDXkBOWcCwWtY2dv8IntkEdkenVTnBiYpElQxeZwDoDcqJmsCjxMcHmglPV5XtxdzXcX4klqtJsMFH9ESs
6869,La Luna | Eilat,"דרך מצרים 1, אילת",חוף לה לונה אילת la luna beach- מסעדת חוף כשרה (חוף הוילג׳ לשעבר),"חוף הוילג׳, אילת, 88000, Israel",ChIJ0zguLnhzABURTilDL01TeNI,4.7,050-623-0243,places/ChIJ0zguLnhzABURTilDL01TeNI/photos/AaVGc3nPzIyibqfCNn0N6N9jE8xZHSlD4pB5hbou8GBAPdLACWk-YpIYh-xMHCkjCfcYCj8z8lguQEsmMQNA_JaCbd32S4m9b71LXF2_dCzYNpstYMG3Q6xEO0f7qiXY1jTVhmMzemLcglPL2vA46YVt7veb0VJHdjNzTKxPbDhB84PbNcYiUOdSwf3PlJpVQaM8OVyaWEK-1stRxzJTL58P-fRDAITMwsMDuoCtYtdWUfinOLdgztP8y0s-J_0oVyBZc5KnrMRGwyjWj2Ao1INo05BHxHfZ-MIcIyG_GoUSA2XYeBNXmhL6CYRd02R2t3MXZNi7jq-h_u0cNHk-wq8J6JVtJ1uSw2TCfCHNSPwrKjVzrDcJCKgT91ija13sX4rNGuEWHPH8hs_uBtMH0CpJ6iXBws0-7927yr-q91snQVqPntS7bt4DRIgjP3_LiVVy
6886,קפה קוואלי ומסעדה,"המלאכה 8, חולון",Cafe cavalli - קפה קוואלי,"Ha-Melakha St 6, Holon, Israel",ChIJvX6bzja1AhURVDdvqJX9_EU,4.1,050-979-8917,places/ChIJvX6bzja1AhURVDdvqJX9_EU/photos/AaVGc3nI5p3iJfyoMo8AQeIQwKB5ePs55qw4X1n-B4lCTL5RwW2LjonsZwfg7BY2nWVSDKOhFAa3rYVY1ICIbJIi5j0I_hHZo7wBbG9M6le1sGmbxkidLwm03T5djuMq3KMrOUxHsg_J5uWc-E6sefhiZsDDprVsdfkT_fAWiM86BYgqOYm-4biVFIEYoHEBHml7odRHPjdT4nDh0K7UjOTOqWLnmobg_XdOgK4ZQnmeCB0SZ3zCeR5i6XddmZR4QL1_xrilHb8EnltI-oSS0MNtYfnfUs2KUQYjAZupI-o647Rl7LcVMWnMGsw-j4ZZaIszK5lq1Myc-Vt7baZw_A4_QTk9kJKuZA0jStXB_IwsliAZhjM3OS5acNGcFWYLwYtgLtua4_Kp94ob41O6L6y5UMgiC_1IKMs8VyB_YkQbK9OjAAsiX6OiEgm79l_HMg
6894,La Chacha Pizza Pasta Bar,"קניון מבנה,דרך החטיבות 1, נוף הגליל",Pizza La Chacha (Rasco),"Atsmon St 18, Nof HaGalil, Israel",ChIJ-x-GXpNOHBURMMGLj6xSrcg,4.3,04-645-3384,places/ChIJ-x-GXpNOHBURMMGLj6xSrcg/photos/AaVGc3lGQi4w9-XgcBRKogJRF4sKdsMy5-GMPog6gsD-OgoQjd-x45Kb8BnsbOKVgZaV0GW8DOZtXF1JW2eD-A3qufWx2ECru3jT64vS_UbDDlhefRku9VL5TP4wWyERv9knx_bRWDKASvSwKXnw7fsdM1H83LVjmzzP9xxj0NQj3iG9rfyWNOJQD083P8_pld3OTG0WLem1OmY4LhyFkhGWbxdVe4bj6MTw1aHij6UEdNGtz1YxWjna_1NjvjkBMwZk0k2lKM_FclBL5d-ufq3RHeEcNnPenBe7vmMUPs4Yvvv9hFqe1uakWC5aeLbFJfvMUEVKsGIqMSBG8kKB3XzhvauxcCqyE8UYxEJWLL-cryxoKM-032ClV50jJuRuVFedH_feTiYalDuhkQxHmQ7MM0Ilr3-d6TnbsaZK3P647EH4LoA
6927,המשביע - דימונה,"המלך דוד 70, דימונה",המשביע דימונה,"David HaMelech St 283, Dimona, 0860000, Israel",ChIJj7oK44JHAhURtwsLwcTA9K0,4.5,08-610-9960,places/ChIJj7oK44JHAhURtwsLwcTA9K0/photos/AaVGc3kg6mL4gqUgbqHzM_DnX24-5eAZR2txYhVbnEL5w_73L661lNDKdhIduXbAV8Ic0LS2h0s8JfgcDUB6S5hR5y9LjcEEMJs5NuHj-OhVj_Oc2GuoqLX3dE31LuKB2fGh7Rb55pA1FsPvxF9jjNZN5NT882ReH2xykuxtaMjBK--1HbTw57JM-U2vHZ_OzK9POS8T9NziiYo2Dox5Aen_1yqWWnuzXKQP5RDHeItedFOKdA3P7P280-ozrIqITPazhFzwwKFRhnZhJnzFKEmIS73oFqlWMEhe9ireh037P3BP0N4POS0WYEp5sxYQD3sq_cAqzuknxSIF6Xayn6lOFNTu4mNZniFPF9WYe0bHMO_LQUxKeyjaiBjIYJODYmMR9oZDu8ksuY3UwFcgO8q1vkZ-rk7zIuxib0sJ3Y3gxC602w
6929,BeerBazaar Brewery,"המייסדים 1, כפר דניאל",מבשלת בירבזאר,"Kfar Daniel, 7312500, Israel",ChIJIyvg_NmTAhURD-V0mXQtesU,4.3,02-372-4471,places/ChIJIyvg_NmTAhURD-V0mXQtesU/photos/AaVGc3kzvrgQ79cV94lJdybOoo1sZuyZbqnFAr6GUZzTyJj8mpYg1idKrFtlkCJ3ViuJKW-vIeafYLlLcAPslduBdRlc7qgWIzYQAJTeW9b8_4RcypS33fi-Xon8_38a7bRIq1EkgnjYyDgI_8KtVOVYQL3wVxDrpGczYXwwwnfpIhvetdEsGTUsom1u_NzqdQ3y0-oL3NOD_Hu-3G_8I0clkD7I3Z35rSE7PzoaG58sdEGG0eEbU-cw8CNgIkHKz4N60GoBQzlsBgxsWaMk33WsDZfnMOtN3P_wg6oa9yYMTKRSeNMD0iT1SpTkAK6wfk5vedsIDh6Woe_-2lW9o56wpRQaqDDEM-V8fWEzZ2jV_NE7ZR6uj1EKet-I7apum1soItIzXHcaVSmrlzpGCeC5aptF9lTnV2IAgcge13SSHjIbj0aXSxjil_VGgRbIGnDy
6938,B-FRESH - בית שמש שער העיר,"יגאל אלון 6, בית שמש",B-Fresh,"Yigal Allon, Ha-Aliya St, Bet Shemesh, Israel",ChIJ117nnUfFAhURiT3UR_-jcbY,3.8,052-771-7785,places/ChIJ117nnUfFAhURiT3UR_-jcbY/photos/AaVGc3nR2ZjaLa3dKV6w_jgGPZCNDVA3X3MM1gxJcHrzuKr9lsM4NCe1aFHWfhxdxls4XRlZbeWBOe50ehR1mUqpWyWC8hBcG5EsAK9CCqf4tovygATNDQARATyMeMZu2jisaP7JNHUhsH07XwzglmcGZxrser563153vBriIlkac1_5hc_2RXIOdKmwmxA_eeeoDo2ylr870hYC1_gGmQdfTdIdS7_00tt1jsg-08AkubXyyJtoPKOw5oaCDTSjyqaDeKxPVQQFMjiIh1BB5RlfsWKvr4KoNQlNeV9a4tkTmPtCArMyZJCubCEj0lDHwSzBIogUhT2qseqhbHsdpW8FvookLIZAyJCShbI4INeKJtensvwU34likpoX30DnNL-v0atS_JGwPm2ZnpGQwPDBVx5DgfMlyqU0MquQrXkNtBw
6964,B-FRESH - רחובות קניון עופר,"קניון עופר, רחובות",B-Fresh,"Bilu St 2, Rehovot, Israel",ChIJKUg2VQW3AhURwSpEeH0WIU0,3.7,053-962-2000,places/ChIJKUg2VQW3AhURwSpEeH0WIU0/photos/AaVGc3nHdtWc7NKGwA4oVqBwQC3r3FlP4HXizVJ-lGcOgdEgEv0MMeV0tJULstxK0HfZqZJ126-LP4s-Vm5a3AvZ3IJvn1zJ1_cF0TzSLMy9CB3xGQggIJIBRzfQbL2kjlUWcjsCtuRf_zer_D5VCpuFg4-HCiWJfOWeJ9OKZiThr1Mp_0CNxdQPOh6rtAKD3qJVZRwkrhIuW-yZURvLFHWhl1OZCZ7JBgwIh2l6g5G6UcprL6ZMMzqc7p7lH8Hh6cnvxqDddCO7Top2B__hrXJQuUZTSjNZC-scslz5N7evtlVdIUY_DjyoxiebwQGSrC46DSseOvIRLImW4tA3tBseF0zb3ohRAMn7UvEaPaRkMKZRlUvTWIUM1tF_n1vtW0AiTJ-dsKwgdNDdTYbKMUN5H88W0ZXHtXcjKMJceB1uD217kn0FeDEEu-t9yyAdzzyR
6966,Yaeli Bakery,"מתחם ביג, רגבה",יעלי בייקרי,"רגבה, 22804 כביש רגבה, 22804, Israel",ChIJWfUX9w7PHRUReKhdNiJLeqY,4.6,04-842-7895,places/ChIJWfUX9w7PHRUReKhdNiJLeqY/photos/AaVGc3lJ6WxZh64ojd2Rk5T5YJnKxIf8mb84SZ_vH3F167iv-wQZIzo48BIG6df3qnntZgD08PxcnPtG6TQ-j_0c3jXBg0mYVLotxH5tOWmuWX_Cf_G-8OaN-DMlddVTUkwlQtto8YrW51VlnRB-wRi8nAkODMn5BCNK7BTej53cL9nNYNNSlfEvIOYAu1fuvoZkKzOHHV8464DnT8qHe3u8mqYwSfl4JPcGJtxpaLiKneiiH6IyvMtMUV_3L1iSUjyNSI8XkxOSRM2o28BnTmG0GirftFi28vHHeMRdtddb45iGuuiP9L1FR5EuDpFYkFY6bDdRHAdTZYevdQEzGSy89GKIvTdaGAvbfKla90gNIvo69yTCE5sXm-DgMpujgAUVD9TO-oehaV8eY7r7JKVZBT7GlF9KduzGddSBCXhjqysl1cUy
6971,B-FRESH - ב.ס.ר פתח תקווה,"תוצרת הארץ 3, פתח תקווה",B-Fresh,"Derech Yitshak Rabin 1, Petah Tikva, Israel",ChIJvZF-9yVJHRURAgmQAuo8j5o,3.7,,places/ChIJvZF-9yVJHRURAgmQAuo8j5o/photos/AaVGc3kZwicPEf8gBbjdsOyGH0E35iN4p315u5qUoDwAI4kSSs0wEiYHjOIkJhYZstDmD5Ftur6obzap7fiQ6lDoaNRSdHwd_gXQ7ERitAI2jD0e8z_U3IsxeEnFqUr8cuXBKYw5ABbpYf47BY9xy7Otonh_annVCRTCXphqPWOqvBVV1g1lR4ar1QgOsZHucyCuYmrug9mRRH3FO2A4ZdD3HEY2kw0vN5jPUFoGxiTzzFK3jKnhN4ETlB37v5avYfMMnwuDEAWTIKEIM3QOudaChAmI-WozYJho5a0GFc_Ez3jZKCGJ25tqxN84gPQI0UaizobwQKx5-vWPB6sM7o8V-hG2gxO9NnnRruO5ceekSSTqjykySzbyzYaR4JtbxJnNVdLsIcWpcthtZ-iqcOEf0_wv_Iq3CbgzX5fvo6wjxK8d1_ba
7005,ארקפה מגדלי אלון,"יגאל אלון 94, תל אביב",Arcaffè,"מגדלי אלון 94, Tel Aviv-Jaffa, Israel",ChIJ00xypzZLHRURroQO125_2M8,4,,places/ChIJ00xypzZLHRURroQO125_2M8/photos/AaVGc3lTVillnyn-FHfgjrun9W4aVt4GzjXXTfceVh5-mXMD4rHT2bM7pWcd_BLoerwPRCJjp3zLbcwgbRMJPaAXH95giC6qFXBO451P0aIqZCXOWDE4mepf6zwFZnp0osDpMP36pdvA18_HmwEkTJIIkWPBLc4xYAt0cdo5CW2SqDi606m8Rowajgky1hVocws0CU4yh9pOpmvvMDvUW3EEC8FLDs2xfsKTAK9Zh4_NQINVvRCBn88nd3k1afijUr2AAqTW-tAd6qXzaHuI1SDQg6iSsgtS2VnOpojYiPwT2Mh9yCmHem_ZeSQFObAOmSQUuw038AeMM26hPNoqH5pIcYpigoZqyqIpONuim9l3mO6V_UGFi_XnXuDuD2LxPzLrz8uZf4pvLhpSMjA8wUtXv7GNUXW21998h3IgcCiDNqgGdg
7020,Banana beach,"יוניצמן 21, תל אביב",Banana Beach,"הרברט סמואל 9, תל אביב-יפו, Israel",ChIJ66yYhiRJHRUR4o3ts5yCMHo,4.2,03-510-7958,places/ChIJ66yYhiRJHRUR4o3ts5yCMHo/photos/AaVGc3mlTj5hLLQ3iRAlf7_-h3T2YA8gT-xWkyYufUmREpdVJLgLVjTeZ98ZCaQeD232OowcPlG9jiLK5wqtQDPrNnQA4c3Gx7BWFoFrqSpQxZIIA6xWjIGu_P0ccIYL2WeTho9xbcX09TxJ_IXM_V4hsqA4cevG68y9rmUXzdigYzCpL56tuyfx6S_MtnEu3VXg__Pktt04PjbvUBrJlchzZlABWDxdX42SFegBsI5sIIb4mIe3EUsxDHRiDMO6jSQW5EqNt9sITFCJHk9yJ6D6DRwtgDxNu9s74kupTvM6zLr69YpjvbB_OuysWBFBb0j-kQt9WkYhLUZZQVTzkZ1pIzz_d7AmSxfrmXuuamVbUIBd25ZLZd8OZttddSJxZ__LZH-a0eJxcjfe3q7SqPHH8ioGB9wbyb5z8_Cjs_FGPDFx-erY
7031,Drive Cafe,"מחלף שואבה, שואבה",Drive Cafe /דרייב קפה,"Sho'eva, 90805, Israel",ChIJXXy3iF7QAhUReQwmgcx7REw,4.5,050-265-5578,places/ChIJXXy3iF7QAhUReQwmgcx7REw/photos/AaVGc3ncPOCB0BZERrYTUBE-HzMwj9U1V6h62adoaFy3fkyjbpDKt_vdYiFiAWlFs62VDU4RqalIvXqlNcXovXtV8haTkQL21Ijc1bqzI00llI-pzNUKvg9KxzpCGgjMlREVAtzoMB8LFjTGaGmxk-p1IziBLRoY1Rsx085-ooU3B_j4P2RUjsXPWGpCplXKMw32cMa4RPXJ8CUitGYiTUA3UCMGfQ7ms-TMy25kN3cUDx-xVgwbzD_0WIUAjhDxnZ1jy3qhmMpUDJp60vrFNpwsEusHkrVKRuSFCeBz08D4OPyVASl_lNNJAh5w8b81Qipp8cX_YlQrgm6-rOBzPLAL7oWd9YWwem0pqdSNutROXyxnT1CBCLhpinsJRYhUDqS6xkUpFXDeYoaqzJ0U0yzbOfLT64eIw0lWBif4OYZT_fzWCs8fxQL3eG5xtpt3uZeb
7047,Greg גינדי תל אביב,"החשמונאים 110, תל אביב",Gindi TLV,"HaHashmonaim St 100, Tel Aviv-Yafo, 60000, Israel",ChIJ4QEy33dLHRURxD10_VNT5Ws,4.2,03-611-4611,places/ChIJ4QEy33dLHRURxD10_VNT5Ws/photos/AaVGc3nnTKOd7FfGlFAZfILuSRrrcO8UUgVb8CAwD2pJ4Dh3lEmG94LzVYvVS7jsnFIPFV7NoUB_x5zBc4ho4sjqyidKH1dkd5paqz4lGJ9fBNsmTEeLRwAaFnJHlTyIglbKLrBVpJXheW9EdAoh0V1JHBRJiRsHNNbj4gmMb3ziy3UGpjCfpSEVB8RzCVVGGJvBpLtQQBqCEf-LEm8i6F3o-B8rpF83jvgBYDWwl02muUoDDLtLpwbx1dozxcOHZyxbu3vu69mpApi216LNE2NJkWTwbt36GKLbp4lULzlJ6mVz_5JgOVu7jZ2rXmQmsl5qy5is4oEw3R4QJ9pPj-ppDStpFeMTaNZ5otL52zccvYVG4lF12QDUviZLc1kYNkohimQVBEpFumFEZ4TunX4L1ppuyNo9WI2fwxuHkaggzCE
7073,הצל-בנים,"נמל קיסריה, קיסריה",The Crusaders Restaurant,"הנמל העתיק קיסריה, קיסריה, Israel",ChIJ_boQOvgMHRURpn_NuDeLh6E,4.2,04-636-1679,places/ChIJ_boQOvgMHRURpn_NuDeLh6E/photos/AaVGc3laK6lgP5Naj-8zKhWsGDt-2S3JUrnh6aN3va6O8fA2YU4n5wp4knZkNyrM2FeckUzDX8-Ir8RHif1DTsg1tGQjQ_EVoLoVED4y4o3pdMNGqJlmAK7ObKtcAz7dMQ-Jyzik3oF9o0ddibSD4QmFN4lt8mLSUAuUnAHeHeorko1l9KiZittmhKRD16FZFY6bx46Xo-94JF88vxjk3pzJ6caEAX1qHbC_gvayaI-h7HjoEwaJpZ6L54ZOtpCCI-Eanj_vHA8hw_sf1clYWJUzGZHBTUBKUWB2nWRyuxUSkeG0fZn5-DIG_3C2CImV37opVI5HCIUQbBJumRiZEinRmqd-JPDTIczu5mz762-E4ta5qsGiYY64vSZU7GN-f4Kxe2_FnxJH2-i0V6fNpfz6vvogPEq-uyrE2n1GvMyobJNV14I
7090,שושקה,קיבוץ יקום,חדר אוכל קיבוץ יקום,"Yakum, Israel",ChIJ33qag9NHHRURxXaXG_yH2eA,4.4,09-953-7500,places/ChIJ33qag9NHHRURxXaXG_yH2eA/photos/AaVGc3k7_6e--C_WmwkqTQ5g0gt25KBvKlEYOD1oyUzIfZzRApX6oSlCdTzw2stK7lHenBIw27A8Hc81R5SYNIT8VR-UDFdKsHQzi1gO2ERk3LfFm821Cdnfn46NoiHlAONKH1VrZ8unSMWd5aoENb0qnER2X4aalYGVtnGtvlClbeltCS-AS1WKcV8eCvrMDi60D4SSSrag_s5Tq_o0tXwMvSEZ-LR9eoI2PL2ymX-3ZkXig5Q08MBwxpaNnDSTn4_Th9BOtmLfRJyIIRbXyYvUIrFZOt4sWAvo5d_KdifDLp-rXQdg1mIHxAb4lPpAD-b52ygc_MadYfH6Npusk1tpgxBbhUyNIjfMnQE3JM95fx2zdl7WwNBiDo9qUBzNsXsulFIa6YVWUBDT1ZEeGZnns_eArayGUzPUkQLgxsMjdHH40Q
7101,American דולצה,"המסגר 1, רעננה",אמריקן דולצ'ה - American Dolce,"Zarhin St 3, Ra'anana, Israel",ChIJj55pPLc5HRURH3Ph7vHnsAE,4.2,,places/ChIJj55pPLc5HRURH3Ph7vHnsAE/photos/AaVGc3msOFmOexro1yoNW-bTtXmuxn5asIo2pKjOeIv4i4cgq_rz4xP1Vxo556Y8eixHNN2qzPJiKmjpRfYZ2TKzrbPIOzUKgKBe-2NQxl3EokYY8800GnMJ5egqALnmb1RHWxdondRpWeJ_eCcL4exi6xNXw7YBsex559QdYSy5k2znlvNSIIeGDtyFz0XSLIg23ArzzoJ2-a3zOFsGc1adPWyfx-GFiQR-QDisQoYWTG_FDgJgwGi7zmVIYB5FBXhEOQZ61rUX79FkdGNUbOhgSeaGeT1YFdcIv-LL05YOXtXu9vpnQDq3-QZcRpwEanPi4i6ixeUKrKmHGjJh1WudglXnpeCFlwnkfcQwuf82notOBKb-ufrZ5O46tfd8uzsXDcWV48nQa3m0y57u3t3ZsEHW8v7k1Rc03HNjncQnE3bIZhNwWqGAfcdUjoDPisK7
7114,Mucha רמת גן,"בן גוריון 13, רמת גן",Mucha,"David Ben Gurion Rd 13, Bnei Brak, Israel",ChIJnbHWpa5LHRURQXAFEHGMlLw,4.2,03-566-2681,places/ChIJnbHWpa5LHRURQXAFEHGMlLw/photos/AaVGc3kzdViM5hKGcdVQxOy4J4zti4TQs7IaobZCh9spS-_yg1yiPM1sdbIQ8OINamz0pwjKLjCnQ_27kxcFJbKjSPkGvRWgnHFVq8PT6wzq0Q2G_gDIETx5A9xkr_UBy0ccfKBkQv9fLRUNDWsxJwIWqVdS1t1vEvqSDhk-GXzPL_aeT6pNWqwQV1BfXGADJlHPwgiZWpG-y7Bv_dFvGdMJ4WE5qSFbgGaPKMZLMcO_4xn-QX24SPgPEtOMDtIuTg4AfsZeaJGcFhrhGKmy9RLEgXrnyOllaQnjNn6BamOMoDqW9MnJNDTo7LU_yW8jAemQAP6ZSkLYePU_RbSd002P9_zsRcQgIyH7svzvklx4eAA4zsIPKvch_neCI_9gvlRKC59EOythVyrppsRGQFzwCoxM8P1OjRjncPYIjt7yggfjPpmb
7141,וינו | Vino,"דרך שלמה שמלצר 12, פתח תקווה",Vino,"Em Hamoshavot Rd 12, Petah Tikva, Israel",ChIJdfkRziE2HRURtGGjJm9TT2g,4.3,03-566-5906,places/ChIJdfkRziE2HRURtGGjJm9TT2g/photos/AaVGc3nGJVJHrAVjZxLfO6TUHtY0JCtCA7usyHwxMKJmzblyYlVWHHnBd_aCWhhQKNqAjWIDJLs9eGLidR2h5j5fmUizM67sQSs6hHcO61B0Svy_WbcZx5dSx6gxA_3kPPyuqSh_wkjcA-Dafnf4o_qfnfMHJqJgkJlbKVIxRzDOWwFDyClPZP0ZMLLmBgOJ-mixU15qluGx6FXtVSCWgSeKV3yLXmYKNxk69BY888Io_O8Dw3bgwwUswodO5fcgxWHvhDqeHfwKTdyjgRXnJCECucpdK2K9QG41NZGNqplfDtnrhS5D6Lw_M6PSAZTCQLLCD_0b51V4rCDmSW5mL_lxoHxSF241n-qhD8Dv3LTQl4j2uCPITP5flNKUbT_RBN_SxFiU0XzJpbfKHuybGV6BQlLIciV3qbH6xG1vmnlBtlY0KPE
7166,Ein Gedi -Baobar,"קיבוץ עין גדי ד.נ ים המלח 8698000, קיבוץ עין גדי ד.נ ים המלח 8698000",Baobar,"Unnamed Road, Ein Gedi, Israel",ChIJpx97GuMZAxURMNkp90idUWo,3.6,08-659-4220,places/ChIJpx97GuMZAxURMNkp90idUWo/photos/AaVGc3kI1h_rXVCb6jph8doRTK8DTPCQL1GCQZ8awuJjxl63WC-3DKPA0L9ZqwkSICOL2PnBHwxVZTrDDksltqTwGSnVVvLeWxRDzys6e7kuLSl-UPDrTQXTuivMHMfBqpZFXlYiZ2hrVayvPWAUtdl2eAf_UyAUFxSYmQqjNLn2xIOLg-vwyz9HOet_ie1Kc2QSfGWiShifyWdOC-NP5XOpyIbQYLua2Nad6qwM1aOGul6sWIOo77TBZDRWef3p7oeQQtL5cXLiJR-NVg7EwYtDAXG1Mau86xx8E3rFO3fNAS7TIthKu0oocAanU4nwb7bUQ7xjr31-Oe5IQf_Oklj4yqB0e8rXAtA8ZaLoAuHZcDwUPbmyMofnQ2jDkj2CgEPHJbC9FDP_rhjXr2ZIs8gMXtlBn9N6CY8vwCesRCNgIWljNsPX
7170,Jorno בייקרי נתניה,"קהילת צפת 1, נתניה",JORNO Bakery,"מלון West Lagoon, Sderot Oved Ben Ami 113, Netanya, Israel",ChIJ5UkDqd1BHRURuOI7Q3cNeBU,4.2,03-730-8900,places/ChIJ5UkDqd1BHRURuOI7Q3cNeBU/photos/AaVGc3leXfRX1sKY7djClGVW9Hc0l9f7Ok3tFqpYHCVRP7W7UpU1R-G9dzRegBYGM74yrlEKGqYW4LNKLBVZVG6vQr0FEUnqNgRhxitcqQamypilaqCmp4E9luntE2J3aAo1-SJ1VkZjDcpWJBrSHP3fLweN8wlnUk3I15JvgCys8xFQ2pfutY1eI-qYcLyXeyqLUZfyvEa0s6SWHqYX87Ak9tOQGtKIeSPODteWW32N3CjaCjzgfE8QYidj3CjC0yT9gpZtFalx1PG0ni57hIlkS8IWM--LJJtD-v3u5hetDHx1UgkkCPVxt0qrzk0eZIXX7A_QsyLgt2ChPySEno6oOSn9g_Z6OtVZJuRMReKylF6TLVo8PNcgkucJIIGKOy5tCxzR4-dwEA3ol-dlLnv2PReFNXRbjwXx5CARnqczZ9wRcJpSCjXurxK-oGSpjM7N
7229,ארקפה קניון רמת אביב - כשר,"איינשטיין 40, תל אביב",Arcaffè,"Einstein St 40, Tel Aviv-Yafo, 6910203, Israel",ChIJMw1vjF1JHRURhX54WUugKQo,3.8,058-600-0261,places/ChIJMw1vjF1JHRURhX54WUugKQo/photos/AaVGc3lHPIOOMIPdFG78lT9Nb6GBTT1y1Imi9S_zQy1TuTQujZD9HvgiSOm8W2OlJ3jn623pAJuKveUWJUzklszV6qzjb7hVhUHA91V2LQOgVZcqpsGdJ6B7dU31ExZEPK1iCUYaCzjjkoNNxzeksPhHm0VogB_0_u34V0MrPJ8I-CzO8_Mwu58rFNUPYJYP4jSoWhVqi1Dkg9fne7g7DnyMP3gyBT0WNYoVjhy4lYUUHpMysCdWCw7DQHQCq_ih4Qos2bESDTv0isgZyoksznW2jeEUJNvOTYzLNYFtsfV_vDmGdT-j-IyLDux7g1zUS15AQRoxeDo0-4Y8PNZEaGuNRotchZ2i5llxnpo1mRma13slCwgaO3uesev-kPtPJWHv826Jd817h3I1F2cR4rK2cBZrnNrmy8FqpGwkZOT98HRSBQ
7258,דארצ'ה עברון,"0, קיבוץ עברון",דארצ'ה פיצה בר עברון,"Evron, Israel",ChIJX508Ub3PHRURFep6nx-cV0g,4.8,053-957-7139,places/ChIJX508Ub3PHRURFep6nx-cV0g/photos/AaVGc3kkKWeace2Khrp3DAWwizbrs2VPV8gyqM7Rzas8uE_utSMt9tbNav-eWl7xnHhtk3r22l0pSM0Xe2TbWb-DXJkB2PTW7EdGu0Ji_RGiRD0HcLDc4tB8_75elhfVSWW0g6qJOjbSOTBGB1NP9apmf4TTb7nX3DvqiLH6DEsQFIMXAKRtI4lp_rnkIU87cYgvnWDczYxwdlkWcsAl6U929mBl96q1lxj17wxQaorWtyGQUv66dPQs5O-rzE3DGw4l2bfOKyDcfqUDW6BBnIxM1QXFSxUr1lGlHShzwBnvFb3VJhLEngw_l2ryeP6qiNzeF2zlDED7vJMDj1XwFo-xnP7msT6bOpAqjfWsRwfeyEEUyDIA9B1k7RBvF0upGVst6po2wpi4VQsDeQi5vd6vKmV0DF0BKQbSAusBCNdMHEq_d17RNazvhPM4LwhVTfF_
7299,רולדין,"דרך מנחם בגין 132, קניון עזריאלי, תל אביב, Israel",Roladin,"Azrieli Center, Menakhem Begin Rd 132, Tel Aviv-Yafo, Israel",ChIJnco3Z5lLHRURltNKXc9rGL4,3.6,03-608-1120,places/ChIJnco3Z5lLHRURltNKXc9rGL4/photos/AaVGc3ksRtSrdaF0JUeUDht66vncDAuNRBmmnDDkOrKYgW4PFWA09xlQWsvJtvWHSRu72V9ueTHgJSNc_5qGi5BwcMtRwuUNaVdVMk2O0YhX5fcbdefVinQlk2LyX3IoqHjJpZoEgDtTrfHzHAb3RNeKCaTsgNxDkDOrYcwlyWowPEU8iprHqTdYeKKHUxUjghGmTeA978zc-4FH1blNtM8X5jKy6HlOD8LLNxjlc9PjfwG3i5VkvFXbOh2YFvizsY8z1Js3rrGKDLBpttUS-ivDg1zuVy3Isob_o4qcPIDptZllySnQB8PX5rJcFWC7dDeEoVLUCmeUuB5EosJ5-x1iCra_60WFqJBF0Ad3CRuRuZnz9uSTGYKlLn2qkyx7nLNXIO4MZnmblArkdGbx1T7oVhQVb_Q8AmsypFyca53tEjH-Pw
7312,ארקפה,"הצפירה 23, תל אביב, Israel",Arcaffè,"HaTsfira St 23, Tel Aviv-Yafo, 6777928, Israel",ChIJRcyxlppLHRURFmEH05ztd50,4.6,052-750-6123,places/ChIJRcyxlppLHRURFmEH05ztd50/photos/AaVGc3n5HbW9O_y_cF0WbItKB9FoI6DVLfDJ0BwDHTkEply3J2THudaaLyUsWgsB94nRF6qM_mY6nX88iJWcElBVRrIyH_j-kwhEeE9TocwmYClBWxZwqUC041MdHfyrTH6nPBDGuZpzmTKAKdAH2aCFoIfKQ7VjfF8I17A5BMTi0a-S24_2w9rhpTj5Z00vdqLq1v9k_xgyP5iJVXBzdg4ACqp4_LKl6TRsouxOWpnulZEeEmMZ1I9z7MfxQ1MjHyu7gXs9kb93T3z-NiSXZms1714DFKt0eZftse4-f0hz1WdlpYf-Wi0uys8YUvgymBIrELQ7mv2wako1xuaLPZgui8NVliMqNQx0zE_I8xyNfIX8vp8e8V9EiaNQ2EQP3bAaWAR9eWJKsKqdiKjnHdeVRFBDDlBojPnKmHxRr63tpqk
7322,פיצה עגבניה,"דרך מנחם בגין 132, קניון עזריאלי, תל אביב, Israel",עגבניה,"קניון עזריאלי, תל אביב-יפו, Israel",ChIJnco3Z5lLHRURO8I1tQ0Psx4,3.7,03-695-5727,places/ChIJnco3Z5lLHRURO8I1tQ0Psx4/photos/AaVGc3mj9lltK9vj9KFr6rf4opOuAtIHA2MezGtUKBSF6b70zr8CnfXfc-YzxqhfIGvZPH33hXmwj7_VoSEy2C25eOR_HlsT42i_lBy7z2vYmqzKEa1k2_OPyI2VAGodOyNvPOXrAP1lbzOonmQrpbWTcZ__KWzXCM9nRp7Prsw4_AVeZI039z0MWI1bKwsT4FB28iqSUCduhimgDfuDwz8y_g-Uzoyw7Zp4R0q6jLbJ-clLULAvPBuIv9Wti_iOhNG3q9XJD-YMVok3meZNSGAoejyyDSN8OAZd8XrpgS5V6YpAZeSCk7HQ_BLmb_9AhySZc1Z7BNnrVdpzuCj9Iqbvh9JuPacb3frHfV0G6AEvB3j9fLfn3n-C6BDjEfaJk1yfttAMrs6OVMcLg1Y06-Gtk8udbOJTmT9cx_bW42qmmCRC-Q
7323,לחם ארז,"שיינקין 44, מתחם שינקין, תל אביב, Israel",Lehem Erez,"Sheinkin St 44, Tel Aviv-Yafo, Israel",ChIJKzh_EX5LHRURjRW3oiLMcYI,4.1,03-620-1565,places/ChIJKzh_EX5LHRURjRW3oiLMcYI/photos/AaVGc3l4wp-RikvnzMr-9D7hp4GaMI_CsCyC_31BnZ3_BTtjODhYMcGteL_-OMomEpVEPngdt7WimayyqN3OOX5J9RsC1uwtwZTb7YyjwjA4Xpsni-vYEjxkECt9l31nkMqL7n_j6hXOpqUfFzRvqRSJtShJyH2i5tcE21omv977SLA6PTpg5Nuz7dQDvCYtK4BS6O1OZtYyZMderIWlcGqDYqbrgfuKZxS7xsfimE3PV70Y6hP9X63p0-3u9EgAdk0lxrm8flWIG-Yqi9EYrWcuyNYGgb3K3hZwzdbzUTFPw3iK75yakeyi3N9tLomN8NhE7i10HxOM5JzLce_iWRM0kUmTZEuMzgcfA_eoD573YV92GAAJkFRELDXR7lstLLnUnaL7cmTwl8mdnQv63zUIhfn5clN2xeJ8UYP6fidicx6LqA
