{
  "vocab": [
    "בית",
    "כנסת",
    "אשכנזי",
    "אשכנז",
    "מניין",
    "נוסח",
    "אשכנזית",
    "תפילה",
    "שיעור",
    "תורה",
    "קהילה",
    "ליטאי",
    "ישיבה",
    "ליטאית",
    "ירושלים",
    "אשכנזים",
    "אביב",
    "בתל",
    "ashkenazi",
    "synagogue",
    "ashkenaz",
    "nusach",
    "minyan",
    "prayer",
    "shul",
    "litvish",
    "lithuanian",
    "beit",
    "knesset",
    "community",
    "jerusalem",
    "me",
    "near",
    "בחיפה",
    "קהל",
    "שחרית",
    "מעריב",
    "בירושלים",
    "גמרא",
    "חברה",
    "ספרדי",
    "ספרד",
    "עדות",
    "המזרח",
    "ספרדית",
    "מרוקאי",
    "מרוקאים",
    "עדה",
    "מזרחית",
    "מזרחים",
    "בוכרים",
    "הודי",
    "בוכרית",
    "sephardic",
    "sfarad",
    "mizrahi",
    "moroccan",
    "hamizrach",
    "edot",
    "sephardi",
    "ספרדים",
    "חב\"ד",
    "חסידי",
    "חסידים",
    "לובאביטש",
    "חסידית",
    "ניגון",
    "chabad",
    "house",
    "lubavitch",
    "hasidic",
    "תימני",
    "תימן",
    "שאמי",
    "בלאדי",
    "תימנית",
    "תימנים",
    "בלדי",
    "ירושלמי",
    "yemenite",
    "teimani",
    "baladi",
    "shami",
    "teimanim",
    "yeshivish",
    "לימוד"
  ],
  "idf": {
    "בית": 2.1296312862036912,
    "כנסת": 2.2547944291576973,
    "אשכנזי": 2.883403088580071,
    "אשכנז": 3.016934481204594,
    "מניין": 2.5649493574615367,
    "נוסח": 2.5649493574615367,
    "אשכנזית": 3.8642323415917974,
    "תפילה": 2.883403088580071,
    "שיעור": 3.5765502691400166,
    "תורה": 3.8642323415917974,
    "קהילה": 3.353406717825807,
    "ליטאי": 4.269697449699962,
    "ישיבה": 4.962844630259907,
    "ליטאית": 4.962844630259907,
    "ירושלים": 4.962844630259907,
    "אשכנזים": 4.962844630259907,
    "אביב": 3.5765502691400166,
    "בתל": 3.5765502691400166,
    "ashkenazi": 3.8642323415917974,
    "synagogue": 2.477937980471907,
    "ashkenaz": 3.1710851610318525,
    "nusach": 2.883403088580071,
    "minyan": 2.765620052923688,
    "prayer": 3.5765502691400166,
    "shul": 2.477937980471907,
    "litvish": 3.8642323415917974,
    "lithuanian": 4.962844630259907,
    "beit": 3.353406717825807,
    "knesset": 3.353406717825807,
    "community": 3.5765502691400166,
    "jerusalem": 4.962844630259907,
    "me": 3.8642323415917974,
    "near": 3.8642323415917974,
    "בחיפה": 3.8642323415917974,
    "קהל": 3.5765502691400166,
    "שחרית": 3.1710851610318525,
    "מעריב": 3.5765502691400166,
    "בירושלים": 3.5765502691400166,
    "גמרא": 4.962844630259907,
    "חברה": 4.962844630259907,
    "ספרדי": 3.353406717825807,
    "ספרד": 3.8642323415917974,
    "עדות": 4.269697449699962,
    "המזרח": 4.269697449699962,
    "ספרדית": 4.269697449699962,
    "מרוקאי": 4.269697449699962,
    "מרוקאים": 4.962844630259907,
    "עדה": 4.962844630259907,
    "מזרחית": 4.962844630259907,
    "מזרחים": 4.962844630259907,
    "בוכרים": 4.962844630259907,
    "הודי": 4.962844630259907,
    "בוכרית": 4.962844630259907,
    "sephardic": 3.8642323415917974,
    "sfarad": 3.353406717825807,
    "mizrahi": 4.269697449699962,
    "moroccan": 4.269697449699962,
    "hamizrach": 4.962844630259907,
    "edot": 4.962844630259907,
    "sephardi": 3.8642323415917974,
    "ספרדים": 4.962844630259907,
    "חב\"ד": 2.6602595372658615,
    "חסידי": 3.5765502691400166,
    "חסידים": 4.269697449699962,
    "לובאביטש": 4.269697449699962,
    "חסידית": 4.269697449699962,
    "ניגון": 4.962844630259907,
    "chabad": 3.1710851610318525,
    "house": 4.962844630259907,
    "lubavitch": 4.269697449699962,
    "hasidic": 4.269697449699962,
    "תימני": 3.1710851610318525,
    "תימן": 4.269697449699962,
    "שאמי": 3.353406717825807,
    "בלאדי": 4.962844630259907,
    "תימנית": 4.269697449699962,
    "תימנים": 3.8642323415917974,
    "בלדי": 4.962844630259907,
    "ירושלמי": 4.269697449699962,
    "yemenite": 3.1710851610318525,
    "teimani": 4.269697449699962,
    "baladi": 3.5765502691400166,
    "shami": 3.8642323415917974,
    "teimanim": 3.5765502691400166,
    "yeshivish": 4.962844630259907,
    "לימוד": 4.962844630259907
  },
  "classes": [
    "sfarad",
    "ashkenaz",
    "chabad",
    "teimanim"
  ],
  "class_probs": {
    "sfarad": -1.3519267176156828,
    "ashkenaz": -1.3793256918037973,
    "chabad": -1.561647248597752,
    "teimanim": -1.273965176145971
  },
  "feature_probs": {
    "sfarad": {
      "ספרדים": -4.136205208284161,
      "לימוד": -5.3836461298150935,
      "ליטאית": -5.3836461298150935,
      "שיעור": -5.3836461298150935,
      "lubavitch": -5.3836461298150935,
      "near": -4.707615563563211,
      "teimanim": -5.3836461298150935,
      "בלאדי": -5.3836461298150935,
      "moroccan": -3.7216731788339414,
      "עדה": -4.136205208284161,
      "תימן": -5.3836461298150935,
      "shami": -5.3836461298150935,
      "ספרד": -3.654280139988452,
      "ניגון": -5.3836461298150935,
      "yemenite": -5.3836461298150935,
      "אשכנזית": -5.3836461298150935,
      "hasidic": -5.3836461298150935,
      "בית": -3.9755987493088396,
      "shul": -3.410281339231269,
      "me": -4.707615563563211,
      "שחרית": -4.433710748128891,
      "ירושלים": -5.3836461298150935,
      "ספרדית": -3.7216731788339414,
      "litvish": -5.3836461298150935,
      "לובאביטש": -5.3836461298150935,
      "כנסת": -3.9321606662510775,
      "קהילה": -3.912687437696031,
      "chabad": -5.3836461298150935,
      "תימנית": -5.3836461298150935,
      "ירושלמי": -5.3836461298150935,
      "yeshivish": -5.3836461298150935,
      "ישיבה": -5.3836461298150935,
      "house": -5.3836461298150935,
      "synagogue": -3.599267841109486,
      "מניין": -3.8975217106260285,
      "community": -4.358222956502528,
      "nusach": -4.490950979331225,
      "מרוקאי": -3.866744382545817,
      "sephardi": -3.4672606453326895,
      "hamizrach": -4.136205208284161,
      "אשכנזים": -5.3836461298150935,
      "ashkenaz": -5.3836461298150935,
      "תפילה": -4.490950979331225,
      "אביב": -4.844052276133542,
      "lithuanian": -5.3836461298150935,
      "חסידית": -5.3836461298150935,
      "תימנים": -5.3836461298150935,
      "בירושלים": -4.358222956502528,
      "עדות": -3.948020539671817,
      "beit": -4.633267258442257,
      "teimani": -5.3836461298150935,
      "אשכנז": -5.3836461298150935,
      "מרוקאים": -4.136205208284161,
      "אשכנזי": -5.3836461298150935,
      "נוסח": -4.558385890045384,
      "חב\"ד": -5.3836461298150935,
      "בוכרית": -4.136205208284161,
      "ליטאי": -5.3836461298150935,
      "בתל": -4.844052276133542,
      "sephardic": -3.4672606453326895,
      "mizrahi": -3.7216731788339414,
      "חסידי": -5.3836461298150935,
      "חסידים": -5.3836461298150935,
      "בלדי": -5.3836461298150935,
      "ashkenazi": -5.3836461298150935,
      "ספרדי": -3.086835887801551,
      "בוכרים": -3.598098475646665,
      "edot": -4.136205208284161,
      "תורה": -5.3836461298150935,
      "תימני": -5.3836461298150935,
      "גמרא": -5.3836461298150935,
      "sfarad": -3.305923064436393,
      "שאמי": -5.3836461298150935,
      "jerusalem": -5.3836461298150935,
      "בחיפה": -4.555934207570913,
      "מזרחים": -3.598098475646665,
      "prayer": -4.358222956502528,
      "הודי": -4.407472116856252,
      "חברה": -5.3836461298150935,
      "מזרחית": -4.136205208284161,
      "המזרח": -3.948020539671817,
      "מעריב": -4.358222956502528,
      "knesset": -4.633267258442257,
      "minyan": -4.260596532788593,
      "קהל": -4.358222956502528,
      "baladi": -5.3836461298150935
    },
    "ashkenaz": {
      "ספרדים": -5.327217125636383,
      "לימוד": -4.351043112677541,
      "ליטאית": -4.079776204105451,
      "שיעור": -3.6838335462381133,
      "lubavitch": -5.327217125636383,
      "near": -4.6511865593845005,
      "teimanim": -5.327217125636383,
      "בלאדי": -5.327217125636383,
      "moroccan": -5.327217125636383,
      "עדה": -5.327217125636383,
      "תימן": -5.327217125636383,
      "shami": -5.327217125636383,
      "ספרד": -5.327217125636383,