{
  "vocab": [
    "בית",
    "אשכנזי",
    "כנסת",
    "אשכנז",
    "מניין",
    "נוסח",
    "אשכנזית",
    "תפילה",
    "תורה",
    "שיעור",
    "קהילה",
    "ליטאי",
    "ישיבה",
    "ליטאית",
    "ירושלים",
    "בתל",
    "אביב",
    "אשכנזים",
    "ashkenazi",
    "synagogue",
    "nusach",
    "ashkenaz",
    "minyan",
    "prayer",
    "litvish",
    "shul",
    "lithuanian",
    "beit",
    "knesset",
    "community",
    "jerusalem",
    "near",
    "me",
    "בחיפה",
    "קהל",
    "שחרית",
    "מעריב",
    "בירושלים",
    "גמרא",
    "חברה",
    "ספרדי",
    "ספרד",
    "המזרח",
    "עדות",
    "ספרדית",
    "מרוקאי",
    "מרוקאים",
    "מזרחית",
    "עדה",
    "מזרחים",
    "בוכרים",
    "הודי",
    "בוכרית",
    "sephardic",
    "sfarad",
    "mizrahi",
    "moroccan",
    "edot",
    "hamizrach",
    "sephardi",
    "ספרדים",
    "חב\"ד",
    "חסידי",
    "חסידים",
    "לובאביטש",
    "חסידית",
    "ניגון",
    "chabad",
    "house",
    "lubavitch",
    "hasidic",
    "תימני",
    "תימן",
    "שאמי",
    "בלאדי",
    "תימנית",
    "תימנים",
    "בלדי",
    "ירושלמי",
    "yemenite",
    "teimani",
    "baladi",
    "shami",
    "teimanim",
    "yeshivish",
    "לימוד"
  ],
  "idf": {
    "בית": 2.1296312862036912,
    "אשכנזי": 2.883403088580071,
    "כנסת": 2.2547944291576973,
    "אשכנז": 3.016934481204594,
    "מניין": 2.5649493574615367,
    "נוסח": 2.5649493574615367,
    "אשכנזית": 3.8642323415917974,
    "תפילה": 2.883403088580071,
    "תורה": 3.8642323415917974,
    "שיעור": 3.5765502691400166,
    "קהילה": 3.353406717825807,
    "ליטאי": 4.269697449699962,
    "ישיבה": 4.962844630259907,
    "ליטאית": 4.962844630259907,
    "ירושלים": 4.962844630259907,
    "בתל": 3.5765502691400166,
    "אביב": 3.5765502691400166,
    "אשכנזים": 4.962844630259907,
    "ashkenazi": 3.8642323415917974,
    "synagogue": 2.477937980471907,
    "nusach": 2.883403088580071,
    "ashkenaz": 3.1710851610318525,
    "minyan": 2.765620052923688,
    "prayer": 3.5765502691400166,
    "litvish": 3.8642323415917974,
    "shul": 2.477937980471907,
    "lithuanian": 4.962844630259907,
    "beit": 3.353406717825807,
    "knesset": 3.353406717825807,
    "community": 3.5765502691400166,
    "jerusalem": 4.962844630259907,
    "near": 3.8642323415917974,
    "me": 3.8642323415917974,
    "בחיפה": 3.8642323415917974,
    "קהל": 3.5765502691400166,
    "שחרית": 3.1710851610318525,
    "מעריב": 3.5765502691400166,
    "בירושלים": 3.5765502691400166,
    "גמרא": 4.962844630259907,
    "חברה": 4.962844630259907,
    "ספרדי": 3.353406717825807,
    "ספרד": 3.8642323415917974,
    "המזרח": 4.269697449699962,
    "עדות": 4.269697449699962,
    "ספרדית": 4.269697449699962,
    "מרוקאי": 4.269697449699962,
    "מרוקאים": 4.962844630259907,
    "מזרחית": 4.962844630259907,
    "עדה": 4.962844630259907,
    "מזרחים": 4.962844630259907,
    "בוכרים": 4.962844630259907,
    "הודי": 4.962844630259907,
    "בוכרית": 4.962844630259907,
    "sephardic": 3.8642323415917974,
    "sfarad": 3.353406717825807,
    "mizrahi": 4.269697449699962,
    "moroccan": 4.269697449699962,
    "edot": 4.962844630259907,
    "hamizrach": 4.962844630259907,
    "sephardi": 3.8642323415917974,
    "ספרדים": 4.962844630259907,
    "חב\"ד": 2.6602595372658615,
    "חסידי": 3.5765502691400166,
    "חסידים": 4.269697449699962,
    "לובאביטש": 4.269697449699962,
    "חסידית": 4.269697449699962,
    "ניגון": 4.962844630259907,
    "chabad": 3.1710851610318525,
    "house": 4.962844630259907,
    "lubavitch": 4.269697449699962,
    "hasidic": 4.269697449699962,
    "תימני": 3.1710851610318525,
    "תימן": 4.269697449699962,
    "שאמי": 3.353406717825807,
    "בלאדי": 4.962844630259907,
    "תימנית": 4.269697449699962,
    "תימנים": 3.8642323415917974,
    "בלדי": 4.962844630259907,
    "ירושלמי": 4.269697449699962,
    "yemenite": 3.1710851610318525,
    "teimani": 4.269697449699962,
    "baladi": 3.5765502691400166,
    "shami": 3.8642323415917974,
    "teimanim": 3.5765502691400166,
    "yeshivish": 4.962844630259907,
    "לימוד": 4.962844630259907
  },
  "classes": [
    "teimanim",
    "chabad",
    "sfarad",
    "ashkenaz"
  ],
  "class_probs": {
    "teimanim": -1.273965176145971,
    "chabad": -1.561647248597752,
    "sfarad": -1.3519267176156828,
    "ashkenaz": -1.3793256918037973
  },
  "feature_probs": {
    "teimanim": {
      "מרוקאים": -5.387780541377752,
      "עדות": -5.387780541377752,
      "תימני": -3.010318746506785,
      "house": -5.387780541377752,
      "edot": -5.387780541377752,
      "בחיפה": -5.387780541377752,
      "teimanim": -3.3653050873159396,
      "yeshivish": -5.387780541377752,
      "בתל": -4.602882497395619,
      "minyan": -4.061868004994038,
      "beit": -4.213564775068656,
      "קהל": -4.362357368065186,
      "ashkenaz": -5.387780541377752,
      "teimani": -3.7258075903965993,
      "ישיבה": -5.387780541377752,
      "בירושלים": -4.7490169160493085,
      "הודי": -5.387780541377752,
      "ספרדים": -5.387780541377752,
      "גמרא": -5.387780541377752,
      "ירושלים": -5.387780541377752,
      "ספרדי": -5.387780541377752,
      "קהילה": -4.403194593994508,
      "ספרד": -5.387780541377752,
      "מעריב": -4.362357368065186,
      "מזרחית": -5.387780541377752,
      "לובאביטש": -5.387780541377752,
      "אשכנזי": -5.387780541377752,
      "מניין": -4.116630693093025,
      "yemenite": -3.086722484751474,
      "בית": -4.13943593838373,
      "hasidic": -5.387780541377752,
      "synagogue": -3.8366272594011557,
      "שאמי": -3.0909702993642085,
      "תימנית": -3.7258075903965993,
      "שיעור": -5.387780541377752,
      "chabad": -5.387780541377752,
      "נוסח": -3.356201452810051,
      "me": -5.387780541377752,
      "תפילה": -4.163171367077423,
      "חסידי": -5.387780541377752,
      "near": -5.387780541377752,
      "nusach": -3.282609397960572,
      "sephardic": -5.387780541377752,
      "ניגון": -5.387780541377752,
      "ליטאי": -5.387780541377752,
      "תימן": -3.9521549512344745,
      "מזרחים": -5.387780541377752,
      "בלדי": -4.140339619846818,
      "בוכרים": -5.387780541377752,
      "עדה": -5.387780541377752,
      "lubavitch": -5.387780541377752,
      "shami": -3.471395056895347,
      "בלאדי": -3.6022328872093228,
      "litvish": -5.387780541377752,
      "lithuanian": -5.387780541377752,
      "חסידים": -5.387780541377752,
      "אביב": -4.602882497395619,
      "ליטאית": -5.387780541377752,
      "תורה": -5.387780541377752,
      "בוכרית": -5.387780541377752,
      "moroccan": -5.387780541377752,
      "mizrahi": -5.387780541377752,
      "חב\"ד": -5.387780541377752,
      "ashkenazi": -5.387780541377752,
      "אשכנז": -5.387780541377752,
      "community": -4.362357368065186,
      "תימנים": -3.2978410515391117,
      "jerusalem": -5.387780541377752,
      "לימוד": -5.387780541377752,
      "sephardi": -5.387780541377752,
      "shul": -4.141340957556374,
      "כנסת": -4.098384407654452,
      "knesset": -4.213564775068656,
      "ספרדית": -5.387780541377752,
      "חסידית": -5.387780541377752,
      "שחרית": -4.437845159691548,
      "אשכנזית": -5.387780541377752,
      "אשכנזים": -5.387780541377752,
      "hamizrach": -5.387780541377752,
      "baladi": -3.2893822523269116,
      "prayer": -3.866835043406586,
      "מרוקאי": -5.387780541377752,
      "המזרח": -5.387780541377752,
      "sfarad": -5.387780541377752,
      "חברה": -5.387780541377752,
      "ירושלמי": -3.3856863818898972
    },
    "chabad": {
      "מרוקאים": -5.222518652847881,
      "עדות": -5.222518652847881,
      "תימני": -5.222518652847881,
      "house": -3.9750777313169476,
      "edot": -5.222518652847881,
      "בחיפה": -4.146794247918114,
      "teimanim": -5.222518652847881,
      "yeshivish": -5.222518652847881,
      "בתל": -4.437620608865749,
      "minyan": -3.8966061164641665,
      "beit": -4.472139781475043,
      "קהל": -4.197095479535315,
      "ashkenaz": -5.222518652847881,
      "teimani": -5.222518652847881,